 0.00000000e+00 0.00000000e+00 0.00000000e+00 0.00000000e+00 0.00000000e+00 1.37000000e+01
 -2.03081237e+00 2.99896005e-01 -2.04074112e-02 2.84357106e-01 2.24661510e+04 1.36748933e+01
 -3.34000202e-01 5.97708709e-01 -1.08957633e+00 6.21058321e-01 -7.40150818e+03 1.36950832e+01
 8.11305404e+00 9.56215249e-01 8.93764107e-01 -3.11121308e-01 -2.02723817e+03 1.38130175e+01
 -1.28302727e+01 1.23128619e+00 6.60585919e-01 -4.99162063e-01 1.08805583e+04 1.35459406e+01
 -1.81055396e+00 -4.06138764e-01 5.20988893e-01 9.26578469e-01 2.67764854e+04 1.36755457e+01
 -1.05646353e+01 3.79761555e-01 -1.29460973e+00 -3.07039038e-01 -7.35897529e+03 1.35733739e+01
 -2.17334411e+00 -6.26123348e-01 -2.42257419e-01 2.98925033e-01 -4.07929969e+04 1.36597264e+01
 -3.72233427e+00 8.86588976e-02 5.15726741e-02 2.63534839e-01 -2.30078647e+04 1.36535690e+01
 -9.36991902e+00 2.83323078e-01 -1.33088878e+00 -2.81973627e-01 -1.18537590e+04 1.35757426e+01
 -1.11912019e+01 -4.70584085e-01 9.18566619e-03 5.69805989e-01 -2.99556540e+04 1.35314076e+01
 5.91775339e+00 6.97792401e-01 -1.33888833e+00 -4.19790118e-01 9.89000441e+03 1.37798661e+01
 1.96760736e+00 -3.85158479e-01 -1.59540731e-01 -8.47762935e-01 9.71125134e+03 1.37345282e+01
 -4.28299533e+00 -2.58543045e-01 -2.96422160e-02 -1.75107616e-01 -2.20538305e+02 1.36214296e+01
 -2.53580887e+00 3.06258507e-01 2.01706238e+00 -4.18928494e-01 1.52844019e+03 1.36557978e+01
 1.56039411e+00 2.81928567e-01 5.63782477e-01 -1.95261175e-01 1.84466186e+04 1.37307482e+01
 7.19479524e+00 -7.33410452e-02 -4.40472472e-01 8.64612248e-01 7.15985633e+03 1.37684178e+01
 3.52226420e+00 3.83946729e-01 -3.95095601e-01 -4.95556159e-01 -9.78386625e+03 1.37496886e+01
 -5.27663105e+00 -1.14620324e-01 -1.22735870e+00 3.20731896e-01 8.21613220e+03 1.36326792e+01
 7.40045739e+00 8.59439931e-01 -1.14381945e+00 -2.42064193e-01 1.17165120e+02 1.37970926e+01
 2.08595605e+01 -3.17388856e-01 -6.63445268e-01 3.47205691e-01 3.96564314e+04 1.40025991e+01
 1.22477483e+01 5.68717772e-01 -9.49391602e-01 8.09952799e-02 -3.21216719e+03 1.38586565e+01
 3.11849916e+00 2.19122734e-01 6.53372932e-01 2.06512748e-01 4.19280224e+02 1.37544159e+01
 1.15402888e+01 -2.42678641e-01 -1.47735727e+00 3.37242207e-02 -2.93026988e+04 1.38579157e+01
 2.97864617e+00 -1.22564342e+00 2.58341640e-01 3.94562437e-01 -2.20712913e+04 1.37398471e+01
 -1.75657640e+01 5.27219846e-01 -7.05994343e-01 9.67779098e-02 -1.32925837e+04 1.34647780e+01
 -3.44967101e+00 1.23909397e+00 -4.69147865e-01 -3.16228014e-01 6.84425571e+03 1.36544177e+01
 8.29486339e+00 6.23474312e-01 7.32323266e-01 -5.33431019e-01 5.26105130e+02 1.38075969e+01
 -6.26983139e+00 1.12659439e+00 1.29502982e+00 -6.04029831e-01 -1.66341505e+03 1.36009419e+01
 9.14499042e+00 1.14665033e+00 -1.34679294e+00 -1.54833010e-01 4.95646034e+03 1.38266363e+01
 1.27130228e+01 1.73404078e-02 -1.31466778e-01 5.55380821e-01 1.48192462e+04 1.38353645e+01
 8.13227158e+00 -2.16479003e-01 3.15638125e+00 -6.12865312e-01 2.68379843e+04 1.38064230e+01
 1.94895590e+01 -1.49880824e+00 -2.53019456e+00 5.85931710e-01 2.43058906e+04 1.39617379e+01
 1.28604495e+00 3.97612001e-01 2.52041127e-01 1.48169108e-01 7.01368728e+03 1.37077895e+01
 -1.11519492e+01 1.64728511e-01 1.45812050e+00 -2.87716422e-01 -7.86410496e+03 1.35352822e+01
 -3.38435206e+00 -2.02603939e-01 3.49416397e-01 6.34050500e-01 -3.39923012e+04 1.36702203e+01
 1.11729279e+00 2.16967451e-01 -1.21662412e+00 -3.70828778e-01 6.76021541e+03 1.37016730e+01
 1.84735556e+01 5.91048895e-01 -1.91248629e+00 2.72996248e-01 -5.86895912e+01 1.39773598e+01
 -1.00467277e+00 -5.12390747e-02 -1.39452890e+00 -2.23109647e-02 1.82669217e+04 1.37115434e+01
 6.44444032e+00 7.26244861e-01 1.65516440e+00 -4.98819776e-01 -1.65488060e+04 1.37820611e+01
 2.26066254e+01 -2.39374769e-01 1.48884776e+00 5.37960274e-01 3.72762849e+03 1.40033903e+01
 5.70133433e+00 4.93811718e-01 1.02978038e+00 6.97191858e-01 -9.24325819e+02 1.37948651e+01
 3.38295568e+00 -2.33906802e-01 8.54942096e-01 -3.93058806e-01 4.31887419e+03 1.37378791e+01
 1.22097136e+01 4.12787519e-01 -8.30932150e-01 -4.16996874e-01 -6.46674796e+03 1.38630420e+01
 -1.76808508e+01 3.54968805e-01 4.34326828e-01 1.20125078e+00 6.05733328e+03 1.34361113e+01
 1.86731993e+00 -3.33320100e-01 4.08576558e-01 -8.21803268e-01 -1.33066913e+04 1.37332945e+01
 1.92065577e+01 2.05173265e-01 2.83706356e-01 2.70334232e-01 -1.04683378e+04 1.39524112e+01
 1.04783050e+01 -1.05254468e+00 3.35277878e+00 1.79385019e-01 5.91832573e+03 1.38201995e+01
 -1.01116915e+01 2.20196998e-01 1.60028835e+00 1.91547186e-01 -5.50427189e+03 1.35535738e+01
 -4.80258691e+00 1.20777126e-01 -1.43499990e-01 -2.02420268e-02 1.37941351e+04 1.36273370e+01
 1.18204864e+01 -2.73641926e-01 7.66614432e-01 -1.18208225e+00 1.39053075e+04 1.38603759e+01
 -5.26022028e+00 6.79804302e-01 1.77644668e-01 -3.16309568e-01 3.76536292e+03 1.36188980e+01
 1.18875481e+01 2.67059571e-01 -2.22791168e-01 -5.12557018e-01 -2.12623596e+03 1.38796561e+01
 -3.44289429e+00 2.09786073e-03 1.35366912e+00 -2.75140332e-01 -2.36346640e+04 1.36657979e+01
 1.16684242e+01 -3.40626149e-01 3.42614566e-01 5.08508547e-03 3.42971020e+04 1.38649747e+01
 -2.85263975e+00 -1.03805054e+00 -2.85460882e-01 2.64947799e-01 3.26714272e+04 1.36661516e+01
 3.37056304e+00 -5.28506420e-01 -3.44107911e-01 -5.01805246e-01 3.27254868e+04 1.37132293e+01
 1.20849714e+00 -1.34053703e-01 -3.10845712e-01 -3.63367765e-01 2.07088981e+04 1.37063410e+01
 1.68669087e+01 4.52063011e-01 2.89929198e+00 5.60127055e-01 2.57463795e+04 1.39431638e+01
 8.40475905e+00 -6.84425274e-01 1.29287461e-01 -1.14016786e+00 9.80738205e+03 1.38305412e+01
 -1.48010208e+01 5.99880323e-03 -7.22490302e-01 6.73047493e-01 1.54622485e+04 1.35152679e+01
 9.76086197e+00 1.10012782e-03 7.13144338e-01 -2.39312120e-01 7.69648404e+02 1.38280757e+01
 1.85942101e+01 8.65257125e-02 -6.54924522e-01 -6.51864302e-01 2.41775119e+04 1.39499513e+01
 4.00156767e-01 -2.39928494e-01 -5.06606799e-01 -1.74046221e-01 -5.22615680e+03 1.37134866e+01
 2.02487968e+00 -2.42354388e-01 2.94194399e+00 -5.11381765e-01 -1.68761797e+04 1.37060662e+01
 -1.98317924e+00 -6.71487694e-01 1.62644847e+00 2.68722662e-01 3.11059289e+04 1.36651579e+01
 1.89193313e+01 -8.87119886e-02 3.02369948e-01 1.04337924e-01 5.56825898e+01 1.39549865e+01
 1.02988505e+01 2.52892035e-01 -1.50928932e+00 -1.29986808e-02 -8.42320458e+03 1.38284044e+01
 6.41241369e+00 -1.44266716e-01 -1.00862480e+00 1.08068791e-01 1.85358251e+02 1.37846883e+01
 -8.81991009e+00 1.04744468e+00 -2.71877097e+00 7.49645976e-01 3.74038449e+04 1.35926791e+01
 5.31765140e-01 1.25997324e-01 -4.75019416e-01 -4.68547504e-01 1.95737016e+04 1.37110163e+01
 7.20742120e+00 4.34214750e-01 -1.24046350e+00 2.60892081e-01 5.83953662e+03 1.38046852e+01
 8.17963831e+00 1.58878104e-01 -8.88603919e-01 -2.18896431e-01 1.29192313e+04 1.38162432e+01
 -7.05408886e+00 5.66220653e-01 -1.92924874e+00 -1.01229151e-01 -1.53663005e+04 1.35980914e+01
 5.00703853e+00 -4.48725452e-01 -6.93538139e-01 -2.78048013e-01 2.15054172e+03 1.37492325e+01
 -1.66809923e+01 -7.35629817e-01 -3.43312392e-01 -4.28101055e-01 1.80905834e+04 1.34681795e+01
 3.39513594e+01 -7.03091776e-03 4.32943168e-01 3.31070741e-01 1.09602927e+04 1.41312233e+01
 -8.96262583e-01 3.05684483e-01 2.40477972e-02 -5.78267764e-02 4.42335419e+03 1.36820915e+01
 -1.49994107e+01 1.87259647e-01 -1.93687042e-01 7.52719548e-01 3.35427898e+04 1.34796349e+01
 1.20992425e+01 7.50159851e-02 -9.48181976e-01 4.46116262e-01 3.87043614e+04 1.38363376e+01
 5.42055943e+00 3.97333094e-01 -3.17123062e-01 -3.99531589e-01 1.01979790e+04 1.37746607e+01
 2.99955405e+01 -1.06520951e-02 3.03139883e-01 1.36643665e-01 2.30061446e+04 1.41026837e+01
 -2.47507655e+00 -8.46645146e-02 -2.50583094e-01 6.56910805e-02 1.21838272e+04 1.36446951e+01
 -2.00227026e+00 -1.04220356e+00 6.31131108e-02 -5.90552899e-01 1.27644998e+04 1.36771273e+01
 1.50112303e+01 1.10377155e-01 -3.39415502e-01 6.23169769e-01 -2.47688412e+04 1.39214929e+01
 8.98813296e+00 3.68428130e-01 -4.58315772e-02 -1.95540306e-02 1.91357796e+04 1.38300632e+01
 -8.75546143e+00 -4.53980775e-01 -1.38419466e+00 -6.71322811e-02 2.57423291e+03 1.35834153e+01
 5.93705383e-01 3.27200197e-01 -4.92492818e-01 -5.07025961e-03 2.46592169e+04 1.36966572e+01
 -1.17754388e+01 -7.82329752e-02 -4.73378439e-01 -7.14229511e-01 6.11754020e+03 1.35572597e+01
 -1.35736332e+01 6.93166731e-01 -1.50746629e+00 2.44310728e-01 -5.69877146e+03 1.35059747e+01
 -3.43812543e-01 -1.01075375e-01 5.39060430e-01 6.78898715e-01 -2.26071590e+04 1.37032396e+01
 -1.14825197e+01 5.86384517e-01 -8.20732004e-01 2.22472494e-01 -9.01951067e+03 1.35585813e+01
 -2.98791480e+00 -6.11725341e-01 -7.84475693e-01 -4.68112106e-01 4.61882575e+03 1.36477726e+01
 -5.98620285e+00 -5.49982519e-01 2.11760676e-01 5.22820291e-01 1.80243277e+04 1.36278489e+01
 2.63931351e+00 -5.22740339e-01 1.47260691e+00 5.33977762e-01 2.86346852e+03 1.37378521e+01
 8.01075872e+00 -4.15324900e-01 -1.47415417e+00 -1.08534684e-01 2.14810122e+04 1.38023656e+01
 1.49952036e+01 -2.35401611e-01 1.32761756e+00 -2.45871511e-01 -6.70170013e+03 1.38863589e+01
 -6.44222860e+00 -8.63231249e-01 -7.26605568e-01 -1.93593136e-02 -7.32873908e+03 1.36145935e+01
 -1.28125179e+01 3.37241074e-01 -1.08799788e+00 -7.76180556e-01 7.52748365e+03 1.35350017e+01
 3.08157231e+00 -4.84150787e-01 4.17811304e-01 4.19401271e-01 -1.46254821e+04 1.37364355e+01
 1.22149137e+01 -6.28424710e-01 -1.48783348e+00 -8.85748056e-01 7.02135002e+03 1.38475999e+01
 1.32725537e+01 4.30250386e-01 -1.01420189e+00 -2.51349046e-01 2.03622418e+04 1.38897647e+01
 -1.04858491e+01 -1.79999470e-01 1.80760700e+00 9.68604546e-01 -1.12045164e+04 1.35761934e+01
 1.53962710e+01 1.90734692e-01 -1.01409373e+00 4.42861206e-01 1.18275883e+04 1.38944227e+01
 -1.11835855e+01 1.29261855e+00 1.12504882e+00 2.05842575e-01 4.68224784e+03 1.35624067e+01
 1.62652562e+01 -9.73520087e-01 4.92233564e-02 -1.12097362e-01 1.42044088e+04 1.39196754e+01
 4.66953256e+00 3.38544838e-01 1.27378895e+00 3.53249051e-01 -1.39000064e+04 1.37472045e+01
 -1.43303856e+01 -1.69940171e-01 1.43852649e+00 -8.72888122e-01 2.02568453e+03 1.35012316e+01
 -1.47228606e+00 3.19164480e-01 4.51918854e-01 5.73797564e-01 -3.16393908e+04 1.36773350e+01
 -1.04494035e+01 -6.98679088e-01 -5.60249647e-02 -4.40647860e-01 -2.55877004e+04 1.35525240e+01
 3.02659657e+00 7.43830960e-01 1.48482520e-01 3.03309096e-01 -2.24974453e+03 1.37418689e+01
 -1.79746537e+01 7.39921083e-01 -1.59877563e+00 -1.06772496e-01 -1.01710297e+04 1.34314642e+01
 1.60411652e+01 1.44869434e+00 1.45171840e+00 4.61760406e-03 3.97514473e+04 1.39195702e+01
 -3.86452235e+00 -1.93028808e-01 2.82218301e+00 -4.49804002e-01 2.62640996e+04 1.36509293e+01
 -9.67236036e+00 1.70304951e-01 -4.78746311e-02 3.86491579e-01 -2.73075077e+04 1.35813248e+01
 9.85459972e+00 -9.47434531e-02 1.14656339e+00 1.90224545e-01 1.40255346e+04 1.38214207e+01
 5.39153933e-02 -1.84821339e-02 4.06584594e-01 1.11079935e+00 -2.73921405e+04 1.37041804e+01
 7.05153228e+00 3.95536713e-01 -1.63087175e+00 -1.73692709e-01 4.61854403e+03 1.37860121e+01
 1.75916366e+00 -8.24744056e-01 1.08844838e+00 6.58798849e-01 -1.02141102e+04 1.37393191e+01
 1.51845531e+01 1.19952924e+00 -2.05495948e-01 -4.18013853e-01 1.34342717e+04 1.38800773e+01
 -1.27343313e+01 -9.37445171e-01 -9.75412413e-01 -2.04931411e-01 -3.86840658e+04 1.35193147e+01
 -1.98525462e+00 -1.48102632e-01 8.85873165e-01 9.37240098e-03 1.03593861e+04 1.36923404e+01
 -6.29063145e+00 -1.74194851e-01 4.28525764e-01 -5.24980976e-02 3.02726461e+04 1.36193553e+01
 7.91020718e+00 4.23869755e-02 -1.43722416e+00 3.17797153e-01 -1.06309838e+04 1.38050549e+01
 2.95013644e-01 1.63863712e-01 1.80688829e-01 1.79792282e-01 -6.38568930e+03 1.37110508e+01
 -1.69299992e+01 1.91795618e-01 6.83674293e-01 6.86615940e-02 1.91119237e+03 1.34703810e+01
 -2.08244999e+00 2.31944222e-02 -2.25466989e+00 6.89918846e-01 1.99992048e+04 1.36366319e+01
 3.86866995e+00 -6.75915919e-03 1.83869486e-01 3.26026787e-02 -9.33250750e+03 1.37566416e+01
 8.28289226e+00 4.51041636e-01 -5.34461631e-01 9.37428383e-02 -1.71749998e+04 1.38379591e+01
 -4.81487688e+00 6.57730379e-01 4.25281735e-01 4.25124762e-02 1.87704342e+04 1.36085903e+01
 -2.51951519e+01 2.02197551e-01 -1.83860236e+00 -1.28188404e-01 -2.75555321e+04 1.33458883e+01
 5.98746507e+00 1.63495791e-01 1.11671162e+00 2.64575148e-01 -1.44459884e+04 1.37929138e+01
 -2.87200300e+01 -8.14416236e-01 1.86808707e+00 4.67816981e-01 -2.26828525e+04 1.33283133e+01
 5.62570953e+00 -4.22529250e-01 2.12716725e-01 4.05320367e-01 2.70147133e+04 1.37729518e+01
 7.74447698e+00 7.47740469e-01 1.06736569e+00 -3.82959552e-01 1.92929253e+04 1.38083156e+01
 -2.69390571e+00 -1.16077708e-01 -5.74340618e-01 1.45059560e-01 2.85176168e+03 1.36551909e+01
 1.40061406e+01 3.71085510e-01 -1.47314497e+00 -1.01801079e-01 -3.69897235e+03 1.38761328e+01
 -5.04476679e+00 -1.98116182e-01 2.47241342e-01 -3.55019969e-02 1.84555421e+03 1.36540101e+01
 8.84548503e+00 2.10340908e-02 1.42875057e+00 -4.59336726e-01 -9.51138882e+03 1.38348686e+01
 2.18040941e+01 -1.89249210e-01 -1.21981697e+00 2.84457623e-01 1.44283911e+04 1.40068267e+01
 -1.06134395e+01 5.45666495e-01 -1.27374971e+00 -1.03048207e-01 4.71768618e+03 1.35654567e+01
 -1.16407059e+00 8.18471192e-03 -1.06678634e+00 -3.31012136e-01 -2.69653151e+03 1.37095126e+01
 -9.04971399e+00 -4.72400590e-01 2.66044205e+00 5.09037569e-01 1.50262671e+04 1.35689850e+01
 3.68068151e+00 8.23079496e-01 1.89752460e+00 -6.09020566e-02 2.69599196e+04 1.37485642e+01
 -8.23165139e-01 2.97852567e-01 3.94930632e-01 3.37859938e-01 -1.59244305e+04 1.36785128e+01
 -4.15872889e+00 -4.08517169e-01 3.00636041e-01 -3.54723578e-01 -1.17143875e+04 1.36632329e+01
 6.90505665e-01 5.30088654e-01 6.63304929e-01 2.06843504e-01 1.13985491e+04 1.36894167e+01
 -1.18340360e+01 2.10480324e-01 -2.62227246e+00 2.96747245e-01 8.65079874e+03 1.35455726e+01
 1.13555183e+01 1.32692725e-02 -5.13696611e-01 6.01242259e-01 1.25136412e+03 1.38302416e+01
 -4.58626919e+00 3.91619283e-01 -1.30134248e-01 -2.29560539e-01 9.90908162e+03 1.36422575e+01
 -8.78759196e+00 5.98783661e-01 -1.99125857e-01 -5.74580379e-01 -7.55911606e+03 1.35712634e+01
 -1.23238489e+01 5.17113930e-01 -2.83537270e-01 -1.79034682e-01 2.71248726e+04 1.35636664e+01
 -2.98751689e+00 1.61525671e-02 -7.95220839e-01 6.74992505e-01 9.12256294e+03 1.36501980e+01
 -3.65037914e+00 -7.27342505e-01 1.12223629e+00 1.17953334e-01 1.89537170e+03 1.36613174e+01
 4.30345857e+00 1.23633139e-01 -2.68627912e+00 -3.91051211e-01 5.41411841e+03 1.37414760e+01
 -9.87585745e-01 2.41801916e-01 -1.67826854e-01 7.70387459e-01 -2.84701010e+04 1.36889061e+01
 1.40903313e+01 -4.04805783e-01 1.79242057e+00 3.68326834e-01 5.75906847e+04 1.38891163e+01
 -9.66543472e+00 -1.74699016e-01 -2.03860059e+00 -2.40965892e-01 -2.82496119e+03 1.35670041e+01
 5.23871629e+00 -3.37627330e-01 -2.14771043e+00 6.52028956e-02 -7.62547367e+03 1.37995141e+01
 -1.60837615e+01 3.15015223e-01 -7.99128776e-01 3.12348096e-01 -7.56929590e+03 1.34614734e+01
 -4.52304845e+00 -8.06326599e-01 1.26709486e+00 7.64917639e-01 -1.65756504e+04 1.36267677e+01
 -1.17056474e+01 5.32681308e-01 2.25412962e+00 8.02315851e-01 -1.14655529e+04 1.35453370e+01
 -1.24675506e+01 -4.16564008e-01 -2.36569249e-01 -1.24103590e-01 -2.78514599e+04 1.35532793e+01
 -9.25462224e+00 -1.71724406e-01 -2.77699822e-01 -6.97702501e-02 1.06833630e+04 1.35804978e+01
 -2.66620596e+01 3.41743844e-01 -3.00353194e-01 -6.02952716e-01 -2.67124205e+04 1.33342969e+01
 1.29599665e+01 6.00180957e-01 6.58459503e-01 2.03078823e-01 -5.00383419e+03 1.38898145e+01
 9.04045914e+00 4.82143889e-03 -4.28799192e-01 -3.39732734e-01 -1.32844937e+04 1.38346760e+01
 -1.31254857e+00 -3.50022628e-01 2.42495348e-01 -4.58387584e-01 5.17825625e+04 1.37044734e+01
 2.45072171e+00 -2.84889080e-01 1.22685261e+00 3.06290474e-01 6.84734144e+03 1.37404498e+01
 1.07490103e+01 3.71234404e-02 1.31771240e+00 4.86275674e-01 1.52584369e+04 1.38316635e+01
 2.23540936e+01 -5.49001882e-01 2.19961972e-01 9.91928671e-01 1.42963415e+04 1.39917775e+01
 2.19466436e+01 5.27600853e-01 -1.14008549e+00 4.90620600e-01 -2.23455579e+04 1.39908255e+01
 -1.78760285e+01 7.84659314e-01 2.99243603e+00 -4.28131898e-01 -1.48974045e+03 1.34580998e+01
 -1.84936603e+01 6.50628817e-01 3.47688796e-01 -4.48025417e-02 -5.13834205e+03 1.34523679e+01
 2.31511338e+01 -4.10184860e-01 1.52849245e+00 3.86217763e-01 8.00898059e+02 1.40058697e+01
 9.50579401e+00 -1.97915502e-01 -2.48676534e+00 -2.67260924e-01 -6.30025001e+03 1.38299388e+01
 -1.02499634e+00 2.68118450e-01 -3.57202340e-01 -2.21156513e-01 1.31018505e+04 1.36829830e+01
 8.05335782e+00 -3.79098646e-01 6.62458166e-01 9.50945060e-01 -7.47561273e+03 1.38110248e+01
 1.05818092e+01 3.45538019e-01 8.93940727e-01 4.82597251e-02 -2.33177078e+03 1.38450482e+01
 2.88923449e+01 3.57914733e-01 -1.52010125e+00 -9.02074825e-02 7.22844426e+03 1.40676501e+01
 1.71791235e+01 -2.48372890e-01 4.24669058e-01 1.06832148e-01 4.49210603e+04 1.39352765e+01
 -1.08486951e+01 -2.27590163e-01 -2.03291071e+00 2.47527087e-01 4.41045121e+04 1.35591106e+01
 -1.81569596e+01 1.20822254e-01 2.33971746e+00 3.81533724e-01 -4.01946864e+03 1.34576457e+01
 -1.57702961e+01 -2.48434302e-01 6.90953889e-01 6.90921322e-01 -6.73884776e+03 1.34450032e+01
 8.27577718e-01 1.50059527e-01 4.42355149e-01 -4.76582068e-02 -1.86542789e+04 1.36999033e+01
 3.29760159e+00 -2.36378726e-01 -1.04223307e+00 6.27409059e-02 7.27250259e+03 1.37461882e+01
 8.05783689e+00 1.55428895e-01 5.25080324e-01 -2.19587943e-01 -1.91426247e+04 1.37961737e+01
 3.28192245e+00 -4.04220002e-01 2.06637651e+00 1.00304051e-01 1.84548355e+04 1.37243134e+01
 -3.39964056e+00 -6.19243800e-01 6.23083417e-01 -2.03168768e-01 -1.45618030e+04 1.36402408e+01
 -1.60329637e+01 -6.25698812e-01 2.39951805e+00 -2.69026439e-01 -8.93379429e+03 1.34739718e+01
 -2.13335139e+01 4.33825167e-01 -6.77800493e-01 6.02841161e-01 2.73468014e+04 1.34148565e+01
 3.77498060e-01 -1.10303303e+00 2.69107823e-01 5.77322276e-01 1.46080414e+04 1.37053705e+01
 -2.44177322e+01 -1.22070080e+00 3.04181232e-01 -2.56617593e-01 8.35234603e+02 1.33793970e+01
 -1.88404473e+01 9.22056666e-01 8.60546363e-01 4.66807389e-01 1.46978064e+04 1.34226258e+01
 -1.81199455e+01 6.37561630e-02 6.29541507e-02 8.40131012e-02 4.96741351e+03 1.34360094e+01
 -1.17653272e+01 2.34288346e-01 -1.74432613e+00 1.67975504e-01 6.78991229e+03 1.35247942e+01
 6.28473426e+00 4.99309011e-02 -2.15835116e+00 -1.68143832e-02 -2.53382942e+04 1.37862152e+01
 6.62121094e+00 -6.81644819e-01 1.35189278e+00 3.66697021e-01 1.68083218e+03 1.37984412e+01
 -1.37567599e+01 1.22170630e+00 -6.89697394e-01 -6.75643388e-02 -9.46088688e+02 1.35141190e+01
 -1.92372670e+01 6.08351698e-03 4.98642145e-01 4.92265510e-01 9.31261065e+03 1.34255676e+01
 -5.46226688e+00 -3.41700484e-01 3.79523301e-01 -2.85832334e-01 -2.48196969e+04 1.36205837e+01
 -1.09822900e+01 4.36042355e-01 -1.83357475e-01 -7.98562138e-02 5.89015847e+03 1.35774927e+01
 -7.11831407e+00 5.44528379e-01 5.89928611e-01 -6.51265793e-02 -9.51632510e+03 1.35773853e+01
 -6.51569693e+00 -3.71772936e-01 -2.16210851e-01 5.36843555e-01 -2.55783986e+04 1.36240789e+01
 -1.29378491e+01 3.52364525e-02 -4.07812939e-01 -3.75724076e-01 -1.34659670e+04 1.35208013e+01
 1.48597553e+01 -6.46705022e-01 -1.15742192e+00 -2.71297548e-01 5.61437025e+03 1.39228252e+01
 2.64048248e+01 -5.81033857e-01 6.37083394e-01 5.34874949e-01 1.79637197e+04 1.40478619e+01
 1.90749418e+01 7.94888527e-02 2.58282756e-01 -1.82670287e-01 -2.34050742e+04 1.39663780e+01
 8.78713242e+00 -9.29753792e-01 1.71538634e+00 -1.77126836e-01 8.40506644e+03 1.38139685e+01
 -1.40583386e+01 1.45551479e-01 1.68103752e+00 -9.05169988e-01 -4.19557943e+03 1.34938658e+01
 8.53430079e+00 1.69807838e-01 1.48793858e+00 6.40354093e-01 7.19582515e+02 1.38196248e+01
 5.71816731e+00 -5.21282801e-01 -8.06696857e-01 2.06764125e-01 1.64352549e+04 1.37953481e+01
 -2.32837007e+01 -2.00797312e-01 8.47554004e-01 6.02061298e-02 1.20394955e+04 1.33834180e+01
 -3.39112690e+00 -5.07077399e-01 -1.60881007e+00 2.40709926e-01 3.57445206e+04 1.36265465e+01
 -1.18431996e+00 5.62869931e-01 -5.75709943e-01 3.27981019e-01 -2.87366880e+04 1.36966157e+01
 1.12519889e+00 -3.27446607e-01 1.73468708e+00 4.06346587e-02 1.78133349e+04 1.37402954e+01
 4.08189777e+00 -1.64506737e-01 -5.77142442e-01 3.35423551e-01 1.45299009e+04 1.37677487e+01
 -1.56290869e+01 -8.39288256e-02 9.54526508e-01 4.28191158e-01 5.13129136e+03 1.34820242e+01
 -1.12828032e+01 -4.94390522e-01 -5.68784522e-01 -3.35492650e-01 -8.96045268e+03 1.35463290e+01
 9.94133703e+00 -9.55669519e-01 4.85826712e-01 2.58829561e-01 -9.66990477e+03 1.38354756e+01
 2.73895460e+00 1.21668136e+00 1.39019071e+00 -7.80835652e-01 -1.27570921e+04 1.37379300e+01
 -3.03570643e+00 -1.02712557e-02 -8.13165833e-01 -4.98287532e-01 -9.01897118e+03 1.36558771e+01
 1.20378436e+01 2.49412670e-01 -3.10948814e+00 -6.26775082e-01 -7.86413583e+03 1.38590316e+01
 -3.02852584e+00 -3.33413961e-01 -6.51928232e-01 -1.24472929e-01 -1.18957187e+04 1.36398482e+01
 4.38645694e+00 -5.86421217e-01 1.17089037e-01 3.74666205e-02 -5.54442685e+03 1.37557746e+01
 -1.66214708e+01 1.14878883e-01 -1.56586697e+00 9.50532785e-02 -9.01495609e+03 1.34728434e+01
 4.86088502e+00 3.71383993e-01 2.75100657e-01 6.37760795e-01 6.48164688e+01 1.37767399e+01
 1.27234659e+01 -6.61295263e-01 -5.76703369e-01 -4.90425382e-01 1.76280410e+03 1.38571782e+01
 1.52813725e+01 -8.05108580e-01 -1.08109167e+00 -8.29865770e-02 1.06838987e+04 1.39128187e+01
 7.79813305e+00 -2.71075593e-01 1.30169522e+00 6.56706087e-02 3.62388685e+04 1.38096571e+01
 -3.46768012e+00 -2.54577953e-01 -3.17990449e-01 7.50521986e-02 8.38330788e+03 1.36408211e+01
 -1.00642489e+01 3.20407281e-01 1.24734761e+00 2.73228494e-01 1.62825765e+04 1.35895163e+01
 -4.54793337e+00 3.54911703e-01 -2.13810407e+00 -2.22435313e-01 9.04939471e+03 1.36561994e+01
 1.43352741e+01 2.10070836e-01 1.64960918e+00 -4.52444973e-01 -6.28371654e+03 1.39066926e+01
 -8.76537702e+00 3.45624246e-01 8.83994707e-01 2.61913585e-01 -2.56436484e+04 1.35729061e+01
 4.94139334e+00 -6.51193919e-01 1.26960634e+00 9.98036680e-02 -2.93490055e+04 1.37623869e+01
 5.23086715e+00 -1.13031952e+00 -4.32818148e-01 1.25944337e-01 -1.18773311e+04 1.37787176e+01
 -8.19187877e+00 -1.05357118e+00 -2.27712201e-01 -2.68538645e-02 -2.57199305e+04 1.35976973e+01
 -7.54962688e+00 -1.19237884e+00 -9.30905885e-01 2.43679911e-01 1.30404359e+03 1.36035787e+01
 1.83249302e+01 -5.52050818e-01 1.50875177e+00 -6.14658895e-01 -1.62271260e+03 1.39583805e+01
 -2.56038615e+01 -9.32142157e-01 2.79332059e-01 -2.20767346e-01 1.15795796e+04 1.33529894e+01
 -7.05308488e+00 -3.84198582e-01 -1.35302742e+00 3.53207142e-01 2.05795621e+03 1.36006953e+01
 4.19856442e+00 -3.40156208e-01 -7.94275759e-01 4.32422497e-02 -3.67551894e+04 1.37495902e+01
 -5.34373276e+00 -5.08738703e-01 -1.57921758e+00 -3.65610245e-01 3.01817460e+04 1.36353109e+01
 -9.09843837e+00 -2.47524784e-01 -1.88844455e+00 -6.17163089e-02 -1.89446547e+04 1.35679322e+01
 -1.39442236e+01 -3.34373192e-01 -1.31378602e+00 -3.37788848e-01 -2.25502806e+03 1.35123583e+01
 -1.11808368e+01 -2.28696056e-01 6.67900162e-02 9.03642413e-01 -2.18195022e+02 1.35179466e+01
 7.89028999e+00 -1.39921087e+00 -4.93500783e-01 2.01677849e-01 -1.21378382e+03 1.37992661e+01
 -2.49214724e+01 -4.28102641e-01 -1.17180201e+00 -5.96799308e-01 3.37304155e+04 1.33687278e+01
 -9.82676191e+00 7.77102777e-01 3.08613963e-01 2.95607041e-01 3.07855696e+04 1.35459730e+01
 -7.91851765e-01 8.01928985e-01 1.54607988e+00 7.60514258e-01 -1.82298387e+04 1.36959733e+01
 2.03057567e+00 2.30838120e-01 -6.14459390e-01 -9.34275909e-01 -2.32506150e+04 1.37362462e+01
 1.36857716e+00 8.43459163e-02 -1.14830144e+00 1.47471696e-01 3.16312768e+04 1.37059821e+01
 -2.29565646e+01 1.10481224e-01 7.95908211e-01 -6.40512405e-02 -3.15867864e+04 1.33855320e+01
 -1.71693686e+01 3.94244648e-02 -2.10001213e+00 4.38568467e-02 1.66442913e+04 1.34773725e+01
 -2.56472970e+00 6.88988020e-01 9.12470279e-02 2.44277513e-01 -4.05793230e+04 1.36518042e+01
 -1.96672587e+00 7.82762637e-01 -1.11753864e-02 3.46018739e-01 3.30373564e+04 1.36779242e+01
 -2.94919849e+01 6.17717615e-03 3.96266018e-01 -8.03705792e-02 2.86763398e+04 1.32524077e+01
 3.01080343e+00 -8.38427287e-01 2.31499421e+00 7.03613804e-01 2.72478690e+04 1.37423178e+01
 -3.76570847e+00 8.25670148e-01 1.43521795e+00 -3.99904784e-01 -3.71905539e+03 1.36849067e+01
 -1.99071090e+00 -8.82937419e-03 7.81146027e-01 5.45858728e-03 2.47589522e+04 1.36754026e+01
 6.79271531e+00 -3.16085485e-01 1.78239332e-02 -5.99630238e-01 -1.41553126e+04 1.37901107e+01
 -8.52542363e+00 -5.10540973e-01 -1.56576617e+00 -9.91518641e-02 2.47590867e+01 1.35699957e+01
 1.38161507e+01 6.39979207e-01 2.08903721e-01 -3.09676991e-01 9.67060103e+03 1.38788960e+01
 1.16314990e+00 5.48479988e-02 1.24131246e+00 -1.11047930e-01 -2.25083335e+04 1.37111533e+01
 -2.54231914e+01 -2.13145586e-01 -7.57225470e-01 6.75923773e-01 5.20803847e+03 1.33561522e+01
 -1.23659397e+01 4.21011627e-01 -2.20914078e-01 -2.22044576e-02 -1.25192004e+03 1.35110381e+01
 -4.42493970e+00 1.30359856e-01 3.74760845e-01 -2.85164675e-01 2.10060568e+02 1.36335779e+01
 1.13778598e+01 6.41990727e-01 -1.66841898e+00 4.84675086e-01 2.56993064e+04 1.38262276e+01
 5.45870648e+00 1.97808259e-01 -7.58584977e-01 5.23591109e-01 -7.77257705e+03 1.37856996e+01
 -2.27372785e+01 3.13921797e-01 -3.90722550e-01 -7.39223007e-01 1.98734138e+03 1.33701900e+01
 1.11696570e+01 6.04285941e-01 8.16389261e-01 4.38459599e-01 -3.76795516e+04 1.38692793e+01
 1.64169133e+01 -8.18050570e-01 -6.03089859e-01 1.25276156e-01 1.98263834e+04 1.39120918e+01
 1.46526745e+01 -4.71816371e-01 -5.89099090e-01 -1.82980964e-01 -6.03921956e+03 1.39000760e+01
 -1.85461372e+01 -1.64861664e-01 7.67456032e-02 2.92570497e-01 -3.89508096e+04 1.34841920e+01
 5.89268469e-01 -7.07579360e-01 1.59169106e+00 -3.26782445e-02 9.87685058e+03 1.37339235e+01
 -1.46540591e+01 -6.03542230e-01 1.01924427e+00 9.34894220e-02 9.96898423e+03 1.35110280e+01
 4.04569984e+01 -2.47747296e-01 -7.81616880e-02 2.49879772e-01 2.02595803e+04 1.42288934e+01
 4.78354378e+00 5.51247774e-01 9.56886246e-01 -6.18429408e-01 -2.14962630e+04 1.37546605e+01
 -1.25481100e+01 1.04436936e-01 -4.27467763e-02 -2.70490687e-01 8.27958608e+03 1.35314356e+01
 1.83741978e+01 2.93570099e-01 -1.07973290e+00 7.17103616e-01 9.02488377e+03 1.39518458e+01
 5.37729528e+00 2.37017812e-01 1.15590254e+00 -5.94936549e-01 -2.76776349e+04 1.37582415e+01
 -6.74807937e+00 1.28695558e-01 1.46272603e+00 -2.51025320e-01 -2.32135271e+04 1.35969859e+01
 2.17234966e+01 -3.91027817e-02 -2.46151406e+00 -6.61482950e-01 -4.39975578e+04 1.40011824e+01
 -1.73207760e+01 3.21946924e-01 -5.39367155e-01 3.01853845e-01 3.13330607e+04 1.34667217e+01
 -2.34702183e+01 -5.75112938e-02 7.25540289e-01 6.31900620e-01 1.01120675e+04 1.33681557e+01
 1.77179226e+01 -1.15411487e+00 1.29215284e-01 1.65661222e-02 -2.12051165e+04 1.39318002e+01
 1.07070826e+01 -7.90362841e-02 -2.10477941e+00 -9.84774936e-01 -9.51615458e+03 1.38429623e+01
 8.99820503e+00 -2.76697622e-01 8.40814810e-01 -8.53388500e-01 -2.14313451e+04 1.38116822e+01
 2.69632283e+00 -5.44891747e-01 -8.42954287e-01 -2.54638388e-01 4.10714997e+02 1.37405381e+01
 -1.36141393e+01 -5.38987354e-01 -1.50502371e+00 7.42426424e-02 -1.02121157e+04 1.35076631e+01
 7.35930221e+00 -4.28072449e-03 -2.75424544e-01 1.48431351e-01 -2.14066823e+04 1.37958608e+01
 -1.23360363e+01 1.65109596e-01 -5.82106896e-01 -3.37221065e-01 1.89493206e+04 1.35217670e+01
 2.67968181e+00 -5.25624222e-01 1.10530558e+00 -1.11370410e-01 9.11950031e+03 1.37267292e+01
 -1.18144166e+01 -4.08119424e-01 -2.98438022e-01 2.31056678e-01 2.64756157e+04 1.35146463e+01
 -2.60092166e+00 -1.25800047e+00 -3.95292000e-01 6.64851447e-01 4.89041776e+04 1.36818463e+01
 -1.92477140e+01 -3.49447600e-01 2.87785021e+00 -7.02019294e-01 -6.61649574e+03 1.34135282e+01
 1.25565315e+01 2.32971560e-01 1.83372820e+00 3.35703265e-01 4.80303745e+03 1.38889164e+01
 3.61332472e+00 6.64427172e-01 -2.82638445e-02 4.39239879e-01 -3.85605749e+03 1.37500752e+01
 -1.45465899e+01 -6.72969029e-01 6.99643377e-01 1.49578594e-01 -3.59987475e+04 1.34821952e+01
 -1.07314942e+01 2.30113521e-01 -1.81591057e-01 -2.15048683e-01 -8.67575642e+03 1.35420762e+01
 -1.83619348e+01 -1.30741981e+00 5.09428987e-02 -5.79413849e-01 -3.73655362e+04 1.34382210e+01
 -2.62799589e+00 3.95285377e-01 4.89106139e-01 4.76738811e-01 -1.26020354e+04 1.36690068e+01
 -5.34140926e+00 4.67266525e-01 1.38961699e+00 -8.53534664e-02 1.10091668e+04 1.36275249e+01
 -1.21167830e+01 3.06742091e-01 -7.86206194e-01 2.90326182e-01 1.21622043e+04 1.35515947e+01
 2.66415891e+00 1.56310923e-01 1.21788972e-01 -3.87202596e-01 -2.71965538e+03 1.37339742e+01
 -6.45061541e+00 8.30212223e-01 1.23916750e+00 -2.32823497e-01 2.80901952e+04 1.36395856e+01
 -2.38197436e+00 -1.96142390e-02 1.42679443e+00 -1.88695972e-01 2.31712069e+04 1.36756099e+01
 -8.92173289e+00 -5.22985461e-02 -1.15987684e+00 -1.04299908e+00 -4.18778470e+03 1.35683197e+01
 -1.06972304e+01 -1.81571344e-01 1.48476246e+00 -9.28318310e-01 2.04831014e+04 1.35624870e+01
 1.08563930e+01 -4.77337292e-01 3.07112912e-01 -1.22469133e-01 -2.80941041e+04 1.38227274e+01
 -2.13009858e+01 7.81334141e-01 -1.43227378e-01 -5.16779573e-01 5.61543485e+02 1.33915530e+01
 -1.64951230e+01 -1.47911131e-01 3.99012750e-01 4.70709669e-01 -3.01025252e+04 1.34539977e+01
 9.27282204e+00 1.30649019e-01 -1.11573521e+00 2.79001933e-01 -2.46722991e+03 1.38308112e+01
 1.16897298e+01 3.81071553e-03 -2.15843039e-01 -8.24999238e-02 -2.25570865e+04 1.38601782e+01
 -8.77496196e+00 -1.06823829e-01 1.31462470e+00 -1.43265932e-01 3.65920877e+03 1.35928787e+01
 2.03662319e+01 -1.11659540e-01 -5.61513763e-01 -2.42876595e-01 -2.49112998e+04 1.39671527e+01
 1.15063277e+01 8.93897754e-02 2.26148402e+00 1.17265122e-01 3.72646956e+04 1.38489653e+01
 6.07473318e+00 -6.60269134e-01 -1.33577726e+00 -3.30511640e-03 -1.79988101e+04 1.37866293e+01
 -4.50781836e+00 2.13487533e-01 1.43704845e-01 2.62297028e-02 9.17504555e+03 1.36425708e+01
 1.17069521e+01 -3.54558349e-01 5.37294938e-02 -7.96113417e-02 1.00640966e+03 1.38780161e+01
 3.64874427e+00 -8.31053589e-01 -4.67212998e-01 -6.58142657e-01 8.40117613e+03 1.37656367e+01
 9.88330359e+00 -2.46880317e-01 1.42610019e+00 -4.24733916e-03 2.52852698e+04 1.38430102e+01
 -4.72350717e+01 1.06887474e-01 1.09032413e+00 2.60001448e-02 -2.10828165e+02 1.30522630e+01
 -2.46962595e+01 -6.95363300e-01 -1.70871368e+00 1.80370548e-01 -3.00930205e+04 1.33804252e+01
 9.87742565e-01 -4.83415393e-01 7.54854427e-03 4.62356393e-02 1.42254351e+03 1.37053991e+01
 1.39961517e+01 -4.87085658e-01 6.73734813e-01 -7.79758996e-01 -3.58630396e+03 1.38771737e+01
 -1.24170148e+01 6.96923377e-01 -4.61496288e-01 -2.92396915e-01 -4.14219191e+03 1.35023599e+01
 2.46481336e+01 4.44883988e-01 -2.02838428e+00 -2.47294891e-01 -2.15304615e+04 1.40431487e+01
 -1.58346023e+01 -4.53632073e-01 1.74123522e+00 6.23516394e-01 3.87741852e+04 1.34742793e+01
 -3.49104054e+01 -1.98501732e-01 -3.84106278e-02 8.82170129e-01 -2.03707796e+04 1.32163818e+01
 -1.81175984e+01 6.24650401e-01 4.79699694e-01 2.92976624e-01 1.84072462e+04 1.34352952e+01
 1.48941533e+01 -3.83421711e-02 1.31059409e+00 -2.77955941e-01 -2.89906789e+04 1.39080495e+01
 -2.60303013e+00 -4.90671121e-01 7.75919062e-01 -2.89858914e-01 5.02267682e+03 1.36843353e+01
 2.79222942e+01 2.92649909e-01 -1.39560963e+00 3.98518724e-01 1.26456003e+04 1.40308465e+01
 1.84583701e+01 3.88754306e-01 4.95411609e-01 2.03337789e-01 3.43331727e+04 1.39582052e+01
 1.16957156e+01 -9.88748802e-02 6.37478340e-01 -3.29986669e-01 2.97488666e+02 1.38620700e+01
 -4.50795055e+00 -9.96468202e-01 1.26061819e+00 -3.42768108e-01 -2.37550560e+04 1.36281891e+01
 8.68170029e+00 -3.51998297e-01 -2.86258846e+00 3.11065515e-01 -1.66411811e+03 1.38054890e+01
 1.47514204e+01 9.36387958e-02 -1.11744977e+00 -2.88750079e-01 -1.70870464e+04 1.39145119e+01
 6.88189464e+00 6.00932684e-02 -1.22309876e+00 7.35948223e-02 8.25204050e+03 1.37998869e+01
 -5.22668226e+00 -4.64267684e-01 -3.15592979e-01 -8.98689223e-01 1.06839770e+04 1.36016998e+01
 -6.97835723e+00 -5.87369673e-01 1.36169737e-01 1.67708840e-02 -7.98700975e+03 1.36197370e+01
 1.23692509e+01 -8.14398076e-01 5.74974367e-02 -3.53669771e-01 -2.35754554e+04 1.38448570e+01
 8.08882656e+00 1.24197394e-01 3.12303301e-01 -8.88318579e-01 2.97000517e+04 1.38014573e+01
 1.24360848e+01 3.84565098e-01 2.25594209e+00 7.35514885e-01 -1.42208094e+03 1.38654442e+01
 -4.26284558e+00 -1.88308135e-01 6.55582815e-02 -9.36187498e-02 1.70770529e+04 1.36374149e+01
 2.97524398e+00 -1.88810597e-01 -6.31474805e-01 -1.16040106e-01 1.49969948e+04 1.37514146e+01
 4.10261774e-01 1.44811829e+00 5.44768389e-01 -5.27348364e-01 2.19924776e+04 1.37091258e+01
 -4.82360618e+00 -4.71108916e-01 -8.76429460e-01 4.05211646e-02 4.11338334e+03 1.36544646e+01
 -1.44656926e+00 1.42130773e-01 1.05407200e+00 -2.18693561e-01 1.26759447e+04 1.36894064e+01
 -9.50051096e+00 -7.87608231e-01 -6.10089774e-01 8.13935062e-01 1.33935036e+04 1.35635924e+01
 -1.25446940e+01 -4.39521504e-02 1.98493162e-01 1.13676845e-01 -1.59030125e+04 1.35316422e+01
 -2.24574020e+00 6.96852503e-01 1.02426463e+00 6.19369707e-02 -1.13155072e+04 1.36681788e+01
 -1.03958322e+01 -5.26731883e-01 -8.40605737e-03 4.35187101e-02 -2.66968638e+03 1.35655891e+01
 2.51457452e+01 8.21034622e-03 -8.51796329e-01 9.98843272e-02 1.33096478e+04 1.40380810e+01
 1.39701850e+01 6.83728654e-02 -4.45739252e-01 -3.21691291e-01 2.96977032e+03 1.38917334e+01
 -1.39313667e+01 -2.21189542e-01 1.95705030e+00 3.59361709e-01 1.47001974e+04 1.35138943e+01
 -3.68225071e+00 7.74987369e-02 1.56634750e+00 2.54610661e-02 -9.12120947e+02 1.36539418e+01
 1.08813006e+01 -1.40669150e-01 -8.18924280e-02 -8.98992907e-01 -4.81693724e+03 1.38284251e+01
 1.26884302e+01 -2.20947665e-01 2.45022934e-01 1.70204762e-01 2.63619847e+03 1.38941992e+01
 5.96010836e+00 -4.31182312e-01 -8.35228715e-01 -4.56710290e-01 1.92745237e+04 1.37831857e+01
 1.72618160e+01 1.01144338e+00 -9.42723790e-01 3.06123861e-01 1.47436071e+03 1.39474310e+01
 9.61082703e+00 -3.76094080e-01 -9.91965285e-01 7.83248430e-02 3.99261498e+04 1.38400859e+01
 1.33690728e+00 -2.42585991e-01 2.89855417e+00 -1.45787313e-01 -2.36561977e+03 1.37236289e+01
 1.75139873e+01 4.29507117e-01 -1.70714716e+00 2.23812335e-01 1.06689132e+04 1.39553604e+01
 1.14190987e+01 7.99522913e-01 1.35229203e+00 -7.63568093e-02 3.09783266e+04 1.38475672e+01
 -8.31059032e+00 1.64572094e-01 -1.84327704e+00 -1.28257719e-02 -1.02869600e+04 1.36011767e+01
 1.15337909e+01 -5.61245137e-01 -1.42876526e+00 -9.04291929e-01 3.18023602e+04 1.38488576e+01
 -2.31884489e+01 9.76644258e-01 -8.77601441e-01 -3.91971822e-01 -2.96779932e+04 1.33889679e+01
 -4.02669856e+00 7.59880871e-02 -2.82286030e-01 1.57116423e-01 1.26624272e+04 1.36558677e+01
 1.43289887e+01 -2.81140716e-01 -8.17319117e-01 -2.27241086e-01 -4.20093934e+04 1.39111942e+01
 9.63797524e+00 -2.24256683e-02 1.38367850e+00 -1.78469909e-01 -4.95455856e+03 1.37843364e+01
 -9.43924292e+00 3.02481733e-01 -6.76894034e-01 1.13057223e-01 1.17909465e+04 1.35435064e+01
 -4.28793019e+00 -2.04581568e-01 -5.04255869e-01 -1.00274018e+00 2.08595950e+04 1.36459572e+01
 5.03185541e+00 2.30988242e-01 -1.05582884e+00 6.66630400e-01 4.79119300e+03 1.37655827e+01
 8.60554597e+00 -6.98689776e-01 -1.80996909e+00 -2.46764330e-01 -1.13360113e+04 1.38129687e+01
 -1.54721430e+01 -5.80581886e-01 -5.64440941e-01 2.42574846e-01 -8.67115207e+02 1.34661702e+01
 1.80010672e+01 -3.57207206e-01 2.38515774e+00 2.69360081e-01 4.33762045e+03 1.39341550e+01
 -1.85628635e+01 -1.78880539e-01 1.44146414e+00 2.04787091e-01 -4.11972645e+04 1.34358487e+01
 -5.26285446e+00 1.27841355e+00 1.14753696e+00 7.29128954e-01 -7.50432464e+03 1.36240859e+01
 3.15728785e+01 1.44544185e-02 1.50863130e+00 1.30575136e-01 7.29464192e+03 1.41273213e+01
 4.26306441e+00 -4.18916081e-01 -1.44195126e-01 -3.43639791e-01 1.60800253e+04 1.37655380e+01
 -9.13132034e+00 -4.01334291e-01 -3.21274541e+00 -8.42048683e-01 -1.93457059e+04 1.35842876e+01
 1.03008196e+01 1.83296440e-01 -3.35181689e-01 -3.13251112e-01 -1.48679363e+04 1.38412881e+01
 -6.98094973e+00 -3.48753334e-01 1.54872801e-01 -3.63296232e-01 1.58061167e+04 1.35826934e+01
 2.18429480e+01 -1.31438070e-01 -7.19437931e-01 -1.79337342e-01 -1.11134519e+04 1.39984039e+01
 -1.20532672e+01 -1.23263830e-02 6.22456035e-01 3.56436136e-01 -3.27481832e+02 1.35402532e+01
 2.24683219e+01 -3.72087351e-01 -2.66044172e-01 4.00926418e-01 -3.30938197e+03 1.39998590e+01
 2.15944055e+01 -2.09606297e-01 1.40761450e+00 6.21150585e-01 3.59538002e+04 1.40013583e+01
 -1.14359068e+01 -2.22887933e-01 -1.61182327e+00 -3.22726361e-01 2.25748057e+03 1.35267166e+01
 2.13163436e+01 4.10447710e-01 7.92204179e-01 1.17929458e+00 4.65831599e+03 1.40049061e+01
 9.56650768e-01 8.23433535e-01 -8.47920068e-01 -3.91844912e-01 1.70354124e+03 1.37019817e+01
 1.87070436e+01 2.04042913e-02 -1.10081302e+00 2.14521005e-01 -1.53311966e+04 1.39373338e+01
 1.70099636e+00 9.02613754e-01 -6.28080964e-01 6.67333397e-02 2.15636083e+04 1.37487973e+01
 -1.05374840e+01 1.13377736e+00 1.78034799e+00 -4.52033059e-01 2.19311777e+04 1.35332934e+01
 2.76734391e+00 -6.20377884e-01 -5.42187418e-02 -3.72502249e-01 -3.21550788e+04 1.37424650e+01
 -9.64471109e-01 -2.43815471e-01 1.67035191e-01 -1.04228699e+00 4.84230069e+04 1.36867336e+01
 -1.68735558e+01 3.54145014e-01 9.64104647e-01 -9.48823995e-02 1.63628736e+04 1.34678535e+01
 -2.38845979e+00 -3.71165464e-01 5.48964587e-01 4.49444999e-01 -8.29147028e+03 1.36809663e+01
 1.32477186e+01 6.31177498e-01 -1.05697894e+00 5.60404045e-02 -5.99607943e+03 1.38695420e+01
 -1.77978656e+01 -5.24784135e-01 1.75842556e-01 2.88026812e-01 3.42876973e+03 1.34516866e+01
 -8.39929043e+00 -4.14359367e-01 -1.42043395e+00 5.61360919e-02 -1.65671409e+04 1.35932720e+01
 -2.43504912e+01 4.78715729e-01 -7.89024775e-01 4.82343011e-01 5.55532847e+04 1.33661703e+01
 3.98570869e+00 -8.12156415e-02 1.43091644e-01 -8.55578132e-02 -8.73286752e+03 1.37560948e+01
 -1.71967401e+01 1.27439350e-01 9.60429894e-01 -6.06139073e-01 -2.52423842e+04 1.34679133e+01
 4.33612259e-01 1.08046337e-01 -1.88265528e+00 -3.45157924e-01 -3.48746418e+03 1.36944864e+01
 2.56122655e+00 -1.10590375e+00 -2.39877637e-01 2.09413398e-01 -5.12945128e+03 1.37253498e+01
 -5.71153443e+00 -4.42648716e-01 1.64362150e+00 -2.68924419e-01 2.77452029e+04 1.36217987e+01
 2.62245587e+01 -3.06176611e-01 1.11421914e+00 -2.87694558e-01 4.83584850e+03 1.40590331e+01
 2.46964792e+00 9.18377405e-01 5.93747261e-01 -9.25836891e-01 -1.97639656e+04 1.37584057e+01
 1.80583270e+01 -1.59427837e-01 -8.94925879e-01 -1.53033037e-01 -3.91715570e+03 1.39576594e+01
 3.62033719e+00 -3.17287265e-01 -2.02948646e+00 -2.61308930e-01 -1.50494627e+04 1.37421845e+01
 2.04051600e+01 1.07578067e+00 7.74841841e-01 -2.67062098e-02 -7.60238508e+03 1.39511677e+01
 1.27919171e+01 -1.46304148e-01 -1.81833768e-01 -2.95100609e-01 2.35524305e+04 1.38819429e+01
 1.06596038e+01 -5.97951248e-02 1.71916616e-01 3.08715260e-01 2.02964727e+04 1.38508737e+01
 -1.81841416e+01 -2.65419133e-01 1.89402660e+00 2.02428878e-01 -1.50476723e+04 1.34559073e+01
 3.70415724e+00 -7.99230082e-01 7.42910826e-01 -1.39431272e-01 -1.91736138e+04 1.37579419e+01
 1.10235390e+01 -4.49203271e-01 -7.22899347e-01 1.74930064e-01 -1.74301481e+04 1.38555027e+01
 7.59679866e+00 1.61961950e-01 1.07512551e+00 4.15367286e-01 9.32400451e+03 1.38171058e+01
 1.71958561e+01 9.58161141e-01 -1.26014876e+00 4.88797485e-01 3.84481866e+04 1.39445596e+01
 -2.26176582e+00 -2.19523799e-02 -8.80455223e-01 -2.14573306e-01 -6.37879587e+03 1.36736148e+01
 -1.98516062e+01 4.10749113e-01 -1.78701447e+00 8.23916550e-01 1.84822742e+04 1.34416570e+01
 2.64060349e+01 -1.04081571e+00 1.03813391e+00 -1.31403161e-01 -3.43657520e+04 1.40604953e+01
 2.06828428e+01 7.36387569e-02 2.21183453e+00 -7.21049964e-02 -9.59212498e+03 1.39898465e+01
 6.19840251e-03 6.52630735e-01 4.05118688e-01 6.58381401e-02 -9.61598255e+03 1.36977273e+01
 -1.13864544e+01 -1.07762113e-01 1.51150194e+00 -1.17967136e-01 1.28855432e+04 1.35347984e+01
 3.48549492e+00 2.14537663e-02 2.56831781e+00 1.15500218e+00 -7.42673886e+03 1.37559175e+01
 2.95368636e+01 -2.17906654e-01 -1.08391398e+00 -2.09994879e-01 -4.70854255e+03 1.41232699e+01
 8.78856601e+00 -6.51912144e-01 -3.82436260e-01 -1.12278571e-01 4.37284744e+03 1.38042531e+01
 -1.28333521e+00 -1.08137065e-01 1.94392690e-01 2.78400264e-01 2.99437591e+04 1.36983925e+01
 3.43557366e+00 -3.78308568e-02 -2.40918567e-01 2.62810565e-01 -4.34583682e+03 1.37319694e+01
 1.16973934e+01 2.99274418e-01 -3.28424843e+00 -1.77997719e-01 5.36155597e+03 1.38612609e+01
 1.53271253e+01 3.84613330e-01 -6.65760394e-01 -2.78688909e-01 3.17020931e+03 1.38938563e+01
 2.67373591e-01 -8.26991785e-02 7.25215921e-01 -3.94982774e-01 1.19751090e+04 1.37167489e+01
 -1.03878422e+01 2.99328449e-01 1.18183880e+00 -3.91963047e-02 1.48973242e+04 1.35588931e+01
 2.36479106e+01 8.73871595e-02 -6.75241346e-01 3.36829186e-01 -2.16886599e+04 1.40264636e+01
 -4.26049978e-01 9.87720176e-02 1.04226280e-01 -8.07096713e-01 -6.93371503e+03 1.37017060e+01
 -7.11255930e+00 -5.41042729e-01 -1.29314098e-01 -2.98115647e-03 -3.94234570e+03 1.35961548e+01
 1.54043623e+01 1.36594021e-01 1.39004836e+00 8.80927400e-03 -4.23938291e+03 1.39124676e+01
 -1.36321052e+01 -6.38765911e-01 -1.70456225e+00 -5.05343210e-01 4.32481132e+03 1.35140983e+01
 -5.34270591e+00 -2.48374291e-01 1.04445653e+00 -5.02610719e-01 2.27831904e+04 1.36551909e+01
 -1.87160167e+01 1.81332495e-01 -1.99272245e-01 -2.08043550e-01 -3.06245462e+03 1.34217021e+01
 -6.99543762e+00 -8.25495634e-01 7.50099299e-01 -1.98025619e-01 1.07504410e+03 1.35988460e+01
 1.97447775e+01 8.99180631e-01 -1.55712157e+00 -2.78192351e-01 1.17147036e+04 1.39445414e+01
 1.52006890e+01 9.94054686e-02 1.74247096e+00 1.00698273e-01 7.84312840e+03 1.38965676e+01
 -1.50374182e+01 -3.08152846e-01 -1.48516436e-01 -1.81065739e-01 4.37313359e+04 1.34854937e+01
 -1.40644583e+01 7.39625234e-01 5.65286924e-01 2.34649754e-01 8.53657798e+03 1.35131847e+01
 1.08574340e+01 4.61890629e-01 -2.09652614e+00 -1.70623106e-01 7.93919144e+03 1.38338606e+01
 -1.02112784e+01 3.72171070e-01 8.25433440e-01 -1.18696617e-02 -1.39187129e+04 1.35678692e+01
 1.38624238e+01 5.78758434e-02 -2.07902626e+00 -1.61398181e-01 1.10684786e+04 1.38869528e+01
 2.97480781e+01 -7.25827335e-02 6.27664130e-01 1.91591142e-01 -1.63569014e+04 1.40813519e+01
 -2.79188181e+00 8.23320811e-03 -1.56480380e+00 -1.65211174e-01 5.09263725e+02 1.36667939e+01
 6.67149956e-01 3.18149653e-01 -1.01619957e+00 -7.06075669e-01 -4.41826934e+03 1.37220930e+01
 -1.17150060e+01 -3.12633535e-01 -9.46540708e-01 4.69575662e-01 -3.23095473e+04 1.35334390e+01
 7.05031725e-01 1.36995180e-01 5.03146996e-01 -4.00414051e-01 8.88844925e+03 1.37081187e+01
 -1.14287431e+01 -2.26815917e-01 1.95796436e-01 -1.92484200e-01 -1.13330597e+04 1.35293866e+01
 -7.92797688e+00 -6.35306435e-02 -2.53969849e+00 1.21525825e-02 -2.36253683e+04 1.35696738e+01
 -1.29660797e+01 9.08178323e-01 5.96193297e-01 2.33376578e-01 -1.26457050e+04 1.35204888e+01
 8.76895140e+00 -2.81105062e-01 1.11051279e-01 -1.74187188e-01 8.29597290e+03 1.38175236e+01
 -4.96070540e+00 -2.29718239e-01 -2.41094092e+00 5.13230669e-01 1.10458357e+03 1.36418460e+01
 1.05477072e+01 -8.03557753e-01 -3.92855123e-01 5.14042960e-01 -5.28064894e+03 1.38596726e+01
 -1.23778592e+01 3.15763170e-01 2.63912538e-01 -6.74078309e-01 2.09920891e+04 1.35472237e+01
 1.68971646e+01 3.64454297e-01 4.03998184e-01 7.30416642e-01 2.76508218e+04 1.39340860e+01
 -2.08502566e+01 6.01787458e-01 4.97842556e-01 4.15853741e-02 9.15515174e+03 1.34267038e+01
 6.79803701e+00 -1.90635785e-01 9.11378337e-01 2.22955543e-01 -1.55787196e+04 1.37992952e+01
 6.76808449e+00 5.10012951e-01 8.45408050e-01 4.06767877e-01 -4.21365955e+04 1.37914258e+01
 -1.87926406e+01 -1.61071476e-01 -1.12306293e-01 -5.54657576e-01 8.97180629e+03 1.34510637e+01
 4.50261075e+00 8.67971238e-01 -1.55091408e-01 2.39399949e-01 -1.45998547e+04 1.37443725e+01
 9.09349395e+00 4.56272540e-01 1.33971983e+00 -4.91303888e-01 -3.98745655e+03 1.38221528e+01
 -3.47431477e-01 1.04961224e-01 -1.03219314e+00 2.04231876e-01 -1.71919126e+04 1.36921562e+01
 1.24852278e+00 8.82098188e-03 7.05141924e-01 5.42539997e-01 -6.46800813e+03 1.36998392e+01
 3.03489702e+00 -9.27545079e-01 -7.28461317e-01 1.69856162e-02 1.49428192e+04 1.37347275e+01
 -2.91248221e+00 2.65937641e-01 -1.08150769e+00 2.10129068e-01 2.60631634e+04 1.36751744e+01
 6.51606808e+00 8.96541693e-01 5.53565368e-01 6.70735929e-01 1.30252677e+04 1.37796664e+01
 -8.25111931e+00 -5.08382266e-02 5.70651175e-01 3.29911835e-01 1.92680420e+04 1.35827473e+01
 -7.41660253e+00 5.27482450e-01 -7.21297344e-01 -3.78606358e-01 1.24021615e+04 1.35837403e+01
 -8.57152691e+00 -5.15512635e-01 1.07264790e+00 2.05497008e-01 -1.03122205e+04 1.35657617e+01
 -1.31574916e+01 -9.69137477e-01 1.69624562e+00 6.09904374e-01 -2.47180986e+04 1.35317898e+01
 -5.46795529e+00 -7.53257153e-01 1.25491683e-01 5.71848912e-02 2.73233774e+04 1.36389747e+01
 7.57427911e+00 1.71643739e-01 -2.61476992e-02 -8.01301241e-02 -1.85080352e+04 1.37793468e+01
 -3.87276122e+00 4.97191593e-01 -4.19588577e-01 -4.73714721e-01 1.03791713e+04 1.36445744e+01
 2.04872791e+01 6.11014986e-01 9.11764964e-01 -3.51256201e-01 -1.68846230e+04 1.39880932e+01
 -2.15842506e+01 -2.54639376e-01 -6.01812273e-01 -5.23547064e-01 1.49344267e+03 1.34114687e+01
 1.37006712e+01 -1.82017168e-01 2.84917654e+00 -6.38846500e-01 1.25477653e+04 1.39005830e+01
 -1.27623330e+01 8.36061694e-01 -7.93626600e-01 5.93169938e-01 1.02300722e+04 1.35015898e+01
 3.31876341e+00 -2.10757516e-01 2.72953266e+00 8.32280795e-02 1.81995565e+04 1.37553151e+01
 1.15772224e+01 -4.54828900e-01 1.15145715e+00 -1.41194035e+00 -1.20493145e+03 1.38735923e+01
 -7.78427872e+00 -7.45355562e-01 7.97335619e-01 3.53861061e-01 6.46189940e+03 1.35812846e+01
 -1.35026314e+01 6.70350079e-01 -8.62709332e-01 3.55157856e-01 -9.12471909e+03 1.34965263e+01
 5.76699839e+00 2.79184577e-02 -6.81937249e-01 -1.82231122e-01 -3.24296228e+04 1.37721289e+01
 1.46080791e+01 2.08882821e-01 3.60161483e-01 -6.05990733e-01 3.06618084e+04 1.38912149e+01
 -2.43642914e+00 7.73487866e-01 -9.25076703e-01 -4.99287991e-01 -1.08487526e+04 1.36580223e+01
 -9.59256698e+00 1.33735059e-01 -3.04437075e+00 -4.16349808e-01 -2.69512205e+04 1.35606935e+01
 1.70223787e+01 -1.60790490e-01 1.33463685e+00 9.31048958e-02 1.62796793e+04 1.39284846e+01
 -3.81743897e+00 -2.36689353e-01 -1.70080251e+00 -4.59694109e-01 -1.24121201e+04 1.36336718e+01
 1.25644315e+00 -1.02738327e+00 8.51587665e-01 -1.61581626e-01 5.06092970e+03 1.37016945e+01
 2.74144704e+00 -2.60496740e-01 -5.97630870e-01 -8.50332466e-01 2.79562138e+03 1.37427078e+01
 2.00042085e+01 7.21513382e-01 2.04328323e+00 3.83755433e-01 -1.51155670e+04 1.39666411e+01
 -2.23025261e+00 -7.28533635e-01 -7.39140462e-01 -6.90435163e-01 1.02078095e+04 1.36558343e+01
 -2.14922290e+01 5.88446229e-01 1.52995491e-01 -3.10283623e-01 -7.52026978e+03 1.34089480e+01
 -1.04918241e+01 4.69964990e-01 2.62190052e+00 -6.09073542e-01 4.06242541e+04 1.35547385e+01
 -1.65618457e+01 -5.94639478e-01 -1.01326053e+00 -5.55169301e-01 9.73798877e+03 1.34580860e+01
 -7.24337325e+00 -3.65269622e-01 1.09710187e+00 7.67668390e-01 -2.24363158e+04 1.35966499e+01
 -1.17113846e+01 -1.47695937e+00 6.58209517e-01 -5.92998710e-01 -4.51904816e+04 1.35329928e+01
 1.11341259e+01 -7.31848903e-01 -5.37652617e-01 6.11052941e-02 5.43277037e+03 1.38761241e+01
 8.02758911e+00 6.67767123e-01 -1.57061096e-01 6.73126209e-02 -5.82502950e+03 1.38135228e+01
 -2.57570838e+00 4.06168355e-01 1.27137126e+00 2.87255389e-01 -1.77396373e+04 1.36802895e+01
 -1.34208660e+01 -3.75395190e-01 5.76949708e-01 3.84614621e-03 -1.56267836e+04 1.35153699e+01
 2.12795375e+01 5.33917328e-01 1.68390216e+00 -4.88913747e-01 1.82025024e+04 1.40060199e+01
 -4.69639585e+00 2.41628623e-01 -1.26694532e+00 2.02931860e-01 -1.30723264e+04 1.36374192e+01
 4.18003756e+00 -5.36627263e-01 3.79396754e-01 -4.92781498e-01 -1.13451581e+04 1.37516368e+01
 5.60080062e+00 -2.96118119e-01 1.11296865e+00 -1.02211657e-01 -2.47355613e+04 1.37445836e+01
 -2.13324126e+01 -8.23897149e-01 5.21149886e-01 2.11007702e-02 -3.01796163e+03 1.34172925e+01
 5.17671770e+00 -1.33080594e-02 2.70514748e+00 -7.12783469e-02 -3.67281703e+03 1.37948201e+01
 -1.45718931e+01 6.51308627e-01 -7.46174022e-01 -4.05020333e-01 3.99406436e+03 1.35119713e+01
 2.00604465e+00 6.72060690e-03 5.44590715e-01 -2.94944075e-01 2.47262391e+03 1.37189359e+01
 5.86451920e-02 -5.38694739e-01 2.10041968e+00 -6.29931103e-01 9.62109988e+03 1.37177619e+01
 3.16967055e+00 1.28101464e-01 -6.67909254e-01 3.48649123e-01 -1.37217662e+04 1.37398000e+01
 -1.87451279e+01 2.43914916e-01 6.26883817e-01 -6.35311557e-02 8.60059465e+03 1.34623971e+01
 1.57425765e+01 9.74248713e-02 2.78426886e-01 1.03434669e-01 -9.89039324e+03 1.39033035e+01
 -1.11517842e+01 5.19426393e-01 1.45161674e+00 4.73926367e-01 -1.41125844e+03 1.35138517e+01
 -7.97054758e+00 9.50204858e-01 2.24304436e+00 -7.44207869e-01 -1.07495341e+04 1.35920798e+01
 5.38999712e+00 9.72879759e-02 -2.30959846e+00 6.57814784e-01 1.52024507e+04 1.37978744e+01
 -1.31124567e+01 -8.44275239e-01 -2.33088428e+00 -6.36204071e-01 -1.23544675e+04 1.35123539e+01
 1.75610916e+00 -3.79545220e-01 1.13815581e+00 -5.86151345e-01 1.00925693e+04 1.37396373e+01
 -4.46821393e+00 1.36052754e+00 -5.37527041e-01 3.03426104e-01 -2.31570456e+04 1.36101375e+01
 -1.18887196e+01 -6.83439785e-01 -3.44352714e-01 -1.57786968e-01 -6.47912243e+03 1.35649869e+01
 1.79015107e+01 1.86888391e-01 8.64023528e-01 -4.02050467e-01 -2.69049105e+04 1.39172844e+01
 2.16051555e+00 5.22942057e-01 1.05677948e+00 7.71403063e-02 -2.35370990e+04 1.37262560e+01
 -4.89337686e+00 -3.42222192e-02 3.03926686e-01 -8.53989891e-01 -1.76714956e+04 1.36452825e+01
 1.42589536e+01 -3.64620619e-01 4.43916782e-01 -7.69460828e-02 1.16775579e+04 1.38921824e+01
 1.90115080e-01 2.88957698e-01 1.04594632e+00 -3.09729185e-01 4.11234429e+04 1.37021615e+01
 3.22705432e+01 -8.76730013e-01 -1.23189740e-01 4.03721054e-01 -6.43144310e+03 1.41427647e+01
 7.26433860e-01 -4.62016154e-01 9.27791258e-01 -2.25320614e-01 2.43170104e+03 1.37258870e+01
 -1.49906489e+01 -5.73474038e-01 2.45852987e+00 3.15092988e-01 -9.37926499e+02 1.34932397e+01
 4.49947981e+00 1.22155793e+00 -8.37781573e-01 1.11260013e-02 3.23897448e+03 1.37427314e+01
 7.79998144e+00 -3.17417985e-01 5.03899249e-02 1.87539506e-02 7.82290919e+03 1.37949073e+01
 3.25357013e+00 5.90039933e-01 1.25122399e+00 5.94857616e-01 2.66213838e+04 1.37432041e+01
 -1.76969582e+01 2.76081375e-01 -1.64534546e-01 -3.49518874e-02 -1.95490501e+04 1.34488876e+01
 -6.50882842e+00 6.96890426e-01 -7.31891451e-01 4.61341373e-02 3.73906262e+04 1.36207110e+01
 -5.11703260e+00 -5.55872228e-01 -3.58264098e-01 3.20328289e-01 -1.46679044e+04 1.36329410e+01
 -1.54327299e+01 -1.26727746e+00 -1.74699418e-01 2.60299213e-01 1.11391964e+04 1.34611078e+01
 -6.84756631e+00 -4.17160690e-01 -1.32381605e+00 2.69776518e-01 2.22999564e+03 1.35924473e+01
 -8.67741132e+00 1.27884932e-01 -3.38861843e-01 -1.76449035e-01 -3.60791065e+02 1.35819917e+01
 -1.18290941e+01 -6.19482004e-01 7.23473186e-01 -3.71089514e-01 9.86254825e+03 1.35383447e+01
 -2.40562121e+00 1.94213629e-01 -2.19889231e+00 1.42459889e-01 -2.32256980e+04 1.36908156e+01
 -1.32812780e+01 -3.48758407e-01 -3.27461414e+00 -5.20572045e-01 2.74890357e+04 1.35389005e+01
 2.47321803e+01 2.76023088e-01 -7.46324106e-01 -1.59757540e-01 1.34355766e+04 1.40683825e+01
 -2.51810890e+00 1.14777649e-01 -5.08455018e-01 7.03345728e-01 4.16332866e+04 1.36456622e+01
 1.42793402e+01 2.69615467e-02 1.22681163e+00 -1.65491928e-01 1.86062932e+04 1.39026684e+01
 8.32334157e+00 1.15589109e-01 1.70475179e+00 -2.27534927e-01 6.30720573e+03 1.38064249e+01
 1.43575898e+01 1.32654425e-01 1.72814050e+00 -1.94568764e-01 8.32267455e+03 1.38998951e+01
 1.04955693e+01 3.95032300e-01 3.85062519e-01 -1.23852304e-01 2.59859069e+04 1.38272176e+01
 -1.42207632e+01 -4.13053374e-01 -9.34024184e-01 2.63576911e-01 -1.76352683e+04 1.35063531e+01
 1.35315474e+01 -1.67435030e-01 2.39434468e+00 -7.65148183e-02 1.35676509e+04 1.38878967e+01
 -1.55994630e+01 1.17485521e+00 3.41296076e-01 -3.26040813e-01 1.30729627e+04 1.34896627e+01
 1.92996122e+01 1.51674589e-01 -5.24992651e-01 -8.10064362e-02 4.60926544e+03 1.39572638e+01
 5.61105224e+00 -5.30315886e-02 -1.63942774e+00 9.11307270e-02 -7.61150862e+00 1.37969745e+01
 1.14373579e+01 4.40744833e-01 -1.10907502e+00 9.57713459e-02 2.07792449e+04 1.38486364e+01
 5.05779611e+00 -2.16331844e-01 -3.91664989e-01 -5.17961390e-01 -2.32614195e+04 1.37706243e+01
 -1.93468683e+01 -6.01288239e-01 -2.31400256e-01 1.78843519e-01 -1.97843633e+04 1.34145872e+01
 2.57060154e+01 -8.32771949e-01 -3.52646099e-02 -4.20493539e-01 -2.04018115e+04 1.40299828e+01
 3.13295738e+01 1.35038932e-01 2.26663582e-01 -6.46021911e-01 -1.37929027e+04 1.40939877e+01
 -2.20417393e+01 5.56870200e-01 -1.83582466e+00 1.04134669e+00 1.27482302e+04 1.34186781e+01
 -2.79558313e+00 -4.86767368e-01 -7.33823102e-01 -1.66198612e-02 2.52269775e+04 1.36403390e+01
 2.02601343e+01 -3.31232989e-03 2.13198478e-01 1.07354467e-01 -5.84456632e+03 1.39745277e+01
 -7.98032242e+00 -3.72423284e-01 8.55803808e-01 5.72668115e-01 2.02388894e+04 1.35884506e+01
 2.21026721e+01 -1.53432192e+00 1.20578279e+00 2.36948167e-01 5.57833091e+02 1.40047359e+01
 -1.69210321e+01 -7.05537964e-02 4.97361572e-01 -3.39151325e-01 1.49011190e+04 1.34648173e+01
 -1.95029009e+01 -5.16338829e-01 3.35974647e-01 3.46176096e-01 -9.98861128e+03 1.34440809e+01
 1.69005353e+01 -2.46761018e-01 1.27610114e+00 -4.57217872e-01 1.85212108e+04 1.39190075e+01
 2.29680953e+01 -1.01355181e+00 -1.13862844e+00 2.43495870e-01 8.69972341e+03 1.40310910e+01
 -1.81744832e+01 1.18158397e+00 9.45021797e-01 3.82480590e-01 -1.45480305e+03 1.34587092e+01
 1.16224805e+01 7.93245768e-01 -1.49329141e-01 2.54358755e-01 3.03529714e+04 1.38302902e+01
 -1.63538286e+01 6.28437616e-01 5.63332774e-01 -3.36051191e-03 1.24322367e+02 1.34592387e+01
 -9.31158568e-01 7.08065416e-01 8.44099301e-01 -5.13984662e-01 -1.04443764e+04 1.37029861e+01
 -2.24049275e+01 2.63457741e-01 6.47907539e-01 -8.02428393e-01 1.54315162e+04 1.33765654e+01
 7.27953071e-01 1.26057592e-01 6.33640047e-02 2.73963276e-01 -6.61761814e+03 1.37151551e+01
 1.17572205e+01 -2.68741841e-01 1.98876476e+00 4.92725941e-01 7.66981042e+03 1.38673372e+01
 1.19526236e+01 -6.31628264e-01 -1.38885572e+00 -2.55724388e-01 -1.91194867e+04 1.38710064e+01
 -7.30028577e+00 3.26188610e-01 -8.62827791e-01 -5.60366139e-01 -1.06117056e+04 1.36013497e+01
 -2.59162564e+01 -9.05535692e-01 -1.60250304e+00 9.92233808e-02 -6.55183322e+02 1.33625899e+01
 1.36896990e+00 4.73630730e-03 -8.41194152e-01 4.84190256e-01 -2.11437850e+04 1.37273060e+01
 -9.51638917e+00 4.28392212e-02 -7.54824989e-01 4.23441253e-01 1.81961127e+04 1.35715861e+01
 -1.03829742e+01 3.02293757e-01 -1.09041641e+00 2.62615056e-01 1.45484290e+04 1.35721825e+01
 -1.19401236e+01 -1.04700311e+00 2.16760550e+00 -6.03988983e-01 -1.74199286e+04 1.35294772e+01
 3.22113506e+01 7.86047202e-02 -2.21109866e+00 -3.81014287e-02 -7.15054714e+02 1.41241524e+01
 -1.26713918e+01 1.03872524e+00 -3.24938397e-01 -1.51325096e-01 3.52172624e+04 1.35236813e+01
 3.32526545e+01 -4.81965078e-01 -9.88479066e-01 -6.27238935e-01 -2.91765366e+03 1.41238358e+01
 -1.36929200e+01 -2.88413176e-02 -1.20371866e+00 -3.67483797e-01 2.35916172e+04 1.35306932e+01
 9.66020165e+00 8.64704178e-01 -6.45076349e-01 7.96726147e-01 1.44136707e+04 1.38309704e+01
 1.51014124e+00 -6.97990854e-01 -1.31745333e+00 -6.28665271e-01 -1.51809170e+04 1.37276178e+01
 -5.87438935e+00 -3.70471220e-01 -8.17891650e-01 6.03534733e-01 -2.81532733e+04 1.36238755e+01
 4.74829606e+00 -4.46927232e-01 2.09118149e-01 7.78083001e-02 -2.51330688e+03 1.37615588e+01
 7.60711799e-01 1.99856844e-01 -1.38219793e+00 -1.98785446e-01 3.18325218e+03 1.36956725e+01
 1.82493282e+00 1.45310393e-01 6.66244893e-02 5.43119757e-01 2.35158870e+04 1.37413330e+01
 1.07761635e+01 3.66356833e-01 -1.04877606e+00 8.47910064e-02 4.38625045e+03 1.38403526e+01
 -1.32134835e+01 -5.42536354e-01 -1.04348752e+00 -2.62101306e-01 1.81166788e+04 1.35177361e+01
 -1.20888658e+01 4.35486606e-01 9.64869077e-01 -2.59004704e-01 2.73102666e+04 1.35476720e+01
 -3.99250756e+00 -4.83392832e-01 9.85651350e-01 9.22710631e-02 9.54442917e+03 1.36478666e+01
 1.83260392e+01 3.26100341e-01 1.90052970e-01 1.95500955e-01 5.53958680e+02 1.39513700e+01
 -1.37905638e+01 -1.38125358e-01 -1.94795753e+00 -8.55765195e-01 3.20894357e+04 1.35280191e+01
 -4.10358032e+00 3.15801051e-01 -4.06908890e-02 -9.93345965e-02 1.58874064e+04 1.36454382e+01
 1.34250181e+01 1.60791100e-01 2.49810046e+00 -2.35043129e-02 -4.59837764e+03 1.38860156e+01
 -1.29287441e+01 -7.64652841e-02 -1.27294851e+00 8.41656741e-01 -1.94065630e+04 1.35016593e+01
 1.55420386e+01 -2.40570942e-02 1.39544099e+00 6.41112614e-01 2.43910048e+03 1.39099000e+01
 8.83608835e+00 -5.29325876e-01 -9.98008821e-01 -4.32682161e-01 2.92320057e+03 1.38059177e+01
 -1.69363200e+01 -4.66052587e-01 1.27860300e+00 4.07411166e-01 -9.75110441e+03 1.34754664e+01
 -6.51952508e+00 -1.17906637e-01 1.83731212e+00 1.43146335e-01 -2.73118629e+04 1.36129914e+01
 -6.05901456e+00 -9.55427751e-01 2.07397966e+00 -7.10841732e-02 7.96650642e+03 1.36224928e+01
 -6.20134237e+00 -2.13695120e-01 5.04580684e-01 5.48489800e-01 -1.87460298e+04 1.36192745e+01
 7.09046958e+00 -1.34777534e-01 -2.72583795e-01 -5.01501393e-01 8.28015718e+03 1.37999199e+01
 -7.06621662e+00 -1.75879016e-01 -1.63275591e+00 2.83996341e-02 -1.23325240e+03 1.36020712e+01
 -6.11369986e+00 -9.30721554e-01 1.32972148e-01 6.77506924e-02 1.30471630e+04 1.36218231e+01
 -1.38749272e+01 1.76062946e-01 -1.22609481e+00 -1.14882255e-01 4.51127673e+04 1.35386232e+01
 -4.94382864e+00 2.20716593e-01 -7.16217942e-01 1.26291258e-01 -3.15680983e+03 1.36275575e+01
 1.06422849e+01 6.11085959e-01 -7.75287564e-01 -8.51688442e-02 1.09705331e+04 1.38344145e+01
 1.73916864e+00 7.70350765e-01 -3.86737842e-01 -7.99243280e-01 8.63617785e+02 1.37189316e+01
 1.09763082e+01 -1.11210046e+00 -2.60217132e+00 3.85839653e-01 -1.08496002e+04 1.38402000e+01
 -1.00103713e+00 -2.59801399e-02 -8.59715671e-02 5.10923170e-01 1.36052455e+04 1.36948327e+01
 7.82087863e+00 2.43223640e-01 3.70818782e-01 1.08843021e-01 1.57371059e+04 1.38232818e+01
 -2.90358906e+00 9.70368872e-01 -2.36622476e-01 -1.95343969e-01 2.55223489e+04 1.36430832e+01
 3.38581893e+01 -1.01839094e+00 -1.63026160e+00 -3.20748033e-01 8.21266712e+03 1.41596901e+01
 5.84490055e+00 -8.16241529e-02 1.78098944e+00 1.08037739e-01 -1.09312890e+04 1.37905762e+01
 3.86719780e+00 5.08656484e-01 3.37866139e-01 4.50777525e-01 -2.48992311e+04 1.37555288e+01
 1.29875269e+01 -3.33212202e-01 -4.40538226e-01 5.93683130e-01 -9.55079786e+03 1.38777628e+01
 1.05887794e+01 1.18289769e-01 -7.96766709e-01 7.04557638e-01 1.33216296e+04 1.38331450e+01
 -2.84728666e-01 2.27252843e-02 -1.67161149e+00 2.21532322e-01 -1.07227036e+04 1.36940076e+01
 -1.89595347e+01 2.67870612e-02 8.47629400e-01 -7.37511817e-01 -4.66347782e+03 1.34232230e+01
 -1.04431685e+01 6.24882204e-01 -3.71798337e-01 -3.08847977e-01 -1.90579431e+04 1.35719480e+01
 -1.54783738e+01 -7.85738830e-01 -1.31383844e-01 3.20052648e-01 1.82430089e+04 1.34950322e+01
 -4.23485098e+00 4.94498440e-01 -1.20632807e+00 7.28897403e-01 -2.02032087e+04 1.36457661e+01
 -7.63055282e-01 7.92336937e-02 -1.02849666e+00 7.98762840e-02 1.44126631e+04 1.36944282e+01
 9.20029684e+00 -5.03458288e-01 -1.43841692e+00 -1.84982417e-01 -2.21354585e+04 1.38342713e+01
 -9.26015557e+00 9.89895985e-01 -5.02347229e-02 8.20453156e-02 -1.92978371e+04 1.35580331e+01
 -1.76467405e+01 -5.21885770e-01 3.54308753e-01 -2.63342075e-01 1.58638370e+04 1.34507127e+01
 1.83928241e+01 -4.30987945e-01 4.25191521e-01 6.10662345e-01 2.64473529e+04 1.39641967e+01
 -1.98361201e+01 4.77048441e-01 5.76378761e-01 -9.00003726e-03 2.85262059e+04 1.34231124e+01
 8.99547661e+00 -4.00672246e-01 8.29100179e-01 3.06243997e-01 6.75302906e+03 1.38108346e+01
 -2.73018875e+01 8.92440967e-01 8.49273666e-02 3.32584274e-01 3.21005572e+04 1.33290347e+01
 -7.85251251e+00 3.41509137e-01 -8.15909717e-03 3.57423388e-01 1.22076331e+04 1.35854625e+01
 7.57711225e+00 4.34821521e-01 3.97550511e-01 -2.80907839e-01 -1.43844710e+04 1.37913928e+01
 9.48709718e+00 -5.75302340e-01 2.34560653e+00 -4.02524907e-01 6.99674456e+03 1.38291255e+01
 6.57131084e+00 1.17924947e-01 -1.39019984e+00 -1.25398990e-01 1.42078039e+04 1.38053447e+01
 1.65943188e+01 -7.08456011e-01 -5.08755842e-01 2.40762353e-01 -1.44329370e+04 1.39512211e+01
 -3.49767902e+00 -2.80008576e-01 8.47069820e-01 -1.61753836e-02 -3.19432860e+03 1.36613949e+01
 -2.22723807e+00 2.62868166e-01 4.00063334e-01 3.05343614e-01 -1.83224977e+03 1.36770989e+01
 7.71092790e+00 -4.10808335e-01 3.59743267e-01 -6.75444376e-02 2.93906310e+03 1.38075113e+01
 1.04634155e+01 7.01960688e-01 8.72076235e-02 -3.05396705e-01 -4.50981946e+03 1.38500966e+01
 -2.63132705e+00 -3.53331257e-01 -8.74546567e-01 -2.65838564e-01 -1.00938787e+04 1.36603041e+01
 -4.99471688e+00 -2.64878215e-01 -1.14167269e-01 -4.45572192e-01 1.73194023e+04 1.36308490e+01
 1.08239899e-01 5.03633869e-01 3.50570823e-01 2.47518514e-01 -5.06755290e+04 1.36918282e+01
 2.20047363e+01 -2.39429115e-01 4.90794418e-01 2.25671392e-02 1.44339064e+04 1.40222948e+01
 2.82733406e+01 9.75452824e-01 -5.98438839e-01 9.41049654e-02 3.20298995e+04 1.40867009e+01
 3.79778284e-01 3.33383540e-02 -1.54882068e+00 1.55515160e-01 1.55047563e+04 1.37170943e+01
 1.30830677e+01 6.55557646e-01 2.78598836e-01 -2.66567288e-01 7.32192516e+03 1.38969955e+01
 -8.50571106e+00 -3.07699552e-01 1.26179154e+00 1.92795312e-01 3.45017612e+04 1.35919369e+01
 4.79909868e+00 1.61587327e-01 1.29747942e+00 -3.09809301e-01 1.19814423e+04 1.37580056e+01
 1.82765837e+01 2.24929274e-01 1.68646371e+00 -4.88994226e-01 2.27959072e+04 1.39448810e+01
 -6.22228465e+00 1.33855153e-01 -2.49157017e+00 -5.74902178e-01 1.84688151e+04 1.36237531e+01
 -1.22084800e+01 5.70932076e-01 6.62657939e-01 1.22519237e-01 -9.50983568e+03 1.35283912e+01
 3.92282778e+00 2.84942419e-01 -1.13174791e+00 -3.33104256e-01 -1.39208571e+04 1.37397419e+01
 1.29290919e+01 -6.47390682e-01 -1.01721839e-01 5.95582036e-02 2.03935951e+04 1.38746073e+01
 2.08288868e+00 8.62624169e-01 -1.24246662e+00 5.88667604e-01 -2.92723333e+04 1.37323774e+01
 -1.77028527e+01 -3.74828007e-01 7.49667037e-01 -7.12702064e-01 1.78564861e+04 1.34697567e+01
 -3.08135356e+00 -4.79605511e-01 1.86594361e-01 1.32625474e-02 2.76525908e+03 1.36581194e+01
 -9.76144788e+00 -3.18452877e-01 9.35303814e-01 -3.03781831e-01 3.56362314e+03 1.35680244e+01
 -1.14067103e+01 -7.64110784e-02 -1.04060213e+00 8.75947662e-01 -1.65700709e+04 1.35208908e+01
 -1.11164471e+01 -3.46183877e-01 -1.13230432e+00 -5.16917585e-01 -2.42060129e+04 1.35476858e+01
 -2.33451621e+01 8.88446713e-01 -1.63157338e+00 -7.22716425e-02 1.74358816e+04 1.33705965e+01
 -7.36121913e+00 1.46111168e-01 7.00229162e-01 2.89547056e-01 8.69832725e+03 1.36005100e+01
 7.39704248e+00 5.38069769e-02 3.58662622e-01 -1.90773946e-01 -1.75013027e+04 1.37923603e+01
 6.54905064e+00 8.60762469e-01 -6.95510716e-01 6.67350288e-02 -2.43234401e+02 1.37913216e+01
 -3.37591130e+01 8.71532643e-01 3.55625175e-01 -5.21660455e-01 3.59766099e+03 1.32463576e+01
 4.69053148e+00 4.89375386e-01 1.06068539e+00 8.13173866e-01 8.48499502e+03 1.37567435e+01
 -2.94832399e+00 6.58593344e-01 -1.99010102e+00 4.51418501e-01 2.31087170e+04 1.36449583e+01
 2.39462393e+01 -6.98738609e-01 -1.08945938e+00 1.76000001e-01 -2.23757329e+04 1.40209077e+01
 -9.30949147e+00 -3.03360766e-01 -1.82679773e+00 -3.05496733e-01 -1.08110304e+04 1.35771740e+01
 1.38608032e+01 3.27747835e-01 -1.95050344e-01 1.86589690e-01 6.70475241e+03 1.38702492e+01
 4.24506079e+00 1.32464420e-01 3.22497858e-01 2.47356647e-01 -1.97216685e+03 1.37427264e+01
 1.29685121e+01 6.20003581e-01 1.67774162e-01 1.20887628e-01 1.06966745e+04 1.38679683e+01
 1.58083100e+01 -6.95182677e-01 -3.41998797e-01 2.85098530e-01 3.48576765e+04 1.39095126e+01
 -1.26902376e+01 -1.95501288e-03 -1.90350169e-01 4.81419306e-01 -2.35700084e+04 1.35245511e+01
 1.85286031e+01 5.76240347e-01 -2.43781870e+00 -5.70914091e-01 2.12620162e+04 1.39561033e+01
 1.01696710e+01 -1.98800235e-01 1.63211797e-01 -7.76437222e-01 3.24630588e+04 1.38397581e+01
 1.60628191e+00 8.10503082e-01 -1.84146021e-01 -3.69801665e-01 -1.44536130e+04 1.37079955e+01
 6.88825677e+00 4.33574726e-02 -2.27040708e-01 -1.66968312e-01 1.05840259e+04 1.37997411e+01
 2.90812537e+01 2.16725771e-01 -7.34234348e-01 -9.69007942e-02 1.10381265e+04 1.41204085e+01
 3.40808817e+00 -9.70436855e-02 -3.09153390e-01 1.76366935e-02 -1.86235750e+04 1.37477182e+01
 -2.13070617e+01 -3.59845251e-01 4.30271389e-01 -8.00157883e-01 2.14977269e+04 1.34064664e+01
 1.21743587e+01 -7.39816867e-02 2.33708032e-01 -2.83379191e-01 -3.35823728e+04 1.38700657e+01
 -1.03089581e+01 -3.90346455e-01 -9.79683682e-01 -8.27842234e-02 1.40144220e+04 1.35582697e+01
 -1.14891778e+01 -7.38005829e-01 2.88009626e-02 -6.23155451e-03 -1.59397915e+04 1.35382707e+01
 1.56989171e+00 1.06304275e-01 -2.16335795e-02 1.85171907e-01 2.57916674e+04 1.37009870e+01
 1.98941349e+01 1.15343696e-01 2.08140986e+00 -3.37320691e-01 -7.00141132e+03 1.39683994e+01
 3.02465006e+00 -5.48594157e-02 -5.18663438e-01 5.65835303e-01 6.71844632e+03 1.37489968e+01
 -4.05037889e+00 -8.18344915e-01 -9.87326989e-01 4.08289818e-01 -2.00998552e+04 1.36590644e+01
 1.94600868e+01 3.06194819e-01 -1.97268798e+00 1.48161195e-01 2.98742298e+03 1.39820314e+01
 1.41980426e+01 1.04584400e+00 -1.54646442e+00 1.27357049e-01 2.35873008e+04 1.39014611e+01
 7.84152352e+00 1.79561140e-02 -4.40739986e-01 2.32603317e-01 -1.13026272e+04 1.37858560e+01
 -8.02743389e+00 -2.54799757e-01 -1.18354407e+00 -1.30457849e-01 1.85375654e+04 1.35943696e+01
 -2.04230297e+00 1.16863147e-01 -1.42824172e+00 1.42851929e-01 1.83875865e+04 1.36776868e+01
 -1.94134765e+00 -8.75599760e-01 -3.64722406e-01 3.21084647e-01 -2.76023289e+04 1.36599930e+01
 7.97830196e+00 6.11565715e-01 7.59888646e-01 3.24141428e-01 -1.78767130e+03 1.37815607e+01
 8.61564049e+00 5.92261100e-01 8.96030512e-01 9.00681789e-02 -1.36574451e+04 1.38072524e+01
 -1.37647753e+01 -5.00371134e-01 8.32787792e-01 -6.68175354e-01 -3.62195158e+04 1.35133174e+01
 -2.40858398e+00 -9.25508205e-02 4.20885384e-01 6.62105682e-01 -1.35978101e+04 1.36546702e+01
 -1.06923683e+00 -2.60645219e-01 1.97623569e+00 4.56703428e-01 1.54482529e+03 1.36818749e+01
 3.84758070e+00 -1.98691583e-01 -1.20350566e+00 -5.05384851e-01 -1.43149159e+04 1.37513626e+01
 -5.34642285e+00 -7.49209797e-01 -8.07208168e-02 5.49925201e-01 -2.35178378e+04 1.36230683e+01
 3.44672363e+01 -4.83532451e-01 2.50196509e-01 -4.06299506e-01 2.09146365e+03 1.41437173e+01
 1.22791430e+00 1.21489239e-01 -5.49426820e-01 -6.95878998e-01 2.93829160e+04 1.37306272e+01
 -2.01211684e+01 2.36569639e-01 5.90862265e-01 -1.26716627e-01 -2.73443811e+03 1.34201924e+01
 -7.42694107e+00 4.50692006e-01 -5.15365529e-01 3.18917638e-01 -1.28715133e+04 1.35962411e+01
 -4.12136852e+00 1.27806551e-01 -1.23181600e+00 -2.11880607e-01 3.67145706e+03 1.36103862e+01
 1.01036123e+01 1.24938497e+00 -8.55435548e-01 2.05350956e-01 -1.49191635e+03 1.38364219e+01
 -1.16380968e+01 5.48521564e-01 -3.25965354e-01 -1.08354451e-02 -1.31162125e+04 1.35521792e+01
 -1.37997470e+01 7.54603897e-01 5.13050031e-01 -1.10445586e+00 -1.26391544e+04 1.35285766e+01
 1.84441895e+00 -3.10758367e-01 2.93133645e-02 3.54966561e-01 -5.80042329e+03 1.37351223e+01
 -1.56502418e+01 -3.06542510e-01 -1.91681675e+00 9.24241216e-01 -9.47890426e+03 1.34807841e+01
 9.38100140e+00 -3.06095832e-01 4.02464067e-01 3.26188307e-01 -1.55798582e+04 1.38187288e+01
 1.71730474e+00 -4.36595593e-01 -1.47315474e+00 -2.88668489e-01 1.96170956e+03 1.37223139e+01
 3.27977141e+00 -1.84665580e-02 -1.89629348e-01 4.58076338e-01 -7.30390822e+03 1.37300530e+01
 -3.52577165e+00 -5.19589521e-01 -1.48433828e+00 -5.76757073e-01 1.80557811e+04 1.36355108e+01
 1.21034158e+01 6.69617201e-01 -6.30914577e-02 6.16671963e-01 -3.14553515e+03 1.38630751e+01
 1.87070995e+01 -2.47152173e-01 -6.51754943e-01 5.64491903e-01 -5.08673288e+03 1.39547106e+01
 -1.38803176e+01 -1.32607130e-02 -5.68006731e-01 -3.86877983e-01 1.12989392e+04 1.35058508e+01
 -4.88037780e+00 -7.00991958e-03 -7.73541099e-01 -3.61513905e-01 1.81871384e+04 1.36296888e+01
 1.93110677e-02 4.67248267e-01 -2.54728518e-01 2.20732249e-02 1.67032354e+04 1.36744476e+01
 -2.34700347e+01 4.61557939e-01 -2.13938897e-01 4.04267863e-01 -1.11107449e+04 1.33812461e+01
 7.34073013e+00 2.99886210e-01 -2.31520218e+00 8.37032896e-01 3.25277446e+04 1.38007089e+01
 2.28509537e+01 -2.92943849e-01 -1.01852620e+00 1.14681990e-01 1.11835581e+04 1.40131214e+01
 8.96954593e+00 2.21655408e-01 2.49254519e+00 4.52291697e-01 1.74306731e+04 1.38241000e+01
 1.77266213e+00 -1.81134815e-02 -5.70877407e-01 5.43946288e-01 -1.18245372e+04 1.37348693e+01
 -1.87886830e+01 -1.08972374e+00 2.40640198e+00 3.43330822e-01 5.81689221e+03 1.34446607e+01
 -1.18513008e+00 -2.45422286e-01 -1.29721229e+00 7.73679239e-02 -1.95803754e+04 1.36807792e+01
 -6.60392465e+00 -7.49006472e-01 -3.07647264e-01 3.86761285e-01 2.77554492e+04 1.36196816e+01
 -2.29866158e+00 3.15328318e-01 2.95024005e-01 7.81493733e-02 -7.01227649e+03 1.36736854e+01
 -2.60028891e+01 7.48268626e-01 5.53063056e-01 2.73467762e-01 1.51972937e+04 1.33460948e+01
 -4.86642458e+00 2.80759968e-02 1.25310638e+00 5.90862306e-02 -1.15873782e+04 1.36308170e+01
 -4.90093510e+00 -4.37256396e-01 -9.41661969e-01 -1.06413940e-01 -1.43870617e+03 1.36399156e+01
 -7.63219322e+00 -3.36693199e-01 1.42666408e-01 3.58511021e-01 -1.89435368e+03 1.36250290e+01
 -1.38228584e+01 3.88752773e-01 -9.67428636e-01 3.87300629e-01 -7.21334244e+03 1.35096543e+01
 -5.96551577e-01 -2.29728575e-01 1.28623419e+00 -4.37374014e-01 -1.33772965e+04 1.36819257e+01
 4.67571527e+00 -5.44611246e-01 4.35613588e-01 3.99563264e-01 -2.77802579e+03 1.37606970e+01
 -1.77626997e+01 4.42359220e-01 -1.81234047e+00 5.64200757e-01 -4.30962372e+03 1.34631002e+01
 -2.17518257e+01 7.20421520e-01 -1.03761177e+00 -9.83514035e-01 -3.89910554e+04 1.34036026e+01
 2.58387300e+00 -3.85143471e-01 -1.48734639e+00 1.97721360e-01 -3.68342072e+03 1.37362627e+01
 -7.71189341e+00 -1.62804295e-01 1.13132917e+00 4.56026188e-01 2.59238181e+04 1.36105174e+01
 -1.96311630e+00 8.36195023e-02 -3.90237368e-01 -1.36848518e+00 -1.69792949e+04 1.36533481e+01
 1.42527415e+01 -6.92217676e-01 -5.12641584e-01 -1.79875035e-01 3.40755599e+03 1.38824672e+01
 1.78737318e+01 3.81128481e-02 -3.91515020e-01 -3.80144237e-01 -1.88056961e+03 1.39343176e+01
 -1.36879452e+01 2.07473063e-01 1.65695224e+00 -4.29853460e-01 -8.79660153e+02 1.35105466e+01
 -1.71574612e+01 -1.18868511e+00 -6.52462260e-03 2.39565533e-01 -1.54214393e+04 1.34904099e+01
 1.83218369e+01 6.28213255e-01 7.67004752e-01 -5.38476211e-01 -4.37939613e+04 1.39751917e+01
 2.86661343e+00 4.21384174e-01 2.46694813e+00 -1.81879512e-01 -6.12623411e+02 1.37392073e+01
 1.36906454e+00 -5.55255705e-01 -9.21734586e-01 8.14456525e-01 8.29448449e+03 1.36948564e+01
 2.37115840e+01 2.25337000e-01 1.30300364e+00 -4.30551386e-01 4.17501872e+04 1.40022984e+01
 2.22618074e+00 -4.46172841e-01 1.46298830e+00 2.32674358e-01 -5.88118659e+03 1.37135429e+01
 4.35657813e+00 9.36774526e-01 -2.97355366e-01 3.32673061e-01 8.89828987e+03 1.37825173e+01
 6.52150315e+00 -6.27303836e-01 -6.66497306e-01 -6.10819321e-02 1.56386394e+04 1.38099476e+01
 2.63615370e+01 1.00020571e+00 -1.04734101e+00 2.63704420e-01 1.00966321e+03 1.40461250e+01
 -1.44847331e+01 -2.55983545e-01 -8.21205717e-01 -6.03021477e-01 7.49845986e+03 1.34915734e+01
 -1.02440371e+01 2.65715651e-03 9.88290377e-01 -3.60160610e-01 1.78178263e+04 1.35720346e+01
 2.04982521e+01 -8.23364392e-01 6.21890781e-01 -6.15084214e-01 8.86268605e+03 1.39913291e+01
 1.09634271e+00 7.96323075e-01 -5.98035537e-02 -5.95485127e-01 9.29650991e+03 1.37290532e+01
 -1.10104591e+01 1.81717131e-01 -9.80155857e-01 -9.43941523e-02 -9.57781825e+03 1.35367897e+01
 1.18878386e+01 1.54971350e-01 -1.22243501e+00 4.62347273e-01 -2.79992446e+04 1.38761388e+01
 1.82974207e+00 1.51000542e+00 -5.33162311e-01 7.35375053e-01 2.82800988e+04 1.37314475e+01
 -8.06681298e+00 3.93290813e-01 1.65607094e+00 4.47373041e-01 2.10247746e+04 1.35795741e+01
 3.05442541e+01 6.58493850e-01 9.35547084e-01 -2.29876664e-01 3.60074349e+04 1.41240024e+01
 -1.28270700e+00 6.20028409e-01 -1.16225531e+00 3.41213996e-01 -8.54324334e+02 1.36877851e+01
 1.64345013e+01 -9.00831507e-01 -5.12423875e-01 4.49876944e-01 1.49410571e+04 1.39361638e+01
 1.05061641e+01 1.65723422e-01 1.50839364e-01 1.87255786e-01 -1.38739782e+04 1.38312095e+01
 -6.00460200e+00 7.34208002e-01 -2.52841323e+00 -4.36223394e-01 -1.46427314e+03 1.36368258e+01
 2.55103929e+01 9.31140650e-01 5.40270994e-01 1.39395469e-01 -3.50962969e+02 1.40410656e+01
 -5.51836918e+00 2.50674653e-01 -1.69203229e+00 -4.34111703e-01 -2.84616407e+03 1.36303065e+01
 -4.17254609e+00 3.92387874e-01 -6.59213162e-01 -5.96740080e-01 -1.55316836e+04 1.36395183e+01
 2.20427637e+00 -5.78930367e-01 -2.65892615e+00 4.24565117e-01 -1.15062460e+04 1.37308082e+01
 -1.62800891e+01 -1.72803374e-02 6.02528201e-01 -6.36940136e-03 6.60527160e+03 1.34880902e+01
 -6.20100079e+00 -3.19001849e-01 -2.85745444e+00 6.29638104e-01 -6.73394092e+03 1.36093838e+01
 3.25392223e+00 8.41933429e-03 -1.27126565e+00 1.96182271e-01 -7.11649592e+02 1.37506741e+01
 5.99666787e+00 7.24115529e-01 -2.46987143e+00 2.85079596e-01 7.33928197e+03 1.37845441e+01
 1.50713327e+01 1.75148968e-02 -2.57321339e-01 4.60051758e-01 1.52048058e+04 1.39008445e+01
 -2.20739889e+01 -4.75363651e-01 -1.02615464e+00 1.05847117e-01 1.97251474e+04 1.33903305e+01
 -1.35185760e+01 -2.31308709e-02 5.94719387e-01 9.40717794e-01 3.07050629e+03 1.35274286e+01
 5.92895168e-01 6.24002427e-01 -3.95067595e-01 4.96221062e-01 -1.20703471e+04 1.37170298e+01
 6.71071802e+00 -6.75217900e-01 1.41504393e-01 -7.10591007e-02 -2.32215684e+04 1.37939326e+01
 9.55690009e+00 -1.03051514e-01 6.24233019e-01 2.07629605e-01 -3.58232953e+04 1.38322608e+01
 1.35730265e+01 7.32496438e-01 -1.28311776e+00 -1.07898832e-01 -3.19892580e+03 1.39104156e+01
 2.54293285e+00 -2.05840835e-01 -1.72861010e+00 2.33899672e-01 2.04185805e+04 1.37479987e+01
 6.49933544e+00 8.27403844e-01 -7.64748011e-01 2.61109338e-01 2.38272684e+04 1.37922649e+01
 3.49141605e+01 -4.44678477e-01 -7.88598451e-01 -1.18183673e-01 -7.12532812e+03 1.41621135e+01
 -2.60127060e+00 3.77041371e-01 -1.71541045e+00 6.54966584e-02 -1.29968800e+04 1.36875093e+01
 -5.60043975e+00 -5.68515963e-01 1.94593096e+00 2.85537205e-01 2.72376628e+03 1.36279665e+01
 7.47000965e+00 -9.44210245e-02 -1.42495978e+00 -1.04256370e-01 1.35111367e+04 1.37780686e+01
 -1.38252935e+00 -7.48697534e-01 -1.74365434e-01 1.21658822e-01 1.29363356e+04 1.36757653e+01
 1.46504687e+01 3.67535624e-01 1.67430561e+00 -1.06085055e+00 -1.82623640e+04 1.38942108e+01
 3.67368900e+00 3.15918313e-01 -3.25817559e-01 2.79280481e-01 -1.44214768e+04 1.37338751e+01
 -1.23110532e+00 5.44190582e-01 8.99541864e-01 5.94136528e-01 1.88520841e+04 1.36700765e+01
 -1.46380710e+01 8.66789586e-02 1.67524426e+00 -1.86931515e-01 -3.10532663e+04 1.34786616e+01
 1.13933882e+01 5.65860469e-01 -6.45911434e-03 -2.85434294e-01 2.96853599e+04 1.38718393e+01
 1.50097163e+01 -4.00558447e-01 9.19233939e-01 3.64416526e-01 1.57359175e+04 1.39039726e+01
 8.80021102e+00 4.39382340e-01 2.53789907e-01 -4.64248391e-02 1.19175451e+04 1.38159493e+01
 5.57266939e+00 4.02723206e-01 8.89806977e-01 -8.68247420e-02 -2.51163844e+04 1.37635591e+01
 1.31714916e+01 9.15677481e-02 -5.45179969e-01 2.00603840e-01 2.83977791e+03 1.38597497e+01
 -7.20335513e+00 -7.59475389e-02 3.63437911e-01 3.10372802e-02 1.93935525e+04 1.36019144e+01
 1.02389152e+00 2.58778097e-01 2.10317701e-01 2.02516237e-01 -9.15136904e+03 1.37239402e+01
 8.73362461e+00 -5.25625554e-01 1.76372012e-02 7.95204973e-02 -1.40643656e+04 1.37967450e+01
 1.01498491e+00 -3.61708581e-02 1.80053474e+00 9.65744404e-02 1.77465283e+04 1.37225203e+01
 -9.38394001e+00 -2.29731457e-02 -1.87057414e-01 -2.45253176e-01 2.06752578e+04 1.35716315e+01
 -4.14798527e+00 -2.98300343e-01 1.55292203e+00 4.40268183e-01 9.76987802e+03 1.36151830e+01
 3.53889585e+01 3.34876402e-01 -1.90264169e+00 3.44479900e-01 1.00564109e+04 1.41570161e+01
 8.74184411e+00 2.69186007e-01 1.19606755e+00 -1.33816620e-01 6.18645532e+03 1.38195282e+01
 -1.88301790e+01 8.96126626e-01 8.24698905e-01 6.49619850e-02 -5.51647102e+03 1.34392661e+01
 -1.02239693e+01 1.20863671e-01 -1.40637862e+00 5.85755335e-01 -2.26608687e+04 1.35616925e+01
 3.26047509e+00 -6.16402164e-01 4.96819977e-01 -1.24429226e-01 3.43429380e+04 1.37443495e+01
 1.18583993e+01 -8.23487649e-02 6.70790222e-01 2.38503517e-02 -5.74531357e+02 1.38644389e+01
 -2.57208545e+01 2.28709924e-01 -7.17006707e-01 1.00216853e+00 -8.75828882e+03 1.33548513e+01
 -1.22442570e+00 -3.18799623e-02 2.08874681e+00 1.76151116e-01 -3.66768989e+04 1.36791931e+01
 -2.70530428e+01 -5.94315653e-01 7.26679519e-01 2.39882980e-01 7.22238404e+01 1.33286196e+01
 -1.11102156e+01 -5.41468627e-01 -1.07991665e+00 -3.72535240e-01 1.97722620e+04 1.35363789e+01
 -8.20923481e+00 -1.22726799e+00 2.70669404e+00 3.63937370e-01 1.31358951e+04 1.35800561e+01
 -5.76843636e+00 -1.47382158e-01 -1.06030148e-01 1.22142683e-01 5.61875975e+03 1.36164740e+01
 6.07554814e+00 -3.06461540e-01 -2.28697734e+00 3.18090895e-01 8.67522662e+03 1.38081542e+01
 -2.06603877e+00 -4.33257491e-01 -4.55080196e-01 -6.20690607e-01 -1.89811018e+04 1.36814612e+01
 -4.94991697e+00 -1.96796405e-01 2.07529350e+00 1.95372095e-01 2.13042177e+03 1.36355994e+01
 1.54196391e+01 8.28611656e-01 -4.46181776e-02 6.47652552e-01 -3.84666538e+04 1.39055959e+01
 -5.88070479e+00 -2.91660752e-01 -6.41111794e-01 -3.19045121e-01 7.40655702e+03 1.36224707e+01
 -3.10611129e+01 3.25899092e-01 -5.26508407e-01 -1.86949257e-01 1.41036973e+04 1.32875965e+01
 -5.76665512e-01 -7.94860346e-01 1.09483540e+00 -3.20940935e-01 -8.87798562e+03 1.36805317e+01
 1.19836136e+01 -6.47309019e-01 8.22199436e-01 4.03157434e-01 1.49027584e+04 1.38720001e+01
 2.08575455e+01 2.76266300e-01 -6.09857019e-01 1.96013159e-01 2.57005494e+04 1.39777968e+01
 5.17252711e+00 2.54774664e-02 5.66362108e-01 -4.90825343e-01 -1.83385568e+04 1.37545652e+01
 5.62449911e-01 6.48826609e-01 5.41934422e-01 3.40694529e-02 1.26157021e+04 1.37123741e+01
 -1.56201761e+01 -4.36670028e-02 -1.10984028e+00 -3.24869425e-01 5.62319596e+04 1.34892156e+01
 1.72258267e+01 -3.49965248e-01 -8.77183824e-01 -1.90252808e-01 2.44213325e+04 1.39431522e+01
 1.64953272e+01 1.32878756e+00 3.51055032e-01 -2.31371515e-01 4.60515235e+04 1.39423447e+01
 1.02287861e+01 -1.02965310e+00 1.13429074e+00 -2.40575971e-01 -8.02137324e+03 1.38406983e+01
 -1.34922606e+01 1.37326100e+00 8.08431485e-01 4.29702238e-01 -1.07255385e+04 1.35194361e+01
 1.59420754e+01 -4.02569912e-01 -1.77483108e-01 -4.83652055e-02 1.21656533e+03 1.39063188e+01
 3.14075038e-01 -2.77403022e-01 -6.45040389e-01 -3.26321750e-01 1.87761203e+03 1.36848281e+01
 -2.91133402e+01 5.55559377e-01 -1.37017055e+00 4.99074379e-01 -9.13929534e+03 1.32863353e+01
 2.15616512e+01 -3.01224134e-01 -2.59676275e+00 6.36479736e-01 9.69311416e+03 1.39974205e+01
 -1.50664013e+01 -1.05474536e+00 2.51605204e-01 -3.71967752e-01 1.12951912e+03 1.34783817e+01
 1.58655759e+01 -1.08772836e-01 5.36854255e-01 3.61720819e-01 2.30306472e+04 1.39257944e+01
 3.31141805e+00 -4.45241057e-01 8.09912168e-01 8.67436533e-01 1.33333206e+04 1.37580249e+01
 -1.87076184e+01 4.39117954e-01 9.35919647e-01 -2.79229043e-01 -4.93090384e+04 1.34428222e+01
 8.43929284e+00 -4.39395410e-01 -1.17199482e-01 -4.52217617e-01 8.65177188e+03 1.38272050e+01
 -1.02104976e+01 -2.68538919e-01 1.41658337e+00 2.54506114e-02 -1.01653462e+04 1.35329449e+01
 4.76669471e+00 4.09234385e-01 -1.62721349e+00 -1.00453180e-01 -1.84563538e+03 1.37455105e+01
 9.56453184e-01 2.43189229e-02 -1.55836364e+00 9.38295908e-02 1.53066782e+04 1.37337825e+01
 1.33053666e+01 1.13422220e-01 1.44666833e+00 3.87116395e-01 -1.79706528e+04 1.39024493e+01
 2.42545908e+01 6.30228706e-01 9.75930911e-01 -3.23531795e-01 -3.64245804e+04 1.40334037e+01
 -1.38033097e+01 -2.20713722e-01 6.10882962e-01 -1.70572477e-02 1.23008538e+04 1.35038439e+01
 -1.05908743e+01 1.53420721e-01 6.92430980e-01 4.72729288e-01 2.13352086e+04 1.35487381e+01
 -5.36518342e+00 1.53209034e-01 7.46458776e-01 4.54729019e-01 1.99392406e+04 1.36088879e+01
 3.65660212e+00 5.35002449e-01 1.15909834e+00 5.96110731e-01 2.25448734e+03 1.37563668e+01
 -2.64696780e+00 6.74410732e-02 -4.94427121e-01 9.25974687e-02 -2.97454096e+04 1.36597150e+01
 -1.96287440e+01 4.74290578e-02 5.58666104e-01 3.00456127e-01 -7.40111675e+03 1.34113267e+01
 -5.92458712e+00 -2.47779390e-01 -1.35339839e+00 -1.76876345e-02 1.61979253e+03 1.36249618e+01
 8.66564307e+00 6.06549293e-01 6.96676871e-01 -3.15988355e-04 8.45051911e+02 1.37971955e+01
 -3.49285555e+01 4.80305293e-01 1.06468429e+00 1.22028187e-02 -3.68293373e+03 1.32345950e+01
 -1.30112644e+01 -4.70896129e-02 -2.21319942e+00 -6.87912117e-01 -1.85521317e+04 1.35326382e+01
 1.62433136e+01 -3.32717648e-01 5.75988993e-01 -1.91119738e-01 3.85990966e+03 1.39177972e+01
 4.24538866e+00 -1.04473536e+00 -1.10259593e+00 -3.48153290e-01 1.60998227e+04 1.37455087e+01
 -1.43077757e+01 -5.14263192e-02 7.14556184e-01 5.23464485e-01 1.92495742e+04 1.35152179e+01
 -2.07203194e+01 3.26192306e-02 -1.54096532e-01 3.42651516e-02 1.52392985e+03 1.33973940e+01
 -4.45900614e+00 -1.53722595e-01 -3.23643912e-01 -2.01063428e-01 2.69639778e+04 1.36349567e+01
 -5.16737404e+00 7.98159103e-01 -1.03877398e+00 -7.84802141e-02 3.86312724e+04 1.36229394e+01
 6.63769918e+00 2.58618176e-01 -1.32515218e+00 1.69420452e-01 3.07551071e+04 1.37977848e+01
 -2.52011715e-01 4.02913609e-02 4.20136417e-01 -4.82807978e-02 -4.56893831e+03 1.37083863e+01
 5.83319722e+00 3.35733623e-01 -3.86429698e-01 -6.25240871e-01 1.28560793e+04 1.37572185e+01
 1.59726555e+01 -4.23634429e-03 -8.29840944e-01 4.22218128e-01 6.03892345e+03 1.39160377e+01
 4.83709061e+00 4.92649886e-01 1.80652566e-01 1.62611424e-01 1.34053789e+04 1.37764308e+01
 -1.89073979e+01 -4.35433416e-01 -2.30596122e+00 -1.01027931e+00 -6.85860074e+03 1.34287710e+01
 -9.08790907e+00 4.34857994e-01 6.09689930e-01 7.17286324e-02 1.87295516e+04 1.35746066e+01
 -2.25076850e+00 -8.30250635e-01 -2.15520339e-01 -3.20895901e-01 9.79778629e+03 1.36633976e+01
 1.28873841e+00 1.06883518e+00 1.18120794e+00 3.64164451e-01 6.42725233e+03 1.37131172e+01
 -1.68234302e+00 1.87855234e-01 -6.36593707e-01 -1.41724566e-01 -1.15927417e+04 1.36912517e+01
 -3.60775982e+01 7.90671308e-02 -8.62920748e-01 -4.73898983e-02 2.15416848e+03 1.32093066e+01
 -1.24108046e+01 7.57582694e-01 -1.40086128e+00 -5.15209400e-01 -1.54378739e+03 1.35315147e+01
 1.53796130e+00 4.06512345e-01 1.25140130e+00 9.37058557e-02 -8.50983456e+03 1.37270122e+01
 -2.28620180e+01 -6.94652212e-01 -1.83359518e+00 -9.87958199e-02 2.36696494e+03 1.33961310e+01
 -8.10586016e-01 9.74631535e-01 -5.52272929e-01 2.45703299e-02 2.51043127e+03 1.37028864e+01
 1.45993753e+01 -4.98356201e-01 -7.70182365e-01 4.16133300e-01 8.24139269e+03 1.39006952e+01
 7.35742823e+00 5.69657072e-01 -4.55812460e-01 -4.07792159e-01 -2.37730792e+03 1.38099033e+01
 -1.64948222e+01 6.80844869e-01 -5.05588235e-01 2.03432433e-01 8.88433987e+03 1.34708857e+01
 -1.56406241e+01 4.37135428e-01 -1.01134331e+00 2.20027008e-01 -1.63487152e+04 1.34790100e+01
 2.03610741e+01 9.29147224e-01 1.60140897e+00 -7.21691073e-01 -2.06427306e+04 1.39697403e+01
 1.39146024e+00 -9.02958960e-01 2.43875429e-01 -4.04288535e-01 6.29856142e+03 1.37490969e+01
 -9.78835766e+00 8.32514908e-01 -2.38464287e+00 -3.65871464e-01 2.67636107e+03 1.35864891e+01
 1.03135818e+01 -1.61147094e-01 1.71663552e+00 3.79327564e-01 1.39982709e+04 1.38362389e+01
 1.35967116e+01 -6.21779389e-01 2.53233416e-01 -2.19615688e-01 -6.22427374e+03 1.38850581e+01
 -6.36532036e-01 1.02727324e+00 7.47625997e-01 -5.33694571e-01 -1.23992666e+04 1.36963279e+01
 -5.44564297e+00 -9.61182094e-01 2.46147722e-01 -9.38580476e-01 1.64926270e+04 1.36313308e+01
 3.06877358e+01 2.74710082e-01 -1.36224808e+00 -8.52291211e-01 1.15811791e+04 1.41072395e+01
 -5.67129294e-01 -2.26543537e-01 -1.30730961e+00 7.75034948e-02 -1.79311747e+04 1.36928799e+01
 -3.64467797e+00 -7.59003005e-02 1.35401162e+00 5.25522367e-01 3.34830383e+04 1.36402701e+01
 8.20453419e+00 -7.71099378e-01 -8.06375846e-01 1.06001520e-01 -1.41704541e+04 1.38267009e+01
 -6.25225744e+00 8.72521753e-02 1.84784558e-01 6.93124341e-02 -1.34845350e+04 1.36338680e+01
 1.16219986e+01 -6.25674521e-01 -2.79205621e+00 -3.40319031e-01 -1.27012436e+04 1.38547032e+01
 1.52726937e+01 -2.19592097e-01 2.01042185e-01 -3.90217968e-01 2.09518557e+04 1.39166834e+01
 3.04501791e+01 -3.96295920e-01 1.04963129e+00 1.93628254e-01 -2.46378646e+04 1.40881514e+01
 6.10634101e+00 4.27492071e-01 -4.49948753e-01 4.05544358e-01 7.59078782e+03 1.37728579e+01
 2.98359257e+00 -2.07141486e-01 5.44890143e-01 -7.15538918e-02 3.34485372e+03 1.37517990e+01
 7.34004765e+00 2.37710463e-01 1.18318243e+00 7.05905630e-01 1.32777708e+04 1.37930863e+01
 1.39370768e+01 -2.63388912e-01 1.16112672e+00 -3.26853474e-01 -2.67874192e+04 1.38876402e+01
 -1.96443111e+01 -7.09339989e-02 3.60192923e-01 -1.93037148e-01 -3.39791383e+04 1.34084360e+01
 -2.03276024e+00 -8.82139568e-02 -4.80137002e-01 6.45702362e-01 3.61230314e+04 1.36895263e+01
 4.72239857e+00 -1.72430150e-01 -2.56925433e-01 -3.81296532e-02 -1.12409237e+04 1.37342597e+01
 2.05578698e+01 -5.32485513e-01 1.58197620e+00 7.26221492e-01 1.64795075e+04 1.39769017e+01
 -2.20457172e+01 1.72981411e-01 1.61317282e+00 -1.66784841e-02 1.14283565e+04 1.34070783e+01
 2.35061600e+01 -2.10804313e-02 -1.32651294e-01 1.88194137e-01 9.95675469e+03 1.40190510e+01
 1.36681099e+01 -1.58903946e-01 1.51823193e-01 -3.78723126e-02 -1.34627006e+04 1.38825859e+01
 5.00506341e-01 -6.17645057e-01 -4.33974685e-01 1.29492635e-01 1.01686649e+04 1.37095597e+01
 8.61720780e+00 -1.78535438e+00 -7.61858471e-01 -5.31345149e-01 -2.62461628e+04 1.38088922e+01
 1.49005238e+01 8.18063252e-01 6.60546868e-01 -2.20872170e-01 2.23756121e+04 1.38978089e+01
 5.12582089e+00 -5.01431896e-01 1.06680599e+00 -9.92492096e-01 5.82602506e+02 1.37668605e+01
 -1.17238375e+01 -8.18974005e-01 1.78519206e+00 4.74757362e-02 -3.43202690e+04 1.35523541e+01
 -8.82304576e-01 4.49937895e-01 1.23945718e+00 -3.40657864e-01 -8.15700072e+03 1.36849570e+01
 1.24891990e+01 1.06620695e+00 1.36124963e+00 -4.92936457e-01 -8.48329027e+03 1.38649034e+01
 3.47155997e+01 1.35621688e+00 -1.35410155e+00 4.49866043e-02 1.85729726e+04 1.41657991e+01
 -1.91148980e+01 -6.82414175e-01 1.07280045e+00 -4.67317158e-01 4.03535155e+04 1.34656894e+01
 -8.31420909e+00 -4.68934112e-01 -1.76638181e+00 2.77163794e-01 -3.52123783e+04 1.35990142e+01
 6.82082583e+00 -9.69171576e-02 1.46162748e+00 1.95539295e-01 -2.45921869e+04 1.37915888e+01
 1.21481630e-01 -3.63366190e-01 -6.09913236e-01 -1.25730716e-01 1.04357960e+04 1.37019501e+01
 -9.13473240e+00 2.20047771e-02 -1.86558341e+00 2.23649295e-01 -2.00616214e+04 1.35576961e+01
 -1.17435264e+01 -3.10821515e-02 -1.23382277e-01 5.28365077e-01 8.71374710e+03 1.35377124e+01
 -3.99242154e+00 -9.98734370e-02 -3.67027863e-01 -3.12245453e-01 7.01278923e+03 1.36479524e+01
 1.69545592e+01 -4.61499764e-02 -1.99674417e+00 -3.24571183e-01 2.22557273e+04 1.39404053e+01
 -2.30942421e+01 7.94331085e-03 1.45757099e+00 8.49145030e-02 -6.27586420e+03 1.33709983e+01
 1.04851902e+01 -5.39332554e-01 -1.49177677e+00 -1.05294827e+00 4.14195951e+04 1.38466240e+01
 -3.09289024e+01 5.75630178e-01 1.46003141e+00 -5.20904799e-01 1.14834861e+04 1.32797406e+01
 -2.07662092e+00 -6.25945416e-02 -1.75873061e+00 -2.17929567e-01 -1.77541397e+04 1.36487033e+01
 4.86901010e+00 -4.80820730e-01 1.48454000e-02 8.11869232e-01 3.23399852e+04 1.37730286e+01
 9.84856000e+00 5.66257537e-01 -6.52908415e-01 4.88301964e-01 3.05675445e+04 1.38171150e+01
 -1.85604680e+01 -6.46831603e-01 -2.64817583e-01 -2.35510311e-01 -1.19886157e+04 1.34312385e+01
 6.45410467e+00 -1.56946825e-01 1.44763114e+00 1.17880943e-01 -1.76351933e+04 1.37898196e+01
 5.61570836e+00 -6.53561072e-01 -5.50575103e-01 2.28460517e-01 5.94467395e+03 1.37922778e+01
 -2.55532902e+00 -3.55898198e-01 4.30780542e-01 7.46578357e-01 -9.76012567e+03 1.36728537e+01
 1.25470666e+01 -5.47850263e-01 -5.81074676e-01 -6.10251379e-01 -3.92970028e+04 1.38762867e+01
 3.33891930e+00 -2.89116950e-01 -2.91709643e+00 1.57830960e-01 2.48050988e+04 1.37528060e+01
 -1.49307166e+01 -1.66014013e-01 6.23276974e-01 -3.86958747e-01 -3.97629703e+03 1.35033342e+01
 -7.28650215e+00 -1.85406618e-02 7.99479364e-01 7.27701295e-01 2.18255234e+04 1.35901822e+01
 3.36420012e+00 4.36017992e-02 -1.28702358e+00 4.94751441e-01 1.67619270e+04 1.37389636e+01
 7.59269196e+00 2.39394042e-01 -1.61061477e+00 2.98810942e-01 3.66927316e+03 1.38174761e+01
 7.35071325e-01 -4.91000868e-01 -9.04040828e-03 -2.15337560e-01 3.54090202e+03 1.37429309e+01
 -2.04505005e+01 -5.12214167e-01 -1.69701924e-01 -4.03961749e-01 2.38265933e+04 1.34244380e+01
 4.39744305e+00 -5.14035975e-01 -7.69490894e-01 2.19888891e-01 -1.08466958e+04 1.37564624e+01
 1.23181125e+01 -5.68314903e-01 -6.84123115e-01 3.17000637e-02 6.54900218e+03 1.38594541e+01
 1.44295912e+00 1.58085955e-01 -1.87370933e+00 -1.04749442e+00 -2.12914233e+04 1.37405115e+01
 -2.32519358e+01 -2.51827205e-01 1.67585141e+00 -2.34165007e-01 -4.01010221e+04 1.33879886e+01
 -4.18628258e+00 2.45812093e-01 2.13536505e-01 -1.88220869e-01 -2.73839252e+03 1.36469178e+01
 2.11961165e+01 -1.82477151e-01 -4.55775986e-01 -8.69024005e-01 -2.46648835e+03 1.39731984e+01
 2.51484882e+00 4.30365267e-01 -1.50855013e+00 4.06670426e-01 2.99757618e+04 1.37263528e+01
 -1.60247547e+01 4.58509842e-01 1.02533209e+00 -2.77930681e-01 1.75823834e+04 1.34698890e+01
 -1.61602451e+01 3.29317398e-01 7.52709779e-01 1.34210790e-01 7.72518458e+03 1.34740444e+01
 -8.87509110e+00 -2.17124953e-01 1.46184064e+00 6.64620421e-01 2.52418782e+04 1.35652578e+01
 4.45891655e+00 -3.07448619e-01 1.46846879e+00 -4.90145853e-02 -2.50569718e+04 1.37470859e+01
 2.38309865e+00 -3.11209244e-01 5.46666858e-01 -6.27151141e-01 5.06894296e+03 1.37449727e+01
 6.48479266e+00 -2.86360572e-01 1.83653994e+00 6.21945950e-02 -3.07816406e+03 1.38032892e+01
 2.06374831e+01 -3.81998487e-01 1.42048142e+00 1.65994753e-01 3.38635193e+04 1.39757866e+01
 -1.78882065e+01 -7.29773659e-01 -2.56386750e-01 -1.17023022e-01 -2.00760439e+04 1.34597155e+01
 -2.79768887e+01 -5.74747404e-02 3.86611106e-01 6.20081672e-01 -2.94702401e+04 1.33160535e+01
 -1.27924226e+01 1.24424419e-01 2.88762555e+00 2.94365617e-01 1.16069901e+04 1.35164984e+01
 -1.89240069e+00 2.04939952e-01 7.84337432e-01 -1.83559456e-01 1.03380864e+04 1.36769084e+01
 -2.97741455e+00 -9.27390479e-01 5.02548119e-01 3.53536016e-01 -1.80069646e+04 1.36604950e+01
 -2.27960569e+01 -1.43833925e-01 3.49379529e-01 -2.10450082e-01 9.46709439e+03 1.34101033e+01
 -3.05132258e+01 3.73283101e-01 -7.03144623e-01 9.22894395e-01 -2.92206737e+03 1.32669150e+01
 1.68517135e+01 7.21126727e-01 1.65978390e+00 2.74955479e-01 1.63407644e+04 1.39205767e+01
 -1.03178302e+00 -3.40357342e-01 1.26945479e-02 -5.23388793e-02 1.34018133e+03 1.36654901e+01
 9.13313752e+00 4.71365578e-02 -7.84721754e-02 6.09528298e-02 1.67405591e+04 1.38149362e+01
 -2.43734712e+00 1.97035688e-01 -5.07987188e-01 9.25711573e-01 7.73809702e+03 1.36871450e+01
 -7.51425987e-01 4.37831355e-01 6.84835391e-01 -6.17303773e-02 -9.19179181e+03 1.36974954e+01
 -4.61337714e+00 -2.06302895e-01 4.78524718e-01 -3.13054483e-01 7.36756331e+03 1.36374475e+01
 4.19916254e+00 1.77584539e-01 -6.78303570e-02 4.59942376e-01 3.05570164e+02 1.37508267e+01
 8.97562401e+00 -8.32144207e-01 -9.18451128e-02 3.84669591e-01 1.95656595e+04 1.38296298e+01
 1.16780114e+01 2.27415732e-01 3.55829733e+00 -4.21497645e-01 2.61190981e+04 1.38505236e+01
 3.08352039e+00 4.50764339e-02 6.67190308e-01 -3.16110394e-01 2.89723821e+04 1.37467348e+01
 -2.68705148e+01 7.37668001e-03 -9.70692843e-01 5.60986401e-01 -2.03833982e+04 1.33285661e+01
 -1.05433304e+01 4.48360822e-02 -9.12741227e-02 5.15289754e-01 -1.08924649e+04 1.35384932e+01
 1.01624607e+01 -1.70314308e-01 -5.21593826e-01 9.33666084e-02 -6.28336911e+03 1.38256338e+01
 1.18165153e+01 2.35082345e-01 -4.48180173e-01 -4.48698424e-01 -2.11268541e+04 1.38323607e+01
 2.92334284e+01 -1.24561266e+00 -7.58733153e-01 -2.74266359e-01 2.15440463e+04 1.41119978e+01
 3.89099491e+00 1.07034086e+00 -1.00506980e+00 1.54518130e-01 6.03405994e+03 1.37409370e+01
 -3.51938825e+01 -1.96954266e-01 -7.68966789e-01 -3.18746325e-01 3.04760982e+04 1.32291845e+01
 -1.07081286e+01 3.02903002e-02 -8.42462264e-01 1.16514614e-01 -1.21395638e+03 1.35697159e+01
 -1.38099443e+00 1.03042624e+00 -5.97157887e-03 -6.59388006e-02 1.77720006e+04 1.36711752e+01
 4.53844874e+00 5.45106380e-01 -4.54625654e-01 6.43958244e-01 -1.40976244e+03 1.37521002e+01
 1.30408539e+01 8.29757818e-02 3.73193701e-01 -1.85921712e-01 -9.30993988e+03 1.38867158e+01
 -1.30258128e+00 4.38155400e-02 -8.67920746e-01 5.47395087e-01 4.23349172e+02 1.36785532e+01
 2.41487522e+01 -1.36173916e+00 -2.58525651e+00 1.77465844e-02 2.44182048e+03 1.39993883e+01
 -3.25517175e+01 -5.61878976e-01 -7.44063569e-01 -1.68413283e-01 8.43149971e+03 1.32396564e+01
 -3.52446051e+00 1.89615726e-01 2.76286411e-02 9.25024140e-01 -1.84685995e+04 1.36625296e+01
 3.39610938e+01 4.11838847e-01 6.38538967e-01 3.69767698e-01 -6.72926082e+03 1.41675088e+01
 -2.11716966e+00 -6.96961145e-01 6.35013496e-01 3.56515819e-01 -1.61181039e+04 1.36783909e+01
 5.52105981e+00 5.59065792e-01 -1.35856797e-01 -5.38586615e-01 6.27240951e+03 1.37807144e+01
 -1.65643044e+01 4.58356427e-01 4.98540046e-01 -9.73716759e-01 5.66151920e+03 1.35040321e+01
 -1.92154413e+01 -5.96171498e-01 4.52414578e-01 -5.86547103e-01 2.10060366e+03 1.34316253e+01
 -1.74276780e+01 -1.81394494e-01 -5.56810870e-01 -5.23426226e-02 -2.40768067e+04 1.34638060e+01
 -4.53417992e-01 5.12221636e-01 -1.14053384e-01 2.52199566e-01 9.17260084e+03 1.36813900e+01
 3.55185307e+00 -2.69832975e-02 -1.43770576e+00 1.43380671e-02 -1.99678217e+04 1.37366957e+01
 -1.15529076e+01 -5.20151834e-01 -6.38127428e-01 3.01927919e-01 3.24854265e+04 1.35274535e+01
 2.12530752e+00 5.73381039e-01 2.18044022e+00 3.14126718e-01 -2.22374002e+04 1.37181683e+01
 -2.35176082e+00 -4.69542310e-01 -8.29319084e-01 2.11176295e-01 5.86908815e+04 1.36672337e+01
 1.65088722e+01 -5.17269034e-01 -1.69926815e-02 7.50759176e-01 5.23520941e+04 1.39343733e+01
 2.68732946e+00 9.44865911e-02 -2.92770359e+00 -2.78229897e-01 1.09972189e+04 1.37541092e+01
 -1.49304748e+01 6.22971047e-01 2.88427832e-01 5.39577489e-01 -1.40944808e+04 1.35045855e+01
 -3.07666744e+00 -4.43592559e-02 1.78840152e+00 6.96455489e-01 -8.27202387e+03 1.36438853e+01
 -3.26067726e+01 5.03455719e-01 5.32405575e-01 5.83196599e-01 3.55747842e+03 1.32373133e+01
 1.13412557e+01 -1.19011365e+00 -2.85547661e-01 1.25167124e-01 -2.65607741e+04 1.38430035e+01
 -6.80791901e-01 3.11938833e-01 1.56897021e+00 2.22939914e-01 3.97325003e+04 1.36866960e+01
 -2.48033613e+01 1.06874597e+00 -1.67594686e-01 -2.57546037e-01 -1.12817697e+04 1.33483855e+01
 -1.57793568e+01 -1.05454355e+00 -6.73136975e-01 -3.65784878e-01 -2.20000338e+04 1.34867985e+01
 -8.74669143e-01 3.97619159e-01 8.04942228e-02 6.55970014e-01 -1.49064664e+04 1.36828283e+01
 -1.26313681e+01 -1.05256913e-01 -4.74494555e-01 8.06175901e-01 2.10206665e+04 1.35223171e+01
 -8.92864968e+00 -6.08901426e-02 2.59050098e-01 4.36480326e-01 -1.11773165e+04 1.35630265e+01
 -2.99234409e+01 3.59960337e-01 2.78557747e-01 -2.18022700e-01 5.01792368e+03 1.32900337e+01
 -8.66554382e+00 -1.49703919e-01 -1.81018721e-02 -8.42130309e-01 -8.52118803e+03 1.35993395e+01
 2.04991003e+01 -2.56179993e-01 -1.81366982e+00 8.88906301e-02 7.67140569e+03 1.39608776e+01
 -1.83514342e+00 7.44406995e-02 -1.65432197e+00 -1.57717969e-01 5.41823783e+03 1.36494496e+01
 -3.83202214e+00 3.92212855e-01 1.68338121e+00 6.61805847e-01 -1.94921133e+03 1.36617729e+01
 6.59192517e+00 9.92440640e-01 -2.52302726e+00 -1.11269823e-02 2.40957520e+04 1.37890693e+01
 1.40375170e+01 -9.31610634e-01 1.42896870e-01 -8.30186135e-01 1.99911662e+04 1.38807777e+01
 1.90739911e-01 1.72887467e-01 1.16851890e+00 -3.77377066e-01 5.52369006e+03 1.36684544e+01
 2.01339610e+00 -2.99321118e-01 1.81357027e+00 -2.52152733e-01 3.10031657e+04 1.37303416e+01
 2.52694833e+01 -4.32433952e-01 4.69970868e-01 1.57625601e-01 -1.16205477e+04 1.40465479e+01
 4.38060488e+00 -2.25203336e-01 -1.87442950e-01 5.08351275e-01 -2.79901876e+03 1.37755654e+01
 6.75742946e+00 5.45405525e-01 9.40231356e-01 7.14598409e-01 3.72611727e+04 1.37820083e+01
 1.40979735e+01 -5.04467266e-01 5.52246216e-01 3.69668963e-01 -4.75533328e+03 1.38980870e+01
 1.43714749e+01 4.50324407e-01 1.03618619e+00 -2.22505987e-01 -1.23698236e+03 1.39068892e+01
 1.77783320e+01 -3.86509535e-01 -9.28361109e-01 -2.52165693e-01 2.15128136e+04 1.39236190e+01
 -2.13216134e+01 2.36088483e-01 7.39388667e-01 2.01482221e-01 -3.81457655e+04 1.34109511e+01
 2.19658326e+00 -9.82183227e-01 -2.89085227e+00 2.41980076e-01 2.45208566e+04 1.37269720e+01
 -3.27527976e+01 -4.91034754e-01 3.72872827e-01 2.66751486e-01 1.25836382e+04 1.32430115e+01
 -1.06491111e+01 -4.93354302e-01 -1.43141522e+00 6.64206800e-02 -6.62981857e+03 1.35440075e+01
 2.27698174e+00 1.94113314e-01 1.72357333e-02 3.75511171e-01 7.13869293e+03 1.37301979e+01
 -1.30943915e+00 -7.33941284e-01 1.07240995e+00 -4.75471081e-01 -3.10852896e+03 1.36789139e+01
 -6.40539959e+00 -1.22088191e+00 -1.24082538e+00 -3.76948598e-01 -9.81242243e+02 1.36253397e+01
 5.30465962e+00 -8.19792074e-01 7.12925451e-01 8.10475301e-01 -2.65924699e+03 1.37690497e+01
 -1.26038273e+01 6.74255014e-01 -4.67777244e-01 8.53859239e-01 2.19015467e+04 1.35183462e+01
 3.82285362e+00 3.85885560e-01 -2.75835204e-01 -1.52215950e-01 -3.89687296e+03 1.37441544e+01
 -1.76834333e+01 -1.17209295e+00 1.73643611e+00 -4.85863659e-01 5.48250246e+03 1.34721043e+01
 -2.75546661e+00 -1.26176186e+00 -1.27244880e+00 3.97751874e-01 1.93980438e+04 1.36308258e+01
 3.97991658e+00 6.81967723e-01 -8.13668382e-01 3.52194784e-01 -3.46478261e+04 1.37566802e+01
 8.61427304e+00 -5.96271485e-01 -6.45912512e-01 1.97199262e-01 1.79177630e+04 1.38095557e+01
 -5.11288925e+00 -5.13144650e-02 -2.08254601e+00 -5.23686079e-01 -9.57725713e+03 1.36384222e+01
 1.08816640e+01 -1.33089566e+00 -1.01975658e+00 -4.98904583e-01 -1.46476948e+04 1.38266343e+01
 -6.99688672e+00 -5.85924345e-01 7.34648073e-02 6.54683850e-01 -1.68233602e+04 1.36004286e+01
 1.51953510e+01 -3.67623553e-01 -1.80967689e+00 6.25356412e-01 2.96546054e+04 1.38837220e+01
 -2.23685739e+01 7.41857333e-01 5.61501527e-02 2.00274181e-01 2.48122735e+04 1.33856174e+01
 2.14929707e+01 6.27711091e-01 -7.27496237e-01 4.78974622e-01 -5.62068981e+03 1.39892819e+01
 2.77464512e+00 1.00536290e-01 -9.89068983e-01 -4.45832225e-02 -3.58552969e+03 1.37418848e+01
 -3.13084074e+00 -6.71774431e-01 -2.41402484e-01 -3.90134711e-01 1.79589918e+04 1.36657400e+01
 -1.36920878e+01 5.53364524e-01 5.52935227e-01 -2.63060483e-01 3.33824313e+04 1.35387434e+01
 -8.39232886e+00 3.27459179e-01 -2.59514823e+00 1.04574086e-01 -7.33401060e+03 1.35799012e+01
 -1.68720954e+01 1.59308443e-01 -1.35759900e-01 5.41371995e-02 -3.97252283e+04 1.34622672e+01
 1.25735297e-01 9.54335786e-01 4.39817284e-02 -2.65700713e-03 -3.50957107e+04 1.37063153e+01
 -3.37341455e+00 7.01997158e-01 -1.46135102e+00 -7.40150006e-01 1.34783247e+04 1.36556561e+01
 1.85016652e+01 5.61360961e-01 -1.86865016e+00 5.56561027e-01 -1.51303758e+04 1.39508532e+01
 5.20159295e+00 1.70557781e-01 -1.85497744e+00 2.49510651e-01 9.49300836e+03 1.37780351e+01
 -1.99968700e+01 -5.01718273e-01 9.67051913e-01 1.33775716e-01 -3.33869352e+03 1.34292014e+01
 -1.28876831e+01 4.26113468e-01 1.25696753e+00 9.87821613e-01 4.98766434e+04 1.35489492e+01
 1.41473137e+00 7.02597871e-01 1.13564551e+00 -9.94981334e-01 1.24288038e+04 1.37223064e+01
 -2.30161545e+00 4.12601103e-01 -1.75858197e+00 3.17628819e-01 9.42371088e+02 1.36718666e+01
 1.41228026e+01 4.44348399e-01 -4.70455319e-01 1.65487167e-01 5.55223535e+03 1.39012673e+01
 -1.11577518e+00 3.14098310e-01 -1.26464281e+00 -6.92271680e-01 3.28437540e+04 1.36757589e+01
 -1.89591953e+00 -4.88157694e-01 2.74980238e-01 -1.82336162e-01 4.88529994e+03 1.36750849e+01
 -1.39524430e+01 -9.61612946e-01 1.09692249e-01 -1.12668992e-02 -5.79111042e+03 1.35198231e+01
 2.23073071e+01 3.16024199e-01 8.99382669e-01 -1.44359338e-01 1.83261941e+04 1.39967317e+01
 5.78947598e+00 1.10500547e+00 -7.17324722e-02 -5.37240088e-01 2.27905818e+04 1.37534705e+01
 3.82377834e+00 -4.67858527e-01 -1.12612789e+00 7.38476618e-01 -1.04572132e+04 1.37525002e+01
 -2.88775678e+00 -7.82779393e-01 -4.16605852e+00 5.28383624e-01 2.00728639e+03 1.36491622e+01
 -3.87721806e+00 -1.51664231e-01 1.88921870e+00 -1.68629828e-02 2.41678974e+04 1.36369434e+01
 -2.04492421e+01 -6.19731232e-01 -1.83269691e-02 2.40003139e-01 3.47911537e+04 1.34041072e+01
 -8.40756006e-01 -1.57841097e-01 -1.07702656e-01 -1.15006741e-01 1.18788231e+04 1.36736614e+01
 -5.66098175e+00 -1.63479100e-01 1.20520883e+00 5.02748169e-01 -1.09792077e+04 1.36202861e+01
 2.34520155e+01 5.22490166e-01 -1.54925675e+00 -1.26592255e+00 2.69973628e+04 1.40252726e+01
 5.56275633e+00 -1.88340559e-01 7.18954631e-01 -3.86779543e-01 -6.05574005e+03 1.37523388e+01
 2.15959293e+01 7.39466475e-02 -2.85027021e+00 1.45724728e-01 -1.84074325e+04 1.40045588e+01
 1.74114920e+00 -3.91335171e-01 2.12041450e-02 2.08018347e-01 6.51018849e+03 1.37187621e+01
 -7.88468356e+00 -7.93990176e-01 -6.54583051e-01 3.00790224e-01 1.19937496e+04 1.35820477e+01
 -1.65097738e+01 -1.02341409e+00 9.04651521e-01 -3.65469529e-01 -1.32826596e+04 1.34741803e+01
 1.30915403e+00 -3.89194106e-01 -1.02951259e-02 -2.79656904e-01 7.61096584e+03 1.37093121e+01
 3.84004867e+00 -8.63121728e-01 2.01419373e+00 4.02146686e-01 -3.12767095e+04 1.37538724e+01
 -6.76366248e+00 6.79733265e-01 1.21305790e+00 9.69743979e-02 -1.91172763e+04 1.36078661e+01
 1.47867448e+01 2.73922255e-01 6.16319643e-01 -2.10345328e-01 -1.86453828e+04 1.38880346e+01
 -1.55958160e+00 3.45160970e-01 -2.27772453e-02 -4.35846042e-01 7.72523382e+03 1.36730279e+01
 -2.38993952e+01 3.27717612e-01 2.22242895e-01 -2.10227029e-01 -2.57471623e+04 1.33544927e+01
 -1.32827127e+01 1.48514088e-01 7.11075723e-01 2.26903317e-01 2.52404306e+04 1.34930370e+01
 -5.73933854e+00 -1.19351647e-01 -9.91764904e-01 -4.52611178e-01 -9.97386085e+03 1.36003690e+01
 -2.17627386e+01 -3.28981018e-01 -3.63322618e-01 -3.56666981e-01 1.30143983e+04 1.33826888e+01
 2.56837020e+00 -4.58072656e-01 2.15904655e+00 4.77083993e-01 -4.88631362e+04 1.37254573e+01
 -1.72852182e+01 5.26869279e-01 1.00416994e-01 2.92658582e-01 3.42624112e+04 1.34791984e+01
 6.92144985e+00 -3.64815153e-01 1.30218164e+00 2.34893381e-02 -1.27353714e+03 1.37830961e+01
 -2.20898113e+01 -6.63964682e-02 1.62202880e-01 1.37314004e-01 -1.57271480e+04 1.33801607e+01
 -1.15161391e+01 -4.45392406e-01 -1.05693673e+00 8.43467649e-02 -1.29881733e+04 1.35364380e+01
 1.49017303e+00 2.51662138e-01 1.81612277e-01 1.27381401e-01 1.00304445e+04 1.37015048e+01
 -1.63553042e+01 -1.00827001e+00 5.78192659e-01 3.23350837e-01 -1.48404500e+04 1.34750315e+01
 1.06353277e+01 7.09776922e-01 8.74801180e-01 7.34352880e-01 -5.52245804e+03 1.38342727e+01
 6.57361819e+00 8.94776744e-02 6.08224858e-01 -3.94373264e-01 4.17422319e+04 1.38083125e+01
 -3.26792986e+01 6.03035743e-01 1.60196611e+00 5.18682034e-01 2.90640798e+04 1.32369404e+01
 6.29539047e-01 -9.61948597e-01 -3.84926602e-01 4.50701057e-01 1.49890064e+04 1.37234638e+01
 2.58595137e-01 -4.53576620e-01 7.65103807e-01 -5.58511256e-01 -2.49586317e+04 1.36933899e+01
 -4.03179820e+00 2.97151000e-01 2.99646626e-01 4.97506639e-01 -2.95926774e+03 1.36545492e+01
 1.39088418e+00 2.50729584e-02 -2.28814974e-01 4.22348037e-01 -7.20026448e+02 1.37130828e+01
 -2.08735518e+01 -1.10262090e-01 1.41928961e-01 -4.77599432e-01 -2.47032345e+04 1.34199382e+01
 -7.76458510e+00 -2.62691685e-01 9.59901093e-01 1.03581796e-01 3.42785886e+04 1.35977627e+01
 1.53562906e+01 4.07529983e-01 3.62230408e-01 3.15463007e-01 -1.48021558e+04 1.39106136e+01
 1.04783081e+01 -5.14908631e-01 1.40174215e+00 3.60160365e-02 -3.60725217e+03 1.38468705e+01
 -1.89509039e+00 -3.74418471e-01 5.21970877e-01 5.83683741e-01 -2.05918668e+04 1.36824149e+01
 2.91892674e+01 2.37784297e-01 6.23749051e-02 1.04966995e-01 -3.99153534e+02 1.40923450e+01
 8.44463829e+00 7.63455075e-01 6.62585696e-01 -1.49131363e-02 9.38121813e+03 1.38133265e+01
 5.49339845e+00 -1.04423601e+00 3.15736415e+00 -8.97269865e-01 -5.40613495e+03 1.37703126e+01
 -1.00989997e+01 6.67888441e-01 1.77239588e-01 4.27068597e-01 -6.90043086e+03 1.35812476e+01
 -8.05477394e+00 -1.15809951e+00 1.42154657e-01 -1.92917848e-01 -2.70340243e+04 1.35789894e+01
 -1.95771284e+01 -1.15267997e-01 1.09346809e+00 -3.48779016e-01 3.59516443e+03 1.34135617e+01
 3.47787971e+01 -6.98947270e-01 -1.63808094e+00 -1.23158151e-01 4.63396317e+03 1.41584921e+01
 -9.34338988e+00 3.60472593e-01 -3.41391094e-01 -4.81696428e-01 -6.46669794e+03 1.35441609e+01
 4.41451707e+00 7.17200604e-02 -1.23498310e+00 -6.12545901e-02 1.22281602e+04 1.37578186e+01
 -4.11503469e+00 -3.27001392e-01 6.98935991e-01 1.36248914e-01 2.22880766e+04 1.36505381e+01
 1.40467334e+01 9.19901632e-02 1.93604287e+00 -1.02897265e-01 4.86778165e+03 1.38636246e+01
 4.31738994e-01 1.59186510e-02 -3.13261968e-01 -8.70914817e-01 1.40386625e+04 1.37100278e+01
 -5.51247885e+00 5.89572855e-01 -1.83591735e-01 2.19973313e-01 1.90140348e+04 1.36314949e+01
 -1.71532677e+01 -3.90066821e-01 1.08251609e+00 4.98328415e-01 -3.55443244e+04 1.34553171e+01
 2.48242524e+00 7.38244725e-02 1.43821658e+00 1.35329697e-01 2.18675331e+03 1.37206431e+01
 7.67829212e+00 5.32695221e-01 -3.62963017e-01 6.00739623e-02 -1.34024165e+03 1.37896987e+01
 -1.59539062e+01 -2.10860531e-01 1.40160117e+00 2.18734247e-01 3.56613151e+02 1.34936436e+01
 2.17090182e+00 3.61452962e-01 6.90805345e-01 -2.17070118e-01 6.19954121e+03 1.37274163e+01
 -1.12651644e+01 3.73730305e-01 3.31103634e-01 7.14051121e-01 -8.80795618e+02 1.35739101e+01
 -6.87675263e+00 -4.04448488e-02 4.60267886e-01 3.67464857e-01 -8.04286926e+03 1.36111684e+01
 2.25875862e+01 4.72117637e-01 1.02294215e+00 -5.07812490e-01 -2.22759293e+04 1.40062866e+01
 1.24082657e+01 6.35855697e-01 -4.46968702e-02 -4.46714563e-01 1.45080295e+04 1.38476540e+01
 8.50295818e+00 3.62982936e-01 -1.56848474e-01 3.83969862e-01 1.12806375e+04 1.37990567e+01
 -4.16839826e+00 -5.80854752e-01 1.18727983e+00 -4.84450034e-01 -2.55781833e+04 1.36317029e+01
 -2.43404075e+00 -1.27520051e-01 -9.12046038e-01 7.73538378e-01 2.18552270e+04 1.36667510e+01
 6.14274378e+00 6.62980199e-01 -9.35417229e-01 2.07596869e-01 1.23273361e+04 1.37919883e+01
 -2.10059477e+00 -1.01337264e+00 -2.64358716e-01 -5.49991883e-01 -2.00351872e+04 1.36678065e+01
 -4.63490240e-01 -7.33578546e-01 2.71326296e-01 -6.29642928e-01 -3.08301293e+03 1.37036955e+01
 -3.66371387e+00 2.86984005e-01 -2.23478594e+00 -2.33551833e-01 -3.16864249e+04 1.36514284e+01
 -2.06465635e+01 -3.43031434e-01 -1.01085782e+00 1.52684253e-01 -1.76180765e+04 1.34262053e+01
 5.17735500e+00 1.12441703e+00 1.32526590e+00 1.58076508e-01 4.34804679e+03 1.37693459e+01
 -7.80647639e+00 1.64470301e-02 -2.78016697e-01 -5.31928041e-01 -8.70857729e+03 1.35882486e+01
 3.08051434e+01 -3.99481324e-01 1.63610279e+00 3.72425284e-01 -2.59333561e+04 1.41290721e+01
 1.38478711e+01 4.23202094e-01 -2.52923128e+00 3.26273609e-01 1.70552781e+04 1.38817520e+01
 -1.51770284e+01 4.09792833e-01 -2.21104505e-01 4.79510525e-01 1.98716191e+04 1.34807678e+01
 1.37901319e+01 -2.56912787e-01 2.08056508e+00 -3.27243148e-01 2.08792475e+04 1.38919088e+01
 6.69499200e+00 -4.08523390e-01 9.77878482e-01 4.69826944e-01 -2.40732913e+04 1.38090631e+01
 -2.53930991e+01 8.76988941e-01 1.27872010e+00 3.84164222e-01 -7.75644387e+03 1.33444010e+01
 -7.15533394e+00 -6.67671375e-01 8.14896495e-01 3.66805165e-01 -3.34590625e+04 1.35959820e+01
 -2.34283729e+00 1.06757093e-01 2.11410525e-01 6.15355929e-02 -2.59285397e+04 1.36639859e+01
 -1.49556510e+01 1.07774714e+00 1.79778808e+00 1.15952143e-01 -5.87154874e+04 1.34664805e+01
 -1.10840833e+01 7.16988516e-01 5.80488521e-01 4.70516889e-01 1.14652418e+04 1.35581046e+01
 -6.64654406e+00 1.05449938e-01 1.23399480e+00 8.56270975e-01 -2.47389696e+03 1.36258159e+01
 5.34746543e+00 1.38547814e-01 1.24794374e+00 -2.14753783e-01 -2.07188514e+04 1.37798200e+01
 1.58818051e+01 -2.79063533e-01 7.08465000e-02 -2.88167203e-01 2.86678153e+04 1.39005584e+01
 1.26414517e+01 2.01872275e-01 -1.55154588e+00 -3.98541425e-01 1.80802178e+04 1.38835582e+01
 -2.86968193e+00 -1.39453695e-01 9.91985319e-01 -1.71917879e-01 1.63734509e+04 1.36613387e+01
 4.04291494e+00 -1.79642069e-01 -2.41803274e-01 6.90998777e-01 -4.82015667e+04 1.37441474e+01
 4.74883894e+00 -1.06733629e+00 -2.25210418e+00 -5.07695434e-01 -8.45090343e+03 1.37452040e+01
 8.96802066e+00 4.56761169e-01 6.66535495e-01 -2.16698618e-01 5.31053542e+03 1.38097306e+01
 -2.17514565e+01 -9.46408200e-01 1.71597704e+00 -3.63356479e-01 1.22045500e+04 1.34143224e+01
 8.24785240e+00 7.41093895e-01 2.75376083e+00 2.59567389e-01 -3.50751081e+03 1.38230483e+01
 -4.87134261e+00 5.77739691e-01 5.31463215e-01 4.03016982e-01 -1.08456063e+04 1.36130754e+01
 -3.34251539e+00 -1.56795035e-02 -6.01402769e-01 -5.78392688e-01 8.55689269e+02 1.36690373e+01
 -4.29067063e+00 -2.33475467e-01 1.30713721e+00 6.16520109e-01 -1.13282539e+04 1.36437239e+01
 1.50713424e+00 4.06320334e-01 9.99160101e-02 -1.84849155e-01 1.30789987e+04 1.37270197e+01
 7.38878485e+00 3.18177787e-01 -9.69033979e-01 -5.92359687e-02 -1.57416373e+03 1.38214666e+01
 -1.65216297e+01 -1.00490076e+00 2.55444027e+00 -5.91098321e-01 -2.16073648e+04 1.34936917e+01
 -1.96105667e+01 1.96405602e-01 -5.77338639e-02 -4.33570600e-01 3.61328281e+02 1.34396752e+01
 -7.91225009e+00 -3.55494295e-01 9.09523338e-01 1.43752236e-01 2.33524541e+04 1.35739056e+01
 -1.97700569e+01 -8.16059364e-01 1.16129578e+00 -5.86296178e-02 -5.53907689e+03 1.34070858e+01
 -1.48367736e+01 -2.50281455e-01 2.53399555e-02 -3.53532687e-02 -2.15046507e+02 1.35144398e+01
 -1.38332386e+01 5.79257263e-01 1.07688588e-01 3.59438345e-01 -3.42949861e+04 1.35214347e+01
 -2.04933083e+00 -4.81863334e-02 -1.02573073e+00 -5.82307044e-01 -4.93689374e+03 1.36924973e+01
 4.84568787e+00 9.80144885e-02 -2.06522855e+00 -1.77555299e-01 -9.40881484e+03 1.37305891e+01
 4.39001188e+00 -5.82767168e-01 -1.04699889e+00 4.76307854e-02 -2.19406135e+04 1.37701373e+01
 -1.59299858e+01 -2.29476179e-01 -4.36724045e-01 7.67420298e-01 1.19031952e+04 1.35002749e+01
 2.03214051e+01 7.47870115e-01 -1.15182274e+00 1.52024229e-01 -3.01115610e+03 1.39957484e+01
 -1.57679047e+01 5.25134561e-01 2.02095833e+00 5.69336193e-01 2.57001413e+03 1.34868707e+01
 6.95833308e+00 -1.86994305e-01 -7.90288603e-02 -7.16904650e-01 3.31441133e+04 1.37987347e+01
 -2.74811625e+01 -2.03746583e-01 -5.83430712e-01 6.57299687e-01 -9.08915600e+03 1.33114198e+01
 7.63556293e+00 2.94178546e-01 -1.29325884e-01 -4.33079498e-01 -5.24293262e+04 1.37899060e+01
 -3.62242571e+00 -7.32705598e-01 -1.14519301e-01 -4.74968012e-01 2.89359499e+04 1.36676479e+01
 -6.48576817e+00 6.12113660e-02 -1.23559006e+00 -9.96628550e-02 -2.64659322e+04 1.36207246e+01
 -4.43212217e+00 -5.32338991e-01 1.03634031e+00 1.55923605e-01 6.05045815e+03 1.36343148e+01
 -3.97211553e+00 3.88311530e-01 3.78845259e-01 -8.45919792e-02 -1.58552446e+04 1.36391739e+01
 -2.41471554e+01 -5.50671700e-01 -9.38646547e-01 8.18308340e-01 -7.54900914e+03 1.33713578e+01
 -1.11560077e+01 -6.35202350e-01 -8.79348313e-02 -2.92754991e-01 1.23319771e+04 1.35490416e+01
 -2.99685690e+01 8.33217095e-01 -1.21800554e+00 3.55390182e-01 -1.47699272e+04 1.32614589e+01
 2.73601206e+00 2.14585876e-01 -6.43377419e-01 -3.87652834e-02 7.92887740e+03 1.37181706e+01
 1.92124105e+01 -3.59351418e-01 -1.24474238e+00 -1.21128922e-01 -1.05798065e+04 1.39606898e+01
 -4.08010410e+00 1.13432699e+00 7.76488612e-01 1.36278411e-01 5.45739689e+02 1.36342260e+01
 1.09911765e+01 -8.64788484e-01 -1.51497141e-02 -3.23205676e-01 3.95327050e+04 1.38533859e+01
 1.21259097e+01 2.49198372e-01 -5.55702967e-01 7.53446005e-01 -4.23935668e+02 1.38666322e+01
 8.88272986e+00 -7.61115560e-03 7.87844157e-02 6.79326148e-01 -7.70250094e+03 1.38390659e+01
 9.17450982e+00 -5.59039331e-02 2.69780381e-01 -6.58562482e-01 -1.14825180e+04 1.38012141e+01
 -2.70620486e+01 7.46133675e-01 -9.30859788e-01 2.55927786e-01 1.95210976e+03 1.33347228e+01
 -1.27331126e+01 7.39047371e-01 -1.59324410e+00 -2.36493244e-01 1.37170298e+04 1.35226748e+01
 -6.50254364e+00 -2.10389261e-01 7.68741555e-01 5.14547001e-01 2.25564386e+04 1.36046427e+01
 2.03059525e+01 2.17149419e-01 -1.66826915e+00 -2.82291368e-01 1.19657259e+04 1.39738831e+01
 3.63367767e+00 -5.87592080e-02 -3.09220166e+00 -3.33237656e-01 -8.29849081e+03 1.37407041e+01
 6.25379512e+00 4.97849743e-01 3.02401196e-01 -6.56432180e-01 4.71107303e+03 1.37961932e+01
 -8.75634215e+00 9.64458979e-01 -1.49786903e+00 -5.01221107e-02 1.58585327e+04 1.35972184e+01
 1.45263472e+01 -7.38735479e-01 -6.23491666e-01 -8.20562943e-02 2.36263338e+04 1.38940147e+01
 4.79498370e-01 -3.49842591e-01 -1.31978121e+00 3.30689662e-01 2.80925777e+03 1.36845168e+01
 1.29500623e+01 1.55473214e-01 9.06698693e-01 -1.25261990e-01 1.86793213e+04 1.38650825e+01
 -1.73910012e+01 -9.44403801e-01 -9.42386604e-03 2.47122568e-01 -6.57120694e+03 1.34636318e+01
 1.04214372e+01 -5.85392718e-01 6.00440964e-01 -5.85186145e-01 1.62144699e+04 1.38488488e+01
 -1.62769464e+01 -5.41693726e-01 -2.10052311e-01 -9.73137065e-01 1.26383764e+03 1.34928931e+01
 -5.38068392e+00 -1.28063746e+00 -9.64244333e-01 -4.82479214e-01 3.03716971e+04 1.36001521e+01
 -2.86825879e+01 -9.51934942e-01 1.04114118e+00 7.20752839e-01 -5.69026899e+02 1.33094148e+01
 -1.46431098e+01 1.69456179e-01 1.22258442e+00 4.01913707e-02 -1.87555331e+04 1.35032596e+01
 1.02777425e+01 -6.23906611e-01 2.13945693e+00 -2.32092954e-01 -6.76175698e+03 1.38195135e+01
 -5.53732670e+00 2.98461208e-01 1.30698555e-01 -1.08398254e+00 -6.47862541e+03 1.36211423e+01
 -4.39883050e-01 2.72535749e-01 3.09186317e-01 1.17661580e+00 1.52262316e+04 1.36837398e+01
 1.65447909e+01 9.95245172e-01 4.29789053e-01 8.27056695e-03 1.50993050e+04 1.39138000e+01
 -2.73997206e+01 4.60413629e-01 -6.98611530e-02 7.20845635e-01 1.42915477e+03 1.32986851e+01
 1.79421213e+01 -7.40735455e-01 -1.96729360e+00 8.70812564e-01 -2.67887989e+03 1.39321405e+01
 6.38474626e+00 2.15628630e-01 -5.26617939e-01 2.35602991e-01 -3.83353716e+04 1.37841187e+01
 6.03285322e+00 -4.30204670e-01 1.38377170e+00 1.90380115e-01 -1.32506077e+04 1.37713854e+01
 -9.64585013e+00 -1.32539328e+00 -2.12330029e-01 1.45041752e-01 -2.96342250e+04 1.35606568e+01
 -3.49205579e+00 2.65442733e-01 2.66113792e-01 4.21432233e-01 -2.94802542e+04 1.36630612e+01
 1.25271098e+00 4.76970113e-01 5.71015153e-01 -8.69222331e-02 7.85195444e+03 1.37104805e+01
 -6.67083687e+00 -7.88764054e-01 -1.95657914e+00 3.46648523e-01 2.00363950e+04 1.36009537e+01
 4.20238281e+00 -2.42327250e-01 -3.01338592e-01 -4.60681021e-01 -1.68814428e+03 1.37553780e+01
 -1.34917706e+01 -5.08579186e-02 1.81160670e+00 4.24368994e-02 2.22816571e+04 1.35047840e+01
 -1.63542516e+01 -2.04442541e-01 3.33792931e-01 5.13267932e-01 -9.68492125e+03 1.34841850e+01
 -8.30279719e+00 -1.46665932e+00 -2.12815464e+00 -2.66269495e-01 -6.77949955e+03 1.35671563e+01
 2.41013440e+01 -7.11451229e-01 -2.81996025e-01 3.07712282e-01 -2.85477245e+04 1.40266897e+01
 9.10801739e+00 1.57842159e-01 5.34858352e-01 -6.78893882e-01 1.06820440e+04 1.38083112e+01
 -1.52986206e+01 -1.80067022e-01 1.55167908e+00 1.25071661e-01 -3.78008019e+04 1.34894667e+01
 3.35944923e+00 3.84959534e-01 -7.52070028e-01 1.59391038e-01 2.15892744e+04 1.37537115e+01
 -2.09727160e+01 5.56793693e-01 6.59200863e-01 -8.65501931e-03 2.32274345e+03 1.33871686e+01
 -2.19819286e+00 4.00187308e-01 2.11504451e+00 6.66359886e-01 1.87044033e+04 1.36717014e+01
 -4.99658875e+00 5.56786200e-01 1.83100911e+00 -6.48435292e-01 8.31473219e+02 1.36496131e+01
 6.29311289e+00 -5.82241009e-01 1.08399135e+00 -4.85147475e-01 1.24889426e+03 1.37760715e+01
 -2.91946577e+00 5.55710924e-02 1.88417153e-01 1.06009482e+00 3.22891702e+03 1.36605791e+01
 1.82487744e+01 -4.18395152e-01 8.07213332e-02 -4.42409053e-01 -3.41729482e+04 1.39565239e+01
 2.30670219e+01 5.06327876e-01 1.99896277e-01 -7.06870464e-01 2.31913216e+03 1.40220887e+01
 -1.56759532e+01 -8.72038987e-01 -1.99349593e+00 6.80973483e-02 -4.03202135e+03 1.34737629e+01
 3.38842340e+01 2.94896446e-01 5.81565661e-01 8.27749460e-01 5.29624461e+03 1.41492318e+01
 1.12765384e+01 -3.62552551e-01 -1.37957722e-01 -3.27908665e-01 -1.62972411e+04 1.38557705e+01
 -2.91029231e+01 8.22237689e-03 1.03671691e-02 -1.06646725e-01 -2.03906686e+04 1.32784766e+01
 1.35921905e+01 6.57978457e-02 8.11109078e-01 -2.74894652e-02 -3.53431600e+03 1.38825918e+01
 2.11411634e+00 -5.61621833e-01 4.23911800e-01 -1.98093244e-01 1.76112491e+04 1.37099389e+01
 -2.22019376e+01 -3.89170922e-01 -2.48237044e-01 -2.64641547e-01 -3.69597702e+04 1.33932325e+01
 2.53384498e+01 -6.91150295e-02 -1.89642382e-01 -9.40030911e-02 -1.48409141e+04 1.40427261e+01
 1.16736944e+01 5.56503515e-01 1.79814702e+00 -1.36613544e-01 1.29563002e+04 1.38469659e+01
 5.44139532e+00 2.94433596e-01 -3.00256475e-02 -6.08604157e-01 -1.51504101e+04 1.37746729e+01
 -1.49102813e+01 -9.20321411e-01 -3.40703663e-01 -1.25829893e-01 6.95523538e+02 1.34944247e+01
 1.25009956e+01 -2.56491162e-01 1.85329635e+00 -2.91689693e-02 -1.11548098e+04 1.38611371e+01
 -1.03201794e+01 2.25500656e-01 -1.02101148e-01 8.09010293e-01 -1.30368413e+04 1.35485882e+01
 4.76731956e+00 2.33635095e-01 4.60864803e-01 -1.14531278e-01 3.29829441e+04 1.37635860e+01
 -1.51641135e+01 -1.85267733e-01 5.55735334e-01 3.77114920e-01 -7.23288086e+03 1.34758606e+01
 6.95593676e-01 2.91029336e-01 1.43852301e-01 5.34854089e-01 7.98047209e+02 1.37227454e+01
 -1.32018109e+01 3.73771877e-01 8.93941707e-01 -7.19624642e-01 -1.68118875e+04 1.35075980e+01
 -1.38716868e+01 -4.87448053e-02 -1.47376187e+00 -1.53061356e-01 3.83792579e+04 1.35251328e+01
 1.16544788e+01 -1.51211552e-01 -1.66190072e+00 3.01935339e-01 3.84876010e+04 1.38468514e+01
 -1.87515419e+01 -4.58879135e-01 1.39948869e+00 -4.90245601e-01 -6.29652438e+02 1.34709729e+01
 -9.65502485e+00 1.88658701e-01 1.72805526e+00 4.69157295e-01 -3.62077731e+04 1.35638916e+01
 1.08325043e+01 -1.40093599e+00 -1.60255296e-01 -9.76146050e-02 -1.14325507e+04 1.38335628e+01
 -3.63798282e+00 2.35106376e-01 8.51115879e-01 -4.69458473e-01 2.66778662e+04 1.36514856e+01
 -2.05856325e+01 -4.93291228e-01 -1.34058957e+00 -6.13375288e-01 -2.64862405e+04 1.33984774e+01
 -2.53635689e+01 -4.67545601e-02 1.02607187e+00 1.70804164e-01 5.33360187e+04 1.33741413e+01
 1.17595111e+00 1.34337056e-01 5.59013900e-01 -2.33469764e-02 8.68877645e+03 1.37293835e+01
 2.10587432e+01 6.99432570e-01 8.62880871e-01 -6.78757251e-01 -1.25336485e+04 1.39793255e+01
 7.91044712e+00 2.05536865e-01 -9.73275610e-01 4.17029163e-01 -2.73625401e+04 1.37685363e+01
 -8.66904480e+00 8.23411848e-03 2.24617969e+00 -5.04558083e-01 9.29946811e+02 1.35728241e+01
 2.14758400e+00 5.85980940e-01 4.31343369e-01 -7.07966496e-01 1.13421906e+04 1.37172354e+01
 3.19602456e+00 -4.60042643e-01 -1.44655657e-01 -5.10612092e-01 3.41931834e+03 1.37396066e+01
 6.69160652e+00 -3.58774001e-01 -4.55965231e-01 4.32236704e-01 -1.67243669e+04 1.37856961e+01
 -1.67344508e+01 8.51898737e-03 -6.51944738e-01 4.36921233e-03 -3.88623908e+03 1.34714435e+01
 1.90273553e+01 4.49934314e-01 -1.88484310e+00 -7.32232010e-01 -1.93511518e+04 1.39518743e+01
 4.03584870e+00 5.12849402e-01 -1.38885586e-01 -2.64187891e-01 -7.53976371e+02 1.37668880e+01
 -1.60709076e+01 -3.84507270e-01 1.31871765e+00 9.66037815e-01 -9.42118601e+03 1.34634630e+01
 3.85722352e+00 4.99862811e-01 1.13813485e+00 -2.18606414e-01 8.29306854e+03 1.37350458e+01
 -1.54015728e+01 -4.44988047e-02 1.53386789e+00 -7.16325170e-01 3.57196707e+03 1.34921559e+01
 -3.35636987e+00 -4.52966056e-01 -2.34107745e-01 -5.23627183e-01 -7.30257927e+03 1.36612752e+01
 -1.31505238e+01 4.62399261e-01 1.52428298e+00 -7.43826938e-01 -3.09562463e+04 1.35238378e+01
 1.11578826e+01 2.85441105e-01 2.90857078e-01 5.51573729e-03 2.80895547e+04 1.38607101e+01
 3.57787528e+01 6.13814985e-01 -3.57696440e-01 -1.58101839e-01 4.43279946e+04 1.41765645e+01
 1.37928445e+01 1.19649938e+00 6.96292255e-01 -4.79125877e-02 6.99967558e+03 1.38957618e+01
 -3.18514494e+01 -2.52626707e-01 -9.48995847e-01 5.61321971e-02 -1.85340770e+04 1.32610972e+01
 -8.63505706e+00 -7.45403924e-01 -8.71037859e-01 3.83800284e-01 -1.27382570e+04 1.35671917e+01
 1.95704871e+01 -3.19711743e-01 4.35857593e-01 1.52698394e-01 8.72992140e+03 1.39695953e+01
 -1.14183749e+01 -6.02204449e-01 1.13409426e+00 -3.97150262e-01 -2.54457901e+03 1.35457857e+01
 -5.23963809e+00 -5.72458810e-01 1.33524167e+00 3.87107626e-02 1.33405653e+04 1.36434467e+01
 -1.40325892e+01 8.56309422e-01 -3.91700086e-01 2.06861329e-05 1.01701056e+04 1.35365441e+01
 5.48338201e+00 8.79872195e-02 -2.88877264e-01 2.71128470e-01 -2.11929861e+03 1.37865569e+01
 1.12073982e+01 1.31657526e-01 -1.60332143e+00 8.41098687e-01 1.54128639e+03 1.38709215e+01
 3.89557434e+00 -1.94108416e-02 -3.32310114e+00 7.59075635e-01 2.90906875e+04 1.37654787e+01
 4.44463714e+00 -1.41540263e-01 5.48160363e-01 -6.47892927e-01 1.08771912e+04 1.37621119e+01
 2.13789712e+01 -1.38574936e-01 -8.10829165e-03 5.54125682e-01 -2.68020818e+04 1.39827181e+01
 2.82029379e+00 2.04390422e-01 -8.84095225e-01 1.69895176e-01 -8.17734608e+03 1.37234509e+01
 7.02283332e+00 -8.74986145e-01 4.20056807e-01 -3.42552539e-01 -2.10675949e+04 1.37878665e+01
 1.82152076e+01 -5.42495367e-01 2.01697938e+00 -8.70811796e-02 1.97133722e+04 1.39416271e+01
 -1.31508112e+01 2.77300415e-01 9.33330893e-01 -2.29503897e-01 1.35318805e+04 1.35086649e+01
 2.12198157e+00 3.47678154e-01 1.22849434e+00 8.79725633e-01 -8.78471310e+03 1.37050811e+01
 -8.29267193e+00 2.59018430e-01 -7.14581705e-01 -2.20378006e-01 -1.72131741e+03 1.35838341e+01
 -9.43229544e-01 3.16200938e-01 -1.00972082e+00 1.41122464e-01 -1.31069869e+03 1.36749426e+01
 -4.97567662e+00 7.83383650e-01 1.50980053e+00 -3.35082051e-01 7.18133852e+03 1.36212440e+01
 2.01701326e+01 -1.90387496e-01 4.84517630e-01 4.26992326e-01 -1.43459441e+04 1.39841956e+01
 1.46650415e+00 -1.48738578e+00 -8.33892086e-01 7.33143419e-02 2.09994934e+04 1.37153475e+01
 -1.67961712e+01 -2.79603238e-02 -1.72879525e-01 5.96222728e-02 -7.08988109e+03 1.34989114e+01
 1.79020558e+01 -2.61183524e-01 -1.06638810e+00 -1.17546230e-01 5.91874911e+03 1.39257604e+01
 -1.56190646e+01 -8.78336564e-01 1.33984478e+00 1.79888555e-01 1.51617247e+04 1.35117394e+01
 -6.37850093e+00 7.77063111e-01 1.04274652e+00 -7.38060401e-01 -8.84978161e+03 1.36122553e+01
 2.41988067e+01 7.79512630e-01 -9.12363549e-01 -4.83947481e-01 -2.11107368e+04 1.40322519e+01
 -1.74988208e+01 6.27506261e-01 -1.85289511e+00 -1.88535894e-01 -2.54866449e+04 1.34588783e+01
 1.40553379e+01 -6.35223799e-01 9.55807750e-01 -1.67894077e-01 6.06602736e+03 1.39048347e+01
 2.11794287e+01 2.16308803e-01 1.04393313e+00 -3.43101729e-01 2.13642075e+04 1.39871314e+01
 -1.96897965e+01 -5.19418696e-01 1.56628141e+00 1.92870870e-01 1.02431310e+04 1.34373297e+01
 -7.62925351e+00 -5.94393820e-01 1.05185617e+00 1.82244187e-01 -3.76174281e+03 1.36068934e+01
 -1.15226022e-01 -5.81997999e-02 5.71484133e-01 4.64350468e-01 -3.88512639e+03 1.36790477e+01
 8.79527975e+00 8.01718307e-02 6.10633265e-01 3.49275007e-02 4.50540376e+04 1.38093503e+01
 4.33150854e+00 -3.41989332e-01 6.46156243e-01 -9.18820615e-01 9.70946875e+03 1.37531316e+01
 1.32840416e+01 -9.16216180e-01 -1.42962552e+00 5.06493457e-02 -1.41457906e+04 1.38954380e+01
 -1.52306787e+01 5.13088337e-01 1.56448976e+00 1.01387596e-01 1.22156271e+04 1.34816348e+01
 -6.06677830e+00 4.64079910e-01 -1.04454711e+00 -3.85844790e-01 -1.63976915e+04 1.36178104e+01
 -2.59346828e+00 5.32509843e-01 5.67094296e-01 3.38699388e-01 1.11983071e+04 1.36615983e+01
 1.26862191e+01 -1.37007888e-01 -3.41845796e+00 -1.12422939e-01 -2.20749856e+04 1.38573945e+01
 -1.01204021e+00 -5.78496354e-03 1.37821509e-01 -1.15506766e-01 -1.16054582e+04 1.36754786e+01
 -1.66015939e+01 -9.49812353e-01 -2.89393929e-01 6.99595564e-01 -2.14412831e+04 1.34596292e+01
 -1.39583156e+01 7.78928268e-01 -1.69627824e-01 1.26336637e-01 -6.46165546e+03 1.35092081e+01
 3.08184119e+00 -3.06898950e-01 -1.51670857e+00 3.42013372e-01 4.67103403e+03 1.37416873e+01
 -1.55378546e+01 4.10692621e-01 1.78539687e+00 -5.15460580e-01 1.17763234e+04 1.34838562e+01
 -1.00560822e+01 7.01209563e-01 -1.43191790e+00 9.07985128e-01 2.41858033e+04 1.35903539e+01
 8.62442917e+00 -7.14308991e-01 -4.32838959e-01 2.01299871e-01 -8.01337894e+03 1.38078452e+01
 6.17020358e+00 -1.92906227e-01 1.36320109e+00 -2.16326769e-01 -1.15364374e+04 1.38000768e+01
 8.80434186e-01 1.34529721e-01 2.38106482e+00 -1.48864161e-01 1.12842914e+04 1.37234498e+01
 1.20248998e+01 6.74417675e-01 1.68138490e-01 -1.00943479e+00 2.46326209e+04 1.38762664e+01
 -5.48533826e-01 -7.91941649e-03 5.80934711e-01 -4.27982360e-01 -1.86272069e+04 1.36905893e+01
 -1.62284073e+01 -7.40251144e-03 3.24010945e-01 -1.43264745e-01 -1.08560542e+04 1.34945559e+01
 -3.41715566e+01 1.51511600e-01 2.12649919e-02 -7.30392692e-01 2.09765705e+04 1.32228339e+01
 -8.08963841e+00 6.63318935e-01 1.14358120e-01 5.92109727e-02 1.57527621e+04 1.35912277e+01
 4.78042755e+00 -2.64559329e-01 6.00093005e-01 -3.29706046e-01 1.74365707e+04 1.37603920e+01
 -1.44536347e+01 4.17968102e-01 -5.69182211e-01 1.51581448e-01 -2.22733696e+04 1.35028744e+01
 -2.17634958e+01 -6.02490756e-01 -2.22132354e+00 8.72161578e-01 -2.80690240e+04 1.34115342e+01
 3.06177704e+01 2.72405761e-01 -3.82627951e-01 -7.32610665e-02 -2.45644376e+04 1.41109468e+01
 2.82419448e+01 1.81519300e-01 2.14983969e-01 5.29838542e-01 -7.81300253e+03 1.40840615e+01
 1.01174051e+01 -4.27872131e-02 -4.95070710e-02 9.42601278e-01 -4.50519426e+03 1.38486860e+01
 5.39196658e+00 3.71728942e-01 2.02249965e+00 1.58666921e-01 -1.18632352e+04 1.37615700e+01
 4.14818521e-01 1.04405319e+00 -9.68966322e-01 5.18727159e-01 2.68921240e+04 1.36907818e+01
 6.85509385e+00 6.66999237e-02 7.62665384e-01 2.07988103e-01 -1.74306844e+04 1.37936585e+01
 -3.63707724e+00 2.04688695e-01 1.58982378e+00 9.46894792e-02 -1.48150775e+03 1.36500049e+01
 -4.97704964e+00 -3.40692805e-01 -3.06410575e-01 9.85828691e-01 1.57321350e+04 1.36385756e+01
 -3.22893168e-01 5.08927025e-01 -1.30403346e+00 2.65761294e-02 2.09165552e+04 1.36970995e+01
 -1.45457414e+01 -1.25762737e-01 -5.42658436e-01 -1.80979709e-01 -7.48996806e+03 1.35022034e+01
 -2.16868520e+01 -3.74977436e-01 -1.19085034e-01 -2.16197243e-01 3.78179380e+04 1.33935744e+01
 -1.15654023e+01 -2.66044813e-01 -7.51500929e-01 5.56986257e-01 -1.27969950e+04 1.35454431e+01
 -2.62652708e+01 -4.88634901e-01 2.25779866e-01 -6.36314710e-01 9.05560553e+03 1.33158532e+01
 -7.22108154e+00 9.79080309e-01 1.96649140e+00 4.14137579e-01 5.53782902e+03 1.35948283e+01
 -1.73245855e+01 6.73835963e-01 -1.02638383e+00 -3.99052554e-01 -1.71443153e+04 1.34667628e+01
 1.48834411e+01 5.12996723e-02 -4.88068782e-01 2.29494612e-01 4.07202055e+02 1.39127999e+01
 8.10325974e+00 6.06103183e-01 -1.35474240e+00 3.27104432e-02 -3.33731797e+04 1.38188263e+01
 -1.25349658e+00 -4.43800144e-01 2.24134892e-01 4.90260824e-01 1.84604985e+04 1.36849609e+01
 7.00896895e+00 2.46299781e-01 -1.73566343e-01 -2.17831877e-01 -2.48152016e+04 1.37978414e+01
 -1.11395024e+01 3.42833123e-01 -9.72703628e-01 -8.20882642e-02 -3.95111200e+04 1.35454419e+01
 -1.09700338e+01 6.10231196e-01 8.19360414e-01 -7.60197711e-02 1.75156687e+04 1.35409141e+01
 2.37663807e+01 -5.32671258e-01 2.30386407e+00 -5.66351062e-01 1.73918272e+03 1.40193483e+01
 -2.94944132e+00 -4.33890612e-01 1.39171271e+00 6.30747962e-01 -2.63166089e+04 1.36612010e+01
 -1.97429255e+01 2.57359684e-01 -1.29327706e+00 1.56531629e-01 -9.58805051e+03 1.34539307e+01
 1.09208231e+01 -7.25477552e-01 2.66256481e-02 9.18808685e-01 -1.84635147e+04 1.38517902e+01
 -3.52175899e+01 -1.00462124e-01 1.11824785e+00 3.17539381e-01 -2.21611390e+04 1.32075784e+01
 -5.01097365e+00 1.98739789e-03 1.65976372e-01 -3.26993985e-01 4.37842529e+03 1.36225186e+01
 -1.29275841e+01 -4.56924783e-01 1.17943972e+00 -1.19481293e-01 1.09055866e+04 1.35300550e+01
 2.29008136e+01 -2.03083737e-01 4.28235862e-01 -4.27742317e-01 3.81153758e+04 1.40039003e+01
 4.49063058e+00 5.60076339e-03 -1.88449798e+00 -8.39288463e-01 4.81863394e+04 1.37752152e+01
 9.46824383e-01 3.53031122e-01 1.66589860e+00 6.04097717e-02 1.17510562e+04 1.37308971e+01
 -8.78433041e+00 -1.14965150e+00 1.56945641e+00 -5.13892131e-01 1.51337260e+04 1.35790790e+01
 -6.41996565e+00 -8.54291117e-01 4.07788326e-01 1.23298610e-01 9.98887080e+03 1.36089103e+01
 -2.01769034e+01 2.59361216e-01 -1.46859438e+00 5.01879305e-01 1.15428236e+04 1.34053918e+01
 8.92158507e+00 -1.75284054e-01 1.97761635e-01 1.03514828e+00 1.16207319e+04 1.38171325e+01
 -1.63340897e+00 3.57318625e-02 1.21891588e-01 3.59352481e-01 -8.09311783e+03 1.36722061e+01
 1.00087300e+01 2.41026411e-01 -1.52643055e+00 -3.75472649e-01 1.60555070e+04 1.38475172e+01
 -8.14935383e+00 7.29291195e-01 -1.08046255e+00 1.59584571e-01 -2.43213559e+04 1.35884390e+01
 9.69008142e+00 5.17967354e-01 -1.35465558e+00 -5.06843261e-02 -1.52622186e+04 1.38346007e+01
 7.37192293e+00 4.16220703e-01 4.32215567e-01 5.38769936e-01 -2.99133839e+04 1.38014825e+01
 -1.47183265e+01 -2.91278180e-01 -7.64864702e-01 -2.39084743e-01 1.06854822e+04 1.35065574e+01
 1.01791670e+01 6.92487496e-02 -1.10511509e+00 -2.25829306e-01 8.83717533e+03 1.38552761e+01
 -1.09621655e+01 2.12653962e-01 1.49819419e+00 1.10660839e-01 -1.75636562e+04 1.35527565e+01
 1.17158330e+01 -7.11173484e-02 6.92381310e-01 -7.47832455e-02 6.64341881e+03 1.38407947e+01
 5.72520749e-01 4.99844148e-01 1.05471851e+00 1.17704751e-01 3.09989510e+02 1.37297796e+01
 -1.88761555e+01 -7.32719956e-01 5.55910362e-01 -9.20867211e-01 -1.42434946e+04 1.34646174e+01
 -1.18186887e+01 1.25881273e-01 -1.23509187e+00 1.51207706e-01 -1.44264010e+04 1.35340300e+01
 -5.35475496e+00 -8.27752887e-01 -4.60556532e-01 6.22213133e-01 -3.38431107e+04 1.36452413e+01
 1.17432087e+01 2.56823862e-01 5.36618156e-01 2.23594714e-01 -2.44768076e+03 1.38546253e+01
 1.62872692e+01 -1.76486369e-01 -3.11938213e-01 -3.53162786e-01 7.12306672e+03 1.39131246e+01
 -1.65798103e+00 -1.33233050e+00 -3.89953563e-01 6.05325953e-01 -5.95031892e+03 1.36644496e+01
 -2.02654762e+01 -4.43748534e-04 8.33694235e-02 -5.11787124e-01 2.92785350e+03 1.34111220e+01
 -1.85033340e+01 3.44827350e-01 4.27034641e-01 7.34970201e-03 -1.95985486e+04 1.34516016e+01
 4.18866467e+00 8.07339615e-01 -9.30064033e-01 6.01627232e-02 1.33209318e+04 1.37588038e+01
 -8.32990215e+00 -1.73565651e-01 1.24990388e+00 8.72692815e-01 1.45830571e+04 1.36007555e+01
 9.06917865e+00 -1.79237097e-01 8.07504010e-01 5.19554348e-01 -1.06033575e+04 1.38300440e+01
 9.03022653e+00 2.72039719e-01 6.74917364e-01 -1.64453837e-02 -1.30907454e+04 1.38047281e+01
 2.60842377e+00 -4.15297087e-01 8.10987284e-01 4.93169472e-01 -3.27403444e+04 1.37372818e+01
 -1.35485526e+01 3.37629083e-01 2.85264919e-01 -3.33713683e-01 1.31068202e+04 1.35175948e+01
 1.86466856e+01 2.36421028e-02 -9.51818299e-01 2.58595030e-01 4.03610132e+03 1.39490540e+01
 1.89852020e+01 2.10510449e-01 -1.99862678e+00 -2.38476443e-01 -6.81600231e+03 1.39701836e+01
 -1.00335155e+01 -1.54655371e-01 1.34371046e+00 -5.43633748e-01 2.37934507e+04 1.35381241e+01
 1.55061376e+01 -1.03216736e+00 -2.89852761e-01 -2.86844042e-01 1.28019271e+04 1.39168695e+01
 -4.69584346e+00 8.55622941e-01 -1.37255125e+00 9.64266288e-02 -7.50696222e+02 1.36409078e+01
 1.31954177e+01 2.72171605e-01 -4.02977992e-01 -1.20741727e-01 -3.68553506e+04 1.38785278e+01
 8.54953834e+00 -3.59279789e-03 -1.02858293e+00 -3.27022834e-01 -1.52326825e+03 1.38377480e+01
 1.86948651e+00 7.12939866e-01 1.18240028e+00 5.21271719e-01 2.58026460e+04 1.37347456e+01
 2.26473624e+00 5.44102405e-02 -7.94678059e-01 -1.09000791e+00 -2.27994886e+02 1.37457130e+01
 1.18594561e+00 6.66148840e-01 1.09255264e+00 6.01703558e-01 2.95150906e+03 1.36844084e+01
 6.78210806e+00 -3.39301845e-02 9.38167084e-01 2.32032971e-01 2.84680811e+04 1.37956223e+01
 -5.60796236e+00 1.97301125e-01 -4.93315499e-01 -1.78154592e-01 2.44818518e+04 1.35845821e+01
 3.34879819e+01 -6.32498930e-01 -1.46200269e-01 5.14555590e-02 1.54540467e+04 1.41425033e+01
 -1.15458086e+01 -1.11018542e+00 1.48292755e-01 5.80063164e-01 1.55586621e+04 1.35390097e+01
 -1.71470343e+01 1.40368282e+00 1.84559082e+00 -3.82620319e-01 8.86142484e+03 1.34694678e+01
 7.51559950e+00 -4.32342277e-01 -2.85633031e-01 -5.79906749e-02 5.91319300e+03 1.38031506e+01
 -1.76587755e+01 3.38138374e-01 1.32194138e+00 2.09937779e-01 -6.53791344e+03 1.34726357e+01
 -1.07533452e+01 -7.22314459e-01 -5.48695486e-01 -5.10888104e-01 7.58175819e+03 1.35587499e+01
 2.97449302e+00 1.39413712e-01 -4.94629559e-01 -1.48342909e-01 1.40785825e+04 1.37395039e+01
 2.74404531e+00 -7.41918247e-01 -9.33386135e-01 1.43917795e-01 2.30264952e+04 1.37389156e+01
 1.43557833e+00 7.44351943e-01 3.07033383e-01 3.49059135e-01 1.94925361e+04 1.37050097e+01
 -9.61818632e+00 -5.25586697e-01 5.75508267e-01 1.31217756e+00 -2.07745592e+04 1.35456942e+01
 3.66771634e+00 -1.30590021e-01 -9.91900040e-01 2.22983954e-01 3.82926308e+04 1.37719341e+01
 -1.06085025e+01 6.00493576e-02 6.80534192e-01 -4.41116494e-01 2.34377115e+04 1.35626881e+01
 -1.83161247e+01 -1.29608254e-01 -6.66704815e-01 -1.41352614e+00 3.33552395e+01 1.34457102e+01
 3.97745578e+01 3.29035552e-01 6.12924693e-01 -1.24424898e+00 -2.99284175e+04 1.42323801e+01
 1.28259495e+01 4.04958544e-01 -1.42824066e+00 2.21006466e-01 -2.46240818e+03 1.38844105e+01
 -1.51301809e+01 -9.31177201e-01 -1.41309165e-01 6.18029932e-01 -2.39681589e+04 1.35089757e+01
 -2.60697226e+00 -1.27803434e+00 1.32972902e+00 7.76688007e-01 9.43891771e+03 1.36655708e+01
 2.40348161e-01 -4.97905779e-01 1.69569739e+00 -2.77536785e-02 9.10506622e+03 1.37282048e+01
 -8.89491811e-01 2.07667563e-01 -1.42795234e+00 2.07755471e-01 2.51661751e+04 1.36721531e+01
 9.18468197e+00 6.82032272e-01 -6.74398440e-01 7.94043477e-02 -4.00361881e+03 1.38221515e+01
 -7.79824952e+00 4.18506942e-01 5.51898749e-01 5.30418557e-01 -3.52103732e+04 1.35861822e+01
 6.46533323e+00 -1.34637120e-01 7.18474283e-02 8.46284260e-01 2.80750039e+03 1.37748698e+01
 1.30384706e+01 2.91427287e-01 -8.13527680e-01 -1.32445144e-01 3.75851160e+03 1.38793606e+01
 8.66171907e+00 3.64250188e-01 2.04005443e+00 3.13346984e-01 1.14198630e+04 1.37978524e+01
 1.45487579e+01 8.60326713e-01 1.18872075e+00 -4.96072751e-02 2.40929443e+04 1.38831792e+01
 -1.60321064e+01 -4.46396897e-01 -4.92076717e-01 1.24077499e-01 3.78765000e+04 1.34714702e+01
 1.23664765e+01 -6.99786946e-01 -6.22941727e-02 2.06677697e-01 -5.15315649e+04 1.38459065e+01
 2.28928918e+01 -5.04401025e-01 -1.50626083e+00 -3.75550772e-01 2.97480083e+04 1.39972454e+01
 -5.31777265e-01 -1.60630010e-01 1.88964761e-01 3.67291702e-01 1.08968338e+04 1.36904254e+01
 3.22365240e+01 5.16917583e-02 -3.69620088e-01 -3.26626959e-01 3.59463950e+04 1.41131679e+01
 -9.24260223e+00 1.29012204e-01 -1.53610714e+00 -1.49901965e-02 7.19262657e+03 1.35669773e+01
 -1.82719302e+01 -7.05572281e-01 3.66323109e-01 -9.14004095e-05 -1.56098251e+04 1.34414800e+01
 -2.57415306e+00 -1.64159299e-01 1.09546796e+00 -3.81410924e-01 -1.47006190e+04 1.36798299e+01
 1.05868872e+01 -4.49513192e-01 3.00764276e-01 3.48552835e-02 1.57503704e+04 1.38733928e+01
 1.66337930e+01 -3.42528386e-01 -4.20204384e-01 3.35931527e-01 -2.96434994e+04 1.39242031e+01
 2.35998621e+00 2.39974695e-02 4.72587298e-01 -6.13583672e-01 8.37217458e+02 1.37612730e+01
 -9.73065280e+00 -6.44055193e-01 -4.96036235e-01 3.75688023e-02 2.69074121e+03 1.35671737e+01
 -8.00423981e+00 1.18396296e-01 5.87283726e-01 3.44870375e-01 1.82083656e+04 1.35956122e+01
 1.28970562e+01 -1.11907400e+00 5.02203123e-01 -2.02531996e-01 -8.86188314e+03 1.38980374e+01
 -2.60889635e+01 1.29955135e+00 -2.19945947e-01 -5.62517180e-01 8.11370869e+03 1.33286164e+01
 -1.66426757e+01 3.22146095e-01 -1.55866199e+00 -8.84798691e-01 -2.21147706e+04 1.34513915e+01
 -2.74210116e+00 1.34109357e-01 4.59926479e-01 2.31717085e-01 -4.37226898e+03 1.36601040e+01
 -3.49076295e+00 -5.36839519e-01 -3.14366086e-01 -1.21672475e-01 -3.12604538e+02 1.36548248e+01
 1.85916247e+01 5.27497633e-02 -6.15912837e-01 2.30678954e-01 1.85187956e+04 1.39583478e+01
 9.16046613e+00 -6.75374103e-01 -8.08677085e-01 -2.53224517e-01 2.63108725e+04 1.37977675e+01
 1.13877636e+00 3.28971927e-01 1.02077998e-01 7.14821056e-02 5.42296887e+02 1.37183195e+01
 7.72927758e+00 2.03363853e-01 3.53789537e-02 1.29837397e-01 1.60942611e+03 1.38160969e+01
 -4.70722706e+00 -3.88044068e-01 -2.31567343e+00 2.99832124e-01 1.06458599e+03 1.36310680e+01
 8.21548470e+00 2.69251973e-01 -1.48152913e+00 -1.95670190e-01 -2.50433875e+04 1.38067096e+01
 -1.53362868e+01 -1.41928465e-01 -4.37297880e-01 -5.50416933e-01 1.37827520e+04 1.35104236e+01
 -9.19091998e+00 1.29698742e-01 2.15643252e+00 1.16314916e-01 -1.11547061e+04 1.35937425e+01
 3.33160198e+00 2.05737182e-01 1.15118839e+00 2.35888674e-01 -1.77391464e+04 1.37422590e+01
 -1.60802870e+01 8.15421238e-02 1.98280514e+00 3.19974944e-01 -3.44746411e+03 1.35080555e+01
 7.93172120e+00 4.14645829e-01 1.68044153e+00 -2.75711773e-01 2.01270267e+03 1.38182195e+01
 -1.30033854e+01 3.51065049e-01 -7.65232031e-01 1.24551810e-01 2.18557655e+04 1.34979280e+01
 -5.47371812e+00 -2.54093966e-01 4.92832588e-01 -3.96063492e-02 1.57981230e+04 1.36337920e+01
 -3.25060118e+00 -3.75364636e-01 2.37263318e+00 1.18496969e-01 -3.54711435e+04 1.36551567e+01
 -8.69970459e+00 -2.53480618e-01 -7.62936603e-01 1.14753924e+00 -1.45173799e+04 1.35864597e+01
 -1.03038652e+01 4.71467731e-01 3.16169548e-01 8.09922529e-02 -2.56772295e+04 1.35840239e+01
 -2.34546832e+01 -4.58307771e-01 -1.25296987e+00 9.40884024e-01 2.00794996e+04 1.33392779e+01
 7.61659864e+00 6.74019753e-01 1.54178372e+00 7.04187284e-01 -1.37522001e+04 1.38116820e+01
 -3.96471887e+00 -1.19971744e+00 -1.20093886e+00 -3.73496525e-01 -9.74397426e+03 1.36413173e+01
 1.49488599e+01 -2.78513346e-01 4.64990362e-01 -2.06230823e-01 3.08025629e+04 1.39100285e+01
 -8.62444445e+00 3.26564113e-01 2.13640302e+00 3.84250734e-01 -5.05661224e+03 1.36064358e+01
 -2.29232761e+01 1.30365470e+00 -2.65734507e+00 8.68405622e-01 -2.70778141e+04 1.33995456e+01
 -2.04028522e+01 2.83685154e-01 3.12552996e-01 -5.60752458e-01 -9.64864228e+03 1.34278098e+01
 -4.10832683e+00 1.18562023e+00 -3.87577925e-01 9.24133270e-01 3.92203193e+04 1.36427932e+01
 1.84647887e+01 4.24864916e-01 -1.12440098e+00 -3.03916008e-01 6.15886714e+02 1.39371178e+01
 3.07279491e+00 6.43652522e-01 1.68372850e+00 -4.27615578e-01 3.59862172e+02 1.37255155e+01
 2.57711039e+01 -2.08358099e-01 -2.21098182e+00 1.85164985e-01 -3.84805763e+04 1.40400875e+01
 1.58183084e+01 2.84771817e-02 8.54024285e-01 3.34652063e-01 2.38682272e+03 1.39250010e+01
 1.72208991e+01 -9.12732622e-01 -1.44768164e-01 3.04048678e-01 -1.25875787e+04 1.39136405e+01
 4.73909334e+00 -7.42683394e-02 -1.75034121e+00 2.87428278e-01 -2.38323704e+04 1.37848772e+01
 1.53176694e+01 -9.83712225e-01 -1.00141345e+00 -1.51347926e-01 -1.51935964e+04 1.39220880e+01
 2.14923406e+00 -6.47075116e-01 -2.75524023e-02 3.10251452e-01 -3.50177697e+04 1.37496928e+01
 1.06359709e+01 -5.76710611e-02 -1.04931013e+00 -1.64283270e-01 1.60160636e+04 1.38456735e+01
 -2.60642701e+01 -1.10725877e-01 2.58389176e-01 -2.04957724e-01 7.20012464e+03 1.33435120e+01
 1.91080313e+01 -8.24654192e-01 -2.70530131e-01 7.08346735e-01 5.84961109e+02 1.39497889e+01
 -2.00302147e+01 -6.67173396e-01 -1.19701176e+00 -5.46339764e-02 1.14430031e+04 1.34196019e+01
 -5.25213086e+00 2.90393702e-01 -4.32437251e-01 3.25159977e-03 2.51671067e+04 1.36234571e+01
 -1.81399496e+01 -3.55641024e-01 -2.18717882e+00 -5.49018625e-01 1.41484601e+03 1.34362528e+01
 3.03546407e+01 8.16441581e-01 -5.08169725e-01 -4.82385676e-01 2.32304717e+04 1.40970312e+01
 2.38704765e+00 -1.26795866e-01 1.37914062e-01 2.12547681e-01 1.73815766e+04 1.37289290e+01
 -4.05850144e+00 -5.30914199e-02 1.23214835e+00 -4.47866166e-01 -1.59689649e+02 1.36661875e+01
 -4.07524998e+00 5.12733908e-02 -1.29636805e-01 -7.18420923e-01 1.37877971e+04 1.36448978e+01
 2.42780922e+00 5.47423775e-02 -5.48737498e-01 2.94030718e-01 7.15338472e+03 1.37499380e+01
 -3.00226334e+01 3.76724037e-01 8.96849803e-01 9.43900079e-02 2.24173705e+04 1.32866163e+01
 1.43583157e+00 -9.57427008e-02 9.07229084e-01 7.49405896e-01 -2.03239935e+04 1.37328825e+01
 1.56625284e+01 7.89324149e-02 1.13634152e+00 -6.36920023e-02 -1.65684402e+04 1.39104573e+01
 -2.04530520e+01 -4.36961934e-01 2.98999507e-01 2.01990192e-01 6.45792091e+03 1.34078569e+01
 -2.85517285e+01 1.00810607e+00 -1.63865755e-01 -1.57553983e-01 1.64434086e+04 1.33051613e+01
 2.39087982e+01 -7.73531161e-01 -7.86465212e-01 -7.36658179e-01 2.56970322e+03 1.40274584e+01
 -2.09362336e+01 1.03806798e+00 8.00140883e-01 8.49599518e-03 -1.00600377e+04 1.34031596e+01
 1.47626931e+01 3.38708005e-01 3.42630061e-01 -6.60856060e-01 -4.82390478e+03 1.38856653e+01
 6.65371775e+00 8.62133925e-01 -9.60914068e-01 3.05159954e-01 4.37893862e+04 1.37947499e+01
 9.54581252e+00 5.95167820e-01 -6.14393133e-01 2.70404610e-02 -8.99135445e+03 1.38138098e+01
 -1.03494108e+01 1.91602572e-02 2.46240279e-01 -3.84946016e-01 -1.75266468e+04 1.35662882e+01
 7.01652388e+00 2.41276751e-01 6.58383630e-01 5.00850029e-01 3.23761416e+03 1.37735478e+01
 3.11143910e+00 6.10105213e-01 -5.31779833e-01 -5.44331226e-01 4.48312795e+04 1.37565402e+01
 -2.32013682e+01 1.50805526e-01 -7.40243148e-01 -6.17099780e-01 -2.12969209e+04 1.33815152e+01
 -1.14488126e+01 7.48959118e-02 -2.38095733e+00 -5.75980502e-02 2.33618778e+04 1.35529741e+01
 6.39440939e+00 1.06258955e-01 -1.28709256e+00 -3.36492885e-01 1.04028363e+04 1.37789797e+01
 1.06415321e+01 -2.53039096e-02 1.26039895e+00 -1.24389664e+00 -2.27328481e+03 1.38414633e+01
 1.07986555e+01 -8.54029057e-02 5.99603651e-01 -1.22528725e-02 -2.73457672e+04 1.38468211e+01
 3.92463348e+00 9.01720717e-01 -1.13640534e+00 5.04102708e-01 1.03904105e+04 1.37451648e+01
 -9.71826576e+00 -7.07320639e-01 6.54349847e-01 -4.06525512e-01 5.01482174e+04 1.35661060e+01
 -1.02558331e+01 5.58564064e-02 9.36056124e-02 -1.02731274e-01 -9.56140856e+02 1.35516889e+01
 1.28060690e+01 -3.88815675e-01 3.28459196e-01 9.98830090e-02 2.54831640e+02 1.38789185e+01
 2.00605483e+00 4.16293523e-01 1.49520402e+00 -2.49652161e-01 8.17898478e+03 1.37326775e+01
 8.40999425e+00 -1.61617048e-01 1.09151351e+00 -2.37757714e-01 -2.14419929e+04 1.38006642e+01
 1.37644502e+01 -6.66200919e-01 1.70825136e+00 3.06875443e-01 -1.94810432e+04 1.38894695e+01
 8.68464216e+00 -2.31465274e-01 -4.59978652e-01 -1.77241070e-01 1.33048721e+04 1.37986946e+01
 3.17089623e+01 5.40478174e-01 -4.16044677e-01 -3.14728664e-01 1.40679362e+04 1.41275175e+01
 -9.98270801e+00 2.64437902e-01 -5.42925965e-01 1.59013930e-01 -8.75316914e+03 1.35626186e+01
 3.09643402e+01 -4.62276084e-01 -1.71992445e+00 4.97155319e-01 4.44169573e+03 1.41250598e+01
 -5.61968668e+00 -2.76437947e-02 -9.87811917e-01 -4.58563248e-03 -1.44650204e+04 1.36284940e+01
 3.47494870e+00 -2.59941009e-01 -9.26516404e-01 -5.87427452e-01 -7.82946144e+03 1.37492026e+01
 1.76474607e+01 3.84166966e-01 1.90368530e-01 6.28116881e-01 -6.89514231e+03 1.39351843e+01
 -1.32850711e+00 -8.86865503e-01 4.97085818e-01 1.41078376e-01 -3.39089027e+04 1.36904300e+01
 -1.62925827e+01 2.88180318e-01 -2.53938638e-01 2.91999176e-01 -3.74710941e+04 1.34601686e+01
 2.26659081e+01 3.30932886e-01 1.11646720e+00 -7.70299966e-01 -4.36919280e+04 1.40084501e+01
 1.02726314e+01 -2.46012686e-01 2.10528410e-01 8.34191955e-01 3.14576290e+04 1.38338709e+01
 1.17556447e+01 4.65373238e-01 1.50873855e+00 -2.18429373e-01 2.70703500e+04 1.38652540e+01
 -1.59736301e+01 -1.03362043e+00 -5.83397135e-01 -2.76545797e-02 4.65810013e+02 1.34888388e+01
 -6.38319176e+00 7.07540604e-01 -7.02526350e-01 9.78439876e-02 4.10124322e+04 1.35856613e+01
 1.95370497e+01 8.55647303e-01 7.74307615e-01 5.09586224e-01 -4.09276877e+04 1.39655760e+01
 -7.18663998e+00 -4.39552766e-01 1.33214039e+00 -3.75721393e-01 -5.48570439e+03 1.36020210e+01
 -2.33336510e+00 4.96229267e-02 2.82332815e-01 1.38338118e-01 -9.76868783e+03 1.36661454e+01
 2.15457597e+01 -4.44117851e-01 1.08282543e+00 -1.23213780e-01 -2.39020692e+03 1.39895339e+01
 1.59429767e+01 4.46746384e-01 1.31698533e-01 -7.46548143e-01 -7.88226492e+03 1.39213973e+01
 1.02699698e+01 2.78808897e-01 1.00782423e+00 3.95477668e-01 -3.67688926e+03 1.38350559e+01
 -1.75918640e-01 2.96942891e-01 9.57459379e-02 5.49246511e-01 9.50944886e+03 1.36682161e+01
 1.07925278e+01 7.54746745e-01 1.09467403e+00 -2.59211525e-01 1.20132387e+04 1.38482706e+01
 -2.00819498e+01 1.27605845e-03 -1.21193212e+00 -6.17728515e-01 3.49103511e+03 1.34308645e+01
 -9.26114102e+00 1.00476962e+00 1.04347155e+00 -2.20851499e-01 4.96558410e+04 1.35841614e+01
 3.64485541e+00 -4.91634579e-01 1.76952038e-01 1.56617688e-01 -6.66452685e+03 1.37370895e+01
 1.97825584e+00 -7.25192950e-01 1.27207106e+00 -3.54685620e-01 7.07255662e+03 1.37291428e+01
 2.41791168e+00 -3.00012230e-01 -5.77285190e-01 -8.56272815e-02 9.25484630e+03 1.37219099e+01
 5.87462044e+00 -1.04339686e-01 1.60177624e+00 4.10134412e-01 3.11447108e+04 1.37750729e+01
 4.37668261e+00 -4.69706232e-01 -1.21171854e+00 1.64514881e-01 1.74975754e+04 1.37490381e+01
 2.12764734e+01 -3.10148741e-01 -7.50022314e-01 -1.79658698e-02 1.60142459e+03 1.39823534e+01
 -1.35512959e+00 -4.50857798e-01 -3.66973410e-01 2.28798519e-01 2.45343151e+04 1.36497601e+01
 -9.28608126e+00 8.16085278e-02 -2.10532111e+00 -1.44205692e-01 9.63303983e+03 1.35815283e+01
 -8.34911253e+00 -4.02183524e-01 -2.41272352e-01 -4.02461858e-02 -8.82155639e+03 1.35906355e+01
 1.03519984e+01 -1.11800675e+00 8.85175138e-01 2.90879942e-01 2.47061239e+03 1.38547514e+01
 4.31310368e-01 1.88340049e-01 -1.84079699e-01 -1.02508509e-01 -2.18223407e+03 1.37074279e+01
 8.97937269e+00 3.35014287e-01 1.28849971e+00 -1.39505982e-01 3.92160581e+04 1.38305040e+01
 6.39541110e+00 6.00413720e-01 -8.90662230e-01 1.46466556e-02 -6.68092528e+03 1.37943962e+01
 -1.13099387e+01 -4.87262031e-01 -1.05818631e+00 -2.45266833e-01 -7.05200502e+03 1.35513049e+01
 -7.75134567e+00 1.71015711e-01 1.29112085e+00 -2.52204530e-02 -1.92072389e+04 1.35878111e+01
 8.11345811e+00 -3.68452702e-01 -3.64386580e-01 6.54600425e-01 -2.47454377e+04 1.38210163e+01
 6.11524787e+00 1.04390699e-01 -8.20260779e-01 2.76768547e-01 5.68954084e+03 1.37791424e+01
 4.10601932e+00 1.84879583e-02 -1.68296755e-01 -4.31310448e-01 1.65109745e+03 1.37487562e+01
 7.38039873e-01 -5.80622090e-01 -6.15365396e-01 2.14956210e-01 -3.38871446e+04 1.37096835e+01
 -3.86242583e+00 -3.79950892e-01 1.11549255e+00 4.08107962e-02 -6.24559672e+03 1.36440727e+01
 -3.13362108e+00 -2.93733905e-01 1.42171687e+00 5.84974288e-02 -9.41730729e+03 1.36703566e+01
 2.16074619e+00 -2.01272749e-01 2.59459046e-01 8.51627499e-01 -1.19752235e+04 1.37177071e+01
 2.56002015e+01 1.15495778e-01 7.65899331e-01 -5.56520260e-01 2.44975697e+04 1.40470972e+01
 6.26833211e+00 -7.12521641e-02 -8.26007442e-01 -2.69776466e-01 1.87247516e+04 1.37750617e+01
 1.48269615e+01 -6.46630763e-01 3.11600528e-01 -1.08309110e-01 -1.55845462e+04 1.38958739e+01
 -1.24413191e+01 4.05343666e-01 -1.17619935e+00 5.24577947e-01 -1.37425725e+04 1.35294268e+01
 -2.16968663e+01 1.60386379e-01 1.23811233e+00 4.89488597e-01 2.49968407e+04 1.33912698e+01
 -1.26927959e+01 -4.30388071e-01 1.70493055e-02 -1.21246629e-01 -2.89301696e+04 1.35283887e+01
 1.31765996e+01 5.93517884e-02 1.39932656e+00 -4.09277848e-01 -1.44156796e+04 1.38822496e+01
 -1.21479642e+01 -6.33852603e-01 8.30984809e-01 1.40605020e-01 8.09401955e+03 1.35364299e+01
 -3.71465298e-02 -4.26297619e-01 -9.32276682e-01 8.27261071e-02 -2.24185324e+04 1.36800434e+01
 -4.21839026e+00 3.83589690e-01 1.12917433e-02 5.20847147e-01 -4.83511817e+04 1.36345879e+01
 -5.10452434e-01 2.26286084e-01 -6.13583704e-01 -4.06807024e-02 -1.08504156e+04 1.37081965e+01
 -1.44342023e+01 -8.68982318e-01 9.21842115e-03 -6.02964100e-01 1.28126404e+04 1.35097658e+01
 -5.46375448e+00 4.84487892e-01 3.56687471e-01 1.61275401e-01 1.66490977e+04 1.36203626e+01
 1.21366369e+01 1.93275463e-01 2.64096278e+00 -2.43485562e-01 -2.62888584e+04 1.38675084e+01
 7.32348795e+00 -1.65323827e-01 6.23789496e-01 -8.29999233e-01 -3.14035012e+04 1.38090854e+01
 -5.54756017e+00 -5.94938006e-01 -1.52000573e-02 5.47616480e-01 5.25801076e+03 1.36008049e+01
 1.04913151e+01 -3.57914736e-01 -1.69718233e+00 -6.06972775e-01 -7.35467460e+03 1.38468743e+01
 2.58506664e+01 -3.17819872e-01 1.66478948e+00 8.48345710e-02 -1.92049445e+04 1.40571625e+01
 -4.27303704e+00 4.78192526e-01 -1.01137761e+00 7.58869892e-02 -2.93459755e+03 1.36086486e+01
 3.24300192e+01 2.37531404e-01 -2.43049378e+00 3.19904187e-01 3.93471448e+03 1.41372435e+01
 5.79606217e+00 -6.99706006e-01 -4.24484052e-01 -2.34083621e-02 6.33910346e+02 1.37802650e+01
 -2.80541269e+00 -4.06335373e-01 1.66311119e+00 -1.21093567e-02 2.56326701e+04 1.36703994e+01
 2.38303386e+01 -8.56617217e-01 2.04044844e+00 -5.82152889e-03 -1.14065850e+04 1.40210995e+01
 1.14927350e+01 -9.12651603e-01 -8.00280958e-01 -1.36641349e-01 1.75396966e+04 1.38564111e+01
 2.29671706e+01 -5.97572683e-01 -5.34239897e-01 1.84670967e-02 1.65385957e+04 1.40064797e+01
 8.20063013e+00 6.85088041e-01 4.05654545e-01 7.10152710e-01 -8.29827927e+03 1.38212627e+01
 -1.00182309e+01 -6.94558905e-01 -2.38948722e+00 4.07106934e-01 1.63512913e+04 1.35522804e+01
 -8.63329165e+00 -7.94487406e-01 -3.14557776e-01 7.84626921e-01 -1.01335030e+04 1.35877424e+01
 -6.14841843e+00 -2.70697055e-01 1.40979954e+00 -2.51261695e-01 1.02155012e+03 1.36116245e+01
 -2.82092027e+01 2.04368267e-01 1.58874944e-01 3.78113106e-01 3.47585867e+04 1.33195902e+01
 7.08074456e+00 4.23147401e-01 -9.76429160e-01 3.79383806e-01 1.36607491e+04 1.38093952e+01
 1.16367340e+01 4.43922431e-01 -3.36148233e-01 -5.14516822e-01 -6.94513753e+03 1.38608639e+01
 -2.60222291e+01 1.31052559e-01 6.14165325e-01 8.87418885e-01 -1.54574459e+04 1.33449621e+01
 -5.40004745e+00 -1.28459171e-01 1.25447303e+00 1.37772372e-02 -4.40246693e+03 1.36220892e+01
 1.28807057e+01 -4.34891357e-02 1.88738424e+00 4.12873444e-01 -9.49723381e+03 1.38665668e+01
 -2.30532454e+00 -2.35042130e-01 3.09590855e-01 -4.00748583e-01 -1.21807297e+04 1.36718793e+01
 -3.21344384e+01 1.08280462e-02 1.19214162e+00 -3.94445872e-01 -1.46702630e+04 1.32837455e+01
 -2.69111875e+01 -1.35094833e+00 4.09599492e-01 -3.52483155e-01 -1.31642756e+04 1.33227160e+01
 6.04179611e+00 2.78710269e-01 -5.55944116e-01 1.26357474e-01 2.25051232e+04 1.37923586e+01
 -4.13184005e+00 1.07904096e+00 1.04045696e+00 2.03897245e-01 2.11156867e+04 1.36625298e+01
 7.76688259e+00 -1.09250983e+00 -6.41310655e-01 6.73838287e-01 1.62984788e+04 1.38261090e+01
 1.32729876e+01 1.12492648e-01 7.66412774e-01 2.36874803e-01 1.53109346e+04 1.38615103e+01
 -5.06405607e+00 -4.48003066e-01 1.63626227e+00 4.55924419e-01 -3.30372223e+03 1.36576134e+01
 -5.88900898e+00 1.35990667e-01 5.75539686e-01 5.26546452e-01 1.90435869e+04 1.35923874e+01
 -4.88900695e-01 1.99460883e-01 -9.28342158e-01 -3.28539655e-01 -1.53407150e+04 1.36918193e+01
 1.23890114e+01 -7.45258827e-01 -7.95268165e-01 7.39697717e-01 1.69441304e+04 1.38554461e+01
 -1.01037566e+01 -5.33881279e-01 7.71253234e-01 -4.63912738e-01 5.91537113e+03 1.35650189e+01
 3.53553097e+00 1.80949049e-01 -5.88831259e-01 3.68299241e-01 -6.90391843e+03 1.37541871e+01
 1.77231388e+00 5.19243084e-01 -1.63038773e+00 -1.91793343e-01 -7.97073551e+03 1.37293324e+01
 1.10835215e+01 1.51478756e-01 6.67996164e-01 -1.60803709e-01 -4.04678103e+03 1.38511056e+01
 1.49760650e+01 1.08876710e+00 2.31959263e+00 3.62603350e-01 -6.57204673e+03 1.39019161e+01
 2.86086111e+01 1.53033689e-01 5.45092491e-01 3.41510249e-01 -7.91923500e+03 1.40740451e+01
 -8.26075364e-01 -4.91271442e-01 3.01633311e-01 9.34005947e-02 2.83850373e+04 1.36986997e+01
 7.99912931e+00 -6.43032656e-01 -1.11699002e+00 1.93742587e-01 9.94899254e+03 1.38256160e+01
 7.94718782e+00 -2.06031683e-01 -6.53173044e-01 5.03376505e-02 1.39216551e+04 1.38196502e+01
 -4.44908370e+00 -1.98160012e-01 -1.48123548e-01 -4.78568193e-01 -5.73859962e+02 1.36417195e+01
 9.97505670e-01 -7.63500208e-01 1.03072429e+00 1.24071523e+00 -1.16534864e+04 1.37183795e+01
 -4.19826731e+00 7.82649466e-02 2.51861452e-01 -2.11902303e-01 4.24033655e+04 1.36580591e+01
 1.35290562e+01 -9.00280608e-01 -1.09987475e+00 -4.59604406e-01 -4.61480768e+04 1.39045414e+01
 -7.88444707e+00 -4.73407137e-01 -1.78700782e-01 1.73538669e-01 -5.44112323e+04 1.35812073e+01
 -8.54557700e+00 1.86769192e-01 -2.03652357e-02 1.48627238e-02 -7.73791148e+03 1.35582461e+01
 -1.06779282e+00 7.33916865e-03 5.11131100e-01 1.82055675e-02 -6.52649811e+03 1.36719084e+01
 -1.07918026e+01 1.12516015e-01 2.56096137e-01 3.06854032e-01 -1.19510658e+04 1.35552863e+01
 -1.41644768e+01 1.79758007e-01 2.05797074e+00 -9.25781478e-02 9.38354901e+03 1.35241148e+01
 1.24699993e+01 2.55415945e-02 6.70786206e-01 3.68355705e-01 -6.93546657e+03 1.38702062e+01
 2.14274183e+01 1.25856384e-02 1.37514641e+00 1.49750949e-02 9.97587623e+03 1.39622210e+01
 1.05311566e+01 -2.57389285e-01 -2.71161736e+00 -4.71234709e-01 -2.17676315e+04 1.38474633e+01
 -3.31273332e+01 -6.67328686e-01 -4.46256123e-01 3.06108793e-01 4.25968859e+03 1.32369126e+01
 -1.16895687e+01 -5.53943986e-01 -2.93388146e+00 -6.97450039e-01 -1.16397665e+04 1.35593836e+01
 6.96338486e+00 -2.74039762e-01 1.47593777e-02 5.08966712e-01 -1.83588574e+04 1.37849460e+01
 6.94960557e-01 -5.01926639e-01 1.07781062e-01 8.82573330e-01 -1.72412007e+03 1.36997079e+01
 -2.54167989e+00 -4.95862150e-01 1.12189854e-02 -6.59262344e-01 -3.13377048e+04 1.36611980e+01
 1.79564232e+01 -1.06512499e+00 -2.86637457e-01 -4.12235629e-01 -1.55613526e+04 1.39298223e+01
 -2.66091768e+01 3.56093936e-01 8.05436954e-01 -4.42936610e-02 -5.59173916e+03 1.33311293e+01
 1.08520636e+01 4.91778924e-01 4.45010149e-01 -2.89247916e-01 3.32522877e+04 1.38338783e+01
 -1.12482113e+01 7.23962872e-01 6.24155848e-01 1.49362534e-01 9.16250679e+02 1.35572202e+01
 1.70977726e+01 -2.47798947e-01 3.76204955e-01 1.23187135e-01 -7.61690913e+03 1.39256405e+01
 1.76299228e+01 -5.61186369e-01 2.06031023e-01 -1.96354839e-01 4.72406228e+02 1.39244938e+01
 6.72769855e+00 -4.79016996e-01 -1.68706666e+00 -1.00103890e-01 1.22012402e+04 1.37833120e+01
 9.39430660e+00 -1.82735348e-01 -6.85318445e-01 -5.70573940e-01 1.61382043e+04 1.38384761e+01
 1.09070027e+01 3.04289091e-01 -4.59123544e-01 3.93420063e-02 4.96306269e+03 1.38346278e+01
 -2.13511516e+01 2.39872553e-01 -8.48696372e-01 -7.44327375e-01 -6.69944862e+03 1.34024992e+01
 1.88079885e+01 -4.39292652e-02 -2.66651986e-01 -6.96233177e-01 1.54796498e+03 1.39423154e+01
 -1.52344300e+01 3.97665206e-01 -2.69147314e-01 -7.25757372e-02 1.18187316e+03 1.34738042e+01
 6.76944599e+00 1.15423225e-02 -4.92887265e-01 1.04346739e+00 2.04388082e+04 1.37684899e+01
 -1.85170796e+01 -2.98260000e-01 1.70594620e-01 4.96627060e-01 -2.57888535e+04 1.34530773e+01
 9.19430140e+00 -7.62521047e-01 6.54176910e-01 4.79099428e-01 -4.28769945e+04 1.38409001e+01
 -1.68859602e+01 -1.85418510e-01 -2.97408733e-01 -3.75237197e-01 -8.36598936e+03 1.34756436e+01
 -1.78586821e+01 1.08092548e-01 -6.69531267e-01 1.68010100e-01 3.86154556e+04 1.34491778e+01
 1.11158843e+01 8.73408730e-01 -1.18473721e+00 -4.95300967e-01 8.50178576e+03 1.38649797e+01
 -3.45687460e+00 -1.29127706e-01 -1.12373599e+00 -1.33412143e+00 1.25383975e+04 1.36596273e+01
 1.46020707e+01 4.47865080e-02 1.61754770e+00 6.53008604e-01 9.73126063e+03 1.38925337e+01
 9.28086977e+00 3.98675273e-01 -8.57352401e-01 -3.84457609e-02 2.34664061e+04 1.38169648e+01
 -9.11013611e+00 2.81992224e-01 7.35399451e-01 2.16363162e-01 -8.35654354e+03 1.35796911e+01
 1.09813407e+01 9.86282617e-02 -7.49959442e-01 1.31813659e-01 -1.72916786e+04 1.38444674e+01
 -2.57421179e+01 5.93552087e-01 1.94462267e+00 1.01720331e-01 1.02827040e+04 1.33603790e+01
 -1.75681778e+00 -7.92444612e-01 7.27309780e-01 1.89128146e-01 -6.18320096e+02 1.36935591e+01
 -1.42838849e+01 -1.85895353e-01 1.69718513e+00 1.00928257e-02 -8.43222328e+03 1.34918078e+01
 -3.22965328e+00 -2.78424556e-01 -2.30679058e-01 -2.10102952e-01 1.25010548e+04 1.36667709e+01
 -1.50997212e+01 -1.38757763e+00 -1.69420317e-01 -7.26153037e-01 -7.23550663e+03 1.35148713e+01
 1.60249194e+01 -4.04029008e-01 1.36226253e+00 5.25752393e-01 2.56565219e+04 1.39166411e+01
 3.20669155e+01 -3.80564874e-01 -5.22785562e-01 2.23529846e-01 -1.36527165e+04 1.41289145e+01
 1.04290954e+01 4.96640837e-02 2.92764391e-01 7.42728236e-04 9.53938158e+03 1.38610780e+01
 -9.95031842e+00 -3.68469346e-01 4.21525378e-01 2.63008646e-01 7.82892294e+02 1.35606379e+01
 -3.50987671e+01 -9.85010897e-01 1.50790460e+00 -6.02605418e-01 -7.30740591e+02 1.32099083e+01
 -4.57571414e+00 -4.46188972e-01 -1.40092374e-01 3.33071806e-01 -1.19664818e+04 1.36341879e+01
 7.00441623e+00 5.57131158e-01 -1.45222070e+00 9.90795134e-02 5.16766967e+03 1.37831501e+01
 2.48638683e+01 -1.75067262e+00 2.12769464e+00 -2.52562171e-01 -2.74131732e+04 1.40498832e+01
 -1.70108811e+00 1.29323332e+00 3.83235908e-01 -2.45153436e-01 -2.87356290e+04 1.36673041e+01
 -2.40103696e+00 2.94481164e-01 -4.36448889e-01 1.17738281e-02 -1.64575737e+04 1.36867673e+01
 9.79323670e+00 4.96777866e-01 1.53620201e+00 -2.10938081e-01 2.87949647e+04 1.38198023e+01
 -3.99938238e+00 7.47044590e-01 -3.11082543e-01 -1.63237974e-01 2.69701578e+04 1.36501764e+01
 -7.57803008e+00 -3.70471253e-01 1.26617921e+00 5.21713563e-01 1.13188365e+04 1.35849947e+01
 3.59541740e+00 3.59583929e-01 1.20312451e+00 5.37353929e-01 -2.87762958e+04 1.37557720e+01
 3.10413679e+00 -3.34444599e-01 2.14368469e-01 -1.75601763e-01 -2.77637441e+03 1.37093271e+01
 1.87600150e+01 4.58619593e-01 2.20085389e+00 -1.82143102e-01 2.83221573e+04 1.39503092e+01
 4.01241620e+00 -7.51568036e-01 5.06637121e-01 5.35026718e-02 1.09527481e+04 1.37562051e+01
 5.99452749e+00 -2.87334123e-01 -7.84088225e-01 -8.14955319e-01 8.95062173e+03 1.37634532e+01
 1.09605044e+01 8.61318157e-02 1.51129579e+00 -1.99996720e-01 2.21792918e+04 1.38700884e+01
 1.87440744e+01 -4.52184726e-01 -8.37794489e-01 -4.85952745e-02 9.08096862e+03 1.39408551e+01
 -2.26508807e+01 1.39953735e+00 7.05705549e-01 -1.00913541e-01 2.08195062e+04 1.33946809e+01
 -7.51167020e+00 -3.21060255e-02 -2.62499644e+00 -3.21738849e-01 -1.66881894e+04 1.36060765e+01
 1.08724536e+01 -2.02188286e-01 1.06645461e-01 -1.95336557e-01 -1.62515917e+04 1.38592971e+01
 1.79250831e+01 -3.53674624e-01 -1.64488437e+00 1.31394417e-02 5.93988731e+02 1.39478993e+01
 2.80792831e+01 -1.05608415e+00 3.16438784e+00 -4.90123155e-02 2.33765593e+04 1.40745813e+01
 1.11239194e+01 2.92486856e-01 2.10730053e-01 1.03495875e-01 -1.09847932e+03 1.38379610e+01
 -9.75586575e+00 -5.54012389e-01 8.56096269e-01 7.57963345e-01 -1.09619876e+02 1.35718446e+01
 1.11134058e+01 -8.16198187e-01 -3.72980519e-01 1.72194730e-01 1.72729482e+04 1.38499658e+01
 -8.61375179e+00 -4.43833752e-01 9.85950369e-01 4.10564209e-01 -1.21723952e+03 1.35621395e+01
 -5.38592075e+00 -4.34745414e-01 -3.15135269e-02 -5.85037835e-01 5.13666434e+03 1.36295001e+01
 -1.93859063e+01 4.42432379e-01 -2.57416259e-02 -6.56288325e-01 -6.14172684e+03 1.34395001e+01
 1.54243688e+00 -1.29047212e+00 6.06016784e-01 1.56600197e-02 -5.58305157e+03 1.36874895e+01
 -2.79586822e+01 1.02622911e+00 -8.64873562e-01 -1.64779150e-01 1.21563690e+04 1.32978464e+01
 -8.08707800e+00 -2.34697636e-01 -1.17314975e+00 -1.64676119e-01 3.75709756e+03 1.35811247e+01
 -5.66718919e+00 -9.28209663e-01 1.29741773e+00 -4.11388895e-01 1.90715842e+04 1.36167146e+01
 -2.46129890e+01 -2.80802965e-01 1.04953665e-01 5.75884889e-01 -3.12059979e+04 1.33430067e+01
 -2.55927326e+01 -2.07492059e-01 -3.12517825e-01 -1.03504865e+00 1.82355440e+04 1.33328724e+01
 2.84700877e+01 -4.72262090e-01 1.18698269e+00 1.67704075e-01 -2.60912580e+04 1.40847503e+01
 2.01005168e+01 1.05427199e-01 7.35035572e-01 -2.90597257e-01 2.53131077e+04 1.39772094e+01
 1.01398498e+01 1.63866336e-01 -1.91613744e+00 2.92513461e-01 4.14731232e+04 1.38370358e+01
 1.32121340e+01 -3.82202711e-01 -2.57913773e-01 9.38321109e-02 -1.61171230e+04 1.38829639e+01
 2.76440936e+01 -6.75765058e-01 8.62133912e-01 -6.09925175e-01 -1.65648847e+04 1.40455359e+01
 1.63599913e+01 1.96900010e-02 2.61575552e-01 1.39037278e-01 1.73843501e+04 1.39075946e+01
 -1.98022250e+01 5.84899445e-02 -1.41408784e+00 4.89860913e-02 1.10065012e+04 1.34185347e+01
 3.25481659e+01 5.79747569e-01 -1.43773816e+00 8.55285291e-02 1.29249638e+04 1.41423750e+01
 4.03372933e+00 8.76707718e-04 1.50065751e+00 -5.61622661e-01 -2.37158028e+04 1.37570249e+01
 1.59269256e+01 -1.61138892e-01 7.34439241e-01 2.05294925e-01 -1.21268210e+04 1.39194897e+01
 -3.81274501e+00 -6.83315762e-02 9.75746533e-01 -6.20467335e-01 3.13502820e+04 1.36409921e+01
 9.30487522e+00 -1.96006068e-01 -3.44686816e-01 2.14632822e-01 -1.06475934e+04 1.38303038e+01
 5.51689536e+00 4.26219876e-01 2.38634166e-01 -2.15759366e-02 2.60559482e+04 1.37900280e+01
 5.75482615e+00 -4.07327013e-01 1.25015673e+00 -5.33949672e-01 -3.13923866e+04 1.37823880e+01
 9.32892391e+00 1.83416116e-01 4.10758520e-01 -7.38821008e-02 -1.56712557e+04 1.38176518e+01
 -2.65338575e+01 -6.86019594e-01 1.85474542e+00 5.20199722e-01 -1.10230564e+04 1.33180809e+01
 -1.38924256e+01 4.03265683e-01 -5.86292311e-01 -7.66856318e-01 -2.83781062e+04 1.35056248e+01
 2.27662066e+01 -5.38228719e-01 8.77428429e-01 4.85442378e-01 -1.08801747e+04 1.39897072e+01
 -3.06369673e+00 1.78643739e-01 1.06972212e-01 -4.57109417e-01 -7.26724286e+02 1.36515632e+01
 1.27199561e+00 7.75582844e-01 -8.81877638e-01 1.14394949e-01 3.61288872e+03 1.37004872e+01
 -2.19689730e+01 6.51573800e-01 -1.16548684e-01 4.30708463e-01 -1.53536392e+04 1.33869019e+01
 1.41975380e+00 3.14222614e-01 1.56593695e+00 1.53248385e-01 2.66903461e+03 1.37247284e+01
 4.19270639e+00 9.67630013e-01 -9.64898298e-01 2.84004694e-01 2.16581771e+03 1.37467223e+01
 -1.10764180e+01 -3.64638295e-01 3.76900363e-02 -1.89355035e-01 -6.93399316e+03 1.35651758e+01
 1.47887499e+01 -4.92680285e-02 -5.51931326e-01 1.84629736e-02 -1.56214471e+04 1.39077489e+01
 1.57518716e+00 -2.29380203e-01 -5.45716445e-01 -1.20242022e-01 -4.14945957e+03 1.36988975e+01
 5.97397306e+00 1.23215273e+00 -1.48533258e-01 7.25478213e-01 -1.97611623e+04 1.37711752e+01
 4.38672920e+01 1.60303220e-01 -2.17917887e-01 -1.54218828e-01 8.91693459e+03 1.42731441e+01
 3.95950609e+00 -1.66111372e-01 -9.97548696e-01 7.52487182e-01 -2.16926299e+04 1.37459643e+01
 -2.14619201e+00 4.30193590e-01 -2.68844823e-01 3.19384843e-01 -2.42400526e+04 1.36768980e+01
 -3.12730949e+00 -8.14489847e-02 -2.28517023e+00 -2.19915823e-01 -1.37355137e+03 1.36381988e+01
 1.19367309e+01 1.14037657e+00 -1.93311321e+00 2.46439206e-01 -7.76299015e+03 1.38892451e+01
 1.82299411e-02 -2.75002619e-01 7.44570663e-01 -3.62923573e-01 6.36274070e+03 1.36909540e+01
 2.47600548e+01 -4.73089446e-01 8.80078352e-01 4.27183791e-01 2.77021659e+03 1.40278925e+01
 -1.72651607e+00 -3.57096342e-02 2.45199583e+00 -6.67084719e-01 -4.73357331e+03 1.36896781e+01
 2.06716584e+00 3.36754417e-01 4.68102772e-01 7.38963597e-01 9.75182041e+03 1.37400072e+01
 1.26587697e+00 2.71702736e-01 1.02904775e-01 -1.36189371e-01 1.45673403e+01 1.37169253e+01
 -1.04827218e+01 1.18738905e-01 -1.94705802e+00 -1.47758329e-01 2.08685605e+04 1.35521019e+01
 -5.09927555e+00 -1.57516749e-01 7.66082170e-01 3.29620280e-02 -3.72834203e+03 1.36362899e+01
 -7.10944743e+00 -2.06926480e-03 -5.20107073e-01 -8.06622864e-01 4.61460344e+03 1.36153684e+01
 -1.34326053e+01 -2.70848729e-01 4.64595562e-01 -2.57925237e-01 -2.84366468e+04 1.35259714e+01
 9.10064852e+00 1.14131005e-02 1.45368679e+00 2.01245165e-01 1.77286719e+04 1.38146395e+01
 -3.24827000e+01 -5.82077803e-01 -3.73378932e-02 2.84415900e-01 3.97854120e+04 1.32476572e+01
 -4.27895094e+00 -2.95886348e-01 1.65667638e+00 3.02367430e-02 -5.56451234e+02 1.36355397e+01
 2.94370333e+01 5.40259199e-01 1.32814225e+00 4.94752718e-01 2.33268110e+03 1.40967111e+01
 9.91281342e+00 6.56487526e-02 -6.35746225e-01 -3.35203540e-01 -1.82479660e+04 1.38318019e+01
 -1.93950766e+01 1.60167233e-01 -4.01351809e-02 8.62287297e-02 1.03792761e+04 1.34262801e+01
 -9.76345808e-01 7.21705179e-01 8.99077616e-02 1.11691150e+00 1.01388142e+04 1.36788484e+01
 -1.27027844e+01 -2.71244293e-01 9.13427876e-01 6.19330985e-01 -1.03862791e+04 1.35382083e+01
 -1.40204247e+01 4.28844138e-01 -9.28986248e-01 1.80604650e-01 1.68122972e+04 1.35059007e+01
 5.12049583e-01 1.78292848e-01 -6.82491809e-01 4.68619383e-01 -2.81670725e+04 1.37264657e+01
 -6.61237734e-01 -6.23413547e-01 -1.28527449e+00 -9.42213318e-01 3.16048146e+03 1.36881525e+01
 2.65795317e+00 -7.06860991e-01 2.43023375e+00 -7.55187137e-01 3.76532181e+04 1.37192741e+01
 5.45128487e+00 5.50962131e-01 1.30274252e+00 2.46783184e-01 -2.10514712e+04 1.37666076e+01
 -1.06589088e+01 -3.48842892e-01 -1.44379577e-01 -8.15929452e-02 -1.48344710e+03 1.35592969e+01
 9.91426110e+00 -2.64022466e-01 -7.57115967e-01 3.51766542e-01 -1.55412133e+04 1.38314600e+01
 2.35559921e+01 -7.45315126e-01 -1.23630774e+00 2.17026467e-02 2.15486561e+04 1.40168596e+01
 3.81888096e+00 -6.62024614e-01 -2.12006322e+00 3.79202650e-01 1.75083883e+03 1.37631186e+01
 -1.97608988e+01 -6.06256633e-02 -9.62840760e-01 -4.79093438e-02 -1.04337468e+04 1.34641825e+01
 -9.27531052e+00 2.99908758e-02 3.14189997e+00 5.01026777e-01 1.89084545e+04 1.35825601e+01
 -3.05883503e-02 -9.49865889e-01 1.27711014e+00 -4.53387869e-01 -1.04405742e+04 1.37181154e+01
 -2.08123453e+00 -2.88223021e-01 -1.34518763e+00 -1.54829462e-02 -2.26880500e+04 1.36530934e+01
 1.50433982e+01 -1.77157232e-01 6.21846250e-01 -2.65745495e-01 3.14109779e+04 1.39020821e+01
 -7.42706690e+00 -1.97745609e-01 -1.41203680e+00 -2.05204377e-01 -1.86939051e+04 1.36035099e+01
 -2.45599644e+01 6.49550999e-01 1.10017411e+00 1.12694666e-01 1.21309267e+04 1.33155255e+01
 1.58776209e+01 8.80796126e-01 3.31257008e-01 2.67176954e-01 2.12752752e+03 1.39219714e+01
 1.88644684e+01 -3.09048703e-01 5.00590978e-01 -4.74304399e-01 -1.27291867e+04 1.39622124e+01
 -2.90326968e+00 3.97369012e-01 -1.76962286e+00 -1.28405426e-01 -2.92686246e+04 1.36595548e+01
 1.29423620e+01 1.92458407e-01 1.03533459e+00 5.17074298e-02 1.46934348e+04 1.38699239e+01
 2.51277262e+00 -7.19453005e-02 6.30644511e-01 -3.81290440e-01 -5.57622879e+03 1.37327797e+01
 4.52238085e+00 -6.90113457e-01 -2.34513254e-01 7.69876346e-03 -5.43665998e+03 1.37607538e+01
 -1.70485515e+01 -9.77809754e-02 -4.34239466e-01 1.57525604e-01 -2.76208092e+04 1.34588400e+01
 1.84198049e+00 -3.46609426e-01 -3.83407422e-01 -2.99040875e-01 2.00095240e+03 1.37532995e+01
 1.24028409e+00 6.45681867e-01 6.46901333e-01 4.22092117e-01 1.73943482e+04 1.37062263e+01
 -1.98010694e+01 -6.00767216e-01 -5.80332742e-01 7.97239539e-01 1.76328597e+04 1.34274243e+01
 1.39596903e+01 1.02617797e+00 1.69863222e-01 -1.68027633e-01 2.42011445e+04 1.38806337e+01
 -1.33182307e+01 -8.96118002e-01 2.87975869e-01 2.39811026e-01 -1.49680470e+04 1.35178472e+01
 4.95564921e+00 9.60949432e-01 8.84783002e-01 -2.30467847e-02 2.53651320e+04 1.37690865e+01
 1.00803080e+01 -3.48141016e-01 1.60835929e-01 2.17625926e-02 -9.73237009e+03 1.38667410e+01
 -1.83988556e+01 1.09941298e-01 -1.72772064e+00 -3.57182823e-01 -6.29980861e+03 1.34633383e+01
 7.48273643e+00 -1.60196680e-02 2.13147671e+00 -6.13886570e-02 1.09157551e+04 1.38071547e+01
 7.42876795e+00 -6.26041835e-01 1.85532758e-03 -6.79371211e-02 1.42763129e+04 1.38127182e+01
 -1.92671536e+00 -8.78264569e-02 4.14202205e-01 6.46213312e-01 -2.42301948e+04 1.36794439e+01
 -1.23547436e+01 6.89885102e-01 -6.33389415e-01 -5.77191980e-01 -1.97229471e+04 1.35232634e+01
 7.93833153e+00 -6.34103756e-02 -1.19238701e+00 -1.85964910e-01 9.61798768e+03 1.38086502e+01
 7.58404427e-01 -4.91022650e-01 -1.62427436e+00 4.31856903e-01 2.79019023e+04 1.37452040e+01
 -2.14158411e+01 2.87070082e-01 -1.26059445e+00 -6.50533951e-01 1.79872560e+04 1.33851458e+01
 -3.55166324e+00 6.54467292e-01 6.52126477e-01 4.56648650e-02 -3.08004391e+04 1.36490885e+01
 8.73302698e+00 -6.07400189e-01 -4.60451962e-01 2.87059853e-01 -6.79216779e+03 1.38026020e+01
 5.15960711e-01 -9.30452298e-01 3.45227448e-01 -3.88775269e-01 1.70413357e+04 1.37151948e+01
 1.39317653e+01 -7.70574762e-02 6.45835512e-02 -7.80316302e-01 8.37538755e+03 1.38835023e+01
 -1.66596005e+01 -1.02927056e+00 -3.46856379e-01 -7.62948842e-01 3.04605375e+04 1.34727870e+01
 -1.62938446e+01 -3.57999959e-01 4.82283372e-02 -3.38249342e-02 1.78574629e+04 1.34699712e+01
 3.75800830e+00 2.15947148e-01 3.40476161e-01 3.67475063e-01 2.27875534e+04 1.37600183e+01
 -1.39918259e+01 -2.19609754e-01 -5.93007016e-01 4.17235506e-01 -2.54879382e+04 1.35460091e+01
 -1.18927119e+01 -1.18703437e-01 3.06598619e-01 3.91006172e-01 -8.19234571e+03 1.35290380e+01
 -7.82688814e+00 -3.35138166e-01 6.93650235e-01 -3.74385015e-01 -1.69392904e+04 1.36287293e+01
 -1.50979224e+01 -4.93484014e-01 -2.41508177e-01 1.46204835e-01 -3.36597277e+04 1.35044214e+01
 2.00337650e+01 9.23400970e-01 -7.99923960e-01 -1.88915063e-02 -5.98477947e+03 1.39920174e+01
 1.61589548e+01 5.59476521e-01 8.91370727e-01 -6.72436003e-01 1.74575289e+04 1.38975923e+01
 -7.33220444e+00 -4.56017463e-01 1.63580581e+00 -3.04490334e-01 -8.37661277e+03 1.36057610e+01
 1.75337975e+01 -2.23526813e-02 -1.99398317e+00 2.44239109e-01 2.15122396e+04 1.39455169e+01
 1.63427628e+01 -5.43600901e-01 -1.45412556e+00 5.66632693e-01 -1.29639898e+04 1.39213407e+01
 -2.96198333e+01 2.58332876e-01 -9.10588587e-01 3.96190309e-01 2.40126331e+04 1.32977568e+01
 -7.93184137e-01 -8.83791686e-02 5.56548898e-01 -5.67473386e-01 -1.17174035e+04 1.36645738e+01
 2.97001490e+01 -5.53094225e-01 1.29538496e-01 -2.37631409e-01 -2.27643428e+04 1.40966435e+01
 -8.33652754e+00 3.78556984e-01 -1.35657835e+00 3.84488763e-01 -1.35572606e+04 1.35956332e+01
 -9.16498245e+00 2.92314139e-01 -1.89409173e+00 -9.56625733e-02 -2.19982010e+04 1.35915586e+01
 -1.53931777e+01 -9.03259418e-02 1.27219754e+00 -3.43110079e-01 -1.40089046e+04 1.34985744e+01
 -2.60209108e+01 -2.57444682e-01 4.73519994e-01 -7.35151386e-01 1.24632855e+04 1.33500168e+01
 1.97795221e+00 3.91845022e-01 -1.30339623e+00 -3.80077804e-01 -1.49650087e+04 1.37263411e+01
 -1.65260115e+01 -7.82231911e-01 1.89468090e+00 -1.29810430e-01 1.35633840e+04 1.34612253e+01
 -9.01743576e-01 7.84389274e-01 -8.92995151e-01 -1.95333996e-01 7.10949665e+03 1.36809860e+01
 7.60053125e+00 6.68277529e-01 8.60033968e-01 6.04382047e-01 -1.02299244e+04 1.37848485e+01
 -5.19911917e+00 -6.64666587e-01 -6.55046436e-01 -1.56147616e-01 1.76182662e+04 1.36204309e+01
 -1.28403899e+01 4.35457115e-02 -1.80799764e-01 1.24874290e+00 1.60871984e+04 1.35368896e+01
 2.68042088e+01 2.52536017e-01 3.02357453e-01 3.95249102e-01 -1.90893777e+04 1.40916181e+01
 -5.01202963e+00 1.82313371e-01 5.31888132e-01 -3.15030882e-01 -1.06897769e+03 1.36318659e+01
 1.53733246e+01 -6.45222397e-02 2.17548854e+00 8.18967960e-02 -8.61772901e+03 1.39199981e+01
 -2.74799768e+01 8.21079218e-01 -1.47116226e+00 -2.78960287e-01 -4.97905027e+03 1.33124447e+01
 -2.89990145e+01 -1.25335572e-01 -1.87919857e+00 -1.76610020e-01 -1.15965292e+04 1.33054854e+01
 -5.85182241e+00 -2.54922035e-01 3.06756023e+00 1.77678548e-01 -2.97067248e+04 1.36115891e+01
 6.57853667e+00 -9.03545133e-01 1.44214727e+00 -1.11054527e-01 -1.01481495e+04 1.37708136e+01
 -7.55539169e+00 -8.51921927e-01 2.14125403e+00 4.37955143e-01 -5.97929118e+03 1.35837826e+01
 -1.61391363e+01 -2.82107559e-02 1.22895968e+00 -5.19357299e-01 -7.39925390e+03 1.34613620e+01
 4.87408680e+00 -3.77254450e-01 -6.06461385e-01 -3.04815725e-01 1.99901398e+04 1.37848400e+01
 3.37344730e+00 7.89130539e-01 -8.63063726e-01 1.81692907e-01 6.02255085e+03 1.37471307e+01
 -8.58985837e+00 -1.72473552e-01 -5.41095061e-01 -7.46330710e-01 1.33163447e+04 1.35734025e+01
 1.10883055e+01 -9.71861647e-01 9.24061212e-01 -4.54351238e-03 -4.64016435e+03 1.38696203e+01
 2.14092733e+01 9.05624209e-01 7.54527550e-01 1.01987730e-01 -1.47317972e+04 1.40018646e+01
 -7.93089187e+00 4.06282499e-01 2.41066440e+00 4.47682476e-01 -2.26423253e+04 1.36054141e+01
 7.65491779e+00 9.02064998e-01 2.10739578e+00 -5.31207169e-01 -2.60284412e+04 1.38020249e+01
 -5.55485199e+00 -1.17366239e-01 1.48810237e-01 4.02591128e-01 -3.09876055e+03 1.36337827e+01
 2.83179395e+01 4.69591139e-02 -4.49116430e-02 1.24951839e-01 -3.67732636e+04 1.40733102e+01
 1.33395082e+01 6.39533611e-01 -2.74867509e-01 -5.66071254e-01 -7.98597583e+03 1.38739242e+01
 -3.22726174e+01 -3.54457510e-01 -6.70263248e-01 -1.49594107e-01 -1.31435186e+04 1.32456493e+01
 9.41017631e+00 6.60874827e-01 -2.79436945e-02 -3.05027649e-01 -1.12474259e+04 1.38267872e+01
 -3.61483526e+01 -4.53313192e-03 1.05192516e+00 4.13032581e-01 -7.82902030e+03 1.32024197e+01
 6.62323751e+00 -9.76389525e-01 2.83993375e-01 1.54927424e-01 -6.58405334e+03 1.37692398e+01
 -5.08535553e+00 3.02772118e-04 -2.99708219e-01 -8.11719327e-01 -2.21698951e+04 1.36091886e+01
 2.18148121e+00 1.18852466e-01 -9.35172369e-01 2.51612127e-01 -2.85368935e+04 1.37256990e+01
 -6.08761311e+00 -1.44312640e-01 1.04820458e+00 2.48217536e-01 4.62514040e+03 1.36252749e+01
 -1.20515160e+01 1.98619347e-01 -1.89407802e+00 -7.95980957e-03 1.88466990e+03 1.35326040e+01
 -5.43912274e+00 -5.58767150e-01 1.09513968e+00 3.49729406e-02 -1.44710508e+04 1.36347372e+01
 -1.11085568e+01 -3.32520718e-02 1.56268565e-01 2.11252125e-01 2.59146922e+04 1.35500027e+01
 1.02707820e+01 -3.03543759e-01 5.16994159e-01 4.83387406e-01 -1.03789922e+04 1.38450688e+01
 7.84580400e+00 7.20039127e-01 -9.65457776e-01 -3.26038646e-01 -6.61110659e+03 1.38094232e+01
 -1.28354827e+01 -1.67566711e+00 -3.09496610e-01 -3.32517124e-01 1.22740918e+04 1.35426282e+01
 -4.10921168e+01 7.96061169e-01 -2.41411911e+00 -1.42170636e-01 2.39544222e+04 1.31096254e+01
 -1.02349208e+01 8.07810527e-03 5.84282663e-01 6.67883119e-01 -2.07807468e+04 1.35691201e+01
 2.08150542e+00 1.11209084e-01 -4.25990803e-02 1.68299011e-01 3.79318559e+04 1.37179036e+01
 1.29312444e+01 -6.13245041e-02 -2.29576446e+00 4.89457024e-03 -7.37611594e+03 1.38825627e+01
 -1.18529207e+01 -9.16537020e-01 -4.28455221e-01 2.96667622e-02 -5.51518672e+03 1.35290108e+01
 1.37088498e+01 -1.34134408e+00 3.81266433e-02 2.76651517e-01 -1.60132507e+03 1.38735466e+01
 -1.61356510e+01 -1.18897546e-01 -1.16802807e-01 -4.13442055e-01 -1.16711570e+04 1.34988865e+01
 -1.03701129e+01 1.04033063e+00 -1.10623608e+00 -1.55846377e-01 -1.42989179e+04 1.35307543e+01
 5.68592346e+00 8.63294599e-03 -2.02438164e+00 -2.67053862e-01 1.93044699e+04 1.37666024e+01
 -6.83403045e+00 2.86171980e-01 1.27552633e+00 3.37752913e-01 1.24345747e+04 1.36103786e+01
 1.58786425e+01 -1.82322451e-01 7.19116955e-02 6.43417588e-01 1.78920384e+03 1.39114729e+01
 2.74702368e+00 4.49661777e-02 -1.25362451e+00 -2.82917690e-02 4.46770997e+03 1.37377039e+01
 2.02177867e+00 6.38976546e-01 -8.14180413e-01 -1.04494206e-01 -1.96671245e+04 1.37483350e+01
 2.99597710e+00 -3.86010523e-01 2.54720031e-01 -2.11859950e-01 -3.11248880e+04 1.37495581e+01
 -4.10529916e+00 -1.22553926e-01 4.34202510e-01 4.05300776e-02 -1.16388342e+04 1.36465352e+01
 9.85241858e+00 5.34638586e-01 3.06163584e-01 8.58176507e-01 -2.44207308e+04 1.38457834e+01
 2.32773929e+01 1.85350900e-01 -1.15528466e-01 -7.12076662e-01 -1.17291142e+04 1.40099706e+01
 6.65091513e+00 1.64403425e-01 -1.02045520e+00 1.12447630e+00 2.54233467e+04 1.38051065e+01
 -3.02062600e+01 1.63904801e-01 2.47267782e+00 -2.19096368e-01 -2.34531045e+04 1.33084650e+01
 -3.85047815e-01 -5.48885106e-01 1.56353471e+00 1.28341074e-01 2.93742255e+04 1.36965790e+01
 2.00398387e+01 9.35377504e-01 -1.65868978e+00 8.50414096e-03 4.05617974e+04 1.39826009e+01
 -1.21615292e+01 -3.59172321e-01 -1.97687152e-01 -5.59853073e-01 -6.54837849e+03 1.35115195e+01
 2.30516833e+00 -1.43319324e-01 1.91434387e+00 -4.55045023e-01 1.29190116e+03 1.37238587e+01
 8.25487110e+00 -1.37175361e-01 -2.46354406e-01 -5.89645176e-01 -1.58202950e+03 1.38089165e+01
 1.64132685e+01 -5.03149903e-02 -1.48002779e+00 -3.77924569e-02 3.99165937e+04 1.39229899e+01
 7.81451383e+00 -5.88840445e-01 -1.20335610e+00 1.85705894e-01 2.98631180e+04 1.37637831e+01
 -1.82887660e+00 1.35410803e-01 -3.63566314e-01 3.63480949e-01 2.13632614e+04 1.36899523e+01
 -7.16618764e+00 2.58969552e-01 4.02425560e-01 1.41316080e-01 3.67233042e+04 1.36130154e+01
 3.23302504e+01 -6.51596087e-01 -2.11419202e-01 4.80175172e-01 -3.70718440e+04 1.41374079e+01
 4.09242456e+00 -7.27840353e-01 2.83566693e-01 -4.29824057e-01 -1.45821681e+04 1.37339543e+01
 -1.94285569e+01 9.04813165e-01 -1.13876322e+00 -8.62454581e-01 -1.37475550e+04 1.34347541e+01
 -1.88522376e+00 -6.48593962e-01 -2.67012125e+00 -1.60002140e-01 1.35945583e+04 1.36956689e+01
 1.64622005e+01 4.92849163e-01 1.29536705e-01 2.28930369e-01 -1.61069076e+04 1.39407388e+01
 -6.22502254e+00 -5.24319201e-02 8.67159484e-01 -1.07390538e-01 5.47505578e+03 1.36059540e+01
 9.67059275e+00 2.92089696e-01 -1.44247125e+00 -2.64351673e-01 -1.39408909e+04 1.38113383e+01
 1.37553963e+01 3.42850698e-01 -5.61411893e-01 1.30602601e-02 -9.44113126e+03 1.38743504e+01
 1.60390799e+01 5.10323910e-01 -1.81008332e-01 8.44004731e-02 1.47428999e+04 1.39128212e+01
 -1.83973162e+01 -2.50613800e-01 -1.83804234e-01 -5.30593213e-01 6.70297468e+03 1.34400764e+01
 -1.00502681e+01 -9.70211193e-01 -5.14808619e-01 2.70768837e-01 2.19890014e+04 1.35705144e+01
 -1.47639940e+01 1.83948538e-01 9.39628480e-01 3.55476363e-01 7.31408081e+03 1.34896359e+01
 3.04756375e+01 -6.49819228e-01 5.02232700e-02 2.09841650e-01 -1.23165998e+04 1.41118082e+01
 1.64922909e+01 4.67743509e-01 -6.33115422e-01 -9.18380733e-03 4.89319251e+04 1.39120549e+01
 -1.56868265e+01 3.50313118e-01 -7.96432889e-01 2.38057860e-02 3.18749536e+03 1.34760771e+01
 -1.62727637e+01 4.47092065e-01 2.05014936e+00 2.59435033e-01 -4.48163244e+03 1.34931899e+01
 1.67459952e+01 9.67375109e-02 -2.27948378e-01 -5.48505554e-01 1.33551912e+04 1.39345903e+01
 -7.69245727e+00 -2.75025915e-01 1.35535496e+00 4.30069684e-01 9.72365847e+03 1.35924071e+01
 1.53565495e+01 -6.32530108e-01 -4.83086545e-02 7.22135697e-01 -1.65168074e+04 1.39127869e+01
 2.24138368e+00 1.07691967e-01 2.81262493e+00 7.26042091e-01 -8.85455279e+03 1.37446808e+01
 2.40212287e+01 -1.59144992e-01 -1.84681869e+00 -6.87751713e-01 -1.94074885e+03 1.40217939e+01
 -5.53746052e+00 -2.75767918e-01 -2.09142993e+00 3.13095761e-01 -1.30232273e+04 1.35914317e+01
 -2.22369884e+01 1.05341981e-01 2.25373869e+00 4.54077807e-01 -7.77440252e+03 1.33904299e+01
 4.63800209e+00 -1.87284553e-01 3.46369632e-01 -1.72297952e-01 -1.18098351e+04 1.37650482e+01
 1.34857137e+00 -7.29789999e-01 5.95518245e-01 2.08587797e-01 -8.55206059e+03 1.37172750e+01
 -1.42850255e+01 6.46891844e-01 -3.15697886e-01 1.06382548e+00 1.68225128e+04 1.35096393e+01
 6.09269158e+00 -8.05541739e-01 -1.28514788e+00 4.82573473e-02 2.33916467e+03 1.37872371e+01
 -3.34041140e+01 -6.18166093e-01 -1.76366179e+00 1.35317131e-01 -8.70655318e+03 1.32482587e+01
 -3.59343078e+00 -1.93247089e-01 -1.68512083e+00 2.60201362e-02 -1.09595893e+04 1.36753946e+01
 -6.95696844e+00 -4.90712276e-02 1.37427418e+00 7.99012258e-01 -3.64117031e+03 1.35953519e+01
 -1.82606337e+01 -1.95370558e-01 8.73037720e-01 2.76008780e-01 -6.51822546e+03 1.34732309e+01
 -2.38552009e+00 2.32065723e-01 -3.59891532e-01 3.68774406e-01 8.07977628e+03 1.36563867e+01
 -1.13336080e+01 3.12494211e-01 8.15969715e-01 -2.06453071e-01 3.01582853e+03 1.35446195e+01
 4.99948376e+00 1.23610795e-01 -1.26149617e+00 9.10899618e-02 1.65073021e+04 1.37759866e+01
 1.56151075e+00 1.27999628e-01 -1.58191127e+00 1.36741377e+00 -1.78677817e+04 1.37257954e+01
 -2.66652010e+00 1.33692447e+00 2.29161536e-01 -9.95168505e-02 7.10299950e+03 1.36748886e+01
 -1.21032908e+01 5.98533149e-01 -1.76846117e+00 4.16340316e-01 2.91702156e+04 1.35274269e+01
 -5.62267426e+00 4.06799230e-01 1.00112739e+00 -1.25799591e-01 4.00626019e+03 1.35998911e+01
 -6.70222372e+00 -2.21714092e-01 6.41509643e-01 -3.53729653e-01 -2.28710865e+04 1.36059779e+01
 9.89146872e+00 5.72796150e-02 -5.82566874e-01 -6.56238657e-02 3.54621860e+04 1.38230273e+01
 3.27852643e+00 1.78348418e-01 -8.09343902e-01 7.05547242e-01 -8.92708084e+03 1.37350235e+01
 -1.99451326e+00 1.17501910e-01 1.54939973e-01 -1.05082196e-01 8.00588481e+03 1.36651912e+01
 2.15501100e+01 1.61179834e-01 -8.67988580e-01 5.28315000e-02 -1.20662857e+04 1.39895377e+01
 1.45377287e+00 4.08349408e-01 4.03662009e-01 6.51982359e-01 1.70057808e+04 1.37272907e+01
 -7.38105759e-01 1.09044293e+00 7.22594834e-01 -8.80036325e-02 5.73623099e+03 1.36907244e+01
 2.70422783e+01 -3.06091933e-01 1.47680080e-01 1.53027041e-01 -2.22111094e+04 1.40841824e+01
 -4.39585196e+00 1.58593436e+00 -8.70798110e-01 -1.42477707e-03 1.58004872e+04 1.36459184e+01
 -1.63782404e+01 -3.48108182e-02 2.32447306e-01 -1.24167830e+00 8.88759604e+03 1.34499319e+01
 3.63055368e-01 -4.09355801e-01 -7.26212600e-01 5.30057820e-02 -7.45299337e+03 1.36990008e+01
 -7.18926449e-01 8.22902509e-02 -1.03723003e+00 1.77839843e-01 -3.28880250e+03 1.36812339e+01
 1.69312923e+01 1.22673570e-01 -1.01646607e+00 -1.14065745e-01 -1.78023528e+04 1.39171712e+01
 -1.13139512e+01 -3.08771529e-01 5.29413714e-01 -3.76632420e-01 1.88762478e+04 1.35406132e+01
 -6.15814512e+00 -5.84511767e-01 -2.79483860e-01 1.55526098e-01 -1.71882814e+04 1.36310868e+01
 -1.48204294e+01 -3.86497262e-01 -6.47535651e-01 -4.09412979e-01 3.68165844e+03 1.34825481e+01
 -6.60802249e+00 1.21097908e-01 1.03029794e+00 9.13587506e-02 1.94249136e+04 1.36005325e+01
 1.49461961e+01 -1.18866124e-01 -5.84297404e-01 -4.86948427e-01 1.16901607e+04 1.39219002e+01
 -1.57306930e+01 3.34169505e-01 -4.09499159e-01 8.92950693e-04 1.29934110e+04 1.34863414e+01
 -2.27636157e+01 3.10191166e-01 -1.33459754e+00 -3.76273008e-01 -3.12503190e+03 1.33940431e+01
 2.62689805e+01 7.89332631e-02 -3.83308979e-01 -1.76854193e-01 2.56103769e+04 1.40477542e+01
 1.52645505e+01 6.79316627e-01 -1.17806361e+00 3.02127615e-02 -7.11910493e+03 1.39111763e+01
 9.53233742e+00 6.82367343e-01 1.12445395e+00 1.72191019e-01 -7.97618700e+03 1.38438359e+01
 7.37179532e-01 -5.26072513e-01 1.90421590e+00 6.66911855e-01 -1.09984006e+04 1.37150114e+01
 8.21600615e+00 7.71682087e-01 2.70169632e-01 -6.04666515e-01 3.15711632e+03 1.38176355e+01
 -1.03923137e+01 -6.93286008e-01 -4.25030656e-01 5.89435138e-01 -2.17859385e+03 1.35745490e+01
 1.39196093e+01 -3.72707897e-01 7.82600720e-01 4.67093873e-01 4.65007601e+03 1.38625739e+01
 -1.48711346e+01 3.42616970e-01 -6.48199258e-01 -1.34088931e-01 1.01655036e+04 1.34867326e+01
 -9.98475307e+00 4.40518944e-01 3.41579620e-01 6.10628715e-01 5.29688194e+03 1.35651042e+01
 -2.30076629e+01 8.58067299e-02 1.25255026e+00 -7.17341813e-01 -4.93755796e+03 1.33836921e+01
 9.77953805e+00 1.84062875e-02 -2.10627516e+00 -9.02679947e-02 1.28718241e+04 1.38193758e+01
 -2.67475122e+01 1.16551856e+00 -1.13357430e-01 8.25521589e-01 1.21897347e+04 1.33342495e+01
 -1.59524479e+01 4.49057645e-01 9.41083284e-01 7.12941459e-01 -1.21432513e+04 1.34812361e+01
 -8.25799720e+00 -5.52333277e-01 -6.50164263e-01 3.81102259e-01 -7.50578686e+03 1.35926034e+01
 1.55790011e+01 4.13820106e-01 3.64228169e-01 8.69897500e-02 -1.76305722e+04 1.39048418e+01
 -1.20080556e+00 -3.84665409e-01 2.05560650e+00 1.24904814e-01 1.76614961e+03 1.37060177e+01
 1.15119035e+01 -1.92615641e-01 7.97234192e-01 4.20821894e-01 -2.32099054e+04 1.38288345e+01
 -9.69499038e+00 2.95172742e-01 -3.67883617e-01 -4.21483564e-01 5.98478709e+03 1.35544909e+01
 1.03086274e+01 -9.33203386e-01 -2.32018905e-01 -3.15060882e-01 -6.21021196e+03 1.38436608e+01
 -3.39001837e+00 -6.51568989e-01 -1.14014354e-01 -3.60489188e-01 -1.09256574e+04 1.36468339e+01
 1.00539451e+01 2.94995100e-01 -1.29771014e+00 1.40200354e-01 2.97083527e+04 1.38322973e+01
 -2.77554232e+00 -7.50340643e-01 2.32622418e-01 3.93738808e-01 -2.56486755e+04 1.36698554e+01
 -9.36984281e+00 2.11493019e-01 -1.87955745e+00 -1.12687096e-01 -3.02468092e+04 1.35553451e+01
 -2.76458514e-01 3.45148424e-01 2.55601133e-01 7.60526358e-01 2.72367516e+04 1.37239659e+01
 -2.79865733e+01 5.54124429e-02 -1.08458738e+00 3.53016671e-01 1.41687847e+04 1.33114923e+01
 -4.61097811e+00 -3.64622346e-01 -8.06276369e-01 4.86043069e-01 1.14268535e+04 1.36293596e+01
 -9.14764949e+00 2.11326109e-01 2.32465688e-01 9.93979033e-01 4.00531366e+04 1.35747986e+01
 -3.87513328e+00 -4.31322046e-01 -4.80574585e-01 -3.17644625e-01 -8.49978234e+03 1.36278848e+01
 9.32368796e+00 -1.11082750e+00 -3.67195568e-01 -1.15019929e-01 1.62973241e+04 1.38158830e+01
 1.02683440e+01 -8.85367765e-02 -1.06081189e+00 2.51089316e-02 -2.27438982e+04 1.38557793e+01
 -1.24133806e+01 -3.52359784e-01 9.53470599e-01 1.18725763e-01 -3.48757827e+03 1.35357907e+01
 -1.24742699e+01 1.83218080e-01 4.36792757e-01 -4.79195149e-01 2.07358342e+04 1.35257154e+01
 2.00366877e+00 8.92809957e-02 2.07203697e-01 1.09293395e+00 -1.83947181e+04 1.37092014e+01
 1.03592063e+01 -8.65791547e-01 8.49103267e-01 2.78078292e-01 -3.48356887e+02 1.38221376e+01
 9.18917514e+00 7.19179038e-01 -1.50202265e-01 1.96542463e-01 -3.47450722e+03 1.38041736e+01
 2.98627653e+00 5.97440563e-01 -1.51191527e+00 -4.33337606e-01 -1.34722332e+04 1.37232936e+01
 2.73620375e+00 -3.81913118e-04 -6.88288210e-01 -3.21104874e-02 1.24051467e+04 1.37325959e+01
 2.46772419e+00 -5.89545137e-01 2.40428638e+00 3.29135153e-01 -1.04868250e+04 1.37467949e+01
 1.36132963e+01 2.52267035e-01 -7.71796069e-01 -2.33185852e-01 -2.40792640e+03 1.38958636e+01
 -8.16939721e+00 -5.02832507e-01 -1.06663102e-01 2.68177465e-01 2.91844736e+04 1.35855344e+01
 -1.49491237e+01 1.03221445e-01 -5.69704473e-01 -5.58910917e-01 2.67559937e+04 1.34863154e+01
 6.75523798e-01 9.27567617e-02 -8.46609693e-01 2.19033594e-01 -2.48052821e+04 1.36856531e+01
 -7.44022805e+00 -3.53094650e-01 -1.54756654e-01 2.70110314e-01 5.93237924e+03 1.36035777e+01
 3.07630707e+00 8.88512474e-01 -1.15655015e+00 4.68808246e-01 1.69634984e+04 1.37361552e+01
 -8.85533315e+00 -2.29541246e-01 4.88542045e-01 4.93336228e-01 4.04929925e+03 1.35732406e+01
 -2.74540639e+00 6.41387906e-01 -1.11583003e-01 -5.51862737e-01 3.10356002e+03 1.36758578e+01
 -8.08961168e+00 -2.98031642e-01 8.85391530e-01 3.98317073e-01 1.25164111e+04 1.36009820e+01
 5.32058224e+00 1.62148681e-01 -4.80891810e-01 3.65041263e-01 -5.56903401e+03 1.37838729e+01
 -7.95299891e+00 7.83641988e-01 1.46836030e+00 -1.32200754e-01 -3.13021775e+04 1.35810383e+01
 1.93049551e-01 1.02891895e+00 2.23684126e+00 -1.57724245e-01 5.61414183e+03 1.37257848e+01
 2.84088592e+00 -7.49743735e-01 1.74794270e+00 -2.25570709e-01 -1.30094469e+04 1.37385773e+01
 2.02013240e+01 1.02732320e+00 -2.30049302e+00 -8.00861194e-02 1.36742449e+04 1.39832772e+01
 9.90020083e-01 8.76029590e-02 1.12616056e+00 -4.19895314e-01 4.17480644e+04 1.37063889e+01
 -1.09896916e+01 -1.41390745e-01 -1.03882620e+00 4.20375416e-01 -1.00700225e+04 1.35512534e+01
 -6.33594403e+00 1.74981994e-01 -1.26292523e-02 -8.52387942e-02 -2.66555944e+04 1.36078966e+01
 2.47505136e+00 -8.13374475e-01 -9.19498786e-01 5.19357215e-01 7.09674607e+03 1.37362885e+01
 -8.16863828e+00 3.54375694e-01 -2.56412499e+00 1.64206266e-01 -6.15961763e+03 1.35988563e+01
 -1.99037166e+01 2.55728319e-02 2.65420151e-01 -7.44040022e-01 -4.74786435e+03 1.34349501e+01
 1.94582755e+01 3.77542251e-02 -1.63705218e+00 7.83043455e-02 -1.35990523e+04 1.39690155e+01
 -2.67637624e+01 1.90461988e-01 4.02125801e-01 1.61868233e-01 1.41684643e+04 1.33241576e+01
 -4.06476166e-01 -4.94540550e-01 3.00577811e-01 7.79982402e-01 -1.87031778e+04 1.36951888e+01
 -2.02870954e+01 7.34842910e-01 6.16284218e-01 8.07425814e-04 -4.12196396e+03 1.34318865e+01
 1.11692068e+01 -1.13903737e-01 4.98369582e-01 3.82170741e-02 -7.70917774e+02 1.38409218e+01
 8.20281780e+00 -4.11422368e-02 -6.74407233e-01 -6.49292284e-02 1.78687693e+04 1.37944641e+01
 -1.99733230e+00 -1.06953959e+00 -1.13898539e+00 4.67350093e-01 -1.44306114e+04 1.36727671e+01
 3.46453844e+01 -6.82810777e-01 -9.72655337e-01 -2.39200453e-02 -1.56602365e+03 1.41941430e+01
 8.44484543e-01 1.65551970e-01 -2.81494054e-01 -6.20258159e-02 -6.28223429e+03 1.37082946e+01
 1.86011804e+01 1.66457353e-01 2.47978138e-01 6.07421782e-01 -3.37607452e+04 1.39603403e+01
 -8.13780154e+00 6.99896781e-01 4.10815726e-01 1.43894890e-01 -3.84920142e+04 1.36000423e+01
 -6.79491271e+00 -4.53873304e-02 -1.62356378e-01 -4.07261884e-02 -1.76968766e+03 1.36218456e+01
 -2.83587604e+01 6.53622916e-02 -3.45011630e-01 3.55381213e-01 -2.17171978e+04 1.32845692e+01
 -4.02670031e+00 1.10212434e-01 -7.63145852e-01 -2.27838043e-01 -2.34028666e+04 1.36476860e+01
 -3.69627788e+00 -1.46459360e-01 5.60513678e-01 6.13279855e-03 -9.98252294e+03 1.36457541e+01
 2.24939109e+01 -2.79996933e-02 8.70192207e-01 -3.29569713e-01 -2.18516122e+04 1.39955211e+01
 -8.15342136e+00 8.34761022e-01 1.45721958e+00 2.97071625e-01 -1.33590264e+04 1.35898960e+01
 -1.21155568e+01 -2.52323483e-02 -6.70393381e-01 2.64715365e-01 -5.62933682e+03 1.35427841e+01
 1.06567297e+00 -8.86794505e-01 -6.57664903e-01 -2.53432371e-01 1.04054363e+04 1.36973718e+01
 7.02849445e-01 9.38623880e-01 -1.60321157e+00 -7.40246253e-01 2.87398009e+04 1.36908619e+01
 -6.95681197e+00 -1.72215400e-01 -1.94387481e+00 -2.45598608e-01 -2.77507128e+03 1.35784786e+01
 5.77552167e+00 2.26951763e-01 -1.32690557e+00 -2.10877608e-01 1.04917500e+04 1.37797681e+01
 5.15726635e+00 9.70638424e-01 -4.26719394e-01 2.22855214e-01 1.98944319e+04 1.37394279e+01
 2.12503077e+00 -1.87029032e-01 3.07632766e+00 8.44275184e-02 6.30854167e+03 1.37260810e+01
 1.15163547e+00 8.60831688e-01 -6.97994799e-01 4.82081441e-01 -2.53203300e+03 1.37240141e+01
 2.55695732e+01 3.67630062e-01 -1.44048874e+00 -1.08338225e-01 3.80348946e+03 1.40463154e+01
 1.61635222e+01 -6.39017799e-01 1.04429325e-01 -4.99742317e-01 -2.41352434e+04 1.39010838e+01
 -9.27707960e+00 6.34732004e-01 4.96981055e-01 -1.01707900e+00 1.02785838e+04 1.35994465e+01
 -1.60435360e+01 -1.37392112e+00 5.87819555e-01 -2.49686884e-01 -3.02699176e+04 1.34902435e+01
 -7.70291751e-01 6.52537086e-01 3.84122107e-01 -4.41485806e-01 -2.12621642e+04 1.36975553e+01
 8.94819639e+00 1.27690848e+00 7.50746052e-01 -2.47579444e-01 1.05150953e+04 1.38270964e+01
 -8.88964709e+00 1.29314848e-02 -1.98217760e-01 6.88381793e-01 -3.63792013e+03 1.35642450e+01
 5.64022871e+00 6.90485318e-02 -6.25148584e-01 2.06150148e-01 -1.89240012e+04 1.37818741e+01
 1.98462802e+00 4.68283637e-01 6.37637532e-01 -3.04042386e-02 -2.04792193e+04 1.37525227e+01
 -1.04116427e+01 5.58731556e-01 -2.11449777e+00 5.25887865e-01 4.32112070e+03 1.35504341e+01
 7.52238860e+00 -4.40372485e-01 -9.17680850e-01 -3.44301785e-01 -4.12627708e+04 1.38165617e+01
 2.58786858e-02 -9.01482628e-01 8.44189563e-01 -8.83768748e-02 1.46923321e+04 1.37006954e+01
 -1.41928730e+01 2.70162933e-01 -1.80555565e-01 -1.77116386e-01 -5.25110275e+03 1.35465313e+01
 -1.14537835e+01 1.37353671e+00 1.55552769e+00 -3.29840688e-01 2.81795353e+04 1.35482976e+01
 3.67068923e+01 5.81274744e-01 2.22466144e+00 -6.51799963e-01 -8.44388560e+03 1.42063257e+01
 -2.36733069e+01 -1.92888459e-01 -8.76222985e-01 -1.12380695e+00 7.75390989e+03 1.33814735e+01
 1.42191262e+00 3.76481968e-01 4.51393698e-01 -6.73724164e-01 8.50292265e+03 1.37005798e+01
 -1.51376249e+01 5.10588744e-01 1.39953856e+00 -7.19389614e-03 6.76264606e+03 1.34897164e+01
 9.04546493e+00 1.56911064e-01 8.13439066e-01 -5.88675656e-01 2.26159750e+04 1.38455181e+01
 2.37036989e+01 1.18586829e-01 -6.93656868e-01 6.64535106e-01 -3.14073970e+04 1.40244931e+01
 -7.68307893e+00 -2.55831433e-01 6.29244723e-02 7.22258966e-01 -1.31731258e+04 1.35979345e+01
 5.71510678e+00 4.99086998e-02 1.64178780e+00 6.73147763e-03 9.35727436e+03 1.37862932e+01
 4.25313313e+01 -6.82875324e-02 2.66967291e-01 -4.17160017e-01 6.35374041e+03 1.42557057e+01
 -1.54832736e+01 -1.53535322e-01 -5.20554102e-01 -8.15467688e-02 1.36869421e+04 1.34794281e+01
 4.73892953e+00 -2.89610947e-01 -8.69901059e-01 8.62201397e-01 -1.90346289e+04 1.37624702e+01
 6.08317338e+00 -2.58135421e-01 -5.77381795e-01 4.75754899e-02 1.83850231e+04 1.37771387e+01
 6.37864852e-01 -1.28330567e-02 -1.38304808e+00 -1.63577314e-01 5.82910508e+03 1.37242193e+01
 -2.41174112e+01 -1.36277394e-01 -6.65968429e-01 -3.19974738e-01 -5.43773166e+03 1.33754957e+01
 1.57579494e+01 -6.68066349e-01 -7.81839507e-01 4.49356864e-01 -1.64437008e+04 1.39145115e+01
 -2.21977524e+01 7.27442572e-02 -1.31899916e+00 4.42917525e-01 -2.55321579e+04 1.33772430e+01
 1.88472750e+01 -3.33779095e-01 -5.58532246e-01 -1.19227888e-02 -1.95723543e+04 1.39555273e+01
 4.55694797e+00 8.33284470e-02 7.21332643e-01 4.00649174e-01 -1.99096476e+03 1.37560121e+01
 -8.47388777e+00 -4.84915018e-01 8.86322284e-02 3.44286794e-01 -4.61187075e+03 1.36056563e+01
 7.77070019e+00 -1.61173874e-01 1.48570484e+00 6.04722126e-01 7.36563186e+02 1.38053301e+01
 1.03391929e+01 6.91612835e-01 -2.10121415e-01 -1.24881175e-01 3.54125502e+04 1.38501175e+01
 1.06667129e+01 8.52727910e-01 2.04152940e+00 -3.83005253e-01 1.55526996e+04 1.38624571e+01
 1.67084659e+01 -2.37602846e-01 1.29490880e+00 8.95705666e-02 -3.58559629e+04 1.39232719e+01
 1.64203048e+00 -4.68852727e-01 4.52073795e-02 -4.48308712e-01 -2.10016249e+03 1.37374177e+01
 -7.73442731e+00 2.57014734e-01 3.60225658e-01 -4.72167908e-01 -6.47104052e+03 1.35768815e+01
 -1.32813362e+01 -1.21732972e-01 -1.24698418e+00 7.90673610e-02 -1.28361233e+04 1.35314166e+01
 -1.09155071e+01 2.72399030e-01 3.22096873e-01 -4.27772002e-01 -2.08712016e+03 1.35251585e+01
 1.72466462e+01 1.43965344e-01 3.35048963e-01 -1.17650158e-01 6.82802751e+03 1.39326201e+01
 -3.17074614e+00 -1.56653620e-01 -2.18472803e+00 2.19007905e-01 -1.50305714e+04 1.36394125e+01
 2.36925848e+01 7.33312387e-02 -1.78138571e+00 4.56161190e-01 -2.70555384e+03 1.39995102e+01
 1.73205730e+01 -1.27772990e-01 3.84572781e-02 6.60784850e-02 -8.23497908e+03 1.39280731e+01
 -8.00940663e+00 -5.79020164e-01 6.13272778e-01 -6.48865751e-03 -1.51020675e+04 1.35974975e+01
 9.42529681e+00 -2.11291034e-01 1.74568285e+00 -4.94170233e-02 2.53708920e+04 1.38453266e+01
 4.78273431e-01 -1.88358564e-01 2.06965195e-01 -5.84057551e-01 -1.90907959e+04 1.37137497e+01
 -3.56103843e+00 -6.15812235e-01 -1.17945156e+00 -1.07621525e+00 4.95159853e+03 1.36747182e+01
 1.93206336e+00 -3.76695196e-01 -1.17065061e+00 8.12248825e-02 2.51212935e+04 1.37164281e+01
 7.00593540e+00 -2.92360177e-01 1.75057799e+00 3.55796268e-01 -3.93801275e+03 1.37771082e+01
 -4.08528447e-01 2.67414469e-01 -9.78044441e-02 -3.52422770e-01 -3.55863137e+04 1.36935972e+01
 3.39823774e+00 6.28572911e-01 3.15710193e-01 3.08471903e-01 -2.22746576e+04 1.37554482e+01
 1.79797371e+01 -5.05063109e-01 1.69508628e+00 8.68159783e-01 1.59936835e+04 1.39327401e+01
 1.07980107e+01 4.41253120e-02 1.10882558e-01 -5.71484518e-01 -1.55686399e+04 1.38433266e+01
 3.60934495e-01 -8.44911415e-02 -2.59001740e+00 -5.26471697e-01 -2.21859589e+04 1.36977845e+01
 4.34118468e+00 -6.37966872e-01 5.56243144e-01 4.20435673e-01 1.60264515e+04 1.37553554e+01
 -1.57152339e+01 -4.16535643e-01 2.69535460e-01 -3.69426702e-01 -2.21452017e+04 1.34990151e+01
 -1.68785030e+01 7.35408301e-01 -9.66798194e-01 2.09864277e-01 -1.02198398e+03 1.34684613e+01
 4.09779940e+00 -5.60105231e-01 -3.48463350e-01 4.20222371e-01 1.34490309e+04 1.37536145e+01
 -2.09322508e+01 -4.90298199e-01 -7.00227124e-01 -9.93548159e-01 2.68905384e+04 1.34168921e+01
 -4.29596501e+00 2.90192089e-01 -1.52023490e+00 2.04913762e-01 2.49514476e+04 1.36211051e+01
 2.23711026e+00 -7.27899006e-01 -4.24307323e-01 5.20494858e-01 -2.58632276e+04 1.37165437e+01
 1.34764622e+01 -2.28317154e-01 -1.40534198e+00 2.89095339e-01 4.28738435e+03 1.38718181e+01
 -2.39917155e+01 1.08937427e-01 4.28223762e-01 2.78306922e-01 2.58743003e+04 1.33497939e+01
 -2.20652689e+01 1.09641566e+00 4.24557277e-01 9.23335697e-01 1.09586811e+04 1.34036785e+01
 -9.29473205e+00 -2.08567018e-01 -7.58516119e-01 -1.62175418e-01 1.63259221e+04 1.35618294e+01
 6.49783882e+00 -3.22745887e-01 1.27233426e+00 -3.45336314e-01 -1.20824564e+04 1.37696423e+01
 -4.73483430e+00 2.73445379e-01 -2.77970459e-01 -5.51736322e-01 -5.96952619e+03 1.36343887e+01
 8.82507823e+00 7.42044516e-01 2.49453610e+00 1.89996899e-03 2.19683538e+04 1.38043156e+01
 3.88751955e+00 1.90300865e-01 1.96743226e-01 5.90353431e-01 2.64997441e+04 1.37539223e+01
 -3.17447559e+00 -7.86976189e-01 1.17382574e+00 -3.01437359e-01 1.89001458e+04 1.36586695e+01
 4.07064787e+00 6.89645909e-01 1.00059832e+00 -6.19354946e-01 2.12081532e+04 1.37885214e+01
 -4.21280667e+00 4.18850135e-01 1.16498636e+00 3.28142382e-01 -1.37094343e+04 1.36430778e+01
 1.16357467e+01 -2.48575611e-01 1.51669163e+00 -1.45826607e-01 -7.04634483e+02 1.38538833e+01
 2.17807125e+01 2.40565392e-01 9.87353708e-01 -4.51655995e-01 -9.18733136e+03 1.39974118e+01
 5.05964244e-01 -1.48192188e-01 1.34805626e+00 5.88598859e-01 1.40614841e+04 1.36953446e+01
 1.94566188e+01 1.20767118e-01 -1.04139446e-01 -3.45773122e-01 -9.10742567e+03 1.39416644e+01
 7.80463406e+00 1.21964271e+00 5.64043302e-01 1.96368306e-01 6.82554778e+03 1.37857184e+01
 7.32874293e+00 -3.05280233e-01 2.73410580e+00 -1.88099452e-01 1.95738951e+04 1.37960628e+01
 1.02877461e+01 -1.58768075e-02 -9.13522736e-02 5.61780425e-03 1.33916193e+04 1.38431156e+01
 1.76860241e+01 -1.09994907e+00 -3.54030296e-01 7.36490079e-03 1.52777415e+03 1.39377298e+01
 -2.34797251e-01 4.93548371e-03 1.56999468e+00 -1.58541951e-01 -2.65774059e+04 1.37152371e+01
 -2.14085216e+00 -4.16020638e-01 -1.02807629e+00 -2.41870603e-02 -3.49459719e+04 1.36804366e+01
 5.76608076e+00 -1.32632001e-01 -3.08871070e-01 -4.10228848e-01 -4.82856074e+03 1.37821210e+01
 1.04524902e+00 4.89048175e-01 -1.45858883e-01 4.87704746e-02 2.25329701e+02 1.37153818e+01
 -8.44833139e-01 7.64149090e-01 -5.41598407e-01 3.48230511e-01 1.88205777e+04 1.36901070e+01
 1.89546739e+01 4.95866569e-01 1.06638870e+00 -1.01784435e+00 -2.85482369e+04 1.39708504e+01
 1.51139432e+00 -6.61480952e-01 -2.07578577e+00 -2.64284788e-01 -6.87295948e+03 1.37170048e+01
 2.13186855e+01 4.65869687e-01 2.62371293e-01 -2.83901181e-01 1.82985390e+04 1.39976274e+01
 1.34881193e+01 6.97903542e-01 6.61842864e-01 -9.64185968e-01 1.59641276e+04 1.38634612e+01
 -5.79998929e+00 7.78950475e-01 1.58395115e+00 2.44924367e-01 -6.96367852e+03 1.36022391e+01
 -2.05684404e+00 4.34227385e-02 -6.13673559e-01 2.58116610e-01 -5.75562410e+03 1.36741565e+01
 -2.09026442e+01 -2.50006038e-01 -4.80226854e-01 -8.43523993e-02 -1.79366129e+02 1.34141060e+01
 -6.06153345e+00 -6.98823890e-02 6.51913029e-01 -2.90505977e-01 2.94906493e+04 1.36260436e+01
 5.61598271e+00 -3.15801749e-01 -5.53657779e-01 9.58423531e-01 3.34373191e+03 1.37645644e+01
 -1.50452744e+01 -3.72592723e-01 -5.25220348e-01 -4.32480000e-01 -6.41333830e+03 1.34871495e+01
 -7.64814112e+00 -6.77605234e-01 -1.18785183e+00 -4.43548466e-01 -2.80701768e+04 1.35856902e+01
 -1.91076235e+01 -6.12689169e-01 6.85695387e-01 1.04682173e-01 -2.24278100e+04 1.34203003e+01
 1.49297375e+01 5.32965517e-02 -8.47147720e-01 5.48590831e-01 -2.70098757e+04 1.38984910e+01
 -1.56487172e+01 4.63224091e-01 2.17882490e+00 1.74337835e-02 -3.06998466e+03 1.34915734e+01
 1.53669203e+01 1.45306180e-02 7.03110009e-01 -3.76475461e-01 -2.26094507e+04 1.39203054e+01
 -4.90920864e+00 8.95534790e-01 6.72465799e-01 -2.71510810e-01 -2.83378193e+04 1.36375864e+01
 -1.07177378e+00 5.63987630e-01 -1.94531865e+00 -2.34275528e-01 2.01297854e+04 1.36769703e+01
 -3.12468317e+00 -1.31256503e+00 1.03048323e-01 6.76237566e-01 2.22206763e+04 1.36829489e+01
 9.33448317e+00 -1.10026775e-01 3.39230621e-01 1.23643854e+00 -1.84416663e+04 1.38357055e+01
 -1.51977464e+01 -6.42589445e-01 -6.32317344e-01 1.07010994e-01 -6.81548809e+03 1.35199860e+01
 -5.28126920e+00 9.07753398e-01 -1.69488223e+00 3.92840378e-01 1.00878285e+04 1.36225771e+01
 2.18486876e+01 1.61702100e-01 -2.74507148e-01 -7.96078819e-01 -3.60167114e+03 1.40031554e+01
 -7.07838908e+00 -2.88859284e-01 1.62426013e+00 -1.26036668e-01 1.02163618e+04 1.36094003e+01
 1.72410106e+01 1.27171206e-01 -2.58274222e+00 -3.41313695e-02 7.33674121e+03 1.39395223e+01
 3.67389787e+00 -7.28045884e-01 1.46215134e+00 3.91188049e-01 -7.43793089e+03 1.37258551e+01
 1.18687138e+01 2.08812670e-01 -3.16207347e-01 -5.53882920e-01 1.57402340e+04 1.38762694e+01
 -4.63691605e-01 -8.72570122e-01 -4.84737461e-01 6.37621881e-02 -1.14109995e+04 1.37160322e+01
 2.03602562e+01 3.59994406e-01 -1.26684201e-01 -3.16713050e-01 3.65268158e+03 1.39901611e+01
 -6.69974642e+00 -4.89978459e-01 7.55986792e-01 -7.50182564e-01 1.00342127e+04 1.36000014e+01
 4.01123497e+00 1.80201693e-01 1.35003431e+00 -7.71556507e-01 1.32544117e+04 1.37627361e+01
 -2.60323976e+01 -6.31616813e-01 1.10867098e+00 -2.99261970e-01 -1.28587969e+04 1.33477746e+01
 1.70927694e+00 -6.74010319e-01 1.31552706e+00 -5.26397805e-02 1.61507382e+03 1.37287655e+01
 -1.28948458e+01 -1.15519210e+00 8.38685126e-01 6.64266557e-02 -1.72441229e+04 1.35366608e+01
 1.43795755e+01 -2.01761769e-01 2.86502544e-01 -3.14037981e-02 5.25012828e+04 1.38929166e+01
 1.37445350e+01 1.40096795e-01 1.85292686e+00 7.39861542e-01 -1.79026261e+04 1.38873528e+01
 8.28844339e+00 -1.89222938e-01 9.21410613e-02 1.86528521e-01 3.30578755e+03 1.38000113e+01
 -3.15185635e-01 2.69951320e-01 1.85583672e+00 7.72519528e-01 -8.69185149e+03 1.37010063e+01
 2.11652091e+01 3.28902906e-01 -1.37295215e-01 2.55404491e-01 3.81381631e+04 1.39797565e+01
 -1.43836356e+01 -8.07065602e-02 -2.76943661e+00 2.39711316e-01 -3.42184581e+03 1.34887828e+01
 3.72554553e-01 -4.00305238e-01 2.46305957e+00 3.47159542e-01 -3.18905776e+04 1.37134280e+01
 -1.28104883e+00 3.36841076e-01 4.05548461e-01 -3.35368774e-01 1.71573327e+04 1.36762162e+01
 2.52371410e+00 3.69372265e-01 -4.59988316e-01 -2.29736615e-01 -4.18724406e+04 1.37406282e+01
 1.15623712e+00 4.08176976e-02 -1.27065019e+00 -7.98132378e-01 -1.29474538e+04 1.37248262e+01
 1.57433160e+01 3.70636640e-01 -7.18263790e-01 -2.88224536e-01 7.32444639e+03 1.39168363e+01
 2.45413593e+01 -4.42008253e-01 -2.92891386e-02 1.41277164e-01 -4.52256616e+03 1.40366994e+01
 1.51383866e+00 -1.39260526e-01 1.37700724e+00 2.73417878e-01 -2.64473825e+04 1.37086758e+01
 -3.33001925e+01 -4.14049383e-01 1.20808639e+00 -6.18236225e-01 3.29716307e+04 1.32422626e+01
 -2.06356117e+01 -8.07810408e-02 -1.51795120e+00 -7.37142033e-01 1.43771848e+04 1.34136850e+01
 1.91660426e+01 -1.95118572e-01 1.39732862e+00 -4.60478491e-01 2.72147596e+04 1.39639347e+01
 -6.43380943e+00 -2.93130359e-01 3.54146134e+00 3.83942381e-01 -6.06833726e+04 1.36160675e+01
 8.30982338e+00 1.60532785e-02 -9.92126752e-01 -7.16998095e-01 2.69526644e+04 1.38391344e+01
 1.76901469e+01 2.61165705e-01 -2.10898879e+00 1.22435059e-01 9.40202362e+03 1.39525703e+01
 2.51507138e+01 -9.24677350e-02 1.67283122e+00 -1.65808847e-01 -2.61344724e+04 1.40313295e+01
 -2.08751079e+00 6.28865051e-01 -1.92317968e-01 -1.56199441e-01 -5.70936622e+03 1.36719772e+01
 1.33920493e+01 -6.11489943e-01 1.01297973e+00 -1.43507100e-01 5.34712045e+03 1.38725104e+01
 -4.82024862e-01 4.52571979e-01 6.94130053e-01 -4.65759728e-01 -2.68928304e+03 1.36905789e+01
 -1.18348943e+01 7.05334260e-02 -1.36488696e+00 -7.40587969e-01 -3.23283192e+04 1.35447345e+01
 1.60665151e+01 -7.12846989e-01 -1.03475854e+00 2.26822476e-01 5.43049006e+03 1.39288113e+01
 9.70912325e+00 -3.64220005e-01 1.22555731e+00 -4.41627064e-01 -9.94295907e+03 1.38011007e+01
 -2.13288486e+01 -6.04848234e-01 1.34862270e-01 -4.10086753e-01 4.27821402e+03 1.34289715e+01
 -1.14423152e+01 2.18189469e-01 1.07695099e+00 -2.36098277e-01 -2.52130951e+04 1.35652840e+01
 1.66605855e+01 2.11775935e-02 -9.27458708e-01 5.49738248e-02 -3.84200532e+04 1.39225553e+01
 -1.39905180e+01 -1.13934850e-01 4.20275146e-01 4.13942283e-01 9.52453754e+03 1.34733089e+01
 -1.16841468e+01 6.28120444e-01 4.12970839e-01 4.11730848e-01 -1.20268441e+03 1.35381708e+01
 2.09193575e+01 -4.08098792e-01 1.14903303e-01 -7.63834252e-03 1.24755821e+03 1.39739373e+01
 -7.26426017e+00 -1.23819194e-01 9.02007531e-01 4.72981954e-01 1.12845351e+04 1.36115469e+01
 2.92681282e+00 2.21303229e-01 -2.45236570e-01 2.47592357e-02 2.29273704e+04 1.37472289e+01
 6.22186531e+00 -4.37807350e-02 2.90061075e-01 6.17821791e-01 -1.86864358e+04 1.37882202e+01
 -2.23268762e+01 -2.68250976e-01 -2.50827920e-01 -8.66503347e-02 4.20856946e+04 1.34104143e+01
 -7.33642973e+00 9.17827866e-01 2.56819405e-01 1.48127428e-01 -1.44006002e+04 1.35913442e+01
 7.95523571e+00 -3.32453384e-01 -5.09812447e-01 1.80489111e-01 -2.30056323e+03 1.38213672e+01
 1.29728574e+01 -5.76468353e-01 -5.07747966e-01 1.27007228e+00 3.81576978e+03 1.38830291e+01
 -6.11427655e+00 -7.10652837e-02 -3.70902937e-01 2.28135505e-01 -5.99652472e+02 1.36228557e+01
 1.35591207e+01 -6.74033525e-01 -6.68238232e-01 -1.61899276e-01 3.53803084e+04 1.38780863e+01
 -8.45816872e+00 -1.85158631e-01 2.64943034e-01 4.33754357e-01 -2.53020701e+04 1.35671652e+01
 3.81826557e+00 3.09819771e-01 -5.45300251e-01 2.41203322e-01 -6.97259049e+02 1.37432258e+01
 1.11775320e+01 -5.31731460e-01 1.72003463e-01 1.41763180e-02 -4.67405917e+03 1.38626275e+01
 -8.96647242e+00 5.65865747e-01 7.29963129e-01 -4.58640879e-02 -4.41197543e+03 1.35811163e+01
 -1.80673137e+00 -6.48991876e-01 -1.83183203e+00 4.21986360e-01 -5.38320083e+03 1.36455545e+01
 -1.01951460e+00 8.52253677e-01 -1.15794814e+00 1.85573099e-01 -1.46585924e+04 1.36752879e+01
 1.97870340e+01 5.66606468e-01 2.25597747e-01 1.01980818e+00 -9.41802263e+03 1.39587936e+01
 -1.44296068e+00 -3.05959092e-01 -7.22844669e-03 -4.28254268e-01 7.76471044e+03 1.36738827e+01
 -1.16490050e+01 -2.42622241e-01 5.72176709e-01 3.96476552e-01 -1.73604687e+04 1.35714244e+01
 2.61431128e+01 -3.44007139e-01 2.65237294e-01 9.78484766e-02 -1.36338061e+04 1.40423139e+01
 2.09469030e+01 -1.24949318e-02 1.07044499e+00 1.20859141e-01 3.65442465e+04 1.39801799e+01
 1.96179915e+01 -3.68305990e-01 8.20464564e-01 4.55633593e-02 1.03085335e+04 1.39674852e+01
 5.53255999e+00 5.08681194e-01 2.79835176e+00 1.77981186e-01 1.55321730e+04 1.37693887e+01
 6.37247860e+00 8.85620444e-01 -2.26148682e+00 -3.07407551e-02 2.57351382e+03 1.37889060e+01
 5.58275701e+00 2.98372988e-01 2.18999546e+00 2.16536294e-01 1.64471454e+04 1.37577484e+01
 -4.52966932e+00 -3.66143720e-01 -3.72913255e-01 -9.08938010e-01 1.18951529e+04 1.36503133e+01
 2.98134451e+01 1.20985193e-01 1.19871110e+00 3.86955378e-01 -1.66145223e+04 1.41073092e+01
 9.22869805e+00 1.55834746e+00 -1.30360912e+00 -5.58255809e-01 3.19045680e+03 1.38175544e+01
 -8.46205753e-01 -2.52540644e-02 9.74737438e-02 -4.91953815e-01 3.06332755e+02 1.36956673e+01
 6.93945624e-01 -5.35597696e-01 -5.66760228e-02 -2.65451053e-01 1.58754096e+04 1.37032135e+01
 8.99283970e+00 3.14692552e-01 -6.19911657e-01 -4.14083641e-01 -2.25959414e+04 1.38135663e+01
 2.06123132e+01 7.09794071e-01 -2.62568793e-01 2.06712109e-01 6.31846720e+03 1.39767163e+01
 3.13954685e+00 -1.17460795e-01 1.11187787e+00 2.08430205e-01 -1.01269706e+04 1.37502981e+01
 -6.64132710e+00 -6.05560811e-01 2.22670228e-01 -4.07894461e-01 1.53518809e+04 1.36107725e+01
 2.09786786e+01 -2.54699211e-01 6.91319794e-01 -6.17864832e-01 -2.48925562e+04 1.39719571e+01
 -1.63599638e+01 3.54728071e-01 -2.76763523e-01 -3.34664234e-01 -3.68768710e+04 1.34864236e+01
 -1.11140867e+01 6.64810917e-02 3.31677396e-01 -1.87663770e-01 6.98926245e+03 1.35344731e+01
 -7.41917004e+00 -5.32393351e-01 5.87281796e-01 -2.02985038e-02 6.65517476e+03 1.35825889e+01
 -6.00422897e+00 2.98233822e-01 -1.06241452e+00 -3.04170984e-01 -1.91320250e+04 1.36221225e+01
 -3.72897052e+00 3.40038535e-01 1.74361324e+00 7.91609453e-01 2.25932538e+04 1.36476918e+01
 -1.80996632e+00 -5.84393200e-01 -1.73379447e-01 -1.97593560e-01 -5.79851841e+03 1.36772499e+01
 6.04479602e+00 -2.21665220e-01 -1.03919560e+00 1.16007304e+00 -8.32111303e+03 1.38125088e+01
 9.68453408e+00 -3.49055362e-01 -1.82891935e-01 5.41562279e-01 -1.73657493e+04 1.38265206e+01
 5.42709547e+00 -7.96243897e-02 4.27751364e-01 -1.99898850e-01 -2.85305465e+04 1.37843701e+01
 1.63655076e+01 -3.05400092e-01 1.75449160e+00 6.71858223e-01 1.47515142e+04 1.39253682e+01
 -1.11906089e+01 1.39170407e-01 1.15178949e+00 4.93959167e-02 4.41082092e+03 1.35466098e+01
 4.16520816e+00 -1.58193160e-01 8.08332581e-01 3.71291124e-01 2.67256119e+04 1.37573299e+01
 -1.89942098e+01 -6.70956671e-01 -9.11995930e-01 -4.11376238e-01 1.67042396e+03 1.34290373e+01
 1.81927725e+01 4.92688049e-01 6.67622060e-02 -4.29697684e-01 2.79281134e+04 1.39514619e+01
 -1.15859798e+01 -5.15070850e-01 -4.94142665e-01 -2.88298640e-01 1.04624371e+04 1.35395494e+01
 3.08108143e+01 6.29035118e-01 1.67855049e+00 -6.26632900e-01 1.88465064e+04 1.41296437e+01
 1.05916438e+01 -2.35018030e-01 -2.13200565e-01 -5.04760957e-01 -2.97230916e+04 1.38634735e+01
 -1.68714692e+01 -1.44063304e-01 1.45120664e+00 -8.39269467e-02 -2.16246608e+03 1.34578538e+01
 -2.75531035e+01 2.36314729e-01 -3.26583164e-01 -6.24956804e-01 3.98317340e+04 1.33181217e+01
 2.14298027e-01 -7.78297422e-01 -1.25133315e+00 -3.36182004e-01 -1.45735961e+04 1.36710128e+01
 -9.11320431e+00 -4.00981734e-01 6.79396543e-01 -6.26480411e-01 4.61883527e+03 1.35799683e+01
 7.30678281e+00 -1.18334210e-01 -1.57745521e-01 6.79625186e-03 2.43236844e+04 1.38216324e+01
 7.45984521e-01 -5.86838567e-01 2.28690326e+00 3.52725030e-01 -1.75409597e+04 1.37262896e+01
 -1.34312515e+01 4.91585065e-01 -1.12503142e+00 1.79165037e-01 1.82459288e+04 1.35143014e+01
 -4.04803849e+00 -3.15723460e-01 -6.79992528e-01 -2.96080524e-01 -2.38624102e+04 1.36581355e+01
 7.19489930e+00 -2.93722191e-01 5.31708276e-01 -2.27631128e-01 -2.52116368e+04 1.37988848e+01
 -3.20264805e+00 4.44193295e-01 5.11773950e-01 5.47907656e-02 5.46413683e+03 1.36643977e+01
 -1.08419633e+01 5.80019337e-02 2.13022143e-01 -6.71777940e-01 -4.25185415e+03 1.35549044e+01
 -8.30788510e-01 8.92748560e-01 9.63207145e-01 -1.23367499e-01 -5.29792232e+03 1.36704982e+01
 1.32157149e+01 -4.51876722e-01 1.91276106e+00 1.17384218e-01 2.44419176e+04 1.38938759e+01
 -8.22545057e+00 -6.59856336e-02 -9.55531156e-01 3.85236911e-01 1.70585119e+04 1.35976874e+01
 2.80703361e+00 -1.01283662e-01 1.89882902e-01 -7.78499847e-02 -1.89301563e+03 1.37395931e+01
 1.94347407e+00 -5.28032990e-01 6.00362158e-01 -1.46480473e-02 -8.36811369e+03 1.37580158e+01
 2.43593224e+00 8.17605329e-01 -1.20050812e+00 -1.08570482e-01 1.74110356e+04 1.37288649e+01
 1.03080040e+01 -6.78756290e-01 -1.08009716e-01 -2.98646853e-01 2.54652352e+04 1.38462748e+01
 -1.00945905e+01 4.23854435e-02 -2.71544875e+00 1.31360013e-01 -1.89846516e+04 1.35504215e+01
 -4.16752002e-01 4.17370948e-02 -1.60192096e+00 5.53610427e-01 1.55236073e+04 1.36727780e+01
 -4.49531511e+00 -7.08083694e-04 1.04758518e-02 -2.31080073e-01 2.37964192e+04 1.36281889e+01
 3.27406411e+00 -1.89132323e-01 -7.70913238e-01 4.58627381e-01 -2.66613511e+04 1.37503245e+01
 2.24989410e+00 2.71064396e-01 1.39970821e+00 -1.48708346e-01 -2.25194073e+04 1.37465148e+01
 -2.08818404e+01 -5.61381537e-01 3.82746677e-01 -2.28174230e-01 6.81120651e+03 1.34302016e+01
 -1.04494415e+01 3.69364271e-01 -1.66416915e+00 -1.24659271e-01 -2.15279942e+04 1.35416593e+01
 4.48162464e+00 -1.01900600e-01 -6.77343510e-01 -3.44037957e-01 2.28747076e+04 1.37435212e+01
 1.68784341e+00 -1.35589763e-01 1.37587117e-01 8.00172420e-01 2.44790644e+04 1.37203334e+01
 1.30221866e+01 -6.37404830e-01 1.47548611e+00 2.47402900e-01 3.04063692e+04 1.38705815e+01
 7.87327684e-01 3.70680888e-01 3.80322522e-01 -5.97547249e-01 3.21027206e+02 1.37047258e+01
 -2.28531224e-01 1.07549201e+00 -2.22211576e+00 3.29077948e-01 1.42884692e+04 1.37012973e+01
 2.09543145e+01 -1.70816339e-02 -9.80864482e-01 -2.25595827e-01 5.76071140e+03 1.39670506e+01
 -3.27099593e+00 -1.38338297e+00 6.08963610e-01 6.65621292e-01 6.00173457e+04 1.36556567e+01
 -7.82530627e-01 8.19529113e-01 3.60198573e-01 2.61360294e-01 -6.33550833e+02 1.37035511e+01
 -1.97216983e+01 -7.23523940e-01 -1.46275673e+00 -1.34812865e-01 1.16676604e+04 1.34330233e+01
 9.07265576e+00 -4.27125065e-02 6.22245248e-01 8.58373928e-01 5.72806365e+04 1.38311595e+01
 8.96331052e+00 -7.72946257e-01 -3.38945408e+00 3.53091174e-01 1.35747069e+04 1.38075406e+01
 -5.51384547e+00 3.67589004e-01 -5.55381839e-01 1.34644391e-01 -2.26433315e+04 1.36076343e+01
 -2.30739940e+01 -6.14422020e-01 1.66960612e-01 -3.07546008e-01 -7.90518408e+03 1.33809338e+01
 5.28858610e+00 -1.62171386e-01 -1.17509135e+00 2.64817711e-01 1.42877513e+04 1.37385273e+01
 1.34310980e+01 -3.28362468e-01 2.38475783e-01 -5.39669440e-01 3.07825145e+04 1.38918866e+01
 -5.23086183e+00 -1.55375507e+00 1.19929944e+00 2.06340192e-01 -1.38397641e+04 1.36133851e+01
 -7.03044328e+00 -7.10946745e-01 -2.79928041e-01 -6.87485753e-01 1.16153975e+04 1.36162341e+01
 -4.69333289e+00 -1.20721336e-01 -3.60515663e+00 -9.90794769e-01 -8.99387815e+03 1.36464549e+01
 1.47304808e+00 -4.49668324e-01 4.66514937e-01 4.77609698e-01 2.75383177e+03 1.37239752e+01
 -1.14391878e+01 7.94491496e-01 -1.92392194e+00 -1.08149817e-01 9.72254492e+03 1.35467900e+01
 -9.80516002e+00 5.21112817e-03 -7.88974578e-02 4.31135884e-01 -6.81525578e+03 1.35773630e+01
 -8.57918888e+00 -4.20421434e-01 1.50818226e-01 -1.06187627e-01 2.17984100e+03 1.35978273e+01
 1.13556207e+01 5.44719521e-01 1.29843688e+00 -2.95959339e-02 -1.01218698e+04 1.38406482e+01
 8.97786828e+00 -6.12701694e-02 1.90120901e+00 -5.73304211e-01 1.18735165e+04 1.38276864e+01
 2.41205916e+00 6.32753417e-01 2.53547263e-01 1.50884939e-01 -2.13003394e+04 1.37040892e+01
 3.61393069e+01 -4.43459910e-01 1.80593333e+00 1.93023052e-01 -3.06732894e+03 1.41740839e+01
 6.36954234e+00 -2.89756277e-01 -2.75094158e-01 2.84466235e-01 2.26033130e+04 1.37760148e+01
 -1.84913827e+01 -3.02613739e-01 2.50349027e-01 -3.20995002e-01 -7.53525330e+03 1.34544366e+01
 -1.04591773e+00 1.16662338e-01 -1.50733712e+00 3.46797182e-01 4.01808511e+04 1.36652412e+01
 -8.42455328e+00 -1.51703846e-01 -1.56650746e+00 5.02795011e-01 2.65092892e+04 1.36070637e+01
 -1.43667985e+00 -9.23838728e-01 -2.76472164e-01 -1.75781356e-01 2.12757873e+04 1.36826697e+01
 -1.18673530e+01 1.42230515e-02 7.14638106e-01 2.33631387e-01 1.71802558e+04 1.35400381e+01
 -1.92184206e+01 -1.21033697e-01 1.38731188e+00 -4.53816809e-02 1.34150085e+04 1.34159451e+01
 3.16587026e+01 -2.77822593e-01 5.56843153e-01 6.53873048e-01 2.50185245e+04 1.41374627e+01
 -1.38671150e+01 1.81850316e-01 3.03933358e-01 6.21495338e-01 3.64274797e+04 1.34959328e+01
 2.81039748e+01 -1.00448364e+00 -6.87315692e-01 -6.41390513e-02 -1.60760377e+04 1.40857698e+01
 -1.44645354e+01 -3.46126860e-01 -5.58484826e-01 1.02760677e+00 -4.34305313e+04 1.34976665e+01
 -1.73992895e+00 7.45608050e-02 -2.69352468e-03 -7.38358867e-01 8.86782817e+03 1.36824752e+01
 -4.37780920e+00 6.38288696e-01 -1.40815915e+00 2.65871100e-01 3.11795033e+03 1.36370652e+01
 5.39167044e-02 -1.08185602e+00 1.55401177e+00 -3.39500080e-01 -3.06596229e+04 1.37028785e+01
 1.80775598e+00 7.90801474e-01 -6.18046135e-01 1.23057571e+00 -1.09766362e+04 1.37118280e+01
 1.41135894e+01 3.42524761e-01 8.34762369e-01 -6.38692426e-01 6.08787861e+03 1.38714190e+01
 -4.32881860e-01 -1.34560727e-01 1.39206114e+00 3.23128272e-01 1.77216831e+04 1.36837974e+01
 7.33286369e+00 2.14319133e-01 1.04459198e+00 -2.27072239e-01 -2.98572755e+04 1.37722675e+01
 -1.16743313e+01 -5.74320518e-01 -6.86201108e-02 5.68804774e-01 8.31073607e+03 1.35322011e+01
 7.45454220e+00 -1.29138238e+00 -6.19924843e-01 -2.51206372e-02 2.21262525e+04 1.37991411e+01
 1.96081855e+01 2.22017845e-02 -1.78376881e+00 1.68566189e-03 3.38551331e+04 1.39786524e+01
 -1.49773989e+01 1.04456456e-01 1.22886487e+00 -2.59236561e-01 -4.38971108e+04 1.35066190e+01
 2.20369275e+00 -3.57784804e-01 -1.21548077e+00 -6.35736883e-01 1.50892615e+04 1.37237382e+01
 -1.85191656e+01 8.63080322e-01 1.07921649e+00 3.40864784e-01 -1.41022102e+04 1.34372820e+01
 -7.35547461e+00 4.56266866e-01 1.12725075e+00 1.38097646e-01 -8.99783186e+03 1.36168034e+01
 -1.20004660e+01 -1.15331295e-01 -1.65237303e+00 -2.81417083e-01 3.75714826e+04 1.35527920e+01
 4.18563776e+00 6.68648969e-01 -9.50639514e-01 4.61443739e-01 -1.38140630e+04 1.37386206e+01
 -1.04823495e+01 -3.58193033e-01 2.11997695e+00 -5.07685509e-01 -1.08954787e+04 1.35486290e+01
 -1.38330219e+01 7.35028700e-01 5.13749723e-01 9.52941711e-01 -2.78703630e+04 1.34902060e+01
 1.22283267e+01 -7.64298282e-01 -1.40479953e+00 -3.97983261e-01 -4.75129636e+02 1.38536135e+01
 1.14512807e+01 6.86554462e-01 -1.49685622e+00 1.64856949e-01 -5.27220313e+04 1.38495349e+01
 -5.87947875e+00 -5.42854200e-01 1.83039134e+00 -2.87722303e-01 1.64114816e+03 1.36126448e+01
 1.58459650e+01 4.78627238e-01 -7.20071501e-01 -2.31286497e-01 6.15633196e+03 1.39128255e+01
 2.12508878e+00 -6.99646950e-01 -5.72669114e-01 3.27459023e-02 -1.50323662e+04 1.37178990e+01
 -1.04004020e+01 2.12792191e-01 -2.70652036e-01 3.12145961e-01 1.65826782e+04 1.35773668e+01
 -8.03084379e-01 -1.70846614e-01 3.66527098e-01 2.50655242e-01 2.67491938e+04 1.36919902e+01
 2.06398922e+01 5.28463070e-01 1.95244951e+00 -1.62894624e-01 4.98172800e+03 1.39710961e+01
 3.23292387e+01 -9.65249908e-02 -1.19945127e+00 4.42776011e-01 -9.22443672e+03 1.41297086e+01
 1.42059895e+00 -5.82909750e-01 -2.06048844e-01 4.94015405e-01 -2.69201307e+03 1.37230322e+01
 -4.12228104e+00 -4.29265974e-01 9.19860025e-01 2.74866928e-01 6.34623285e+03 1.36205801e+01
 -7.47759557e-02 -3.85753604e-01 -2.28381944e-01 1.61982373e-02 -3.06559616e+04 1.36730520e+01
 1.06486403e+01 8.55385274e-01 4.75233147e-01 -3.44386950e-01 4.98296510e+03 1.38401770e+01
 -1.38488917e+01 4.34841011e-01 -2.23950216e-01 -1.26421641e-01 -7.83683571e+03 1.34909228e+01
 -1.87550399e+01 4.51523372e-01 -1.62016893e+00 4.71477429e-01 -2.27838892e+04 1.34478749e+01
 2.89524798e+00 -4.90293561e-02 6.58583882e-01 7.10833601e-01 -6.87558293e+02 1.37587547e+01
 -1.04391619e+01 -7.16366484e-01 1.20409893e-01 -4.59033495e-02 -2.63716487e+04 1.35667863e+01
 9.29917119e-01 -2.10557044e-01 1.68834042e+00 -2.15274197e-01 -3.61276055e+04 1.37178851e+01
 -2.22607785e+01 3.72365976e-01 -2.35491160e+00 -2.75752340e-01 -9.70705715e+03 1.33917437e+01
 1.69602134e+01 -5.95382517e-01 4.97844146e-01 5.52948072e-01 -9.76781666e+03 1.39308437e+01
 1.40715388e+01 1.98294332e-01 9.88199630e-01 1.40493540e-01 -9.92694405e+03 1.38696340e+01
 1.62528420e+01 -1.69050669e-02 -2.53531492e+00 5.25632246e-01 -6.15960483e+03 1.39320790e+01
 1.94581838e+00 6.45657396e-01 1.20403377e+00 1.84758106e-01 -4.55572507e+03 1.37326767e+01
 6.12914793e+00 1.11174905e+00 1.77632035e-01 -1.40465679e-01 1.54963420e+03 1.37801951e+01
 -4.87979487e+00 -3.82745807e-01 5.61078005e-01 -6.75419761e-01 1.65823842e+04 1.36032263e+01
 4.90971916e+00 3.23525828e-01 7.06759841e-01 3.65837159e-01 3.05169985e+04 1.37694170e+01
 -2.05049273e+01 -2.33448754e-01 7.92611592e-01 -9.43835758e-02 2.30505016e+04 1.34313083e+01
 -2.20802584e+01 5.51130747e-02 2.14739440e+00 2.60680000e-01 9.68305848e+03 1.33722393e+01
 -1.82619411e+01 6.51424940e-01 -2.45294188e+00 -9.18828547e-01 2.05117665e+04 1.34228479e+01
 -3.13108820e+00 -9.23116889e-01 8.83320503e-02 -2.97415361e-01 2.04078687e+02 1.36666939e+01
 -3.33938316e+00 8.84640089e-01 -1.31923010e+00 -5.82203377e-01 4.12892720e+04 1.36699290e+01
 1.42657373e+01 -2.79315416e-01 2.20442628e+00 5.53588683e-01 2.01137123e+04 1.39159192e+01
 3.17428398e-01 -1.32522203e-02 1.45422813e+00 9.32286968e-02 2.62419700e+04 1.36904655e+01
 1.99886350e+01 -3.31732950e-01 7.27178405e-01 5.81738037e-01 -1.70165010e+04 1.39534356e+01
 2.14769729e+01 5.49806209e-01 9.74630284e-01 2.24739098e-01 1.68724255e+04 1.39843397e+01
 -1.05801985e+01 -3.02994644e-01 -1.01766781e+00 -4.72408744e-01 -1.26438882e+04 1.35509917e+01
 8.73544463e+00 -9.56134244e-02 -7.52631208e-01 2.38555275e-02 6.57848484e+02 1.38312864e+01
 -1.60544130e+01 -1.02691486e+00 4.62114896e-01 4.15955444e-01 2.32074608e+04 1.34728666e+01
 -1.41762181e+01 4.20818675e-01 1.41946729e+00 -3.56200236e-01 -3.45663490e+03 1.34972166e+01
 -3.50749192e+00 2.59757799e-01 1.12750319e+00 -2.60999421e-01 -1.67598906e+04 1.36422803e+01
 2.63057502e+01 2.46432529e-01 -1.04905848e-01 5.35667398e-01 2.74347071e+04 1.40711300e+01
 7.95323300e+00 7.54553528e-01 -3.09130116e-01 1.23966501e-01 -3.09476723e+03 1.38072297e+01
 2.73854419e+00 -6.29272927e-03 1.22376069e-01 6.01618175e-02 -5.63231803e+03 1.37331296e+01
 -1.36462567e+01 6.44731044e-02 1.19601636e+00 1.30118695e-02 -1.56722788e+04 1.35200670e+01
 1.32222258e+01 1.62124001e-01 -3.45419134e-01 -1.03781278e+00 9.59804420e+02 1.38635551e+01
 -1.23045776e+01 -8.79269290e-01 3.16760993e+00 6.85521421e-02 5.71267675e+03 1.35432590e+01
 -6.91202642e+00 -5.10949082e-02 -1.33578484e+00 -5.51619927e-02 -1.36847307e+04 1.36088456e+01
 -1.34898350e+01 -4.88559042e-01 1.22030220e+00 -5.45130982e-01 -6.47894057e+03 1.35261421e+01
 1.07929003e+01 9.12639773e-01 2.36848815e-01 4.22745152e-01 8.86615178e+01 1.38460335e+01
 2.75391201e-01 -2.27856523e-02 -1.35931534e+00 2.73116557e-01 -1.68644719e+04 1.36986111e+01
 -1.00558264e+01 -8.29316024e-01 -1.54471752e-02 3.87433942e-01 -2.60874109e+04 1.35759524e+01
 -1.23733844e+01 9.70225725e-03 5.31006437e-01 -1.83588732e-01 -4.77887400e+04 1.35065761e+01
 1.93558767e+01 4.56803464e-01 9.01160047e-01 -8.08153349e-03 1.11890054e+04 1.39642895e+01
 1.19472838e+01 -4.64121638e-01 -2.99561354e-01 -1.92535083e-01 1.33264326e+04 1.38697627e+01
 2.61452358e-01 -4.61231119e-01 -7.04201259e-01 -5.05777979e-01 4.03419210e+04 1.36956488e+01
 1.94664399e+01 1.02192900e-01 1.73410827e+00 1.07404166e-01 -6.01442693e+03 1.39456686e+01
 -1.83949247e+01 -6.02801723e-02 -5.14860401e-01 -9.62517803e-02 -1.31753483e+04 1.34498338e+01
 6.86597138e+00 8.54422378e-02 1.69221558e+00 -6.58832550e-01 2.99963059e+04 1.37929244e+01
 -8.28168729e+00 -8.40336227e-01 -1.11011262e+00 2.60178375e-01 1.46884306e+04 1.35968070e+01
 -2.46341821e+00 -1.82966581e-01 -3.16371838e-01 5.22957460e-02 -4.54113461e+03 1.36691541e+01
 2.17471101e+01 -1.59704793e-01 1.10374299e+00 -3.61357426e-01 2.28669912e+04 1.40092429e+01
 -2.14369015e+01 -5.10954412e-01 1.37419126e+00 3.28840335e-02 -1.52975590e+04 1.33958001e+01
 2.65176303e+01 -1.17966913e+00 -5.52036851e-01 1.67220195e-01 1.17273667e+04 1.40691851e+01
 2.82933930e+01 3.08052103e-01 1.78153733e+00 6.07557479e-01 -3.81718140e+03 1.40904273e+01
 3.32785077e+01 4.60185531e-02 4.02031917e-01 -1.29501469e+00 5.73449551e+03 1.41513876e+01
 3.17884923e+00 2.94562523e-02 1.71338941e+00 8.29663974e-01 1.23142405e+04 1.37416603e+01
 -2.03449735e+01 -1.18675073e+00 1.26400926e-01 -7.40334554e-02 3.08411515e+04 1.34103049e+01
 9.11555570e-01 -6.48516395e-01 -1.59436788e-01 4.54191718e-01 -2.75452006e+04 1.36978899e+01
 -1.88095573e+01 4.40558764e-01 -3.23574269e-01 2.09080855e-01 -2.20961012e+00 1.34496710e+01
 1.38327537e+01 -1.26660269e+00 -1.11956941e-01 -1.07092952e-03 -2.24986827e+04 1.38894365e+01
 -1.89777441e+01 -3.95399210e-01 -1.28839149e+00 -2.34262692e-01 2.23180554e+04 1.34332654e+01
 -2.04464328e+01 -5.23342797e-01 4.08793467e-01 1.63372765e-01 -4.73108713e+04 1.34194600e+01
 -5.80360535e+00 -6.87557048e-02 1.70231684e-02 4.64234830e-01 1.91547454e+04 1.36279259e+01
 2.52889239e+00 4.11052261e-01 -1.03178145e+00 -3.51376316e-01 -2.29372495e+04 1.37466106e+01
 -5.28947263e+00 5.21611336e-01 2.01561300e-01 -1.82940802e-01 -2.30441802e+02 1.36191176e+01
 -6.16199290e+00 -9.27375851e-01 -7.22288727e-01 3.31774113e-01 -1.55254860e+04 1.36087081e+01
 1.39979506e+01 2.64590941e-01 1.76783742e-01 4.64896110e-02 1.14769892e+04 1.38931018e+01
 1.09448177e+01 4.28439449e-02 6.68243368e-01 -4.75566401e-01 9.06050166e+03 1.38379510e+01
 7.69976450e+00 6.93852128e-01 -1.07281433e+00 2.20934579e-02 -7.40397277e+03 1.37975958e+01
 -9.14767407e+00 3.61404579e-01 -1.86348335e-01 3.78649542e-01 -1.36124228e+03 1.35669702e+01
 1.45037979e+01 -6.00740170e-01 8.13129172e-01 2.86170809e-01 9.95832248e+02 1.38986517e+01
 5.39905622e+00 -1.16030340e+00 5.12115111e-01 1.57289947e-01 -2.64478723e+03 1.37633935e+01
 2.03748034e+01 4.34944334e-01 -2.34832015e-01 -5.51862459e-01 -1.43854278e+03 1.39570777e+01
 2.11743784e+01 6.71349759e-01 2.88580694e-01 5.17878255e-02 -6.61125490e+03 1.39971420e+01
 6.54208662e+00 4.39932480e-02 4.39728126e-01 2.75741695e-02 -8.14485587e+03 1.37755043e+01
 9.36059253e+00 2.36060186e-02 1.42078766e-01 3.48515139e-01 -5.41031197e+04 1.38185407e+01
 1.24900807e+01 -5.13627326e-01 -7.38375299e-01 4.89261176e-01 -1.36405013e+04 1.38651139e+01
 1.02762817e+01 6.83971822e-01 5.08302933e-01 5.50006529e-01 3.32685226e+03 1.38454757e+01
 -3.19905363e+01 -6.83942354e-01 -4.55366230e-02 2.72107756e-01 -7.89078644e+03 1.32529203e+01
 6.23409873e+00 -5.59824599e-02 1.24455758e+00 -1.16397696e-01 8.25838415e+02 1.37723627e+01
 -2.59909426e+01 -9.76408445e-01 1.40316946e+00 -3.41668044e-01 3.05363927e+04 1.33241434e+01
 -8.28125894e-01 -8.08748176e-01 -1.70366141e+00 1.10734398e-01 1.08702769e+04 1.36865367e+01
 1.78530632e+00 2.20363982e-01 -1.52720208e+00 -3.27417654e-01 -5.59758655e+03 1.37069698e+01
 4.32097014e+00 3.82508047e-01 2.16805315e-01 1.53189365e-02 -1.52467037e+04 1.37541115e+01
 -1.62021195e+01 -6.62682533e-01 -7.27199776e-01 6.87590756e-01 -9.82489754e+03 1.34884333e+01
 -2.90843302e+00 1.03932312e+00 6.72070073e-01 -3.03267179e-01 4.30911459e+04 1.36607025e+01
 -1.63200196e+00 5.93528710e-01 1.29401568e+00 -4.66187438e-01 1.99412115e+04 1.36900808e+01
 -8.29931730e-01 -5.07312483e-01 1.20624548e+00 3.55739487e-01 -7.36657367e+03 1.36873477e+01
 4.98711555e+00 1.71399521e-01 3.62087788e-01 5.74968739e-02 1.11509239e+04 1.37633428e+01
 -9.49861112e-01 -2.67050914e-01 4.25498986e-01 4.79085430e-01 -8.72189804e+03 1.37027718e+01
 -1.26418874e+00 -1.22980682e+00 9.41327541e-01 6.20699668e-03 1.63902352e+04 1.36531679e+01
 -1.40785120e+01 2.77511020e-01 -3.07365480e-02 2.56639771e-01 2.50981825e+04 1.35087299e+01
 -1.30703828e+01 -6.41445237e-01 9.95911379e-01 1.52408281e-02 -2.82097190e+03 1.35240120e+01
 8.65211732e+00 7.33357561e-01 1.83291589e+00 2.81576920e-01 1.80749324e+04 1.38089250e+01
 -1.28540776e+01 -9.26252261e-02 6.60890272e-01 -1.94610535e-01 1.46101752e+04 1.35162506e+01
 -3.57474270e+00 8.38040953e-01 8.72367513e-02 6.62790600e-02 -6.25951319e+03 1.36728540e+01
 1.54271156e+00 6.00501424e-01 2.04928803e+00 2.67123138e-01 -8.36985918e+03 1.36969253e+01
 -4.23511445e+00 -1.58980941e-01 -3.35201296e-01 3.97192428e-01 -5.92658397e+03 1.36380263e+01
 5.62519268e+00 1.10516074e+00 1.15546501e+00 1.70132255e-01 -1.49950641e+04 1.37710521e+01
 -2.42958049e+01 1.97069991e-01 -2.76136175e-01 -6.22979555e-01 1.45962765e+04 1.33397613e+01
 7.34385854e+00 -1.37406318e+00 -8.72493569e-01 -2.47354616e-01 -4.68550123e+03 1.37991436e+01
 2.54081962e+01 -1.49848460e+00 9.11268853e-01 9.74880616e-03 -1.41814075e+04 1.40488655e+01
 1.19169915e+01 -6.48670962e-01 -6.44075967e-01 4.88690989e-01 -8.04003907e+03 1.38821244e+01
 -1.88075283e+01 2.30660805e-01 8.75365698e-01 5.49111699e-01 -5.96066475e+03 1.34405383e+01
 9.50905754e+00 -6.49539776e-01 2.58438810e+00 3.67147403e-02 -1.81578396e+04 1.38303611e+01
 1.10035287e+01 -4.31162996e-01 1.25654272e+00 1.20937580e+00 -2.11413919e+04 1.38384323e+01
 -4.61825948e+00 -1.35169709e+00 -7.52273937e-01 -3.85771523e-01 -1.47195409e+04 1.36481745e+01
 -6.30747530e+00 -5.35794006e-01 3.62439657e-01 -6.75820058e-01 1.77396347e+03 1.35849632e+01
 -1.48833869e+01 2.95982299e-01 -4.81148827e-02 -1.09156439e+00 2.07398225e+04 1.35081015e+01
 9.07129080e+00 8.03704568e-01 8.32842299e-01 4.13925819e-01 -1.91833579e+04 1.38455213e+01
 -1.43842333e+01 -1.54409905e-02 1.07249214e-02 2.46960268e-01 -2.63694992e+04 1.35035472e+01
 8.40494409e+00 1.09705155e+00 2.79986096e-01 -1.18039889e-01 1.51380339e+04 1.38126581e+01
 2.51032002e+00 3.73305300e-02 1.46368796e+00 2.85657984e-01 1.21107098e+04 1.37295135e+01
 1.07156329e+01 8.61520768e-01 3.79096344e-01 7.39459153e-01 8.82270581e+03 1.38358857e+01
 -1.15565490e+01 -1.05774061e+00 3.31591290e-01 3.57935604e-01 2.11708909e+04 1.35518677e+01
 5.72202329e-01 -5.67487450e-01 -8.26429502e-01 -3.77620986e-01 1.55758594e+04 1.37132416e+01
 8.43447817e+00 -3.31553612e-02 -2.38558272e-01 -4.93838546e-01 2.22699645e+04 1.38305106e+01
 -3.33501934e+00 -4.33173287e-01 -5.37677491e-01 5.69397452e-01 -1.29620852e+04 1.36507244e+01
 9.91148498e+00 3.05948749e-01 -6.10566782e-01 -2.65365776e-02 5.98212890e+03 1.38227555e+01
 -5.15432524e+00 4.88399523e-01 1.32443856e+00 -4.81781439e-01 2.09650066e+03 1.36459899e+01
 -2.69554550e+01 3.01537439e-01 -9.09524108e-02 8.62491801e-03 2.46977850e+03 1.33428010e+01
 3.75676022e+00 -6.34109167e-01 -1.80760420e-01 -1.38715445e-01 8.62519825e+03 1.37281518e+01
 -1.36079990e+01 6.01015514e-01 -1.44315314e+00 -2.35065551e-01 -8.46462409e+03 1.35312627e+01
 1.13675318e+01 2.08388717e-01 1.77408647e-02 3.14648517e-01 4.34922347e+04 1.38676124e+01
 1.63388030e+01 5.89100059e-02 2.90202862e-01 -9.12247398e-01 -9.73315227e+03 1.39290557e+01
 -1.52405687e+01 -1.18984000e+00 8.31576255e-01 5.66607876e-01 -4.63390757e+03 1.35057028e+01
 -1.29291158e+01 -5.65032642e-01 -1.35501691e+00 1.60478041e-01 -1.41929743e+02 1.35362580e+01
 -2.80791038e+01 -2.68892836e-01 -1.00404339e+00 -5.28300017e-02 -1.17383724e+04 1.33403771e+01
 8.25057785e+00 -2.95022872e-01 -8.12396268e-02 3.87167268e-01 7.07926501e+03 1.38027502e+01
 5.36172671e+00 4.19211005e-02 7.64053953e-01 -8.64819332e-02 2.46922594e+04 1.37722505e+01
 1.64355728e+01 -1.10475096e+00 -9.31745123e-01 1.86507801e-01 -6.57658915e+03 1.39159415e+01
 1.06859098e+01 1.15733336e-03 1.27181850e+00 -6.40642897e-01 -1.75713339e+04 1.38567488e+01
 -7.43251702e+00 -3.03736324e-01 1.17851717e+00 -1.48858177e-01 6.89442406e+03 1.35879102e+01
 -1.10112335e+01 7.76676779e-01 -2.29933489e+00 -1.81089659e-01 -3.47936003e+04 1.35549042e+01
 1.76604780e+01 -1.26335213e-02 -1.99436142e-01 -2.69356194e-02 -1.32325110e+04 1.39598189e+01
 7.69420491e-01 4.65545863e-01 -8.75845098e-02 -2.41767436e-01 -3.07750139e+03 1.37050803e+01
 1.72134563e+01 -6.88372264e-01 2.73788362e+00 -2.76451238e-01 -7.81114080e+03 1.39483757e+01
 1.69752269e+01 6.97838155e-01 1.17693875e+00 2.08176222e-01 -8.03383511e+03 1.39314022e+01
 -1.08332022e+01 -4.85673300e-01 4.82839583e-01 6.35630336e-01 -3.12070197e+03 1.35586879e+01
 -5.41926953e+00 7.01521030e-01 5.31269811e-01 -5.92498995e-02 1.60566095e+04 1.36366065e+01
 -2.59811113e+00 -8.06404173e-01 -9.33433879e-01 -4.94772034e-01 -2.04260847e+04 1.36646560e+01
 -2.74075269e+01 -1.03163081e-01 -9.54496365e-01 -2.59108461e-01 1.32462507e+04 1.33379298e+01
 7.05387367e+00 -1.42009569e-01 -1.24527430e+00 4.54695145e-01 -2.49319021e+04 1.37970811e+01
 2.40342341e+01 2.12088155e-01 -7.44424079e-01 1.19497201e-02 -1.36702258e+04 1.40091399e+01
 -6.11084917e-01 8.71195982e-01 -1.85738833e+00 1.04349541e+00 9.17455298e+03 1.36862878e+01
 -1.06802959e+01 -4.80157836e-01 8.72182360e-02 -8.72805131e-01 1.50864385e+04 1.35632732e+01
 -8.87253332e+00 -6.64679707e-02 6.21151774e-02 -2.00424029e-01 1.51287520e+04 1.35776095e+01
 -1.90186038e+01 -1.75353462e-01 4.82649496e-01 -7.43669088e-01 -2.53475243e+04 1.34506138e+01
 1.17033788e+01 -1.61344608e-01 -1.48804778e+00 1.05734010e-01 9.64144580e+03 1.38578425e+01
 -6.89553222e+00 4.92246392e-01 2.24678010e+00 -4.27138220e-01 1.57408409e+04 1.36046068e+01
 -1.61024901e+00 3.42958802e-01 9.49639254e-01 3.17732803e-01 -3.64541158e+03 1.36928765e+01
 3.09387112e+01 -6.45747161e-01 -1.10818332e+00 -2.50950236e-01 1.21423862e+04 1.41291338e+01
 9.72952280e+00 -5.12788072e-01 -3.94793311e-01 1.93230700e-01 -2.87113203e+04 1.38287738e+01
 2.30986791e+01 2.03552154e-01 -2.76495743e-01 2.90451444e-01 -1.09786246e+04 1.40199869e+01
 2.31499073e+00 1.60989902e-01 7.12756483e-01 -2.86143466e-01 2.65998351e+04 1.37398123e+01
 3.07944606e+01 -5.08184938e-02 1.60997132e-01 4.15421822e-01 -1.71989089e+04 1.41145018e+01
 6.80637705e+00 -5.47073280e-01 -1.62729074e+00 7.96294922e-02 3.32128670e+04 1.37962762e+01
 -3.98428423e+01 1.07668166e+00 2.29899841e+00 -2.57662948e-01 4.74613401e+03 1.31261499e+01
 1.42681560e+01 -6.88696741e-01 9.48739681e-01 2.52251959e-01 -1.70134884e+03 1.39106491e+01
 -1.27203602e+01 4.38751118e-01 1.40264691e+00 3.70867582e-01 6.63444164e+03 1.35226053e+01
 1.58558494e+01 6.50941663e-01 7.26870996e-01 -7.59947583e-01 -1.64472693e+04 1.39023968e+01
 -1.41713570e+01 3.45153379e-01 1.03219799e+00 2.63230980e-02 8.08979914e+01 1.35234962e+01
 2.03287009e+01 7.65742160e-01 3.31545520e-01 -9.89955736e-01 -7.52943632e+03 1.39911113e+01
 1.23714278e+01 7.32220773e-01 -1.10712986e+00 -1.03429126e-01 6.47806368e+03 1.38591500e+01
 1.78896192e+01 -3.37859688e-02 -2.14571578e+00 7.83884623e-01 -2.58636676e+04 1.39328203e+01
 -2.13578997e+00 1.52986192e-01 5.41891170e-02 2.39438473e-01 1.11753018e+04 1.36764068e+01
 -1.81706997e+01 5.93684084e-01 1.10355641e+00 -5.19508234e-01 -1.39880218e+04 1.34539945e+01
 -3.88885962e+00 -9.03631471e-01 2.51774176e+00 1.95105291e-01 -1.27591650e+04 1.36811587e+01
 2.07062182e+01 -3.34546975e-01 1.09148575e+00 -2.87187364e-01 -5.26477448e+03 1.39810795e+01
 -1.06793611e+01 1.91616448e-01 5.41673030e-02 -6.20574537e-01 8.45151612e+03 1.35401429e+01
 -1.76636267e+01 -6.69488324e-01 1.06521642e+00 -1.29136650e-01 -4.20138819e+03 1.34767157e+01
 1.28087671e+01 8.07002988e-02 1.01334756e+00 6.23238578e-01 -1.70491127e+04 1.38644437e+01
 -2.52764698e+00 -6.89951665e-03 -3.71833657e-01 7.44157891e-01 5.10607090e+03 1.36798069e+01
 -1.64646958e+01 1.31051337e-01 1.96847929e+00 -4.36438899e-01 -1.85819912e+04 1.34863655e+01
 1.34266675e+01 -1.49144017e-01 9.55421944e-02 -7.74458003e-02 -4.66064134e+03 1.38729300e+01
 -2.20803033e+01 4.90886002e-02 -7.78175444e-01 1.43061970e-01 3.67126785e+04 1.33945542e+01
 -1.46757750e+01 3.81685960e-01 1.06339216e+00 -9.09998403e-01 2.73442871e+04 1.34809303e+01
 -6.37674580e+00 -7.77925021e-01 -2.10694128e+00 -1.81085485e-01 -1.64196015e+04 1.36106828e+01
 -1.07114321e+01 7.79244316e-01 4.30373471e-01 -3.22733394e-01 7.60885602e+03 1.35360386e+01
 6.51054089e+00 8.91832811e-02 -3.33932693e-01 6.34183596e-01 -1.01799170e+04 1.37729122e+01
 -1.85782976e+00 -2.96541051e-01 -7.66214560e-01 7.81478396e-02 -1.35823532e+04 1.36674343e+01
 2.12713552e+01 -4.34131352e-01 -1.40223781e+00 -2.51620152e-01 3.83142193e+02 1.40010886e+01
 -1.71891128e+01 -3.72104865e-01 -3.53054485e-01 5.52086125e-01 1.46399717e+04 1.34822334e+01
 1.05854838e+01 3.49206849e-01 8.21759534e-01 5.57988618e-02 1.33056233e+04 1.38417206e+01
 -4.09822464e+01 -4.17394348e-02 -5.69733850e-01 1.72947037e-01 1.49510234e+04 1.31150752e+01
 -2.59814974e+00 -4.96801820e-01 1.65409134e+00 -8.20601501e-02 9.08968353e+02 1.36794434e+01
 1.87206578e+01 4.22531057e-01 1.20637920e+00 1.61820228e-01 -2.43337157e+04 1.39395454e+01
 1.43361812e+01 5.05188678e-01 -1.39954631e-01 -4.18144874e-03 8.18992857e+03 1.39083045e+01
 -8.39769392e+00 5.18395067e-02 1.43755808e+00 -5.31985322e-01 -4.14818196e+03 1.35807578e+01
 -3.24444281e+01 2.35822735e-01 -1.14571106e+00 7.72780133e-01 1.12403567e+04 1.32461358e+01
 -2.04621229e+01 2.35765025e-01 -2.49619561e-01 -4.46029653e-01 4.40499246e+01 1.34337060e+01
 5.48142606e+00 -1.16657699e+00 7.94817408e-01 6.78968735e-02 2.98330003e+04 1.37638326e+01
 5.41961087e+00 -7.45246510e-01 -2.39508808e+00 7.66309899e-01 9.95607299e+03 1.37374047e+01
 3.52142073e+01 7.71328309e-01 8.85709438e-01 2.28952733e-01 -6.38491082e+03 1.41893187e+01
 1.48873269e+01 5.41000466e-01 -1.08825812e+00 -7.78970993e-01 1.49961630e+04 1.38905499e+01
 -1.08994677e+01 -1.19435799e-01 1.68894423e+00 1.49333813e-02 5.48765458e+03 1.35394420e+01
 -1.40032915e+01 7.99211975e-01 9.40247748e-01 -5.70337632e-01 1.74471230e+04 1.34888497e+01
 8.17774592e+00 5.52812015e-02 9.04326469e-01 6.12826891e-01 7.72194548e+02 1.38222233e+01
 -1.21510415e+01 -3.94708203e-03 -2.54223805e-01 3.16687947e-01 1.45000961e+04 1.35051981e+01
 -1.38004250e+01 -3.34381189e-01 -1.72128333e+00 6.42681616e-01 2.62901268e+04 1.35009776e+01
 1.78051228e+01 2.73688847e-01 1.63020872e+00 1.03369013e+00 4.76779067e+03 1.39417550e+01
 -1.14214918e+01 -3.65932235e-01 2.50759824e-01 6.96826670e-01 -1.42655266e+04 1.35515264e+01
 -4.66205689e+00 6.23759650e-01 -1.49756784e+00 1.77177232e-01 -2.62866274e+04 1.36379876e+01
 -8.60339100e+00 5.71782380e-01 -1.27616687e+00 1.16851124e-02 -1.65350011e+04 1.35766879e+01
 1.45863420e+00 2.26072937e-01 3.05769548e-01 6.35055804e-01 1.31459729e+04 1.37223669e+01
 6.35918982e+00 -4.37085387e-01 -3.01602799e+00 -3.61383271e-01 2.49054725e+04 1.37806754e+01
 -8.45780099e+00 -1.91224146e-01 1.45726320e-01 3.30454440e-01 -3.36399787e+04 1.36050808e+01
 -6.22172470e+00 -1.38093612e+00 -1.80698134e+00 3.71680099e-01 -1.27077870e+04 1.36057517e+01
 5.81663305e+00 -1.91195794e-01 1.22129043e+00 -2.94169805e-01 1.03917443e+04 1.37734083e+01
 2.73915801e+00 5.19696894e-01 -7.17502710e-01 1.22376585e-01 -4.20142108e+04 1.37535377e+01
 1.47927637e+00 -4.98600525e-01 7.60497533e-01 -3.63757509e-01 -2.28408819e+03 1.37149829e+01
 -1.15702171e+00 3.31411494e-01 4.15545033e-02 9.26366361e-02 1.30574196e+04 1.36811889e+01
 -1.03548984e+01 -2.07550863e-01 1.11836217e+00 4.80065954e-01 -1.84133887e+04 1.35616766e+01
 8.77135640e+00 4.55080423e-01 2.29278069e+00 4.06516194e-02 -1.96382366e+04 1.38367439e+01
 -1.24984359e+01 3.65680524e-01 -5.68441552e-01 6.23847625e-01 1.45739345e+04 1.35214064e+01
 5.71517313e+00 7.60487829e-01 -1.59199384e+00 -2.63745709e-01 -1.89475932e+04 1.37777865e+01
 -3.71423300e+00 -2.30025806e-02 7.37233750e-01 4.76950630e-01 -1.10085547e+04 1.36184378e+01
 -7.16663299e+00 -4.88452849e-01 7.82903085e-01 5.95385382e-01 -1.57208432e+04 1.35984568e+01
 -1.97099990e+00 -7.77474672e-01 4.70633554e-01 -3.09510355e-02 4.52999425e+03 1.36470642e+01
 -4.58524528e+00 6.12243323e-01 8.65325192e-01 -6.72761485e-01 -2.49583696e+04 1.36213605e+01
 -2.35900312e+01 -2.78359597e-01 4.32461752e-01 2.62424121e-01 3.12573370e+04 1.33840390e+01
 9.47071384e+00 -3.78852274e-01 -2.73721429e+00 2.88501618e-01 -2.54819999e+03 1.38306123e+01
 2.17249849e+00 2.51764591e-01 1.68242699e+00 1.40653343e-01 -8.21048597e+03 1.37380448e+01
 4.93924740e+00 -8.84541452e-02 1.33287932e+00 7.95077506e-01 1.22857108e+04 1.37588965e+01
 -1.58410522e+01 -2.00706201e-01 5.95992094e-01 -6.86571019e-01 -2.22600305e+04 1.34945548e+01
 -4.41708438e+00 1.63752189e-01 -5.04959811e-01 4.62820506e-02 1.31390606e+03 1.36464472e+01
 1.47579298e+01 2.69904714e-01 -2.31041523e+00 -8.21855637e-01 8.49754264e+03 1.39265795e+01
 9.84401451e+00 7.64060329e-01 -2.97224625e-01 2.52970649e-01 -5.02729798e+04 1.38372174e+01
 2.78808148e+00 4.65374391e-01 1.59539856e+00 -8.72189564e-02 -2.37400692e+04 1.37351745e+01
 1.23161365e+01 -1.06125253e-01 5.82134674e-01 3.72625759e-01 -1.40367640e+04 1.38792496e+01
 2.19847729e+00 8.08450309e-01 -1.01096956e+00 9.64941789e-02 1.04944775e+04 1.37466652e+01
 -1.37154105e+01 2.89874892e-01 3.03149237e-01 8.87503093e-02 2.06393250e+03 1.35155119e+01
 3.24164641e+01 -8.31016163e-02 -1.77890907e-01 -3.81030488e-01 -1.03545600e+04 1.41254128e+01
 -7.94944455e+00 -8.39407533e-01 1.32049773e+00 9.33688294e-01 -1.44237737e+04 1.36059761e+01
 -7.66730768e+00 3.46868701e-01 9.57324745e-01 -6.27961292e-02 6.70729457e+00 1.35908394e+01
 -3.65532100e+00 -1.62902382e-01 -9.40353786e-01 3.78726417e-01 2.78511431e+03 1.36600751e+01
 -9.28503599e-01 6.55202489e-01 -7.91766386e-01 3.77399218e-01 5.35350097e+03 1.36878852e+01
 -2.32679316e+01 -2.11162814e-01 1.08735988e-01 -1.26435536e-01 1.82969801e+04 1.33731699e+01
 1.38180181e+01 -3.10483131e-01 -1.80587641e+00 -2.81867812e-01 4.25279820e+04 1.38954800e+01
 3.99181091e+00 -1.16007325e-01 4.28048486e-01 1.94690003e-01 -2.10013583e+04 1.37569121e+01
 -4.77070841e+00 -8.25736535e-01 9.03843063e-01 3.88423949e-01 -3.37788743e+03 1.36416667e+01
 5.86533380e+00 3.53061058e-01 3.24781476e-01 -2.59061301e-01 -1.06360707e+04 1.37709794e+01
 1.15644952e+01 -6.33889649e-03 -3.31813965e-01 1.03517831e-01 1.11053981e+04 1.38444971e+01
 1.44774520e+01 1.18978879e+00 -1.99416243e+00 2.52224149e-01 -2.35395441e+03 1.38983546e+01
 1.86565978e+01 5.25931970e-02 -2.86586833e-01 -2.80246482e-01 1.23537076e+04 1.39528979e+01
 -1.86329991e+01 6.78125876e-01 7.43733279e-01 9.20707201e-01 -1.01861147e+04 1.34349602e+01
 -1.27358677e+01 -3.68170506e-01 1.36127339e+00 2.99043261e-01 1.37273938e+04 1.35311976e+01
 -3.11010586e+01 -1.50405845e-01 -3.38873652e+00 -5.36582111e-01 -7.77591502e+03 1.32835179e+01
 -1.18834337e+01 5.40691510e-01 -1.78594447e-02 -2.95602961e-01 -2.27698062e+04 1.35271331e+01
 2.14762439e+01 -3.05532743e-01 1.60232771e+00 5.31665350e-01 1.23904145e+04 1.39912714e+01
 -1.66041727e+01 2.43755933e-01 7.07776036e-01 -6.37742811e-01 -1.90154584e+04 1.34708853e+01
 -2.86230395e+00 -4.65769300e-01 -1.07475660e+00 -2.18565136e-01 2.76823944e+04 1.36872353e+01
 1.11869430e+01 7.75733521e-01 -3.39955172e-01 6.26747598e-01 1.60998367e+04 1.38428321e+01
 -1.45580343e+01 -2.13171381e-02 5.35572323e-01 2.32535663e-02 7.97077427e+02 1.34848455e+01
 2.25542141e+00 -1.01867773e-01 -1.96110434e+00 1.49827926e-01 -8.18757733e+03 1.37343304e+01
 -9.88272690e+00 -3.42779554e-01 -3.91159791e-01 -4.53359951e-01 -2.69968578e+04 1.35797490e+01
 -9.63822959e+00 -3.75567643e-01 -3.04470156e-01 1.30298944e-01 -2.82650823e+03 1.35950352e+01
 -3.52006377e+00 1.41718282e-01 1.45183253e+00 3.97181754e-01 -9.99180561e+03 1.36466310e+01
 3.18586091e+01 1.79011954e-01 4.98373075e-01 -1.84950630e-01 -1.85656124e+04 1.41286954e+01
 -1.39274032e+01 -2.10425220e-01 -1.28922717e+00 -4.53036603e-01 1.12218677e+04 1.35241300e+01
 -1.37611275e+01 1.46327117e-01 -6.94967630e-01 1.52555749e-01 2.19801228e+04 1.35322488e+01
 3.98829871e+00 2.33998258e-01 9.79774164e-01 -5.88204934e-01 8.26611241e+02 1.37506742e+01
 5.27131451e+00 -1.16739852e-01 -8.54568187e-01 -9.06191652e-01 3.00275371e+04 1.37663609e+01
 5.22649287e+00 3.51443827e-01 -1.09433918e+00 -3.12118411e-01 -8.32501157e+03 1.37482711e+01
 2.63088323e+01 -6.91573529e-01 8.70258680e-03 -4.07220859e-01 -6.95641954e+03 1.40563047e+01
 -3.08973904e+01 -5.57451803e-01 9.15178619e-01 6.61161859e-01 -7.68689029e+03 1.32745830e+01
 6.73060868e+00 9.00434879e-02 4.13474981e-01 3.09880861e-01 2.87253565e+04 1.38137441e+01
 8.10389820e-01 4.22558409e-01 2.19883971e-01 2.02096084e-01 8.71957202e+02 1.37011590e+01
 -1.91728022e+01 3.45114551e-01 -3.53763043e-01 8.26342572e-01 8.16636838e+02 1.34046090e+01
 -1.58989481e-01 5.43410075e-01 8.25277207e-01 1.22257911e-01 -4.94900010e+03 1.37010651e+01
 -9.71604316e+00 -2.45115066e-01 1.79111302e+00 1.29332555e-01 -1.34501326e+04 1.35773852e+01
 -3.67245485e-01 -4.07741083e-01 1.09840030e+00 2.32699096e-01 -7.62261127e+03 1.36923902e+01
 4.27872358e+01 -1.31737807e-02 1.57917965e+00 1.41376113e+00 3.48611715e+04 1.42649648e+01
 -4.81991278e-01 1.56792966e-01 -2.65349895e-01 -2.35845928e-02 4.14197364e+03 1.36947501e+01
 1.12614929e+01 8.47080428e-01 1.18498563e+00 -2.61541836e-01 -2.49120397e+03 1.38456696e+01
 2.19875882e+01 1.26840166e+00 -4.07050772e-01 1.23299129e+00 -7.26661298e+03 1.39930163e+01
 -3.02982404e+00 9.53021727e-01 -4.00681435e-01 2.58371831e-01 -1.23565025e+04 1.36622381e+01
 1.25416988e+01 3.94065788e-01 9.26321597e-02 -3.55817898e-01 1.27998805e+04 1.38507695e+01
 2.74465488e+00 6.65336645e-01 9.98610826e-01 1.53793563e-01 -2.19571229e+04 1.37534248e+01
 8.30995274e-02 -2.53505634e-03 2.20699612e-01 9.58198181e-01 -6.92745881e+04 1.36903173e+01
 8.54865218e-02 1.70554528e-01 1.67271147e+00 -4.04713134e-01 -1.12873288e+04 1.36968242e+01
 -9.74764128e+00 3.56144183e-02 -1.59763348e+00 -2.21949452e-01 5.11571927e+03 1.35506645e+01
 1.45509676e+00 -6.65034475e-01 9.79714819e-01 1.92766395e-01 -5.02388808e+03 1.37122818e+01
 1.89651189e+01 1.30005068e+00 -9.47696287e-01 4.88761835e-01 2.33933281e+04 1.39525806e+01
 -1.73055634e+01 -4.84740077e-01 1.35828767e+00 1.03619868e-01 4.32040985e+03 1.34575111e+01
 7.96879965e+00 6.50307363e-01 2.36419703e-01 5.95161969e-01 2.19584777e+04 1.38089710e+01
 8.44815218e+00 5.17001468e-01 -8.68977019e-01 2.88670310e-01 1.09117578e+01 1.38136539e+01
 -1.01046238e+01 6.76943181e-01 9.73620667e-01 2.40578566e-02 2.13859116e+02 1.35607803e+01
 1.07483890e+01 -3.59370679e-01 -7.39903987e-01 -7.71564376e-01 2.12166656e+04 1.38490341e+01
 -1.09056338e+01 -1.51830632e-02 2.07413172e+00 6.10956701e-01 -5.70505106e+03 1.35412209e+01
 1.01018471e+01 5.25274443e-01 -2.56524574e+00 -5.12390419e-01 1.24154952e+04 1.38364772e+01
 2.46084498e+01 1.20075616e+00 6.69844343e-01 -2.37599022e-03 3.74862661e+03 1.40213132e+01
 1.20032385e+01 -2.40967133e-01 -2.16934574e+00 -8.90437365e-02 2.50104453e+04 1.38573709e+01
 -2.75743639e+00 -1.62800740e-01 1.05762313e+00 -1.77562206e-01 -5.92026963e+03 1.36560458e+01
 1.40609837e+01 -2.91439044e-01 1.01730119e+00 9.10290970e-01 -1.17298034e+04 1.38921419e+01
 -2.15862525e+00 8.14766927e-01 -5.46682631e-01 1.92643932e-01 1.59513898e+04 1.36864842e+01
 -3.10781420e-01 1.01875377e-01 7.63922827e-02 -2.28390911e-01 2.05613926e+04 1.37036241e+01
 5.62214959e+00 -2.37304937e-01 -3.95107627e-01 -4.58282388e-01 3.80032081e+03 1.37837420e+01
 -1.53757327e+00 9.74322010e-01 -1.11900184e+00 4.88200395e-02 -3.16147203e+04 1.36653961e+01
 5.17097634e+00 -6.56451392e-02 -3.34485438e-01 -4.20735444e-01 -1.35921261e+04 1.37675184e+01
 1.56922010e+01 -8.20975455e-01 -4.13340875e-01 -2.12602883e-01 -8.29440500e+02 1.39121328e+01
 -1.10810520e+01 -1.34693836e-01 4.30668865e-01 1.10951230e+00 1.27681099e+04 1.35625595e+01
 -9.63477958e+00 -1.96381895e-01 -7.87512896e-01 4.44861440e-01 -3.03694264e+04 1.35814796e+01
 -2.14558460e+01 -6.65406920e-02 -1.99733914e-01 -2.81606461e-01 -8.55806137e+01 1.34173358e+01
 8.27079292e-01 -1.07558579e+00 1.53797924e+00 -3.17475842e-01 -2.94507196e+04 1.37129295e+01
 1.61184539e+01 1.67414565e-01 2.08752330e+00 3.06528206e-01 -2.03721147e+04 1.39060450e+01
 -1.27895850e+01 2.66794780e-01 4.87283461e-01 -3.11660666e-01 2.80986978e+04 1.35369049e+01
 -5.65180661e+00 1.47183927e-01 -1.33898255e+00 1.15227829e-01 2.17156793e+04 1.36228902e+01
 -1.70997186e+01 -4.64906098e-01 -7.94912937e-01 5.00485655e-01 1.67087636e+04 1.34554709e+01
 -6.31781486e+00 5.13263565e-02 5.66057971e-01 8.81876855e-02 1.64223449e+04 1.36170036e+01
 2.62180237e+01 -2.87231276e-01 1.36597447e+00 -5.03590339e-01 2.44497744e+04 1.40478298e+01
 -4.43514088e-01 -3.28703322e-01 -2.54330599e-01 4.91078661e-01 -6.72225591e+03 1.37095435e+01
 1.48957396e+01 2.50219960e-01 8.86535734e-01 9.68306805e-01 9.11992249e+03 1.39077230e+01
 4.90967040e+00 5.19842030e-01 -1.06633378e+00 3.86362483e-01 -7.21772757e+03 1.37810173e+01
 -9.19633893e+00 1.03361903e-01 3.81806712e-01 -1.04470455e+00 5.54273283e+03 1.35820613e+01
 7.70822347e+00 8.90942732e-01 -1.78056853e+00 -1.57962974e-01 -4.98035239e+01 1.37793118e+01
 -1.43138248e+01 -1.00214412e+00 -1.72546854e+00 -5.51640395e-02 4.50301294e+02 1.35008800e+01
 -5.54266326e+00 -4.87665764e-01 1.72937624e+00 4.30016567e-01 -8.04947411e+03 1.36345882e+01
 -1.97472940e+00 4.11384208e-01 1.60650415e+00 2.83050739e-01 -2.48820506e+04 1.36983397e+01
 -1.62897510e+01 1.00232667e+00 8.84828093e-01 5.78351711e-01 8.62059658e+03 1.34759569e+01
 -7.27305212e+00 -2.64077108e-01 -5.92109401e-01 -2.88287223e-05 1.63587068e+04 1.35890521e+01
 -5.36043765e+00 -6.27021946e-01 1.03308097e+00 5.04500713e-01 1.35414331e+04 1.36375986e+01
 1.09798492e+01 1.20725840e+00 1.06495374e+00 -1.05368622e-01 -6.78575862e+03 1.38217319e+01
 1.16889735e+01 6.56684546e-01 -5.23603863e-01 1.11594972e-01 7.38205000e+03 1.38697011e+01
 -3.64285866e+00 1.75728526e-01 1.80362371e+00 5.83474855e-01 2.74934214e+04 1.36603257e+01
 3.01521751e+00 -5.71920989e-01 6.23334590e-01 2.52569948e-01 3.73402017e+04 1.37470483e+01
 6.59887860e-01 -3.74663538e-01 -7.56299788e-01 -3.26756872e-01 -3.82427567e+04 1.36901939e+01
 -3.66571994e+00 2.83815712e-01 5.31674736e-01 -5.39101010e-01 1.24609639e+04 1.36649816e+01
 2.86251911e+00 -1.18751158e-01 -8.38970046e-01 4.70183003e-01 2.46776939e+04 1.37599426e+01
 2.51585214e+01 -3.53421966e-01 -8.59831304e-01 -2.54517355e-01 -1.46427522e+04 1.40287977e+01
 1.50505179e-01 -6.62371216e-01 -3.30351181e-01 5.17585909e-01 7.72399643e+03 1.36960917e+01
 9.22197325e+00 -1.28372632e-01 -5.17571117e-01 -1.16459811e+00 -2.60638521e+04 1.38334959e+01
 1.28944421e+01 -4.40636425e-01 2.11539636e+00 -7.28293614e-01 -3.24226045e+04 1.38795132e+01
 7.42941067e+00 1.83061295e-01 -5.76258030e-01 3.90795750e-02 -2.51168655e+04 1.38064961e+01
 -1.36617419e+00 -1.20397303e-01 -6.96177738e-01 2.71052456e-01 4.73339723e+03 1.36942583e+01
 -1.01169015e+01 3.31341305e-01 6.88228368e-01 -2.34601160e-01 -1.41892228e+04 1.35599350e+01
 6.34351539e+00 1.14811297e+00 -1.13077574e+00 -3.78323186e-01 1.61155253e+03 1.38007507e+01
 2.88132897e+01 -1.12593440e+00 1.99289354e+00 3.83473053e-01 -5.34803978e+03 1.40810281e+01
 -1.61895734e+01 -1.03056005e-01 5.56152664e-01 3.33754255e-01 2.72222334e+04 1.35080391e+01
 1.01545306e+01 7.61209304e-01 -4.31032992e-01 9.17263924e-02 -1.48636385e+04 1.38435716e+01
 1.35821887e+00 8.32765939e-01 1.11822062e-01 -5.59875299e-01 -5.06589496e+03 1.37278332e+01
 5.72958076e+00 -5.09424113e-01 6.66586389e-01 -1.75322819e-01 9.37502432e+03 1.37460026e+01
 -8.07348698e+00 7.21127704e-01 -2.33981293e+00 5.59980951e-01 -1.04748784e+04 1.35954875e+01
 -5.59159199e+00 -1.70507975e-01 8.48072890e-01 -2.79666954e-01 -2.74658975e+04 1.36300924e+01
 9.01336818e+00 1.24964428e-01 -5.44308543e-01 8.94990783e-01 1.53453668e+04 1.38259203e+01
 3.40073705e+01 -2.54667800e-01 1.20739325e-01 -7.18402310e-01 1.89624195e+03 1.41517748e+01
 -1.01998221e+01 8.40792291e-02 1.31069139e+00 1.54170056e-01 -4.02482868e+04 1.35425324e+01
 5.74206560e+00 -4.69450506e-01 6.95784607e-01 4.00204913e-01 -1.34145117e+04 1.37863664e+01
 1.41950686e+01 -1.85030386e-01 1.30205995e+00 -2.63427944e-01 1.52989721e+04 1.39008873e+01
 2.51112290e+01 -1.91388606e-01 -1.30645687e-01 5.25553166e-01 -6.69244942e+03 1.40264537e+01
 1.26186819e+01 -3.82408565e-01 -6.40663254e-01 -3.30987513e-01 -8.75095262e+03 1.38623612e+01
 -7.21672465e+00 -6.72417655e-01 5.06600020e-01 5.78953410e-02 -2.75307132e+04 1.35870581e+01
 -4.05588329e-01 -8.54542541e-01 -2.68553133e+00 -4.28568130e-01 8.03025690e+03 1.36994608e+01
 -1.74094654e+01 -8.97830222e-01 1.14001720e+00 -6.53409278e-02 1.55951055e+04 1.34649620e+01
 1.49143526e+01 -1.56953744e-01 -7.94463036e-01 -5.42867729e-01 2.78696048e+03 1.39038914e+01
 -1.20274999e+01 -8.43817873e-02 -9.78494650e-01 -4.31395077e-01 8.82632816e+03 1.35357124e+01
 -1.11431608e-01 5.21978972e-01 -5.07674622e-01 3.21519079e-01 4.14441850e+04 1.36793733e+01
 -2.03055328e+01 -3.67037623e-01 -2.02648055e-01 -9.04593739e-01 3.46488643e+04 1.34353383e+01
 1.31930773e+00 1.17626573e-01 1.27166680e+00 -8.67655019e-01 2.03613955e+03 1.37184935e+01
 1.62109231e+01 -1.93700977e-01 1.36666101e+00 6.84665486e-02 9.82679141e+03 1.39364713e+01
 -7.96231747e+00 -9.37287894e-01 2.45492596e-01 5.30644169e-02 1.68050616e+04 1.35929208e+01
 -5.74984053e+00 8.07541457e-02 5.01662915e-02 2.07894664e-01 -5.73838807e+03 1.35960063e+01
 1.50988898e+01 -1.20783947e-01 5.64834884e-01 -1.51653171e-01 -4.34898178e+04 1.39219934e+01
 -1.64914776e+01 5.26945631e-01 9.70827709e-01 3.41771506e-01 3.55761675e+04 1.34801071e+01
 -7.56999659e+00 -2.42550037e-01 1.18428229e+00 9.96538315e-02 -1.25880627e+03 1.35806191e+01
 1.21308517e+01 -3.73796307e-01 7.17844784e-01 -5.10192495e-01 8.59178256e+03 1.38595064e+01
 1.28164776e+00 -3.60902474e-01 1.13806231e+00 -9.09285636e-02 2.56896352e+04 1.37122046e+01
 7.92660933e+00 1.41383168e-01 7.69075134e-01 1.05395896e-01 -1.62605072e+04 1.38095776e+01
 3.17206563e+01 1.24044609e+00 -1.21689982e+00 5.91280082e-01 -1.50475242e+04 1.41408973e+01
 -6.44820060e+00 3.33997700e-01 -8.07426423e-02 3.53630464e-01 -3.91588559e+04 1.36157063e+01
 -2.57133016e+01 -2.15732088e-01 -5.26240129e-01 -2.57601165e-01 1.36667182e+04 1.33669508e+01
 -1.49953675e+01 3.46558214e-01 5.11822667e-01 3.84840235e-01 -8.59232957e+03 1.34865805e+01
 -2.81434182e+00 -7.53774262e-01 2.43202751e-01 -2.09145175e-01 -3.84052924e+03 1.36669838e+01
 8.28813528e+00 -9.24615222e-01 8.93927924e-01 -1.66408223e-01 -7.69036065e+03 1.38160304e+01
 2.46511608e+01 3.80942816e-02 7.68468085e-01 -3.26522208e-01 -1.97092791e+03 1.40262740e+01
 3.80265314e+00 -3.54510435e-01 -5.98608301e-01 -3.26358938e-02 2.48722647e+03 1.37480008e+01
 -9.09607269e+00 2.62243852e-01 -1.51570378e-01 1.60429772e-03 -2.57817202e+04 1.35942906e+01
 -2.51551240e+01 -5.33734904e-01 -1.23473403e+00 3.63692736e-01 3.25315446e+03 1.33485552e+01
 -7.23059183e-01 1.15871034e+00 -1.06633431e+00 1.12373194e-01 2.33477416e+04 1.36837359e+01
 5.59668464e+00 -2.90849057e-03 1.27107092e+00 -1.70387303e-01 -1.08559526e+03 1.37587068e+01
 -1.23184012e+01 1.55528677e-01 2.19826507e-01 -6.54107740e-01 1.57678385e+04 1.35320987e+01
 -2.95249031e+00 1.18787136e-01 -6.52483269e-01 1.14069894e-01 1.85061065e+02 1.36917961e+01
 9.19893743e+00 -5.02380419e-01 3.51176170e-01 -4.86546101e-01 -2.19313240e+04 1.38135677e+01
 -2.15317557e+00 2.33235592e-01 -6.86194987e-01 3.34711857e-01 2.35143559e+04 1.36711061e+01
 -2.25146534e+01 -5.08880188e-01 3.62344194e-01 -7.42517415e-02 2.37918583e+03 1.33857154e+01
 4.53837675e+00 -1.04239844e-02 1.92294902e+00 4.89486939e-02 1.69162385e+04 1.37775002e+01
 2.47682576e+01 2.88855710e-01 2.23082783e+00 2.46034944e-01 1.26190993e+04 1.40322373e+01
 -2.46660859e+01 9.08873608e-01 -9.90913021e-01 -4.60306309e-01 3.31278698e+04 1.33732486e+01
 -9.02081541e+00 6.43846467e-01 -2.16592191e-01 1.02686936e-01 -9.77773489e+03 1.35723983e+01
 9.75801058e+00 2.60585947e-01 9.43686317e-01 3.30138463e-01 1.29061604e+04 1.38192259e+01
 6.40304529e+00 -3.43952614e-02 -5.40227836e-01 -1.50018322e-01 1.75350587e+04 1.37742871e+01
 4.84522248e+00 4.01994238e-01 -1.41993743e+00 1.94681214e-01 -1.54564972e+04 1.37654931e+01
 -8.88753969e+00 2.48529148e-01 4.88698108e-01 -1.02294810e-01 1.29334025e+03 1.35757046e+01
 -1.79195889e+00 7.63384543e-01 -1.03967021e+00 -8.90284995e-01 2.31194346e+04 1.36764525e+01
 1.76256994e+01 7.47694476e-01 -1.85923105e+00 -7.45150401e-01 -6.35791024e+03 1.39242240e+01
 -6.27839020e+00 -1.86236637e-01 1.40784076e+00 4.00454958e-01 1.40970896e+04 1.36217241e+01
 4.64540366e+00 2.18388047e-01 -2.06012420e+00 2.11477704e-01 -2.39994756e+03 1.37823116e+01
 -2.03524112e-01 3.50029796e-01 -4.12487118e-01 -1.68153602e-01 -7.91406911e+03 1.37137065e+01
 5.85233948e+00 2.17143794e-01 -5.72479977e-01 3.17304249e-01 -1.83141999e+04 1.37821779e+01
 -7.66012077e+00 4.02237858e-01 5.60519334e-01 1.69475703e-01 -6.76981687e+04 1.36240043e+01
 -1.57365220e+00 5.97440812e-01 1.75449214e-01 -1.01204400e-02 3.83003417e+04 1.36851608e+01
 -9.88805047e+00 1.63077805e-01 -1.18736071e+00 5.14986751e-02 -2.24444469e+04 1.35803374e+01
 9.61150941e+00 1.11950564e-01 -7.70796226e-01 -1.09942245e-01 2.21457053e+04 1.38331175e+01
 1.39212749e+01 -6.59469136e-01 -8.64255185e-01 -6.45454448e-01 -2.97461990e+03 1.38902125e+01
 3.53796634e+00 -3.95383602e-01 1.05462943e+00 -2.37206657e-02 -2.81145536e+04 1.37433071e+01
 -1.97911889e+01 8.99965229e-01 1.43985345e+00 1.01308832e-01 1.55502610e+04 1.34371344e+01
 -1.91354034e+00 -4.80162101e-01 4.24602279e-03 7.96664347e-01 -1.20971118e+04 1.36556829e+01
 -2.03155313e+00 -2.18128664e-01 6.27710690e-01 -1.71518897e-01 -1.97887326e+04 1.36814313e+01
 -1.14365335e+01 -3.26142364e-01 -5.09033807e-01 -2.90839060e-01 2.25420289e+03 1.35369297e+01
 3.02719113e+00 7.30864440e-02 -8.08066413e-01 -3.85391851e-01 -1.12942304e+04 1.37345364e+01
 -1.02594747e+01 5.23800542e-01 -2.34610115e-02 -2.63919712e-01 1.30103164e+04 1.35779252e+01
 4.04949144e+00 2.19505526e-01 1.99355465e-01 -6.24557398e-01 -1.79964997e+04 1.37472093e+01
 -1.24339773e+01 3.81660178e-01 -1.22766106e+00 3.17038263e-01 -4.20009171e+03 1.35465465e+01
 1.23395346e+01 -2.01380871e-01 -8.37662915e-02 -8.55969571e-02 -3.87386255e+03 1.38924416e+01
 -1.80539893e+01 -1.03561886e-01 4.64271721e-01 4.76643212e-01 -3.30630670e+04 1.34378911e+01
 -9.40421740e+00 -1.94517844e-01 2.33632394e-01 8.13924259e-01 4.72783529e+04 1.35934840e+01
 7.50037512e+00 9.36163403e-01 1.44712481e+00 1.38933878e-01 8.83005536e+02 1.38044690e+01
 2.39722670e+01 -2.94241814e-01 1.56949199e-01 2.62066707e-01 1.69855971e+04 1.40028366e+01
 4.50519938e+00 -1.91924224e-01 6.58774141e-02 -1.32230046e-01 -6.31608839e+03 1.37708577e+01
 -6.52329816e+00 5.56449928e-01 6.92608702e-02 2.77500624e-01 6.05692197e+02 1.36130255e+01
 -5.14168726e+00 3.08381785e-01 9.73343494e-01 1.51897141e-01 2.26195109e+04 1.36186563e+01
 1.50167394e+01 -2.89281474e-01 1.73491593e+00 -1.28957429e-01 1.49955918e+04 1.39015123e+01
 -2.77344123e+00 -8.10798332e-01 1.18756514e-01 1.27805412e-01 1.55729039e+04 1.36520590e+01
 7.39192808e+00 -1.13409706e-01 1.18477860e+00 1.04376335e-01 1.86858821e+04 1.37775165e+01
 -1.20615380e+01 8.83697535e-01 9.19081189e-01 1.81896961e-01 -1.31054412e+04 1.35591035e+01
 -1.69254165e+01 6.03135251e-02 -3.66500025e-01 6.56902076e-02 3.95208811e+04 1.34837724e+01
 3.39053039e+00 3.29870538e-02 3.80966688e-01 -2.79205228e-01 1.09697149e+04 1.37506415e+01
 5.70444768e+00 -7.24917036e-01 -8.09087350e-01 -2.23319266e-01 -2.91386253e+04 1.37852068e+01
 2.15566405e+00 -2.96538298e-01 -1.51307656e+00 1.31168504e-02 -2.12474781e+03 1.37414050e+01
 -1.78228872e+01 -2.46781443e-01 4.35377784e-01 1.40695221e-01 -1.09139132e+04 1.34569391e+01
 1.05363635e+01 2.92224348e-02 -7.49973073e-01 5.90256450e-01 -1.18003677e+04 1.38502704e+01
 -7.64230051e+00 2.85510515e-01 1.42062825e+00 -1.99210654e-01 -7.61901181e+03 1.35860180e+01
 9.63700097e+00 -1.65055522e-01 -3.78896378e-01 -7.24893027e-01 -9.16475796e+02 1.38307920e+01
 -1.30490086e+01 2.08796633e-01 2.30662196e-01 -7.84293314e-02 -1.53076273e+04 1.35126600e+01
 -2.74733802e+00 1.19367469e-01 9.00942335e-01 1.71070089e-01 -3.82187142e+04 1.36667203e+01
 -6.72898269e+00 -9.25292441e-02 -1.98217295e+00 3.16854281e-01 6.52396216e+03 1.36268328e+01
 4.98332146e+00 -1.20422339e-01 -4.10910384e+00 8.29883771e-03 -6.15892174e+04 1.37721990e+01
 1.73919660e+01 8.66767529e-02 -3.18075601e-01 -1.86069272e-01 1.09941351e+02 1.39562807e+01
 -8.56652576e+00 -1.70598903e-01 5.07704645e-01 6.33749667e-01 -1.35043862e+04 1.35695341e+01
 -9.14387425e+00 2.86328440e-02 -4.25450700e-01 -3.78948181e-01 4.49449517e+02 1.35706563e+01
 -1.08978807e+00 1.65278344e-01 -6.69522155e-01 -1.53332193e-01 -3.44876106e+03 1.37120304e+01
 -8.68051150e+00 -1.29025714e-01 1.48743807e+00 4.95257020e-01 1.64041382e+04 1.35831683e+01
 2.14681671e+01 -9.13538420e-02 2.09783791e+00 8.35462866e-01 3.51784517e+04 1.40102065e+01
 2.05242681e+01 -4.96730025e-01 1.63578457e+00 -2.81256699e-01 -1.94214125e+04 1.39799058e+01
 1.11221162e+01 2.56313662e-01 3.85205590e-01 7.78809200e-02 2.00078904e+04 1.38659594e+01
 -2.36517630e+00 -1.95315631e-01 -1.54462388e-01 3.66422456e-01 2.18118254e+04 1.36607584e+01
 -3.75097025e+00 3.10837122e-01 -2.62106894e-03 -5.76862306e-01 -2.26752590e+04 1.36438028e+01
 -3.44718805e+00 2.75232965e-01 -1.63375207e+00 2.75714870e-01 -2.05807996e+04 1.36729530e+01
 1.24128180e+01 2.14775960e-01 -3.11121961e-01 -8.13324822e-02 -4.19602450e+04 1.38562460e+01
 1.13573411e+01 3.91473765e-01 -1.51635877e+00 5.60751446e-01 4.87235119e+03 1.38566591e+01
 1.53767248e+01 6.13408087e-01 8.43818590e-01 -8.88293113e-02 -2.51907795e+04 1.39204100e+01
 2.09825962e+01 3.62105042e-01 1.29073881e+00 -7.25439849e-01 -6.86110644e+03 1.39722991e+01
 8.74349360e+00 3.33598519e-01 1.06859240e-01 -7.45581442e-01 1.65837976e+04 1.38365423e+01
 2.04795140e+01 -5.22818211e-02 -2.12131735e-01 6.94706472e-01 5.77872103e+03 1.39780565e+01
 1.40162751e+01 -5.02590057e-01 2.27877921e+00 2.28421209e-01 2.31775391e+04 1.38970401e+01
 5.59323484e+00 -5.30030622e-01 -4.73629895e-01 -3.20576637e-01 -3.45174895e+03 1.37765429e+01
 -8.44589359e+00 6.36866102e-01 1.79301347e+00 9.95312194e-02 -1.17360036e+03 1.36115767e+01
 1.15721444e+01 1.63188982e-01 -5.23450019e-01 4.11527127e-01 1.73946292e+02 1.38547852e+01
 7.46655536e+00 -7.66711672e-01 2.43259327e+00 -3.94859649e-01 -6.10769691e+04 1.38041955e+01
 -9.17828114e+00 3.97994047e-01 -1.50798982e+00 4.25018689e-01 1.44533105e+04 1.35750755e+01
 -2.97668815e+00 -9.45749194e-02 3.48681348e-01 -2.55080078e-02 -2.62201789e+04 1.36448238e+01
 -5.43624573e-01 7.19091512e-01 -1.47079917e+00 2.23683281e-01 4.82156510e+03 1.37053195e+01
 -2.55382459e+00 1.04276168e-01 1.21520896e+00 -3.20095413e-02 1.93359344e+04 1.36565214e+01
 4.37761021e+01 2.71257810e-01 1.10007706e+00 4.60752559e-01 -9.53295027e+03 1.42608663e+01
 8.32358246e-01 -4.03922110e-01 3.24146441e+00 6.91051922e-02 9.21576739e+02 1.37055351e+01
 -1.27992202e+01 3.42201960e-01 9.22170818e-01 4.93401123e-01 -6.30845013e+03 1.35219715e+01
 -1.52799128e+01 3.80834279e-01 3.71346270e-01 2.99960798e-01 3.78924355e+04 1.35070015e+01
 7.25305563e-01 -2.16720171e-02 7.80992309e-01 -4.48472082e-01 -2.89272919e+04 1.37137356e+01
 -6.80037726e+00 7.69564807e-01 -1.43985105e+00 -2.67586441e-01 1.24139450e+04 1.36107328e+01
 -2.92442710e+01 8.03262663e-02 2.59383434e-01 -2.07746315e-01 -2.49993404e+04 1.32931251e+01
 2.07698967e+01 -2.60204791e-01 -8.20623993e-01 1.38412933e-01 -8.65035437e+03 1.39846324e+01
 -1.38071981e+00 -3.15479619e-01 -5.32788247e-01 5.89699837e-01 -7.25404507e+03 1.36771404e+01
 5.02841709e-01 7.59116117e-01 1.92273344e+00 -8.54526167e-01 -2.70565280e+04 1.36811307e+01
 1.61228695e-01 -3.56269153e-01 -7.59471572e-01 2.57967267e-01 -4.55484911e+03 1.36879545e+01
 -1.03537898e+01 8.13636782e-02 -5.19376325e-01 -3.76905810e-01 -1.00438479e+04 1.35739887e+01
 8.45886718e+00 -2.04713962e-01 -1.95816755e+00 -1.65032729e-01 7.59140130e+03 1.38231526e+01
 1.53956826e+01 3.21209677e-01 5.63399238e-01 -3.30898343e-01 2.38591261e+04 1.39166959e+01
 2.18778221e+01 1.65978414e-01 1.50456761e+00 -6.28795862e-01 -1.65823462e+04 1.39846745e+01
 -3.50249306e+00 2.59743354e-01 -2.46451275e-01 9.39107205e-03 -2.02097521e+04 1.36376512e+01
 -5.41867181e+00 1.19072453e+00 -2.14408650e+00 3.84652599e-01 2.33218324e+04 1.36211131e+01
 -2.13936980e+01 5.21568498e-01 -1.82009367e+00 -3.21932373e-01 3.71509826e+04 1.33970488e+01
 -2.53786990e+01 -1.04641108e-01 7.43609529e-01 4.43306730e-01 -1.70835237e+03 1.33543143e+01
 -1.49950724e+01 7.87226633e-02 -1.20636529e+00 -5.42784933e-01 -2.73169904e+04 1.35142093e+01
 3.68299058e+00 4.02354008e-01 2.07250164e-01 -8.01804261e-02 7.76823848e+03 1.37687652e+01
 4.83341032e+00 -3.01027819e-01 5.46433122e-01 1.03651086e+00 2.30275594e+04 1.37786014e+01
 1.49850592e+01 -7.31059734e-01 -2.07812643e+00 3.98193775e-01 5.44906989e+03 1.38994641e+01
 -1.02758812e+01 -3.33396691e-01 -3.64325347e-01 6.78838519e-01 -1.40470618e+04 1.35673656e+01
 2.23083345e+01 4.52421103e-01 1.47021113e+00 -4.58109395e-01 8.55335941e+03 1.40102630e+01
 2.06063734e+01 6.35719888e-01 -5.44264494e-01 -4.79750430e-01 -2.67897771e+04 1.39946161e+01
 -7.09332735e+00 -5.32018530e-01 -1.11820629e+00 1.29851070e-01 -2.33024598e+04 1.35923772e+01
 -2.83306696e+01 6.56757674e-01 -3.61447647e-01 5.01051517e-01 3.14663473e+03 1.33017813e+01
 1.92593688e+01 3.61877328e-01 -4.24417973e-01 6.77624046e-01 7.20002272e+03 1.39675487e+01
 1.77850375e+01 -3.54151324e-01 4.61428993e-02 1.54991926e-01 1.03910876e+04 1.39293434e+01
 2.36423224e+00 2.38744934e-01 6.46241172e-01 -3.52312224e-01 9.75984852e+03 1.37217269e+01
 -1.76063855e+01 -3.40572483e-01 -2.84495403e-01 1.13369382e+00 2.81248443e+04 1.34463762e+01
 2.24804441e+01 -7.28374979e-01 -5.75842654e-01 2.23207914e-01 1.87731553e+04 1.39829381e+01
 -1.06973216e+01 -5.58642434e-01 -1.13582343e+00 2.90844685e-01 -1.90634130e+04 1.35686412e+01
 3.29707341e+01 1.97595032e-01 8.90794586e-01 -4.31105512e-01 -3.04585206e+04 1.41461108e+01
 -5.91781529e+00 3.64191539e-01 -1.58640678e+00 -1.17271113e-02 -1.05908036e+04 1.36050210e+01
 1.51776087e+01 -6.53369699e-01 -9.36307201e-01 7.17458065e-01 3.69785756e+04 1.39284577e+01
 -1.56441530e+01 8.89956942e-02 1.89976737e-01 4.50060863e-01 -2.64928190e+03 1.34654918e+01
 3.15210707e+00 -4.93713732e-01 -1.98455233e-01 -5.08901639e-01 -4.23668973e+03 1.37518348e+01
 -5.73716119e+00 -4.42758891e-01 2.68209232e+00 1.05905033e-01 -3.22404228e+03 1.36162252e+01
 1.06143492e+01 3.68654035e-01 -9.26335705e-01 -4.23149577e-01 1.58421301e+03 1.38424292e+01
 1.47015759e+01 6.08922587e-01 -5.48634949e-01 2.46521497e-01 2.58225713e+04 1.38907934e+01
 1.79233852e+01 1.93448273e-01 1.16955155e+00 -1.13078953e-01 -8.79176602e+03 1.39275047e+01
 1.66985721e+01 2.11601190e-01 -8.54335552e-01 -6.53575267e-01 3.30411401e+03 1.39007324e+01
 4.34330094e+00 -1.30963132e-01 -1.43949181e+00 -1.03600687e-01 -4.84649795e+04 1.37325544e+01
 7.35726319e+00 1.69925706e-01 -4.33879839e-01 3.87882896e-02 -1.02733229e+04 1.37790652e+01
 -1.84288791e+01 -5.16893286e-01 7.90576873e-01 6.79730332e-01 7.25157589e+03 1.34410039e+01
 -1.84972399e-01 -3.15503338e-01 -1.09312044e+00 -9.10483588e-01 -1.70281003e+04 1.36946528e+01
 -2.36150157e+00 8.66999151e-01 -6.24333832e-01 -2.12021667e-01 -1.53189967e+04 1.36534780e+01
 -1.82189721e+00 1.39049091e-01 -7.72058809e-01 2.99721263e-01 6.97030533e+02 1.36692147e+01
 1.57148822e+01 2.91392048e-01 -7.68707182e-01 1.64185234e-01 3.21806785e+04 1.39195007e+01
 -4.16235150e+00 3.18902380e-01 -1.35778859e+00 1.87084829e-01 -6.02911862e+03 1.36401634e+01
 -1.60548405e+01 -2.70792903e-01 -1.17208596e+00 5.32883213e-01 -1.65724987e+03 1.34738726e+01
 8.72250541e+00 2.07207513e-01 6.00652239e-01 -6.48855157e-01 -2.56757453e+04 1.38142017e+01
 2.24293375e+01 1.16085833e-01 -7.75811714e-01 5.11972875e-01 -3.35914082e+04 1.39930405e+01
 1.71190917e+01 2.72359768e-01 -2.15239511e+00 2.31789210e-01 -9.10311197e+03 1.39353007e+01
 -2.51985685e+01 2.50712742e-01 1.36882640e+00 3.91294433e-01 -1.33590084e+04 1.33596752e+01
 -1.89458929e+01 1.61993568e-01 1.25061874e+00 -3.08298179e-01 6.99830044e+03 1.34487404e+01
 -7.51149333e+00 -4.57492048e-01 -5.51715167e-01 1.37524869e-01 -1.52505597e+04 1.35956401e+01
 5.28138531e+00 -3.83582250e-01 -1.09606434e+00 -2.02470530e-01 1.45178423e+04 1.37567428e+01
 -1.82568835e+00 7.59269533e-01 2.50821495e-01 -6.87932070e-01 -2.63338265e+03 1.36532002e+01
 -2.05857844e+00 7.17421411e-01 -1.59358216e+00 -2.26952158e-01 -1.10862173e+04 1.36801502e+01
 1.46781503e+00 8.13275420e-01 -2.49427897e-01 3.04936384e-01 8.59096087e+03 1.37427365e+01
 1.99565173e+00 -5.31883352e-01 1.57351065e+00 -7.80986958e-01 -7.55880069e+02 1.37309559e+01
 -2.69746879e+00 3.39928869e-01 -3.99174146e-01 -8.93961993e-02 1.09809744e+04 1.36665156e+01
 2.44602161e+01 8.46578526e-01 5.21776918e-01 -1.54076377e-01 -1.91228777e+04 1.40283984e+01
 -2.03099897e+01 -6.78828357e-01 2.55307447e-01 2.83725050e-02 -1.42018467e+04 1.34040390e+01
 1.70048584e+01 -8.54387384e-01 -1.03810185e+00 -4.84362334e-02 2.51202665e+04 1.39314719e+01
 7.30978738e+00 -7.04649174e-02 -2.23715088e+00 -3.56658178e-02 -2.36310641e+04 1.38170397e+01
 1.18269958e+01 -5.02876488e-01 1.66117075e+00 -1.14823541e-01 4.77289179e+03 1.38511080e+01
 -1.96856556e+00 3.56331899e-01 -4.21304317e-01 4.20657355e-01 -1.91671890e+04 1.36764000e+01
 -9.62344150e+00 -3.47963308e-01 1.25289517e+00 -2.30204201e-01 -1.90404594e+04 1.35669924e+01
 -1.07926485e+00 -3.41820111e-01 6.50897147e-01 7.97442124e-02 3.02008489e+04 1.36798232e+01
 -6.28322131e+00 -2.86591332e-01 8.56119660e-02 5.59024831e-01 2.58249053e+02 1.36018436e+01
 4.12131046e-01 5.27955395e-01 -3.91061684e+00 5.96176767e-02 3.57373016e+04 1.36918319e+01
 -1.44950667e+01 7.56566692e-01 -9.91745371e-01 1.44525217e-01 -7.87113697e+03 1.35014710e+01
 -1.21941384e+01 2.17605410e-01 2.06502793e+00 -1.70914775e-01 -3.96553773e+03 1.35382215e+01
 1.93034428e+01 3.92331827e-01 -1.06056114e+00 2.97130412e-01 -9.36043271e+03 1.39734410e+01
 -2.17184990e+01 -7.30895703e-01 -1.60123516e+00 3.55772463e-01 3.83527130e+04 1.33903811e+01
 1.54414354e+01 6.94048186e-01 9.75179175e-01 -6.75967689e-01 1.85769515e+03 1.39277317e+01
 2.21641261e+00 -5.40854480e-02 -2.87796016e-01 -3.75347665e-01 1.78317151e+03 1.37449429e+01
 5.51486201e+00 8.97833558e-01 4.15109912e-01 -2.39413875e-01 2.43805036e+04 1.37836646e+01
 -1.50731375e+00 -6.10156384e-02 1.31130366e+00 -1.94030319e-01 -7.66884706e+03 1.36865861e+01
 3.70388835e+00 -7.45969418e-01 -2.16135376e-01 8.53673962e-01 -8.63514880e+03 1.37689440e+01
 -1.09580343e+01 -9.36676247e-02 -6.36965200e-01 5.28386253e-02 1.28496874e+04 1.35501395e+01
 -9.47430438e+00 -6.33410058e-01 -1.26784460e+00 3.10927928e-01 2.71485053e+04 1.35795232e+01
 1.58886106e+01 2.81360493e-01 2.33002773e+00 5.16985747e-02 1.00494419e+04 1.39250100e+01
 1.50573418e+01 7.86819134e-01 5.09690797e-01 -4.90564949e-01 -4.72260088e+03 1.38951326e+01
 8.88488829e-01 -8.87482022e-01 -8.92189689e-02 -1.71942311e-01 3.03491862e+04 1.37229901e+01
 -6.35251656e+00 7.58400428e-01 -2.84319629e+00 7.86261684e-02 -1.21384343e+04 1.36136429e+01
 2.33058009e+01 3.37105716e-01 -5.42577710e-01 2.74285771e-02 -2.17415939e+04 1.40283833e+01
 3.50564564e+00 6.31942460e-01 7.92137430e-01 -3.59657445e-01 2.52602531e+03 1.37500938e+01
 -1.21380835e+01 1.03115398e+00 -1.33695210e+00 3.14116339e-01 3.40537567e+04 1.35106211e+01
 -1.74113524e+01 1.52066852e-01 -1.60511859e+00 1.18283068e-01 2.51197052e+04 1.34489567e+01
 1.16664118e+01 3.59297219e-01 1.18421096e+00 -5.44839693e-01 1.06312227e+03 1.38538910e+01
 -9.10119132e-01 -1.42060807e-01 2.68752940e-01 -5.68698637e-02 -2.14767612e+04 1.36816382e+01
 2.16411474e+01 -3.11414788e-01 -1.57510168e+00 5.31082543e-02 -2.12698915e+04 1.39916411e+01
 -1.17824429e+01 -5.52055374e-01 1.09394550e-01 3.00036768e-01 -3.49554299e+03 1.35169577e+01
 -1.80766599e+01 6.84357533e-01 1.16315997e+00 1.03620593e-01 -3.32888504e+04 1.34452979e+01
 -4.65221891e+00 4.94274652e-01 4.74364716e-01 -2.73895152e-01 3.55156945e+04 1.36395793e+01
 -9.21894227e+00 -2.24836002e-01 -2.14565650e-01 8.61798197e-01 -1.45054761e+03 1.35670242e+01
 8.92759093e+00 7.76289992e-01 5.42543873e-01 6.37083335e-02 -2.43450529e+04 1.38112665e+01
 1.22745344e+01 6.12361058e-02 -5.06530215e-01 7.59005466e-01 -1.12452503e+04 1.38722215e+01
 3.53805423e+00 3.59533062e-01 4.67557838e-01 -1.62636838e-01 -2.93972167e+04 1.37519831e+01
 -2.11288484e+00 4.96947173e-01 -1.23809832e+00 2.60288818e-01 -3.40435134e+04 1.36579075e+01
 3.01472678e+00 -7.89959641e-01 -2.88247539e+00 9.27101901e-01 -9.19457351e+03 1.37316604e+01
 1.43700281e+01 -2.00143700e-01 -6.77211615e-01 -1.39980106e-01 -7.28824786e+03 1.38901333e+01
 6.49467488e-01 1.15843746e+00 -8.42020943e-02 -1.34887552e-01 1.83468825e+04 1.36972294e+01
 3.52536904e+00 3.85486135e-01 6.95285324e-01 2.66760723e-01 5.02205974e+03 1.37676781e+01
 2.81241698e+00 8.70384574e-02 -8.07079652e-01 5.72968278e-01 1.07474221e+04 1.37353120e+01
 9.24626018e+00 8.63735088e-01 -1.25627218e+00 5.93688140e-01 -1.71511130e+04 1.38193229e+01
 1.88498088e+00 -1.88274944e-02 2.53546683e+00 -1.39266411e-01 -8.86639570e+03 1.37222565e+01
 3.30425002e-01 -7.42426410e-01 -8.30834651e-01 -9.51102369e-01 -2.39509052e+03 1.37048753e+01
 -7.59391119e+00 1.33703680e-01 -1.37918494e+00 -3.24048009e-02 2.98850141e+04 1.35975780e+01
 -3.53860445e+00 -4.21676941e-02 7.88554396e-02 2.93866619e-01 1.55682197e+04 1.36740325e+01
 5.42459745e+00 3.31383234e-01 1.81771471e+00 1.00035350e-01 -2.90716874e+04 1.37533558e+01
 -8.59548601e+00 3.53128020e-01 -2.47723199e-01 3.69387014e-01 -8.63929013e+03 1.35817142e+01
 2.00408101e+01 1.74393340e-01 -2.49850677e-01 6.56027738e-01 -7.48584379e+03 1.39850269e+01
 1.52980279e+01 3.07311002e-01 -1.53404444e-01 1.63838697e-01 1.21312517e+04 1.39166987e+01
 -5.08529493e+00 -4.56874277e-02 1.89541625e-01 2.38083690e-01 3.39582184e+03 1.36253980e+01
 -9.38983773e+00 -3.21054393e-01 -1.86571475e-01 -2.07070719e-01 1.10387082e+04 1.35699903e+01
 -2.55064437e+01 -1.63699421e-01 -1.69158563e+00 -8.31601435e-02 2.09410865e+04 1.33522791e+01
 -1.98046290e+01 4.84154833e-02 -3.21117463e-01 1.86155457e-01 -4.30801342e+03 1.34412476e+01
 -2.74054979e+01 2.19084763e-01 1.38392516e+00 -6.40745556e-01 -1.73333305e+04 1.33100134e+01
 -1.30106230e+01 4.61614437e-02 -1.00175570e+00 -5.31809641e-01 1.97943096e+04 1.35223729e+01
 1.74133485e+01 5.39192033e-01 -6.58939393e-01 -3.37731256e-01 -7.53299000e+02 1.39576490e+01
 1.87592920e+01 -9.01837444e-01 -1.84369511e+00 1.03709035e-01 4.52502744e+03 1.39695637e+01
 2.01989997e+00 -4.95927924e-01 4.82796106e-01 2.52152891e-02 3.73055085e+04 1.37321392e+01
 -2.26601770e+01 -2.09863646e-01 -3.45078316e-01 5.54019224e-01 -1.55611649e+04 1.33784007e+01
 4.86431190e+00 1.08466967e-01 -8.13865084e-01 7.00893620e-01 -1.72122214e+04 1.37824528e+01
 9.63959300e+00 -7.36466260e-01 -3.67810418e-01 2.40159183e-01 3.85435400e+04 1.38407326e+01
 6.55053799e+00 -8.70938929e-01 6.07376867e-01 -3.55801150e-01 -9.18961724e+03 1.37882187e+01
 1.00431242e+01 3.84560113e-01 1.04236470e+00 -6.94369929e-01 -6.02772247e+01 1.38444303e+01
 3.54846786e+00 -9.55831029e-01 4.04621789e-01 4.02904231e-01 6.89298350e+03 1.37333126e+01
 -1.77981360e+00 -4.65577800e-01 -1.02796831e+00 -1.72974292e-01 -3.76557926e+03 1.36682114e+01
 -1.50502657e+00 -6.44939850e-01 -1.58145656e-01 3.40824823e-01 -4.82018853e+03 1.36794629e+01
 2.82178868e+01 8.82568867e-01 4.83712122e-01 -5.87767421e-01 2.07716761e+03 1.40879349e+01
 -2.33958608e+01 -3.60375710e-01 -1.28439678e+00 -8.27222726e-02 -2.59433679e+04 1.33733806e+01
 5.05829070e+00 6.20227101e-01 5.98008496e-01 -1.51294660e-01 1.11424486e+04 1.37577575e+01
 -5.83067813e+00 6.54269328e-02 -1.44827481e+00 2.47638257e-01 1.47324863e+04 1.36209967e+01
 -1.75106988e+01 2.27581974e-01 -1.11790888e-01 4.95507852e-02 2.54324007e+04 1.34448062e+01
 1.40554687e+00 -1.54453161e-01 -1.71100069e+00 -5.27079231e-01 -6.64136800e+03 1.37131366e+01
 -2.88541461e+01 1.89746279e-01 -1.78632904e+00 -2.16405127e-01 2.84345139e+04 1.32934591e+01
 7.41584303e+00 -1.81132406e-02 5.03072643e-02 5.95869184e-01 -2.80010374e+04 1.37991211e+01
 4.74364952e+00 -2.63534118e-01 -3.14151475e+00 3.20202688e-01 1.72870778e+03 1.37556001e+01
 5.58794645e+00 -8.46279176e-01 -1.71629135e+00 2.19586057e-01 2.39695370e+04 1.37627580e+01
 -1.76572494e+01 4.30897124e-01 9.58079425e-01 3.16018980e-01 -8.73709292e+03 1.34558444e+01
 -8.28877946e-01 8.86101316e-02 -3.19849640e-02 -5.34556916e-03 2.12329632e+04 1.37044355e+01
 -1.92678466e+01 -8.03138959e-01 1.07702317e+00 -9.77053243e-02 -6.73551560e+03 1.34548620e+01
 -8.99435051e+00 -6.73501086e-01 1.16153476e+00 3.19707911e-01 -5.60425973e+04 1.35864849e+01
 -9.99642707e+00 -1.07966020e+00 7.74799715e-02 -3.60592323e-01 2.54351676e+03 1.35699269e+01
 1.12792400e+01 -1.22763633e-01 7.25594074e-02 -9.47800046e-02 2.74129216e+04 1.38776334e+01
 -2.07902803e+01 2.74206278e-01 -1.73652855e+00 -1.83253116e-01 -1.09326427e+04 1.34066691e+01
 -3.49808626e+01 8.02847505e-01 -1.38961573e+00 -3.73130276e-01 3.46098001e+03 1.32002647e+01
 1.09030006e+01 1.67402801e-01 2.00985430e+00 -7.15092718e-01 -3.84253240e+03 1.38400648e+01
 -3.18824908e+00 8.76060817e-02 -6.48760803e-01 2.25431689e-01 1.95770302e+04 1.36373219e+01
 2.83944331e+01 -1.00409425e+00 -1.81662144e-02 -4.02740264e-01 -2.00051062e+04 1.40712237e+01
 2.76673865e+01 1.25189624e+00 1.93665264e+00 3.58864924e-01 3.04627950e+04 1.40636628e+01
 6.09774435e+00 -5.36676065e-01 -1.45611583e-01 6.53728908e-01 6.08696256e+03 1.37515039e+01
 1.11890004e+01 2.87782213e-01 4.24884270e-01 -2.49445463e-01 9.94081448e+03 1.38581434e+01
 1.77086704e+01 5.91037483e-01 -1.01455222e+00 4.71022417e-01 -4.44571609e+04 1.39244449e+01
 1.66131395e+01 -2.26883468e-01 9.32552430e-01 -8.58841855e-02 6.86548961e+03 1.39432957e+01
 -5.12898848e+00 -2.99448794e-01 -3.07661280e-01 -1.02140059e+00 1.78006135e+03 1.36295672e+01
 -1.17932518e+01 6.82369380e-01 1.23247136e+00 6.48967927e-01 3.03255539e+04 1.35086560e+01
 -1.00981043e+01 -3.01972453e-01 -1.39915379e+00 2.21341000e-01 2.45445075e+04 1.35649200e+01
 -2.27042414e+01 2.59441427e-01 3.41853086e-03 9.38234995e-01 -6.01865407e+02 1.33754752e+01
 -8.20127870e+00 1.75996314e-01 -1.15657765e+00 -4.04436982e-01 8.21194984e+03 1.35921248e+01
 1.11501130e+01 -6.48282140e-01 -2.71726372e-01 -1.64946760e-01 -3.27565181e+04 1.38691800e+01
 2.34914533e+01 2.99996783e-01 -4.15523950e-01 -3.79204332e-02 -2.26006008e+04 1.40265856e+01
 -1.17021510e+01 7.26217058e-01 -1.08564236e-01 3.23887948e-01 -2.23793056e+03 1.35521430e+01
 -2.07198354e+00 -2.62004275e-02 7.65035861e-02 -6.47291145e-02 -2.34123368e+04 1.36946867e+01
 2.91400132e+01 2.82794216e-02 1.11082930e+00 -3.61526296e-01 -4.61056094e+03 1.40779907e+01
 2.88742618e+01 4.85561005e-02 9.58213149e-01 -4.14593782e-01 1.24026467e+04 1.40727616e+01
 2.73378592e+01 8.18479320e-02 4.14048776e-01 -1.20323336e+00 -2.66969318e+04 1.40559178e+01
 6.77693642e-01 2.14198686e-01 -2.41260625e+00 4.35190612e-01 -1.24211341e+04 1.37108900e+01
 5.19126629e+00 -2.62311239e-01 1.35225705e+00 -1.58576091e-04 -9.72609636e+03 1.37890418e+01
 -3.30779424e+00 9.43560417e-02 -1.85930159e-01 -1.20631144e-01 -1.80376671e+03 1.36631629e+01
 1.92897284e+00 3.59021063e-01 1.24210130e+00 4.35383884e-01 5.68610877e+03 1.37381025e+01
 9.65594100e+00 -5.77160170e-01 -7.80465563e-01 3.53726436e-01 -1.57609322e+04 1.38323462e+01
 1.50307643e+01 -4.58064348e-01 -2.04785104e-01 -7.69939199e-01 2.84886137e+04 1.39053584e+01
 8.07057284e+00 3.68448601e-01 -1.79892716e-01 -1.56944431e-01 -1.80746289e+03 1.38318661e+01
 8.24419211e+00 1.08485890e-02 1.67761290e+00 -6.74258885e-01 -1.11876267e+04 1.38069573e+01
 1.36461001e+01 -1.51099162e-01 -1.68544586e+00 -2.22240900e-01 2.24451297e+04 1.38838098e+01
 -6.93994326e+00 -2.45169867e-01 8.08381887e-01 -2.67537014e-01 -1.55864917e+04 1.35974163e+01
 -9.08418303e+00 1.04997270e+00 1.08799354e+00 5.18452252e-01 -4.60963886e+04 1.35912968e+01
 -2.60175690e+01 5.27499461e-01 1.47833688e+00 -4.61969943e-02 -3.09569643e+04 1.33359238e+01
 6.66055257e+00 -7.42971830e-01 -3.27736443e-01 -5.86203311e-01 -1.41996705e+04 1.37976601e+01
 3.46764275e+00 -9.64879244e-01 -2.38166206e+00 1.00826324e+00 -1.41946586e+04 1.37612188e+01
 2.16852888e+01 -1.44686924e+00 -1.03584227e+00 -2.87657864e-02 1.67333629e+04 1.39812012e+01
 -8.63075146e+00 -2.32741181e-02 -1.16469807e+00 3.76765484e-01 -2.41039158e+04 1.35471471e+01
 -3.02009981e+00 1.25821655e-01 -1.16509307e+00 -7.38340829e-01 8.96808074e+03 1.36328059e+01
 1.78772915e+01 3.92169428e-01 1.46491099e+00 -2.78604987e-01 -1.50681717e+04 1.39484874e+01
 -9.10998266e+00 3.18344911e-01 -9.16792593e-01 -1.26500775e-01 1.77308358e+04 1.35545215e+01
 -1.70903131e+01 -6.12674803e-01 -2.09276827e+00 -3.80749101e-01 5.87508597e+03 1.34508093e+01
 3.93364845e+01 -7.50370750e-02 7.29092701e-01 -3.01757916e-01 1.06368043e+04 1.42205816e+01
 -1.36172332e+01 4.01091777e-01 1.51211739e+00 -3.25762710e-01 1.34357128e+04 1.35321832e+01
 -4.43461301e+00 -7.21628596e-02 7.30864564e-01 9.79930032e-02 3.55352280e+03 1.36463999e+01
 -3.96567491e-01 3.55205520e-01 -2.15963891e-01 8.33576287e-01 -4.29794633e+03 1.36952238e+01
 -9.41850268e+00 -3.81912305e-01 -7.94250358e-01 9.80761166e-02 -1.09060882e+04 1.35604336e+01
 2.57991107e+01 -1.71576191e-01 -7.82462463e-01 -3.48081833e-01 -8.89364253e+03 1.40553766e+01
 -5.50941826e+00 -1.88360782e-01 4.99919911e-01 5.26803516e-03 2.33619635e+04 1.36287926e+01
 -5.91519102e+00 5.57273199e-01 -1.53077586e+00 6.52080527e-01 -1.20513083e+04 1.36337101e+01
 -3.89305870e+00 4.21304445e-02 -4.05520345e-01 4.52914852e-01 -2.14085498e+03 1.36596589e+01
 -6.11900055e+00 9.14357472e-01 1.93299512e+00 -6.20770903e-01 1.53311243e+03 1.36043585e+01
 2.03662860e+00 -6.00941582e-01 2.76755430e-01 -6.23064716e-01 -2.53972457e+04 1.37236969e+01
 -2.55085877e+01 2.60876418e-02 -1.49919058e+00 -1.40960409e-01 -6.36231153e+03 1.33298406e+01
 -4.10406869e+00 -5.67118555e-01 1.95511886e+00 8.40676156e-01 -5.15542878e+03 1.36580447e+01
 2.62141370e+01 -1.44774181e-01 -1.20196914e+00 -6.68686676e-01 2.94966635e+03 1.40468051e+01
 -6.60393286e+00 4.92401399e-01 -6.20681624e-02 3.12738302e-01 -1.27644037e+04 1.36298273e+01
 6.00107408e-01 -9.94031294e-02 -1.71754732e+00 1.07991020e+00 -2.18718965e+04 1.37221898e+01
 -7.64706892e+00 9.87632128e-01 -3.71095659e-01 6.60796320e-02 -1.96124597e+04 1.35990563e+01
 4.32460752e+00 -2.87054039e-02 3.24571307e-01 -1.76761538e-01 -1.87871796e+03 1.37431424e+01
 6.53134838e+00 -3.87531800e-01 9.73622635e-01 4.22609063e-01 -9.56023351e+03 1.37885501e+01
 3.61734582e+00 3.09486353e-01 -1.03605405e+00 1.46874993e-01 -2.54463716e+04 1.37503502e+01
 1.45960214e+01 -1.47038563e-01 -1.17505173e+00 4.10567482e-03 -8.26326724e+03 1.39168167e+01
 7.40821052e+00 -6.60545506e-01 6.32272886e-01 -1.04885372e-01 1.61701436e+04 1.38063735e+01
 5.17905396e-02 -2.98721011e-01 5.98542626e-02 9.28842277e-01 -5.46257537e+03 1.37015846e+01
 -2.77298457e+01 -2.21728424e-01 1.44635084e+00 2.73007042e-01 3.97724337e+04 1.33066321e+01
 -1.07410780e+01 5.00038190e-01 -1.13136187e+00 3.49351538e-01 -1.57653466e+04 1.35554471e+01
 6.97979071e-01 -4.51960002e-01 -1.41565894e+00 -5.48780441e-01 -2.16645644e+04 1.36936089e+01
 -1.00591382e+01 8.31255051e-01 1.25142829e-01 3.58680080e-01 -1.13600905e+04 1.35556406e+01
 3.14261430e+00 -5.11497431e-01 9.63876218e-01 1.30857580e-01 1.34757585e+03 1.37162115e+01
 -9.25826566e+00 -3.05359152e-01 -3.98062074e-02 -1.12284841e-03 1.13265683e+04 1.35890420e+01
 2.62528094e+01 3.52783348e-01 1.25796868e+00 5.01763355e-01 3.47353641e+04 1.40507937e+01
 3.04037549e+01 3.10756397e-01 1.26324510e-01 -9.59059367e-03 1.25096182e+03 1.41081997e+01
 -9.73527632e-02 -9.41024849e-01 -9.95842198e-01 2.72427075e-01 8.21206643e+02 1.37013028e+01
 6.36200694e+00 9.09130110e-02 9.86328588e-02 -2.35943499e-01 4.26367213e+03 1.37912055e+01
 6.31109100e+00 -5.85727036e-01 -1.57943817e+00 -2.59425423e-02 -4.52765661e+04 1.37962757e+01
 1.21698757e+01 1.09452262e-01 -6.99714753e-01 2.40634522e-01 1.21423247e+04 1.38564232e+01
 -7.53325334e+00 -5.41887702e-01 -6.67534543e-01 4.14744335e-01 6.41857792e+03 1.36054122e+01
 6.40688577e+00 -5.13698186e-01 -9.28110538e-01 -5.77007212e-01 2.03864343e+04 1.37702078e+01
 7.18847418e+00 6.22523215e-01 4.74994176e-01 -3.87474604e-02 3.13546809e+03 1.37904550e+01
 -1.27503018e+01 5.46917545e-01 -3.71856088e-01 -3.97657130e-01 7.42296179e+03 1.35184047e+01
 -9.68248709e+00 7.59033031e-01 -2.21621847e+00 -1.20237774e-01 2.49641489e+04 1.35650173e+01
 -2.87125613e+01 3.05382148e-01 8.93278259e-01 -4.75429588e-01 7.39556490e+03 1.33204041e+01
 1.01631728e+01 -5.62805711e-02 2.28456608e+00 3.87097356e-01 -7.53705063e+03 1.38327323e+01
 -1.16140878e+01 -1.10079564e-01 1.41856417e-01 1.22206421e-01 -5.86678225e+03 1.35361385e+01
 1.69893012e+01 -5.30648414e-01 -2.28777409e+00 -2.00514158e-01 -3.20555250e+03 1.39283479e+01
 -8.04655779e+00 5.74516662e-02 -3.09276768e-01 -2.23094773e-01 6.45887561e+03 1.36011740e+01
 6.49743623e+00 -5.29695723e-01 1.83303988e+00 -5.62010621e-02 2.51785689e+04 1.37996998e+01
 -2.00690301e+01 -3.08041695e-02 -3.56753530e-01 -1.81998537e-01 -1.08624517e+04 1.34395321e+01
 2.30231278e+01 6.35081261e-02 -9.89513597e-02 -3.85646367e-01 2.95198926e+04 1.40252172e+01
 8.48298958e+00 4.81597464e-01 -1.13626271e-01 1.20246028e-01 -6.21222082e+03 1.38014938e+01
 -3.20045179e+00 5.96756920e-01 1.92175187e+00 1.79004752e-01 1.15112542e+02 1.36576269e+01
 -2.68775873e+00 -2.84937015e-01 8.97199852e-01 2.09925199e-01 1.32862302e+04 1.36488809e+01
 -2.22169239e+01 1.94033328e-01 8.21571217e-01 3.61191788e-02 -8.71115810e+03 1.34096876e+01
 -2.58436077e+01 5.84923004e-01 1.37661257e-01 2.76156582e-01 -2.13160856e+04 1.33455691e+01
 1.45284284e+01 6.23549413e-01 3.56845331e-01 -5.62061106e-01 4.03995618e+02 1.38946558e+01
 -3.04543770e+00 3.30945345e-01 1.71119631e+00 -8.57502868e-01 -2.11402700e+04 1.36663706e+01
 -1.28102895e+01 -6.27396273e-01 1.47243771e-01 -4.27822884e-01 -2.37127709e+04 1.35464595e+01
 -1.90704625e+01 -8.79323137e-01 -1.05787070e-01 -8.86803284e-02 -3.58173943e+04 1.34437274e+01
 2.77305740e+01 -6.73221088e-02 -1.35277029e-01 3.86897606e-01 -1.55655209e+04 1.40632167e+01
 -7.24742334e+00 4.48081059e-01 1.29895776e+00 -1.75341585e-01 -4.70491312e+04 1.36185089e+01
 2.55190528e+01 -6.59942117e-01 1.00055845e+00 -4.44724511e-01 6.50575178e+03 1.40066645e+01
 -1.39125316e+01 -1.07945361e+00 2.72915863e+00 -2.02257837e-01 -6.87167906e+03 1.34974031e+01
 -8.28794812e+00 2.38686713e-01 -1.00814897e+00 5.77634639e-01 2.36207119e+04 1.35909194e+01
 -2.11847519e+01 6.00887069e-01 -1.25749347e+00 4.23859781e-01 2.91066886e+03 1.34209325e+01
 -9.01798003e+00 -3.01636594e-01 2.87906479e-01 -3.91757881e-01 -1.57097791e+04 1.35942734e+01
 2.16170464e+00 1.54704448e-01 -3.34828057e-01 -1.67814318e-01 1.93081966e+04 1.37068766e+01
 3.47929529e+00 5.74474683e-01 -5.46536042e-01 1.64226156e-03 -1.36006317e+04 1.37315981e+01
 7.16765720e+00 2.42542940e-01 1.05543972e-01 4.96613902e-03 -1.98590801e+04 1.37970357e+01
 1.59180679e+01 -5.45571919e-01 2.39648980e-01 9.46433256e-01 1.38519322e+04 1.39002585e+01
 -2.08215827e+01 7.52974702e-02 4.32249307e-01 -2.90421545e-01 7.81890240e+02 1.34240153e+01
 2.85002577e+01 -4.77243126e-01 -3.15156976e+00 -4.75302133e-02 -1.26958186e+04 1.40783932e+01
 -2.18360503e+01 -5.67220367e-02 -3.09104743e-01 6.17564127e-01 -1.26862375e+04 1.33891907e+01
 -3.24562356e+00 5.59894900e-01 -1.76585924e+00 4.25898874e-01 -2.01025309e+04 1.36772492e+01
 -1.16589189e+01 -6.97223971e-01 1.10282449e+00 -1.35583423e-01 2.47829042e+04 1.35311101e+01
 -1.04469954e+01 -1.65478179e-01 5.71611817e-01 3.72821948e-02 1.19862066e+04 1.35453157e+01
 -7.91030087e+00 3.06495152e-01 8.95305886e-01 -5.41319483e-01 -2.15280533e+04 1.35933607e+01
 1.15457383e+01 -8.11214396e-01 4.73825281e-01 -7.15662065e-01 3.69523965e+03 1.38567393e+01
 -6.95571188e+00 -6.78166636e-02 1.65049338e+00 -1.83800703e-01 -6.65928218e+03 1.36151721e+01
 -1.23765376e+01 -4.91625907e-01 -2.94943622e-01 2.02511949e-01 2.33395801e+04 1.35220697e+01
 1.85124477e+01 -3.76493961e-01 -3.47653013e+00 2.21810735e-01 -1.37512674e+04 1.39424740e+01
 -1.26800806e+01 4.00468577e-01 9.44367093e-01 -5.01331943e-01 1.67622375e+04 1.35420948e+01
 -1.81535983e+01 3.90888617e-02 -1.46288429e+00 5.73507204e-01 -7.98872679e+03 1.34569823e+01
 7.75286202e+00 -1.00705252e+00 -1.57776437e+00 2.16160455e-01 -4.08744200e+04 1.38160344e+01
 3.37368945e+00 -5.84225059e-01 1.23041787e+00 2.60339972e-01 -7.35852930e+03 1.37651426e+01
 -7.74481058e+00 -6.87111530e-03 -1.85321449e-01 2.11356241e-01 -1.97605072e+04 1.35993667e+01
 2.20400213e+01 6.54012588e-01 1.84084703e+00 -9.98614533e-02 -3.19956787e+03 1.40271968e+01
 -2.77733504e+00 3.14772414e-01 -3.31942379e-01 3.52169967e-01 8.83583184e+03 1.36686678e+01
 -4.36368171e+00 7.79428326e-01 -7.06215655e-01 7.69802712e-01 -3.37336120e+04 1.36257758e+01
 -9.64221834e+00 -9.25263671e-01 -6.54511095e-02 1.27892737e-01 -1.00216699e+04 1.35567357e+01
 1.66822728e+01 6.27001631e-01 -1.76200894e+00 -3.11532848e-01 -2.29117010e+04 1.39487393e+01
 2.53564803e+01 1.21208099e-01 1.45680815e+00 -6.03358667e-01 6.23156806e+03 1.40587132e+01
 5.82839439e+00 1.93326420e-01 1.36264091e+00 1.24972974e-01 -7.38841188e+03 1.37912734e+01
 8.85033370e+00 -2.18250630e-01 -3.33514307e-01 1.38898581e-01 3.49375446e+04 1.38130630e+01
 1.14799894e+01 4.56492742e-01 -6.52779259e-01 -4.86426125e-01 -1.52168045e+03 1.38331358e+01
 1.63063584e+00 -5.29825722e-01 1.55382232e+00 6.63139275e-01 3.05553744e+03 1.37515696e+01
 3.82989476e+00 -4.46265817e-01 -4.15972332e-02 3.68365474e-01 1.23830949e+04 1.37762484e+01
 -3.07792288e-01 -1.72026727e-01 5.19910267e-01 2.77565849e-01 8.76575512e+03 1.37022440e+01
 6.55593682e+00 1.36240378e+00 6.78466878e-01 -6.47140815e-01 -1.38360151e+04 1.37871278e+01
 -2.12719658e+01 -4.50374735e-01 -4.13188120e-01 6.30457037e-01 -9.54359335e+03 1.34160444e+01
 6.25734063e+00 1.12529978e-01 1.28163286e+00 3.21861046e-01 1.25142931e+04 1.37761286e+01
 5.25236113e+00 4.90431888e-01 -6.73479028e-01 1.02084279e-01 6.91078702e+02 1.37813766e+01
 -8.08992535e+00 7.73857788e-01 2.48347907e-01 -6.61106233e-01 3.16890689e+04 1.35944935e+01
 -7.27078077e+00 2.10524384e-01 -1.18276632e+00 2.88999132e-01 7.68137663e+03 1.36082800e+01
 -1.26577916e+01 1.34990721e-03 9.57275827e-02 -4.40974504e-02 -1.91903262e+04 1.35126676e+01
 -7.87716830e+00 -2.61968121e-02 -1.32748852e+00 -3.03355001e-01 -6.13346428e+04 1.36043981e+01
 -2.29962425e+00 -8.33756416e-02 -8.56323426e-01 -2.81777843e-01 1.39995161e+04 1.36763609e+01
 -4.77341211e+00 -4.92522898e-01 3.16523392e-01 8.81183291e-01 -1.48162438e+04 1.36556798e+01
 -9.18917043e+00 -3.81226436e-01 7.40657190e-01 -3.74399412e-01 -7.06336358e+03 1.35777957e+01
 8.15710193e+00 -2.70546925e-01 6.59917056e-03 3.51095542e-03 1.94563952e+04 1.37872068e+01
 3.81004841e+00 5.61508995e-01 4.15463214e-01 1.21442864e+00 -3.30839556e+04 1.37809100e+01
 -1.77149849e+01 6.86675839e-01 -6.77640096e-01 -5.72121824e-01 -1.85027424e+04 1.34473357e+01
 5.16971498e+00 4.97806218e-01 1.69851872e+00 2.40797781e-01 -2.98898893e+04 1.37853489e+01
 2.60340584e+00 3.89721154e-01 1.61381657e+00 -2.40447097e-02 -1.58031740e+04 1.37548752e+01
 6.36011605e+00 3.96367635e-01 4.69839154e-01 5.61487542e-01 4.37214749e+03 1.37894233e+01
 -7.62043669e+00 -4.04731689e-01 1.95351164e+00 5.10824232e-01 -1.05820538e+04 1.35790312e+01
 7.43381861e+00 4.11272245e-01 -2.87988127e-02 -1.07628888e+00 -1.20726980e+04 1.37903654e+01
 1.38275061e+01 6.44723603e-01 -8.95519791e-01 -9.66532471e-01 -1.24769212e+04 1.38748586e+01
 1.27038607e+00 1.47110745e-01 -2.42001543e+00 9.79202084e-02 -1.79811818e+04 1.37217382e+01
 7.12308364e+00 7.85028998e-01 -7.65512291e-01 -1.22184905e-01 6.49379779e+03 1.37992809e+01
 2.00898696e+00 2.18937337e-02 -3.43937364e-01 -4.70836701e-01 -2.42077386e+04 1.37286335e+01
 2.80670060e+01 -9.52791507e-02 1.64111496e+00 6.03796685e-01 -6.52323705e+03 1.40742948e+01
 -1.33860427e+01 5.66735950e-01 1.09432308e+00 1.03877562e-01 1.91182135e+04 1.35240601e+01
 -2.05141207e+01 -1.00029392e+00 -1.44585948e+00 1.43376322e-01 -2.63151113e+02 1.34275324e+01
 1.32791954e+01 -3.85269763e-01 -1.46689126e+00 1.40712117e-01 -3.24250945e+04 1.38788085e+01
 -7.44748250e+00 -6.70288192e-02 -4.07432603e-01 -3.03543669e-03 -1.76895621e+03 1.35788723e+01
 1.49156896e+01 4.85881530e-01 1.50857109e+00 3.23621839e-01 -4.18259818e+02 1.38937502e+01
 3.73115588e+00 1.59975926e-01 -9.80512244e-02 1.29993891e-01 -7.22849045e+03 1.37378597e+01
 -1.83269375e+01 3.63778099e-01 -8.01507699e-01 6.10099152e-01 7.07043025e+03 1.34572844e+01
 2.71013898e+01 4.20281735e-01 -1.90633494e+00 1.98515623e-02 2.75514761e+04 1.40453425e+01
 -9.00497128e+00 -1.22667152e-01 -1.73090467e+00 -3.58352117e-01 1.84516255e+04 1.35942810e+01
 1.42772928e+01 -8.15321948e-03 9.48102645e-01 1.86162488e-01 -5.55248056e+03 1.38696842e+01
 -9.55282456e+00 -8.43370915e-01 2.07806035e+00 -2.38893198e-02 2.69131031e+04 1.35519070e+01
 2.18576772e+00 -6.49543006e-01 -2.84007967e-01 -8.60697669e-01 -4.11258462e+03 1.37129272e+01
 1.17078701e+01 2.95680329e-01 1.15164529e+00 2.36804983e-01 -1.38215273e+03 1.38496351e+01
 -1.35076429e+01 7.37044604e-01 1.81857807e-01 2.63679951e-02 -2.11346293e+04 1.35130567e+01
 1.44485861e+01 3.74779241e-01 -2.58988609e-01 -6.35398001e-01 1.29358331e+04 1.38992778e+01
 -2.75531257e+00 1.38964866e+00 -7.20595727e-01 -1.74735701e-01 -2.15157250e+04 1.36682984e+01
 3.28974558e+00 -1.20440961e-01 -1.15308813e+00 1.07177312e-01 2.49717692e+04 1.37452797e+01
 2.37460734e+00 -6.89115401e-02 7.10799969e-01 -3.30055020e-01 1.15133181e+04 1.37543049e+01
 -7.38360954e+00 3.09626429e-02 2.47225630e-01 -4.59841218e-01 1.80405280e+04 1.35966271e+01
 2.16119564e+01 -9.04568627e-02 -4.13105937e-01 -6.71656743e-01 -1.52497449e+03 1.39991444e+01
 -1.51553312e+01 -3.87014954e-01 1.21979874e+00 -6.50234363e-01 -7.02638291e+03 1.35089264e+01
 -1.93352042e+01 -2.58755586e-01 2.73181434e-01 1.03125526e-01 3.61898144e+04 1.34359296e+01
 1.92168810e+00 8.96595719e-01 -1.46640770e+00 4.37901233e-02 1.20846640e+04 1.37312852e+01
 -7.87457706e+00 -2.03861745e-01 8.23662198e-01 1.18339605e-01 -3.33115033e+03 1.35834298e+01
 -4.59852187e+00 6.63281778e-01 9.81265143e-01 -4.79374820e-01 -4.31390030e+03 1.36534210e+01
 -5.19901575e+00 1.68281370e-01 1.72999899e+00 1.83939926e-01 3.19761349e+04 1.36276930e+01
 -1.55334668e-01 2.15355310e-01 4.11390125e-01 3.50584200e-01 -3.46706836e+03 1.36968248e+01
 6.14902458e-01 -2.84353453e-01 3.94830972e-01 -8.33223265e-02 -7.62301753e+03 1.36729711e+01
 1.71021941e+01 6.60897976e-01 5.84284695e-01 -2.49785591e-02 4.66054700e+04 1.39336435e+01
 3.44211846e+00 4.18175236e-01 -1.63571453e+00 -1.35470151e-02 -6.79105196e+03 1.37559473e+01
 1.56209018e+00 -2.73229007e-02 -2.27524524e+00 3.74632248e-01 5.08586864e+03 1.37413308e+01
 1.77560628e+01 -5.70709751e-01 -1.11690547e-01 8.64303868e-01 5.28480006e+04 1.39560378e+01
 -1.68941393e+01 1.10358572e-01 -1.11596379e+00 4.03629887e-01 3.58602499e+04 1.34633861e+01
 2.43250394e+01 -8.08950681e-01 2.74784663e-01 -8.66212895e-03 2.47851193e+04 1.40235103e+01
 8.73230613e+00 -4.36892929e-02 -2.29485891e+00 -5.38879476e-01 2.43759295e+04 1.38102674e+01
 3.69223640e+00 -4.86336004e-01 -8.31372297e-01 -6.47840710e-02 6.58372037e+03 1.37541501e+01
 -8.94332410e+00 4.61050186e-02 -1.05301359e+00 1.05536283e-01 -1.04664108e+04 1.35853767e+01
 1.31864210e+01 -9.96507408e-01 1.37629635e+00 2.68443859e-02 2.16741816e+04 1.38969662e+01
 5.21122701e+00 9.35959574e-01 4.65918457e-01 -1.90322282e-01 -4.44349045e+04 1.37752277e+01
 1.17863098e+01 -3.62410200e-01 -6.95441808e-01 -4.93689211e-01 7.86070717e+03 1.38423382e+01
 -2.30485317e+01 3.56049234e-02 9.55528495e-02 -1.57021826e-01 -9.73925357e+03 1.34005267e+01
 8.10852026e+00 -6.64789754e-01 -8.34905886e-01 -3.17052501e-02 2.86209975e+03 1.38140880e+01
 -3.45990972e+00 -5.50090062e-01 2.56469778e-01 2.16582255e-01 2.80500613e+04 1.36474756e+01
 2.34546812e+01 -1.00310112e+00 -1.28660647e+00 -2.66728643e-01 -9.48142916e+03 1.40089008e+01
 -2.17505752e+00 -1.29842530e-01 -1.27759515e+00 4.58683740e-01 1.58217311e+04 1.36644530e+01
 -1.94942666e+01 5.89923214e-01 -1.66664704e+00 1.98598228e-01 1.98873334e+03 1.34528783e+01
 -1.94801647e+00 1.41182795e-01 9.93745959e-01 3.43441845e-01 -2.89658675e+04 1.36700096e+01
 2.05747180e+01 1.78333695e-01 -1.02077490e+00 1.21996838e-01 2.85739426e+03 1.39781904e+01
 2.91711615e+01 1.09904466e+00 -1.25817277e+00 -2.62638102e-01 4.01574023e+04 1.41171373e+01
 1.48794907e+00 -4.36258142e-01 -4.84264780e-01 5.86250155e-01 -1.03964374e+03 1.37106448e+01
 -1.11493495e+01 -5.60701536e-01 -2.81861656e-01 -4.16742438e-01 1.20699597e+03 1.35387809e+01
 6.26748195e+00 -5.45315546e-02 2.24910194e-01 2.27384760e-01 2.36477320e+04 1.37765811e+01
 4.32972253e+00 1.38342085e-01 -1.37844268e+00 2.94895889e-01 1.18356923e+04 1.37714255e+01
 2.78744125e+00 -5.58078722e-02 -8.38551329e-01 5.34929250e-01 -1.99096159e+04 1.37396032e+01
 -7.35579448e+00 6.20775842e-01 1.24871129e+00 -6.68114127e-01 -1.51961700e+04 1.35981314e+01
 -5.03022420e+00 3.27964725e-01 -3.51740664e-02 -2.45776936e-01 -1.62129394e+04 1.36172445e+01
 2.11937591e+01 -4.69292299e-01 9.24871556e-02 3.76651037e-01 2.40370693e+04 1.39804835e+01
 3.46277388e+00 -2.65658268e-01 -3.72429893e-01 1.60921996e-01 1.56053464e+04 1.37564869e+01
 2.33868253e+00 8.24888191e-01 -1.01717133e+00 2.61024553e-01 7.09318860e+03 1.37076919e+01
 5.41235753e+00 4.48384112e-02 6.72831438e-01 -1.01999984e-01 3.73976385e+04 1.37761900e+01
 6.74050773e+00 -1.14013345e+00 -6.14957902e-01 -1.49940493e-01 1.53674401e+04 1.37862679e+01
 8.66156546e+00 2.43108917e-01 1.70582957e+00 -1.29781761e-01 2.70576949e+04 1.38073198e+01
 1.41046679e+01 3.45174874e-01 -5.18309494e-01 1.49335635e-02 -1.37569286e+04 1.38775946e+01
 3.42604091e+01 -1.21655401e-01 4.85342316e-01 -3.67845766e-01 3.72522937e+04 1.41446742e+01
 -1.67907720e+01 -1.42294761e-01 3.84513651e-01 -4.03357079e-01 3.41927953e+04 1.34645186e+01
 -1.52841292e-01 8.00487070e-01 -5.42210505e-01 -8.63032757e-01 -1.05603793e+04 1.36752695e+01
 1.69730237e+01 -9.34956411e-01 -1.88360616e-01 -2.45337442e-01 2.18074197e+04 1.39535255e+01
 8.13210259e+00 1.27606372e-01 -1.57150864e-01 -3.10812281e-01 -6.74443114e+03 1.38310237e+01
 -2.95635149e+00 4.69293965e-01 -7.31142826e-01 8.30295701e-01 -1.58705552e+04 1.36816499e+01
 8.90581208e+00 -1.82004745e-01 -3.05974876e-02 -4.18197455e-01 -9.13933433e+03 1.38058500e+01
 -2.62650572e+00 -1.62694928e-01 -6.50775648e-01 -4.56840131e-01 3.46577182e+03 1.36817343e+01
 1.45537242e+01 1.48120790e+00 -1.30733678e+00 -2.89840240e-01 9.12206523e+03 1.39251305e+01
 -6.95938220e+00 4.05094666e-01 -9.52829239e-01 1.10231866e-01 7.32012567e+03 1.36238968e+01
 -1.18011640e+01 7.25305382e-01 8.57062737e-01 -3.57455746e-01 9.97225177e+03 1.35370140e+01
 1.77921856e+01 6.81530001e-01 2.80055566e-01 3.96766191e-01 2.09363630e+04 1.39266847e+01
 6.04549066e+00 1.92268968e-01 1.23725943e+00 -2.25496358e-01 9.64446061e+03 1.37957738e+01
 1.75165013e+00 6.07803147e-01 1.66508768e+00 -3.92191483e-02 -4.62591773e+02 1.37356970e+01
 -3.45411163e+00 1.38438712e+00 -1.16341100e+00 6.80946157e-01 -1.05534865e+04 1.36258237e+01
 -2.03930367e-01 6.46830484e-01 2.20201861e-01 -6.20338524e-01 5.88197756e+03 1.37125801e+01
 -7.18521440e+00 -1.05623998e+00 4.34930740e-02 -4.24939590e-01 -1.96458473e+04 1.36018083e+01
 7.35171382e-01 -1.43697245e-02 4.72325871e-01 -9.74776741e-04 1.86104190e+04 1.36987169e+01
 -6.69513840e+00 6.98602206e-01 1.59093172e+00 1.69337366e-01 2.79075831e+04 1.35993289e+01
 1.27167030e+01 2.18985585e-01 4.71663219e-02 -6.55180648e-01 4.17164101e+03 1.38621113e+01
 1.34881660e+01 -4.64049457e-01 1.10249654e+00 -5.95125476e-01 -5.39634255e+03 1.38707055e+01
 2.16837672e+00 3.75375293e-01 -1.04177514e-01 -1.98353832e-01 -4.68157043e+04 1.37338805e+01
 -2.91633947e+00 1.85132968e-01 -6.02281403e-01 -2.37560788e-01 6.14227421e+03 1.36736342e+01
 -3.33524218e+00 3.55267055e-01 1.22734247e-03 1.14372028e+00 -1.25071366e+04 1.36475578e+01
 4.73818289e+00 -4.27466745e-01 -5.30581752e-01 1.62600587e-01 8.25992974e+03 1.37621779e+01
 -1.30385619e+01 1.36232936e-01 3.36325429e-02 -2.39111487e-01 -3.86231213e+03 1.35385393e+01
 2.19765037e+00 -6.16106814e-02 1.26827950e+00 8.45136668e-01 1.15632245e+04 1.37283757e+01
 -9.65148432e+00 -4.88776474e-01 1.54461900e+00 8.42082088e-02 -2.51139163e+04 1.35589801e+01
 -2.39891847e+01 4.52846613e-01 1.70437164e+00 9.94467342e-01 1.63301606e+04 1.33675961e+01
 -2.24898075e+01 4.19916362e-02 -7.06237579e-01 3.69452765e-01 4.71434836e+03 1.34082634e+01
 -1.35397741e+01 -2.43838954e-01 -9.85466467e-01 4.40159825e-01 -7.28720051e+03 1.35430850e+01
 -3.82323848e+00 9.24165911e-01 -6.67766737e-01 -8.06614517e-01 1.02795383e+04 1.36628534e+01
 -9.53758407e+00 -4.73598913e-01 9.47747397e-01 7.14477323e-01 5.33937830e+03 1.35636465e+01
 -2.32102696e+01 1.06639163e+00 1.87766583e+00 3.69256068e-01 -2.84568029e+04 1.33939974e+01
 2.24147279e+01 5.54148075e-01 1.89094245e+00 -4.58083196e-01 -7.60852913e+03 1.40208967e+01
 -6.31642733e+00 -2.09703091e-01 6.24433664e-01 3.09507112e-01 -4.32779899e+04 1.36264116e+01
 1.21658143e+01 1.11820905e-01 -1.96804759e+00 3.16135481e-01 -5.48743333e+03 1.38644374e+01
 1.38289261e+01 -4.77364656e-01 -1.03785866e+00 -5.23172057e-01 5.16704385e+04 1.38835130e+01
 -6.60315653e+00 2.65072974e-01 3.69032690e-01 8.89704988e-02 4.11424388e+04 1.35992363e+01
 1.62994004e+01 3.12596887e-01 5.88497969e-01 2.04083066e-01 -6.51763541e+03 1.39348823e+01
 5.42488816e+00 2.99677106e-02 -2.94969691e-01 2.75966360e-01 8.95406179e+03 1.37845744e+01
 3.11969717e+00 -5.21207247e-01 3.02255306e-01 -8.27722787e-01 -1.25944048e+04 1.37442768e+01
 -2.74647610e+00 1.98328006e-01 -3.36197978e-01 -6.33325799e-01 2.19895500e+04 1.36607370e+01
 3.00090898e+01 -5.37932591e-01 -1.31043231e-01 5.28752667e-02 1.49601081e+04 1.41029383e+01
 -1.68247191e+01 -1.09705930e+00 -9.96978368e-01 5.28451438e-01 1.42740087e+04 1.34916631e+01
 1.84574201e+01 4.58401615e-01 3.96024012e-02 5.33937008e-01 1.16009584e+04 1.39646409e+01
 2.31853945e+01 3.24250201e-01 -1.09959263e+00 2.88561722e-01 -1.04819512e+04 1.40192841e+01
 5.33229234e+00 -1.11188346e-01 4.59888553e-01 -1.63994051e-01 -3.19250934e+03 1.37705622e+01
 1.08712906e+01 2.53258287e-01 -1.04739532e+00 4.33637108e-01 7.67932556e+03 1.38401142e+01
 6.95445251e+00 2.63891048e-01 5.29138867e-01 9.26854301e-01 -3.01636214e+04 1.37923345e+01
 8.53907957e+00 1.03143682e+00 -2.18624779e+00 2.82625228e-01 -2.27600063e+04 1.38252608e+01
 -2.61774495e+01 2.57421222e-01 -1.98190005e+00 -1.83259867e-01 -4.01548899e+03 1.33360689e+01
 -2.72123528e+01 -2.98389918e-01 1.23339062e+00 1.48881061e-01 8.05366841e+02 1.33211362e+01
 2.34475004e+01 1.44941955e-01 1.03834631e-01 -2.90700461e-01 -3.54573807e+04 1.40094514e+01
 -1.46974218e+01 -4.50960653e-01 -1.08736879e+00 -7.83114101e-01 1.88918182e+04 1.35126493e+01
 1.11135184e+01 1.30675977e+00 1.20079559e+00 -3.37068725e-02 -3.28141819e+03 1.38336298e+01
 1.43882851e+01 -3.79664291e-02 -4.22327413e-01 4.75102303e-01 -3.11799729e+03 1.38880138e+01
 8.57410177e+00 5.64521503e-01 -3.57625199e-01 -3.56439094e-01 2.74122529e+03 1.37982268e+01
 -6.32126516e+00 1.12686647e+00 -3.55307462e-01 4.06707818e-01 2.40890907e+03 1.36053961e+01
 6.10168041e+00 -1.51778236e-01 1.39308622e+00 6.73908556e-02 1.06009512e+04 1.37963346e+01
 5.82263595e+00 2.69452101e-01 1.99443271e+00 7.92439278e-02 1.04074825e+03 1.37873215e+01
 -2.74573545e+01 3.52456486e-01 1.17285210e+00 5.91588417e-01 -1.35826858e+04 1.33135448e+01
 -3.09560756e+00 -3.41043485e-01 -8.77062110e-01 -2.38139016e-01 2.63005885e+04 1.36683495e+01
 -2.81112410e+01 8.53580111e-03 -1.02099863e+00 2.94952096e-02 -1.68557647e+04 1.33212696e+01
 1.36990173e+01 9.14870089e-01 1.74938449e-01 -4.63760935e-01 3.43617066e+03 1.38618627e+01
 1.35210271e+00 -1.84395890e-01 -5.85717631e-01 -5.09376790e-01 3.87219520e+04 1.37331683e+01
 4.64045220e+00 -9.10488521e-02 3.61580712e-01 -3.59733246e-02 -1.39514326e+04 1.37566469e+01
 -1.65885122e+01 -9.53331141e-01 -8.99479597e-01 6.78423847e-01 -1.04828245e+04 1.34732972e+01
 4.08319353e+00 -5.02787103e-01 1.47754498e+00 -1.91033753e-01 1.04420446e+04 1.37787587e+01
 -1.10960826e+01 2.17876158e-01 1.08310451e+00 9.05355120e-02 -6.22098628e+03 1.35399688e+01
 -2.59140895e+01 -7.93199493e-01 1.01831025e+00 2.04321290e-01 -1.68601627e+04 1.33446357e+01
 -2.56540272e+01 1.25108422e-02 -1.31798766e+00 -1.90468306e-01 -1.75632269e+03 1.33220507e+01
 1.42624767e+01 1.04533798e+00 8.11596154e-01 3.28398121e-02 -2.90108192e+04 1.38843988e+01
 6.02452861e+00 -3.62672187e-01 7.18806189e-01 2.81079363e-01 1.30380127e+03 1.37671564e+01
 3.36622516e+00 -1.27713577e+00 -1.13260596e+00 7.81335417e-01 -7.29875884e+03 1.37365904e+01
 -2.65426809e+01 2.58810777e-01 -5.00117933e-01 -3.24305646e-01 -5.46812088e+03 1.33169734e+01
 -3.23329254e+00 9.14627416e-01 -1.14931102e-01 -4.35795795e-01 -4.39479276e+04 1.36759125e+01
 -5.59698553e+00 -7.78867156e-01 5.21862581e-01 3.27530350e-01 2.18847880e+04 1.36374849e+01
 8.60242316e+00 -4.27852436e-01 -3.25417000e-01 1.98164030e-01 -1.89366904e+04 1.38164771e+01
 -7.48222389e+00 -1.62048035e-01 1.45121918e+00 6.05809860e-01 -2.85228002e+04 1.35927079e+01
 -2.52175513e+00 7.32329573e-03 -2.42810706e-01 5.39921954e-01 1.12724665e+04 1.36740992e+01
 -1.83331855e+01 -4.40511484e-01 1.59534288e+00 1.89050735e-01 1.15068057e+04 1.34441501e+01
 7.16063211e+00 5.65160598e-01 4.77476127e-01 -4.44357674e-01 1.90953869e+04 1.37958872e+01
 -9.61217382e+00 1.94440349e-01 -1.32191190e+00 9.81658493e-01 2.26904032e+03 1.35560329e+01
 2.63871949e+00 -1.96168054e-01 4.26365963e-01 3.49220069e-04 -3.24416728e+04 1.37333693e+01
 -2.46557293e-01 -1.42644057e+00 -1.29816186e+00 -7.59831210e-01 -1.74378996e+04 1.37161436e+01
 1.00153909e+01 -6.09305055e-03 -3.62462524e-01 7.07331930e-01 4.52967826e+04 1.38160438e+01
 5.71410337e+00 -1.37796865e-01 4.95679232e-01 6.19903425e-02 -7.42584521e+03 1.37748234e+01
 -1.02850787e+01 -3.83695568e-01 4.06985662e-01 -6.63841635e-02 -7.05930200e+03 1.35545091e+01
 2.86863851e+00 2.05961123e-01 5.03718586e-01 1.07705739e-01 5.66460174e+02 1.37348806e+01
 3.20370255e+00 -7.34312726e-02 2.07963409e-01 1.76928921e-01 -9.18764288e+03 1.37585663e+01
 -4.99127804e+00 -1.22220102e-01 1.06940038e+00 -1.14917503e-01 7.99757419e+03 1.36183578e+01
 2.76201920e+01 -9.99487111e-01 -2.14932277e+00 8.52839767e-02 -3.43589257e+04 1.40813750e+01
 1.90838321e+01 -6.84145241e-01 -6.21619423e-01 -2.98530080e-01 -7.37863150e+03 1.39614971e+01
 1.52202180e-01 8.72094049e-01 -2.32497776e+00 6.00750694e-01 7.28521820e+03 1.36996413e+01
 -1.56261248e+01 2.61720637e-01 -1.45981934e+00 -2.33065595e-01 -1.69191577e+04 1.34933148e+01
 -1.26754868e+01 7.68513209e-01 -1.97946360e+00 -2.19895318e-01 6.67159687e+03 1.35240695e+01
 3.36761461e-01 5.45072020e-02 -4.52717225e-01 -4.98084489e-01 -2.37961976e+04 1.37188500e+01
 -2.72432957e+01 -2.78886112e-01 -6.94712866e-01 6.12797627e-01 8.57456797e+03 1.33270870e+01
 -1.22120294e+01 -3.37756197e-01 1.49783102e-01 -8.33067219e-01 -3.69264557e+03 1.35177930e+01
 -2.90669979e+01 -5.35131702e-01 -5.43456111e-01 7.05757864e-01 2.00114430e+04 1.33010579e+01
 -8.15209682e+00 2.59415586e-01 -7.53266080e-01 -5.09964915e-01 -2.88087961e+04 1.35832017e+01
 -6.76736965e+00 -2.68428406e-01 -2.59965442e-01 -5.45701756e-01 -2.24444175e+04 1.36007519e+01
 1.14665424e+01 -7.49521015e-02 -7.91673137e-01 -3.37956794e-01 3.68281572e+04 1.38849308e+01
 -1.43005436e+01 1.09785531e+00 9.18405449e-01 6.68437633e-01 3.16677122e+04 1.35271823e+01
 -1.06218792e+01 -5.44768513e-01 -1.94166563e+00 -5.02338175e-01 2.70324452e+04 1.35547462e+01
 8.18839967e+00 3.51415929e-01 -8.67860047e-01 1.56923867e-01 -1.58964317e+04 1.38133813e+01
 -1.34707610e+01 2.09668220e-01 1.96121393e-01 -2.99109250e-01 1.03434074e+04 1.35018534e+01
 -1.53717491e+01 -2.75555760e-02 -1.38678537e-01 2.61682668e-01 -1.48617929e+04 1.34878795e+01
 -3.45118771e+00 1.19370163e+00 1.72635343e+00 3.84948016e-01 -1.34819737e+04 1.36693704e+01
 4.69724702e+00 2.01261998e-02 1.28265263e+00 4.23240105e-01 -8.11057117e+03 1.37589992e+01
 6.46836559e-01 7.50927790e-01 -3.32105762e-01 5.03631101e-01 4.10871634e+03 1.36888341e+01
 1.44322732e+01 -5.01381085e-01 -1.06151227e+00 8.31357504e-01 6.97333865e+03 1.39004569e+01
 -8.25272342e-01 1.58939086e-02 1.12590672e+00 2.31281027e-01 2.75962052e+04 1.36895840e+01
 -4.73245285e+00 5.29151053e-01 1.01630788e+00 5.58362901e-01 -3.72704132e+03 1.36296894e+01
 7.72257686e+00 -2.86684035e-01 -1.07233104e-01 -8.04376546e-02 1.85549738e+04 1.37986328e+01
 4.93749814e+00 9.43421411e-02 5.22818265e-01 -1.84706116e-01 -1.44419378e+04 1.37607543e+01
 -3.72890644e+00 -9.87744502e-01 5.54604800e-01 -3.83116052e-01 -1.43910103e+04 1.36582005e+01
 -3.05021386e+00 7.67462077e-02 -3.16741305e-01 1.59945600e-01 1.62592763e+04 1.36295123e+01
 -3.17462087e+00 1.67622603e-01 -1.69641104e+00 -5.52939019e-01 -2.23307136e+04 1.36673472e+01
 1.09023585e+01 -2.10271696e-01 1.09990530e+00 -6.95433047e-01 -7.80113776e+03 1.38544953e+01
 2.18979951e+00 6.80831475e-01 -1.28602443e+00 6.97286674e-01 1.78574500e+04 1.37218700e+01
 3.90223686e+00 7.90149593e-01 8.74878336e-02 -3.85585032e-02 -1.87308729e+04 1.37599355e+01
 -1.17970653e+01 3.46616216e-01 9.28815492e-01 -4.70244778e-01 2.24891174e+04 1.35456684e+01
 -2.05845994e+00 1.85379052e-01 3.90764687e-01 -9.29193236e-01 -6.16713175e+03 1.36591842e+01
 3.36003821e+00 -1.82113991e-01 -9.67081403e-01 -3.06204571e-01 9.23359585e+03 1.37395657e+01
 -1.07756476e+01 -1.06347483e+00 -4.64289675e-01 1.87745353e-01 -1.31472957e+04 1.35525561e+01
 -1.44812257e+01 6.34098099e-01 -6.16043899e-01 6.35872705e-02 5.06403728e+03 1.35486227e+01
 1.83204360e+01 -3.97022198e-01 -5.25906684e-01 4.68219176e-01 2.10399620e+04 1.39499247e+01
 1.63696905e+01 -4.55451369e-01 -1.02994981e-01 5.20699489e-02 -1.80872445e+04 1.39046775e+01
 -1.77722796e+01 -2.20564636e-01 -1.57363821e-01 -1.33985481e-01 -8.70383687e+03 1.34696278e+01
 7.31862094e+00 3.74528536e-01 1.12549257e+00 -3.43792855e-01 -2.13789674e+04 1.38048357e+01
 2.33921351e+01 -1.42199765e-02 1.58850017e-01 -1.31162839e-01 1.70282104e+04 1.40034716e+01
 1.20862658e+00 3.63566072e-01 -2.56294820e-01 8.43466313e-01 -4.39417393e+03 1.37247440e+01
 1.48652116e+01 -6.85746700e-01 4.16356679e-01 7.20863873e-01 2.26224850e+04 1.38920202e+01
 -3.19373168e+00 -1.15472564e+00 3.17872580e-01 -4.31981406e-01 -5.26185582e+04 1.36604422e+01
 3.32075526e+00 4.54443838e-01 1.54252966e+00 7.06875521e-02 -2.43404635e+04 1.37628112e+01
 -2.03663855e+01 4.06314653e-01 -5.76067462e-01 9.56106134e-02 9.52733184e+03 1.34157346e+01
 8.01148375e+00 -2.63020150e-01 1.01909124e+00 3.01703709e-01 -2.56912708e+03 1.38198634e+01
 -8.18207219e-01 -6.14050071e-02 -2.81581816e-01 -1.36294979e+00 -1.08473442e+04 1.37016629e+01
 2.53222433e+01 7.49983810e-01 1.11226258e+00 2.30978653e-01 -2.97283399e+04 1.40396791e+01
 7.71933372e+00 -3.82021932e-01 -1.28458427e+00 8.85634578e-02 2.21945209e+04 1.38268942e+01
 4.34357159e+00 -2.07122985e-01 5.70746972e-01 -4.11068510e-02 2.84731962e+04 1.37764557e+01
 2.36239773e+01 -7.19175621e-01 7.08671292e-01 4.08026168e-01 2.71533987e+03 1.40386236e+01
 4.36216195e-01 2.88993077e-01 2.20424287e+00 8.70868081e-02 -2.33506829e+04 1.37029093e+01
 1.90057069e+01 4.51390215e-01 -4.85769434e-01 -4.00812101e-01 2.29589598e+04 1.39820195e+01
 1.55668439e+01 5.72928504e-01 -1.89736989e-01 -3.95337499e-01 -2.93001593e+04 1.39102540e+01
 1.39605651e+01 4.30411048e-01 5.19702526e-01 -1.09220476e-01 -3.85114569e+04 1.38878241e+01
 -3.24478335e+00 -6.80936894e-02 -1.79405150e+00 2.21910546e-01 -1.54288843e+04 1.36454843e+01
 -5.11979588e+00 -5.19902035e-01 -6.12483460e-01 -5.27963520e-01 5.73200864e+03 1.36386778e+01
 1.83917397e+00 -2.09881706e-01 7.36805610e-01 1.47285956e-01 -2.44565680e+04 1.37037161e+01
 -5.75829447e+00 -5.86274994e-02 3.21399010e-01 5.99734929e-01 2.91445864e+03 1.36390955e+01
 -1.34116601e+00 -1.07678491e-01 1.41413676e+00 -2.28063812e-01 1.06932894e+04 1.36729379e+01
 1.76409868e+01 3.08245283e-01 -1.42955681e+00 -8.10271081e-01 1.25076846e+04 1.39451262e+01
 -7.78933823e+00 1.28825934e-01 6.31076141e-02 -2.50595460e-01 7.02446776e+02 1.36057112e+01
 2.42231222e+01 5.00427333e-02 -7.72387337e-01 -3.35828051e-01 -7.26568162e+03 1.39999765e+01
 -4.09371967e+00 -9.68883819e-01 1.93221433e+00 -8.71113873e-02 4.06204455e+04 1.36472955e+01
 1.01617927e+01 4.78332469e-01 2.00529642e-01 -1.47625927e-01 -2.60683789e+04 1.38425482e+01
 1.75382016e+00 -3.63159128e-01 2.68460711e-01 2.03121476e-01 -3.04420339e+04 1.37015485e+01
 1.27003713e+01 -4.64556444e-01 -2.21052594e+00 -1.01726580e+00 -1.36946658e+04 1.38652345e+01
 1.30671247e+01 2.30260669e-01 1.61437558e+00 -1.61415951e-01 -2.27869634e+04 1.38756359e+01
 1.14842840e+01 4.15132814e-01 -3.58302940e-01 2.15693081e-01 5.09342516e+03 1.38437680e+01
 -1.33017099e+01 -9.13167373e-01 -5.12571439e-01 -4.88218447e-02 3.89160249e+03 1.35174571e+01
 -1.36538704e+01 -8.85106545e-01 -5.41050102e-01 -4.96563034e-01 -2.23010109e+04 1.35451836e+01
 -6.42983301e+00 -2.61520315e-01 8.46838842e-01 -2.07580881e-01 -8.53067752e+03 1.35937407e+01
 1.53986665e+00 -6.84285001e-01 1.31216059e+00 3.33773486e-01 -2.67087591e+04 1.37288427e+01
 -1.80374472e+01 -1.04760573e-01 -2.33039334e+00 -3.23084914e-01 -7.44624438e+03 1.34483143e+01
 -3.05724041e+00 9.79998277e-01 5.25266701e-01 -2.76456301e-01 -1.09090168e+04 1.36677748e+01
 1.13404590e+01 -6.26361498e-01 2.96067946e-01 1.99433738e-01 5.09100194e+03 1.38467839e+01
 -2.78008826e+00 4.51537974e-01 -2.24782360e+00 3.04608955e-01 2.88323732e+03 1.36485369e+01
 2.58824789e+01 -4.12166226e-01 1.31607401e-01 7.93455300e-02 2.62864308e+04 1.40574862e+01
 -3.66286619e+01 -1.01128256e+00 7.69552174e-01 1.01177136e+00 -2.41947777e+04 1.31861187e+01
 -5.30232601e+00 1.14651366e+00 -1.37318976e-01 -7.84108807e-01 3.77631947e+04 1.36268131e+01
 -1.88597179e+01 3.42596413e-01 1.28087248e+00 -4.73313567e-01 -8.09945509e+03 1.34299648e+01
 -2.61738416e+01 -1.01809403e+00 4.81280801e-01 4.56852037e-01 1.85854695e+04 1.33575626e+01
 1.48579848e+00 9.08058625e-01 -2.45662215e-01 -3.74923511e-01 -7.24997946e+03 1.37319054e+01
 -4.85431742e+00 3.49210717e-01 -8.17826767e-01 -5.34784384e-01 -1.73277807e+04 1.36565170e+01
 -1.00855646e+01 1.51580159e-01 -8.49918509e-01 -9.96098876e-02 9.93213748e+02 1.35533432e+01
 -9.64554525e+00 -4.18747937e-01 1.47422830e-01 2.54842955e-01 -1.94836817e+04 1.35823707e+01
 -4.79145062e-01 4.95439024e-01 9.21484949e-01 -4.40153125e-01 -2.39273579e+04 1.36914524e+01
 -1.17289907e+00 8.90559619e-02 -8.40063933e-01 -4.46050629e-01 4.44303865e+03 1.36933868e+01
 -5.73593556e+00 -5.27355737e-01 1.30851609e+00 1.53963635e-01 2.45189156e+04 1.36164555e+01
 4.73490992e+00 -2.69903809e-01 -2.38583680e-01 6.59833290e-02 -2.14197255e+04 1.37618808e+01
 7.66827322e-01 -1.51483929e-01 2.21472268e-01 4.74132269e-01 -4.05241990e+02 1.36867267e+01
 -1.05410164e+01 -3.60566872e-02 2.32306653e+00 5.19657673e-01 -1.81277811e+04 1.35717919e+01
 1.09506296e+00 2.75639113e-01 -1.10559781e+00 -6.02942412e-02 1.12484704e+04 1.36923765e+01
 -8.72319107e+00 2.03051006e-01 -2.80790216e-01 3.52188147e-01 1.61528059e+02 1.35763624e+01
 1.15865709e+01 -1.66069344e-01 -1.27656057e+00 -2.30978476e-01 -1.72305172e+04 1.38336264e+01
 3.76508693e+00 3.07632432e-01 6.72717571e-01 -4.43952913e-01 2.06848919e+04 1.37592381e+01
 -2.42305124e+01 -1.12305952e+00 -6.17661968e-01 -3.98376885e-01 -1.03592204e+04 1.33626625e+01
 -3.28772071e+00 -9.85233673e-01 -1.06090360e+00 4.17713463e-02 -1.17679564e+04 1.36597902e+01
 -3.43688283e+00 -6.77911484e-01 -3.28846406e-01 8.40444695e-01 -1.36400969e+04 1.36706780e+01
 -1.04247570e+01 -3.64890804e-01 -4.43840004e-02 -5.58121805e-01 -1.83439069e+04 1.35633214e+01
 1.40732464e+01 -2.83225662e-01 -8.07879467e-01 2.40227700e-01 -7.20906578e+03 1.38633708e+01
 1.38037533e+01 -1.55840166e-01 9.46100031e-01 -4.90936323e-02 -1.48247855e+04 1.38880667e+01
 1.85358088e+00 6.66306546e-01 -1.22348220e+00 2.43156235e-01 -2.30136602e+04 1.37121991e+01
 6.11891137e+00 -2.30033356e-01 2.08449781e+00 2.94253978e-01 7.09109484e+03 1.37717923e+01
 -2.57656733e+01 -6.26276449e-01 2.90884504e+00 4.45445350e-01 8.59601136e+03 1.33151083e+01
 2.53856289e+01 -3.16746796e-01 1.13037143e+00 -4.62897689e-01 -7.00053792e+03 1.40596523e+01
 -1.29387131e+01 -5.05524782e-01 1.00700275e+00 3.46188944e-01 -2.14558481e+04 1.35292319e+01
 3.07262939e+01 4.83332468e-01 -2.53765162e+00 -1.42958012e-01 1.25425787e+04 1.41070639e+01
 1.98711165e+00 -6.32801096e-01 9.61471660e-03 9.75394210e-02 2.12708913e+04 1.37227639e+01
 -1.59078414e+01 -4.11037721e-01 9.36161044e-01 3.70686833e-01 -8.11012626e+03 1.34856455e+01
 -1.89558247e+01 9.74363089e-01 -2.24477173e-01 3.41597583e-01 1.70177956e+04 1.34316760e+01
 2.15796886e+01 2.08831143e-02 1.39949497e+00 -1.58647850e-01 -6.81741787e+02 1.39955310e+01
 -9.38433145e+00 5.31281601e-01 6.07040362e-01 3.72898946e-01 8.04537425e+03 1.35890606e+01
 8.11336627e+00 -3.59117518e-01 1.51276256e+00 -5.20568864e-01 1.03229676e+04 1.38174736e+01
 -9.03598027e+00 -1.12720953e-02 8.93387613e-01 -6.09555933e-01 -1.44419494e+04 1.35835078e+01
 6.59744028e+00 -3.51437458e-01 -1.73650908e+00 -8.27712212e-01 -2.05885065e+04 1.37897203e+01
 1.90933794e+01 -2.03003266e-01 1.52933201e+00 4.16932433e-02 -2.75168922e+04 1.39739204e+01
 5.64075665e+00 2.73482674e-01 -1.08611413e+00 2.71378215e-01 -1.83659387e+03 1.37882819e+01
 4.61369428e+00 -2.10773220e-01 1.41331470e+00 -3.67044781e-01 -9.86808600e+03 1.37599477e+01
 -1.69071066e+01 6.14507861e-01 -1.88507201e-01 1.56689837e-01 -2.59206214e+03 1.34625319e+01
 3.82541572e+00 -1.42758550e+00 1.23852611e+00 -4.64907282e-01 8.54086011e+03 1.37422604e+01
 -1.70004442e+01 3.23242108e-01 -2.41958311e+00 5.21154371e-02 7.45691596e+02 1.34590667e+01
 8.65329366e+00 7.16272246e-01 2.14693708e-01 -3.88688592e-01 -3.31932036e+04 1.38199809e+01
 2.04365246e+01 -8.24955605e-01 -4.23005044e-01 1.22486807e-01 -5.14033916e+03 1.39782677e+01
 -1.35517464e+00 7.79620540e-02 9.77664751e-02 2.53472916e-01 -2.13354102e+04 1.37032717e+01
 2.02800513e+01 7.69636132e-01 -1.83656043e+00 1.33932352e-01 -3.62244768e+04 1.39803403e+01
 -1.35753819e+01 6.07781013e-01 -6.82479296e-01 -3.21976167e-01 -6.41015691e+03 1.34973942e+01
 -4.31348413e+00 -2.00080567e-01 -7.49873419e-01 7.71287966e-02 2.62065831e+02 1.36270498e+01
 6.36269237e+00 3.07353638e-01 -2.79034216e-01 6.68814757e-01 3.12259888e+04 1.37728847e+01
 8.56839223e+00 2.47133418e-01 1.14210327e+00 -6.96573775e-01 -4.16098137e+03 1.38294138e+01
 -1.06129730e+01 -2.57761348e-01 1.60831055e+00 -1.40004989e-01 -8.83024967e+03 1.35522299e+01
 -9.80428773e+00 3.41740297e-01 2.09013325e-01 -4.28278567e-01 1.00320059e+04 1.35511213e+01
 5.51521993e+00 -4.08994039e-01 1.64071273e+00 3.84281731e-01 -2.88464531e+04 1.37632854e+01
 2.19707470e+01 -9.04577613e-02 -6.63668782e-02 1.99442615e-01 8.51126628e+02 1.40070339e+01
 2.22868150e+01 2.93386723e-02 -1.00448047e+00 -4.15753884e-01 5.79551470e+03 1.39943464e+01
 -1.42106634e+01 3.93109456e-01 -3.40673907e-01 -3.31222668e-01 -3.31929217e+03 1.34911972e+01
 -2.11260962e+01 -4.96420925e-01 -5.91300121e-01 -1.96948731e-01 -2.77547575e+04 1.33982620e+01
 -1.78591377e-01 -2.98218295e-01 2.69597214e-01 1.14846099e-01 -4.38459976e+03 1.36836886e+01
 -1.01403174e+01 -2.57446700e-01 -3.54914497e-01 2.71273586e-01 -1.20672625e+03 1.35496129e+01
 -1.34878337e+01 -8.94644709e-01 2.18943122e-01 -4.73431881e-01 1.37376513e+04 1.35412098e+01
 -7.09797427e+00 -2.95041416e-01 2.15620973e+00 -7.04978001e-02 -7.98827922e+03 1.35816005e+01
 2.16761714e+01 1.27437291e-01 -7.73647809e-01 -3.97946280e-02 -2.55455918e+04 1.39895359e+01
 1.98207400e+01 4.84387966e-01 -9.53914903e-01 -3.71957354e-01 7.31964137e+03 1.39555638e+01
 1.44039314e+01 -1.58076079e-01 1.44236881e+00 -1.13714137e+00 -2.35898025e+04 1.39039514e+01
 -4.20431800e+00 5.34648379e-01 -2.06174591e+00 -4.76370483e-01 -2.06067626e+04 1.36268535e+01
 9.25514679e+00 -4.92599821e-01 -5.05644559e-01 -3.78424636e-01 -4.60759359e+04 1.38287460e+01
 1.23147586e+01 -2.70529481e-01 -1.40447435e+00 1.79671845e-01 1.45480825e+04 1.38618344e+01
 -1.56046145e+01 -6.05560146e-01 -3.31978170e-01 -2.78756002e-01 1.29949364e+04 1.35058691e+01
 2.40845524e+00 4.42033773e-01 1.11152370e+00 -3.95611608e-01 1.68704648e+03 1.37174449e+01
 -2.25690673e+00 -5.35768143e-01 2.13649734e+00 -9.58058414e-02 -7.14062824e+03 1.36807081e+01
 -1.57327215e+01 -4.04832381e-01 -2.32747157e+00 -5.22719318e-02 -1.58100680e+04 1.34924017e+01
 1.06188931e+01 5.31467558e-02 3.70330387e-01 6.89219989e-02 1.55196662e+02 1.38535559e+01
 -7.97427617e+00 1.34292057e-01 -7.11101389e-01 -1.64382250e-01 -5.67130939e+04 1.36006207e+01
 -1.92217612e+01 4.97627869e-02 2.95220390e-01 -3.66107047e-02 5.63187929e+03 1.34408720e+01
 -3.06277439e+01 -1.38854231e-01 -8.41302487e-01 -3.88384237e-02 -2.51887689e+04 1.32718359e+01
 -2.31629927e+01 4.30690704e-01 1.16766666e+00 4.05338395e-01 4.09941491e+03 1.33771109e+01
 -6.82102003e+00 -4.30963329e-01 9.16276268e-01 -7.53433487e-01 -1.42499279e+04 1.36005699e+01
 6.11614701e+00 4.24164904e-01 3.72562372e-01 2.42145520e-01 -2.55968184e+04 1.37946359e+01
 1.42317314e+01 -1.17965534e-01 -3.34431477e-02 -2.94595895e-01 -3.40734896e+04 1.38754120e+01
 -3.13933219e+00 1.46293287e+00 4.56353058e-01 3.31511326e-02 1.44225346e+04 1.36559287e+01
 1.78712695e+01 -3.00932473e-01 1.95308102e+00 2.11602591e-01 -1.66316378e+04 1.39186369e+01
 -7.18260507e+00 -2.47445012e-01 -9.36621752e-01 -1.10451546e-01 -5.47456746e+04 1.35943343e+01
 2.44652620e+01 -8.97830713e-01 3.37955218e-01 -2.58249611e-01 7.93172025e+03 1.40469494e+01
 5.60942755e+00 -2.00721848e-01 6.00721987e-01 -3.66650885e-01 -1.55924734e+04 1.37603473e+01
 1.79346123e+01 7.11717730e-02 -2.97343736e-02 -2.49084722e-02 -1.02355776e+04 1.39797022e+01
 3.48250273e+00 -4.95120658e-01 -2.10449944e+00 -7.55241719e-01 1.86766235e+04 1.37460069e+01
 1.65255294e+00 1.43328058e-01 -1.11674508e+00 -2.64174565e-01 -2.10740091e+04 1.37026153e+01
 3.94257003e+00 6.71567853e-01 -4.30246097e-01 -1.79075469e-01 4.41937184e+03 1.37607437e+01
 -4.17487331e+00 6.16456181e-01 -6.94885096e-03 -6.48611095e-01 2.16402730e+04 1.36168516e+01
 1.23440337e-01 2.08572780e-01 -1.69680560e+00 -4.76401282e-01 -7.49318919e+03 1.36843400e+01
 -2.21191989e+01 2.21227078e-01 -7.60316324e-01 1.64517079e-01 -1.96425952e+04 1.33921510e+01
 5.05474943e+00 -4.93019854e-01 1.60809684e-01 -1.20955834e-01 -2.73952943e+03 1.37666804e+01
 -2.69776001e+01 -3.01561033e-02 7.45082728e-01 2.78718569e-01 -1.34732697e+04 1.33147193e+01
 2.44315941e+01 1.77883079e-01 -7.45815355e-01 3.21684727e-01 2.19546264e+04 1.40104423e+01
 4.79149941e+00 -5.99445328e-01 -9.62617781e-01 1.72185398e-02 4.12897048e+04 1.37843266e+01
 -6.90763517e+00 -4.74646279e-01 -6.18310089e-01 -1.61221710e-01 1.29050308e+04 1.35991041e+01
 5.32151366e+00 -5.46463046e-01 1.38870155e+00 2.17057778e-01 -5.52032160e+04 1.37814861e+01
 1.47927788e+01 3.21280691e-02 9.91934165e-01 4.81110243e-01 -2.82597915e+03 1.39024807e+01
 -1.80474289e+00 -2.76199126e-01 7.91618634e-01 -3.41152276e-01 9.70780007e+03 1.36656104e+01
 -5.06235312e+00 -8.05609307e-01 -6.19483895e-01 7.33395036e-01 -3.51467485e+04 1.36474509e+01
 -1.35452365e+01 -2.15519927e-01 1.12135660e+00 2.71216757e-01 -4.28539483e+03 1.34944754e+01
 -1.17035910e+01 4.23846368e-01 1.74139318e+00 -3.98132978e-01 1.09892800e+04 1.35274575e+01
 2.63327493e+01 8.28690669e-01 7.45129051e-01 2.27362149e-01 -8.77212109e+03 1.40632089e+01
 -2.67938692e+00 -3.92433253e-01 -2.42060186e+00 -1.00888706e+00 1.77751134e+04 1.36732791e+01
 -9.11363858e+00 1.26395772e-01 2.62547498e-01 -9.05328224e-03 -7.17503496e+03 1.35794912e+01
 -1.66542578e+01 -2.02789308e-01 1.71291037e+00 -3.15824272e-01 -7.39295546e+03 1.34902512e+01
 1.00480604e+01 -3.66368875e-02 8.10819316e-01 -6.47461744e-01 1.72704957e+04 1.38427219e+01
 8.01118509e+00 9.39972536e-01 -1.70772320e+00 -2.86523154e-01 -2.10615986e+04 1.38063665e+01
 -4.38362353e-01 1.48979092e-01 -1.59746929e-01 -3.38686175e-01 4.85930147e+02 1.36882769e+01
 2.64698556e+01 3.68278914e-01 2.69937107e+00 8.61433193e-01 -3.73870131e+04 1.40886667e+01
 8.82161914e+00 -6.99103825e-01 -2.86342745e-01 2.94696223e-01 3.72386338e+04 1.38201132e+01
 1.82607782e+01 2.47855744e-01 -1.04079964e+00 -3.00122338e-01 2.11945179e+04 1.39645642e+01
 -1.31254917e+00 -3.40944395e-01 -2.18422315e+00 2.30534163e-01 -9.36524985e+03 1.36881748e+01
 6.01186835e+00 -9.54142100e-01 1.79152842e+00 -5.40005922e-02 6.41697478e+03 1.37865014e+01
 2.74519236e+00 2.97315526e-01 -1.38570948e-01 4.82711115e-01 -1.62635881e+04 1.37225955e+01
 -1.36671804e+01 9.79336020e-02 -8.13173308e-01 1.05655818e-02 -2.25175313e+04 1.34907922e+01
 6.45579731e-01 -1.36750895e+00 1.28277475e+00 9.57872336e-01 1.78924959e+04 1.36909900e+01
 1.89583035e+00 2.12832453e-01 1.00458171e+00 2.77957358e-01 -1.00439353e+04 1.37036154e+01
 -7.18009849e+00 2.76742730e-01 3.00400847e-01 -8.99190878e-02 -1.83295017e+04 1.36134525e+01
 -1.99788530e+00 6.25481367e-01 1.26729595e+00 8.63132641e-01 1.53852228e+04 1.36800131e+01
 -1.05029380e+01 6.22443091e-01 -8.40858757e-01 -4.96133115e-01 -1.24567196e+04 1.35723068e+01
 9.97004977e+00 -1.61538682e-02 -1.63377680e+00 -6.80214099e-01 2.22385876e+04 1.38135557e+01
 -1.35872005e+00 -1.31319798e-01 1.32629336e+00 5.96100582e-01 6.39963019e+03 1.36758586e+01
 -1.69090316e+01 -4.18640343e-01 -9.97680032e-01 -3.46678342e-01 3.09929148e+02 1.34632373e+01
 5.98413364e+00 2.37893026e-01 -4.11915149e-01 1.29714743e+00 2.76252683e+04 1.37537490e+01
 -1.94135446e+01 -1.68387452e-01 2.90133038e-02 1.51329386e-02 2.65101777e+04 1.34498870e+01
 1.86834049e+01 -5.23737091e-01 -1.16406944e+00 -1.01384053e-01 1.84980772e+04 1.39464364e+01
 1.55041377e+01 7.57681879e-02 1.58063231e+00 3.53606921e-01 -1.69415633e+04 1.39151241e+01
 -1.53975611e+00 -3.11459303e-01 1.79322918e+00 -2.67518758e-02 -8.33215496e+03 1.36799187e+01
 -1.76135843e+01 -1.78209542e-01 2.05294424e+00 -1.94086517e-01 1.89286195e+04 1.34601629e+01
 -1.91314448e+01 5.24282257e-01 -6.85016363e-02 -3.86596008e-01 1.71846863e+04 1.34573494e+01
 1.94161817e+01 -4.43579295e-01 -1.23860452e+00 8.16856982e-03 -2.38004511e+04 1.39533935e+01
 8.64088193e+00 3.23968101e-02 7.44855889e-01 5.39544775e-01 -1.36848411e+03 1.38311339e+01
 -5.83233929e+00 -8.08648059e-02 -5.62680763e-01 -1.57145838e-02 1.74461602e+04 1.36349085e+01
 1.99109565e+01 -6.72343726e-01 -4.35656246e-01 2.68249375e-01 -1.96624751e+04 1.39947952e+01
 -1.76911410e+01 1.70411468e-01 -1.80868570e+00 -5.23696658e-01 2.08079992e+04 1.34615556e+01
 -9.00989836e+00 8.09920332e-01 3.30489258e-01 3.18337228e-01 -4.91346174e+03 1.35762394e+01
 -8.44431188e+00 -2.21376569e-01 -8.86428121e-01 -3.05100204e-01 -2.82077763e+04 1.35865797e+01
 -1.52689634e+01 -1.43343550e-02 8.10530550e-01 9.08575465e-01 -1.24318620e+03 1.34939771e+01
 5.61639649e+00 -1.99547341e-01 -2.50834318e+00 -2.94736283e-02 -2.28944184e+04 1.37846774e+01
 1.77368263e+01 -4.80267199e-01 -7.70060776e-01 -2.49869801e-01 -2.28837338e+04 1.39445520e+01
 -6.59159419e+00 -3.81796200e-01 1.07598916e+00 -6.54343955e-01 -7.17171591e+03 1.36079989e+01
 1.90766997e+01 -5.62546168e-01 -2.06600805e+00 -1.02153501e-01 -1.77044736e+04 1.39609801e+01
 1.28999472e+01 -2.75345803e-01 -6.05971110e-01 -2.62538276e-01 -3.49916146e+04 1.38684280e+01
 -8.44961456e+00 4.77181477e-01 1.44888545e+00 4.41870762e-01 1.08354064e+04 1.35842963e+01
 -2.56905529e+00 -1.21028376e-01 -3.92704852e-01 9.66621236e-01 1.07184925e+04 1.36629593e+01
 -1.13623421e+01 4.49828858e-01 4.35404648e-02 5.74999295e-01 -2.01237211e+04 1.35489096e+01
 2.76813177e+01 -1.86163996e-02 -1.76070898e+00 -1.01818251e-01 -2.96311443e+04 1.40509246e+01
 -2.66764525e+00 1.40941423e+00 -6.29323047e-01 -5.67677284e-02 1.34214680e+04 1.36690118e+01
 8.71116209e-01 -7.04485569e-01 -1.03788146e+00 -2.46203503e-01 5.78100602e+02 1.37111040e+01
 2.65146089e+00 -9.42969710e-02 -2.37703190e+00 6.03581576e-01 -1.81987953e+04 1.37648833e+01
 5.91110271e+00 1.00283550e+00 -8.98285985e-01 9.28261693e-02 -1.56158741e+04 1.37972040e+01
 4.76502576e+00 6.42408509e-01 -1.47794584e+00 -7.45818499e-01 2.43558980e+04 1.37709883e+01
 1.83817928e+01 1.11859472e-01 -1.09319791e+00 4.36139845e-01 1.37394963e+04 1.39538244e+01
 -1.04141983e+01 3.39985815e-01 -1.06146110e+00 5.50598696e-01 -2.53985107e+04 1.35713045e+01
 1.69594210e+01 3.42827739e-01 1.00153169e+00 8.15771670e-02 1.19350141e+04 1.39257259e+01
 -7.82957363e+00 3.40630791e-01 -1.02550174e+00 -1.55619466e-01 6.96064198e+03 1.35892060e+01
 -2.32790107e+01 -5.70950418e-01 -2.29017489e-01 -7.16056589e-01 7.97792189e+02 1.33570252e+01
 1.19287809e+01 1.57349259e-01 -2.17579272e-04 -1.56029266e-01 -2.69506452e+04 1.38608628e+01
 8.18727251e+00 3.49077763e-01 -1.00376324e+00 -1.83414907e-01 -1.13097809e+04 1.38058345e+01
 -1.36393538e+01 -6.55733126e-01 -1.37849655e-01 -2.47495397e-01 1.96992057e+04 1.34980062e+01
 2.38157644e+01 -4.40403927e-02 -3.62882857e-02 1.84336902e-01 -5.33735772e+03 1.40194612e+01
 -5.75207902e-01 -1.03467529e-01 -2.68872337e+00 7.41207486e-01 4.65585293e+02 1.36947323e+01
 2.47300629e+00 -1.28620236e-01 -2.32314701e+00 -1.09875446e-01 -1.51051987e+04 1.37078572e+01
 -1.37358586e+00 -2.15182715e-01 -1.58770935e+00 3.50593894e-01 -1.80078921e+03 1.37021460e+01
 3.13028378e+01 -2.05047695e-01 3.50121533e-02 2.92271003e-01 -2.99953057e+04 1.41343233e+01
 -3.24438021e+01 -2.41436492e-01 2.18713544e+00 1.73821255e-01 1.45218759e+03 1.32702107e+01
 1.93054103e+01 6.44211873e-01 -9.40658230e-01 1.45641418e-01 -1.35289276e+04 1.39641322e+01
 -1.12990768e+01 -1.98077436e-01 1.45675086e+00 -3.95140293e-01 -1.99112901e+03 1.35734366e+01
 9.19238680e+00 3.69440837e-01 4.04162856e-01 6.34445170e-01 2.11550632e+03 1.38120043e+01
 -7.11567453e+00 -3.61687636e-01 5.97116286e-01 -5.20069918e-01 2.63135594e+04 1.36138428e+01
 2.32157595e+01 3.89863754e-01 -1.11684563e+00 -3.20269572e-01 -1.40215520e+04 1.39998594e+01
 8.68036989e+00 1.64487121e-01 2.19351588e+00 1.31871412e+00 1.50947640e+04 1.38127709e+01
 7.33135162e+00 -4.44445496e-01 1.00487864e+00 1.77653910e-01 1.66077480e+04 1.38103821e+01
 -7.34194871e-01 -6.34770366e-01 -5.22787407e-01 -4.44138167e-01 1.51138622e+04 1.36882638e+01
 9.41359198e+00 9.47823838e-01 1.15074127e+00 -2.50478857e-01 1.70465917e+04 1.38242513e+01
 -7.26070405e+00 8.85401107e-02 -1.37928266e+00 -5.57962401e-02 1.30959991e+04 1.36116583e+01
 8.05784054e+00 1.64535459e-01 1.26521129e+00 2.77832932e-01 2.60963944e+03 1.38093151e+01
 -1.08617446e+01 -4.72274202e-01 8.43835612e-01 -5.23799146e-01 -9.51054214e+03 1.35474724e+01
 -1.59230387e+01 9.30207730e-01 2.33713881e+00 3.69412425e-01 -6.11031009e+03 1.34910738e+01
 1.26792754e+01 -9.58984409e-02 -1.12035142e+00 5.07639179e-01 -2.52055434e+04 1.38824453e+01
 -1.71982577e+01 -1.70692759e-02 -7.86469623e-01 1.45761010e-02 8.54353518e+03 1.34542500e+01
 -1.03406206e+01 -1.27380463e+00 -2.04791947e+00 5.51963138e-01 -1.79232335e+03 1.35449495e+01
 -7.02539128e+00 3.51074411e-01 -2.49666418e-01 -6.19009331e-01 4.39224844e+03 1.36055285e+01
 -1.21798660e+01 9.08154154e-01 9.95146798e-01 -3.73885372e-02 -6.89533482e+03 1.35351257e+01
 -3.25699300e+00 4.38560663e-01 1.04054196e+00 5.08715655e-02 -1.89397664e+04 1.36480585e+01
 -4.59545067e+00 2.22774863e-01 -6.78535719e-01 1.96411438e-01 7.56862536e+03 1.36182346e+01
 3.61606106e+00 -6.19489995e-01 6.27620609e-02 -1.16012490e-02 -1.91379060e+04 1.37543891e+01
 -8.10258909e+00 -4.62211826e-01 2.56904735e+00 -4.39920105e-01 9.03535157e+02 1.36000265e+01
 -8.68718282e-01 2.56682711e-01 -3.55429918e-01 -2.92455046e-01 2.64859851e+04 1.37034494e+01
 1.65338658e+00 3.45718073e-01 -1.14011285e+00 5.98013804e-01 1.68595980e+04 1.37286338e+01
 4.39675742e+00 5.88755363e-01 1.40855183e+00 9.04191868e-02 1.19836701e+04 1.37657124e+01
 4.74809983e+00 5.87964323e-01 -2.06273080e+00 -4.11700744e-01 1.71419143e+03 1.37897222e+01
 -2.16888956e+01 -2.45638750e-01 6.35878605e-01 -5.13117685e-01 -1.65124199e+04 1.33896337e+01
 2.72891248e+00 -8.12462791e-01 8.17770830e-01 -6.42027150e-01 -3.67387921e+04 1.37478003e+01
 6.87904178e+00 6.25879294e-02 -1.32816182e+00 -1.00831369e+00 -8.41704053e+03 1.38013203e+01
 2.48160325e+01 -6.60617104e-01 2.89199231e-01 3.19338001e-01 6.53451587e+03 1.40447320e+01
 -1.60559758e+01 -7.01234169e-01 -2.67136045e-01 4.21126996e-01 1.14758285e+03 1.34816526e+01
 1.52278253e+01 -1.41540326e-01 -1.95192522e+00 2.81547230e-01 -1.56130729e+04 1.38897230e+01
 -1.14381243e+01 4.41349766e-01 2.23833805e-01 3.50974340e-01 -1.70831171e+04 1.35388813e+01
 -4.91216959e+00 -6.14241369e-01 -2.58955034e-01 3.56703284e-01 7.09638709e+03 1.36416794e+01
 1.73747527e+01 1.63823076e-01 1.67711703e+00 2.23928302e-01 -1.74204907e+03 1.39273061e+01
 8.01775743e+00 9.24225322e-02 7.08532675e-01 -3.26723716e-01 -2.15467015e+04 1.38278054e+01
 -1.65124098e+00 8.46289743e-01 5.04546513e-01 3.18078996e-01 6.08527744e+03 1.36715929e+01
 2.69184892e+01 -5.43844384e-01 -2.86967604e-01 3.18334148e-01 -3.31682883e+03 1.40557557e+01
 1.38264866e+01 5.70147162e-01 2.17147884e+00 -1.07551611e+00 7.60711578e+03 1.38776055e+01
 -5.72086772e+00 6.42052755e-01 1.21671972e+00 -4.33619388e-01 -3.05376513e+04 1.36152027e+01
 6.36021672e+00 1.77389738e-01 1.55918500e+00 -4.88164618e-01 1.12193613e+03 1.37730250e+01
 1.29735010e+00 -1.51085224e-02 4.66140960e-01 7.40776706e-01 -2.72118945e+04 1.37270018e+01
 -9.68142068e+00 2.07074604e-01 -1.29692791e+00 -3.52584798e-01 5.47930548e+03 1.35747086e+01
 -1.76957331e+01 1.67829241e-01 2.06626925e-01 5.52426322e-01 6.14621604e+03 1.34521638e+01
 2.32108061e+01 -1.01441317e-01 -2.83498803e-01 5.71620677e-01 4.71211265e+03 1.40140564e+01
 -8.64383492e+00 -1.61025431e-01 8.65639515e-01 -7.53109077e-01 1.56760468e+04 1.35581734e+01
 7.22701636e+00 -3.75869400e-01 -7.26037708e-01 -2.73025475e-02 -9.06507875e+03 1.37852675e+01
 -1.44228595e+01 7.15015205e-01 9.33166068e-01 -1.76058802e-01 -2.10873055e+03 1.35294687e+01
 -1.61157615e-01 2.56264168e-01 -6.89200050e-01 -5.88478804e-01 -1.73689663e+04 1.36902523e+01
 1.11364444e+01 2.60672634e-01 1.46829855e+00 -1.18970544e-01 2.80479917e+04 1.38488429e+01
 8.22582348e+00 2.68293985e-01 -1.40913883e+00 6.54618327e-01 8.45131859e+03 1.38186311e+01
 1.44520270e+00 7.11720317e-01 1.62362478e+00 1.79215280e-01 5.97973165e+03 1.37268399e+01
 9.11752932e+00 5.07810902e-01 1.22164848e+00 -9.68249150e-01 5.26602462e+04 1.38188795e+01
 -7.62252236e+00 -5.20556575e-01 2.59574661e-03 -3.36384614e-02 -4.09317111e+03 1.35921184e+01
 -1.07993764e+01 7.40784153e-01 -2.48157837e+00 -4.75824033e-01 4.65882475e+04 1.35531773e+01
 -1.40482553e+01 8.46788864e-01 -9.54355301e-01 2.73554504e-01 -1.28241219e+04 1.35036448e+01
 -3.66020016e+00 8.00450193e-02 -1.45795241e+00 5.89165471e-01 -1.98284100e+04 1.36463732e+01
 1.72355614e+01 7.19673939e-01 2.10702784e+00 -2.10269713e-01 3.27262483e+04 1.39472502e+01
 -8.68733593e+00 -5.28237525e-01 -6.04582257e-01 -1.28285326e-01 -2.69088480e+04 1.35799936e+01
 1.17008290e+01 4.87742499e-02 7.97716635e-01 -4.52498792e-02 -4.07089301e+03 1.38691401e+01
 1.03079115e+00 4.80951665e-01 8.37103767e-01 5.81821239e-02 -1.33991071e+04 1.37157402e+01
 -8.87464217e+00 -2.59619716e-01 1.25211974e+00 -1.38402041e-01 -7.23380065e+03 1.35865995e+01
 -1.87744416e+00 -5.12056600e-01 -1.02543107e+00 1.67011282e-01 -6.51370633e+03 1.36757591e+01
 -1.81681956e+00 9.82793409e-01 7.28183021e-01 1.03201607e+00 -1.94609567e+04 1.36690665e+01
 7.07366688e+00 1.77106184e-01 -7.05472408e-01 4.33758694e-01 1.05901945e+04 1.37839449e+01
 -2.37275845e+01 -3.51102803e-01 -2.02264360e-02 -9.75241329e-01 -3.59255049e+03 1.33670604e+01
 1.49021293e+01 -1.02441746e+00 1.73563467e+00 -6.05755708e-02 1.34790287e+04 1.38917190e+01
 9.87219155e+00 -4.04058361e-01 -1.72194124e+00 -1.45833485e-01 1.50442877e+03 1.38207389e+01
 1.88586600e+00 -4.55385253e-01 -4.41200416e-01 -3.35902772e-01 3.21422268e+04 1.37019898e+01
 -6.56405547e+00 1.87885967e-01 -1.56937382e+00 -8.74197288e-02 -2.11116638e+04 1.36159789e+01
 2.50968649e-01 -3.80448077e-01 -6.62610699e-01 -3.46135609e-01 -2.03773054e+04 1.37145843e+01
 6.99685973e+00 -6.01511448e-01 -1.56250446e+00 -1.34526994e-01 3.96436340e+03 1.37994486e+01
 -1.41332429e+00 4.75846249e-02 -1.16918686e-01 9.36913654e-01 -1.05416108e+04 1.36863332e+01
 -2.87005462e+00 1.93244246e-01 -2.32678719e-01 1.48071480e-01 -1.00676022e+04 1.36468943e+01
 -1.17914653e+00 1.01364708e-01 -1.25063800e+00 6.31398277e-02 2.56245831e+04 1.36738050e+01
 9.67153277e+00 -1.14296034e-01 2.81953931e+00 1.86678791e-02 -2.80029012e+04 1.38265221e+01
 -2.61317913e+01 -5.11407202e-01 9.76512982e-01 3.35669829e-01 -2.93476623e+04 1.33349952e+01
 -1.39383311e+00 1.16981432e-01 -1.49558827e+00 4.45824872e-01 -4.58914022e+04 1.36912420e+01
 2.94599432e+00 2.90859979e-01 2.52452055e+00 -1.36933311e-01 3.78210389e+04 1.37415239e+01
 1.62352787e+01 -2.83617693e-01 7.86328992e-01 -5.69134067e-02 -1.47892009e+03 1.39140187e+01
 3.55060329e+00 -5.76735141e-01 -1.75678022e-01 -5.53404970e-02 5.12916274e+04 1.37353974e+01
 1.87418213e+01 -1.42821766e-01 8.90468976e-01 7.57633023e-01 -2.40025272e+04 1.39516872e+01
 -1.17997493e+01 -4.61107328e-01 -2.00009717e-01 -1.13869485e-01 1.30664335e+03 1.35287543e+01
 -1.65606008e+01 7.24039087e-01 -4.32920061e-01 -1.28497478e-02 -1.52474503e+04 1.34800903e+01
 3.13793702e-01 -4.57977441e-01 1.34445260e+00 -1.95496198e-01 -6.67187358e+03 1.36984131e+01
 -1.49098236e+01 -4.52379967e-01 -1.41163896e-01 5.50594788e-01 2.11049419e+03 1.35048216e+01
 3.86710976e+01 -5.49684241e-01 2.59577354e+00 3.90021674e-01 -2.71912822e+04 1.42098923e+01
 1.13326542e+01 -7.42003409e-01 1.27394409e-01 5.51361570e-01 -7.91891511e+03 1.38585988e+01
 -2.14111585e+01 -5.06320211e-01 -4.36514794e-01 -5.09872892e-01 -6.32216998e+03 1.34138643e+01
 -2.13012353e+01 1.18796915e+00 6.84758417e-01 6.33697641e-01 -6.17859547e+03 1.33961497e+01
 1.64803429e+01 2.06110213e-01 -2.78715916e-01 -7.13564649e-01 -1.49983535e+04 1.39027968e+01
 -2.77017744e+00 -6.43669128e-02 2.10704328e-01 -7.82009937e-01 1.26507175e+04 1.36467495e+01
 3.82677271e+00 2.09952475e-01 -7.43568540e-01 -1.32623155e-01 -5.32294829e+03 1.37346606e+01
 -1.07598226e+01 -7.02366442e-01 1.44045874e+00 6.35401042e-01 2.87037627e+04 1.35485908e+01
 -3.77084864e+00 -6.71689917e-01 5.05252591e-02 -5.06281199e-01 -1.62365738e+03 1.36478619e+01
 -3.08319176e+00 -3.74682049e-01 -3.42344308e-01 7.39883665e-01 2.41133476e+04 1.36637538e+01
 -5.77370076e+00 4.30778298e-01 -3.47970495e-01 5.76110088e-01 -1.36379258e+04 1.36234271e+01
 -2.30217134e+01 -1.03197373e-01 -5.53866296e-01 1.10953936e-01 3.01211615e+04 1.33870682e+01
 -1.50236348e+01 8.74948473e-01 -8.08140005e-01 5.93617239e-01 -3.17939416e+04 1.34888887e+01
 5.34317672e+00 -1.08360368e+00 1.85793507e+00 -3.72694661e-01 -6.62887779e+03 1.37767284e+01
 -6.89187776e+00 -3.66469185e-01 -1.76258343e+00 2.11090217e-01 -2.15116144e+04 1.35964723e+01
 4.29794490e+00 5.66194371e-01 9.61515990e-01 -5.12116336e-01 -4.70907245e+04 1.37802048e+01
 -1.92438966e+01 -1.88163840e-01 4.76691486e-01 1.42078943e-01 2.48385957e+02 1.34391208e+01
 -2.15440544e+01 -3.80652554e-01 -1.02557082e+00 -2.42894357e-01 4.23358785e+04 1.34063572e+01
 1.41498269e+01 1.14991459e+00 -1.32631057e+00 5.10802635e-02 -6.15352067e+03 1.38651636e+01
 -8.70232257e+00 3.63576546e-01 1.06045012e+00 -1.24483026e+00 -3.68296036e+03 1.35736379e+01
 7.11067378e+00 -2.94485446e-01 -8.35137748e-01 -3.68757019e-01 1.84928564e+04 1.37974425e+01
 1.06202667e+01 -2.45240765e-01 2.33178466e-01 -5.26534485e-02 -2.49113795e+04 1.38490515e+01
 -3.24430194e+00 -1.51020827e-01 -1.35274200e+00 2.11636600e-01 -3.22635943e+02 1.36449762e+01
 1.34442651e+01 2.44956056e-01 -1.76707572e-01 -7.24553033e-01 4.86208407e+03 1.38946805e+01
 -1.24124881e+01 -2.98161248e-01 1.06634828e+00 3.09823211e-01 -3.21114608e+04 1.35243901e+01
 -1.21084022e+00 -6.18484602e-01 2.01683877e+00 2.37782488e-01 3.74323796e+03 1.36514789e+01
 -1.42991888e+01 -2.29954348e-01 5.61490886e-01 7.18669467e-01 4.61233385e+03 1.34996655e+01
 -1.49583116e+01 -6.41685549e-01 -3.42554767e-01 3.72288773e-01 -7.86521326e+03 1.34933951e+01
 4.07277516e+01 -9.08419139e-01 -4.24847640e-01 -2.01625846e-01 4.32728007e+04 1.42460087e+01
 1.47549621e+01 -2.37733754e-01 1.08741161e+00 -6.94999991e-01 3.21892253e+04 1.38970881e+01
 -9.32581778e+00 6.30379144e-01 -5.22672586e-01 -4.23599161e-01 -1.33503372e+04 1.35867949e+01
 -2.07915771e+01 -2.18828224e-01 3.12266360e+00 3.42145415e-01 9.57769545e+03 1.34010569e+01
 2.05512996e+00 -4.37653531e-01 9.68035274e-02 -8.57633984e-02 -1.24353703e+04 1.37220556e+01
 1.36857873e+01 4.95791492e-01 5.11050609e-02 -7.60669208e-01 -1.62956326e+03 1.38923696e+01
 -2.63345176e+01 -3.99506645e-01 -5.64096744e-01 -2.71960576e-01 -2.03987760e+04 1.33388072e+01
 1.05457561e+01 -7.98704856e-02 1.80718868e+00 4.39649427e-01 1.74468862e+03 1.38114924e+01
 1.24848214e+01 8.54093810e-01 -1.02647563e+00 2.86100439e-01 3.13273986e+04 1.38883070e+01
 -6.97702861e+00 -5.18008446e-01 3.63213660e-01 6.40646095e-01 -1.09449632e+04 1.36086622e+01
 -2.63617765e+00 2.17715162e-01 2.47985425e-01 -3.29822730e-01 2.41770139e+03 1.36689300e+01
 4.21641551e+00 -1.96310992e-01 7.04452645e-01 3.83940155e-01 -3.19796439e+04 1.37723548e+01
 -1.17434804e+01 -3.21255184e-01 6.53711730e-01 -7.57016550e-01 1.68583948e+04 1.35480913e+01
 9.73152405e+00 -6.49453942e-01 -8.13807835e-01 2.25390698e-01 2.16248176e+04 1.38303066e+01
 1.76622964e+01 -1.42836839e-01 -9.61961649e-01 -9.19823822e-02 1.94943190e+04 1.39255762e+01
 1.00525385e+01 -5.65880857e-01 -1.08840686e+00 -1.11828973e+00 6.88421700e+03 1.38240105e+01
 1.10530976e+01 6.22328659e-01 -1.85534561e+00 -7.47429247e-01 -7.99320527e+03 1.38421207e+01
 1.30348593e+01 6.00079191e-01 1.08138946e+00 -1.31807288e-01 2.98898267e+04 1.38548493e+01
 -3.76426537e+00 -6.02982143e-01 -9.87288679e-01 3.28850025e-01 -1.30971994e+04 1.36496475e+01
 -1.58369082e+01 5.63614482e-01 2.73195465e-01 -3.77275847e-01 5.45601153e+04 1.34954470e+01
 4.85438091e+00 -2.89343643e-01 -4.01913504e-01 4.89557912e-01 6.92641916e+03 1.37725745e+01
 5.28903485e+00 3.05301291e-02 2.77537059e-01 2.59286744e-01 -2.18688564e+04 1.37925075e+01
 1.03297938e+01 -3.62010298e-01 1.34826400e+00 2.90050277e-02 -5.62573816e+03 1.38355288e+01
 8.18748640e+00 4.70296853e-01 -6.28912678e-01 -1.17661038e-01 -2.98538142e+03 1.38047229e+01
 2.04293376e+01 3.82761533e-01 6.40886411e-01 4.54105620e-01 -7.23905043e+03 1.39791694e+01
 -6.66809105e+00 -5.03208479e-01 -1.28917747e+00 -2.93978169e-01 9.07544069e+03 1.36227304e+01
 -5.41816489e+00 4.52140124e-01 6.36578921e-01 -9.49267715e-02 -4.16337168e+04 1.36188698e+01
 -1.12482337e+00 5.83742382e-01 4.30506821e-01 5.71829480e-01 4.83114532e+04 1.36877187e+01
 1.74428379e+01 -9.22285805e-01 7.99265639e-01 -3.52740576e-01 -9.38910763e+03 1.39240825e+01
 -5.04383701e+00 7.77378106e-01 -6.96800184e-01 3.11112703e-01 -8.20294552e+03 1.36298588e+01
 -1.68407880e+01 -7.58341501e-01 1.13763823e+00 3.16128860e-01 -1.70138401e+04 1.34820004e+01
 -6.98603289e+00 -3.11279646e-01 -6.11003915e-01 -9.93200224e-01 -2.77787609e+04 1.35957963e+01
 4.11267757e+00 -6.96618022e-01 1.18529644e+00 -3.96242033e-01 -2.02156046e+04 1.37625651e+01
 -1.73804429e+01 7.78469847e-01 -1.09158649e+00 7.00814456e-01 1.12615920e+04 1.34858273e+01
 -1.53807918e+01 8.33334709e-01 8.04285099e-01 -1.50783102e-01 1.10736283e+04 1.35001393e+01
 2.77709986e+01 -1.32397253e+00 1.65345197e+00 6.83970063e-01 1.77347930e+04 1.40812473e+01
 -1.46754795e+01 1.23251453e-01 2.10633406e+00 -4.30562079e-01 -2.75489674e+04 1.34849269e+01
 -6.48900772e+00 -6.25710385e-01 -3.42713731e-01 4.62810576e-02 -5.93597557e+03 1.36104052e+01
 1.36687524e+01 -5.54544672e-01 -2.98964433e-01 1.00090187e-01 -2.39633852e+04 1.38785107e+01
 -3.70547774e+00 -8.12313852e-02 9.45541632e-02 -2.27091984e-01 6.34471610e+03 1.36405452e+01
 3.30247379e+01 -2.30754301e-01 1.54047639e+00 -6.44004150e-01 -8.19616641e+03 1.41330550e+01
 -2.10924367e+01 -8.29072687e-01 -1.09264987e+00 9.15974916e-01 1.66167075e+04 1.33922573e+01
 3.15269719e+00 2.66742095e-01 -5.18609495e-01 5.37075553e-01 -3.07706231e+03 1.37385252e+01
 -1.09057396e+01 6.98448122e-01 -8.43524048e-01 -5.90986940e-01 -1.85809285e+04 1.35261403e+01
 1.24504637e+01 -2.24063296e-01 6.14355897e-01 5.58712866e-01 -8.87887590e+03 1.38668436e+01
 3.16140151e+00 2.24851386e-01 4.39936957e-02 -4.07246468e-01 1.23353324e+04 1.37545130e+01
 7.27172170e+00 -5.63504911e-01 -1.63978096e+00 4.31731948e-01 5.29980887e+03 1.37939212e+01
 1.79821376e+01 1.99695222e-01 1.57721945e+00 -3.90652706e-02 7.84963901e+03 1.39409325e+01
 -1.09574643e+01 5.08862348e-01 2.26571078e+00 4.07313492e-01 -1.75116655e+04 1.35536321e+01
 2.40026803e+01 3.19559115e-01 -3.21392220e+00 1.99986390e-02 5.09995119e+04 1.40332955e+01
 -2.07889183e+01 5.89027904e-01 -1.65321109e-01 5.78779998e-01 -2.20123891e+04 1.34295161e+01
 -2.41409362e+01 1.95603166e-01 1.03696457e+00 1.87589944e-03 -2.56584098e+03 1.33543697e+01
 3.73039096e+00 -5.79338386e-01 -9.76939758e-01 -2.61067946e-02 1.99450746e+04 1.37599276e+01
 -5.25402853e+00 8.97049232e-01 3.06326526e-01 -4.80758316e-01 1.66379017e+04 1.36191497e+01
 -2.68116414e+00 -9.20969944e-01 -1.46441360e+00 3.50839372e-01 3.07334342e+04 1.36703982e+01
 -5.05994497e+01 2.61936123e-01 1.08049231e+00 7.81971111e-01 -5.42132730e+03 1.30188926e+01
 1.89763581e+01 7.15058126e-01 -1.18832567e+00 1.85939558e-01 4.31381984e+03 1.39595732e+01
 -1.44978044e+01 8.94970492e-01 -7.78037240e-01 -2.48039843e-01 3.30493060e+04 1.34923847e+01
 -4.46911765e+01 -2.64920358e-03 -1.24505554e+00 1.74815785e-01 1.01841243e+04 1.30845443e+01
 5.64877735e+00 3.32816564e-01 -6.65444502e-01 -6.83655301e-01 -2.02120253e+03 1.37989719e+01
 7.47929310e-01 -1.54133592e-01 -2.21470575e+00 -6.43559453e-01 4.39658367e+03 1.37227892e+01
 -1.94857669e+00 -1.32916571e+00 -1.13476400e+00 3.96022612e-01 1.21445399e+04 1.36693495e+01
 -3.56489639e+01 5.00075281e-02 3.46378470e-01 6.11698424e-02 3.76719806e+03 1.31914818e+01
 6.05304051e+00 1.58671012e-01 1.66440874e-01 1.24484412e-01 3.65155468e+03 1.37791571e+01
 -2.55856670e+01 -5.56078607e-01 3.41674927e-01 -6.73471487e-01 2.11749007e+03 1.33357523e+01
 -1.33001338e+01 7.82629473e-01 -1.56877377e+00 1.60719739e-01 -1.34437492e+04 1.35031805e+01
 2.67497000e+01 -3.35399773e-01 1.77718588e-01 -1.19655546e-01 8.24718596e+03 1.40615189e+01
 1.56885363e+01 -4.43740515e-01 1.10432515e+00 -1.53553638e-02 -1.77191153e+04 1.39364743e+01
 -1.06839756e+01 1.80493095e-01 9.57110457e-01 -4.69083612e-02 4.09757767e+03 1.35770811e+01
 1.63810427e+01 6.52316221e-01 6.32475057e-01 2.60553686e-01 5.72852115e+03 1.39376111e+01
 1.55183274e+01 -7.21070479e-01 2.17679711e+00 4.99813558e-01 6.61250587e+03 1.39061250e+01
 -2.20616630e+01 7.34271190e-01 -2.06190963e+00 4.89870207e-01 -4.25938766e+04 1.34039620e+01
 7.86265281e+00 -4.12121887e-01 1.59487914e-02 3.93632109e-01 -2.20794063e+04 1.38025898e+01
 8.35632540e+00 -2.01434256e-01 -1.94090952e+00 2.01704147e-01 -2.87358792e+03 1.38369820e+01
 1.92033683e+01 3.72125967e-01 5.89448920e-01 4.95454944e-01 5.13636324e+03 1.39508285e+01
 -3.23359907e+00 3.30080774e-01 -1.55616067e+00 -1.38636767e+00 3.73699040e+04 1.36619162e+01
 4.45018975e+00 7.74438543e-01 3.41659329e-01 -1.13198190e+00 -2.93253292e+04 1.37628732e+01
 -3.28349329e+00 5.20795756e-01 2.77229312e+00 9.30845940e-01 -2.74357164e+03 1.36406393e+01
 1.57721636e+01 -1.15426901e-01 2.60005309e+00 4.60568047e-01 -5.12492203e+04 1.39136343e+01
 -9.98880739e+00 -4.41792387e-01 2.10738156e+00 6.18484049e-01 -5.88610799e+03 1.35778152e+01
 -1.46197128e+01 -1.25233644e-01 -2.33092747e+00 1.78874145e-02 1.89824449e+04 1.34988286e+01
 2.72186399e+00 2.26383312e-01 -2.91048698e-02 -2.28907335e-02 1.32781607e+04 1.37304506e+01
 -1.03954598e+01 -7.39697662e-01 -1.31070602e+00 2.87702127e-01 -4.56065509e+03 1.35649786e+01
 9.67896197e+00 9.60398353e-01 1.93069692e-01 -1.47769596e-01 -1.68126819e+04 1.38237474e+01
 -1.27684663e+01 4.80155041e-01 -3.95164111e-01 2.63467195e-01 1.59668532e+04 1.35323844e+01
 8.20631054e+00 -9.40970590e-01 1.52685423e+00 3.11005815e-01 -1.57302595e+04 1.37981120e+01
 -3.28014835e+00 1.07468298e+00 1.42760263e+00 -3.66244629e-01 1.37425232e+03 1.36533023e+01
 -8.76073917e+00 -5.11372427e-01 -2.14269881e+00 2.12623772e-01 1.35150678e+04 1.35610525e+01
 1.94510728e+01 -7.88430436e-01 -1.50195861e+00 3.33580421e-01 2.51735157e+04 1.39199543e+01
 2.24376776e+00 -5.79232178e-01 6.12109051e-01 -6.16797916e-01 1.97544816e+04 1.37452747e+01
 -8.13564622e+00 -7.27849255e-01 -6.28892168e-03 4.32883817e-01 -2.68331677e+03 1.35990249e+01
 1.37700211e+01 -1.45044089e+00 -1.00844599e+00 -1.90181519e-01 -3.88806783e+03 1.38796158e+01
 1.13711293e+01 1.46691919e-01 1.11752348e+00 -1.28884918e-02 -1.01194775e+04 1.38558723e+01
 7.26389414e+00 -5.58635267e-02 -4.85447061e-01 8.65589251e-02 -3.43799556e+04 1.38070583e+01
 2.10013036e+01 -2.08854807e-01 -8.17733678e-01 6.10738377e-01 1.28645359e+04 1.40044755e+01
 -4.10991338e-01 -8.70370482e-02 5.61148670e-01 2.89371861e-01 -1.05369884e+04 1.37057989e+01
 2.05154281e+01 8.21395991e-01 -1.37048277e+00 5.49596419e-01 1.13740514e+04 1.39738236e+01
 -1.39936873e+01 -2.72748655e-01 3.85088828e-01 3.15634579e-01 1.98578323e+04 1.35045818e+01
 -1.46565482e+01 8.52282740e-02 -1.71433556e-01 -3.57389002e-01 1.20451809e+04 1.35002653e+01
 1.47225249e+01 -7.66257785e-01 -4.97680323e-01 -2.36499989e-01 1.56092110e+04 1.39113457e+01
 -1.49003536e+01 -1.05602760e+00 -4.18361684e-01 4.81191955e-01 -3.37876668e+03 1.35018634e+01
 1.63778065e+01 5.19554872e-01 -7.67783149e-01 -2.78872700e-01 1.19391954e+04 1.39222401e+01
 1.17834672e+01 -3.49998311e-01 6.71764665e-01 -4.27854958e-01 3.51003418e+03 1.38641147e+01
 -1.09239507e+01 -1.94605585e-01 1.12473948e+00 -9.90850535e-02 -2.25580041e+04 1.35488569e+01
 -6.40628778e+00 5.23649077e-01 1.55491635e+00 -4.26089755e-01 -3.54937565e+04 1.36103025e+01
 -3.28823209e+00 -8.27357092e-01 -1.21860908e+00 -7.12560585e-01 2.54063651e+03 1.36571074e+01
 1.31241331e+01 2.71409420e-01 1.22204792e+00 4.64922599e-01 6.38949564e+03 1.38683097e+01
 -3.21062197e+00 6.53593158e-01 -6.42314523e-01 -3.71999070e-01 7.13044516e+02 1.36613303e+01
 2.79662083e+01 -3.56796298e-01 1.70545807e+00 -4.98498999e-01 -5.31312344e+02 1.40588301e+01
 9.24724156e+00 -2.87681373e-01 -1.25695947e+00 2.39825279e-01 3.60786965e+04 1.38193286e+01
 -1.25425319e+01 -3.09459147e-01 -9.83397816e-01 5.26792086e-01 -1.63192637e+04 1.35119061e+01
 -2.87825039e+00 -4.84361322e-01 1.64004616e+00 1.77451768e-01 4.17627910e+03 1.36673523e+01
 1.28785725e+01 -4.13218419e-01 7.00097041e-02 -6.91710923e-01 6.87202236e+03 1.38764425e+01
 -9.13430877e+00 8.19600243e-01 2.48987431e+00 2.09231631e-01 6.82971036e+03 1.35693018e+01
 -4.00338087e+00 2.00339153e-01 -1.48508335e+00 -6.85626335e-01 -1.37869517e+04 1.36363430e+01
 1.58754608e+01 -3.05447175e-01 1.26504390e+00 -1.53126461e-01 2.02897276e+04 1.39151427e+01
 -3.03237063e+01 6.80326460e-01 2.32993936e+00 8.82454339e-01 5.30327223e+03 1.32791070e+01
 1.41138071e-01 3.95472918e-01 -5.25132122e-01 -2.86573119e-02 2.97306922e+04 1.37242774e+01
 1.69478899e+00 -2.98482572e-01 6.41407904e-02 4.83703314e-01 8.32975544e+03 1.37324076e+01
 -2.14349453e+01 -6.29445621e-02 5.66062926e-01 -2.18156542e-01 1.80523427e+03 1.34384885e+01
 -2.29304822e+01 3.15832364e-01 -2.15776208e+00 1.13760483e-01 -1.38852058e+03 1.33794406e+01
 -8.97605205e+00 1.54115617e-01 -2.75437911e-01 4.78679523e-01 -1.48745429e+04 1.35823965e+01
 2.98590237e+00 1.06987789e-01 -7.85725247e-01 1.11952597e-01 -1.65038101e+04 1.37424404e+01
 -1.37003738e+01 -5.21877817e-02 -1.29229558e+00 -2.39985059e-01 2.30184572e+04 1.35331974e+01
 -5.36284433e+00 -5.12782593e-01 1.04514679e+00 4.16396097e-01 6.25029052e+03 1.36363215e+01
 -1.29900868e+01 2.97958479e-01 1.03138735e+00 -3.04952880e-01 3.44173329e+03 1.35105092e+01
 -1.58366535e+01 1.75464061e-01 1.62724409e-01 6.10630620e-01 4.89355259e+03 1.34814647e+01
 3.95022894e+00 8.35014868e-01 8.84180307e-01 -6.73234485e-02 -2.58356508e+04 1.37580266e+01
 -1.57237823e+01 1.85282094e-01 9.44442860e-01 1.33552584e-01 -1.12878698e+04 1.34867116e+01
 -1.47704715e+01 -3.50303738e-02 1.43294484e+00 2.21261313e-01 3.51023988e+04 1.35036769e+01
 -9.90582656e+00 -7.41262262e-01 1.11672549e+00 -2.03336581e-01 1.93322455e+04 1.35775487e+01
 2.50705786e+01 2.31599692e-01 1.37353197e+00 4.97831945e-03 -9.43218461e+03 1.40368506e+01
 -1.05103078e+01 -3.04803969e-01 5.16834837e-02 -1.48116718e-01 2.78419475e+04 1.35672962e+01
 -1.21594797e+00 -2.82521626e-01 -3.08765840e-01 -1.43984226e-01 -1.24039824e+04 1.36609190e+01
 -9.38699199e+00 1.22318763e-01 -9.55014665e-02 -5.05529610e-01 2.46995165e+04 1.35803646e+01
 -1.49563836e+01 -8.19437569e-01 -7.51861856e-01 -2.17603333e-01 -1.22291059e+04 1.34894538e+01
 -5.79541379e+00 3.28866682e-01 -1.36153768e+00 -1.74620451e-01 4.79928412e+03 1.36397646e+01
 -1.76340852e+01 -9.93800130e-03 -4.24022233e-01 4.86502366e-02 1.11011171e+04 1.34659755e+01
 -4.38408339e+00 4.23485809e-01 -4.07702225e-01 -2.24139086e-02 -1.53821519e+04 1.36261648e+01
 -6.83204287e+00 -6.30821539e-01 2.15261393e-01 2.45624416e-01 1.62045731e+04 1.36224418e+01
 5.72378847e+00 -4.59757576e-02 -1.35405607e+00 1.40509547e-01 1.83807810e+04 1.37845582e+01
 -7.85943931e+00 -5.26306261e-01 -6.81969069e-01 1.99724989e-02 5.11979009e+03 1.36085825e+01
 -1.98633002e+01 -5.99196043e-01 8.55359513e-01 -5.68269025e-01 -1.48293406e+04 1.34327025e+01
 -1.20807113e+01 -3.39001931e-01 1.45935045e-01 5.20517761e-02 1.14248213e+04 1.35190991e+01
 2.85094688e+01 5.46238085e-01 -7.53176364e-01 4.97749117e-02 6.22005354e+03 1.40784319e+01
 -7.68235072e+00 -1.14004690e-01 -1.50980523e-01 9.11270644e-01 5.48889258e+03 1.35787426e+01
 2.29423593e+00 1.77699760e-02 -4.96096705e-01 -5.22670871e-01 -2.76293153e+04 1.37383380e+01
 7.42634744e+00 3.14524635e-01 -1.17763936e-01 4.11094824e-02 -2.11486341e+04 1.38122797e+01
 9.93441784e+00 -3.63784219e-01 -1.80490326e+00 -1.42206094e-02 -1.30889815e+04 1.38581236e+01
 -1.01641866e+00 -6.85086473e-01 2.96005888e-01 -1.02425521e-01 -2.56324953e+04 1.36783935e+01
 -2.39403978e+00 2.45931107e-01 5.51216240e-01 7.17850480e-01 -3.31568700e+04 1.36368052e+01
 1.78919660e+00 -5.80958950e-01 1.58761484e+00 -2.45173869e-01 9.02808491e+03 1.37415637e+01
 4.79476466e-01 1.79448461e-01 8.32950397e-01 -1.50791749e-02 5.12810745e+02 1.37149137e+01
 -9.72388700e+00 2.13664306e-01 -1.56289764e+00 -5.43578795e-01 7.58300885e+03 1.35413339e+01
 1.15492359e+01 -4.85853427e-01 1.46664244e+00 3.35550469e-01 1.06845116e+04 1.38526043e+01
 -1.79990023e+01 -3.73849920e-01 -3.48581327e+00 5.04415073e-02 -1.19012770e+02 1.34356564e+01
 9.31018645e+00 2.67673468e-01 5.78042751e-01 -4.05698376e-01 -3.12000322e+04 1.38029928e+01
 1.70022654e+01 1.01486787e+00 -8.34906556e-01 8.27153341e-01 -1.10060501e+04 1.39139736e+01
 1.66477694e+01 1.37132365e-01 -1.64302257e+00 -4.84454441e-01 2.26794318e+04 1.39138092e+01
 1.90129428e+01 -5.12035820e-01 8.07722342e-01 2.37713742e-01 -1.03106021e+04 1.39808271e+01
 -4.03389309e+00 8.87961120e-01 -1.69321991e+00 -3.70490097e-01 2.89226458e+03 1.36682302e+01
 -1.92679435e+00 -6.26785861e-02 1.76892474e-01 -9.87382873e-02 -1.12904996e+04 1.36808197e+01
 -1.70050645e+01 -6.77334825e-02 3.83826162e-01 -4.22933171e-01 -1.36806551e+04 1.34472565e+01
 -3.03321778e+01 1.02088745e+00 1.37917291e+00 4.22538202e-01 2.24192791e+04 1.32672184e+01
 -2.03781601e-01 -3.26336937e-01 1.37231509e+00 5.72661561e-01 -2.26547818e+04 1.37008578e+01
 3.04986251e+00 -9.57750945e-01 5.92579192e-01 -1.34505605e-01 1.12516282e+03 1.37755833e+01
 -1.44885565e+01 6.10628908e-01 -2.59099232e-01 5.17612412e-01 -2.04835567e+04 1.35052535e+01
 2.07507990e+01 4.47724290e-01 -9.17066525e-01 4.29108623e-01 1.97358070e+04 1.39906561e+01
 2.91555484e+00 3.20600798e-01 -1.44281947e+00 2.63858185e-01 2.37729577e+04 1.37435624e+01
 2.15771940e+01 -1.39037843e+00 -2.86328554e-01 -1.24941138e-02 1.81882818e+04 1.40017797e+01
 1.72885470e+01 -7.90612995e-01 6.03917077e-01 -6.71838758e-02 -1.85284897e+04 1.39233787e+01
 1.45894369e+01 5.84132993e-01 2.95723620e-01 -7.32311466e-01 2.02157070e+04 1.39167593e+01
 1.43655089e+01 -5.09663385e-01 8.01887681e-01 9.62421960e-02 -4.56428297e+02 1.38954000e+01
 -9.62737701e+00 4.42119808e-01 1.11484120e+00 2.81224925e-01 -3.34134820e+03 1.35707064e+01
 -9.11177256e+00 8.20864135e-01 8.92832630e-01 -7.63045268e-01 7.43704662e+03 1.35764880e+01
 -2.15026987e+01 5.16881608e-01 -1.41477277e+00 -1.80165984e-01 2.39677318e+04 1.33776818e+01
 -5.53069305e+00 8.32774615e-01 -3.14793364e-01 -3.10677713e-01 1.54004346e+04 1.35981059e+01
 8.84318085e+00 -2.17643611e-02 -1.23751634e+00 -2.88970836e-01 2.50148316e+04 1.38120345e+01
 4.87773620e+00 -1.16092535e+00 2.02678442e+00 -3.02680798e-01 -1.40356359e+04 1.37642742e+01
 -4.19862745e+00 -4.80415162e-01 5.38323182e-01 5.07963317e-01 -1.82632492e+04 1.36446233e+01
 1.50161793e+01 8.25215735e-01 6.27790296e-01 1.06831519e-01 -2.75111607e+03 1.39211579e+01
 -4.09165473e+00 3.59426639e-01 4.45921908e-01 -3.03820739e-01 8.38976917e+02 1.36339290e+01
 1.25076646e+01 8.49381990e-01 2.56109015e-01 -6.59102253e-02 9.37474961e+03 1.38566232e+01
 1.83646907e+01 6.38167772e-01 -6.59666221e-01 -3.26793779e-01 -4.47725426e+02 1.39624304e+01
 1.10409147e+01 -2.68935346e-01 1.02176862e+00 -1.30968970e-02 2.04955733e+04 1.38399914e+01
 -1.15310980e+01 1.00375967e-01 1.05040558e+00 1.12862357e-01 -1.04654997e+04 1.35491223e+01
 -7.64657042e+00 -6.12203112e-03 -2.27073352e+00 5.90050565e-02 1.99022327e+03 1.35868690e+01
 -1.50307356e+01 -5.02441376e-01 -1.34547884e-01 -2.11223979e-01 4.00960001e+03 1.34994402e+01
 2.67433315e+00 -2.51010155e-01 1.03607082e+00 -1.13864452e-01 7.31230096e+02 1.37265141e+01
 -1.25866161e+01 -3.12228195e-01 1.17569973e+00 2.01834654e-01 1.15341980e+04 1.35376101e+01
 2.65847302e+01 -7.94823759e-01 -2.63926285e-01 -1.22154192e-01 1.07655615e+03 1.40554254e+01
 -5.43425189e+00 -4.23000843e-01 4.75341593e-01 -9.71167051e-01 -1.64054205e+04 1.36147426e+01
 -1.02757651e+01 3.73729977e-01 -5.84189345e-01 4.25338906e-01 9.21013960e+03 1.35437231e+01
 6.82237643e+00 1.16785759e-01 -1.15792267e+00 -1.85086837e-01 -4.25014844e+03 1.37763669e+01
 1.20052580e+01 -9.69066042e-02 1.49107829e+00 6.64706390e-01 4.07024052e+04 1.38669106e+01
 -7.23578339e+00 -5.84166618e-01 3.06907673e+00 -3.29679973e-01 4.02868758e+03 1.35995166e+01
 -1.09447383e+01 2.70163727e-01 -1.88090035e+00 -3.55920121e-01 3.72259585e+04 1.35672226e+01
 -5.31027102e+00 -5.78868693e-01 1.54654233e+00 -2.98016855e-01 -3.42591110e+04 1.36108485e+01
 -1.66510083e+01 8.96242248e-02 2.91882444e+00 3.32582398e-01 -2.55084592e+03 1.34836325e+01
 -1.18326296e+00 2.70278923e-01 -7.79764613e-01 -2.98852554e-01 2.00514223e+04 1.37069608e+01
 -2.86010645e+00 -4.46813859e-01 -4.36788681e-01 -2.95320710e-01 -2.09346999e+02 1.36788466e+01
 -6.37984931e+00 -5.46984310e-01 8.89946771e-01 -2.53371473e-01 8.35457115e+03 1.36222938e+01
 -5.18465288e+00 8.24004205e-01 -7.85377145e-01 -3.64968819e-01 -1.17072757e+04 1.36358822e+01
 -2.07144090e+01 -1.53521204e-01 9.47214219e-02 -5.28745060e-01 -2.41940332e+04 1.34066842e+01
 1.56600098e+01 -3.80093756e-01 -1.97062280e-01 1.45978763e-01 1.60074015e+04 1.39001290e+01
 2.92687575e+00 1.46751839e-01 1.87746489e+00 1.89974793e-01 8.04899653e+03 1.37433596e+01
 -1.13130863e+01 -8.03085840e-01 -4.17555453e-01 3.84714042e-01 2.41535038e+04 1.35547518e+01
 -1.53715759e+01 2.26676233e-01 3.56964118e-01 -6.29685262e-01 3.35371079e+04 1.34886998e+01
 1.89050154e+01 4.94528063e-01 1.00248712e+00 -2.72243042e-01 1.66204396e+04 1.39333240e+01
 -1.13719101e+01 1.56448590e+00 6.58295566e-01 -4.62694707e-02 1.58683757e+04 1.35370162e+01
 -1.52205417e+01 -3.67772373e-01 1.76425582e+00 4.47793802e-01 -2.06838316e+04 1.34582763e+01
 -1.50217084e+01 -1.65123262e-01 -6.15230481e-01 8.70032625e-01 1.37886715e+03 1.35133505e+01
 1.88386294e+01 1.93907074e-01 -1.48842858e+00 2.49589117e-01 -1.00778895e+04 1.39379869e+01
 6.27880331e+00 4.71245435e-01 -1.30626834e+00 9.63895766e-01 1.46473611e+03 1.37968172e+01
 -5.86149167e+00 2.64714285e-01 6.25117892e-01 -2.87488028e-01 2.63372784e+04 1.36266221e+01
 -7.73653591e+00 7.58203300e-02 -4.84550587e-01 -2.82383015e-01 3.34993399e+04 1.35859916e+01
 -1.97650739e+01 2.59311141e-01 3.59114485e-01 2.76450471e-01 4.67966049e+04 1.34322568e+01
 9.82645169e+00 -6.12767216e-01 -6.03779757e-01 -8.05879909e-01 -1.30224892e+04 1.38403975e+01
 2.83361090e+00 -3.52983897e-01 2.71980954e-01 -5.80503239e-01 -1.27853436e+04 1.37276291e+01
 1.98431037e+01 5.00932928e-01 1.49374802e+00 -4.53148773e-01 2.92039293e+04 1.39651060e+01
 -1.03544578e+01 2.31488448e-02 1.26654786e+00 -2.72106719e-01 -1.03885313e+03 1.35576618e+01
 -1.50030537e+01 -8.44322500e-02 -1.57780061e-01 -5.07478150e-01 4.78427862e+03 1.34859045e+01
 -6.16462771e+00 -5.73392461e-01 -1.06530355e-01 2.52706322e-01 -1.98312343e+04 1.36110628e+01
 1.40378548e+01 -6.81974531e-02 1.99032056e+00 -8.05792172e-01 3.64478031e+04 1.38841164e+01
 -2.88943506e+01 2.66860962e-01 2.15387128e+00 -4.43641694e-02 -1.50012826e+04 1.33111630e+01
 5.95735357e+00 5.59905482e-01 -5.34170413e-01 1.80541560e-01 2.57508310e+04 1.37947866e+01
 -5.56863465e+00 -2.08513806e-01 1.80822863e+00 -4.58591133e-01 -3.60378014e+03 1.36279868e+01
 -2.00060421e+01 -6.38591351e-01 2.14938193e+00 -9.60955631e-02 -6.87148918e+03 1.34219207e+01
 -2.07709985e+01 -7.24105717e-01 -6.29208263e-01 1.38177336e-01 -3.16204162e+04 1.34110744e+01
 -5.87482261e+00 -3.43164564e-01 7.49376229e-01 -5.38071829e-01 -3.02966522e+04 1.36082841e+01
 -1.27202345e+01 1.75463182e-02 -1.08774349e+00 -4.12335689e-02 8.45839000e+03 1.35461735e+01
 -3.97024124e+01 -1.64391357e-01 -4.83906905e-01 -5.36557662e-01 2.06040997e+02 1.31435179e+01
 -3.25691200e+00 -4.51510175e-01 2.26210715e+00 2.71822973e-02 -1.45616204e+04 1.36423125e+01
 -1.35618100e+01 6.89410992e-01 4.87777817e-01 8.66324424e-02 1.46261578e+04 1.35071466e+01
 1.88451500e+01 9.16513185e-01 9.73720853e-01 -2.30476511e-01 -7.26109771e+03 1.39324806e+01
 2.08964663e+01 -9.39428813e-02 -2.07851535e-01 -1.93365393e-01 7.61047274e+01 1.40007017e+01
 -3.31524057e+00 -3.81168643e-01 1.37936892e+00 -2.39363975e-01 -3.75363167e+03 1.36506650e+01
 5.25600972e+00 5.86212086e-02 -1.76932204e+00 2.20740969e-01 -2.71336684e+04 1.37666527e+01
 1.81785182e+00 4.04103210e-01 -1.24771429e-01 3.90234162e-01 -1.44891164e+04 1.37227220e+01
 1.66141891e+01 -2.70343987e-01 -7.31583707e-02 3.20580554e-01 1.46211801e+04 1.39306039e+01
 -3.44050567e+01 -5.88151486e-01 9.02733844e-02 -1.28411167e-01 7.81784005e+03 1.32210715e+01
 8.94755734e+00 8.92704168e-01 -2.90849460e-01 -6.18957725e-01 -1.84256850e+04 1.38083591e+01
 2.00265636e+01 -4.46467636e-02 -9.84939109e-02 1.14302914e-01 -1.18259273e+04 1.39602160e+01
 -1.35491527e+01 6.09987746e-01 1.41749973e+00 -6.24419360e-01 -2.75259059e+04 1.35252121e+01
 -4.24788585e+00 -3.41823763e-01 1.33517527e+00 2.95171049e-01 1.53129615e+04 1.36504144e+01
 -1.30050434e+00 -7.42987224e-01 1.51619048e+00 2.10706198e-01 1.79153551e+04 1.36704864e+01
 -2.64210833e+01 -2.49111360e-01 7.18819306e-01 7.40198255e-01 3.43432597e+04 1.33174951e+01
 8.61336075e+00 4.63306344e-01 2.85895420e-01 3.07154923e-01 1.49354470e+04 1.38147606e+01
 9.57272182e+00 6.72877501e-01 -1.00902207e+00 4.04634841e-01 2.74756838e+04 1.38417869e+01
 2.56666192e+00 8.29083442e-02 2.03657525e+00 -4.38734701e-01 -6.95011389e+03 1.37188333e+01
 2.26046849e+00 -1.06051807e+00 7.17364889e-01 -8.38884370e-02 1.63570880e+04 1.37445370e+01
 1.35691428e+00 6.47000564e-01 -1.81057121e+00 6.27217777e-01 2.41891536e+04 1.37385553e+01
 -1.46635174e+01 4.37248320e-01 -1.01590685e+00 -1.82624398e-01 -1.20964560e+04 1.35011712e+01
 1.67003615e+01 3.95444843e-01 1.13006565e+00 -3.53352342e-01 -4.09281168e+03 1.39357380e+01
 1.59813824e+00 4.50210482e-02 -8.75744175e-01 -6.09437940e-01 -1.81273254e+04 1.37398939e+01
 1.42978967e+01 3.65243704e-02 -1.79433758e+00 1.03967471e-01 9.33825881e+03 1.38866768e+01
 -3.06472719e+00 5.34062073e-01 1.44609826e+00 7.85909368e-01 -9.48166050e+03 1.36650552e+01
 -2.06105254e+00 1.34211010e+00 2.57665212e-01 -2.34129131e-02 -2.81130255e+04 1.36715142e+01
 -1.50942666e+00 -2.49670071e-01 -1.01177186e+00 8.54695468e-01 2.93057121e+04 1.36897037e+01
 -2.83864617e+01 -5.04919068e-01 8.41116497e-01 -8.26523920e-01 -2.10444903e+04 1.33007082e+01
 3.84822104e+00 5.83546627e-02 -1.50721367e+00 3.77088216e-02 3.27929919e+04 1.37690605e+01
 -4.57778882e+00 2.62157366e-01 -2.28994296e-01 8.01136806e-02 -1.59189377e+04 1.36483648e+01
 -7.24734052e+00 1.07951354e+00 1.48765928e+00 -9.79401419e-01 1.22263462e+03 1.35878140e+01
 9.38605678e+00 -2.45489418e-01 1.92555955e+00 5.57754778e-01 -1.60139841e+04 1.38266088e+01
 2.81228725e+00 5.68086397e-01 -1.43021320e-02 -3.39329051e-01 -2.61502079e+04 1.37414736e+01
 -1.39649153e+01 2.83045177e-01 -1.64301757e-01 5.77575626e-01 2.59633939e+04 1.35091750e+01
 2.33698033e+00 -2.35542861e-01 8.58767375e-01 6.26577316e-01 1.81856446e+03 1.37416830e+01
 -2.23959174e+01 -1.11391694e-01 1.96531497e+00 -2.80971232e-01 2.41702428e+04 1.33967731e+01
 1.07343022e+01 4.10317730e-01 -2.16195951e-01 4.39389796e-01 1.90340573e+04 1.38527935e+01
 -8.12459067e+00 5.40257558e-01 8.57557865e-01 -6.20101687e-01 -5.69635092e+03 1.35625716e+01
 1.87417420e+01 4.71149856e-01 8.35181301e-02 -3.15418073e-01 1.38766961e+02 1.39458248e+01
 1.53068255e+01 1.50421910e-01 -4.14696249e+00 -5.30483376e-01 -2.09146245e+02 1.39100988e+01
 -1.60408520e+01 -1.05748052e+00 -4.64189028e-01 2.38048258e-01 3.66621212e+04 1.34601735e+01
 -1.34529518e+01 1.43090827e-02 -4.03432202e-01 -2.05466732e-01 -8.30351584e+03 1.35263788e+01
 2.53712126e+01 2.26412136e-01 -1.09716445e+00 7.85823080e-01 -7.14908565e+03 1.40382039e+01
 1.95757459e+01 2.88399156e-01 -2.42391023e-01 2.99688735e-01 -1.45605471e+04 1.39643199e+01
 1.26464792e+01 -5.50211807e-02 -2.42140449e+00 1.24143939e-01 2.78337624e+03 1.38746909e+01
 -1.04337945e+01 1.26035418e+00 5.03048372e-01 -6.04967849e-01 -3.34746942e+04 1.35489967e+01
 -7.25972241e-01 -2.34776842e-01 2.62534593e-01 6.77363110e-01 -9.71811885e+03 1.37070870e+01
 -6.45108517e+00 -4.10116617e-01 2.06953375e-01 5.55870150e-01 -3.52778900e+04 1.36291253e+01
 -5.61033697e+00 3.01861128e-01 -6.84289941e-01 7.92867627e-01 -2.42596347e+03 1.36106146e+01
 1.06178066e+01 -3.53675170e-02 1.47617412e+00 -3.68920374e-01 -2.25623081e+03 1.38388519e+01
 9.35160139e+00 -1.09464031e-02 -3.41368664e-01 5.24239639e-01 -7.27642160e+03 1.38420994e+01
 7.48791466e-01 8.59958052e-01 1.65933789e+00 -3.92263612e-01 -1.71609860e+04 1.37355712e+01
 1.05962799e+01 8.74106737e-02 8.42609683e-01 3.05434450e-01 -3.34822685e+04 1.38358467e+01
 -2.35859962e+01 -5.06753989e-01 -3.82474215e-01 -4.96262240e-01 -2.09688379e+04 1.33574937e+01
 -9.96248761e-01 5.69973634e-01 8.45096854e-03 5.98115681e-01 -1.19573936e+04 1.36810295e+01
 -1.20798229e+01 -4.79529671e-01 6.17426133e-01 2.53969802e-01 8.62690276e+03 1.35436963e+01
 1.39130385e+01 -1.88050977e-01 -9.58099522e-01 8.93244074e-02 -5.61584130e+03 1.38843052e+01
 -2.11814525e+00 -3.50973816e-01 -1.67566636e+00 -5.94303911e-01 -1.26550071e+04 1.36806027e+01
 1.61991767e+01 -1.57836103e-01 3.98654205e-01 -1.41208972e+00 -4.40182149e+04 1.39195079e+01
 -1.44668444e+01 -4.12714372e-01 1.20923270e+00 4.72612729e-01 9.94091408e+03 1.35044586e+01
 9.18802441e+00 -8.80991789e-01 1.56933741e+00 -1.10082122e-01 -8.56034755e+03 1.38014236e+01
 3.15760013e-02 -2.76817967e-02 2.09545401e+00 -3.58906172e-01 -1.55691795e+04 1.36931102e+01
 -6.21839616e+00 -7.44587688e-01 -5.83232279e-01 1.15310359e-01 1.03209636e+04 1.35893205e+01
 5.17797692e+00 -2.28057014e-01 -2.00216392e+00 -7.19813576e-01 -1.27763696e+04 1.37742781e+01
 5.30333292e+00 1.05919356e+00 8.56918057e-01 -7.87958437e-02 1.53501873e+04 1.37697615e+01
 1.00158118e+01 -2.12050645e-01 -1.23132575e+00 2.43482162e-01 -2.02475326e+04 1.38342386e+01
 1.79911283e+01 1.79764482e-01 6.34874434e-01 7.45767017e-02 -1.24382945e+04 1.39257464e+01
 1.16372236e+01 1.13466235e-01 8.25294581e-02 8.49172501e-01 -3.43773217e+04 1.38458519e+01
 -1.19781998e+01 -5.80485869e-01 1.84732833e+00 6.22898287e-02 3.28944213e+04 1.35293519e+01
 1.60778069e+01 -4.42974584e-01 -6.97608133e-01 5.56778253e-01 -2.97007787e+03 1.39184739e+01
 3.10619968e+00 1.05528715e-02 -9.28728045e-01 5.20156974e-01 1.74512137e+04 1.37309896e+01
 1.81544866e+01 -3.56489958e-01 1.65681259e+00 4.77245110e-01 1.36594971e+04 1.39558310e+01
 -2.78201038e+01 1.56431642e+00 -7.20145889e-01 2.81469065e-01 -2.57685760e+04 1.33291280e+01
 -2.83595195e+01 -5.91567331e-01 2.64633574e+00 -2.30492612e-01 -1.16711103e+04 1.33212552e+01
 3.05348774e+01 -6.70633000e-01 -5.23411818e-01 -2.47848113e-01 1.30715452e+04 1.41060701e+01
 1.48770271e+01 -8.58599130e-01 1.41175275e+00 1.78301456e-01 2.85461285e+04 1.38938828e+01
 -3.43999174e+01 -5.22046262e-01 -2.19285035e+00 4.87820082e-01 -7.37926898e+03 1.32316256e+01
 2.12532910e+01 2.22703616e-01 -1.18872262e-01 5.32217126e-01 -1.33174767e+04 1.39998902e+01
 4.73913371e+00 -2.10680454e-01 -6.77068116e-01 2.36281104e-01 3.88623811e+04 1.37837890e+01
 -7.25228850e+00 -4.90205104e-01 -2.25726811e-01 6.96280674e-01 -1.14786033e+04 1.35827732e+01
 -1.59896488e+01 -2.49277382e-01 -7.83125845e-01 6.67474142e-01 -2.12994113e+04 1.34911747e+01
 -3.83251749e+00 7.24043187e-01 5.50736255e-01 -3.70369088e-01 -2.34299532e+03 1.36459900e+01
 1.14297636e+01 2.11304186e-01 -7.31590124e-01 1.21102970e-01 -1.87942511e+04 1.38647295e+01
 -1.61230841e+01 -2.48759380e-01 -6.07499427e-01 -1.80626743e-01 2.72485431e+04 1.34747855e+01
 -1.27675037e+01 1.33062537e-02 4.60562684e-02 -1.08119309e+00 7.32523609e+03 1.35234429e+01
 1.06267543e+01 4.98612038e-02 7.89323140e-01 1.19958965e-01 -1.27563230e+04 1.38293645e+01
 -1.97450354e+00 -4.34119363e-01 2.58311300e-01 -1.04504975e-01 -2.82908577e+04 1.36681032e+01
 -4.30818437e+00 -6.03410986e-01 -1.20366792e+00 -5.84258221e-01 4.27924078e+03 1.36501170e+01
 -2.19925221e+01 -8.17126821e-01 -3.72461196e-01 3.26015891e-01 4.71860224e+03 1.34071489e+01
 2.91547353e+00 -3.48002613e-01 7.64319309e-01 1.19633494e+00 -4.16616713e+04 1.37355076e+01
 1.97799352e+00 -3.23036686e-01 -1.64403640e-01 4.78477624e-01 1.55455485e+04 1.37296342e+01
 1.51018604e+01 -2.73008092e-01 -2.62433704e-01 1.92780625e-01 -4.86845753e+03 1.39070470e+01
 -2.40765243e+01 -3.08006853e-01 -4.69249498e-01 -6.31951729e-02 -1.63641911e+04 1.33883230e+01
 1.50202018e+01 -3.74303778e-01 -1.10342881e+00 9.13255476e-01 -3.16261478e+04 1.38921541e+01
 1.55221476e+01 1.36607338e+00 1.48474416e-01 -6.02720303e-01 1.89503563e+04 1.38778764e+01
 -7.33441110e+00 -3.45383393e-01 -2.61737375e-01 -7.50612198e-02 -1.76626699e+04 1.36182642e+01
 2.63848575e+01 -3.88105830e-01 1.70235152e+00 -3.57377470e-01 -8.60318637e+03 1.40599340e+01
 7.41201428e+00 3.16128919e-01 1.07515326e+00 5.44569787e-01 4.26177304e+03 1.38033555e+01
 -1.67695331e+01 -2.23939674e-01 2.89465692e-01 7.58901910e-01 -2.12054907e+04 1.34911062e+01
 7.81193089e+00 5.50444892e-01 -3.09666545e-01 3.09532121e-01 -3.52663182e+04 1.38209438e+01
 -4.27514238e+01 3.70634246e-02 -7.39753789e-02 -6.16066421e-01 -1.00906617e+04 1.31182493e+01
 -1.66143376e+01 5.18347188e-02 -1.82521620e+00 3.40777943e-01 1.90656961e+04 1.34700760e+01
 -1.96079782e+01 3.00859940e-01 -2.25352980e-01 2.54220503e-01 5.19177711e+04 1.34182545e+01
 6.52574260e+00 -8.15321013e-01 5.98471864e-01 -3.25640118e-01 4.77613844e+03 1.38058128e+01
 -2.02189487e+01 2.30163249e-01 1.03726330e-01 -7.15502504e-01 2.08408444e+04 1.34401288e+01
 6.02734230e-02 -9.01062171e-01 1.40650708e+00 5.86838034e-01 2.57420274e+04 1.37269891e+01
 -1.70481124e+00 -3.01648935e-01 6.17434972e-02 1.87617001e-01 -2.47510766e+04 1.36865858e+01
 -6.02080065e+00 -1.26921083e-01 -8.22083638e-01 8.41466180e-02 -2.48664407e+04 1.36177575e+01
 -9.20146374e+00 1.28025128e+00 4.50075115e-01 5.08026503e-01 1.43154517e+04 1.35752660e+01
 1.05656718e+01 -5.22487173e-01 -1.04013561e+00 1.44182899e-01 7.73093091e+03 1.38568078e+01
 5.82417730e+00 -2.15547376e-01 -2.06899322e-01 3.52592340e-01 2.13508818e+04 1.37839336e+01
 -8.64931479e+00 1.34099998e+00 -8.92011487e-01 -1.11652527e+00 -3.73981455e+04 1.35693942e+01
 -1.00308512e+01 -2.95968829e-01 -1.98988130e-01 -1.42913704e+00 4.69254481e+03 1.35402875e+01
 -2.34163751e+01 2.71271537e-01 5.07307782e-01 -4.37778533e-01 7.75525157e+03 1.33765047e+01
 -2.80719958e+00 3.19040721e-01 2.99950106e-01 -4.35736359e-02 2.33596461e+04 1.36352878e+01
 -2.09033189e+01 -5.36586434e-02 -3.78874405e-01 8.00416750e-01 -1.60334494e+04 1.34330736e+01
 8.43642903e+00 -7.26912610e-01 2.93985651e-02 -1.52269732e-01 5.65043684e+03 1.38062208e+01
 -3.22262206e+00 7.50472387e-01 5.79320018e-01 -1.66564981e-01 -8.15095379e+03 1.36568433e+01
 -2.07851397e+01 3.87263420e-02 9.26944824e-01 1.00021888e-01 -3.83186485e+03 1.34073128e+01
 -2.32349155e+01 3.06953610e-01 -2.86120992e-01 4.19955286e-01 8.67935122e+03 1.33757730e+01
 -1.99527973e+01 -9.99598940e-02 4.94938265e-01 3.50606582e-02 -2.65002719e+04 1.34369550e+01
 -6.18324988e+00 2.36925878e-01 -7.70988339e-01 1.90660047e-01 7.51400254e+03 1.36459170e+01
 2.51859412e-01 1.27660082e-01 7.26495976e-01 -8.70658480e-01 6.60393980e+03 1.37198749e+01
 2.26267071e+01 7.78824586e-01 1.49533893e+00 4.22093363e-01 5.23341155e+03 1.39949434e+01
 -1.61431986e+01 -2.47189332e-02 1.51409079e+00 5.00769302e-01 3.48309143e+03 1.34798456e+01
 3.06817628e+01 2.01066259e-01 3.73716727e-01 9.52986512e-02 1.34292015e+04 1.41100579e+01
 -2.13893764e+01 8.90937733e-02 2.90446445e+00 -1.56503806e-01 -2.81615264e+04 1.33846787e+01
 -1.98332089e+01 -1.48940244e-02 -1.67674174e-01 -1.99108344e-01 -8.44226153e+02 1.34252707e+01
 -4.90245583e+01 -7.37817375e-01 -2.09134190e+00 4.53386369e-02 -7.75413551e+03 1.30015507e+01
 6.18160435e+00 -1.85602449e-01 1.12676952e+00 2.51892796e-01 1.86655421e+04 1.37757636e+01
 -8.31807483e+00 -7.42706891e-02 -1.05822288e-01 -9.01675994e-02 9.53701841e+03 1.36093942e+01
 2.63427697e+00 -2.92236946e-01 3.46385368e-01 -6.36494384e-01 -2.92832261e+04 1.37142145e+01
 -9.19241366e+00 5.29488173e-01 6.58653316e-01 -5.18512487e-04 1.02266053e+04 1.35821825e+01
 -7.83307452e+00 1.80540255e-01 -4.03092503e-01 7.02984871e-02 4.49947820e+02 1.35939391e+01
 -2.12566119e+01 3.84541956e-02 -1.95400296e-01 -2.33195296e-01 4.35211829e+03 1.34017214e+01
 1.33619486e+01 4.94632621e-01 3.42977286e-01 1.87454513e-01 2.76577925e+04 1.38865973e+01
 -7.31525262e+00 -2.59963260e-02 -7.41412442e-01 -1.79687470e-01 -3.42598979e+03 1.35974805e+01
 -3.39520284e+00 -2.30484610e-01 -3.24533346e-02 5.17079575e-01 -4.97604247e+03 1.36462549e+01
 1.26656950e+01 -6.10527823e-01 8.09240245e-01 -6.02346037e-01 5.07091530e+04 1.38637728e+01
 1.27725190e+01 4.13511504e-01 1.00479247e+00 5.26782477e-01 2.27122926e+04 1.38752514e+01
 5.10560720e+00 -1.14590521e-01 1.78770171e+00 1.31890498e-01 -1.57341993e+04 1.37731383e+01
 -1.94772470e+01 3.37470818e-01 1.91213500e+00 3.75707877e-01 3.59406367e+04 1.34205576e+01
 1.70580973e+01 -8.91094863e-02 5.22529768e-01 -1.73064022e-01 -1.12437287e+03 1.39404256e+01
 -4.87667597e+00 -4.33586488e-01 -3.44389045e-01 -3.92818442e-01 -4.56961456e+04 1.36379289e+01
 -3.88954795e+00 1.18355847e-01 1.37025225e+00 -6.31501513e-01 -3.88702444e+04 1.36384076e+01
 3.20556894e+00 -9.34441143e-01 -3.80164341e-01 2.81839913e-01 -1.61378701e+04 1.37670147e+01
 -1.42075734e+00 -4.57569081e-01 7.59264117e-02 4.30057656e-01 -2.93789105e+04 1.36683912e+01
 2.83942539e+00 -2.82802472e-01 -1.57635449e+00 4.68573061e-01 -2.56893347e+04 1.37334597e+01
 -3.72669006e+00 9.33343312e-01 8.35514537e-01 5.83472326e-01 -2.00285392e+04 1.36398819e+01
 1.10178383e+01 -3.01384260e-01 5.19069709e-01 -2.47715893e-02 1.85548755e+04 1.38443593e+01
 -7.38021887e+00 -1.00426201e-02 -3.26964620e-01 -2.26505802e-01 8.60858279e+03 1.36047958e+01
 2.68789922e+00 2.22939710e-01 -3.72834687e+00 1.01101341e-01 -2.16281501e+04 1.37626773e+01
 3.14460328e+00 1.44172858e-01 -5.18030521e-01 2.90276454e-01 -3.11518575e+04 1.37411345e+01
 -2.37207331e+01 7.16333704e-02 1.04135454e+00 5.09315570e-02 1.49401521e+04 1.33761442e+01
 -5.07157529e+00 8.07028347e-01 -8.42049392e-02 6.20529687e-01 -2.09412589e+03 1.36371024e+01
 2.72477890e+01 1.09994644e+00 2.40306981e-01 -9.17869106e-02 -3.06194873e+04 1.40620319e+01
 7.09696201e+00 -1.38227688e+00 4.92895152e-01 -1.18005157e+00 1.32920368e+02 1.37931258e+01
 -6.38860343e+00 -3.21405815e-01 -1.57653230e+00 5.17186921e-02 -8.68605641e+03 1.36027523e+01
 2.66824123e+01 -9.79913164e-01 -2.11878512e-02 -8.99673370e-01 1.21859328e+03 1.40605294e+01
 1.51112441e+01 6.37302079e-01 7.94697863e-01 2.06522458e-01 -6.61531234e+03 1.39215621e+01
 2.07292300e+01 4.02761782e-01 -1.03741009e+00 -4.24336313e-01 -6.69655955e+03 1.39665681e+01
 -8.67225725e-01 1.28942648e+00 -9.56280796e-01 -4.45826928e-01 1.63291488e+04 1.36654672e+01
 -1.36940175e+01 -7.91855991e-02 1.07232649e+00 9.86631381e-02 7.97238474e+03 1.35109885e+01
 2.53600136e+01 -3.39984748e-01 2.29295777e+00 -9.77063317e-02 1.24280411e+04 1.40666773e+01
 -9.35392225e+00 -1.03411912e+00 2.23876324e-01 2.23739878e-01 1.30546328e+04 1.35824159e+01
 3.17118944e+01 -1.11891774e-01 6.54933687e-01 2.56567540e-01 2.91725050e+04 1.41261058e+01
 -2.46730867e+00 -1.90620798e-01 3.62105763e-01 -1.77414654e-01 3.80375495e+04 1.36621670e+01
 9.39228133e+00 -3.97031074e-01 1.42292706e+00 -4.12003392e-01 -2.48288301e+04 1.38296819e+01
 1.52457923e+00 4.40599595e-02 -5.30721921e-01 5.97652249e-01 8.64911500e+03 1.37332402e+01
 -4.50542201e-01 -8.53412484e-01 -4.57519659e-01 4.06371927e-01 -2.34741389e+04 1.36849382e+01
 5.17631614e+00 -7.16630412e-01 6.49020678e-01 -2.31296691e-01 2.13219260e+04 1.37765899e+01
 -3.69970818e+00 1.84011234e-02 -4.47380163e-01 -6.24335150e-01 5.42661174e+03 1.36652532e+01
 -3.18422649e+01 9.35461158e-01 7.51309347e-01 4.89898517e-01 5.49502869e+03 1.32515314e+01
 -4.33415911e+00 1.53529269e-01 5.72345855e-01 3.86651654e-01 -1.01158022e+04 1.36401744e+01
 -1.85609224e+01 6.01519568e-02 -7.74958213e-01 -3.15172151e-01 -2.82957493e+04 1.34313155e+01
 1.25440125e+01 -3.05681779e-02 -2.87433928e+00 -4.58739659e-01 9.49895006e+03 1.38611355e+01
 1.04787594e+01 3.60010287e-01 -4.09692120e-01 2.28886585e-01 -1.49043977e+04 1.38447856e+01
 1.40530301e+00 1.27136695e-01 -6.08803806e-02 -1.83438612e-01 -1.42805821e+04 1.37035903e+01
 1.13491778e+01 2.09342145e-01 6.46939369e-01 -4.14429441e-01 -7.09759148e+03 1.38505482e+01
 1.59391403e+00 1.58450494e-01 -2.05034543e+00 -4.82417621e-01 -1.39438771e+04 1.37176066e+01
 -1.35763318e+01 -4.12566915e-01 7.25408246e-01 9.67772097e-02 1.87011334e+03 1.35195842e+01
 -2.87622388e+00 -1.30499647e-01 9.47634771e-02 -1.97037804e-01 7.41924016e+03 1.36396687e+01
 -9.06940740e+00 2.13182614e-01 1.06339007e+00 7.53640951e-01 -8.79864919e+03 1.35846951e+01
 2.90046773e+01 -4.40181062e-01 -1.53558780e+00 5.09261745e-01 -4.28831593e+03 1.40872493e+01
 -1.99525455e+01 -3.92077658e-01 8.87512029e-01 3.18497111e-01 -3.43304360e+03 1.34299087e+01
 8.27033351e+00 -6.29028936e-01 8.69315176e-01 4.19948940e-02 2.14129006e+04 1.38229559e+01
 1.49436117e+01 3.92252450e-02 1.82235120e+00 -2.55444806e-01 2.70055864e+03 1.39193696e+01
 -6.90465431e+00 -1.09629727e+00 1.60791048e-01 -7.32535725e-02 1.09639700e+04 1.35981942e+01
 -1.50822026e+01 1.40723525e-01 -2.22043573e+00 3.71979428e-01 2.55107041e+04 1.34941093e+01
 1.49494103e+01 9.07095293e-02 -1.66359255e-01 1.80306825e-02 2.05483587e+04 1.39077522e+01
 2.95308427e+01 -2.39619761e-02 -7.09829516e-01 1.34927761e-01 -3.43845155e+03 1.40697852e+01
 -2.49518340e+00 1.12512197e-01 -1.22890531e+00 6.44369941e-01 -3.58626380e+04 1.36756469e+01
 -1.75019874e+01 -5.16100855e-01 -1.23013240e+00 3.82360154e-01 1.48042839e+04 1.34617970e+01
 -5.07133106e+00 2.19137993e-01 -1.25326170e-01 -7.24792930e-01 -2.38441292e+04 1.36527601e+01
 -2.54481924e+01 8.61850951e-03 6.95064412e-01 -3.62217555e-01 -2.02641737e+04 1.33609597e+01
 -1.76983569e+01 -4.18862568e-01 3.80785261e-01 1.88443751e-01 1.59148745e+04 1.34713647e+01
 6.35535464e+00 2.63364668e-01 -4.79418911e-01 -1.71718755e-01 2.00081977e+04 1.37799457e+01
 -2.55874495e+01 7.37734186e-01 -1.96079442e+00 5.57743947e-03 -6.98488010e+03 1.33522286e+01
 -5.79918815e+00 -4.60535863e-01 1.37572053e+00 -2.28551392e-01 -1.15912611e+04 1.36346899e+01
 1.62269623e+01 -6.66256521e-02 -2.12791747e+00 -3.13256037e-01 3.71280985e+03 1.39047507e+01
 -2.60634782e+01 6.49350191e-01 3.45988810e+00 -6.23133688e-01 1.09321406e+04 1.33287695e+01
 2.31813953e+00 5.01129219e-01 -6.93627255e-01 -2.18926886e-01 -1.48187845e+04 1.37202266e+01
 -1.40217274e+00 -1.22599145e-01 4.80767154e-01 6.51466445e-02 2.19276436e+04 1.36667208e+01
 -2.10811030e+01 -3.49274986e-01 -2.21017910e+00 2.87933805e-01 -8.88071354e+03 1.34046352e+01
 -9.46869519e+00 3.47628757e-01 -8.53476906e-01 1.99628767e-01 -1.35625785e+04 1.35913194e+01
 -9.61227194e+00 -4.08180464e-01 -7.85535112e-01 -4.96025716e-01 -3.17664359e+04 1.35503615e+01
 7.91108413e-01 1.06766907e-01 -1.44857554e+00 -5.44756034e-01 -1.85057307e+03 1.37108552e+01
 3.06008747e+01 -2.08574419e-01 1.24028578e+00 -1.76855532e-01 -1.89334563e+04 1.41114815e+01
 -4.08649905e+00 1.67633846e-02 1.93418635e+00 -4.64304158e-01 1.10436451e+04 1.36358537e+01
 -2.90634634e+01 7.83572950e-01 -9.63313647e-01 -1.72820955e-01 1.96392636e+03 1.32986432e+01
 -2.53062929e+01 6.40047076e-01 1.24633266e+00 1.03861901e-01 1.92158707e+04 1.33318638e+01
 2.42532584e+00 -3.42058123e-01 1.33752907e+00 3.15198005e-01 1.01057245e+03 1.37319987e+01
 1.00656521e+01 4.94730392e-01 5.61145718e-01 -3.62800636e-01 -4.26014279e+03 1.38409894e+01
 -1.90626189e+00 8.26437913e-01 5.52375930e-01 -1.65319519e-01 1.93889569e+04 1.36502813e+01
 4.48569565e+00 2.88724213e-01 -1.79536674e+00 -2.67741251e-01 -1.30503556e+04 1.37691585e+01
 3.82518422e+00 3.81870723e-01 -1.17256266e+00 -2.41177925e-01 4.53605632e+03 1.37436998e+01
 1.82704278e+01 1.04248824e-01 -1.33259676e+00 3.79202244e-01 1.29116605e+04 1.39677883e+01
 9.53643390e+00 3.59693052e-01 4.43378365e-01 -1.46897313e-01 -1.07942567e+04 1.38203482e+01
 -2.55709264e+00 -5.18139714e-01 2.18691895e+00 2.85159047e-02 7.85663775e+02 1.36627474e+01
 -5.05264317e+00 5.74364342e-01 -2.58282139e-01 -7.01840159e-01 6.11781540e+03 1.36342775e+01
 -1.50817957e+00 4.88997130e-01 -3.10771321e+00 6.88136238e-01 1.50809187e+04 1.36828492e+01
 -1.00154488e+01 6.94795440e-01 3.72119426e-01 5.16444810e-01 8.99680543e+03 1.35607733e+01
 8.48671312e+00 9.21419139e-01 2.95717364e-01 -3.44676822e-01 -7.46963893e+03 1.38258932e+01
 -9.91250749e+00 -7.07924051e-01 8.10932044e-01 3.06516486e-01 7.27348083e+03 1.35549171e+01
 8.71548102e+00 2.09808044e-01 4.16015435e-01 9.64450471e-01 -1.05615631e+04 1.38063392e+01
 2.42589127e+01 5.26655890e-01 6.16154476e-01 3.81493979e-02 3.46851833e+04 1.40277845e+01
 7.48266120e+00 -5.55988936e-01 -5.75064821e-01 3.93275270e-02 -3.53037396e+04 1.38057781e+01
 1.44915903e+01 5.63452265e-01 -1.56375350e+00 6.43698897e-01 2.42276855e+03 1.38947415e+01
 2.08161291e+01 8.46479150e-02 -3.82299356e-01 8.41084644e-02 -1.10280326e+04 1.39490591e+01
 1.37380931e+01 -1.04029296e+00 -9.04995089e-01 -8.99543977e-01 2.28366103e+04 1.38724839e+01
 -2.10478447e+01 -5.48736369e-01 1.93096051e-01 5.46427921e-02 2.26579493e+04 1.34151608e+01
 -6.66259867e+00 -1.55473204e+00 2.04961648e+00 6.27799521e-02 1.36038060e+04 1.36326393e+01
 -3.19643364e+01 -2.70153973e-01 -2.88545804e-01 -2.24090190e-01 -3.00339523e+04 1.32584115e+01
 -2.33579612e+01 2.89600395e-01 -3.76436273e-01 2.53014244e-01 9.04033044e+02 1.33666073e+01
 2.08563638e+01 3.38046358e-01 5.54150462e-01 6.96684189e-01 1.69838337e+04 1.39549471e+01
 -7.84972043e+00 -1.09300541e+00 2.77575466e+00 -5.20098867e-01 8.86423823e+03 1.36054273e+01
 -7.62358526e+00 2.41925808e-02 -3.41713770e-01 -3.85991526e-02 5.64241311e+03 1.35912678e+01
 -3.81337221e+01 8.93134317e-01 6.64865636e-01 -4.98928785e-02 -2.09220859e+04 1.31992800e+01
 1.52729619e+01 -1.02662238e-01 -4.14424328e-02 -4.29544968e-01 -1.07860882e+03 1.39035887e+01
 1.69998423e+00 -2.26720892e-01 -1.37615137e+00 -1.89692651e-01 -2.36404320e+04 1.37319052e+01
 3.56017467e+00 2.53541242e-01 -3.87659475e-01 -4.66424900e-01 3.53630107e+03 1.37502980e+01
 -1.45731544e+01 6.51198034e-01 9.87267565e-01 2.14219019e-01 -1.57150359e+04 1.34950794e+01
 -8.03040680e-01 -2.25341495e-01 1.43230082e+00 1.40606875e-01 -1.82077964e+04 1.36800233e+01
 -1.41079205e+01 -4.04598930e-01 1.31777185e+00 -2.20854868e-01 -3.42303954e+04 1.35196185e+01
 -1.32029221e+01 8.47905058e-02 -1.33300938e+00 4.07732132e-01 4.70896044e+04 1.35058131e+01
 3.46984946e+00 6.24514951e-01 -3.24157773e+00 -5.81828570e-02 1.18512531e+04 1.37552927e+01
 -1.29057000e+01 -9.28875349e-01 -1.38191462e+00 -2.03821974e-01 -1.27369622e+04 1.35563901e+01
 1.10949539e+01 5.01993782e-01 -6.42331746e-01 -3.68028938e-01 -1.72868873e+04 1.38366662e+01
 5.66523485e+00 -9.13415539e-01 -2.27604425e-01 5.80107357e-01 -1.09299649e+04 1.37780045e+01
 -7.97553087e+00 -1.02532860e-01 5.77775064e-01 -2.04441171e-01 -1.22709865e+04 1.35826280e+01
 -1.09328421e+01 -5.48049598e-02 1.40798727e+00 -4.80670575e-02 2.28285314e+04 1.35512485e+01
 -9.05817259e+00 3.86831274e-02 -4.96552779e-01 -2.88560785e-01 -4.84568705e+04 1.35435851e+01
 2.06928294e+00 -4.43286813e-01 3.47514787e-01 5.53525782e-01 3.31195484e+04 1.37225565e+01
 9.21247603e+00 -4.96238716e-01 -1.19117155e+00 4.23918986e-01 -1.25702045e+04 1.38314639e+01
 2.37732290e+01 4.06767559e-01 9.69842460e-01 2.55517827e-01 -8.34730531e+03 1.40169300e+01
 4.52405093e+00 4.25577602e-01 1.45088784e+00 3.52327708e-01 -4.29707834e+04 1.37487637e+01
 7.49133832e-01 2.73687047e-01 1.46896129e+00 1.84814120e-02 4.82491827e+03 1.37337902e+01
 -3.55599856e+01 -5.47775441e-01 2.09311180e+00 5.56333617e-01 -4.89680453e+03 1.31940727e+01
 3.93034435e-02 -3.62737917e-01 -2.45940705e-01 -2.85141728e-01 1.33211235e+04 1.37112872e+01
 -1.63815054e+01 -1.79967952e-01 1.13512600e-01 6.69572005e-01 1.30773567e+03 1.34787226e+01
 -1.79439320e+01 2.24805053e-01 -1.09340739e+00 -4.40699470e-02 -2.28452507e+04 1.34427782e+01
 3.16255316e+01 -5.97973342e-01 -8.28635279e-01 -2.89892559e-01 2.43305246e+04 1.41103205e+01
 2.73899177e+01 4.65212230e-01 -1.14196138e-01 -1.02609494e-01 -4.31517141e+03 1.40355868e+01
 -1.08488604e+01 -7.77994597e-01 -6.80925178e-01 -5.20175128e-01 -7.32177284e+03 1.35533647e+01
 2.72034444e+01 1.17806281e-01 1.63264723e+00 5.47253740e-02 -3.55903187e+04 1.40466749e+01
 -1.26492107e+01 4.10962939e-01 -4.31087298e-01 2.43872257e-01 5.69207629e+02 1.35265567e+01
 -1.42195389e+01 -7.89213468e-02 -1.45463258e+00 5.91655595e-02 -2.36947721e+04 1.34988489e+01
 3.49058248e+00 8.93665775e-01 4.38776982e-01 -9.23673317e-02 1.32111583e+04 1.37528317e+01
 8.70397814e+00 4.44193031e-01 -1.29847599e+00 -3.70004293e-01 -1.02196462e+04 1.38182028e+01
 1.75936577e+00 3.66507006e-01 -5.91773359e-01 2.15348261e-01 -1.68818943e+04 1.37296817e+01
 2.62721312e+01 1.12839311e-01 -1.09036550e+00 -2.53199617e-01 -1.45944282e+04 1.40515848e+01
 -1.22323413e+01 -4.52116682e-01 -1.68598776e+00 3.87390663e-01 9.54767860e+03 1.35343435e+01
 -1.16783900e+01 -2.93861177e-01 2.05683330e-01 6.28880444e-01 -1.91424203e+04 1.35476041e+01
 -3.47307772e+01 -1.36655974e-01 -1.35199214e-02 -9.75882627e-02 -1.73047865e+04 1.32117825e+01
 -3.50726966e+00 -3.26908089e-01 -8.88125945e-01 1.04106871e-01 5.95652799e+02 1.36243252e+01
 9.96645062e+00 2.45915313e-01 2.16448982e+00 -4.87497977e-01 -2.97780179e+03 1.38243907e+01
 -4.25543205e+00 1.09018198e-01 5.12017682e-01 -6.65586111e-01 -1.01163574e+04 1.36481004e+01
 -4.57880469e+00 -2.50513723e-01 -4.92659384e-01 5.20009924e-02 3.27171941e+03 1.36497913e+01
 1.24913149e+01 1.29740429e+00 5.08176993e-01 -4.81949310e-04 6.40420530e+03 1.38596403e+01
 5.57775106e+00 -1.75911595e-01 7.81253280e-01 3.36303039e-01 -9.67295676e+03 1.37813164e+01
 -1.60192193e+01 -3.31627817e-01 -5.31110012e-01 -8.46095787e-02 2.33490751e+03 1.34763521e+01
 1.03573356e+01 -9.27339256e-01 7.92022269e-01 7.63659786e-02 -2.44195250e+03 1.38308165e+01
 6.23273650e+00 6.84940531e-03 -9.22223487e-01 -4.16037527e-01 2.36226496e+04 1.37876721e+01
 2.44887604e+01 -2.44714496e-01 1.23827812e-01 -5.95031154e-01 1.11917157e+04 1.40266719e+01
 1.60443235e+01 8.24975698e-01 1.12011484e+00 2.00474145e-02 -2.69457268e+04 1.39321521e+01
 9.31624247e-01 -1.33759033e-01 -1.70935038e+00 -4.18403134e-01 -1.54376307e+04 1.36961729e+01
 2.44217114e+01 5.04162330e-01 2.72033416e+00 3.91926172e-01 -2.03416390e+04 1.40221075e+01
 -9.70951466e+00 2.99659478e-01 -6.40235746e-01 -9.93141298e-02 3.49235954e+03 1.35767565e+01
 -2.14610722e+01 2.30201994e-01 -1.52193448e+00 -6.55234425e-01 -2.58955032e+04 1.34146739e+01
 -8.43252471e+00 -9.04139183e-02 -6.56627735e-01 -1.58037314e-01 4.20126216e+03 1.35954454e+01
 -3.36407008e+00 -4.76149569e-01 -5.91317564e-02 7.48364273e-02 -1.17446453e+04 1.36576267e+01
 2.34729819e+00 4.10896778e-01 1.11810321e+00 6.43478118e-01 -3.04901648e+04 1.37434473e+01
 -1.98143597e+00 -7.15282993e-01 2.25219291e+00 7.42357339e-01 -3.22185778e+03 1.36701062e+01
 -3.48430445e+00 -7.52505859e-01 4.56060453e-01 -4.89888333e-02 -1.92547694e+04 1.36673553e+01
 -4.31498523e+00 2.29562229e-01 8.71867367e-01 3.22735079e-01 -1.16198430e+04 1.36512925e+01
 -5.14457457e+00 -4.00789714e-01 -6.92858036e-01 -2.44333728e-02 1.02907740e+04 1.36181007e+01
 4.88686994e+00 4.26758519e-01 -7.26611496e-01 -1.43358366e-01 -2.24270817e+04 1.37620749e+01
 1.74976021e+01 -3.88211381e-01 2.64812695e-02 1.75533171e-02 3.49952112e+04 1.39542268e+01
 3.16829060e+01 5.99679700e-01 5.12891489e-01 9.19253946e-02 -2.27239947e+04 1.41273092e+01
 -1.89181698e+00 -2.14014107e-01 -7.49204348e-01 4.31268123e-01 3.31769873e+03 1.36692847e+01
 -1.44576872e+01 4.94852356e-01 7.19107449e-01 1.34660669e-01 -7.77102908e+02 1.34972004e+01
 -2.48411830e+00 2.95796500e-01 -7.60734080e-01 6.94122369e-02 -3.71384077e+04 1.36862948e+01
 1.43696406e+01 3.77538858e-01 2.21517696e-01 1.78314333e-01 -4.37459009e+03 1.39030799e+01
 -1.45893172e+01 1.12363966e+00 6.47839318e-02 4.74884973e-01 1.77108571e+04 1.35118191e+01
 -1.61706845e+01 1.13710145e-01 -1.26574542e-01 -6.15466807e-01 -9.83390517e+03 1.34981282e+01
 -5.05732907e+00 -9.03530144e-01 4.83960519e-01 4.85572111e-03 -2.48878321e+04 1.36191236e+01
 -2.40129564e+01 2.98127848e-01 -3.05671359e-01 1.17079454e-02 1.10101523e+04 1.33565065e+01
 2.36660094e+01 -3.69102332e-01 -1.59647905e+00 -5.26779936e-01 -1.30119232e+04 1.40137918e+01
 1.28674431e+01 -4.21610037e-01 -7.95022085e-02 3.63047655e-01 -3.31775242e+03 1.38827751e+01
 1.46440703e+01 1.39354516e-01 -7.10564814e-02 -4.78463550e-01 -3.19438779e+04 1.38878633e+01
 -7.00868063e+00 -8.38211944e-01 -2.01254468e+00 4.16440031e-02 -3.34894984e+04 1.36100066e+01
 -1.00224363e+00 -6.66929852e-01 6.84659783e-01 1.56831058e+00 -1.66510968e+04 1.36662424e+01
 1.07734915e+01 -6.69669622e-01 4.98429147e-01 2.91787464e-01 8.62408873e+01 1.38540765e+01
 -3.60030266e+00 -1.13883722e+00 -1.61272565e+00 1.23431669e-01 -2.48807408e+04 1.36354366e+01
 -3.08863422e+00 7.27877128e-02 6.39269107e-01 1.39133236e-01 1.55053508e+04 1.36672231e+01
 -2.76398507e+01 3.31897741e-01 -1.23108416e+00 3.23402292e-01 3.15823909e+04 1.33282684e+01
 -9.67840250e+00 9.34233893e-02 -1.38215207e+00 5.36206819e-01 6.15682682e+03 1.35485751e+01
 1.01291602e+01 7.77859977e-01 5.03645149e-01 -5.57046252e-01 -2.48391904e+04 1.38542759e+01
 -8.76124440e-01 8.43919711e-02 -6.14217047e-01 4.61714207e-01 9.61698355e+03 1.36527212e+01
 -1.47727378e+01 -7.02586474e-01 6.63758065e-01 5.10140677e-01 1.54649005e+04 1.34927681e+01
 1.51004899e+01 -1.48053859e-01 -1.61720705e-01 2.16529218e-02 -4.99089027e+03 1.38913949e+01
 1.22976904e+01 1.74167938e-01 -1.57510948e+00 1.11753220e-01 -5.94805991e+03 1.38671013e+01
 2.01638143e+00 6.06766568e-02 1.32227199e+00 -1.37191214e-01 -1.46276862e+03 1.37239045e+01
 -1.91469467e+01 -4.50813913e-02 2.33859467e-01 4.29826852e-02 -2.21660867e+04 1.34452347e+01
 -1.67933912e+01 4.93761689e-01 -9.79216254e-01 -1.87314141e-01 1.05321327e+04 1.34314083e+01
 1.42424591e+01 1.21148637e-02 2.17638794e+00 3.26125042e-01 6.15629454e+03 1.38923877e+01
 -1.10347762e+01 -4.78679689e-01 -6.22021331e-01 -2.84607952e-01 -3.15673154e+03 1.35154341e+01
 -1.04223308e+01 4.13132203e-01 -3.79150974e-01 -4.02726523e-01 -4.50267004e+02 1.35488163e+01
 1.79400436e+01 -7.01430093e-02 -2.69668688e-01 -5.36680315e-01 2.62318396e+04 1.39459523e+01
 1.17937136e+01 7.64140929e-01 1.15287842e+00 -3.08928469e-01 -2.82943240e+03 1.38356277e+01
 -1.16290658e+01 -4.87640733e-01 3.81530279e-01 -7.35785348e-01 1.41212877e+04 1.35296386e+01
 -1.47869900e+01 4.51140455e-01 1.42292408e+00 -1.38950189e-01 -1.42271054e+04 1.35024380e+01
 2.68354298e+01 -1.89301235e-01 -3.55632950e-01 8.57631377e-02 1.15269828e+04 1.40591790e+01
 1.90284862e+01 5.53654506e-01 1.47572177e+00 -6.47162121e-01 -2.19516725e+04 1.39562100e+01
 7.92718523e+00 -4.34431910e-01 -7.47326897e-01 -4.65700745e-01 -4.82328168e+03 1.37983844e+01
 -2.55207946e+01 2.78446839e-01 -1.65977353e+00 5.51938474e-01 2.75527031e+03 1.33450042e+01
 -1.09777719e+01 -9.37434042e-01 -1.77268053e+00 3.90332552e-01 1.61425480e+04 1.35309871e+01
 -2.12439867e+01 3.00755779e-01 1.43111405e+00 1.50902309e-01 -1.73129914e+04 1.34182576e+01
 8.47799257e-02 3.57654829e-01 -2.77380579e+00 7.46200000e-01 2.96628979e+03 1.37206767e+01
 1.73819264e+01 -2.31199775e-01 -7.98614357e-01 3.84732698e-01 -1.16857133e+04 1.39319606e+01
 1.94615804e+00 -9.23250468e-01 -1.23218094e-01 9.14118738e-01 -1.87884936e+03 1.37430508e+01
 -1.55956295e+01 6.54083480e-01 -9.52235334e-01 3.12593655e-02 -1.64820936e+04 1.34817040e+01
 -4.38550421e+00 7.01804991e-01 5.63539225e-01 3.69382570e-01 3.17713875e+04 1.36319198e+01
 5.79427350e+00 -2.87860041e-01 3.93025367e-01 -3.13391174e-02 2.30748128e+04 1.37754215e+01
 -1.14436151e+01 -7.65587209e-01 1.03005884e+00 -6.49144611e-02 -2.06253829e+04 1.35789216e+01
 -2.89648706e+01 4.46766910e-02 -1.91852213e+00 2.62692270e-01 1.08679871e+03 1.33007515e+01
 9.98782681e+00 7.22869918e-02 3.89495675e-01 1.97595284e-01 -1.31676889e+04 1.38455958e+01
 8.56317838e+00 -8.05052563e-01 5.39863688e-01 -1.95305757e-01 5.54689103e+03 1.38014903e+01
 -8.38924763e+00 7.56228380e-01 7.10995223e-01 2.98236226e-01 1.89801989e+04 1.35854629e+01
 -1.02390362e+00 2.60800738e-01 7.96844351e-01 -1.21737704e-01 8.12597868e+03 1.36805620e+01
 4.28407874e+00 -7.27968214e-03 -1.76953517e-01 1.75484562e-01 1.24877377e+03 1.37464038e+01
 8.39900395e+00 4.87989909e-01 -5.04931110e-01 4.38357770e-02 -6.88327657e+03 1.37861126e+01
 -2.84972323e+00 -8.15370832e-02 1.30837796e+00 5.23598264e-01 -2.09615613e+04 1.36434269e+01
 -3.16957196e+00 8.60189506e-01 1.96820762e+00 4.31093782e-01 3.52547103e+03 1.36758024e+01
 -1.18903242e+01 -2.30298327e-01 2.53349363e+00 1.09229646e+00 2.83624411e+03 1.35475398e+01
 7.40614743e+00 3.55456483e-01 7.59108828e-01 4.21101559e-02 3.21749774e+04 1.37929665e+01
 -1.86444464e-01 -2.61385901e-01 -1.67811068e+00 -2.01764486e-01 -1.05071074e+04 1.36799144e+01
 -1.61125729e+00 8.39502775e-04 5.12122991e-01 -5.35303104e-01 -3.89730457e+04 1.37132637e+01
 -3.47342517e+01 7.68069216e-02 8.30501481e-01 -1.48928434e-01 -1.06513483e+04 1.32081837e+01
 8.58605682e+00 -1.82575777e-01 -1.96331878e+00 2.57019425e-01 1.32902279e+04 1.37978944e+01
 1.78781372e+01 1.52716808e-01 3.46590807e-01 2.69786562e-01 -5.99326866e+03 1.39446759e+01
 -6.35359533e-01 8.47860615e-02 9.22151181e-01 -4.79311845e-01 7.93021999e+03 1.37089308e+01
 3.29917705e+00 -2.38946530e-01 2.48903693e+00 -3.66543761e-01 1.30248200e+04 1.37515374e+01
 1.00503092e+00 -1.09807753e+00 2.63896997e-02 -3.67097227e-01 2.56236392e+04 1.37154500e+01
 8.82875729e+00 1.20148159e-01 1.24871709e+00 1.98530639e-01 -2.35969871e+04 1.38173463e+01
 -1.19295722e+01 -6.09430840e-01 2.14913813e+00 7.44473539e-02 1.62228697e+04 1.35391059e+01
 -1.14991735e+01 1.33366189e-01 3.54788268e-03 -6.81007063e-02 7.08698902e+03 1.35439945e+01
 8.86258531e-01 -3.34079450e-01 -5.71739096e-01 8.22178106e-02 -1.42291158e+04 1.36921475e+01
 1.19512503e+01 -3.48879189e-01 -9.24963539e-01 -3.06573132e-01 -5.97647761e+03 1.38668260e+01
 2.24860985e+00 1.61002720e-01 -2.05794051e+00 -8.09516033e-01 -3.63978280e+03 1.37498818e+01
 2.29070331e+00 -2.74401805e-03 1.42339950e-01 9.51428675e-01 6.77953434e+03 1.37244398e+01
 -7.13268000e-01 -5.18107062e-01 -1.74935193e+00 4.24305583e-01 2.50758601e+04 1.37221679e+01
 1.32930796e+01 6.53003122e-01 6.97246261e-01 4.38696268e-02 -6.25321499e+02 1.38592247e+01
 -1.25452266e+01 -2.75693950e-01 -3.36777003e-01 -1.15262285e-02 -4.32417306e+03 1.35190069e+01
 4.59881251e+00 5.03198304e-01 -3.49143412e-01 -3.28402126e-02 -2.23829847e+04 1.37939272e+01
 -8.29344333e+00 -4.04929998e-01 -2.32412149e+00 -4.19634002e-01 2.22332661e+03 1.35962789e+01
 -1.66718240e+01 -1.39938657e+00 9.10234622e-01 -9.16840786e-01 -9.65757473e+03 1.34934009e+01
 5.67847167e+00 1.13945247e-01 -1.07044969e+00 4.76794087e-01 -6.17213365e+03 1.37665399e+01
 -2.86073213e+00 5.06696523e-01 5.22100952e-01 1.20947733e-01 9.45309520e+03 1.36600595e+01
 -1.51111572e+01 5.90680218e-01 4.05597573e-02 -1.09040254e-01 2.72254694e+04 1.34912519e+01
 1.88604942e+00 4.01388251e-01 4.53840563e-01 -6.26208189e-01 5.45228838e+03 1.37144859e+01
 6.62791889e+00 -6.98076293e-01 -7.81758766e-01 -2.50075804e-01 -1.48616633e+04 1.37889279e+01
 5.59181881e+00 2.81581525e-01 6.09056631e-01 2.07516248e-01 1.79580385e+04 1.37802760e+01
 -6.78410414e+00 -7.90955536e-01 -9.03887652e-02 -5.99709663e-01 1.27730566e+04 1.36089930e+01
 1.91674864e+01 7.06132809e-01 -1.79856630e+00 4.57619392e-01 8.67016277e+02 1.39733053e+01
 6.03943735e+00 -1.70947227e-01 1.24360022e+00 -1.21475152e-01 2.04076202e+04 1.37828258e+01
 1.56805062e+01 2.60784126e-01 -1.10075282e+00 1.05983300e+00 -2.65679724e+04 1.38942108e+01
 -3.93711951e+00 3.96650981e-01 3.72612914e-01 -7.94404305e-02 -2.20122689e+04 1.36392073e+01
 1.68610638e+01 -4.46268692e-01 2.60967461e-01 -1.65746138e-01 -1.72185038e+04 1.39399334e+01
 7.51589259e+00 -5.13883388e-01 1.29454924e+00 -1.82178931e-01 -3.98551615e+04 1.38252983e+01
 -3.57647235e+00 -7.34595383e-01 -7.00039032e-01 -2.05801572e-01 6.87594040e+04 1.36447855e+01
 -1.31717072e+01 3.72424380e-01 5.48373575e-01 4.88176271e-01 -1.28926331e+04 1.35288168e+01
 -1.37605443e+01 2.63611528e-01 1.16538027e+00 -3.85576822e-01 -3.22305855e+03 1.35127816e+01
 -3.69846224e+01 1.51356340e-01 1.04518702e+00 -1.63245851e-01 3.08196331e+04 1.31871090e+01
 1.61875351e+01 1.00773233e+00 -1.63272598e+00 7.21462544e-02 -1.06396299e+04 1.39236756e+01
 8.05799016e+00 4.43812651e-01 3.82692213e-01 3.18708628e-01 -1.69742513e+04 1.38216370e+01
 -1.88985755e+00 -5.51058289e-01 -1.47334042e+00 -1.76988730e-01 7.23373505e+03 1.36977291e+01
 -3.66069679e+00 -4.07774167e-01 1.85796862e+00 -2.64411325e-01 -1.17795883e+04 1.36619716e+01
 1.33974386e+01 4.05958960e-01 2.38866883e-01 1.13544941e-01 1.47321608e+04 1.38827711e+01
 1.06013768e+01 5.82232246e-01 3.44381112e-02 4.80381718e-01 1.11112998e+03 1.38291311e+01
 -7.09146265e+00 -6.99467337e-02 6.31926210e-01 -2.18366361e-01 -1.73652342e+04 1.35848567e+01
 7.04584257e+00 1.35976692e-01 8.98008628e-01 3.07693061e-01 1.53480018e+03 1.38054004e+01
 -1.73106486e+01 -4.02123938e-01 -6.89671043e-01 1.66215291e-01 2.69729784e+04 1.34599346e+01
 -1.52626987e+01 4.75040221e-01 -1.06993946e+00 8.91253846e-02 1.19920487e+04 1.34916398e+01
 1.61597430e+01 -3.68740305e-01 -7.45252404e-01 1.35058671e-01 -4.18283414e+04 1.39040826e+01
 1.98372866e+01 7.12779286e-03 -5.00500065e-01 -2.68709273e-01 1.85471797e+03 1.39759643e+01
 -1.23745964e+01 7.04414721e-01 5.53764958e-01 -1.27484570e+00 -1.43198388e+04 1.35134931e+01
 4.39814144e+00 -3.50951285e-01 -6.68458555e-01 -1.56853982e-02 -9.74012410e+03 1.37412876e+01
 8.91032187e+00 -8.81846793e-01 -1.39301635e+00 -1.33557428e-02 3.33115534e+04 1.38310913e+01
 -1.24565218e+01 1.86361456e-01 -8.74763135e-01 2.20343755e-01 9.51429376e+03 1.35242569e+01
 1.25434085e+01 -6.75165039e-02 -3.29048895e-01 3.29694670e-01 -1.18911536e+04 1.38827314e+01
 5.08711281e+00 7.23478942e-01 1.57960699e-01 4.46031484e-02 4.13991309e+03 1.37876790e+01
 -6.00051911e+00 -3.46120923e-02 7.48693714e-01 -2.99570505e-01 5.44124175e+03 1.35847891e+01
 1.08020176e+01 4.72437966e-01 -1.85468220e+00 -6.05136213e-01 -2.38454257e+03 1.38321616e+01
 -3.35046535e+01 7.94615593e-01 -2.68814702e-01 1.21283235e-01 -3.11265204e+03 1.32413595e+01
 1.29312268e+00 2.35329754e-01 -5.61143864e-01 -2.07977110e-01 -1.62914013e+04 1.37052588e+01
 -5.53128424e+00 -7.21036959e-01 -1.37309182e+00 1.06360162e-01 -2.63867418e+04 1.36128730e+01
 -1.90942133e+00 7.49168551e-01 7.60635274e-01 -3.69820533e-01 2.98008014e+04 1.36526481e+01
 8.39745663e+00 1.53634948e-01 -1.05803532e+00 9.46405082e-02 4.99141542e+03 1.38208209e+01
 4.36855748e+00 -1.96971982e-01 3.68531167e-01 1.25454083e-01 -1.31778341e+04 1.37645906e+01
 1.99723563e+01 -3.71161779e-01 1.69787938e-01 6.88497825e-01 4.55190005e+03 1.39691721e+01
 3.98368233e+01 1.30508747e-01 -3.06215072e+00 5.96422996e-02 -1.57254078e+04 1.42101522e+01
 1.66950560e+01 1.32107916e+00 -1.24849594e+00 -1.55979769e-01 -1.40354032e+04 1.39210684e+01
 2.11293782e+01 2.61523817e-01 -2.60137861e-02 8.88080981e-01 2.11488783e+04 1.39712726e+01
 1.95309629e+01 2.57601602e-02 -3.11343253e-01 4.29571584e-01 2.21854591e+04 1.39696628e+01
 -1.91596792e+01 -2.52591375e-01 1.14890250e+00 9.86397261e-02 -9.84719222e+03 1.34449076e+01
 1.55817671e+00 -7.20764250e-01 -3.24405310e-01 -5.70121868e-01 -1.98975678e+04 1.37296043e+01
 -4.69167959e+00 -2.17284822e-01 4.20090110e-01 7.09102833e-02 1.00103764e+04 1.36446606e+01
 -2.53482177e+00 -8.10768935e-01 -1.65138949e-01 -3.57985646e-01 1.22404369e+04 1.36539744e+01
 -4.60959741e+00 -2.87853107e-01 9.41370827e-01 -8.71383647e-01 -8.01931941e+03 1.36330096e+01
 1.51937357e+01 -2.62945094e-01 1.24840653e+00 4.57502436e-02 -5.82401081e+03 1.39033787e+01
 6.17995090e+00 3.55008838e-02 1.39451677e+00 -4.51548939e-01 -1.14670441e+04 1.37960349e+01
 -3.67885182e+01 -5.35032049e-01 -1.75494155e-02 -1.55300722e-01 -4.88962279e+03 1.31999635e+01
 3.31557853e+01 -3.81710575e-01 -2.83238767e-01 -5.88567485e-01 4.30360724e+02 1.41474438e+01
 8.50748579e+00 -1.04583581e-01 -2.00798202e+00 -2.12746289e-01 1.45716658e+04 1.38139694e+01
 -5.59790891e+00 -4.04899310e-02 -1.12385118e-01 3.08096666e-01 4.20846363e+03 1.36393477e+01
 -7.37818510e+00 2.79517032e-01 -1.77975944e-01 -1.67735362e-01 -1.93556805e+04 1.36107550e+01
 6.94778278e+00 4.80516052e-01 3.68510873e-01 1.54179964e-01 4.02043353e+03 1.37690461e+01
 -1.63159521e+01 3.15713676e-01 3.47819486e-01 2.18816121e-02 8.33052857e+03 1.34711380e+01
 -2.13531845e+01 -7.98998504e-02 -3.45402080e-02 1.21509134e-01 1.67715331e+03 1.34170566e+01
 -7.55249673e+00 7.03321766e-01 3.99625909e-01 7.33939973e-02 2.65517699e+04 1.35841056e+01
 1.31232211e+01 1.37390003e-01 -3.53323714e-01 6.58000641e-02 -3.89353346e+03 1.38969010e+01
 -1.48047043e+01 8.71717250e-02 5.21617184e-02 1.34395301e-01 2.01081096e+04 1.34859814e+01
 -7.92233434e+00 4.31581190e-01 -1.74851008e+00 -9.59052519e-05 5.07728013e+03 1.36030892e+01
 -1.04941265e+01 3.47857734e-01 -1.54325779e-01 -5.16745865e-01 2.36956546e+04 1.35655165e+01
 7.04776933e+00 -1.24344966e+00 -6.63482117e-01 -5.54203803e-02 2.58178509e+04 1.37941581e+01
 2.08370421e+01 6.11204362e-01 -1.31810698e+00 -5.69811016e-01 -1.00539824e+04 1.39916310e+01
 -7.68846993e+00 -4.45129489e-01 -3.46320406e-01 5.12773282e-01 -1.58720534e+04 1.35919660e+01
 6.69945156e+00 3.66008869e-01 1.13678511e+00 -1.68566503e-01 -1.17645600e+03 1.37808832e+01
 4.73114074e-01 -2.35850680e-03 -1.20157378e+00 -6.56650106e-01 -2.90002805e+04 1.37129734e+01
 -4.30986670e+00 7.72736875e-01 -1.49907748e-01 2.85693245e-01 -1.11179868e+03 1.36648435e+01
 2.26762293e+01 3.33708574e-01 1.47659013e+00 3.51640612e-01 -5.45057174e+03 1.39864644e+01
 2.18951533e+01 -1.10337795e+00 -3.72203286e-01 4.90918028e-01 5.69923036e+03 1.39852213e+01
 4.12432060e-01 -7.08851009e-01 1.24965727e+00 -4.55900675e-01 3.13054507e+03 1.37138857e+01
 -1.14104419e+01 -3.33423919e-01 -2.69650054e+00 3.37960045e-01 -3.20784306e+04 1.35594979e+01
 -3.61717687e+00 8.84112179e-02 -1.05609208e+00 1.81102825e-01 5.95402561e+03 1.36493017e+01
 -4.64248500e+00 2.63282812e-01 1.11859362e+00 2.07536241e-01 -4.24953687e+03 1.36357924e+01
 2.80099845e-01 3.87914193e-01 -3.14992681e-01 -4.49001112e-01 -1.31828952e+04 1.36992648e+01
 -1.28537372e+01 1.86502189e-01 -1.79406857e+00 -4.74021917e-02 -3.57109654e+03 1.35187956e+01
 -4.12221643e+00 -5.91480710e-01 -8.10906012e-01 -1.28670192e-01 1.48260677e+04 1.36375965e+01
 -1.94476956e+01 3.82920960e-01 -8.57527428e-01 7.37368077e-02 -7.86787023e+03 1.34271163e+01
 -6.91725945e+00 -2.26197226e-01 -5.26647892e-01 8.27019792e-02 1.63514721e+04 1.36016767e+01
 9.17046869e+00 -4.84862810e-01 1.95882049e+00 3.61790505e-01 2.21882386e+04 1.38276587e+01
 -1.05680333e+01 -9.64802960e-02 8.22001011e-01 -3.40180847e-01 4.44843275e+04 1.35472067e+01
 -1.62900211e+01 3.16839260e-01 9.94894855e-01 -5.54748126e-01 -4.82853251e+03 1.34706441e+01
 3.71739170e+00 7.78923765e-01 1.30263172e+00 3.15708857e-01 -3.66489157e+04 1.37616024e+01
 1.50503747e+01 -1.85501949e-01 -5.95329381e-01 4.93004636e-02 2.87917058e+04 1.38935099e+01
 2.86743521e+01 -8.91697642e-01 -3.87890534e-01 -5.77230689e-01 -1.53338605e+04 1.40849266e+01
 1.26767715e+01 5.11356443e-01 3.13413167e-01 2.44732373e-01 4.49529727e+04 1.38725288e+01
 1.85618623e+00 6.05110488e-02 2.87742337e-01 -6.56259453e-01 1.07785010e+04 1.37446816e+01
 -2.24053177e+01 -1.55315103e-01 -3.65119133e-01 1.07927943e+00 1.36413705e+03 1.33981999e+01
 -2.08505217e+01 -5.01780750e-02 2.41454992e-01 3.96550909e-01 -4.53982836e+04 1.34226049e+01
 1.76859201e+00 2.87445219e-01 -1.24491441e+00 -1.85916111e-02 2.74531745e+04 1.37180539e+01
 3.31552704e+00 -8.55243159e-02 7.73815555e-01 -6.69177124e-02 -1.05981220e+04 1.37622173e+01
 2.50940798e-01 -3.61204362e-01 -4.98046411e-01 1.38225760e-01 1.22405471e+04 1.36968604e+01
 -2.02370505e+00 -6.84741886e-01 1.88143697e+00 -3.64440500e-02 1.09495117e+04 1.36785580e+01
 -1.48662793e+01 -3.80225756e-01 6.61821942e-01 3.49596907e-01 -1.62089879e+03 1.35134381e+01
 9.93913790e+00 -1.55226749e-01 -1.29511585e+00 -8.23811183e-01 -3.01375414e+04 1.38283933e+01
 3.12605996e+01 1.02721733e+00 -2.14946062e+00 -6.75858674e-01 -1.44432984e+04 1.41138998e+01
 -7.57652417e+00 -1.76927455e-03 3.78743213e-01 -4.99692844e-01 2.04460733e+04 1.36215347e+01
 7.53516420e-01 -4.62386130e-01 1.45731750e+00 5.22572383e-01 -8.61395975e+03 1.37023456e+01
 5.69987459e+00 -5.52763650e-01 -1.24862912e+00 2.69349659e-01 -1.48989389e+04 1.37878968e+01
 1.01719392e+01 1.12520659e-01 -8.25112337e-01 -1.20848491e-01 1.23257517e+04 1.38363164e+01
 1.10372501e+01 -2.19413574e-01 -1.33824748e-01 5.15279629e-01 -2.93278790e+03 1.38412128e+01
 2.16220360e+01 8.19019134e-02 -5.87825794e-01 9.89841362e-02 -3.98780387e+03 1.39836079e+01
 -1.07454464e+01 5.42068808e-01 1.68725848e+00 3.01992163e-01 -5.51193462e+03 1.35559204e+01
 9.96259444e+00 1.38317191e-01 -1.16431313e+00 2.75649790e-01 5.91975077e+03 1.38192050e+01
 2.46056461e+00 1.00385940e+00 3.68316396e-01 1.87822135e-01 -3.53849615e+04 1.37370148e+01
 2.92561057e+00 1.61442701e-01 -9.62932727e-02 2.83944860e-01 -3.20312812e+03 1.37260719e+01
 -1.71501572e+00 -2.95998021e-01 3.07210540e-02 -4.14405662e-01 5.29608666e+02 1.36855527e+01
 1.34869698e+01 -2.04189605e-02 -3.19327560e-01 4.70058274e-02 -1.57720096e+04 1.38757478e+01
 8.92430229e+00 -2.81637501e-01 -1.54408173e+00 3.55108715e-01 -1.28473186e+04 1.38315952e+01
 2.00331487e+01 2.48138437e-01 3.90701532e+00 -2.98400995e-01 3.86047314e+04 1.39695937e+01
 -1.40148314e+01 -2.36458901e-01 1.80517613e+00 1.97523067e-01 2.54911036e+04 1.35061839e+01
 -4.02727043e+00 3.45923391e-01 -2.39663583e+00 -8.63463552e-01 2.37015013e+03 1.36394507e+01
 2.40227390e-01 3.41450708e-01 2.15059869e-01 6.24069189e-01 1.17816686e+04 1.37015765e+01
 1.63056499e+01 -1.56887369e+00 1.40889107e+00 -5.97669990e-01 3.99568013e+03 1.39053146e+01
 2.62656190e+01 -1.69695697e-01 1.71523058e+00 8.09519841e-01 1.52198747e+04 1.40332798e+01
 -1.23707710e+01 -7.33916081e-01 -8.34094156e-01 3.36278078e-02 3.13238057e+04 1.35182529e+01
 7.74319669e+00 5.30107468e-01 -4.73882316e-01 -6.73903906e-01 1.11427820e+04 1.38110774e+01
 -2.41316185e+01 5.63926319e-01 -1.51518723e+00 -1.99053180e-01 -1.54109018e+04 1.33765553e+01
 5.30135700e+00 5.53622574e-01 1.46803170e+00 -2.42261533e-01 8.91449453e+03 1.37860371e+01
 -4.39799085e+00 -3.23463394e-01 -9.63908121e-01 -3.68618462e-01 -9.47322740e+03 1.36462467e+01
 1.70182634e+00 1.53485390e-01 -3.55002310e-01 -7.09395627e-02 -9.07560359e+03 1.37063404e+01
 -3.04519089e+00 -2.20600703e-01 1.08708450e-01 -3.13381951e-01 -3.73087397e+03 1.36739835e+01
 -3.08252898e+00 4.51523347e-01 7.25684163e-01 4.52066730e-01 1.53319259e+03 1.36846329e+01
 -3.15100070e+00 1.79757913e-01 -1.51682042e+00 -2.27253751e-01 -1.37105493e+04 1.36646360e+01
 1.81538623e+01 6.93376966e-01 1.33141271e+00 -3.41564991e-01 4.13553929e+03 1.39442684e+01
 1.53349754e+01 3.68344112e-01 7.19486843e-01 -4.00562571e-01 9.51561944e+03 1.38939702e+01
 -3.48792450e+00 -1.65729242e-01 2.95654320e-01 -5.95551302e-02 1.64069524e+04 1.36696171e+01
 -1.45287289e+00 -5.84055934e-01 -3.32787667e+00 -1.74371724e-01 8.20376195e+03 1.36803367e+01
 3.12216306e+00 -1.13587794e-01 5.17797897e-01 -2.75655970e-01 -6.46713930e+03 1.37327770e+01
 1.00554505e+01 -3.89260004e-01 1.02095827e+00 1.71961002e-01 -5.57466186e+03 1.38512394e+01
 -1.82460124e+00 -3.24219052e-01 2.20270791e-01 -1.86575175e-01 -1.19139550e+03 1.37010300e+01
 -2.93040565e+00 -2.66848989e-01 7.40667061e-01 5.19933229e-01 2.00256879e+03 1.36467088e+01
 -1.14238702e+01 -1.72364572e-01 -1.17722684e+00 2.48787477e-01 -8.36521408e+03 1.35453167e+01
 -3.35692749e+00 2.10030787e-01 1.17088438e+00 -4.96510641e-01 1.47142144e+03 1.36423205e+01
 -1.98335453e+01 5.18046478e-01 6.13837753e-01 3.74721408e-01 -4.62169524e+04 1.34323831e+01
 4.79861204e+00 2.48675106e-01 1.23701523e+00 -3.93201937e-02 -3.64367236e+03 1.37719519e+01
 -1.37816683e+01 -4.23369505e-01 -4.74797220e-01 6.92192179e-01 -2.37401262e+04 1.35246965e+01
 9.54156328e+00 3.45166858e-01 9.60501441e-01 -4.97115867e-01 2.43567769e+03 1.38330337e+01
 3.17072896e+01 5.24658093e-01 -2.67975237e-01 5.04869596e-02 1.74848703e+04 1.41279499e+01
 1.65856110e+01 4.14422786e-01 1.56890631e+00 -1.26403335e-01 -1.02829164e+04 1.39092783e+01
 -6.46700321e-01 6.18422739e-01 -4.81438568e-01 1.41689479e-01 1.21092634e+04 1.36808076e+01
 -1.29322884e+01 -4.00230991e-01 7.51904824e-01 -2.27047461e-01 -1.41405286e+04 1.35042644e+01
 -7.53121058e+00 8.26208647e-02 -7.74178613e-01 2.68452129e-01 7.18390780e+03 1.35896560e+01
 1.14386821e+01 -8.72852720e-02 -8.17145169e-01 -1.59888099e-01 3.04671977e+04 1.38579770e+01
 1.28230677e+01 3.36630344e-01 1.76276855e+00 1.62774022e-01 2.88555275e+04 1.38816860e+01
 5.60928278e+00 9.93366369e-02 3.32059252e-01 -5.15479386e-01 6.85859311e+03 1.37985409e+01
 -1.56340663e+01 5.86287307e-01 -8.05593663e-01 -1.41023929e-02 -1.55960219e+04 1.34916484e+01
 -2.14293448e+01 3.77754685e-01 1.15868964e-02 -1.64511212e-01 3.39819061e+04 1.34097742e+01
 1.48617897e+01 -1.59288794e-01 -9.04341146e-01 -5.05480348e-01 -1.06021096e+04 1.39102438e+01
 1.10312837e+00 -3.53023665e-01 -4.31799259e-01 -2.33601657e-01 -6.79200933e+03 1.37114380e+01
 -1.28082919e+01 2.25112308e-01 -8.99651499e-01 -5.86730515e-01 8.89177605e+03 1.35463619e+01
 -1.72316964e+01 -4.35365302e-01 9.07154151e-01 3.43858150e-01 2.65236610e+04 1.34647741e+01
 -1.88955195e+00 -1.92245082e-01 -1.50423127e+00 2.08159899e-01 2.25598010e+04 1.36768374e+01
 -2.27479859e+01 -6.67078650e-01 3.48507538e+00 4.77195169e-02 -8.82592085e+03 1.33752157e+01
 -1.37047007e+01 5.14492490e-01 1.27046972e+00 5.14101781e-01 6.97313419e+03 1.35163457e+01
 -1.08923769e+01 -5.00790593e-01 -8.99993156e-01 1.22811367e-01 1.44073423e+03 1.35633797e+01
 -2.01460042e+00 -4.25185586e-01 -1.75689114e+00 -1.08931684e-01 -2.34639237e+04 1.36839735e+01
 -1.67542935e+01 3.26120965e-01 1.99232577e+00 -1.94610208e-01 -8.18912638e+02 1.34662471e+01
 -2.09432138e+00 -2.29166047e-01 -9.02549663e-01 9.96436001e-01 -2.31212729e+04 1.36680199e+01
 2.97514830e+00 5.23039608e-01 1.28643465e+00 -3.37564676e-01 7.33361160e+03 1.37571794e+01
 -1.39746629e+01 1.56050250e-01 -2.62974360e-01 2.77616477e-01 1.68499265e+04 1.35027246e+01
 -8.52434619e+00 -5.73325728e-02 1.54118446e-01 -7.42879528e-01 -1.64312102e+03 1.35918984e+01
 -1.42507151e+01 -3.25685439e-01 -5.73060156e-01 2.08798618e-01 1.96632514e+04 1.35121447e+01
 5.97851195e+00 -4.85189746e-01 -9.89151125e-01 9.53399563e-02 -7.78722120e+03 1.37535148e+01
 -1.38557563e+01 8.29176414e-01 -1.11772132e-01 1.01535493e+00 1.98910501e+03 1.35018195e+01
 -1.72446211e+01 1.48364062e-01 -3.80440563e-01 6.90487219e-02 2.08546559e+04 1.34730308e+01
 6.55344044e-01 -1.18865996e-01 -1.03210371e+00 4.89967614e-01 2.85338727e+03 1.37296293e+01
 6.13927825e+00 -3.47832016e-01 1.20707668e+00 2.80154363e-01 1.23530505e+04 1.37768917e+01
 -8.05804042e-01 9.78685370e-01 5.02765756e-01 -7.47416370e-01 -4.29967854e+03 1.37072258e+01
 -2.73956365e+00 4.28779823e-01 -2.30055598e+00 1.55768234e-02 -9.45554899e+03 1.36731452e+01
 2.55570922e+00 5.52395784e-01 6.20572352e-01 -5.85403136e-02 3.06314268e+04 1.37136944e+01
 -1.21776469e+01 2.61577205e-01 -5.38161842e-01 8.54269838e-01 1.50385276e+04 1.35492291e+01
 1.07145965e+01 -3.27459752e-02 -6.84321512e-01 7.17083203e-01 -3.31347315e+04 1.38630981e+01
 -5.97249066e+00 1.08349157e+00 9.05844697e-02 5.34445151e-01 -1.63152168e+04 1.36242010e+01
 -1.64304977e+01 -9.77507398e-02 -6.11124219e-01 9.46077093e-02 -3.25737253e+03 1.34668073e+01
 -2.53726359e+01 -3.22820442e-01 8.17345754e-01 5.07408747e-02 2.16015125e+04 1.33608510e+01
 2.50973254e+01 6.58087488e-01 -3.28609271e+00 -4.72325385e-01 1.47991835e+04 1.40216310e+01
 -4.09131940e+00 -2.65252802e-02 -1.08028097e+00 9.01759035e-01 5.98534680e+04 1.36579267e+01
 -8.59440018e+00 -2.25057884e-02 1.43599684e-02 -3.39553255e-02 -1.82818745e+04 1.35861936e+01
 -1.17231642e+01 1.07522172e+00 1.96772057e+00 3.98914649e-01 -1.17178944e+04 1.35267354e+01
 -7.80998729e+00 -2.16363250e-02 -3.55464877e-02 -7.50006397e-02 2.37920783e+03 1.35726230e+01
 2.33567761e+01 1.97900715e-01 1.90644139e+00 4.11471387e-01 2.29791015e+03 1.40248011e+01
 -1.34331245e+01 -1.27380297e-01 3.48272749e-01 2.42594479e-01 -4.07839918e+03 1.35203733e+01
 1.93978838e+00 -8.42861570e-01 -1.33706082e+00 -9.97623405e-01 2.03521702e+04 1.37268024e+01
 -1.42267208e+01 3.75861497e-02 7.55177482e-01 -1.49159771e-01 3.77286041e+04 1.34970859e+01
 1.07284347e+01 -5.99506277e-01 9.18011375e-01 -1.31248379e-01 1.04200826e+04 1.38530477e+01
 -6.15412180e+00 8.26373388e-01 4.71832790e-01 -5.83587458e-01 -5.57208463e+03 1.35989702e+01
 7.12098368e+00 5.38733835e-01 -1.02082758e+00 1.27150580e-01 -9.06964667e+03 1.38044762e+01
 7.50898762e-01 -9.05682952e-02 -4.55263205e-02 -1.03217549e+00 1.30830536e+04 1.37248261e+01
 1.42206621e+01 3.09949158e-01 3.23646030e-02 -2.13116506e-01 7.11139092e+03 1.38923041e+01
 -6.03122868e+00 -3.22711249e-01 -1.73348392e+00 -5.33877318e-01 -4.60013782e+03 1.36235445e+01
 5.98547927e+00 5.09008910e-02 -3.13667013e+00 1.01974024e+00 -1.65608997e+04 1.37559331e+01
 -2.56795240e+00 8.03675439e-01 -5.67256453e-01 -3.48984187e-01 -2.72194385e+04 1.36558080e+01
 7.43003213e+00 1.16658167e-01 2.17199454e+00 3.44340443e-01 -3.06112546e+03 1.38005043e+01
 7.87103940e+00 -3.00856074e-01 -1.96787973e+00 3.20257621e-01 1.75157003e+04 1.37897447e+01
 1.27156603e+01 -3.23782941e-01 -5.81529062e-01 4.97473795e-01 -1.49313990e+04 1.38725879e+01
 1.28116649e+01 8.85144393e-02 -4.72067748e-01 -1.83315937e-01 -9.06737173e+03 1.38758350e+01
 -6.35937794e+00 3.53983153e-03 -5.12215775e-01 -7.34098000e-02 4.16241337e+03 1.35977178e+01
 1.88829324e+01 -1.32609112e-01 -4.53274916e-01 -5.32026761e-01 -5.62996015e+02 1.39402725e+01
 -1.26181213e+01 3.56147571e-01 -2.31537094e+00 4.05386887e-01 -1.61206843e+04 1.35155208e+01
 -1.86892388e+01 -2.67751353e-01 -2.19595878e+00 -8.21928676e-01 2.01704229e+04 1.34573090e+01
 -1.63832045e+01 4.97173346e-01 -1.38918219e-01 -4.69831386e-01 5.76355198e+03 1.34803399e+01
 -1.94943048e+01 5.40292604e-01 1.59381063e-01 9.57767017e-02 -1.06126039e+04 1.34516145e+01
 5.07196359e+00 7.03227924e-01 4.27565704e-01 -3.14236990e-01 2.37334042e+04 1.37510975e+01
 9.46452787e+00 -6.30846112e-01 -1.68436740e-01 -7.35927538e-02 -2.54555978e+04 1.38514696e+01
 -7.91959205e+00 -2.75018254e-01 4.00993956e-01 -2.34040498e-01 -1.64723048e+04 1.35857748e+01
 -4.10316450e+00 2.77953659e-01 -4.17876170e-01 -1.04811130e-01 2.16427960e+04 1.36618808e+01
 -2.41463520e+00 -4.67955672e-01 1.91677780e+00 2.87209139e-01 6.68601086e+03 1.36919753e+01
 8.11073849e+00 -2.91935883e-01 1.18804846e+00 4.93223023e-01 -7.68595452e+03 1.38126751e+01
 3.58014116e+00 8.34388256e-01 -6.42826112e-01 -4.27096723e-01 -2.02981797e+04 1.37162414e+01
 -1.86093120e+00 5.24780816e-01 7.89704691e-01 -1.58467624e-01 1.96953333e+03 1.36911049e+01
 1.32729636e+01 -5.75377640e-01 4.21151543e-03 -1.08560462e-01 -2.32280987e+04 1.38941338e+01
 1.66511012e+01 2.09425124e-01 -1.07425243e+00 1.95127911e-01 -3.73625369e+04 1.39094092e+01
 1.65986373e+01 7.28368668e-01 3.72293737e-01 -2.82843437e-01 -3.35226738e+04 1.39379762e+01
 1.76066278e+01 8.74509741e-02 2.00891540e-01 -2.98915227e-01 9.76990366e+02 1.39402929e+01
 1.43299199e+01 9.15207944e-02 2.79666444e+00 -3.73408782e-01 2.93633404e+04 1.39004589e+01
 2.18567240e+01 1.81333631e-01 1.29066689e+00 1.37574566e-01 1.20212999e+04 1.39679046e+01
 3.80202581e+00 -5.65710406e-01 -7.49320457e-01 3.09678664e-02 -2.04022279e+04 1.37569703e+01
 -4.61080123e+01 -4.22233140e-01 -8.28068302e-01 -4.78565234e-01 1.94237059e+04 1.30496067e+01
 8.58161627e+00 6.04279779e-01 7.89193430e-01 -4.90637766e-01 5.18662288e+03 1.38075780e+01
 5.92819700e+00 -4.51684753e-01 1.46064873e+00 -1.08268886e-01 -5.01088443e+03 1.37986784e+01
 4.67800980e+00 -7.08948074e-01 -4.93548792e-01 1.81160953e-01 2.19403790e+04 1.37740183e+01
 -2.78903514e+00 4.84763052e-01 1.95447198e+00 -2.46057670e-01 2.35096681e+04 1.36621056e+01
 -1.09302690e+00 1.34184430e-01 3.61432920e-01 7.75672887e-01 -1.18488796e+04 1.36871945e+01
 1.79287801e+01 -2.91130918e-01 -1.18558133e+00 2.91345884e-01 -1.67396515e+04 1.39423429e+01
 6.42797006e+00 -3.50087391e-01 -1.72053577e+00 -3.98042846e-01 5.55545969e+04 1.37963606e+01
 2.34690711e+00 8.12852656e-01 7.42461470e-01 7.69480284e-02 9.60018585e+03 1.37383901e+01
 -2.45326100e+01 1.98217090e-01 -1.37710736e+00 4.80331160e-01 5.57303293e+03 1.33767630e+01
 8.79189544e+00 6.86167078e-01 1.24023996e+00 -2.73215749e-01 -1.47405054e+04 1.38220996e+01
 -4.35619924e+00 -9.48337017e-01 -1.33015371e+00 -9.02512312e-01 -5.91957307e+04 1.36367501e+01
 2.58946194e+01 -2.26015464e-01 -5.51178293e-01 -3.26272516e-01 -1.77075569e+04 1.40583342e+01
 2.08602998e+01 3.63655610e-01 3.38599906e-01 5.53475413e-01 8.48880921e+03 1.39868050e+01
 1.12304041e+01 -5.87929579e-01 -3.76752679e-01 9.00263642e-02 -2.10109361e+04 1.38647611e+01
 -2.85782538e+01 4.19241566e-03 2.08163365e+00 3.82835806e-01 -5.59399548e+03 1.33197894e+01
 -5.98683694e+00 5.34636467e-01 -9.61040441e-01 -3.22749013e-01 2.02538767e+04 1.36195507e+01
 8.01728571e+00 8.19100259e-01 6.05867199e-01 2.66949462e-01 -1.04581314e+04 1.38051751e+01
 -6.63659295e+00 -5.16995657e-01 -1.08593328e+00 -2.16682450e-01 9.38335796e+03 1.36046434e+01
 -2.96310884e+01 1.67576311e-01 2.14636450e-01 -1.95013185e-01 8.67049158e+03 1.33114307e+01
 -3.01632128e+00 8.74433609e-01 2.16581313e+00 4.37963044e-01 -1.63021210e+03 1.36541816e+01
 3.45906334e+01 -2.90152933e-01 -2.87194497e-01 1.01730238e-01 -6.95579449e+03 1.41723690e+01
 -1.59925234e-02 -2.29602418e-01 -6.13758942e-01 6.46374031e-01 -3.16727423e+04 1.36883432e+01
 2.21530760e+00 -6.09015885e-01 -1.19733032e+00 -7.27794758e-01 -1.39178275e+04 1.37473266e+01
 6.55137521e+00 -6.09775161e-01 -7.94073268e-01 -2.06965957e-01 -9.71484989e+03 1.37808597e+01
 2.06377538e+01 3.03536512e-01 -2.67953360e+00 -3.31192173e-01 4.10767455e+04 1.39597517e+01
 -1.59709420e+01 -1.06474923e+00 2.13778194e+00 -1.22745972e-01 -1.04434831e+04 1.34922261e+01
 -2.75093205e+01 1.73249459e-02 1.71137498e+00 -4.44111291e-01 2.71945304e+04 1.33107485e+01
 -2.55822001e+00 1.78706518e-01 2.45666405e-01 6.61624429e-02 -3.13872943e+04 1.36508579e+01
 -8.58495313e-01 6.53537768e-01 5.27864314e-01 3.23046989e-01 -2.28201837e+04 1.36853183e+01
 -6.48706082e+00 -6.50157997e-02 -3.74078276e-02 -1.55882078e-01 -2.47914238e+04 1.36325231e+01
 3.05857724e+01 -5.91407883e-02 -1.43404870e+00 4.75482361e-01 -2.62998869e+04 1.41121145e+01
 6.40287325e+00 5.77389589e-01 1.67142749e+00 7.29953411e-01 -1.84536908e+02 1.38122125e+01
 -1.62053257e+01 4.26747848e-01 -1.28486400e+00 -5.17111131e-02 1.23111610e+04 1.34850456e+01
 -9.72781427e-01 -1.34728548e-02 -1.15405186e+00 2.59432503e-01 -1.96407617e+04 1.36762771e+01
 1.31920921e+01 3.28101950e-01 -1.87419213e+00 6.67825851e-01 1.14326772e+04 1.38849808e+01
 1.91465169e+00 4.15566715e-01 1.53990445e+00 -1.08898473e-01 3.81028890e+03 1.37404819e+01
 -9.19122159e+00 5.50024035e-02 3.18619966e-01 1.78603673e-02 -1.49731121e+04 1.35899322e+01
 9.02388351e+00 -4.41712274e-01 2.52898453e+00 -1.41604366e-01 -6.37027958e+03 1.38355476e+01
 3.16219412e+00 -3.72460141e-01 -1.24411550e+00 -7.22505659e-02 -1.15576700e+04 1.37046217e+01
 -1.29345579e+01 2.69537967e-01 -5.30004738e-01 -3.32591630e-01 -2.54163504e+04 1.35355916e+01
 -2.11047539e+01 -2.88281537e-02 2.83625036e+00 6.09503148e-02 -1.31025880e+04 1.34171453e+01
 2.46891687e+01 -5.48933714e-01 -5.76143396e-01 3.82799252e-01 -1.61488425e+03 1.40391745e+01
 -5.09594545e+00 2.20915313e-01 -1.21370592e+00 2.45505331e-02 4.78479609e+03 1.36192029e+01
 5.62492561e+00 -2.26310686e-01 -2.33704629e+00 -6.27852233e-01 1.76341338e+04 1.37843209e+01
 -1.66745882e+00 -7.99623147e-01 2.01752601e+00 1.34779058e-01 -3.87665862e+04 1.36600041e+01
 -2.47395550e+00 -6.65748443e-02 3.62193807e-01 1.83772064e-01 -1.83137333e+04 1.36641777e+01
 3.65286158e+00 -3.95907860e-01 4.97114692e-01 4.38049992e-01 -3.61037740e+04 1.37558939e+01
 -3.42426631e+00 2.56742722e-01 5.83382355e-01 -7.32609093e-01 2.09734718e+04 1.36649246e+01
 -1.77666185e+01 -5.69548464e-01 -8.98707702e-01 1.28242883e-01 4.58036210e+03 1.34678155e+01
 -6.35357226e+00 8.77588757e-01 7.75298491e-01 3.03472407e-01 -5.71717789e+04 1.36063453e+01
 2.78731174e+00 -2.88910079e-01 -5.00326254e-01 -7.75508008e-01 -8.85472155e+03 1.37292926e+01
 6.76186481e-01 2.99241754e-01 -2.11395130e+00 -2.26289054e-01 -7.84529820e+01 1.37327223e+01
 -5.83499676e+00 2.43661381e-02 -8.87166784e-01 1.51695232e-01 1.78809391e+02 1.36471936e+01
 -2.20189834e+00 8.51285739e-01 7.73899562e-01 7.63159809e-02 2.34822774e+04 1.36642434e+01
 -9.67343874e+00 1.26241040e+00 -3.40744246e-01 6.31655825e-01 -8.01889997e+03 1.35875550e+01
 -1.85991936e+00 -1.08683558e+00 -3.99482342e-01 5.56954874e-01 1.01149132e+04 1.36954670e+01
 1.12896492e+01 -4.16366279e-01 1.93143606e-01 9.21804925e-01 3.66059352e+04 1.38555485e+01
 4.86569295e+01 1.16265810e-01 -3.79959380e-01 4.73948357e-01 -1.22504388e+04 1.43590089e+01
 8.67302448e+00 6.99932487e-01 -9.56094168e-01 -4.31331728e-01 -1.16990150e+04 1.38057114e+01
 -1.38294891e+00 -1.04843821e+00 -2.09653377e+00 -4.06067038e-01 3.51840667e+03 1.36975845e+01
 -1.08030832e+00 3.90892662e-01 -1.35037989e+00 -2.53069125e-01 4.47424020e+03 1.36866064e+01
 1.25268096e+01 2.09858688e-01 7.31700275e-01 -2.07193099e-01 -7.76383086e+03 1.38652974e+01
 -2.08295437e+01 5.78196993e-01 -5.43585059e-01 -5.00846264e-01 -5.98299011e+03 1.34242595e+01
 8.94696384e+00 -8.10949561e-01 7.97206901e-01 -6.76203266e-01 3.31696601e+04 1.38064875e+01
 1.43564413e+01 -2.34834443e-01 -7.39706397e-01 -3.60152354e-01 7.75260281e+03 1.38868398e+01
 2.66808039e+00 3.19253954e-01 -9.61121306e-01 3.92243988e-02 -7.54142019e+03 1.37205507e+01
 -1.23806880e+01 -4.20487466e-01 -3.84191832e-01 4.86127932e-01 -5.11110667e+02 1.35263284e+01
 8.51416709e+00 1.33146979e+00 -1.22014752e+00 -3.99886278e-02 3.35225723e+02 1.38125346e+01
 -1.58506335e+01 3.61341723e-01 3.82809109e-01 -4.70582268e-01 -9.07620364e+03 1.34713237e+01
 1.88235687e+00 -8.51797909e-01 -2.77796846e-01 -7.94491682e-02 -2.42175192e+04 1.37178565e+01
 3.55060471e+00 1.31029025e-01 7.47278792e-01 3.75945545e-01 -1.79610753e+04 1.37513174e+01
 -2.00418416e+01 1.96135294e-01 1.55309519e+00 3.62200383e-01 5.51541344e+03 1.33896340e+01
 9.20837838e+00 -3.64318296e-01 9.51235755e-01 6.75343208e-01 -2.50492135e+04 1.38338819e+01
 9.63573610e+00 -5.53819579e-01 -2.24066922e-01 1.11783876e-02 2.63808540e+04 1.38435323e+01
 8.66767671e-01 -1.42303807e-01 3.96741611e-01 1.38998251e-02 -1.12083602e+04 1.37105892e+01
 -2.07064093e+01 -3.71175698e-01 -6.05072925e-01 5.66452464e-01 -1.23169118e+04 1.34367322e+01
 7.87611629e+00 -1.93693180e-01 -2.17990782e+00 -6.51582976e-02 -4.15976152e+04 1.37869114e+01
 -1.93168546e+00 7.07726461e-02 7.50915819e-01 5.46289446e-01 1.28093039e+04 1.36755253e+01
 5.04603134e+00 -1.01167961e-01 1.52946849e-01 3.96874681e-02 5.41187266e+02 1.37571030e+01
 1.66237494e+01 -2.33933759e-01 -9.13881584e-01 -4.49741269e-03 -1.62034571e+04 1.39150357e+01
 2.43156473e+01 -2.46556994e-04 -3.73340867e-01 -1.81889019e-01 4.48659256e+04 1.40306012e+01
 1.07968588e+01 2.69175221e-01 9.57966833e-01 6.18978617e-01 -1.39596694e+04 1.38747574e+01
 -4.86356135e+00 -2.06790867e-01 1.40119825e-01 -1.18946610e-02 1.73578400e+04 1.36503607e+01
 5.12527079e-02 -9.80122841e-01 2.11803244e+00 9.51992364e-02 5.02276770e+03 1.36961184e+01
 -1.41701298e+00 2.16256116e-01 -3.20274002e-01 3.59294308e-02 -2.42454327e+04 1.36860649e+01
 1.40158305e+01 5.27997783e-02 1.18073657e+00 5.96999182e-01 7.56426188e+03 1.39025411e+01
 1.65282193e+01 6.24448219e-02 -5.30282787e-02 -4.29303395e-01 -3.83395029e+03 1.39180520e+01
 1.34083204e+01 6.15370632e-01 -7.44618308e-01 -7.10211870e-03 -1.12742890e+04 1.38786025e+01
 2.20650721e+01 2.36504599e-02 1.28588609e-01 7.76130167e-02 -4.37380291e+03 1.39918079e+01
 -1.76125755e+01 7.44177145e-01 -1.14905813e+00 3.47630193e-01 -1.63190507e+04 1.34568572e+01
 -1.07866310e+00 2.84324870e-01 1.22536728e+00 -4.19653454e-01 1.77281193e+04 1.36776483e+01
 -1.87488180e+01 -6.40859233e-02 -6.83529717e-01 -6.85253149e-01 -1.94081202e+03 1.34329154e+01
 -3.62245190e+00 -5.81288317e-02 -1.61687207e-01 -8.95435822e-02 2.60995652e+04 1.36282270e+01
 1.22869417e+01 -5.30016995e-01 6.41262567e-01 -4.98507935e-01 -1.50818017e+04 1.38811965e+01
 -1.25317354e+01 -2.72963567e-01 3.77258323e+00 -2.76372184e-01 2.34513718e+03 1.35204132e+01
 1.49682937e+01 2.59680608e-01 6.39009523e-01 2.48357862e-01 -3.09590800e+04 1.39054139e+01
 2.74025399e+01 -2.44234674e-01 -5.66173886e-02 8.69936341e-01 1.29830237e+04 1.40659756e+01
 -4.37350487e+00 1.08501580e-01 -1.26362330e+00 -5.47679835e-01 -3.85116073e+04 1.36392066e+01
 -1.38149709e+01 -2.10106487e-01 -7.72867822e-01 2.39787436e-01 -5.00417799e+03 1.35043580e+01
 -4.30071545e+00 -4.79741396e-02 -1.03536290e+00 3.70272498e-02 1.64866729e+03 1.36518948e+01
 -5.49763064e+00 5.71524779e-01 -1.88415350e+00 -1.93578276e-01 1.15250299e+04 1.36215452e+01
 -3.07593487e+01 2.37663393e-01 2.42920742e+00 3.03118684e-01 -1.05843711e+04 1.32690694e+01
 -2.38390853e+00 -2.47797556e-01 -1.61805295e+00 2.66088569e-01 4.72844921e+03 1.36409736e+01
 -1.67534214e+01 -6.24348358e-01 -1.05209713e+00 3.41497880e-01 3.56561299e+04 1.34586153e+01
 -8.81439122e+00 4.26389364e-01 -2.25038137e+00 -3.10863681e-01 1.67395914e+03 1.35659965e+01
 1.89907973e+00 -1.13965927e-01 9.24776197e-01 2.79781265e-01 3.01673297e+04 1.37342399e+01
 -2.58216539e+00 5.79999758e-02 -1.64867064e+00 -5.04216496e-01 1.75285288e+03 1.36649899e+01
 -7.98362392e+00 2.50909856e-01 1.12009019e+00 2.83336777e-01 -2.07400317e+04 1.35882791e+01
 1.34511485e+01 -1.85731405e-01 -5.46640608e-01 3.44127676e-01 1.70263164e+04 1.38669900e+01
 -9.85035309e+00 -5.25664669e-01 -1.11102656e+00 -4.40406326e-01 -4.66106540e+03 1.35711396e+01
 -1.07647392e+01 4.74799447e-01 1.25813058e+00 3.69781165e-01 -1.06821935e+04 1.35430052e+01
 -1.42470236e+01 4.83426615e-01 -1.43729941e+00 -9.99857771e-02 -3.06700141e+04 1.34986617e+01
 -9.33557871e+00 -8.26927925e-01 1.84846439e+00 4.26566295e-01 8.56026934e+03 1.35774606e+01
 2.15751333e+01 1.08631907e-01 1.73690037e+00 4.56349379e-01 7.30899604e+03 1.39919787e+01
 2.11000428e+01 2.41768242e-01 3.38351312e-02 1.77458781e-01 -4.33910729e+03 1.39758129e+01
 -2.96468489e+01 -9.21886785e-01 1.38996996e-01 -2.33421228e-01 -2.58887148e+04 1.32882153e+01
 -4.60172813e+00 2.45965123e-01 -1.00820477e+00 9.27351979e-01 -1.53232746e+04 1.36634214e+01
 -1.03072180e+01 2.52034250e-01 1.74080403e+00 -3.26538061e-02 -1.69376890e+03 1.35501700e+01
 1.48305690e+01 2.49853443e-01 8.98382378e-01 7.91054478e-02 2.67433073e+03 1.39052078e+01
 1.40684494e+01 -5.28740313e-02 3.97823721e-01 -6.26012665e-01 -1.29808121e+04 1.38931831e+01
 -1.94799043e+00 -5.44604382e-01 -6.73183205e-01 -7.44217860e-01 -1.97054295e+02 1.36739374e+01
 2.35295970e+00 -6.02629209e-01 1.02839171e+00 5.27950190e-01 3.31053798e+04 1.37513161e+01
 -1.61095638e+01 -1.23643209e+00 -1.70239946e+00 2.18736429e-01 9.21690537e+02 1.34585942e+01
 -8.46255117e+00 2.81380179e-01 1.78544204e-01 2.99548470e-01 1.14223820e+04 1.35705914e+01
 -1.57324046e+01 4.49342971e-01 4.86627361e-01 5.84680261e-02 1.66781537e+04 1.34777541e+01
 -4.55055579e+00 9.24040780e-01 1.55834263e+00 1.70267023e-01 3.80580295e+04 1.36395283e+01
 1.28593067e+01 -5.13040684e-01 -1.02740362e+00 -2.25381498e-01 -8.03285047e+03 1.38681762e+01
 -1.83085875e+01 3.38702676e-01 -2.65112439e+00 -2.88685435e-01 6.72073023e+03 1.34365229e+01
 -1.01259251e+01 -2.60480905e-01 1.13779424e+00 -7.90210146e-02 -4.07677930e+02 1.35505802e+01
 3.62934956e+00 -7.62559201e-01 -1.81688016e+00 1.10422438e-01 1.77743794e+04 1.37475330e+01
 -1.76061199e+01 -3.30149455e-02 -5.70784468e-01 6.17458839e-01 -8.73352393e+03 1.34566818e+01
 6.60864667e+00 -8.83869625e-02 -1.71421816e+00 -1.86292488e-01 -6.97586300e+02 1.37972126e+01
 -3.31036518e+00 4.11939768e-01 -7.05124451e-01 -5.51671101e-01 4.05503818e+04 1.36333187e+01
 2.20116661e+01 5.15680376e-01 2.15950671e+00 -5.48617948e-01 3.09546546e+04 1.40107404e+01
 7.72929550e+00 4.69169250e-02 -1.78428205e+00 -3.24562563e-01 3.94030917e+03 1.38157418e+01
 -3.98746406e+00 2.47884380e-01 1.26547462e+00 8.38867148e-02 5.10128735e+03 1.36360718e+01
 1.38478761e+01 -7.35666339e-01 2.37377478e-01 -1.20038387e-01 7.85400358e+03 1.38855461e+01
 -2.29726447e+01 -4.96430201e-01 4.02000426e-01 -9.17080258e-01 2.43440289e+04 1.33892267e+01
 -2.43301717e+01 -2.89619482e-01 -2.61417905e-02 -6.01943773e-01 -2.00816535e+04 1.33667225e+01
 -1.06912799e+01 -8.33101410e-01 2.49549420e+00 5.89928774e-02 -2.90703425e+04 1.35465297e+01
 -2.79708081e+00 5.19402350e-01 8.16897803e-01 1.33427955e-01 5.10431819e+03 1.36592801e+01
 -3.23803235e+00 -1.02841117e-01 -2.88033568e-01 -7.08083616e-01 -1.91783077e+04 1.36779781e+01
 -1.14291792e+01 9.67730629e-01 1.21409051e+00 3.69000048e-01 -5.45859701e+03 1.35439642e+01
 -1.60534080e+01 6.23821324e-01 9.02202580e-01 5.65287647e-02 4.24374278e+02 1.34893352e+01
 8.03578603e+00 1.82704951e-02 3.34631412e-01 5.00111911e-01 7.56997854e+03 1.38278150e+01
 -6.20190297e+00 -7.36451870e-01 1.44832787e+00 -6.88523145e-01 -2.85722548e+04 1.36017516e+01
 -2.07476135e+01 -1.48074138e-01 -9.83010330e-01 5.63124031e-04 2.84380800e+04 1.34378425e+01
 -7.61296473e+00 5.69408055e-01 -1.08877135e+00 -9.00895350e-01 6.18865559e+03 1.35862067e+01
 3.10011185e-01 -4.17983823e-01 5.59633276e-01 1.12491118e-01 5.28103371e+03 1.36874785e+01
 -2.55173809e+00 -3.27735591e-01 -4.75285874e-01 -4.90177763e-01 -3.36156816e+03 1.36493412e+01
 -2.95513608e+01 -1.49260037e+00 1.58178953e-01 1.40903841e-01 -7.70003923e+03 1.33107069e+01
 4.86258470e-01 -2.52696710e-01 -1.03286131e+00 -1.92036618e-01 -5.12291128e+04 1.37009894e+01
 7.44191418e+00 6.47634038e-01 1.29529483e-01 1.20280905e-01 1.77127463e+04 1.38330510e+01
 4.23482443e+00 -1.13985598e-01 -1.65903360e+00 -2.06545436e-01 -4.60019217e+04 1.37641341e+01
 6.68085559e+00 -6.24414133e-02 9.68645726e-02 -2.29725912e-01 1.25096451e+04 1.38013075e+01
 -1.22881739e+01 -6.35443196e-01 -9.38533882e-01 5.31107850e-02 -3.57989055e+04 1.35408835e+01
 2.05795125e+00 -6.09104050e-01 -2.36240173e-01 -2.31071043e-01 -1.36639978e+04 1.37212042e+01
 -1.07399352e+01 -4.37322161e-01 9.41224892e-01 -5.72592183e-01 6.10697787e+03 1.35237685e+01
 1.46982295e+00 3.81322995e-01 -6.05198180e-01 -5.49436996e-01 3.49318557e+04 1.37335050e+01
 4.70944239e+00 3.71748699e-01 -1.68395668e+00 -6.75875603e-01 -7.08878057e+03 1.37634987e+01
 -6.71631802e+00 -6.22792924e-02 1.31473527e+00 6.14190606e-01 6.52737777e+03 1.36219401e+01
 -2.18735921e+01 1.37109057e+00 -7.67377011e-01 2.19547645e-01 -1.88777938e+04 1.34161270e+01
 -1.28298247e+01 4.83704262e-01 1.57653830e+00 1.39449743e-01 2.90787695e+04 1.35213129e+01
 1.98314616e+01 4.90229650e-01 -1.85773491e+00 3.07436698e-01 -1.82515306e+04 1.39938657e+01
 -2.24848278e+01 2.44270997e-01 1.10057147e+00 3.05301651e-02 -6.82918128e+03 1.34048742e+01
 8.74291502e+00 6.78347452e-02 -3.02731415e-01 -2.23007120e-01 -4.71336258e+03 1.38273279e+01
 -1.28329676e+01 -5.16119224e-01 -8.70601102e-01 5.75465406e-01 -8.02620367e+03 1.34988366e+01
 -8.56826431e+00 -3.68000719e-01 5.30183263e-01 -7.30211867e-01 -2.14896992e+04 1.35855589e+01
 -1.40888259e+01 -9.17500947e-01 1.66613474e+00 -3.30489572e-01 2.18758654e+03 1.35009483e+01
 7.49209460e+00 -2.66533964e-02 9.27491944e-01 7.93322121e-02 1.63836691e+04 1.38002647e+01
 5.74496405e+00 7.14387669e-01 -2.44218337e+00 -4.45315134e-01 -3.99781527e+03 1.37721414e+01
 -2.62028700e+01 -5.16734051e-01 -2.93786507e-01 1.54467605e-01 1.42717772e+04 1.33385254e+01
 1.18102816e+01 4.50590190e-01 -5.40450839e-01 8.38347458e-02 -5.69901834e+03 1.38637584e+01
 -6.23440607e-02 5.76841900e-02 -1.90964263e+00 -2.58120969e-01 -6.60203080e+03 1.36968176e+01
 2.31342875e+01 5.98165697e-01 -1.06378934e+00 -3.68666786e-01 2.32991009e+04 1.39976471e+01
 -1.39398691e+01 -7.00868521e-01 1.54426611e+00 3.06311772e-01 -1.17130429e+03 1.35025155e+01
 5.86532665e+00 9.89361944e-02 9.01183773e-01 3.06811922e-02 1.24259490e+04 1.37961656e+01
 7.64389600e+00 1.09979278e-01 -8.04005915e-01 2.67886445e-01 1.00260675e+04 1.38142452e+01
 -1.91663606e+01 7.22743818e-02 -1.30967646e+00 3.64319054e-01 2.03793826e+04 1.34280998e+01
 8.22447350e+00 -8.14626293e-02 9.56202677e-01 4.77336348e-01 -5.99819095e+03 1.38122870e+01
 -1.15933909e-01 2.16982125e-01 1.04798929e+00 -4.10441863e-01 3.35136107e+03 1.36966452e+01
 -1.15681178e+01 4.71807487e-01 -7.87953279e-01 -4.92790761e-01 5.40352976e+03 1.35218161e+01
 2.19385153e+01 3.60049719e-01 9.11813695e-01 -2.01317225e-01 1.86542807e+04 1.39959160e+01
 1.44382913e+00 1.96958386e-01 -3.10684802e-01 2.69965921e-01 -2.92726769e+04 1.37135676e+01
 3.92630695e+00 6.45188182e-02 -9.00242617e-01 6.95679691e-02 -1.17517722e+04 1.37513358e+01
 -1.03143898e+01 4.20603181e-01 1.06305157e+00 3.72548019e-01 1.35534228e+04 1.35606047e+01
 2.36142438e+01 -5.11737503e-01 -8.79204213e-01 6.51381807e-01 1.37041478e+04 1.40124080e+01
 -2.16675329e+01 -2.57856866e-01 7.60818630e-01 2.26444046e-01 1.37447155e+04 1.34167691e+01
 -8.01422280e+00 -1.51034202e-01 -9.34613594e-01 -2.37015914e-01 -1.49551473e+04 1.35720110e+01
 -4.51175693e+00 -2.54268552e-01 -2.20532421e-01 2.01273215e-02 4.58269414e+04 1.36539688e+01
 -3.55640783e+00 -8.32331749e-01 -8.83771372e-01 8.21044987e-01 3.45345600e+03 1.36401842e+01
 1.17517018e+01 1.00030374e+00 -9.86121175e-01 2.05367629e-01 -1.49057649e+04 1.38531580e+01
 -1.01499034e+01 2.04125801e-01 1.64655159e+00 -8.86463414e-03 9.55628909e+03 1.35685508e+01
 8.14103589e+00 7.40293838e-02 -1.27832646e+00 3.61914639e-01 -1.62817655e+03 1.38076692e+01
 1.96820596e+01 -6.04058246e-01 -1.00174220e+00 -4.12851733e-01 1.17512900e+04 1.39471071e+01
 1.17348075e+01 1.13067752e-01 -8.86595256e-01 -5.79733825e-02 1.86704692e+04 1.38497212e+01
 -2.45446326e+01 -1.92349866e-01 -1.45172372e+00 -2.81589808e-01 -8.78104982e+03 1.33356662e+01
 -2.63598608e+00 5.17432294e-01 -1.92740100e+00 -3.35023404e-01 -3.73317850e+04 1.36451761e+01
 1.09511425e+01 -5.89598019e-02 -2.71790263e+00 4.21032252e-01 4.17986675e+02 1.38323114e+01
 8.67848924e+00 6.41947714e-01 4.96327703e-01 2.99189236e-01 -2.98505106e+04 1.38160683e+01
 -8.40124093e+00 -6.39749871e-01 2.13928386e-01 2.22848094e-01 -2.28531642e+03 1.35860643e+01
 3.44653850e+01 2.99909296e-01 1.61706212e+00 -3.57522251e-01 9.14898791e+03 1.41693106e+01
 -8.94491689e+00 1.64182790e-01 1.76398889e-01 -2.81998919e-01 -2.44846203e+04 1.35741993e+01
 3.66715522e+00 -2.29667514e-01 -2.25356552e-01 -2.07540507e-01 2.55458671e+04 1.37191927e+01
 -2.87553892e+00 7.41670845e-02 -8.05164863e-01 -2.06166681e-01 2.77368244e+03 1.36671832e+01
 -9.02543006e+00 6.45270096e-01 2.01500382e+00 2.85334988e-03 -2.04381094e+04 1.35722549e+01
 -2.29200376e+01 1.90319799e-01 -2.48604035e-01 -4.42662811e-01 1.19896134e+04 1.33968910e+01
 3.19852818e+01 6.94551779e-01 1.17241550e+00 2.91668751e-01 -8.52832274e+03 1.41155613e+01
 1.01360498e+01 5.02637064e-01 -1.71810262e+00 -2.18989291e-01 -5.46779381e+03 1.38268579e+01
 2.98811624e+00 3.72780289e-02 -8.60589788e-01 5.94472418e-02 3.93394044e+03 1.37488905e+01
 2.01525610e+01 1.23770382e-01 -1.03337219e+00 -5.63400538e-01 3.01413188e+04 1.39594427e+01
 1.34843749e+01 -2.58604984e-01 -1.22510607e-01 2.38164878e-01 7.62657649e+03 1.38650216e+01
 3.43814740e+01 -1.78855808e-01 9.42868394e-01 -5.52968853e-01 1.03262351e+04 1.41604997e+01
 -4.40866071e+00 -4.52622064e-01 4.16305129e-01 2.60003236e-01 1.62072591e+02 1.36300665e+01
 1.23407896e+00 7.31346646e-01 -4.19606258e-01 1.84009757e-01 -2.00695541e+04 1.37239651e+01
 -5.35675180e+00 -6.81241081e-02 -8.98400541e-01 -2.20806063e-01 -1.11862574e+04 1.36352849e+01
 2.80553412e+01 2.08968683e-01 1.82977649e+00 -6.07118217e-01 1.41744264e+04 1.40585900e+01
 -2.56265980e+01 -6.41634405e-01 1.47787919e+00 -1.21073980e-01 6.76129075e+03 1.33563190e+01
 1.15680057e+01 1.09678886e-01 9.68460499e-03 1.67106004e-01 1.40985624e+04 1.38675421e+01
 7.99307393e+00 3.88346648e-01 1.54775152e+00 -5.59595604e-01 -2.20219108e+04 1.38129319e+01
 1.28171412e+01 -6.15166338e-01 -1.57098714e+00 -1.02872484e+00 -8.19473016e+03 1.38481866e+01
 -2.89952910e+00 6.18677606e-01 -6.56581040e-01 2.00968870e-01 4.47477192e+02 1.36613061e+01
 -1.65734318e+01 -3.20790617e-01 4.84636861e-01 -1.73423340e-01 2.07270956e+04 1.34696317e+01
 -6.77559496e+00 5.10630482e-01 9.48069346e-01 1.35820915e-02 8.43908771e+03 1.36012509e+01
 4.52764032e+00 -1.62990624e-02 -1.58317932e+00 -4.84287886e-01 1.34014256e+03 1.37371676e+01
 -9.45573327e+00 2.34301433e-02 -3.39545916e-01 1.31182032e-01 -1.80527500e+03 1.36003862e+01
 -3.78481575e+00 6.07431055e-01 8.16263119e-02 2.80812845e-01 7.17891859e+03 1.36300448e+01
 -3.71204785e+00 -3.63567865e-01 -8.59469070e-01 -7.95172270e-01 3.18046965e+04 1.36679541e+01
 -7.72393835e+00 9.66185705e-02 5.05834683e-01 1.50656506e-01 1.41416642e+03 1.36017046e+01
 1.89279389e+01 -2.79068835e-01 5.51440396e-01 -6.43618300e-02 -9.62223646e+02 1.39511928e+01
 1.76786932e+00 -1.44266133e-02 6.04279040e-01 -1.34682788e-01 -3.18882546e+04 1.37082911e+01
 -3.32333737e+00 -8.38965231e-02 1.30020620e-01 -8.38975140e-01 -1.56206375e+04 1.36416462e+01
 1.03193333e+01 -2.48498787e-01 -3.40322011e+00 -6.84536533e-01 -4.98879893e+02 1.38189212e+01
 -2.24116512e+01 -9.31237522e-01 -2.30965955e+00 -1.47553017e-02 1.96777068e+04 1.34048656e+01
 1.57266550e+01 -5.59944997e-01 -2.34272021e-01 -2.00777389e-01 2.68806756e+04 1.39175822e+01
 2.93746702e+00 4.29694411e-02 1.83709169e+00 -3.76561079e-02 1.78683229e+04 1.37272193e+01
 -6.07593787e+00 5.29145973e-02 3.69932036e-01 -1.62955977e-01 1.99751202e+04 1.36146584e+01
 -1.01291565e+01 1.29228413e-02 1.02341776e+00 -1.39102247e+00 -5.60948674e+02 1.35829750e+01
 1.42929990e+01 -2.97159085e-01 -1.73463365e-01 -5.30583407e-01 -8.32192595e+03 1.39091254e+01
 -6.01581362e+00 -4.61154551e-02 9.58772824e-01 6.33682533e-01 -4.86624941e+03 1.36204246e+01
 -1.55092546e+01 7.04254275e-01 8.18444338e-01 -2.46915904e-01 1.54128998e+03 1.34785119e+01
 2.50357222e+00 -7.99160277e-01 1.25217573e+00 -2.26556123e-02 1.54347300e+04 1.37223888e+01
 1.05941718e+00 3.29215323e-01 7.69123973e-01 7.17400792e-02 2.07204167e+04 1.37309258e+01
 -1.76325350e+01 8.45789829e-01 9.50101241e-01 -5.06525062e-01 4.52664052e+03 1.34319580e+01
 -1.37679162e+00 4.89733681e-01 -5.68852098e-01 2.13361317e-01 4.51609782e+04 1.36644354e+01
 -2.04217128e+00 -4.85335141e-01 3.04429371e-01 3.40606444e-01 -1.94743034e+04 1.36907644e+01
 -1.64768119e+01 -5.94789993e-01 -1.35046487e+00 -2.63782889e-01 -4.28945407e+03 1.34603527e+01
 -2.86985034e+00 -7.44050617e-01 1.51028574e+00 -7.75208110e-02 2.13393418e+04 1.36556695e+01
 1.42212426e+01 -2.69795492e-01 6.61362050e-01 -1.56211281e-03 -1.64641345e+04 1.38953863e+01
 1.83286762e+01 7.19438984e-01 -2.67937189e+00 -2.16465977e-01 -1.65639897e+04 1.39571082e+01
 8.66608756e+00 -3.83525371e-01 -8.03069249e-01 7.12370282e-01 7.49770873e+02 1.38112803e+01
 -8.94870356e+00 1.13550527e-01 2.00333733e-01 -9.31546448e-02 2.03278397e+02 1.35737127e+01
 1.73273044e+01 5.90887785e-01 -2.64538239e-01 -4.59983329e-01 -7.99861283e+03 1.39292426e+01
 4.03040520e+00 -3.49752629e-02 -1.49820045e+00 -2.40880253e-01 -1.96840042e+04 1.37588346e+01
 7.62907478e+00 5.99769833e-02 3.92850863e-01 -5.76484573e-01 -1.73034917e+04 1.38025499e+01
 -3.04605601e+00 5.63369970e-01 -7.25274518e-01 1.79214343e-01 1.53200622e+04 1.36537626e+01
 1.44303402e+01 -9.71728155e-01 -5.19078697e-02 -7.23423486e-01 -3.75308471e+03 1.39172237e+01
 5.20175914e+00 -6.30613154e-01 1.25268521e+00 -1.37114392e-01 1.76267812e+04 1.37843926e+01
 -8.88261638e+00 4.19623786e-01 1.52164506e+00 -8.72196060e-01 2.08881209e+04 1.35665551e+01
 -1.15079463e+01 -2.21997324e-01 -7.37717536e-01 -6.31025404e-01 8.10270835e+03 1.35327269e+01
 -1.59387252e+01 -4.01786752e-01 -2.24732132e+00 3.82476999e-01 4.61297901e+03 1.34948868e+01
 -5.09309759e+00 -2.26024770e-01 1.62030494e+00 8.48373139e-02 -9.51956934e+03 1.36339176e+01
 2.08473256e+01 2.82220367e-01 1.09403419e+00 -2.25227585e-01 -6.05969296e+03 1.39701525e+01
 1.19922558e+01 8.86917272e-01 -2.39313652e+00 9.37343382e-01 1.67676320e+04 1.38693674e+01
 1.52156084e+00 -1.09981756e+00 4.61384429e-01 2.21456778e-01 1.37568671e+04 1.37263615e+01
 5.35669560e+00 -1.89663617e-01 -1.74868582e+00 1.29922205e-01 -1.61000957e+03 1.37804906e+01
 -2.60236688e+00 -3.05733257e-01 5.12950231e-01 -4.16078361e-01 -5.40666073e+03 1.36586711e+01
 -3.20951996e+00 2.72267736e-01 7.15707706e-01 -5.98277021e-02 -3.10325750e+04 1.36579113e+01
 -8.84237397e+00 7.36420922e-02 9.49629708e-01 1.89386847e-01 -8.62261215e+03 1.35656182e+01
 -7.75637892e+00 1.75058388e-01 -1.79671676e-01 -6.01925922e-01 -2.73431858e+04 1.35769970e+01
 4.14491505e+00 -8.91445518e-01 -8.02363006e-01 6.91863878e-01 2.34289082e+04 1.37588993e+01
 -5.60547583e+00 6.88791406e-03 6.27299864e-01 -2.43241217e-01 -1.39128883e+04 1.36403582e+01
 3.54190363e+00 4.58116343e-01 1.70706587e+00 -3.48177655e-01 -8.87650239e+03 1.37458653e+01
 1.62225862e+01 -4.47829844e-02 -6.75771131e-02 -9.04667608e-02 -5.80823516e+03 1.39122468e+01
 -1.18740933e+01 1.06139747e+00 -4.01004965e-01 8.46132810e-02 -1.59887133e+04 1.35514923e+01
 -1.09271644e+01 -7.64530632e-01 6.22653002e-01 -1.51340084e-02 -1.03810013e+04 1.35431995e+01
 3.35401380e+00 5.02311206e-01 4.91838403e-02 -1.70711539e-01 3.14947512e+03 1.37554608e+01
 5.26623854e+00 5.18523954e-01 4.21648733e-01 3.26676618e-01 -2.99862626e+03 1.37483539e+01
 -1.31694525e+00 -4.94445693e-01 -4.48699031e-01 8.32912363e-01 -3.65918341e+03 1.36903175e+01
 -1.50248059e+00 -3.77237754e-01 -2.24770405e-01 4.84806481e-01 5.50982245e+03 1.36596793e+01
 9.84895933e+00 3.72666647e-03 8.30264841e-01 4.86148881e-02 6.51204490e+03 1.38181169e+01
 -7.82306263e+00 -1.19640044e-01 -1.86863415e+00 2.50922100e-01 -7.58584529e+02 1.35970329e+01
 -9.09587209e-01 6.44278599e-01 -1.41269680e-01 6.42874817e-01 1.09144509e+04 1.36833565e+01
 1.50044347e+00 2.59192649e-01 2.08011427e+00 -5.75266927e-02 -1.95458968e+04 1.37218834e+01
 7.54386622e+00 4.10771200e-01 -2.50048163e-01 -2.74720771e-01 2.58264787e+04 1.38018152e+01
 5.14968902e+00 -1.04121759e-01 -8.83361198e-01 2.69575283e-01 2.93145168e+04 1.37676201e+01
 1.66411487e+01 -3.94047345e-01 -2.48288736e+00 -3.90947804e-02 1.60141947e+04 1.39229155e+01
 -1.01530670e+01 -6.12077933e-02 -1.38155654e+00 -3.91132948e-01 1.93101890e+04 1.35375814e+01
 7.01857740e-01 -6.77264064e-01 -1.62745217e+00 -3.23224637e-01 1.02205330e+04 1.37261013e+01
 7.11536297e+00 2.44624850e-01 -4.79718602e-01 7.54350627e-02 2.52912030e+04 1.38130135e+01
 2.65563128e+00 2.49246653e-01 -1.41381199e+00 2.90635090e-01 -5.09045613e+03 1.37420006e+01
 7.22162182e+00 4.99454024e-01 -1.65212852e+00 -6.32220564e-01 -4.50041953e+04 1.37866947e+01
 2.90403899e-01 6.98363844e-01 3.23858554e-02 3.91401510e-01 -3.86908959e+03 1.37130617e+01
 -4.60586403e+00 -3.32741558e-01 1.90740102e-01 2.41740417e-01 -2.96532216e+04 1.36363601e+01
 -1.31880603e+01 2.46340109e-01 3.60004460e-01 3.31806022e-01 1.91435347e+02 1.35352844e+01
 -1.98718637e+01 7.44299993e-01 -2.66904994e-01 2.84638184e-01 -1.02519617e+04 1.34430278e+01
 1.28412251e+01 -4.35017579e-01 -1.10687365e+00 1.67765222e-01 1.28147632e+04 1.38764261e+01
 1.16256752e+01 5.61408825e-01 7.38627618e-01 9.21029270e-01 2.33228644e+04 1.38514605e+01
 6.99682728e+00 7.97028189e-01 -2.25529350e-01 -9.38611720e-02 -4.45851038e+04 1.37898865e+01
 -8.64688997e+00 6.67460738e-01 6.80425638e-01 1.63002738e-01 -1.12427926e+03 1.35658198e+01
 -9.32370250e+00 1.13045081e+00 -1.24512177e+00 -1.80069096e-01 1.39031723e+04 1.35600741e+01
 1.49462437e+01 4.63463308e-01 -2.66222619e-01 -5.36453893e-01 -3.12550486e+04 1.39032386e+01
 -1.21509630e-01 -2.62055855e-02 -8.64518505e-01 1.17610674e-01 -4.86782108e+03 1.36989728e+01
 -8.46905338e+00 -2.13326642e-01 7.87523729e-01 1.75675942e-01 -1.77825298e+03 1.35883192e+01
 -4.40739384e+00 9.17669517e-01 1.93734073e+00 5.07400241e-02 2.44578526e+03 1.36621752e+01
 -4.22303698e+00 -1.52937664e-01 -3.98865073e-01 -7.78425530e-02 3.67349862e+04 1.36327721e+01
 -5.08475664e+01 -1.36450222e-01 -9.97358471e-01 1.45323879e-01 -3.50824833e+04 1.29970526e+01
 -1.73717270e+01 -5.09773759e-01 6.97348418e-01 -2.48339285e-01 -1.21584285e+04 1.34609356e+01
 1.49137317e+01 1.67249223e-01 1.76597480e+00 -1.18675756e-01 1.20058363e+02 1.38796357e+01
 2.30425682e+01 2.44877665e-01 6.76013019e-01 6.48890946e-01 2.22492785e+04 1.40089776e+01
 -2.55183240e+01 -7.28569172e-01 1.40203816e+00 -6.76645574e-01 1.43335782e+04 1.33512272e+01
 -8.60575753e+00 1.16261590e+00 -5.23207215e-02 3.24216536e-01 9.27333918e+03 1.35818395e+01
 1.45955602e+00 7.32465937e-01 8.15378231e-01 2.79757967e-02 4.23161168e+03 1.37189077e+01
 6.95507913e-01 -9.02794110e-01 1.61389647e-01 2.13938359e-01 -6.18042768e+03 1.36994110e+01
 1.16595610e+01 -1.31051409e+00 -1.06686166e+00 -6.41560383e-01 1.06322488e+04 1.38538835e+01
 -1.84903956e+01 -4.19446980e-01 -1.49164322e+00 1.93551322e-01 2.82148592e+03 1.34620667e+01
 6.06371728e+00 1.87140717e-01 -1.06814011e+00 -6.55785835e-01 1.15280450e+04 1.38044681e+01
 3.02299375e+00 -1.96299362e-01 1.65036322e+00 -2.33428639e-01 2.95093845e+04 1.37411938e+01
 7.47497203e+00 1.49577542e-01 -3.41534501e-01 1.67269495e-01 -1.78077299e+04 1.37754935e+01
 1.00760067e+01 -1.10109890e-01 9.67892138e-01 -4.03204727e-02 2.18469331e+04 1.38371884e+01
 -1.11972045e+01 5.86413080e-01 8.92886442e-01 -9.18423717e-02 2.26913941e+04 1.35387641e+01
 -1.38520201e+00 -8.71479544e-02 1.15132293e+00 -7.29247107e-02 5.95416482e+03 1.36902409e+01
 -6.21383118e+00 1.11845177e-01 4.97215208e-01 -7.85088746e-02 -1.63705493e+04 1.35955190e+01
 1.57914922e+00 -2.41792202e-01 4.71223916e-01 1.49155888e-01 2.26409092e+04 1.37373742e+01
 2.44883426e+01 -5.43202559e-01 2.45488706e-01 -2.38659213e-01 -4.09903520e+03 1.40259963e+01
 1.90279945e+01 1.64249257e-01 -2.71730250e+00 1.68680451e-01 -1.65039835e+04 1.39562205e+01
 1.72524308e+00 -2.28953955e-01 -3.81068350e-01 2.84903584e-01 1.82046215e+04 1.37133084e+01
 7.76026571e+00 3.37271295e-01 -2.45588158e-01 -5.12349865e-01 1.50885710e+04 1.38077056e+01
 8.61967951e+00 3.62601616e-01 4.19711182e-01 1.09547473e-01 -2.04338176e+04 1.38086085e+01
 9.56943753e+00 -5.05685310e-01 1.37440140e+00 -7.02927372e-01 1.27541846e+04 1.38473946e+01
 2.17622563e+01 -3.72703846e-01 1.89819708e+00 -5.43819938e-01 -2.38454123e+04 1.39852524e+01
 8.54438863e-01 6.54383275e-01 -1.45286343e+00 3.75331011e-01 -6.64546556e+02 1.36953654e+01
 -1.69045361e+01 4.13747030e-01 -2.06564699e-01 3.21071092e-01 9.35670462e+03 1.34725323e+01
 -7.67856627e+00 -5.04091619e-01 -1.80297708e-01 6.69950729e-01 3.75547033e+04 1.36106328e+01
 2.41929924e+01 3.61912133e-01 -1.38593365e+00 3.82866348e-01 3.17981533e+03 1.40322895e+01
 -1.23519400e+00 5.44928539e-01 -8.23016701e-02 -1.74902234e-01 -3.83869558e+04 1.37009651e+01
 1.08756697e+01 1.25640971e-01 -1.16081258e+00 -3.98032793e-01 -2.65457753e+04 1.38513305e+01
 -1.93847693e-01 4.56171793e-02 -6.03420470e-01 5.86707114e-01 -7.10633858e+03 1.37099070e+01
 2.64697697e+01 8.52383822e-01 -2.15374488e-01 4.89321187e-01 2.19576933e+04 1.40674539e+01
 1.81211396e+01 2.74433628e-01 6.59296923e-01 -1.52788243e-01 3.16643077e+03 1.39474551e+01
 -8.45824517e+00 5.80046706e-01 2.65877213e+00 -1.48374726e+00 -2.21003631e+04 1.35907068e+01
 -3.35933173e+01 9.37958014e-01 7.37377265e-01 -5.69933687e-01 -3.54263721e+04 1.32283653e+01
 -1.03101489e+01 5.11203659e-02 1.86648213e+00 4.29995798e-01 1.14844366e+03 1.35711748e+01
 -3.41354556e+00 -5.02296799e-01 -8.43328551e-01 -2.67112418e-01 -1.43115567e+04 1.36284402e+01
 -1.09376319e+01 -2.42946510e-01 -4.97726285e-03 2.57729551e-01 8.04725704e+03 1.35384836e+01
 -8.37377925e+00 -3.25186235e-01 -1.66135731e-01 -3.77262889e-01 1.48358219e+04 1.35847893e+01
 -4.00103824e+00 6.45836673e-01 -1.26255442e+00 4.74231625e-01 -1.63786755e+04 1.36354508e+01
 2.28084822e+00 2.22082165e-01 1.79277688e+00 -5.40430536e-01 -1.73092406e+04 1.37326873e+01
 9.43613498e+00 -8.63720016e-01 1.28534383e+00 8.84585405e-01 -9.37065857e+03 1.38203673e+01
 -7.37489560e+00 -6.00183126e-01 -1.50381080e-01 -1.28825428e-01 1.85765561e+04 1.36116352e+01
 1.25891542e+01 -1.73607789e-01 1.14827267e+00 -6.07369864e-01 1.11246188e+04 1.38890002e+01
 -1.41454221e+01 4.27063929e-01 1.15153550e+00 -5.63170960e-01 2.66805499e+04 1.35143277e+01
 1.25922739e+01 1.38256313e-01 2.62436256e-01 -3.80277831e-02 -1.44270067e+04 1.38791285e+01
 1.75263357e+01 -3.92442224e-01 4.83408205e-02 5.57358361e-01 3.14248628e+04 1.39263314e+01
 -1.69997518e+01 1.19012688e-01 -9.45059362e-01 7.38512730e-01 2.70892511e+04 1.34717424e+01
 -5.63768495e-01 2.40658462e-01 -2.26732091e+00 -8.95416540e-01 4.32034695e+03 1.36870205e+01
 -1.22200494e+01 -1.58757207e-01 6.67354893e-01 -3.84532304e-01 1.62441470e+04 1.35421661e+01
 -1.84528064e+01 -3.21249505e-01 -2.84703604e+00 3.17728929e-01 -1.92031895e+04 1.34413940e+01
 6.94964533e-01 -4.04316824e-02 -1.48145563e+00 1.08144026e-02 3.79308295e+04 1.37241619e+01
 1.04332969e+01 3.42621332e-03 1.06787412e+00 -8.72308243e-01 -1.94743280e+04 1.38187572e+01
 1.77258249e+00 -2.93238429e-02 -6.61120166e-02 8.63409665e-02 -7.96347010e+03 1.37277341e+01
 -1.27639651e+01 3.44472829e-01 -1.09396208e-01 -3.95918430e-01 -4.77843696e+03 1.35177644e+01
 6.54065867e+00 4.51472903e-01 6.19653881e-01 2.58447820e-01 2.65393616e+04 1.37974082e+01
 6.97989528e-01 -4.28095104e-01 -4.21596453e-01 -4.73913034e-01 -1.67655494e+04 1.37137462e+01
 -1.14000935e+01 -6.89714878e-01 -9.42965783e-01 7.86798374e-01 1.58633003e+04 1.35469415e+01
 2.72087488e+01 4.45535411e-01 -1.93882211e-02 -4.35561397e-01 7.10214999e+03 1.40876476e+01
 -8.75948594e+00 2.75147991e-01 2.87662471e-02 1.59163441e-01 1.13819735e+04 1.35938082e+01
 -3.07943773e+00 -4.34535995e-01 2.86294231e-01 3.88825303e-01 2.59414651e+02 1.36628740e+01
 -1.22053945e+01 7.00307701e-01 2.91392379e-01 -2.85792552e-01 3.11342442e+04 1.35353592e+01
 1.34082783e+01 -2.87975651e-01 5.14274656e-01 -1.18736810e-01 3.38461985e+04 1.39090933e+01
 1.12713000e+01 4.05179647e-01 8.48060356e-01 -4.40098175e-01 -2.02406023e+04 1.38428665e+01
 -5.78258137e+00 -6.78796018e-01 6.05446702e-01 -2.27513910e-02 3.99943214e+03 1.36545228e+01
 8.03515181e-01 6.76235487e-01 -1.63150609e-01 -8.49412637e-02 1.02491903e+04 1.37166507e+01
 5.43255758e+00 -9.37071357e-01 -7.01973918e-01 -6.74417457e-02 -1.00522151e+03 1.37651558e+01
 -3.81043275e+00 8.18762360e-01 -1.55035134e+00 1.56237968e-01 -5.40509313e+03 1.36725568e+01
 -1.05071157e+00 -4.77982388e-01 1.05721497e+00 -4.86064763e-01 -1.31537428e+03 1.36722116e+01
 5.88566110e+00 -1.94518211e-01 9.94752978e-01 -1.06329341e-01 9.04729001e+03 1.37955499e+01
 -9.62428636e+00 -2.17936734e-01 6.28673926e-01 -6.06391914e-01 2.88871771e+03 1.35601113e+01
 -1.39881010e+01 7.81833153e-01 -2.02958288e-01 -1.05417892e-01 5.29443470e+03 1.35103231e+01
 -7.87149038e+00 -1.68289083e-01 -1.05185115e+00 -6.92957603e-01 -4.30052904e+04 1.35985689e+01
 -7.44012782e+00 -6.00404080e-01 1.43226469e+00 1.18453820e+00 1.46866316e+04 1.36036363e+01
 -4.45562297e+00 2.53266162e-01 6.37287783e-01 -1.29600719e-01 -3.42091894e+04 1.36243692e+01
 2.29353927e+01 9.38032883e-01 -1.55119552e-01 4.11552389e-01 -2.42409779e+04 1.40142474e+01
 -1.23012259e+01 -3.24455266e-01 -1.81158802e-01 6.84513575e-01 6.03909592e+04 1.35319003e+01
 -1.43359470e+01 -7.03321591e-01 -8.95638895e-01 -4.11628896e-01 -6.19782771e+02 1.35307183e+01
 1.18652250e+01 -1.00216462e+00 9.46113981e-02 2.82246155e-03 -3.57374470e+04 1.38506670e+01
 1.54466535e+01 8.86073978e-01 -2.90608425e+00 -1.83374279e-01 -1.07039169e+04 1.39247908e+01
 1.00974690e+01 6.92642509e-02 -8.06372096e-02 -1.07917813e-02 -1.95418079e+04 1.38346606e+01
 4.90006003e+00 -7.56782968e-01 3.70892390e-01 8.38609539e-01 -7.33164933e+03 1.37829491e+01
 1.20133010e+01 -3.34570028e-03 1.23872060e+00 -1.04927828e-01 -7.94748425e+03 1.38609102e+01
 1.09605686e+01 3.69853727e-01 1.45598677e+00 -9.68651838e-02 -2.23024670e+04 1.38415724e+01
 7.40276217e+00 -3.06329320e-01 3.78839484e-01 -3.00764047e-01 -6.29329167e+03 1.37880917e+01
 1.05363204e+01 5.06252149e-01 1.79679385e+00 -2.87408544e-01 5.24764986e+03 1.38215871e+01
 -1.03465736e+01 2.77577690e-01 1.80903218e+00 2.95089264e-01 -2.10097073e+04 1.35409273e+01
 2.21255526e+01 -5.27137904e-01 -1.47568132e+00 9.78401864e-02 7.82713134e+03 1.39992944e+01
 5.73142263e+00 1.54518226e-01 -1.27121639e+00 4.12760101e-01 7.01060040e+03 1.37710334e+01
 3.79638940e+00 1.89217006e-01 9.32580307e-02 -2.20792394e-01 -9.52117480e+03 1.37428736e+01
 -2.95716289e+00 -2.51190550e-01 5.13865200e-01 -1.08647951e-01 -1.80761574e+04 1.36357488e+01
 -2.05109069e+01 1.30600943e+00 1.41806017e+00 1.39983752e-01 2.47612998e+04 1.34157241e+01
 -1.38720406e+01 -8.25271439e-02 -5.82483097e-02 3.74793047e-01 -1.74319165e+04 1.35160809e+01
 1.62736405e+01 -9.40541501e-01 1.64692472e+00 -1.45535959e-02 -3.31402317e+04 1.39186616e+01
 4.91220300e+00 3.64558110e-01 -1.33114935e+00 3.62670380e-01 -5.16620134e+03 1.37588579e+01
 1.54393103e+01 2.79177563e-01 7.75622239e-01 2.64567401e-01 -5.93803495e+03 1.39108737e+01
 -4.01020478e+00 -1.16224441e-01 -7.86416349e-01 -3.90682021e-01 1.10711175e+04 1.36434586e+01
 -9.04699986e+00 9.35103572e-02 -1.63891464e+00 7.14523991e-01 -1.42400719e+04 1.35534258e+01
 -3.83517940e+00 4.10494946e-01 1.90201704e+00 4.82550421e-01 -1.10303988e+04 1.36636534e+01
 6.15694713e+00 1.09237807e-01 1.08684618e+00 1.17585592e-01 2.13987561e+04 1.37715071e+01
 7.07388468e+00 1.42462020e-01 -4.42895127e-01 -4.03387593e-01 1.64867771e+04 1.37996190e+01
 -5.52961576e+00 -1.33226553e+00 3.45140339e-01 7.60787765e-02 -3.51659253e+04 1.36326195e+01
 2.85418021e+01 1.37602101e-02 9.31444014e-01 -3.35875356e-01 5.48253640e+04 1.40924028e+01
 -5.92355669e+00 -1.32453356e-01 -1.04722770e+00 3.97321800e-01 -1.68096429e+04 1.36455995e+01
 -1.98390619e+00 3.03137085e-01 2.71013974e-01 6.68658538e-01 1.16517818e+03 1.36755541e+01
 8.04548759e+00 -2.94278152e-01 1.64358428e+00 -2.29411977e-01 2.96903606e+04 1.38023587e+01
 2.20326471e+01 -5.74790695e-01 6.37869815e-01 5.49341989e-01 9.36046649e+03 1.39989703e+01
 -1.86562445e-01 -3.15413418e-01 -1.55905946e+00 1.58318923e-01 -1.39387330e+04 1.36982443e+01
 2.05906680e+01 7.65279606e-01 -1.78533557e+00 -4.05109012e-01 1.65028891e+04 1.39764193e+01
 2.77876112e+01 3.12669522e-01 -1.08050504e+00 1.04150347e-01 8.04953051e+03 1.40779542e+01
 -1.50914952e+01 1.99949431e-01 2.44246625e+00 -4.97579861e-01 1.35498598e+04 1.34912209e+01
 -6.55028449e+00 1.33933304e+00 1.98052647e+00 -2.69503304e-01 4.59683335e+03 1.35785635e+01
 1.79575850e+01 1.08036566e+00 1.80778025e-01 4.39183761e-01 6.52740909e+03 1.39674000e+01
 9.20230843e+00 -6.56295881e-02 1.79187822e+00 1.80416907e-01 -6.11113539e+03 1.38297933e+01
 -6.61151507e-01 1.89061260e-01 1.33814547e+00 -3.97087200e-01 2.00248592e+04 1.36896655e+01
 -1.34200502e+01 1.68844329e-01 -2.27033787e+00 -3.96673267e-01 -5.30800477e+03 1.35102004e+01
 1.53181647e+01 1.97266472e-01 6.53203902e-01 -3.52635298e-01 4.31320277e+02 1.38830652e+01
 -2.89604115e+01 -6.78257674e-01 -3.67357320e-01 -4.43658103e-01 4.80380179e+03 1.32901118e+01
 -4.30590461e+01 1.46104148e+00 -1.25981396e+00 3.16194362e-01 -5.36833605e+03 1.31458899e+01
 4.65214135e+00 2.43771867e-01 -4.98459068e-01 -5.69988075e-01 3.61421726e+04 1.37748188e+01
 2.81398244e+01 -3.39672116e-01 2.37764408e-01 4.85159309e-01 2.33913917e+04 1.40671690e+01
 1.51937586e+00 -1.72134030e-01 1.35877560e+00 -3.13057396e-01 7.02796872e+03 1.37109835e+01
 -1.14793372e+01 5.57393618e-01 6.94503867e-01 3.27359904e-01 5.93351916e+02 1.35333283e+01
 -1.93966249e+01 -8.18208733e-02 1.03131679e+00 2.06074114e-01 3.24729544e+03 1.34279597e+01
 -1.24356805e+01 -5.95631249e-01 3.16320623e+00 6.36410157e-02 6.07135536e+03 1.35522120e+01
 1.10305993e+01 -2.46791760e-02 -3.07105169e-01 -2.46488407e-01 -1.26473951e+04 1.38478522e+01
 5.17064876e+00 2.31145995e-01 2.36090137e+00 -6.65293011e-02 5.70002811e+03 1.37651848e+01
 2.61340151e+00 -4.55041458e-01 -1.10836089e+00 -8.63312157e-04 2.68383370e+04 1.37302444e+01
 2.17458261e+01 -6.77475619e-01 -1.09396544e+00 8.00082595e-02 9.72995777e+03 1.40046657e+01
 -3.13491218e-01 -2.51755485e-01 -8.01081038e-01 3.00457479e-01 -3.18212995e+04 1.37040107e+01
 1.62049923e+01 4.78422951e-01 -2.55299753e+00 3.60939391e-04 -6.90076736e+03 1.39228554e+01
 -9.88486792e+00 -9.38664654e-03 6.04556140e-01 -3.61567621e-01 1.39196073e+03 1.35720934e+01
 8.53317796e+00 -3.48242269e-01 -2.04821735e+00 -1.10073133e-01 -2.41274059e+02 1.38350900e+01
 1.69879596e+01 -6.28889334e-01 -6.13525723e-01 -1.18493306e-01 1.73252232e+04 1.38975697e+01
 -5.88209962e+00 -8.18439610e-01 5.44767322e-01 -2.87237956e-01 2.15099385e+04 1.36252025e+01
 1.65319070e+01 3.97486413e-02 -2.36094217e+00 4.32444907e-01 2.67023419e+03 1.39129197e+01
 -3.70973620e+00 3.04832409e-01 2.85896720e+00 2.15337526e-01 1.00899334e+04 1.36277350e+01
 3.83629469e+00 -1.29223304e+00 1.30485117e+00 9.40042467e-03 -1.74174022e+04 1.37404979e+01
 1.44891104e+01 -8.50392305e-01 2.52994066e-01 -4.25090048e-01 -1.20954637e+04 1.39127331e+01
 -1.73394959e+01 4.07562123e-01 9.17094917e-01 -5.02603686e-01 3.11770052e+04 1.34662001e+01
 -1.36026262e+01 6.72805653e-01 -7.64291655e-01 9.32575152e-02 -3.42934596e+04 1.35159366e+01
 1.85888381e+01 2.05543249e-01 1.15106053e+00 -8.85619218e-04 -7.79928831e+03 1.39637761e+01
 -9.07142644e+00 -4.41375769e-01 1.08121255e+00 2.18173419e-01 -4.95712625e+04 1.35487823e+01
 9.91398455e+00 4.88102950e-01 -1.45613354e+00 -5.02115060e-01 1.12618402e+04 1.38334055e+01
 -7.93894059e+00 -6.18323992e-01 1.27942783e-01 -3.50855959e-02 -3.04543270e+04 1.35872986e+01
 7.77121076e+00 -5.53135405e-01 -2.78115150e-01 2.45040145e-01 4.28783084e+04 1.38091216e+01
 -9.56069204e+00 -2.34904035e-01 -3.57874449e-01 8.28660971e-02 4.18737524e+03 1.35679016e+01
 -1.08178558e+01 2.87429588e-02 -1.13100387e+00 1.02142183e-01 -1.40963305e+04 1.35467321e+01
 1.64539404e+01 -3.77303083e-01 5.44866620e-01 -5.87526085e-01 4.91997065e+03 1.39080902e+01
 -1.25905935e+01 4.41897152e-01 -5.27871010e-01 8.65036046e-01 -2.04995643e+04 1.35350626e+01
 8.69508401e+00 1.94817464e-01 5.66939792e-01 9.49668964e-03 -1.82487109e+04 1.37898410e+01
 -3.97449842e+00 -3.51335943e-02 1.30693591e+00 -4.98729688e-01 -1.24142894e+03 1.36449421e+01
 1.31032870e+01 -2.11168012e-01 -1.21563718e-01 3.97689270e-01 -2.02302473e+04 1.38954730e+01
 4.69344675e-01 -7.65112026e-01 -1.17853836e-01 2.15904031e-01 8.42406695e+03 1.37013364e+01
 -1.46082490e+01 4.14015230e-01 1.40197123e+00 -2.91964956e-01 -8.66554923e+03 1.35057551e+01
 1.14866235e+01 -5.72351451e-01 2.13964248e+00 1.14823886e-02 6.68243838e+03 1.38457952e+01
 -4.95210371e+00 8.05009143e-01 1.14183094e+00 8.27533645e-01 9.14334115e+02 1.36383301e+01
 -5.63667953e+00 -3.96577791e-01 1.69074689e+00 8.92995105e-02 -1.39826043e+04 1.36187236e+01
 1.32582692e+01 6.22115896e-01 6.56455080e-01 8.34327282e-02 -6.70928443e+01 1.38593400e+01
 -4.69190763e+00 -7.72812327e-01 -1.03835616e+00 -4.85582440e-01 6.34930808e+03 1.36154765e+01
 -7.71462852e+00 5.84966859e-01 3.23250314e-02 5.55885657e-01 -2.86205776e+04 1.35862863e+01
 -3.08157227e+01 -1.69204561e-01 3.85047739e-02 7.79505213e-01 1.70088149e+04 1.32746747e+01
 -1.08689657e+01 -1.87042936e-01 5.66604215e-01 8.98696997e-01 -1.24188369e+04 1.35522001e+01
 -6.17386310e+00 -3.05136944e-01 3.27334244e-01 -1.18126982e-01 1.47518572e+04 1.36239880e+01
 -3.74031951e+01 -4.32889445e-02 -9.72866877e-01 2.14959971e-01 1.99827392e+04 1.31887939e+01
 -1.42275332e+01 -1.87754639e-01 3.63348203e-01 3.13680563e-01 1.17373854e+04 1.34955298e+01
 -1.12101069e+01 -5.92749133e-01 1.11385273e+00 5.24933116e-01 2.15658606e+03 1.35514414e+01
 2.17874185e+00 7.61290652e-01 -2.62564741e-01 -7.65326832e-01 4.09074717e+04 1.37265416e+01
 -3.47203531e+00 -6.10976893e-01 9.54433289e-01 7.11234986e-01 2.00122088e+03 1.36280308e+01
 -3.28911647e+01 -3.82471096e-01 1.44683845e+00 5.81260043e-01 2.82060967e+04 1.32431660e+01
 1.36181454e+01 -5.95410531e-02 -4.64139055e-01 3.44343719e-01 2.47779410e+03 1.38697518e+01
 -8.40798787e+00 9.85026780e-01 -5.84911551e-01 1.75443662e-01 -5.24997855e+03 1.35733180e+01
 -5.30529520e+00 5.93077873e-01 -5.07431694e-01 2.35465746e-01 4.78814992e+03 1.36229486e+01
 -2.08081397e+01 -1.86575002e-01 7.23146618e-01 -9.08782463e-02 -2.72960122e+04 1.34190136e+01
 1.46663932e+01 4.23675389e-02 -6.72231082e-01 -2.13426082e-01 1.15121632e+03 1.39053006e+01
 1.91630011e+00 -5.99009546e-02 8.23330026e-01 8.97001064e-01 -8.34234959e+03 1.37457189e+01
 2.57538086e+00 4.31126085e-01 -2.18277321e-01 -5.12541389e-02 -6.65410622e+02 1.37256616e+01
 1.79335589e+01 8.64755064e-01 8.35234164e-01 -1.79121086e-02 -1.06235931e+04 1.39536805e+01
 5.71567174e+00 -6.64147286e-02 5.76333344e-01 1.46230681e-01 7.74575732e+03 1.37986622e+01
 -2.35177865e+00 5.62089521e-01 2.49356771e+00 -3.56316703e-02 -3.14010059e+04 1.36632199e+01
 -2.70826811e+01 -1.86001678e-01 2.99319967e-01 -3.23486826e-01 -1.14395669e+04 1.33258501e+01
 2.04101427e+01 6.05434592e-01 -2.06523103e+00 4.42741874e-01 6.39926091e+03 1.39743745e+01
 -3.64028987e+00 4.24201571e-01 3.64904150e-01 9.27415829e-01 2.75128123e+04 1.36537371e+01
 1.78205231e+01 -6.41364818e-01 -1.00721887e+00 -1.63254429e-01 9.01866589e+03 1.39353387e+01
 1.63513745e+01 -2.22674702e-01 1.04339749e-02 5.84179747e-01 2.44399512e+04 1.39236423e+01
 -3.92536916e+00 3.08666778e-01 2.56635365e+00 2.77201511e-02 5.59359912e+03 1.36486666e+01
 -1.66088650e+01 1.40285653e-01 1.89340160e+00 1.36417733e+00 -4.63845632e+03 1.34492384e+01
 3.04016660e+01 5.27325575e-01 1.65999038e+00 1.52114139e-01 -8.47507950e+03 1.41044642e+01
 -1.11916240e+01 -8.04339597e-01 4.73721248e-01 8.09420610e-02 -1.01006166e+03 1.35549764e+01
 -3.97991902e+00 -6.52883379e-02 1.09899155e+00 7.42424512e-01 -9.85232356e+03 1.36309949e+01
 1.39585433e+01 3.64407395e-01 -1.32644590e+00 -6.41250592e-01 1.61361562e+04 1.38911281e+01
 1.77828275e+01 3.82808360e-01 -1.42544820e+00 1.71747948e-01 -2.14371275e+04 1.39375150e+01
 1.19473037e+01 7.57482033e-01 2.08227847e-01 3.06223923e-02 -3.69825148e+04 1.38606737e+01
 -1.03056350e+01 1.36604107e-01 1.61187477e+00 -2.87702650e-01 -6.87919681e+03 1.35645638e+01
 3.29614545e+01 -5.99334311e-01 1.67401721e-01 3.85118494e-01 6.26005561e+03 1.41192774e+01
 1.76086579e+01 2.25323670e-01 2.30704221e+00 4.18567489e-01 1.47913667e+04 1.39065074e+01
 -3.16632431e+01 2.34385652e-01 -2.64925312e-01 7.51840021e-01 9.84473548e+03 1.32617883e+01
 1.17735004e+01 -1.23038800e+00 6.34128298e-01 -6.54842612e-02 -4.21090644e+03 1.38537089e+01
 1.22761712e+01 1.50393399e-01 -1.06374027e+00 -4.79603314e-02 -4.66439667e+03 1.38542039e+01
 4.99793463e+00 9.55606965e-02 -1.60828057e+00 1.32989869e-01 5.58847454e+03 1.37631181e+01
 1.93077678e-01 -1.09165519e-01 -5.34344529e-01 -1.20715368e-01 -1.69294924e+04 1.37164072e+01
 2.84979787e+01 7.56189816e-01 -1.80363806e+00 7.15708688e-02 -3.56689481e+04 1.40795480e+01
 -5.08263293e+00 5.60818073e-02 -5.93891783e-01 7.84574730e-02 2.43833784e+04 1.36554194e+01
 1.69423738e+01 1.91184300e-01 -2.71172654e-01 3.86991306e-01 4.32686899e+04 1.39211180e+01
 2.78395277e+01 -4.83667902e-01 -2.62546049e-01 -1.47097537e-01 1.62455377e+04 1.40834353e+01
 1.02963035e+01 6.36893504e-01 7.68893596e-01 -3.51555678e-01 1.97488978e+03 1.38198887e+01
 6.86225769e+00 -2.08865738e-01 -8.41416812e-01 -4.80909684e-01 -1.18325267e+04 1.37802408e+01
 -1.31014332e+01 -5.00736663e-01 8.85688894e-01 -4.98261361e-01 4.09709583e+03 1.35436994e+01
 8.83245390e+00 -1.14117095e+00 -1.54987630e+00 4.53647763e-02 7.45804973e+03 1.38131480e+01
 -2.54760033e+00 -7.17333731e-02 2.22896080e-01 4.51619838e-01 -2.45852221e+04 1.36917123e+01
 1.21649110e+01 3.13707284e-01 -2.49456128e+00 -1.15054829e-01 -2.78852695e+02 1.38564703e+01
 7.00961289e+00 -1.19420817e+00 1.27308878e-01 -1.83560957e-01 -2.01640127e+04 1.37803611e+01
 4.27045628e+00 2.21427559e-01 1.15094978e+00 2.87408546e-01 2.60519582e+04 1.37640370e+01
 1.43285918e+01 -2.49923825e-01 1.47359924e+00 -7.80986958e-02 7.79560150e+03 1.39083654e+01
 -1.19281489e+01 -5.87970405e-01 1.35775142e-01 -5.02069133e-01 8.69629962e+03 1.35531151e+01
 2.31710727e+01 3.45095726e-01 -8.16120299e-01 -8.46389257e-01 -2.07911533e+04 1.40162151e+01
 3.56445799e+00 6.89709144e-02 1.55615823e+00 6.95116649e-01 1.84978085e+04 1.37607965e+01
 -1.89636872e+00 4.13386152e-01 -7.75870573e-01 4.65077661e-02 3.09396233e+02 1.36953698e+01
 7.17119003e+00 -2.97298162e-01 -3.44995373e-01 4.75059642e-01 -1.55398012e+04 1.37872688e+01
 -2.60694555e+00 1.82140554e-01 1.62890743e-01 2.64295793e-01 -2.56558751e+04 1.36518748e+01
 9.07273981e+00 8.88851173e-02 6.99523118e-01 -8.45300168e-01 -9.02815598e+03 1.38033504e+01
 -8.58532908e+00 -1.78663930e+00 4.19477061e-01 7.67805783e-01 1.73207209e+04 1.35905656e+01
 -8.93516612e-01 3.41454549e-01 5.16623927e-01 -5.69997552e-01 3.46979081e+04 1.36852779e+01
 -5.91092500e+00 1.72373241e-01 -6.44071080e-01 5.04228911e-01 1.51782162e+04 1.36238655e+01
 -1.20258598e+01 7.40436469e-02 -1.50215821e+00 -7.12000735e-02 -1.30241921e+04 1.35403181e+01
 -1.41602942e+01 1.71004847e-02 8.50582581e-01 1.04019883e-02 3.17530272e+04 1.35141372e+01
 9.80476718e+00 2.38077838e-01 -1.53250025e+00 -2.39110884e-01 6.20484477e+03 1.38422572e+01
 -9.58909919e+00 -2.72729775e-01 -5.25807586e-01 4.46625635e-01 -2.22118246e+04 1.35807659e+01
 1.15807888e+01 -2.00257022e-01 -7.45232795e-01 1.93838652e-01 -1.51021826e+04 1.38731027e+01
 -8.74743026e+00 -3.33852114e-01 5.11785246e-01 5.82178241e-01 -6.60922091e+03 1.35903950e+01
 1.18450345e+01 -1.47588219e-01 2.48557145e-01 -9.32241477e-03 -1.55737722e+04 1.38667275e+01
 -9.11720791e+00 -5.73029259e-01 -5.33481942e-01 7.35932511e-02 -3.84140825e+04 1.35569643e+01
 -5.00534542e+00 2.40934781e-01 -3.36283949e-01 4.49696747e-01 2.03752825e+04 1.36117534e+01
 2.42523942e+01 -3.44974285e-01 4.21493270e-01 -5.97676727e-01 9.81997144e+03 1.40077984e+01
 -2.54326355e+00 1.11472444e-01 -1.00320603e+00 -9.58992301e-01 -6.40032477e+03 1.36678617e+01
 8.33588108e+00 5.47564744e-01 -1.76406702e+00 5.37189662e-01 -9.32344862e+03 1.38097663e+01
 -1.32861265e+01 -4.56917253e-01 -1.42578518e+00 -1.24339893e-01 -3.04302323e+04 1.35016748e+01
 -1.36910192e+01 8.93028545e-01 -2.36843871e+00 3.04865230e-01 -7.49080477e+03 1.34830729e+01
 -2.21183320e+00 -6.97951618e-01 1.63439972e+00 -1.27953691e-01 -2.20210701e+04 1.36616085e+01
 -1.02709351e+01 2.72614738e-01 1.60183725e+00 1.39264153e+00 6.21815705e+03 1.35570716e+01
 -3.08594829e+00 3.06195669e-01 -1.25549471e+00 8.31457563e-03 -9.01557351e+03 1.36616122e+01
 -2.23629704e+01 -4.22656365e-01 -6.81243925e-01 -5.24303941e-01 2.25824868e+04 1.33936008e+01
 -2.16435897e+01 -7.29405180e-01 -5.92417471e-01 7.73527769e-01 -5.14943019e+03 1.33974346e+01
 -1.03410649e+01 1.00923127e+00 5.53414585e-01 -3.99605267e-01 -1.14052046e+04 1.35596672e+01
 -1.81534914e+00 -5.63244212e-01 -1.57200943e+00 5.39208787e-01 1.54068444e+04 1.36838069e+01
 -1.85193045e+01 3.38030968e-01 -1.16843466e+00 2.56221520e-01 -2.83844408e+04 1.34388442e+01
 1.15849173e+01 1.29308617e+00 8.00534544e-01 -3.40192241e-01 3.17557929e+04 1.38582418e+01
 -1.05494375e+00 1.47583136e-01 -2.00017710e+00 4.19179226e-01 1.11445072e+04 1.36768886e+01
 -1.39488561e+01 3.67404275e-01 -1.31986916e-01 4.16676308e-01 -4.33633671e+03 1.35211131e+01
 -6.35870825e+00 5.13705408e-01 1.02385107e+00 -6.88730940e-01 -6.19700052e+03 1.36369944e+01
 1.14954712e+01 2.01497324e-01 9.52290742e-01 1.14681014e-01 3.05941584e+03 1.38465275e+01
 -6.58007559e+00 3.91722569e-02 1.57379580e-01 8.50001366e-01 1.41355759e+04 1.36208700e+01
 1.57626730e+01 1.49716785e-02 8.08367081e-01 1.07550136e-02 3.39181812e+03 1.38992534e+01
 -8.71774428e+00 5.71256149e-01 9.66433802e-02 3.01990420e-01 3.41767130e+04 1.35829247e+01
 -6.16989310e+00 4.00188216e-02 -1.82555791e+00 3.31642830e-01 -6.77670754e+03 1.36136518e+01
 1.00168787e+01 -5.28128923e-01 -6.27461550e-01 -6.41883278e-01 -3.07117029e+04 1.38326016e+01
 2.62389406e+01 1.77524679e-01 1.02786672e-01 5.36493649e-01 -2.25381284e+04 1.40465251e+01
 2.55935433e+00 -4.07284287e-01 4.07306306e-01 3.67545618e-01 -8.11118840e+03 1.37545666e+01
 1.86284167e+01 7.43206745e-01 1.53220372e+00 4.81198088e-01 3.60770047e+02 1.39495827e+01
 2.77892368e+01 8.36241344e-01 -2.47780600e+00 1.84059989e-01 1.59373792e+04 1.40856150e+01
 -6.24441662e+00 -3.82977353e-02 2.00673265e-01 6.80463047e-02 8.41336182e+03 1.36087175e+01
 -1.14939313e+01 2.56041098e-01 6.94081795e-01 -1.60753226e-01 9.31210164e+03 1.35386196e+01
 1.04162617e+01 6.80117186e-01 5.12453516e-01 -4.65648617e-01 -7.48064188e+03 1.38365286e+01
 -2.27174416e+01 1.03310295e+00 -7.72220447e-02 -6.91300962e-01 -8.73821548e+03 1.34000738e+01
 -1.85750958e+01 -5.97993908e-01 6.84630643e-01 7.50344826e-01 1.85144181e+04 1.34832468e+01
 1.07744079e+01 -4.87074951e-01 5.00798754e-01 -3.36754994e-01 1.40881428e+04 1.38274638e+01
 -2.33217178e+01 -3.32176304e-01 -1.42217216e-01 4.09646732e-01 2.15391829e+04 1.34152181e+01
 -1.22340874e+01 -4.72117624e-01 3.81328325e-02 2.57168972e-02 -6.40122239e+03 1.35138914e+01
 -2.95864671e+01 -1.84179047e-01 -5.60474693e-01 2.30228027e-01 3.13988617e+04 1.32851281e+01
 7.89242945e+00 2.01459779e-01 -1.74977806e+00 -1.87615656e-02 6.71203830e+03 1.38185012e+01
 -4.10731179e+00 2.05908651e-01 -1.47334854e+00 7.88908134e-01 8.04278683e+02 1.36372145e+01
 4.53411391e+00 -8.95144961e-02 1.15738842e+00 -2.85702857e-01 1.98726680e+04 1.37711517e+01
 1.56866959e+01 5.21975333e-01 -1.63975126e+00 -2.12605709e-01 8.08557471e+03 1.39074243e+01
 -2.79122080e+00 -1.59871239e+00 -5.62150624e-01 -3.51301364e-01 8.37247696e+03 1.36724932e+01
 5.62376976e+00 -2.74841727e-01 8.54046371e-01 -3.18319712e-01 -8.41740676e+03 1.37768593e+01
 5.70904175e+00 9.72723528e-02 -2.15034502e+00 -6.14918964e-01 5.77928444e+02 1.37879308e+01
 -1.16449576e+01 -5.04080578e-01 -1.06463138e+00 4.02762290e-01 -1.08006023e+04 1.35436742e+01
 1.07344814e+01 -1.16981877e-01 8.19657572e-01 5.38813605e-02 -2.92083188e+04 1.38419849e+01
 1.21578788e+01 5.11995912e-01 -8.33695091e-01 5.70062809e-01 -5.64554278e+03 1.38867513e+01
 -1.58452298e-01 -4.33838874e-01 9.92195394e-01 4.88049066e-01 -3.27598477e+04 1.36726103e+01
 4.62040470e+00 1.42500143e-01 -1.58727159e+00 -1.90942646e-01 2.11650118e+04 1.37527717e+01
 4.76073885e+00 -3.72563879e-01 6.73114042e-01 -3.67257577e-01 -1.54481076e+04 1.37425928e+01
 1.97206166e+01 -1.45766406e-01 5.90123277e-01 -2.50501213e-01 -7.52183871e+03 1.39789591e+01
 -3.04915366e+01 -6.76398350e-01 -7.39146102e-02 1.66502272e-01 -1.34157392e+04 1.32795108e+01
 -8.25419686e+00 9.40912679e-02 4.40892196e-01 -1.93599712e-02 -1.25594989e+04 1.35872986e+01
 4.89804261e+00 -3.24078215e-01 9.80232887e-01 -1.73457419e-01 6.49775208e+03 1.37609224e+01
 -7.94229565e+00 -2.66438755e-02 2.53698682e+00 -3.50270446e-01 -4.95827046e+04 1.36086327e+01
 2.82944274e+00 3.04789908e-01 5.87652200e-02 1.61055802e-01 -1.36016253e+04 1.37331322e+01
 -1.47215228e+00 1.53197919e-01 8.28707528e-01 -4.40533963e-01 2.71840906e+04 1.36747460e+01
 -3.38029233e+00 -2.89770927e-01 -1.42741097e+00 -1.01751255e-01 4.54018190e+04 1.36867005e+01
 1.03331729e+00 -2.13177862e-01 -1.47465063e+00 -2.34477245e-01 -7.67659031e+03 1.37088212e+01
 -2.00167620e+01 2.15282342e-01 -1.98977159e-01 -3.48075835e-01 -1.94516160e+04 1.34256156e+01
 -2.79566262e+00 4.98552417e-01 9.43971798e-01 1.66874816e-01 8.89305332e+03 1.36647724e+01
 -1.70852294e+01 8.76968232e-01 1.18887427e+00 5.37637585e-01 2.12420988e+03 1.34716638e+01
 -6.54032757e+00 -5.12092560e-02 -1.13065415e+00 -1.57074376e-01 3.18161374e+04 1.36491657e+01
 -1.11172696e+01 -5.21458173e-02 1.08559994e+00 -7.96825832e-02 7.51724821e+03 1.35613964e+01
 1.19533677e+01 1.47258635e-01 1.85432372e+00 -8.37663194e-02 -1.69543073e+04 1.38716933e+01
 1.31362659e+01 -4.84292686e-01 8.09579098e-01 -4.35351696e-01 -1.26864803e+04 1.38743214e+01
 -3.21578457e+01 -4.75618875e-02 9.19507540e-01 -7.51013618e-02 -1.42146103e+04 1.32724578e+01
 -1.56066405e+01 -2.19884904e-01 -9.14839559e-01 -6.35349640e-01 1.41052849e+04 1.34889639e+01
 -1.01871768e+01 2.02685355e-01 -1.54543977e+00 -4.32793628e-01 2.11656574e+03 1.35750811e+01
 3.44501663e+00 -2.88524016e-02 -9.37182140e-01 2.27226927e-01 4.29915553e+04 1.37321488e+01
 4.67968548e+00 9.30921888e-01 -9.26855334e-01 3.55044849e-01 -7.43473779e+03 1.37897067e+01
 -1.31762383e+01 2.92117885e-01 4.40751902e-01 5.02115269e-01 4.19670820e+04 1.35096945e+01
 3.85623096e+00 3.86894971e-01 1.06858315e+00 -4.19832368e-01 2.05213342e+04 1.37689398e+01
 9.00986603e+00 5.96606329e-01 -6.71744391e-01 2.37511961e-01 -1.50040662e+04 1.38274159e+01
 -1.58805237e+01 -5.81926844e-03 -5.21804655e-01 -2.67363050e-01 5.46115116e+04 1.34770403e+01
 -7.17771431e+00 -6.44429769e-01 -6.61277250e-01 -5.27983457e-02 -1.62309906e+03 1.36177665e+01
 1.04371098e+01 -5.12835823e-02 2.01992645e-01 3.49338609e-01 -3.71308444e+03 1.38436092e+01
 -8.23176791e+00 -5.34265193e-01 -1.18403480e+00 2.61177267e-01 1.49629342e+04 1.35840659e+01
 -1.36414617e+01 1.09283092e+00 -8.77191467e-01 5.74190321e-01 -2.73743776e+04 1.35137129e+01
 1.57676309e+01 3.79288667e-01 1.56214279e+00 3.54618065e-01 -1.44654434e+04 1.39215285e+01
 -3.97081656e-01 -3.66855582e-01 -4.20720010e-01 -1.40217526e-01 1.78232215e+04 1.36819133e+01
 -2.10763691e+01 -1.92096181e-01 -1.25621399e-01 3.99011149e-02 -5.55392426e+03 1.33985201e+01
 -7.08253265e+00 1.27070758e+00 1.26618625e+00 -2.37966240e-01 -4.58112056e+03 1.36082127e+01
 4.36364057e+00 -7.12647964e-02 3.67396530e-02 -8.29766965e-02 1.84997928e+04 1.37335800e+01
 1.39076426e+01 8.59672932e-01 -1.16207348e+00 -1.69984485e-01 3.93047844e+03 1.38877844e+01
 -1.20456111e+01 -2.72767582e-01 -8.77760017e-03 -6.58951513e-01 2.91216056e+04 1.35415818e+01
 -1.31064020e+01 4.37519591e-01 1.36188272e+00 2.22651320e-01 1.26541241e+04 1.34941016e+01
 3.37210956e+00 -5.06151862e-01 -1.17236278e+00 -6.59892507e-02 -3.06555960e+03 1.37554568e+01
 1.25016210e+01 6.08992279e-01 7.53771640e-01 8.54837453e-01 -6.61086702e+03 1.38537801e+01
 7.57624753e+00 -1.65096001e-01 -9.76839659e-01 -1.73773302e-01 -1.30096948e+04 1.37937385e+01
 1.93959118e+01 1.25586424e+00 -1.96647305e-03 -5.39944331e-01 -4.17024413e+04 1.39459586e+01
 4.48175664e+00 3.71418857e-02 -2.48250923e-01 4.12460391e-01 -5.47342772e+03 1.37601252e+01
 1.02555868e+01 -5.91997740e-02 -1.16659012e+00 5.55640478e-01 2.34008813e+04 1.38528381e+01
 1.76642813e+01 1.99609235e-02 -2.32095428e+00 -2.82024323e-01 -1.21982193e+04 1.39488173e+01
 -1.66225341e+01 -3.68941415e-01 -4.72462881e-01 -2.06129592e-01 8.39400470e+03 1.34641567e+01
 2.14718518e-01 1.74579076e-01 1.23840966e+00 -2.27351832e-01 -1.81196378e+03 1.37054652e+01
 -7.62294824e+00 4.79358286e-01 -6.35764842e-01 -2.36581737e-01 2.87960995e+04 1.36059164e+01
 2.58434049e+01 -6.80741369e-01 -7.46548016e-01 -1.68177820e-01 -1.77352604e+03 1.40391194e+01
 -6.83555986e+00 -4.89109955e-01 1.73569400e+00 1.61231564e-01 -1.32230739e+04 1.36148408e+01
 2.05228332e+00 -3.60846497e-01 9.77088104e-01 -3.67582084e-03 2.63996051e+04 1.37202414e+01
 5.52790043e+00 -2.45738259e-01 1.51135623e-01 -1.35100401e-01 2.31685112e+04 1.37931848e+01
 2.32961365e+00 -1.72328116e-01 3.55287836e-01 -3.58616689e-01 7.59263839e+03 1.37386425e+01
 1.73246917e+01 9.37179191e-01 -8.00904335e-01 -2.76419085e-01 1.28462514e+04 1.39250081e+01
 -3.00947915e+01 6.50286424e-01 1.38542513e+00 4.33332788e-01 8.28157536e+03 1.32920609e+01
 7.81739727e+00 5.94296594e-01 -6.86596762e-01 -3.46181298e-01 8.35038838e+03 1.38054346e+01
 -1.96214213e+01 -6.25563792e-01 -1.11446330e+00 9.51843200e-03 5.43581228e+03 1.34133797e+01
 -5.10470969e+00 4.26859095e-01 -8.44541361e-01 -1.54270665e-01 -7.60821235e+03 1.36135322e+01
 1.26922175e+01 9.46267432e-01 4.11899453e-01 -1.09254861e-02 -1.20662206e+04 1.38367527e+01
 7.55079584e+00 3.26331070e-01 -7.07552699e-01 4.71895486e-01 4.77672780e+03 1.38061564e+01
 1.98710451e+00 -2.71971781e-01 1.19430734e+00 -1.93803372e-01 4.50361487e+04 1.37226061e+01
 -1.43099189e+01 -4.83353144e-01 6.20797787e-01 7.77222856e-01 3.33132945e+03 1.35033437e+01
 5.90158419e+00 5.78395125e-02 1.63431628e+00 3.20987377e-02 -1.52355365e+04 1.37856741e+01
 -1.51289495e+01 -2.72705784e-01 1.00701277e-01 -1.04673999e+00 2.55633299e+04 1.34998143e+01
 1.41995192e+00 -3.16432787e-01 -2.14927908e+00 1.71010677e-02 1.18662802e+04 1.37003308e+01
 4.48757094e+00 -3.56365950e-02 2.46394401e-01 -2.79394732e-01 -4.91080160e+03 1.37346007e+01
 -2.08493422e+01 -9.02517868e-02 2.26121391e+00 -3.84517691e-01 2.95838006e+03 1.34196042e+01
 2.76286011e+01 5.61115915e-01 -8.36814977e-03 -5.67200118e-01 -1.47830767e+04 1.40568894e+01
 9.51850167e+00 4.36837753e-01 3.88388002e-01 -1.71774363e-01 2.29343191e+04 1.38433466e+01
 -1.15844691e+01 -3.79743930e-01 -1.00829064e+00 -2.65431209e-01 -3.00424561e+04 1.35654218e+01
 -3.78404450e+00 5.81389806e-01 -1.35566247e+00 -1.44816479e-02 4.88741168e+03 1.36464413e+01
 -1.67168477e+00 -1.55299896e-01 -3.30233826e-01 -3.47074563e-01 1.48019948e+04 1.36814053e+01
 -1.22767023e+01 -5.35220913e-01 7.86161571e-01 -3.96013278e-01 2.67170066e+04 1.35241832e+01
 1.82853832e+00 -1.00322891e-01 -4.07189968e-01 -9.45129408e-01 -8.62008496e+03 1.37392158e+01
 -8.25450995e+00 -4.22714419e-01 -6.81394467e-01 1.14425113e-01 -2.48847104e+04 1.35964696e+01
 5.69779804e+00 -5.64731916e-01 1.73474320e+00 -7.35640387e-02 -3.23997571e+04 1.37799821e+01
 1.16986983e+01 -3.08163907e-01 5.47229747e-01 2.16377589e-01 -1.27996134e+04 1.38527903e+01
 5.76135958e+00 -5.25998001e-01 7.00157368e-01 -3.33814208e-01 -3.78637631e+04 1.37742666e+01
 3.77816277e+00 9.95650805e-02 -1.89939823e-01 2.96798318e-01 1.14832599e+04 1.37396265e+01
 -1.11169374e+01 1.13443782e-01 -1.74610643e+00 3.20152910e-01 7.71303314e+03 1.35664947e+01
 -1.53141225e+01 1.42763120e-01 6.96842767e-02 -6.10826134e-01 -8.81326945e+03 1.34848597e+01
 2.74606267e+01 -3.77477607e-01 1.48720437e-01 1.81219671e-01 2.99180254e+04 1.40777975e+01
 1.02457979e+01 4.09627826e-01 -1.73384831e-01 3.80104162e-01 1.08702116e+04 1.38389524e+01
 -1.03331569e+01 6.80708859e-02 6.14148129e-01 -3.69122187e-01 -1.23169213e+04 1.35502749e+01
 4.96843447e+00 -6.66070760e-01 1.45068798e+00 1.97700728e-01 -1.95642593e+04 1.37895048e+01
 2.10334912e+00 2.23515073e-01 -1.63294984e+00 7.43231162e-02 -6.12533952e+03 1.37236094e+01
 -6.85789696e+00 2.85244137e-01 5.46123980e-01 1.52680813e-01 -1.61186186e+04 1.36218747e+01
 5.70132714e+00 -1.49159757e-01 2.26650482e+00 2.66005138e-01 6.72912124e+03 1.37659294e+01
 8.95907037e+00 4.21281129e-01 8.69169072e-01 -7.96669452e-01 -1.91517397e+04 1.37990295e+01
 -7.45791032e+00 -2.70583425e-01 7.08509107e-01 -6.40155820e-02 -2.15165063e+04 1.36022078e+01
 2.61252411e+00 -2.49351529e-01 -3.54139979e-01 -2.00218707e-01 -1.07040013e+04 1.37470156e+01
 -8.35030897e+00 1.21237196e-01 3.18372627e-01 8.18950754e-02 6.47007849e+04 1.35823411e+01
 5.40380447e+00 8.38279275e-02 4.79622704e-01 -4.64571724e-03 -3.21115547e+04 1.37688102e+01
 1.05947150e+00 6.87484737e-02 -1.08414711e+00 -2.18913762e-01 -3.40528290e+04 1.37201115e+01
 -1.58919353e+01 6.20719376e-01 5.11238967e-01 -2.35463349e-01 -1.21950877e+04 1.34886662e+01
 8.65615121e+00 2.24351151e-01 -4.11216274e-01 -9.17451909e-01 -6.42527090e+03 1.38047557e+01
 1.58816570e+01 9.24486707e-02 4.62575796e-01 -1.81705241e-01 -1.15453119e+04 1.39129399e+01
 3.73346428e+00 8.94997740e-01 -1.94369631e+00 4.00257819e-01 -2.75439914e+04 1.37459628e+01
 -1.04377983e+01 9.37420273e-01 -1.33623247e+00 -3.87936610e-02 -1.12026176e+04 1.35570033e+01
 -2.86382035e+00 5.43199064e-01 7.34704214e-01 -1.30593904e-01 -1.21595477e+04 1.36597978e+01
 1.10928231e+01 1.19145084e+00 -5.81425900e-02 8.60467125e-02 2.62827098e+04 1.38406096e+01
 2.22267673e+00 -8.43972800e-01 -1.22265791e+00 3.58149622e-01 -2.21118396e+04 1.37294189e+01
 1.95918565e+01 -6.23798322e-01 -8.32150078e-01 4.32859148e-01 -4.74284900e+03 1.39798921e+01
 8.68551061e+00 -4.02336335e-01 -1.73276453e+00 4.16023850e-01 -8.05006709e+03 1.38095862e+01
 3.31202887e+01 9.91253660e-02 5.98550848e-01 -9.20319681e-02 -3.20119248e+03 1.41283088e+01
 -7.96795286e+00 7.69463623e-02 -2.15867584e+00 7.28690312e-01 -8.74562667e+03 1.35877996e+01
 -1.82254402e+01 3.67895700e-01 -2.51273035e+00 -4.65770177e-01 2.20406249e+04 1.34464892e+01
 6.11385903e+00 -1.28762247e-01 2.31093104e+00 -2.35592910e-02 4.49034714e+03 1.37752558e+01
 7.92524608e+00 -3.09320094e-02 -6.50119640e-01 -3.06180316e-02 3.74148745e+04 1.38133907e+01
 -8.99245800e+00 9.41542467e-02 -1.69598719e+00 -4.51826164e-01 2.25490397e+03 1.35787813e+01
 -4.72652878e+00 9.07474641e-01 -3.98798728e-02 -9.13197094e-01 -1.61260849e+04 1.36237173e+01
 1.06220909e+01 1.07743339e-01 -5.94546050e-02 1.64578431e-01 1.67388396e+04 1.38475799e+01
 -2.18192788e+01 7.90595030e-01 1.24782211e+00 1.13134336e-01 -4.39644037e+02 1.34211958e+01
 3.17354662e+01 4.03741893e-01 1.68902521e+00 3.45453845e-01 9.99709223e+03 1.40819231e+01
 2.76145399e+01 -2.48351077e-01 1.31701325e+00 5.67104130e-01 6.06211815e+03 1.40526712e+01
 1.20590205e+01 -3.13744029e-01 -5.24867805e-01 -1.27017801e-01 1.75630351e+04 1.38706133e+01
 8.43323470e+00 -3.44721687e-01 -7.12203186e-01 -9.56176114e-01 1.71646697e+04 1.38156099e+01
 -8.64199820e+00 5.36607523e-01 -1.16828451e+00 4.47451206e-01 -1.71445228e+04 1.35584179e+01
 5.17034690e+00 9.05418444e-01 2.34846575e+00 4.10983880e-01 -2.91388649e+04 1.37591802e+01
 -3.04671082e+01 -7.39514153e-01 -1.24690387e+00 9.92978521e-02 -8.59832476e+03 1.32681154e+01
 3.37450751e+00 1.05535680e+00 -7.38685460e-02 -7.84062945e-02 3.76648538e+03 1.37487759e+01
 2.23845789e+01 1.52724735e+00 -6.29279795e-01 -5.19160057e-01 1.75832667e+04 1.40095830e+01
 -5.26585125e+00 4.17947113e-01 9.48892841e-01 8.02379657e-01 -9.13280370e+03 1.36377833e+01
 -1.51448555e+00 -5.25712219e-01 8.40480868e-01 -1.59641116e-01 -1.67350952e+03 1.36917160e+01
 1.94210745e+01 -4.63806054e-01 1.39155388e+00 5.28027931e-02 -8.79057332e+03 1.39677607e+01
 1.22702994e+01 -1.16482131e+00 5.91341505e-01 -1.30838747e-01 4.61129641e+03 1.38718841e+01
 -1.41414409e+01 3.61794191e-01 -2.40170398e+00 4.99546987e-01 -2.00864363e+04 1.35064052e+01
 2.36696368e+01 -1.12778900e+00 1.58737696e+00 8.18134950e-02 2.56612577e+04 1.40257419e+01
 -2.26697899e+01 1.12970401e+00 7.46300700e-01 1.19303919e-01 6.37574459e+03 1.34065463e+01
 3.22899248e+00 4.52597063e-01 -1.90863856e-02 1.13737742e-01 1.56693686e+04 1.37335682e+01
 3.83605487e+00 7.06176784e-01 -7.92295170e-01 3.51421077e-01 -1.66026753e+04 1.37612305e+01
 7.83771753e+00 -4.67151199e-01 -7.24070944e-01 2.97240947e-01 -3.37166168e+03 1.37746597e+01
 -1.05330873e+01 2.62876827e-01 -1.09526763e+00 1.33492419e-01 1.08860504e+04 1.35605190e+01
 2.01667181e-01 -9.31180112e-01 3.41416256e-01 -2.66761194e-01 -1.73228469e+04 1.37051850e+01
 1.60331772e+00 4.20178929e-01 -2.61329857e+00 -4.25853877e-01 -4.51532237e+04 1.37041957e+01
 -1.82296067e+01 -4.99742450e-01 -6.61925671e-01 -6.57781617e-01 -1.42062962e+03 1.34547439e+01
 2.05177113e+01 9.74236996e-01 -1.04264815e+00 5.55631225e-01 1.24435573e+04 1.39634890e+01
 -2.06417722e+01 6.95900706e-01 9.89342638e-01 -1.94514667e-01 -7.40578913e+03 1.34049762e+01
 -2.40303300e+00 2.80466510e-01 8.76019730e-01 2.44500019e-01 6.81702769e+04 1.36629536e+01
 1.16705492e+01 4.35440022e-01 2.16618298e+00 9.30853617e-02 7.31869333e+03 1.38505459e+01
 3.80524444e+00 -1.08853095e+00 2.32461492e+00 -8.14279386e-01 1.41574821e+04 1.37424823e+01
 3.64021221e-01 -4.25321855e-01 1.51372524e+00 -7.84368205e-01 8.79473918e+03 1.36961094e+01
 -1.55519041e+01 -7.21652433e-01 -5.11788472e-01 -2.28289234e-01 -7.80812496e+03 1.34827935e+01
 3.87426365e+00 -1.56046444e-01 -7.42326686e-01 3.79179699e-01 2.23084331e+04 1.37804976e+01
 -1.68662513e+01 -4.78415863e-01 -2.17105001e+00 7.63741222e-01 -1.93336454e+04 1.34516424e+01
 2.26671977e+01 2.96836024e-01 -5.51899005e-01 3.68022998e-01 -1.46626474e+04 1.39963878e+01
 -5.64218043e+00 -9.20530468e-01 8.31186682e-01 7.28240454e-02 4.59205743e+03 1.36214873e+01
 1.25598869e+01 -1.08302490e+00 -8.83930937e-01 -2.91421252e-01 -2.82241173e+04 1.38625752e+01
 -2.68542048e+01 -4.98310834e-01 -1.00647652e+00 1.17545728e-01 3.08157487e+04 1.33228094e+01
 8.61684664e+00 -1.19877374e-01 -3.06404690e-01 -4.82527441e-01 1.39099308e+04 1.38111928e+01
 6.48150818e+00 -8.93617970e-02 3.11076041e+00 -2.39049568e-01 1.11495659e+04 1.37765449e+01
 -7.24610612e+00 1.47846813e-01 -7.60811222e-01 -2.57536956e-01 -4.26238611e+03 1.35956796e+01
 2.96030904e+01 4.01479313e-01 3.69141304e-01 5.48908181e-01 1.74216512e+04 1.40802544e+01
 -1.20107183e+01 5.86692222e-02 -1.34051874e+00 -1.45387756e-01 -2.11081178e+04 1.35160503e+01
 2.20534148e+01 -2.27667620e-02 7.84849953e-01 2.78836904e-01 1.47778263e+03 1.39960228e+01
 -2.03269859e+01 9.80140360e-02 -3.32645892e-01 -5.97352240e-05 1.48931185e+04 1.34197007e+01
 -3.32943349e+00 -1.21621750e-01 -1.91355457e+00 -5.38647247e-01 -5.69122753e+03 1.36558360e+01
 -3.51930366e+00 -5.99821526e-01 5.45672473e-02 -4.05274932e-01 -6.90835592e+03 1.36536024e+01
 1.20615688e+01 -2.33980915e-01 -2.10370680e+00 -5.85617659e-01 -4.95478218e+03 1.38651529e+01
 -1.72552365e+01 2.52031518e-01 -2.96029079e+00 -3.34393956e-01 2.53492623e+04 1.34738436e+01
 -1.88615070e+01 -6.60279535e-02 3.10185974e-01 7.96657255e-01 -1.98854838e+04 1.34435932e+01
 -1.43250254e+01 -5.21585786e-02 8.87070325e-01 2.51795740e-01 1.87054215e+04 1.35112151e+01
 2.64453002e+00 4.09115680e-02 3.61241070e-01 1.21917664e-01 2.44114830e+04 1.37476780e+01
 -3.55895849e+01 -4.37325503e-01 1.11318831e+00 4.79498018e-02 5.87215970e+03 1.31811104e+01
 -7.15328910e-01 -7.69338867e-01 8.00913709e-01 -4.91430263e-01 -1.03603042e+04 1.36925405e+01
 -1.22533409e+01 -9.25167337e-01 -2.67082265e+00 -3.49140518e-01 -9.07427571e+03 1.35315347e+01
 9.77289409e+00 9.60356343e-01 6.72566706e-01 2.71612984e-01 -1.68202442e+04 1.38082792e+01
 -3.88265056e+00 1.08091193e+00 2.53533422e-01 3.39082725e-02 1.31319068e+03 1.36382299e+01
 -5.13712001e+00 8.74235447e-01 4.23376652e-01 3.36175829e-01 -1.77159929e+04 1.36299517e+01
 -4.31642400e+00 8.30743693e-01 3.39517720e-01 -6.02485594e-01 -1.55114752e+02 1.36474537e+01
 -1.27111615e+01 4.16123604e-01 -1.38955315e+00 -2.30746169e-01 -9.29870420e+03 1.35430739e+01
 2.56202531e+01 2.49329163e-01 -3.26295494e-01 -7.52973979e-02 -4.87197852e+03 1.40534274e+01
 -9.78471959e+00 7.17792672e-02 3.83332773e-01 6.16140453e-01 -6.09150985e+03 1.35581655e+01
 7.44914413e+00 3.43081926e-01 6.29462822e-01 -5.63782131e-02 -1.12443195e+04 1.37912829e+01
 -4.04322740e+00 -5.03738513e-01 3.74956936e+00 4.65200879e-01 1.56234090e+04 1.36693740e+01
 1.07915228e+01 -4.09568806e-02 1.86316571e-01 3.03804780e-01 2.63184273e+03 1.38558923e+01
 -1.65306645e+01 4.97133569e-02 7.53220412e-01 3.95772290e-03 1.81040376e+02 1.34604732e+01
 9.03302628e+00 -8.75644166e-03 3.37511319e+00 -3.41705203e-03 5.76162886e+03 1.38116805e+01
 5.49245083e+00 6.63849123e-01 -3.39513167e-01 2.54747876e-01 2.27590508e+04 1.37811518e+01
 -2.58231246e+01 8.10514491e-01 4.90288404e-01 -2.84395477e-01 1.18919100e+01 1.33662116e+01
 2.67852946e+00 6.54706618e-01 -7.48114947e-01 -4.35422800e-01 -3.68396910e+04 1.37264017e+01
 -2.74562268e+00 -1.08958701e+00 -1.02142644e+00 -1.14015915e-01 1.10101846e+04 1.36843976e+01
 1.59055465e+01 2.19401011e-01 -8.12854405e-01 -6.70050587e-01 1.96651772e+04 1.39187846e+01
 -1.78421333e+01 -9.66222591e-01 -6.27582376e-01 -7.31280240e-01 -1.17688826e+04 1.34844665e+01
 -6.24407468e+00 -7.04565340e-01 1.24157850e+00 -1.49072694e-01 2.06906246e+02 1.36303450e+01
 -8.39008198e+00 -5.28093376e-01 -1.33311097e+00 1.48619817e+00 1.02104101e+03 1.35896343e+01
 -2.18392415e+01 5.61403661e-01 -4.63652608e-01 -3.80257134e-01 -1.95481028e+04 1.34064844e+01
 -1.35564720e+01 7.25925150e-01 1.38760081e+00 -1.60167358e-01 -8.16915597e+03 1.34861143e+01
 3.40965496e+00 -1.98485471e-01 -1.39762628e+00 2.60062623e-01 -6.04930525e+02 1.37491716e+01
 -1.74343630e+01 5.27957270e-02 2.41420000e-01 -1.09738109e-01 -1.56741349e+04 1.34628131e+01
 1.94279093e-01 -6.33518370e-01 4.68417451e-01 1.22475236e-01 -2.07617146e+03 1.37147958e+01
 -1.60403177e+01 7.02911855e-02 7.60184045e-01 -6.09214985e-01 1.64407539e+04 1.34947755e+01
 -8.21275233e+00 -2.65569559e-01 2.87010358e-01 6.29420486e-01 -6.54188134e+03 1.35969967e+01
 3.26296032e+01 1.58338024e-01 -4.01191303e-01 1.07009306e-02 1.54713134e+04 1.41468755e+01
 -5.66418152e+00 -3.64299096e-01 1.08893527e-01 8.82267192e-02 -6.91421163e+03 1.36191233e+01
 -2.87040639e+01 -3.93971396e-01 9.24248826e-01 -7.15141823e-02 -4.00031601e+03 1.33158831e+01
 -1.22924969e+01 6.28157238e-01 -8.97930145e-01 2.91957525e-01 7.72491393e+03 1.35398036e+01
 -4.44983509e+00 2.02569701e-01 1.83934654e+00 -1.46030577e-01 4.06060969e+04 1.36391415e+01
 4.61953210e+00 3.29294423e-02 9.81208197e-01 2.02090730e-01 2.09667818e+04 1.37474827e+01
 1.83726238e+01 1.07875190e-01 -1.30261461e+00 6.62495059e-01 8.74556660e+03 1.39321160e+01
 1.03750150e+01 3.89027506e-01 2.92141728e+00 3.77867281e-02 1.13968842e+04 1.38428222e+01
 2.18796245e+01 -2.13126217e-02 -1.75541526e+00 -9.21965397e-01 -3.31909223e+04 1.40087090e+01
 -1.04528109e+01 3.50215277e-01 -9.10906594e-01 -6.09726954e-01 6.09110631e+03 1.35709089e+01
 -2.38468801e+01 -3.91322909e-01 -4.76432061e-01 2.70285391e-01 7.44733506e+03 1.33794949e+01
 -3.13705778e+01 -4.11364119e-01 2.97500911e-01 -3.41054081e-01 2.26257561e+04 1.32470793e+01
 1.97081736e+00 -1.63007229e-01 -5.79135152e-01 -3.31940374e-01 -1.47480161e+04 1.37237559e+01
 1.74994564e+01 -3.85384432e-01 -8.73258126e-01 -2.68054835e-01 -3.15734347e+04 1.39385309e+01
 6.72977786e+00 -5.80840562e-01 -4.84108055e-02 2.03259182e-01 1.61931531e+04 1.37918159e+01
 1.33642257e+01 8.46408444e-02 8.83361689e-01 2.19517915e-01 4.63501324e+03 1.38959964e+01
 -1.23675144e+01 -2.89325417e-01 6.89223404e-01 2.63994379e-01 7.08541027e+02 1.35374723e+01
 -8.74383664e+00 4.34560067e-01 -1.60386838e+00 2.24481529e-01 2.34040070e+04 1.35838185e+01
 1.01828939e+01 2.13626616e-01 -1.35395534e+00 -4.76929680e-01 8.14110583e+03 1.38453541e+01
 6.42103696e-01 -6.78834891e-01 -1.82576497e+00 -1.56658096e-01 -8.03410986e+03 1.37124665e+01
 -7.75902999e+00 4.66532661e-01 1.83254664e+00 2.56519576e-01 -2.21550258e+03 1.36085286e+01
 -1.63203327e+01 8.19024903e-01 -1.89915286e+00 -2.36174570e-01 -9.75352503e+03 1.34767395e+01
 -7.04263715e+00 1.44281251e-01 -7.67854805e-01 -3.85002041e-02 -4.27471862e+04 1.36062489e+01
 8.39925786e+00 -1.34152364e-01 7.26209394e-01 2.40068214e-01 -3.63845040e+03 1.38240753e+01
 2.74483740e+01 -8.13149219e-01 2.77075728e-02 -2.68115637e-01 -3.77522842e+04 1.40462931e+01
 1.04313959e+01 -8.91127047e-01 5.73328504e-01 -4.47420062e-01 -8.25324079e+02 1.38344374e+01
 1.75534038e+01 1.24348558e-01 4.49740374e-01 -9.33947135e-02 6.23367713e+03 1.39422486e+01
 3.88149814e+01 7.74158893e-02 -4.16451208e-01 -3.82460335e-01 -3.14034549e+04 1.42032096e+01
 -8.05453458e+00 -4.75493174e-01 1.65909716e+00 4.01155518e-01 3.08855159e+04 1.36314941e+01
 -8.11074203e+00 -1.15433206e+00 -6.30003740e-01 2.40551165e-02 3.09822012e+04 1.36141724e+01
 -1.69973664e+01 -4.31675652e-01 7.65839713e-01 -3.41746807e-01 2.60585015e+03 1.34746814e+01
 5.82547381e+00 1.00527359e-01 -1.54405294e+00 -6.70649551e-01 4.06696034e+03 1.37775914e+01
 -1.02421517e+01 -3.96097430e-01 -7.76751718e-01 6.56440232e-01 3.08707942e+04 1.35682478e+01
 -1.69717607e+01 1.89355128e-01 -1.24609868e+00 -2.54613477e-01 -2.86851790e+03 1.34548111e+01
 -8.83986326e-02 -8.60362453e-01 1.67927658e+00 1.47469032e-01 2.36577158e+04 1.37203512e+01
 -1.14009233e+00 -3.12047776e-01 -1.98949391e-01 -8.17434412e-02 -9.51723800e+03 1.36665352e+01
 2.98145972e-01 -4.77575904e-01 -7.22041654e-01 1.81265654e-01 -2.84357611e+04 1.36864665e+01
 -1.22412557e+01 -4.41637571e-01 -1.05518613e+00 -5.66504460e-02 4.81575934e+03 1.35506975e+01
 1.84507165e+00 -1.68075203e+00 -1.93291671e+00 -1.57770896e-01 -1.56397082e+04 1.37169582e+01
 -1.88635973e+01 5.71166895e-01 1.62617108e-01 -6.60079384e-01 7.72024526e+03 1.34488677e+01
 2.52857796e+01 3.59817927e-01 5.75256260e-01 -7.63196143e-01 1.07857774e+04 1.40176370e+01
 2.74903497e+01 -2.87048577e-01 1.73816386e+00 4.23489609e-02 -3.58969029e+04 1.40688830e+01
 2.25342387e+01 1.68913162e-01 4.52777951e-02 -3.08965142e-02 1.24693670e+04 1.40263076e+01
 -1.85665206e+00 2.72790317e-01 7.87919712e-01 -1.89639150e-01 1.12281311e+04 1.36709633e+01
 1.12856912e+01 3.86257979e-01 1.05856843e+00 -3.65341280e-01 -2.77512816e+04 1.38703363e+01
 -1.96672654e+00 4.40115854e-02 1.99420772e+00 -3.51484541e-01 1.01018127e+04 1.36807409e+01
 1.20827288e+01 -1.27676013e-01 8.77145817e-01 -2.41815600e-01 -1.51049006e+03 1.38682828e+01
 1.25271804e+01 -9.42605681e-01 9.58686221e-01 1.75033830e-01 -2.64754512e+03 1.38801474e+01
 -8.58806297e-01 -6.08082197e-01 7.78160522e-01 1.09737538e-01 1.05513685e+04 1.37008523e+01
 1.89581168e+01 -4.08054248e-01 1.34076558e+00 4.03336397e-01 5.14924720e+03 1.39545990e+01
 1.84510642e+01 -3.16907646e-01 3.89184820e-01 3.79051580e-01 1.35504626e+04 1.39351557e+01
 4.70547328e+00 8.35378734e-02 2.02791146e+00 5.93794087e-01 -4.36440935e+03 1.37591462e+01
 1.66798625e+01 -3.78867726e-01 -1.68574447e-01 7.86274210e-02 -1.06435221e+03 1.39165569e+01
 -5.38337622e+00 4.95451961e-01 -1.92932792e+00 -3.46344062e-01 1.14369595e+04 1.36520931e+01
 -3.77020178e+01 -7.06045024e-01 -2.03804256e+00 8.08009869e-02 2.22053164e+04 1.31861683e+01
 -7.21373563e+00 3.64592312e-01 1.64580021e-01 4.07088954e-01 1.11279745e+04 1.36007313e+01
 3.29976123e+01 2.46842685e-01 2.38967324e+00 -4.80354422e-01 -1.15505574e+04 1.41477174e+01
 3.92622509e+01 2.63596068e-01 7.94309244e-01 1.19804689e-02 3.29347484e+03 1.42222839e+01
 5.86575321e+00 -2.72805355e-01 -6.68387221e-02 1.28404797e+00 1.75369006e+04 1.37684230e+01
 -4.67078419e+00 -3.58369284e-01 -1.31113432e+00 1.17691652e-01 -1.98005747e+03 1.36405590e+01
 1.30797677e+01 5.39058231e-01 1.41453248e-04 2.12001739e-01 -6.93536421e+02 1.38673243e+01
 -2.06613967e+01 -3.86533056e-01 -1.22671780e+00 -1.95334453e-01 -1.96230506e+04 1.34053074e+01
 8.64202195e-01 -4.78477481e-01 -4.12055591e-01 9.34887983e-02 1.17292140e+04 1.37258268e+01
 2.08314653e+01 8.23985437e-01 -8.41239255e-01 -8.19551564e-01 -2.67218992e+04 1.39642356e+01
 -1.44498689e+01 6.91924489e-01 -5.15681759e-01 -2.17391387e-01 -2.77470892e+04 1.35188521e+01
 7.41688686e+00 5.07197016e-01 1.04137603e+00 4.13072586e-01 -9.27576175e+03 1.38153161e+01
 -2.10865166e+01 1.38954094e-01 -1.35702634e+00 1.45341831e-01 3.52337551e+04 1.34122169e+01
 -1.93612839e+01 8.75626591e-01 2.00530890e+00 7.84610222e-02 2.48256444e+04 1.34550811e+01
 -1.94355295e+01 -5.85782147e-01 1.14421252e+00 9.84645097e-02 -1.17753302e+04 1.34085320e+01
 -9.05732075e+00 1.37532366e-01 1.87386548e+00 -4.28435978e-01 3.82408231e+03 1.35902747e+01
 2.28359057e+01 -1.91173089e-01 -1.78460413e+00 5.32762982e-01 9.76532374e+03 1.40119203e+01
 -3.22123985e+00 1.15662851e+00 -1.58710866e+00 -7.30929043e-01 9.79268090e+03 1.36431772e+01
 1.02081145e+01 -1.30488350e+00 -1.06554255e+00 3.20513543e-01 1.61116525e+04 1.38218502e+01
 4.81018860e+00 -7.28193689e-01 -5.27027649e-01 -1.28601119e-01 -5.19058852e+04 1.37741318e+01
 1.09780573e+01 6.58000064e-01 3.53610722e-01 -1.46334027e-01 -6.30964183e+01 1.38559518e+01
 -7.38553828e+00 -6.86832878e-01 -2.08285123e-01 -3.13726742e-01 -2.09296393e+04 1.36037694e+01
 -1.74584772e+01 1.41215580e-01 -1.20731675e+00 2.28806604e-01 3.02597304e+02 1.34619388e+01
 -9.18231477e+00 3.48615946e-02 1.33440105e+00 2.60379530e-01 -1.46531462e+04 1.35696310e+01
 -4.36465498e+00 -5.10149592e-01 2.38292276e-01 1.03864849e-01 -1.23941566e+04 1.36343340e+01
 1.74335384e+01 1.31986367e-01 9.53469951e-01 1.68811922e-01 1.61969088e+04 1.39426560e+01
 2.64237550e+00 8.42318909e-01 -6.33970863e-01 -4.69540242e-01 1.60156465e+04 1.37382196e+01
 2.37905753e+01 -4.15859967e-02 -3.85910157e-01 2.25680794e-01 2.36021784e+03 1.40352623e+01
 5.95359579e+00 5.91486514e-01 -9.69666596e-01 -3.93953436e-01 1.54193289e+04 1.37674002e+01
 -1.68857163e+01 -7.75265388e-01 1.29640595e+00 -3.60291680e-01 -1.28777383e+04 1.34897395e+01
 2.18012022e+01 -1.55585641e-01 -9.14792150e-01 7.76928222e-01 -7.44896612e+03 1.39886174e+01
 2.15735928e+01 1.71043760e-01 -1.54651110e+00 -1.02017145e-01 7.67972550e+03 1.39976594e+01
 4.26776842e+01 -4.67776132e-01 6.76979417e-01 -1.83185303e-01 -3.22885438e+04 1.42722835e+01
 2.00867960e+01 -2.16798669e-01 2.06858450e+00 2.19748857e-01 5.19333899e+03 1.39624713e+01
 9.14527540e+00 -4.73281127e-01 -1.01405139e-01 -7.10447052e-01 5.67616449e+03 1.38340527e+01
 -1.16519613e+01 8.91199954e-01 1.43183451e+00 2.27117782e-01 8.79068371e+03 1.35580302e+01
 1.48719816e+00 3.07863412e-01 4.62435809e-01 1.88216960e-01 -1.81292101e+03 1.37171605e+01
 -1.22709792e+01 4.33863794e-02 -1.38302052e-01 -2.17120560e-01 -5.05818711e+03 1.35159255e+01
 2.03732210e+01 -5.64303234e-01 -1.23931406e+00 -6.40913001e-01 1.27844819e+03 1.39778264e+01
 3.66433973e+00 -9.68173527e-01 -8.10826350e-01 -3.02193756e-01 1.70946717e+04 1.37482533e+01
 3.88977673e+00 3.61966960e-01 -4.96076081e-01 1.04381635e-01 9.66930566e+03 1.37481196e+01
 1.65216250e-01 -8.72262729e-02 -2.53501515e+00 -2.18754336e-01 2.48674631e+04 1.36964031e+01
 -1.03590933e+01 -4.76214835e-01 8.36336074e-01 -5.32520848e-01 2.25012446e+04 1.35614003e+01
 1.05897671e+01 -2.85549646e-01 -1.67584870e+00 -4.94529658e-01 -4.07998052e+04 1.38540449e+01
 -1.05870817e+01 -1.85878392e-01 1.29213980e+00 -1.60822526e-01 4.01822363e+04 1.35471280e+01
 -1.93925460e+01 -5.18804382e-01 2.16163162e+00 7.14241300e-01 1.67729783e+04 1.34412063e+01
 4.04118150e-01 -1.03748307e+00 1.41610525e+00 3.74874845e-01 -1.64960131e+04 1.36931465e+01
 1.82338663e+00 -1.99552014e-01 -2.22782962e+00 4.98082038e-01 -2.37246416e+04 1.37210421e+01
 8.60233014e+00 -6.87968675e-01 6.87215274e-02 4.96352824e-01 -1.32446584e+04 1.38199569e+01
 2.36097550e+01 5.14474973e-01 -1.73912674e+00 -2.43287814e-01 -6.44089214e+03 1.40369675e+01
 -9.52652274e-01 -9.48186039e-02 2.96079444e+00 -1.63607682e-01 -3.95152622e+04 1.36932610e+01
 1.07988879e+01 -1.16942501e-01 8.25426919e-01 4.48679474e-01 -5.74176221e+03 1.38562442e+01
 6.43147315e+00 1.13139988e+00 1.17287385e+00 -1.96191573e-01 -1.68756457e+04 1.37680693e+01
 -7.63814508e+00 -5.32701041e-01 -1.44839882e+00 -4.72237423e-01 9.91064626e+03 1.35890294e+01
 1.23758046e+01 -3.73824101e-01 3.12735122e-01 1.62339813e-01 -4.25714859e+03 1.38868779e+01
 -1.03157507e+01 -3.03737464e-02 -1.61354868e-01 -2.65406920e-01 -4.81726103e+03 1.35585699e+01
 1.16950152e+01 1.83466637e-01 7.11500405e-01 -2.53681253e-02 -2.15650101e+04 1.38501623e+01
 -1.22183597e+01 -7.99514993e-01 -3.89598066e-01 5.72048642e-01 -7.99836151e+03 1.35462480e+01
 -1.18125579e+01 9.46951707e-01 -9.45079512e-01 -6.84041648e-01 9.94369733e+02 1.35376706e+01
 2.42452248e+01 -8.21871921e-01 -1.37927998e+00 -3.67489803e-01 1.64226851e+04 1.40268960e+01
 -1.41507268e+00 -1.20193809e-02 -1.62592827e-02 6.81540829e-02 -2.66213807e+03 1.36809374e+01
 1.12801355e+01 -3.52637687e-02 2.65507884e+00 -3.74944189e-01 9.54217219e+03 1.38454974e+01
 2.86104533e+01 -3.85336102e-01 -1.31050465e+00 1.21842912e-01 -1.81736837e+04 1.40821347e+01
 5.31389554e+00 3.24884366e-01 3.34155695e-01 5.42175754e-01 1.39842744e+04 1.37719110e+01
 1.37751195e+01 1.00796704e+00 3.25201624e-01 4.60966324e-01 -2.12794773e+04 1.38971697e+01
 -1.24145675e+01 2.00875311e-01 7.52826560e-01 2.00189965e-01 4.77688167e+03 1.35372704e+01
 9.87935986e+00 -3.02057230e-02 8.84188537e-01 4.06029003e-01 2.48348356e+04 1.38438386e+01
 2.14589984e+01 -1.28639517e-01 1.59222560e+00 6.56006729e-01 9.77513745e+03 1.39716432e+01
 3.10424523e+01 4.30024052e-02 -6.61648947e-01 2.07831566e-02 -1.27571779e+04 1.41346050e+01
 -2.14022584e-01 -5.65288517e-01 6.88888211e-01 -6.17787095e-01 1.88294005e+04 1.36789532e+01
 -4.07410374e-01 -4.81294692e-01 1.03702586e+00 -3.06980053e-01 3.07391405e+04 1.36711186e+01
 2.13612432e+01 6.55681230e-02 -1.30815778e+00 -5.35135135e-01 -1.22066565e+04 1.39911369e+01
 -3.47532503e+00 -5.11342870e-01 1.42483127e+00 8.95881512e-03 -2.60891618e+04 1.36427599e+01
 9.68286647e+00 -5.68580238e-01 1.57793028e+00 -6.84956684e-01 3.98269080e+03 1.38142373e+01
 9.47804372e+00 -3.91060673e-01 -7.31255475e-01 -6.46699719e-01 -1.22937830e+04 1.38307094e+01
 3.18040964e+00 2.87486275e-01 -5.37727799e-01 -3.27133973e-01 -2.22940205e+04 1.37272835e+01
 -4.04067323e+00 -7.18709628e-01 -1.59486374e+00 -1.84470143e-01 8.84066301e+03 1.36399954e+01
 -9.36173007e+00 -4.05884073e-01 4.43987384e-01 -2.41403323e-01 -1.26339000e+04 1.35778490e+01
 -2.46443757e+01 4.11689880e-01 -1.04810523e+00 6.88161895e-01 -2.03957054e+04 1.33543005e+01
 -2.14280173e+01 5.78998056e-02 -3.82594145e-01 -2.33512701e-02 -3.08715225e+03 1.33851723e+01
 -8.33286074e+00 6.58083789e-01 -8.66720462e-01 1.65172770e-01 1.71418161e+03 1.35666779e+01
 1.41824994e+01 9.82970699e-01 1.00252199e+00 -1.75331804e-01 -2.33960447e+04 1.38626426e+01
 -1.77581577e+01 -9.22093807e-01 -1.33006965e-01 -5.60867882e-01 1.83021028e+04 1.34653604e+01
 -7.89832949e+00 -6.40897200e-01 1.04407459e+00 -3.17897082e-03 1.15084907e+04 1.36137180e+01
 1.06883628e+01 4.61773189e-01 -7.94365360e-01 -3.11854327e-01 -4.19078447e+04 1.38565548e+01
 6.71591999e+00 -5.98524037e-01 1.42670447e+00 6.80918196e-01 -2.54677652e+03 1.37913457e+01
 -5.52082989e+00 -7.87695363e-01 -5.29285247e-01 1.76327951e-01 2.07943656e+04 1.36353922e+01
 -2.07275516e+01 3.52844128e-01 -2.97679025e-01 -2.44036206e-01 1.65574394e+04 1.34119858e+01
 2.85005420e+01 -4.74141520e-02 4.19413724e-01 -9.05532632e-02 -8.69761276e+03 1.40859249e+01
 1.17487979e+01 -9.37477363e-02 -1.63072045e+00 8.15775188e-01 -1.38959033e+04 1.38387366e+01
 8.20858806e-02 -4.56418440e-01 6.08461176e-01 2.49665935e-02 1.46170379e+04 1.37271669e+01
 6.04839972e+00 -6.57622576e-01 -2.15605332e-02 2.18364708e-01 1.78294038e+04 1.37604651e+01
 4.03900483e+00 -8.09424283e-01 1.31795176e+00 -2.52123760e-01 -1.71618363e+04 1.37766485e+01
 8.71175013e+00 1.94075297e-01 1.46523746e+00 -7.05389314e-02 -2.28083673e+04 1.37985506e+01
 -1.73904100e+01 -5.83207757e-01 3.58295234e-01 4.52544558e-01 6.15266333e+03 1.34814191e+01
 5.95323337e+00 -8.13593952e-02 -1.33339632e-01 5.81276798e-01 3.10598783e+03 1.37932843e+01
 3.36447681e+00 1.64020117e-01 8.38788169e-02 3.38115235e-01 2.70249621e+04 1.37269683e+01
 -2.12808529e+00 6.67616732e-01 -1.41921819e+00 -7.06122648e-01 2.54573722e+04 1.36602932e+01
 8.43600141e-01 2.05350035e-01 -5.59667358e-03 2.34317885e-02 2.77597406e+04 1.37066724e+01
 1.01065330e+01 -2.96322192e-02 7.74095500e-01 4.39028435e-01 -3.42908017e+04 1.38378055e+01
 -1.62082628e+01 -4.67967446e-01 -1.21338168e-01 6.22067832e-01 1.07914432e+04 1.34596811e+01
 1.92430918e+00 -4.86074898e-01 2.86087681e+00 -3.37924358e-01 2.98284082e+04 1.37153118e+01
 8.11480709e+00 -6.40380661e-01 -1.14753564e+00 2.54461135e-01 1.05839217e+04 1.37833164e+01
 -4.39633870e+00 7.54930428e-01 7.41668330e-01 2.34527729e-01 2.16132431e+04 1.36571534e+01
 1.85780249e+01 -3.49208496e-01 5.33606371e-01 1.94820407e-01 7.19473809e+02 1.39504831e+01
 1.10495612e+01 3.73257349e-02 1.09488779e+00 2.98122798e-01 9.24113800e+03 1.38466925e+01
 -1.50426370e+01 -3.78573571e-01 2.34102556e-01 -1.01716394e-01 -3.08662259e+04 1.34817152e+01
 -2.01571926e+01 -5.89922962e-01 2.64004099e-01 -2.89854994e-01 -1.51808169e+04 1.34213841e+01
 1.67373526e+01 6.95909255e-01 2.93895168e-01 -3.91417029e-01 1.97300000e+04 1.39422804e+01
 9.63777807e-01 3.19126390e-01 1.49957447e+00 -5.60416459e-01 -1.71980062e+04 1.37221503e+01
 -1.46970374e+01 6.16089563e-01 1.23743415e+00 1.27700518e-01 -4.95162598e+03 1.34977233e+01
 8.01986592e+00 3.90564771e-01 1.22268366e+00 1.68781550e-01 5.36007970e+04 1.37873561e+01
 1.72992941e+01 1.54024348e-01 -6.68015782e-01 4.04065165e-01 -2.65502659e+04 1.39339436e+01
 2.46741365e+00 -4.45040801e-01 1.39683659e+00 2.27841055e-01 3.33208344e+03 1.37278699e+01
 -1.12291930e+01 4.86635790e-01 -6.70043086e-01 4.43980173e-01 1.94120735e+04 1.35219433e+01
 -1.92504603e+00 8.85714555e-01 5.56923661e-02 -3.74664540e-01 2.47663365e+03 1.36877195e+01
 3.62220257e+00 1.77461090e-01 -1.16987004e+00 1.35909183e-01 3.93633493e+04 1.37553423e+01
 8.57877659e+00 1.82346949e-02 -2.14924947e-02 7.27443607e-02 -9.30532968e+03 1.37993992e+01
 -4.47138927e-01 -1.17618839e-01 5.37247085e-01 4.14026039e-01 -5.72536498e+03 1.36847709e+01
 -4.08912201e-01 3.78997511e-01 -1.85831821e-01 2.18857508e-01 1.80857115e+03 1.37190158e+01
 -4.58780884e+00 -8.72609351e-01 1.98532685e+00 -5.43690651e-01 -1.95876926e+04 1.36652640e+01
 -2.54233349e+00 4.09041106e-01 7.47796396e-01 1.40719893e-01 9.73066431e+03 1.36456877e+01
 6.61050468e+00 -7.10780999e-01 -2.45929427e-01 3.93018296e-01 -1.55966907e+04 1.38142644e+01
 -6.63719467e+00 1.19371330e+00 1.26544582e-01 -3.13077803e-01 2.01883538e+04 1.36099500e+01
 1.12489842e+01 1.00416115e+00 -1.66119125e-01 1.34440154e-01 2.56098261e+04 1.38456489e+01
 2.18413501e+00 -5.17041308e-02 1.80128493e+00 1.65608729e-01 2.32596473e+04 1.37199686e+01
 9.73932169e+00 1.29241362e-01 -5.83509127e-01 3.87983578e-01 -1.18911420e+04 1.38461760e+01
 -5.18974908e+00 -4.77883337e-01 1.46710906e-01 -6.48463803e-01 1.90599900e+04 1.36084492e+01
 1.42336603e+01 2.43909062e-01 1.99363814e-01 -4.68181105e-01 -9.32536532e+01 1.39056897e+01
 -7.82963274e+00 6.06410097e-01 -2.94170812e-01 3.17957449e-01 1.84242444e+04 1.35948532e+01
 7.11633434e+00 -2.76150345e-01 2.58038835e-01 2.17805543e-02 2.20542537e+03 1.37588079e+01
 3.23054449e+01 2.72142199e-02 1.53164154e+00 -2.85134198e-02 -3.27681319e+04 1.41335432e+01
 1.57064601e+01 3.03597495e-01 -1.90604353e+00 -1.59915056e-01 -1.90795655e+04 1.39084688e+01
 -2.96159692e+00 -3.98153647e-01 4.88745599e-01 6.94754621e-01 -1.98952557e+04 1.36868939e+01
 -3.08532606e+00 -6.09584835e-01 2.99836521e-01 4.99805864e-01 1.61476962e+04 1.36878485e+01
 2.25729953e+01 -4.85247722e-01 1.15774023e-01 5.48439988e-02 2.14568916e+04 1.39878340e+01
 -1.97926765e+00 3.64985031e-01 -1.51474459e-01 -2.75529494e-01 -1.97944243e+04 1.36663360e+01
 4.43135089e+00 1.17810829e-01 -1.00565155e+00 -2.01130397e-01 -1.20986134e+04 1.37740280e+01
 -1.28319262e+01 -2.01144951e-01 -4.26682592e-01 1.99813238e-02 9.74279216e+03 1.35238148e+01
 -2.41540293e+01 -6.06890053e-01 8.81606798e-01 -3.48689461e-01 2.10890279e+04 1.33579941e+01
 1.83976412e+00 2.44733924e-01 -3.55408053e-01 -6.26664627e-01 2.04350680e+03 1.37097738e+01
 -1.74248251e+01 -2.67077392e-01 3.42781789e-01 -2.36237003e-01 3.45506940e+04 1.34625220e+01
 -1.14424571e+01 -1.25890580e+00 8.99812205e-01 4.03302959e-01 -4.27210933e+03 1.35525059e+01
 2.49823752e+01 -2.50046517e-01 -4.36435177e-02 5.83691241e-02 2.55386285e+04 1.40321740e+01
 1.81809885e+01 -1.60470586e-01 2.75170996e+00 -7.54412689e-01 -5.15221685e+03 1.39652473e+01
 -9.85925878e+00 -4.45104828e-01 3.38016294e-01 4.86005548e-01 3.67719201e+04 1.35556136e+01
 -2.20283065e+01 -1.97221607e-02 -7.66937365e-01 -5.33239030e-01 -2.40102026e+04 1.34144810e+01
 -1.25119494e+01 -3.20457483e-01 -2.62997862e+00 -3.39639219e-01 1.72699085e+04 1.35318829e+01
 2.46205386e+01 3.50148724e-01 -1.41768821e-01 4.08517443e-02 -9.99440253e+03 1.40301146e+01
 1.08446795e+01 -2.22343236e-01 3.28589513e-01 -4.10566049e-01 -8.72432405e+01 1.38745978e+01
 -3.60603054e+00 3.38881761e-01 1.17758921e-01 -6.84885391e-02 1.60368418e+04 1.36693941e+01
 -2.66379868e+01 -1.08621003e+00 1.58597608e+00 1.64355036e-01 -2.85882938e+04 1.33279871e+01
 -1.38298025e+01 6.10294902e-01 -1.00992602e-01 -8.82385186e-01 -1.05468805e+04 1.34939543e+01
 -1.82080314e+01 -4.32076118e-01 -2.11172832e-01 1.74018153e-01 8.37104431e+03 1.34428482e+01
 -7.47790389e+00 2.22635643e-01 -9.86068601e-01 -4.72749827e-01 -1.25645413e+03 1.35991168e+01
 2.11480795e+01 -5.42369450e-01 -4.91091543e-02 2.53374997e-01 7.52783990e+03 1.39802088e+01
 -1.52357972e+01 -6.93348063e-01 -4.98319053e-01 -6.18127697e-01 -8.78947825e+03 1.34859367e+01
 -1.73456257e+01 3.53285046e-01 -1.73985956e-01 -2.29818188e-01 -2.74099444e+04 1.34638265e+01
 -1.85206641e+00 -3.39352947e-01 -2.83260144e-01 -1.43178170e-01 2.12801336e+04 1.36744272e+01
 -5.67219814e+00 4.85502008e-01 6.31047350e-01 -4.63699975e-01 1.00558607e+04 1.36230639e+01
 -1.82216496e+01 6.00027536e-01 -2.01675568e-01 -5.44547122e-01 2.01930412e+04 1.34566116e+01
 -7.42595121e+00 1.55500614e-01 9.02867760e-02 1.05156729e-01 -3.10822777e+03 1.36023494e+01
 1.87529798e+01 1.47547920e-01 -1.07599148e+00 -1.05777997e-02 8.49335142e+03 1.39682849e+01
 -1.92410567e+01 -1.34555703e-02 -2.22673562e-01 1.76357548e-01 3.81910543e+04 1.34247105e+01
 -2.94063929e+00 -4.83968695e-01 -1.33370786e+00 -7.28573401e-03 4.53456251e+04 1.36479081e+01
 -6.08796613e+00 -8.59992021e-01 -1.83570106e+00 -5.89346298e-02 1.40971220e+04 1.36184528e+01
 -2.27377172e+01 1.62185235e+00 -2.76256498e-01 -6.97535593e-01 -7.49896957e+03 1.34019852e+01
 -3.98453732e+00 -9.47713899e-02 -1.89250999e+00 -6.69620667e-01 2.64779332e+04 1.36406162e+01
 -2.09682670e+01 -2.24652795e-01 -1.36146953e+00 -1.65940399e-01 -1.80903543e+04 1.33943994e+01
 4.00779770e+00 -9.22394163e-02 1.84831049e-01 -9.85821029e-03 -2.62023708e+04 1.37258259e+01
 1.49555932e+00 -7.86849294e-01 -6.10500453e-01 -6.23300477e-01 2.86798703e+04 1.37050547e+01
 -1.78592162e+00 8.61016449e-02 -9.91219533e-01 3.87102613e-01 2.26554742e+04 1.36860760e+01
 -1.68247851e+00 4.50979341e-01 1.16579546e+00 -5.38514194e-02 1.24020389e+04 1.36717354e+01
 -1.35933277e+01 3.60087220e-01 8.02953155e-01 -1.87527083e-01 5.35105621e+03 1.35133230e+01
 1.24347724e+01 1.25414502e-02 -1.52270705e-01 -4.36616234e-01 -9.48086214e+03 1.38613971e+01
 6.52662168e+00 4.05323639e-01 1.72699006e+00 2.93906016e-01 -3.02443628e+04 1.37973714e+01
 -1.57991043e+01 -5.12021131e-01 9.11123079e-01 6.61517373e-01 -1.13962319e+04 1.34713939e+01
 1.30080196e+01 -9.70584883e-02 -4.06848554e-01 -5.25476796e-01 2.00137875e+04 1.38654399e+01
 1.34645413e+01 6.61443521e-02 -2.33606866e+00 -5.89501563e-01 -1.43018493e+04 1.39093057e+01
 -4.50786240e+00 -9.15208158e-01 1.88358840e+00 -6.78170507e-01 1.48969324e+04 1.36446769e+01
 -8.87019284e+00 -5.09767833e-01 -6.34329063e-01 1.18691937e-01 3.44931109e+04 1.35820435e+01
 1.10351545e+01 2.46431270e-01 -5.01471931e-01 5.60873423e-01 6.12893768e+03 1.38392479e+01
 7.74683409e+00 7.16769235e-01 -2.54881874e-01 -4.87512627e-01 7.90575766e+03 1.38090729e+01
 -2.01759544e-01 -1.10625531e-01 -2.39742375e+00 -4.44464201e-01 9.14966076e+01 1.36878032e+01
 2.08185224e+01 -2.24894938e-01 -1.14931531e+00 -9.17117179e-02 -1.95744812e+04 1.39758476e+01
 1.57382750e+00 -3.69389155e-01 5.63585595e-01 -1.35228760e-02 2.01148317e+04 1.37172313e+01
 -2.33756193e-02 -2.17902439e-01 1.06024700e-01 -7.68666943e-02 3.06746731e+04 1.36926471e+01
 1.47968494e+01 -6.29002299e-02 -6.92784718e-01 -5.73135547e-01 -2.18373450e+04 1.38869234e+01
 -4.67725636e+00 -2.60387043e-01 -6.42515768e-01 1.84579875e-01 -6.10955786e+03 1.36416330e+01
 6.68673394e+00 -3.14890297e-01 -1.78011596e+00 2.33377032e-02 2.09157660e+04 1.38001065e+01
 -4.59648726e+00 2.82250548e-01 1.12123927e+00 -1.12807422e-01 -2.30864356e+02 1.36422772e+01
 7.19289658e+00 -1.41388982e-02 -2.60987333e-01 7.07211002e-02 2.75182426e+04 1.37924339e+01
 -6.87116438e+00 6.05455220e-01 3.53550171e-01 5.10455480e-02 -1.34923445e+03 1.35679057e+01
 1.26545889e+01 -1.33705321e-01 1.14043631e+00 -2.18637390e-01 -9.67727885e+03 1.38498860e+01
 1.11781034e+01 1.01069495e-01 6.26424488e-03 2.36438026e-01 1.00588883e+04 1.38400954e+01
 3.64931666e+00 1.13552163e+00 -8.10772629e-01 9.56401899e-01 7.83378349e+03 1.37825966e+01
 -1.35484561e+01 2.10188678e-01 -1.61852088e+00 -2.65500820e-02 -1.00951473e+04 1.34897266e+01
 -3.61947289e+00 -7.67655533e-01 1.21290455e+00 1.69970804e-01 -3.04195482e+04 1.36402947e+01
 -1.60026790e+01 -4.88171898e-01 -1.64140564e+00 -1.01585091e+00 -8.49454591e+03 1.34830892e+01
 -2.01056348e+01 3.11875922e-01 2.50942704e+00 -1.13190625e+00 -1.46959396e+04 1.34254113e+01
 -1.79042397e+01 2.27668145e-02 5.27578248e-01 1.15264407e-01 1.15409617e+04 1.34545611e+01
 -2.32163750e+01 2.65208483e-01 -6.01356512e-01 -6.05571490e-01 -5.64323628e+03 1.33969328e+01
 -6.83935838e+00 -8.05295386e-02 -2.16738463e+00 3.84072807e-01 1.18034112e+04 1.36112651e+01
 -5.22408434e+00 6.15380563e-01 1.54246419e+00 7.66298057e-01 1.79827537e+04 1.36156516e+01
 8.44756431e+00 2.66507744e-02 1.00612923e+00 -9.70288495e-02 -7.27484436e+03 1.37935592e+01
 -2.69468206e+01 -3.95751624e-02 -3.29731896e-01 1.33253432e-01 -3.69459069e+03 1.33248893e+01
 7.51069415e+00 -2.83666162e-01 1.85051175e+00 -3.81331531e-01 8.09764753e+03 1.38232678e+01
 -1.04568853e+01 -3.10968425e-01 8.27844567e-01 -2.50445416e-01 1.81192215e+04 1.35584345e+01
 4.22566735e+01 -1.04474222e-01 -9.26178670e-02 -4.05461658e-01 -5.07156642e+04 1.42367318e+01
 -9.98550351e+00 1.91127435e-01 3.14009533e-01 -8.00377949e-02 -1.81691721e+04 1.35647434e+01
 2.89506810e+01 -3.16573753e-01 1.84387894e-01 9.01845308e-02 -7.15211637e+03 1.41179383e+01
 -8.48455194e-01 3.66872265e-01 1.28052209e+00 -1.15075674e-02 3.24530986e+04 1.36765726e+01
 -7.23517883e+00 2.76990799e-01 -1.10106110e+00 -2.24211390e-01 2.65084377e+04 1.36191085e+01
 -2.95026780e+01 -2.53724823e-01 1.30184502e+00 -3.94612136e-01 -1.59499798e+04 1.32977182e+01
 2.05368464e+00 -3.58623018e-01 2.60246469e-01 -5.06371247e-03 -8.85439372e+03 1.37264555e+01
 -2.27486325e+01 1.80847649e-01 1.11473740e+00 2.84150458e-01 1.15885458e+04 1.33789383e+01
 1.51890470e+01 8.40610569e-01 -4.71622910e-01 2.97899335e-01 3.34164586e+03 1.39124644e+01
 1.26223752e+01 -1.57064607e-01 5.83073857e-01 1.28837594e-01 -2.53329829e+03 1.38782176e+01
 4.27160854e+00 1.32818428e-01 3.77476853e+00 -2.70143176e-01 -3.18650238e+04 1.37703313e+01
 -7.42979946e+00 -6.98477178e-01 1.03624506e+00 2.94986637e-01 -1.60443231e+04 1.35912920e+01
 -1.95268229e+01 -5.36537080e-01 4.00821486e-01 1.66012609e-01 -7.40892425e+03 1.34429106e+01
 -1.21317751e+01 6.07237844e-01 6.36162846e-01 -2.80949737e-01 -3.63847423e+04 1.35281624e+01
 1.13858055e+01 3.64302760e-02 9.28894385e-01 3.24122572e-01 -7.90870161e+03 1.38643414e+01
 -1.06313722e+01 -5.90162196e-01 -1.37474106e+00 -1.33642322e+00 3.66724876e+04 1.35667851e+01
 -1.71375702e+01 7.34725246e-01 -8.20494918e-02 -1.42387573e-01 1.81374815e+04 1.34681412e+01
 -4.39614290e+00 -8.64002227e-01 -8.36563380e-01 1.39156316e-01 1.66694905e+04 1.36031493e+01
 9.45493909e+00 -1.68375394e-01 4.81707609e-01 -1.79909556e-01 1.93796893e+03 1.38267613e+01
 -3.30768031e+01 -3.42322698e-01 1.84819717e+00 2.40230311e-01 -3.97871679e+03 1.32435721e+01
 3.17751871e+01 9.70314778e-02 -9.36072955e-01 -5.37819865e-01 -1.44790949e+04 1.41202689e+01
 -1.45754291e+00 -2.17895024e-01 -6.34310433e-01 4.38644378e-01 -1.82516107e+04 1.36881486e+01
 6.85617328e+00 -2.04051325e-01 8.58535769e-01 -3.32588925e-01 -1.15182906e+04 1.38038751e+01
 1.67403717e+01 2.89701041e-01 8.04873744e-01 -1.65018942e-03 6.39859151e+03 1.39327209e+01
 8.71312881e+00 -3.44316409e-01 -1.81435234e+00 1.33399377e-01 6.07470877e+03 1.38111620e+01
 5.30749306e+00 7.57810258e-01 1.50570113e-01 -4.28488835e-01 -3.25085273e+03 1.37659746e+01
 -8.24724039e+00 -1.29083593e-02 8.82812760e-01 -1.77118568e-02 2.19056893e+04 1.35968161e+01
 9.70849412e+00 2.38936139e-01 -5.67364450e-01 -6.50559558e-01 -3.90311706e+04 1.38321407e+01
 -1.82024320e+00 -7.11774917e-01 2.56973066e-01 -6.75958967e-01 2.97939383e+04 1.36826377e+01
 -2.21636047e+01 3.44836596e-01 1.81921908e-01 -3.58798516e-01 -1.74433944e+03 1.33997230e+01
 -2.41104187e+01 8.88042921e-01 -1.53333359e+00 5.18985300e-02 1.41671094e+04 1.33668722e+01
 1.15625061e+01 3.09845208e-01 -1.65323226e+00 1.01062895e-01 9.18968157e+03 1.38536928e+01
 3.33425421e+01 5.60696697e-01 -1.80037685e+00 7.12279314e-01 -1.52530099e+04 1.41490547e+01
 -4.63484036e+00 3.63637939e-01 -2.33242875e-01 -8.43063898e-02 -3.32555463e+04 1.36351920e+01
 -7.82730499e-01 -7.39872953e-01 1.87280028e+00 -4.20894313e-01 1.87488958e+02 1.37032296e+01
 -1.33521899e+01 2.65909229e-01 1.02269617e+00 3.75271848e-01 5.39392699e+03 1.35328338e+01
 -8.88639596e+00 5.14334047e-01 3.26646850e+00 3.05109745e-01 -2.82357980e+02 1.35701160e+01
 1.98472526e+00 3.79265585e-01 2.31885946e-01 -1.21584008e+00 -3.95640687e+04 1.37332839e+01
 -1.03593518e+01 -1.69347081e-01 -1.85105545e+00 1.71469222e-01 7.76699103e+03 1.35462585e+01
 -1.86647968e+01 1.20168708e+00 1.20211691e-01 9.16030553e-02 2.23432307e+03 1.34502769e+01
 -2.49764361e+01 1.26763099e-01 -4.84052425e-01 -3.08598487e-01 -5.65417324e+03 1.33643192e+01
 -9.94042691e+00 -1.50914078e-01 -2.34695492e-01 1.31868564e+00 -3.06155955e+02 1.35698716e+01
 -6.71908446e+00 -3.32349473e-01 6.99680361e-01 1.88892423e-01 2.75395076e+04 1.35911771e+01
 -2.00448868e+01 -1.89722918e-01 -9.32202370e-01 5.56849613e-01 1.78001051e+03 1.34205833e+01
 -6.49570174e+00 7.27138739e-01 -6.76369884e-01 -3.55700410e-01 3.93310904e+03 1.36176698e+01
 -1.01010026e+00 -6.06064990e-01 2.70125774e+00 4.57150744e-02 -1.61012353e+04 1.36565784e+01
 -6.49228860e+00 -3.43380814e-01 -9.10100123e-01 -4.80666128e-01 -9.59812499e+03 1.35989592e+01
 1.50113196e+01 -1.87948666e-01 -1.22298324e+00 -9.92942172e-02 1.91919457e+04 1.39112169e+01
 -7.25893384e+00 1.73347926e-01 -1.44306990e+00 9.56048930e-01 1.23505048e+04 1.35995810e+01
 5.36213907e+00 -1.17799484e+00 -1.13113357e+00 3.13214330e-01 1.30152981e+04 1.37765770e+01
 -1.30228747e+01 2.04558532e-01 -1.52945420e-01 2.34939081e-01 -9.67888032e+03 1.35165937e+01
 -2.19985563e+00 7.76542812e-02 4.28521649e-01 1.41753379e-01 -1.14890769e+04 1.36754794e+01
 9.22455925e+00 -7.79737551e-01 1.31898396e+00 3.82184323e-01 -3.88548720e+04 1.38000531e+01
 1.11380310e+01 -7.36172430e-01 -1.74389571e+00 -1.12475184e+00 2.94800170e+04 1.38577319e+01
 9.83738351e+00 7.50870339e-01 1.67888107e+00 -2.15427185e-01 8.48439979e+03 1.38534246e+01
 -1.72565077e+01 -1.90723478e-01 -3.12659311e+00 -4.12581008e-01 -3.78917117e+04 1.34650026e+01
 -5.60050723e+00 7.74622886e-01 1.00392748e+00 -6.72729383e-02 -1.83709317e+04 1.36212320e+01
 -8.05605168e+00 -3.35468007e-02 -1.37152529e+00 4.06922878e-01 1.73767027e+04 1.36161004e+01
 1.55528638e+01 -8.72747683e-03 -1.25978124e+00 1.95564807e-01 4.05318323e+04 1.39234861e+01
 2.14276702e+00 -1.30629983e-01 1.26409686e-01 5.60855992e-01 -1.83527475e+04 1.37234217e+01
 3.21540584e+01 -1.63011184e-01 -3.64429762e-02 6.65967249e-02 -4.42271648e+03 1.41216195e+01
 -5.38712252e+00 -6.69136351e-01 3.05976193e+00 -1.39064189e-01 1.84089568e+03 1.36341703e+01
 7.12502313e+00 -3.38447976e-01 2.47928094e-01 1.79699476e-02 2.68365978e+04 1.37835056e+01
 1.05687846e+01 -1.14399477e+00 5.18316359e-02 -1.30391587e-02 -1.89592813e+04 1.38534351e+01
 -8.47017640e+00 -1.14375451e-01 1.16902627e-02 9.97487215e-02 1.14706045e+04 1.35834815e+01
 -1.19142885e+01 1.42364103e-01 4.54912507e-01 9.67069677e-02 -9.12655486e+03 1.35572294e+01
 6.53639471e+00 1.03318342e-02 1.60779946e-01 -1.24492613e-01 3.89069563e+03 1.37879472e+01
 4.53344368e+00 -6.33237201e-01 -1.16427932e+00 -3.81283400e-01 -3.65272834e+03 1.37853203e+01
 -8.04526299e-01 2.96676539e-01 1.32589672e+00 8.72265899e-01 -4.16523366e+03 1.37144915e+01
 -4.89477413e+00 -8.04825233e-01 -9.65078975e-01 -4.98098519e-01 4.55940627e+03 1.36450020e+01
 2.32479071e+01 6.05333691e-01 1.60616344e+00 5.18025754e-01 -1.28769202e+04 1.40175330e+01
 1.82935551e+01 3.08941041e-01 -5.80135637e-01 2.45210234e-01 2.03702086e+03 1.39552759e+01
 -2.19437518e+01 -2.68515952e-01 -3.81627816e-02 -3.63279406e-01 1.82200068e+04 1.33892528e+01
 1.24534849e+01 -6.58388837e-01 -2.40780320e-01 -3.59876952e-01 -3.75251990e+03 1.38543841e+01
 -2.39090089e+01 4.28142138e-01 2.48116773e-01 -1.99996752e-02 -8.09702363e+02 1.33835486e+01
 2.84444695e+00 -1.36095047e+00 -3.93547264e-01 3.06734359e-01 1.25235903e+04 1.37551901e+01
 1.20159891e+01 1.32077559e+00 8.81800791e-01 2.53682836e-01 -2.42928856e+04 1.38651615e+01
 -2.30388987e+01 6.84255688e-01 -9.04617592e-01 -3.77441219e-01 2.92965162e+03 1.34021923e+01
 -3.28642522e+00 -2.95327076e-01 -6.65894622e-01 -8.30458012e-01 1.02769334e+04 1.36738570e+01
 -7.08598457e+00 -8.37776674e-03 -3.70096702e-01 2.26731273e-01 1.56469369e+04 1.35758429e+01
 -1.22909270e+01 -1.64747853e-01 6.79091892e-01 7.28178937e-01 1.30584397e+04 1.34988957e+01
 -1.37225603e+00 -4.79845616e-01 -7.58063808e-01 -6.77601902e-01 1.11460462e+03 1.36719462e+01
 -4.54796057e+00 -5.68247831e-01 1.63694221e-01 7.69886102e-01 3.18169563e+04 1.36541130e+01
 -4.85838061e+00 -1.15551144e-01 -1.36238472e+00 3.76653252e-01 -8.08621348e+02 1.36264984e+01
 -1.37259622e+01 -2.77589167e-01 5.42036511e-01 5.61441890e-02 1.81283557e+04 1.35123201e+01
 8.48008335e+00 3.03358019e-01 -5.93230643e-01 5.52873984e-01 -2.04382706e+04 1.38258144e+01
 -2.06601583e-01 1.54409562e-01 5.33851424e-01 5.48009707e-01 -1.16731878e+04 1.36994650e+01
 2.35972214e+01 -8.92807258e-01 1.22775643e+00 3.70529980e-01 -1.67529997e+04 1.40360104e+01
 5.59918706e+00 8.26953686e-02 -1.07009913e+00 -4.40579159e-01 -1.27370322e+04 1.37669080e+01
 1.33511582e+01 8.13269788e-01 -1.86670462e-01 5.90464280e-01 -1.50437865e+04 1.38705111e+01
 9.11720266e+00 3.62875276e-01 1.52003501e+00 3.91341016e-01 -2.32606750e+04 1.38240575e+01
 -2.60454071e+01 -1.82543118e-01 -3.15785084e-01 -1.20310926e-01 -3.53653334e+03 1.33435785e+01
 5.55844343e-02 -1.67597722e-01 -9.34416921e-01 -2.53908374e-03 1.40746032e+04 1.37184103e+01
 -1.38039636e+01 -6.73475990e-01 -9.59459893e-01 -2.44624757e-01 1.59766006e+04 1.35129427e+01
 -6.94197589e+00 -2.07384960e-01 -8.44691854e-01 2.98668711e-01 -1.19660430e+03 1.35946638e+01
 3.56274217e+00 3.01954288e-01 -7.33267688e-01 -1.26606415e-01 -8.55820403e+03 1.37671590e+01
 -4.47926153e+00 -7.67398852e-01 -5.53511260e-01 4.87605934e-01 1.46487153e+03 1.36709509e+01
 -1.95228603e+01 -1.64137062e-01 7.42499300e-01 2.41202801e-01 -4.62411791e+04 1.34322197e+01
 -1.05426778e+01 1.44701750e+00 8.60280707e-01 -5.27433792e-01 4.39480613e+02 1.35587308e+01
 7.86378502e+00 -3.05803459e-02 7.86341496e-01 -2.94882850e-01 -5.81189793e+03 1.38155632e+01
 -7.87968954e+00 6.08376734e-01 -6.08939560e-01 -1.31456044e+00 -1.18700760e+04 1.35994034e+01
 -1.01438760e+01 -1.72529805e-01 -2.77221519e-01 -2.98519522e-01 -4.17188689e+03 1.35525119e+01
 -9.58234274e+00 -4.38933622e-01 6.08655624e-01 1.66265203e-01 1.81163069e+04 1.35622139e+01
 -4.58986368e+00 7.87455810e-01 1.34602508e-01 -6.08718986e-01 4.06514124e+03 1.36316639e+01
 -3.17189570e+00 9.88930344e-01 7.62980944e-01 7.61766169e-02 -3.01454910e+04 1.36447755e+01
 3.62764059e-01 2.70666216e-01 5.80304890e-01 -5.02834704e-01 1.57946649e+04 1.36905994e+01
 -1.33138607e-01 6.71240071e-01 -1.39033146e+00 -5.42000658e-01 5.45121142e+03 1.37085397e+01
 -1.73000545e+01 8.68206423e-01 5.35113298e-01 3.33708854e-01 -2.75652145e+04 1.34628785e+01
 2.12965039e+01 5.31159636e-01 5.78454877e-01 3.53041682e-02 -4.48917739e+03 1.39781709e+01
 4.41571771e-02 -7.22309573e-01 -1.96631193e+00 2.26035598e-01 -1.15293203e+04 1.36978588e+01
 -1.42745310e+00 -3.70464881e-01 -1.17379115e+00 -4.43308124e-01 2.98283744e+03 1.36809716e+01
 1.51755268e+01 -1.24862045e-01 3.12791460e-01 4.67245096e-01 1.34500717e+04 1.39271765e+01
 -1.02977719e+01 -1.61561037e-01 1.50462915e+00 -1.46251230e-01 9.75285569e+02 1.35686513e+01
 3.16732331e+01 -2.96334866e-01 1.53269375e+00 -1.74697038e-01 -6.36365377e+02 1.41153595e+01
 -1.97843570e+01 -7.80798682e-01 -1.33343375e+00 -6.47963687e-02 1.73728859e+04 1.34407571e+01
 5.11312673e-01 1.26504477e+00 -8.38699714e-01 -6.70358786e-02 1.39175757e+04 1.37168993e+01
 -4.66455061e+00 -6.19765719e-01 2.23961896e-01 -7.31961837e-01 1.26049508e+04 1.36627086e+01
 -1.13982083e+00 4.37163435e-01 2.44164331e+00 3.63980647e-01 6.66502558e+03 1.37053983e+01
 -2.54068635e+00 -6.42647593e-02 9.03654638e-01 -2.23365957e-01 1.06793966e+04 1.36805328e+01
 2.37877154e+01 6.34492203e-01 2.29142579e+00 1.19632248e+00 -2.14707130e+03 1.40283883e+01
 3.88683152e+00 1.17272414e-01 7.95225608e-01 4.41188905e-01 -3.96577375e+03 1.37815754e+01
 6.02878780e+00 -3.16041168e-02 1.47880100e+00 4.20210980e-02 -3.63759305e+03 1.37821790e+01
 1.86815360e+01 5.45780011e-01 -2.07469891e+00 5.77948652e-03 -1.30045826e+04 1.39580631e+01
 2.71888246e-01 4.36392407e-01 2.90627834e-01 -2.14764800e-01 -1.86775238e+04 1.37020687e+01
 -3.47273759e+00 -6.07768707e-01 -1.48603492e+00 6.12473121e-01 -3.64883165e+03 1.36480756e+01
 -7.31714113e+00 5.86157639e-01 -1.84361480e+00 5.59269655e-01 1.49635933e+04 1.36092269e+01
 -2.02810254e+01 3.17898056e-01 -1.65619477e+00 -1.52449153e-01 2.90676636e+04 1.34039964e+01
 -4.50063122e+01 1.54502644e-01 1.01402283e+00 1.58652965e-01 -7.90631236e+03 1.30810368e+01
 9.74279367e+00 -9.39806090e-01 -6.30238714e-01 2.22209903e-02 -1.54350130e+04 1.38130977e+01
 2.80003336e+00 -6.02643420e-01 9.32075795e-01 -2.43055365e-01 1.55258581e+04 1.37078690e+01
 9.24290935e+00 -1.36660314e-01 -1.19046406e+00 -1.82384322e-01 1.70005311e+04 1.38252906e+01
 1.35937059e+00 -5.49655578e-02 2.68526717e+00 -5.78530522e-01 2.86913681e+04 1.37396643e+01
 -1.99237581e+01 2.15456429e-01 -1.65407339e-01 -1.28465590e-02 -6.51215595e+03 1.34263591e+01
 5.86745263e+00 -2.37829858e-01 -8.83770042e-01 -2.15122491e-01 1.99960327e+04 1.37683587e+01
 -2.72276862e+00 -2.16763464e-01 5.78664251e-01 -5.88951405e-01 1.59582015e+04 1.36639318e+01
 -1.26223885e+01 -8.64733177e-01 -2.06592314e+00 1.29672617e-01 -2.56018962e+04 1.35428060e+01
 -3.79768490e-01 1.56947904e-01 -8.80343360e-01 -7.93048892e-01 1.75042843e+04 1.37169785e+01
 -1.61153498e+01 1.04747073e+00 -9.66046511e-01 7.81588401e-01 -2.93272168e+03 1.34885604e+01
 9.94929725e+00 -2.66660389e-01 6.01253335e-02 -6.66918311e-01 3.09963207e+04 1.38327693e+01
 -2.70513043e+00 5.88261456e-01 7.00298506e-01 -2.93895000e-01 3.31680247e+03 1.36713415e+01
 1.01530528e+01 -2.93093661e-01 6.22520141e-01 4.02120488e-01 -1.76465323e+04 1.38623572e+01
 -8.86337248e+00 -2.31803867e-01 -1.62418066e+00 -1.04200779e+00 -4.09566807e+03 1.35767666e+01
 -1.63615817e+01 -7.63944441e-01 -7.26852430e-01 3.66465107e-01 -2.25674397e+04 1.34541320e+01
 2.33121311e+01 3.57869067e-01 -2.07568096e-01 -1.23537096e+00 -2.18270100e+04 1.40166779e+01
 -1.82660940e+01 -1.00151262e+00 -4.12565159e-01 -2.92846186e-01 -8.89827307e+03 1.34591689e+01
 -1.57376868e+01 -4.48035946e-01 -1.16028605e+00 2.76078739e-01 -1.00424139e+02 1.34828925e+01
 1.05301313e+01 -5.99199446e-01 -4.47728673e-01 7.70352368e-01 -7.93667497e+03 1.38499300e+01
 -2.06663126e+01 -4.13817946e-01 -1.29318758e+00 -1.00516803e-01 -1.69839590e+04 1.34020051e+01
 1.44210190e+01 5.10369948e-01 -3.53604334e-01 1.61059440e-01 8.12438703e+03 1.38826749e+01
 2.05227143e+01 8.86498275e-02 5.32600955e-01 -1.26039946e-01 -1.16843585e+04 1.39581781e+01
 8.00596201e+00 2.99699000e-01 5.94351686e-01 5.85965282e-01 5.70684945e+03 1.38131448e+01
 -2.07049341e+00 2.82693621e-01 -2.67203978e-01 -1.80670931e-01 2.12065365e+04 1.36791582e+01
 4.01978284e+00 -2.43225872e-01 8.39104061e-01 1.16686595e-01 -1.77619697e+03 1.37525715e+01
 -1.34352594e+01 7.87044532e-01 -1.76329178e+00 -7.00447573e-01 1.93601819e+04 1.35293240e+01
 -5.65838185e+00 -1.90093087e-02 1.39449768e-01 6.78573541e-01 6.39310681e+04 1.36290714e+01
 -1.92046273e+01 6.18692740e-01 -1.07243099e+00 1.84587419e-01 3.67426250e+03 1.34577271e+01
 7.11190764e+00 7.68234371e-01 6.64953859e-02 6.00351492e-01 2.09517628e+04 1.38070273e+01
 -2.61250633e+00 1.07220720e+00 -6.48890320e-01 6.54501183e-01 -4.19511910e+04 1.36660841e+01
 -5.73257459e+00 2.90272684e-01 -8.65684060e-01 -4.89304512e-01 -4.86053963e+03 1.36203160e+01
 -1.09619370e+01 -4.92964150e-01 3.05262176e-01 4.91414610e-01 -4.58885035e+03 1.35659780e+01
 -8.71674252e+00 5.75367247e-01 -6.11475288e-01 6.73622790e-01 2.41947607e+04 1.35632824e+01
 -1.55592047e+01 -9.74945595e-02 -8.31852685e-01 -4.08403764e-01 -1.87010173e+04 1.34599756e+01
 4.49523382e+00 2.62705473e-01 -2.13722946e-02 4.59016715e-01 -1.21227985e+04 1.37838443e+01
 -8.72298867e+00 2.28059035e-01 -1.24955659e+00 -9.08098804e-02 2.84893791e+04 1.35725729e+01
 -1.03583678e+01 2.44218066e-01 -7.82003726e-01 -5.25331412e-01 -3.72900681e+03 1.35784570e+01
 1.28670680e+00 -2.42427870e-01 -4.50342846e-01 7.55852507e-01 1.28945427e+03 1.37367556e+01
 -1.07082796e+01 9.19664446e-01 -7.98982395e-01 -4.90024073e-01 1.30166940e+04 1.35571732e+01
 1.69579013e+01 -3.04626385e-01 2.11178736e+00 -7.22764931e-01 1.30737182e+04 1.39387177e+01
 -2.05833089e+01 -4.46506572e-01 1.99062344e+00 4.48535589e-01 3.11237030e+04 1.34188129e+01
 -5.37213348e+00 1.43597981e-01 -5.81273731e-01 3.14985443e-01 -3.06204842e+04 1.36314476e+01
 -1.45716678e+01 9.27390912e-01 -1.21561521e+00 -6.28627978e-02 1.03850231e+04 1.34923617e+01
 -9.12045037e+00 -9.92982392e-01 -8.76069461e-01 4.31027787e-01 2.04655608e+03 1.35628783e+01
 -2.42499699e+01 3.37953843e-02 -9.34753167e-02 -9.57811032e-01 5.36733835e+04 1.33654970e+01
 1.10106747e+01 -4.57519859e-01 -1.23250839e+00 1.13588891e-01 -7.61760287e+03 1.38627093e+01
 9.79409498e+00 1.10974888e-01 -4.80158673e-01 -2.29320615e-01 -1.35270957e+03 1.38264979e+01
 4.00649329e+00 3.06029764e-01 4.56315499e-01 1.73887519e-01 6.20995784e+03 1.37515421e+01
 -1.22165329e+01 4.32685085e-01 -1.54178829e-01 -3.02343070e-01 -6.35787925e+03 1.35095515e+01
 1.84964042e+01 -1.34121286e+00 -1.08675100e+00 -2.39054419e-01 2.12309626e+04 1.39501160e+01
 9.38410238e+00 8.17910659e-01 -2.37403265e+00 3.39646456e-01 -2.07239410e+04 1.38195136e+01
 -7.23574602e+00 7.82880121e-02 1.00516164e+00 -2.84995923e-01 2.67100934e+04 1.35991129e+01
 2.36127805e+01 -6.34210702e-01 -2.16415131e+00 -3.88042343e-01 3.65471816e+04 1.40092034e+01
 -3.42955177e+00 -6.57148041e-01 1.40004385e+00 6.04674615e-02 4.14431064e+03 1.36445362e+01
 5.82674761e+00 8.84514478e-01 -1.38418300e+00 -3.59864631e-01 1.13244686e+04 1.37987391e+01
 -1.19614897e+00 -9.35830990e-01 7.10848838e-01 6.41709923e-01 -3.04947669e+04 1.36773261e+01
 9.58915354e+00 4.28964181e-02 -9.16016548e-01 3.90223975e-02 -1.03612462e+04 1.38263316e+01
 2.28457748e+00 6.79034186e-01 -4.35762837e-01 -4.47792295e-01 -1.96936257e+04 1.37408332e+01
 -8.47385525e+00 -8.49884402e-02 2.13777119e+00 -5.09407509e-01 -7.20229759e+03 1.35803436e+01
 1.19057211e+01 2.30064125e-01 3.90352504e-02 -3.65164691e-01 2.34803401e+04 1.38778040e+01
 -6.25408526e+00 -8.34352139e-01 7.26120226e-01 -1.14475289e-03 4.48753933e+04 1.35866251e+01
 -2.81472996e+01 -3.80003805e-01 8.74464121e-02 8.63485836e-01 -4.32970816e+03 1.33151028e+01
 -1.80355048e+01 -3.03472354e-01 1.68149615e-01 -4.33584125e-01 9.58990066e+03 1.34619909e+01
 2.20194081e+01 -2.20408101e-01 9.37979481e-01 -1.84168247e-01 -8.56931881e+02 1.40082968e+01
 7.63933916e+00 6.71295066e-01 -5.93555580e-02 4.20814015e-02 -6.30718671e+03 1.38068343e+01
 9.97580141e+00 -7.85852967e-01 1.65851648e+00 1.29330696e-01 -1.30471032e+03 1.38365094e+01
 -6.24578552e-01 2.46924586e-01 -7.27115893e-01 3.21019035e-01 4.50164913e+03 1.37028463e+01
 5.94662782e+00 6.45613215e-01 4.50336409e-01 -2.68702816e-02 2.46615250e+04 1.37774990e+01
 -1.97540219e+01 -4.00206186e-01 3.04562750e-02 2.51286762e-01 -8.91211470e+03 1.34339263e+01
 2.82762680e+01 -1.05244036e+00 8.19985882e-01 -1.20881345e+00 -3.57881614e+04 1.40748903e+01
 3.82471661e+00 2.36857367e-01 1.73192994e+00 8.63036083e-02 1.55983461e+04 1.37681265e+01
 -1.46316634e+01 3.88078812e-01 -8.35054648e-01 4.76796822e-01 2.32939949e+04 1.35076728e+01
 -1.02636993e+01 -3.64188426e-01 -1.26131084e-03 -3.68534872e-02 -1.41685221e+04 1.35731641e+01
 1.42409776e+01 7.96391020e-01 1.28465378e+00 -5.02901761e-01 1.08858010e+04 1.39127664e+01
 -8.56954296e+00 -2.86547950e-01 2.05403661e+00 1.11741588e-01 4.19114516e+04 1.35965428e+01
 -9.70063936e+00 -1.63063483e-01 3.62021616e-01 4.18275473e-01 -6.43472583e+02 1.35497788e+01
 -4.40545982e+00 -1.00562274e+00 -9.58867741e-01 3.07261768e-01 -3.69007575e+04 1.36479647e+01
 -2.39679906e+01 1.18213085e+00 -1.46358063e+00 5.90729119e-01 -2.03030178e+04 1.33832926e+01
 7.45991402e+00 1.28594985e-01 1.93245139e+00 -2.76752819e-02 -1.63596002e+04 1.37857510e+01
 -6.07630975e-01 1.68259627e-01 4.04158872e-01 -2.46513173e-01 -5.35016688e+03 1.36961073e+01
 8.74133706e+00 -2.33982365e-01 5.48151365e-01 1.06739872e+00 -1.82629169e+04 1.38031596e+01
 -1.13619552e+01 -3.93384296e-01 8.81250180e-01 4.57911636e-01 1.04763395e+04 1.35582122e+01
 1.15955174e+01 1.60710588e-01 1.15233603e+00 -7.02407226e-01 7.10515588e+03 1.38355339e+01
 5.63156434e-01 -6.75024914e-01 1.21206045e+00 -5.06505715e-01 -1.38898161e+04 1.37092733e+01
 -7.36256972e+00 9.55605439e-01 -2.88620279e+00 -1.46610821e-01 -6.15695017e+03 1.35994768e+01
 -1.25247083e+01 1.13447026e+00 -1.42811395e+00 -5.23319362e-01 4.40222471e+03 1.35031230e+01
 -3.92267814e+01 -2.23157360e-01 -1.89534950e-01 7.77594319e-01 -8.19898160e+03 1.31478399e+01
 8.10665997e+00 9.75572530e-01 -1.04682111e-01 2.28615346e-01 -1.23442248e+04 1.38364615e+01
 -6.22508949e+00 4.77121559e-01 -4.59309227e-01 3.71897111e-01 -6.93785977e+04 1.36026937e+01
 4.61726685e+00 -5.26360921e-01 -1.61609498e+00 4.75218986e-01 -1.42529564e+04 1.37566991e+01
 -1.73542977e+01 1.75327817e+00 -1.71463189e+00 -7.69746128e-02 -3.30116122e+04 1.34751987e+01
 3.99155860e+00 -9.93840086e-01 -3.27521201e-01 5.75323501e-01 -2.30776834e+04 1.37431426e+01
 1.43472142e+01 5.89414385e-01 9.96501765e-01 4.80529903e-01 -1.71473107e+04 1.38851823e+01
 -7.72050185e+00 4.15707698e-01 2.37492975e+00 -3.45852304e-01 -8.52051790e+03 1.35932179e+01
 1.27831226e+01 9.45848277e-02 -1.13778517e+00 3.56471341e-01 -2.10651709e+04 1.38486249e+01
 -2.79474210e+01 -1.19852452e+00 1.12107703e+00 1.03844788e-01 1.82795408e+03 1.33247666e+01
 -3.85790828e+00 -2.19963604e-01 2.44593642e+00 -6.14129972e-01 -3.70181951e+03 1.36647149e+01
 -7.39584368e+00 1.66673347e-02 -6.40887059e-01 -5.49030710e-02 9.98103064e+03 1.36135793e+01
 -8.04503966e+00 -2.23452616e-01 -5.46757099e-01 -1.79824137e-01 -3.25711715e+03 1.35734006e+01
 -3.81242917e+00 8.76299664e-01 6.57039765e-01 1.00536403e-01 -1.18006145e+04 1.36450105e+01
 -5.07731344e+00 1.82389177e-01 -9.67186551e-01 7.75252762e-01 3.40676364e+04 1.36345003e+01
 1.96342115e+01 -3.46170932e-02 -7.15876745e-01 3.61169962e-01 5.35169198e+03 1.39485932e+01
 3.78808738e+00 -7.37859609e-01 -2.80452754e+00 -6.70014448e-01 2.41308613e+04 1.37679256e+01
 1.86981044e+01 -6.48099157e-01 1.95069031e-02 -2.43634860e-01 -9.27170708e+03 1.39638632e+01
 -1.52128467e+01 -3.64773427e-01 6.58673561e-01 7.94434652e-01 -1.40643586e+04 1.34848591e+01
 -3.96831394e-01 -1.06745222e+00 -1.07315715e+00 -3.16782047e-01 3.24517086e+04 1.36796407e+01
 3.46807543e+00 -6.43673788e-01 -3.84460526e-01 9.73084880e-02 6.86828594e+03 1.37697688e+01
 1.37082069e+01 2.60425602e-01 7.24452451e-01 -3.59191010e-01 -3.13870434e+04 1.38806460e+01
 -4.83243764e+00 -1.11959343e-01 -2.02915023e+00 4.13903267e-02 -8.55830079e+03 1.36432946e+01
 2.35925556e+01 -9.81938367e-02 -1.00510692e-01 7.27242490e-01 -2.67461523e+03 1.40230081e+01
 1.56884092e+01 -5.02276666e-02 1.86726858e+00 7.87376225e-01 2.98629827e+04 1.39029409e+01
 -1.33694769e+01 3.64887742e-01 -1.00334562e+00 3.01310276e-01 7.96914604e+03 1.34932051e+01
 4.72117232e+00 -1.33361614e-01 3.52900617e-01 -9.29773545e-01 -2.05568496e+04 1.37557151e+01
 8.18625792e+00 -1.10748293e-01 -2.34807157e+00 -2.22997089e-01 2.05113464e+04 1.38151182e+01
 1.37133472e+01 -1.26619619e-02 1.42050094e-01 -1.97315169e-01 1.63855104e+04 1.38803639e+01
 1.89906303e-01 2.77148622e-01 6.61904147e-01 -1.54944155e-01 2.84522591e+03 1.36958996e+01
 8.53572593e+00 6.23136962e-01 3.04708497e-01 -3.01345170e-02 -4.27445945e+03 1.38310024e+01
 1.98141025e+01 -1.86416043e-01 -8.44275323e-01 -1.51493115e-01 1.19668488e+04 1.39425981e+01
 -3.60847983e-01 2.98086003e-01 -9.29974904e-01 -3.07628552e-01 -1.20130030e+04 1.36969714e+01
 -6.49234710e+00 5.10651876e-01 -6.28794184e-01 -3.43540980e-01 2.28407082e+03 1.36179480e+01
 9.99361619e+00 -3.19307201e-01 -1.19829476e+00 -1.48895680e-01 7.00823619e+03 1.38521546e+01
 2.28883952e+01 -3.32612230e-01 1.77189727e+00 -1.52725616e-01 -1.84013575e+04 1.39984610e+01
 -3.04395505e+01 -5.48644261e-01 9.69198802e-01 -3.32805078e-01 -1.21456748e+04 1.32779047e+01
 -1.47469709e+01 -5.42478295e-01 3.21713530e-01 2.27239147e-01 -2.45683278e+04 1.34999108e+01
 -1.46907247e+01 2.56657454e-01 -1.12434288e+00 3.95859680e-01 4.42147522e+03 1.34947410e+01
 -1.40849163e+01 5.25076460e-01 1.47942275e+00 -4.53306779e-01 -1.61857153e+04 1.35165080e+01
 1.10809639e+01 3.34699724e-01 1.42258502e+00 -1.15358355e-01 1.15232406e+04 1.38302546e+01
 -4.94496985e+00 5.29033795e-01 -1.83806308e+00 -1.45284262e-01 3.68793506e+04 1.36303421e+01
 1.21027427e+01 5.14937413e-01 1.27889746e+00 -2.87432114e-01 -4.69751123e+03 1.38604096e+01
 5.33590628e+00 -3.81135256e-01 3.45519754e-01 -8.71139226e-01 -3.77228825e+03 1.37665999e+01
 -8.05909959e+00 -5.45592104e-01 -1.28520680e+00 -1.19970159e-01 -4.89218726e+03 1.35985829e+01
 -3.22737094e+01 1.20389727e+00 -4.92987712e-01 -4.51388173e-01 -1.18095885e+04 1.32431067e+01
 -6.62488495e+00 -2.23353564e-01 1.48797721e+00 -5.19835987e-01 -4.00118128e+03 1.36125628e+01
 9.21560069e+00 -5.75629185e-01 -6.39086943e-01 3.18550563e-01 1.87796340e+04 1.38276269e+01
 4.08558947e-01 6.67074288e-01 -8.30336609e-01 -5.24963073e-01 3.23082984e+03 1.37111576e+01
 -1.45369383e+01 -2.37999880e-01 -7.41255539e-01 9.93973561e-02 1.47050460e+03 1.34965547e+01
 -5.10042450e+00 9.85978060e-02 7.15996923e-01 3.43075723e-01 -1.45217566e+04 1.36248147e+01
 3.29153676e+00 -1.15797794e+00 -2.26731210e+00 -3.94983873e-01 -5.89474199e+03 1.37402093e+01
 -9.64081018e+00 2.48204796e-01 -7.07005832e-01 1.22801337e-01 -5.86652445e+03 1.35657810e+01
 -8.22396185e+00 -4.55632129e-01 2.46957390e-01 -1.61753312e-01 2.97111704e+04 1.35903253e+01
 -4.83914239e+00 2.79205365e-01 -6.03895508e-01 2.33929559e-01 -5.63439857e+03 1.36427710e+01
 -1.10156976e+01 -5.89913655e-01 -4.85792318e-01 -2.71805010e-02 -2.11570433e+03 1.35594193e+01
 -1.16219591e+01 -1.72136491e-01 8.36687979e-01 6.31492707e-01 1.91087349e+04 1.35542516e+01
 1.58949060e+01 5.58397815e-01 -3.81555002e-01 -5.10480595e-01 4.50571915e+03 1.39203833e+01
 9.53412678e+00 1.14077763e+00 1.23357723e-01 -1.15525791e-01 -2.00864167e+04 1.38181034e+01
 -1.30170102e+00 2.71123734e-01 1.36981899e+00 -3.48975112e-02 -5.52942763e+04 1.36973641e+01
 -1.05461576e+01 -3.60949096e-01 -1.02962457e+00 4.48844973e-01 -9.94753342e+03 1.35484394e+01
 -2.42307586e+00 -1.88683350e-01 1.14764449e+00 2.04692604e-01 8.71235072e+03 1.36671779e+01
 -6.03205604e+00 -2.56638927e-01 -1.02363272e-02 3.14413575e-01 1.41314283e+04 1.35990305e+01
 4.38546954e+00 -4.76684002e-01 -1.85123694e-02 -2.63939132e-01 -2.43369126e+04 1.37506833e+01
 4.66437412e+00 -6.34158668e-01 1.45675667e+00 -7.71886938e-01 -2.26272829e+03 1.37479575e+01
 1.47722936e+01 -1.22523117e+00 -6.57795342e-02 2.87922095e-01 -8.37095893e+03 1.38971500e+01
 4.15618426e+00 2.50879150e-01 2.18959891e-02 -1.89222799e-01 1.24392166e+04 1.37522064e+01
 -1.58678140e+01 -3.41768882e-01 1.49872507e+00 4.25553308e-01 -8.96654971e+02 1.34840765e+01
 7.01650910e+00 5.44331255e-01 1.21899681e-01 -7.57785943e-02 2.03307969e+04 1.37773110e+01
 4.17359088e+00 6.05699497e-01 -1.21583902e+00 1.16032932e-01 -1.33454243e+04 1.37689585e+01
 1.20420840e+01 -9.70824115e-01 7.59541727e-01 7.48208903e-02 2.01177850e+04 1.38860384e+01
 -1.99034927e+01 -9.21971511e-01 2.61661993e-01 -6.69097973e-01 -6.44264730e+03 1.34202526e+01
 -1.23877047e+00 -5.57576477e-01 -6.11676258e-01 -8.30778893e-02 -8.44930348e+03 1.36906812e+01
 -9.28020516e+00 2.46780146e-01 -1.14863076e+00 1.11063883e-02 2.45053304e+04 1.35584504e+01
 3.10342778e+00 2.66346419e-01 -1.36983196e+00 -4.60521725e-01 -2.06577215e+04 1.37489552e+01
 -1.68522460e+01 2.15344582e-02 1.47190928e+00 1.00158123e-01 1.73260313e+04 1.34713302e+01
 -2.00043150e+00 -4.39221653e-01 5.92482427e-02 -1.91655873e-01 -7.73465483e+03 1.36617215e+01
 -9.51493949e-01 2.28200790e-01 4.94140500e-01 -3.93574130e-01 -8.72098602e+03 1.36901852e+01
 3.30819910e+00 -3.46961553e-01 -8.18634245e-01 1.16509226e+00 2.24504747e+03 1.37380645e+01
 1.06108178e+01 1.54619636e-01 -1.22445956e+00 3.16197347e-01 -1.19604963e+04 1.38585563e+01
 -2.74025156e+01 1.53662929e-01 4.63801312e-01 -5.80094626e-01 6.77809979e+03 1.33282102e+01
 1.16223213e+01 2.06544597e-01 5.64290391e-01 -4.44940192e-01 1.38018365e+04 1.38800773e+01
 -1.26908354e+01 -1.48509667e-01 5.24577789e-01 2.30632804e-01 -1.41100923e+04 1.35218171e+01
 3.24164859e+01 -1.44433020e-02 1.67739816e+00 2.16757963e-01 1.24671618e+04 1.41269896e+01
 2.84736726e+00 1.99913674e-02 4.56979020e-01 3.04058549e-01 -1.51750843e+04 1.37416356e+01
 -2.67069283e+01 1.72855337e-01 1.20528592e-01 2.23762547e-01 3.95849924e+03 1.33327551e+01
 -1.18612466e+01 5.83985839e-01 1.13678515e+00 -4.32274231e-01 6.89662455e+02 1.35401369e+01
 -1.11645905e+01 6.77145603e-01 1.91462783e+00 -2.66037290e-01 1.49767475e+04 1.35584606e+01
 -2.32444586e+01 -1.19424122e-01 4.04417269e-02 -5.45155442e-01 -2.23206957e+04 1.33880040e+01
 -9.95938063e+00 -1.71345097e-01 -1.07261255e+00 -1.72117212e-02 1.31772030e+04 1.35506214e+01
 4.50948546e+00 -4.04055519e-01 9.01860726e-01 -4.24807671e-02 1.55257631e+04 1.37754958e+01
 4.48798997e+00 -2.32147053e-01 -2.07004105e+00 7.02777150e-01 1.29866345e+04 1.37798483e+01
 -1.57943237e+01 -3.69221551e-01 1.13121541e-01 9.15561597e-01 -2.30027252e+04 1.34941964e+01
 -1.90587706e+01 1.00964148e-01 -2.22800869e+00 1.18467549e+00 3.58242375e+04 1.34468618e+01
 8.97567886e+00 -4.47659393e-01 2.07276662e-01 -1.40233181e-01 3.47125855e+04 1.38114750e+01
 2.50216977e+00 -3.30871523e-01 -1.05202176e-01 -5.70327229e-01 -1.92676360e+04 1.37349435e+01
 4.19067960e+00 2.81529009e-01 2.25473016e+00 9.20343675e-01 2.60619980e+04 1.37643235e+01
 1.08091585e+01 -4.11602205e-01 -2.35912864e+00 1.24770281e-01 -1.72811462e+04 1.38547515e+01
 -2.20941799e+00 6.41535449e-01 -1.15765445e+00 4.49534013e-02 -1.88974546e+04 1.36793525e+01
 3.03473970e+01 -3.88459297e-01 1.42969159e+00 -2.16440802e-01 -1.40649943e+04 1.41090519e+01
 -1.63344050e+01 9.73697712e-01 2.06049396e+00 2.39485479e-01 1.98949002e+04 1.34739313e+01
 -2.25405368e+00 -7.90118584e-01 -8.64779523e-02 -2.77577869e-01 1.66085861e+04 1.36843251e+01
 -6.35920373e+00 2.76915770e-01 -7.13605138e-01 -3.17832538e-01 1.25643036e+04 1.36160674e+01
 -4.27348279e+00 2.65260555e-01 2.55488104e+00 -2.42257166e-02 4.04529977e+04 1.36426512e+01
 8.45814758e+00 -4.48602715e-01 -2.51962746e+00 3.74303027e-01 2.83051516e+04 1.38272478e+01
 3.04456234e-01 4.71620779e-01 1.72855449e+00 8.14041432e-02 9.90265560e+03 1.37100805e+01
 1.27328171e+01 -2.88119305e-01 -7.92032711e-01 5.64733570e-01 -3.82951677e+03 1.38860285e+01
 1.68604935e+00 -3.30582068e-01 -1.60839996e+00 6.51112350e-01 1.39590277e+04 1.37219042e+01
 9.05197209e+00 -8.74547484e-02 1.34605370e+00 -3.35019802e-01 1.13816060e+04 1.37997460e+01
 -2.02781142e+01 -6.25829850e-01 1.25797937e+00 2.38420136e-01 1.78680589e+04 1.34297045e+01
 2.75886617e+01 -6.15905149e-01 -9.48586355e-01 1.44056029e-01 9.54055823e+03 1.40601493e+01
 5.76186953e+00 -1.24001637e-01 4.07772992e-01 -3.67290425e-01 2.95954691e+03 1.37968845e+01
 -1.90885346e+01 -2.89802674e-01 -4.98372244e-01 -1.89340027e-01 -6.22753341e+03 1.34482835e+01
 -7.41465217e+00 2.52703897e-01 -1.57213718e-01 -4.31157998e-01 -3.51702806e+04 1.36237151e+01
 -5.31462540e-01 -1.61819792e-01 -2.02204111e+00 -1.21942699e-01 1.68717029e+03 1.36709515e+01
 -1.07653862e-01 -2.91173239e-01 -7.37669349e-01 -5.27859308e-02 -4.57779039e+03 1.37052825e+01
 3.37606249e+00 -2.01755357e-01 1.64025614e+00 1.98760896e-01 -3.88838162e+04 1.37424501e+01
 -2.19794088e-01 6.65696699e-01 -5.01922335e-01 1.01842435e+00 2.23233356e+04 1.36858166e+01
 -1.07563545e+01 4.50487704e-01 -3.09842282e-01 -5.42000537e-01 -1.86849159e+04 1.35423207e+01
 -1.03025061e+01 -6.48829605e-01 -1.76473445e+00 -4.38083191e-01 2.56448892e+04 1.35687340e+01
 6.19365016e+00 5.22955916e-02 -3.31569291e-01 -3.44763172e-01 -2.28534825e+04 1.37896954e+01
 -9.49843835e+00 -4.22364773e-01 2.62774731e+00 1.10379012e-01 1.30392395e+04 1.35763386e+01
 -1.55902578e+01 -7.39896982e-01 1.09063692e+00 1.51507822e-01 1.31122119e+04 1.34708083e+01
 1.63473376e+01 -1.24813761e-01 1.12303392e+00 -5.41709846e-01 6.74074467e+03 1.39221277e+01
 9.78232768e+00 -1.03964127e-01 -1.46475119e-02 4.13454297e-02 1.06849560e+04 1.38445776e+01
 -1.39886547e+01 2.31011786e-01 -1.43128350e+00 1.79893471e-01 3.13108079e+03 1.35031464e+01
 -5.02983589e+00 3.90991738e-01 4.12495699e-01 -4.37512965e-01 3.87869394e+03 1.36522133e+01
 -5.73951305e+00 9.65209336e-02 -2.44899501e-01 4.08311922e-01 3.10786443e+04 1.36168787e+01
 1.46806205e+01 1.40013729e-01 -1.83314772e+00 -5.61826265e-01 -1.64988900e+04 1.38986414e+01
 -4.93902093e+00 -3.66018304e-02 -1.38467839e+00 -1.37919608e-01 2.19685483e+04 1.36435392e+01
 1.32968752e+01 -4.61245376e-01 -9.61109958e-01 3.63569450e-01 -1.34572841e+04 1.38944476e+01
 1.00423550e+01 -1.89825789e-01 -3.38366474e-01 -1.50588596e-01 -6.70238117e+03 1.38242478e+01
 -1.18981631e+01 1.92160840e-01 -8.44544207e-01 -2.01380477e-01 2.91520387e+03 1.35377709e+01
 1.61365252e+01 6.11461629e-01 -1.13403208e+00 2.54002173e-02 -1.88117366e+04 1.39224590e+01
 -5.74617379e-01 -1.21636188e+00 -1.02206260e+00 -9.11146284e-02 2.95633854e+04 1.36963478e+01
 -4.04189999e-02 3.50716460e-01 -7.60917763e-01 -5.56447175e-01 -9.03132103e+03 1.36914326e+01
 -8.72309525e+00 -1.52622597e-01 -3.38122212e-01 2.19788499e-01 -5.38878594e+03 1.35786371e+01
 -3.44419041e+00 -1.14579316e-01 -2.50707356e+00 -2.35045094e-01 -6.11907114e+03 1.36645527e+01
 1.09391744e+00 1.33397065e+00 1.48444741e+00 1.01447044e+00 1.36333182e+04 1.37097804e+01
 -7.52499096e-01 1.37543358e-01 -1.44689337e-01 3.32659295e-01 -5.79668107e+03 1.36783861e+01
 2.33815225e+01 8.88440009e-01 4.79350322e-01 4.84015473e-01 9.22218063e+03 1.40273616e+01
 -2.41445527e+01 -5.43019515e-02 3.31132727e-01 -4.55639910e-01 4.98275300e+03 1.33487260e+01
 -2.04285593e+01 -1.26869214e-01 -1.98465068e+00 2.23551355e-01 9.92811422e+03 1.34512982e+01
 -2.29778799e+01 -1.39263352e-01 1.37336559e+00 8.56724766e-04 1.55024706e+03 1.33757888e+01
 4.25668871e+00 1.59359751e-01 5.12176718e-01 4.37611418e-01 -5.63998062e+03 1.37709494e+01
 5.49872818e+00 1.45257385e-01 1.17336210e+00 2.53752869e-01 -6.23563953e+03 1.37674060e+01
 -1.35595482e+01 -3.56213740e-01 7.80126594e-01 -2.61007045e-01 -9.73552093e+03 1.35157302e+01
 -1.92357215e+00 -2.91461990e-01 9.46675744e-02 1.25385135e-01 1.96711433e+04 1.36853058e+01
 7.42380758e+00 1.45209649e-02 -6.75253157e-01 2.69922650e-01 2.42581871e+04 1.38051153e+01
 1.49536003e+00 4.69173521e-01 -1.15197845e+00 -5.39035064e-02 1.51155453e+04 1.37285534e+01
 2.59931785e+01 4.16214182e-01 -1.67582219e+00 -5.46211295e-02 1.88815701e+03 1.40728361e+01
 1.52073478e+01 5.91658724e-02 -7.66202449e-01 5.83811177e-01 -1.56265598e+04 1.38870819e+01
 8.48993118e+00 -8.57418718e-01 -1.28036084e+00 1.27856751e-01 -4.01386887e+02 1.38238677e+01
 -2.56340033e-01 1.68882538e-01 2.89817291e-01 -1.92905043e-03 -3.12265093e+03 1.37020128e+01
 -2.68741331e+00 9.12310149e-01 2.02054765e+00 -8.70458809e-02 -1.96577588e+04 1.36768785e+01
 5.82800126e+00 -4.81128554e-01 3.67428665e-01 -4.81651369e-01 3.28522358e+04 1.37583396e+01
 5.82422265e-01 -5.60688743e-01 3.30784206e-01 -2.03803252e-02 -2.06147933e+04 1.36749127e+01
 1.14376983e+01 2.85455768e-01 -9.41526507e-01 4.30146775e-02 5.20211210e+02 1.38709813e+01
 -3.78652078e+00 -4.32725886e-01 6.67399756e-01 -5.33095743e-01 2.21046722e+03 1.36353303e+01
 2.82933029e+00 -3.68662247e-01 -1.12758258e+00 -5.73275321e-01 3.78889484e+04 1.37494370e+01
 -1.24024343e+01 -9.96022055e-02 1.14380026e+00 4.49517419e-01 -3.29979028e+04 1.35211684e+01
 -5.60927275e+00 4.95658113e-01 1.46472914e+00 -2.20663179e-01 1.85418343e+04 1.36247082e+01
 -1.09259915e+01 -6.57885135e-01 -1.38492395e+00 -1.83776797e-01 3.16768070e+04 1.35465121e+01
 -7.54882297e+00 8.89128124e-02 -1.22597681e+00 4.92927408e-01 -1.73120803e+04 1.35947406e+01
 1.61678427e+01 1.34478655e+00 -2.99962616e-02 2.79822513e-01 -2.25517057e+04 1.39106770e+01
 2.41288620e+00 -7.61094193e-01 3.05710553e-02 2.68782654e-01 2.75654993e+04 1.37372213e+01
 3.35856668e+00 2.84411976e-01 2.89341533e-01 2.64046228e-01 3.54468680e+04 1.37594735e+01
 -7.64296517e+00 -5.66641362e-01 -2.13117360e+00 -6.45133204e-01 1.86726234e+04 1.35676962e+01
 -1.69728726e+01 -2.45626796e-01 -7.04436973e-01 -3.39420909e-02 5.04089565e+03 1.34323832e+01
 6.13573863e+00 -8.81691336e-01 6.94313646e-01 -7.15034163e-01 1.24059102e+04 1.37861585e+01
 1.03644837e+00 1.68718641e-01 1.48980704e+00 3.51820815e-01 1.28112118e+04 1.37383359e+01
 -1.04556506e-02 1.18536926e-02 -1.14381362e+00 -1.61048408e-01 -1.15088433e+04 1.36653419e+01
 -1.18477490e+01 3.78963317e-01 -4.59207376e-01 1.50514549e-01 2.84370589e+04 1.35379355e+01
 -7.41271129e+00 -5.60533435e-01 -1.59573835e+00 2.89551122e-01 1.23990747e+04 1.36199188e+01
 7.21852158e+00 1.00159174e-01 2.20835310e+00 -5.90658772e-01 3.08416021e+04 1.37770685e+01
 -2.88963746e+01 -2.49198569e-01 -8.05112547e-01 1.12073854e-01 1.62240404e+03 1.33120073e+01
 -1.94551667e+01 -7.33908014e-02 -3.89508531e-02 6.43132819e-01 1.56179073e+04 1.34323759e+01
 5.44166642e+00 8.00123065e-01 2.22895248e+00 3.92784290e-01 8.67163292e+03 1.37815940e+01
 -9.43600857e-01 4.50524379e-01 1.43433512e+00 3.57459676e-01 -2.23684870e+04 1.36767227e+01
 -5.91258785e+00 4.72178937e-01 -2.46615641e+00 2.80082629e-01 1.05524408e+04 1.36091302e+01
 -1.02059126e+01 -4.95081817e-01 -2.84858593e-02 -6.97048578e-01 -1.46479746e+04 1.35618961e+01
 1.95727806e+01 3.94783541e-01 -1.02215179e+00 2.13106582e-01 -1.63723329e+04 1.39564953e+01
 -1.56438829e+01 8.01964261e-02 5.48681112e-01 -6.69181041e-02 -2.29150615e+04 1.34780725e+01
 1.62193846e+00 5.50589151e-01 -1.58220566e+00 1.86489445e-01 1.15374599e+04 1.37275292e+01
 -3.28036787e+01 7.76274635e-01 1.32591338e-01 -5.23824790e-01 2.86646611e+03 1.32391381e+01
 -2.14578794e+01 -3.09778833e-02 -1.35724829e-01 3.53844792e-01 -1.20452016e+04 1.34093100e+01
 2.69518758e+01 -6.24269130e-01 -6.48409971e-01 -9.17003262e-01 -2.54487648e+04 1.40524841e+01
 1.13209121e+01 -1.54238021e-01 1.41062303e+00 7.79215499e-01 1.36080226e+03 1.38675788e+01
 9.46847920e-02 -6.46939978e-02 9.62959688e-01 -3.33650310e-01 1.01378769e+04 1.36945715e+01
 1.14539836e+01 -6.12099702e-02 -2.13470949e+00 -5.85020276e-01 -1.54966402e+04 1.38395727e+01
 2.81640373e+00 -6.96718394e-01 3.09262221e-01 4.47920483e-02 -1.54158091e+04 1.37566917e+01
 -4.06536309e+00 3.93301154e-01 1.94317695e-03 2.78565487e-01 1.85330894e+03 1.36557078e+01
 1.45728846e+01 7.60058684e-01 7.28454822e-01 -7.05810010e-02 -1.70369519e+04 1.38788201e+01
 3.77137084e+01 5.71141162e-01 5.08403368e-01 -4.55811540e-01 7.36425725e+03 1.42222522e+01
 8.65446826e-01 1.24246603e-01 1.46752656e+00 -2.04410888e-01 3.90385441e+03 1.36878471e+01
 -1.71162768e+01 4.19207467e-01 2.50925821e-01 1.82515226e-01 3.15870610e+04 1.34642660e+01
 4.85503091e+00 5.41930503e-01 1.79232611e+00 -3.04706985e-01 -1.61830675e+04 1.37570563e+01
 1.74384711e+01 8.31987589e-01 1.52639924e+00 -7.20498297e-01 -2.87808437e+04 1.39184798e+01
 -2.67911165e+01 4.31176642e-01 -1.09832273e+00 -1.02447921e-01 3.72612957e+04 1.33517022e+01
 8.12890880e+00 6.20685471e-01 -8.46908874e-01 -4.08227854e-01 -2.68390042e+04 1.37929277e+01
 -1.76272903e+01 -3.79664901e-01 -2.77725900e-01 -2.50414015e-01 9.80044632e+03 1.34375165e+01
 -1.20368696e+01 4.87128041e-01 1.08217591e+00 -6.11771971e-01 -1.55847214e+04 1.35327418e+01
 2.95159197e+01 -2.45604226e-01 -6.95908448e-01 -3.41616898e-02 -1.60113969e+04 1.40931443e+01
 1.30364957e+01 2.13336784e-01 -9.84713971e-01 1.42346447e-01 1.04163579e+04 1.38949303e+01
 1.38854104e+01 -6.53788452e-01 6.53125767e-01 -6.85144744e-01 -1.21315644e+04 1.38672775e+01
 -3.84203728e+00 -4.66536559e-01 7.59016252e-01 -1.76313069e-01 -2.69861495e+02 1.36456739e+01
 1.93876457e+01 -3.41369355e-01 -2.56389465e+00 -6.05003280e-01 -9.25070687e+03 1.39767199e+01
 1.77329342e+01 -1.41691346e-02 -4.58292117e-01 9.80886189e-02 -1.05390383e+04 1.39430350e+01
 8.55856455e+00 8.38162316e-01 4.47129732e-01 1.16993709e-01 1.16103805e+04 1.38355247e+01
 -3.40029877e+00 5.29333346e-01 1.29594571e+00 9.86063372e-02 -1.73104066e+04 1.36591639e+01
 -1.42471204e+01 -6.87733629e-01 4.71961894e-01 2.07688891e-02 4.54692292e+04 1.34942670e+01
 2.03868631e+01 -6.89888393e-01 1.11003490e+00 7.27127650e-01 -1.76590855e+04 1.39641947e+01
 -1.96348565e-01 1.63257987e-01 -1.66152819e-01 7.36504404e-03 -1.82848606e+03 1.36979697e+01
 1.66522880e+01 -1.93600401e-01 1.08723594e+00 8.52010298e-01 -1.95925962e+04 1.39407664e+01
 7.14303837e+00 8.59453449e-02 1.33684239e+00 -5.72086155e-02 -9.05611976e+03 1.38265282e+01
 8.13785416e+00 7.26175903e-01 3.61989431e-01 -2.64745871e-01 -8.99744907e+03 1.38037208e+01
 -2.47527403e+01 4.23113158e-01 -1.58074636e+00 -2.32478723e-01 -2.81859083e+03 1.33744937e+01
 -8.14195824e+00 6.22444613e-01 -9.54781687e-01 4.99680852e-01 -2.97747093e+04 1.35673892e+01
 1.07090399e+00 -5.48062738e-01 6.83264295e-01 -2.66849812e-02 -3.15723990e+04 1.36947555e+01
 -1.50902168e+01 1.87718773e-01 -1.11466248e+00 7.89700188e-02 -1.82144789e+04 1.34971522e+01
 1.16559320e+01 3.53971474e-01 -1.33421792e+00 -3.06297031e-01 5.02038092e+02 1.38457432e+01
 -1.00832971e+01 7.49003922e-02 2.33160348e+00 -7.48353311e-03 -4.45413179e+03 1.35692180e+01
 -6.47807885e+00 -8.44697711e-01 -4.32141080e-01 5.05301144e-01 -2.42513468e+03 1.36081642e+01
 4.88097695e+00 1.51689660e-02 -1.09501801e+00 9.11081187e-02 -1.30751055e+04 1.37501042e+01
 -7.45381170e+00 -2.28036380e-01 8.60923561e-01 8.64743418e-01 2.41332172e+04 1.35825799e+01
 -2.18276566e+01 2.14766602e-01 6.89301655e-01 2.07616138e-02 -1.50383388e+04 1.33925966e+01
 -8.86714232e+00 -3.95777107e-01 5.79948928e-01 3.02762946e-01 1.53431532e+04 1.35707015e+01
 1.74490008e+01 7.55481193e-01 -1.45541819e+00 1.20167350e-01 -3.87121992e+04 1.39208917e+01
 -1.18896881e+01 6.48997685e-01 -6.08578648e-01 -3.93421424e-01 -2.96181682e+04 1.35410884e+01
 5.56701028e+00 1.46442122e-01 -4.19241474e-01 -2.23646981e-01 2.20409083e+04 1.37730491e+01
 -2.56987586e+00 -3.45245796e-01 9.10286689e-01 -2.62160925e-01 1.93016853e+04 1.36655533e+01
 -3.03983195e-01 -2.60675317e-01 -3.55372306e-01 4.27214880e-02 4.71558825e+02 1.36885597e+01
 1.25474208e+01 -1.10266024e+00 -3.80554794e-01 2.88281048e-01 6.43613485e+03 1.38665166e+01
 6.12192312e+00 7.99869139e-01 2.02281962e+00 4.41208979e-01 3.78107949e+04 1.37719896e+01
 -9.27736109e-01 -3.73246255e-01 1.15293857e+00 -2.84188820e-01 -2.33775040e+04 1.36919045e+01
 1.53400571e+01 -7.85511234e-01 6.71487100e-01 6.25524134e-01 6.04884488e+03 1.39097936e+01
 -1.29237695e+01 -1.89267130e-01 -8.97142377e-01 2.77498263e-01 -3.32803306e+03 1.35197311e+01
 1.98630928e+01 1.01738355e-01 1.10039903e+00 -2.82557865e-01 4.99232996e+04 1.39914268e+01
 9.53273680e+00 -6.89853314e-01 3.30095389e+00 6.57037285e-01 2.27565728e+03 1.38310153e+01
 3.13027968e+01 5.03611894e-01 -1.05285891e+00 -1.88157733e-01 2.30499412e+04 1.41162067e+01
 8.04445416e+00 -1.60792112e-02 -2.16454952e+00 9.24919511e-02 3.38941185e+04 1.37866766e+01
 1.29952849e+01 2.62331812e-01 4.83608194e-01 -1.87447285e-01 -5.06652595e+03 1.38838779e+01
 -8.97425275e+00 2.73345938e-01 -8.62949644e-01 -4.31587899e-01 2.31936782e+04 1.35727881e+01
 1.32467196e+00 -5.38997772e-01 -1.07664741e+00 5.00736313e-01 1.61649669e+03 1.37071247e+01
 -3.83345096e+01 -1.23823437e-01 2.78423044e-01 -9.59337017e-02 -1.74000993e+04 1.31687516e+01
 1.33254413e+00 7.60964292e-01 1.78006935e+00 -2.73789596e-01 -1.17649420e+04 1.37060188e+01
 2.56028334e-03 9.92252934e-01 7.42029062e-01 1.10855328e-01 2.55761372e+04 1.37129861e+01
 -1.16926834e+01 -1.68664425e-01 1.10459669e+00 1.06537149e-01 -1.57192350e+04 1.35156211e+01
 1.79208494e+00 -1.38700470e-01 3.21850404e+00 -3.12043668e-01 -2.20633138e+03 1.37326163e+01
 7.66362946e+00 -2.97954516e-01 -9.66172754e-01 -6.18137030e-01 -7.29557503e+03 1.38036166e+01
 1.21565325e+01 -7.64344566e-02 -1.10169934e-01 -2.17577841e-01 -9.25294344e+02 1.38522930e+01
 -1.35416276e+01 -7.51294725e-01 5.59560194e-01 4.37617739e-01 1.40031614e+04 1.35160699e+01
 5.49744031e+00 5.21053407e-01 -3.10369251e+00 8.36883176e-02 -2.04296497e+04 1.37854380e+01
 9.45169076e+00 2.09745659e-01 8.92199870e-02 1.18188811e-01 1.80537733e+04 1.38119312e+01
 6.43904734e-01 -2.78053075e-01 1.30220720e+00 6.91634167e-02 1.87840479e+04 1.36975768e+01
 2.06905612e+00 1.07013220e+00 8.35938764e-01 2.19492080e-03 1.49089912e+04 1.37580505e+01
 -2.20313850e+00 5.79905754e-01 2.19394201e+00 -3.46510281e-01 -1.07365382e+04 1.36747928e+01
 1.33687702e+01 8.24657471e-01 4.01407370e-01 2.11542447e-01 7.27644073e+03 1.38898519e+01
 -2.09583984e+01 -1.43304253e-01 5.63914764e-01 3.02204560e-01 -4.53032705e+02 1.34140648e+01
 -3.61544974e+00 -7.58266703e-01 6.02697160e-01 -7.35422133e-02 -1.24794130e+04 1.36595539e+01
 -9.20265636e+00 8.09306349e-02 2.38810057e+00 -4.29797077e-01 -2.65171825e+04 1.35454758e+01
 -2.72371152e+01 5.21251482e-01 -4.12349216e-01 -3.32806276e-01 9.45259619e+03 1.33095267e+01
 4.97331054e+00 -4.37456838e-01 1.38092307e+00 -1.37428144e-01 -5.80280402e+03 1.37566409e+01
 -1.28316206e+01 -9.02595057e-03 -2.39253845e+00 -2.26602626e-01 1.89072277e+04 1.35201485e+01
 1.90398315e+01 -7.97884306e-02 -1.63857871e+00 -4.80914769e-01 -3.36928869e+04 1.39605690e+01
 -7.56120894e+00 2.18743559e-01 -1.88867664e-01 -6.96844133e-01 -1.80531653e+03 1.35876344e+01
 1.57713021e+01 -2.27880395e-01 1.00693647e+00 -1.18640119e+00 -2.20214666e+02 1.39025199e+01
 1.68106538e+01 -4.04260828e-01 -8.34815388e-02 -5.05744334e-02 -8.08154358e+03 1.39585816e+01
 -1.79489204e+01 -4.15564937e-01 -5.74674484e-01 1.09470642e-01 -4.66897649e+03 1.34423280e+01
 -2.50359212e+01 -6.98869578e-01 -3.98267675e-01 2.89607999e-01 4.35292142e+03 1.33627568e+01
 -2.40083748e+01 7.25874150e-01 1.79641223e+00 3.11786419e-01 -2.28340271e+04 1.33859042e+01
 -1.50769025e+01 -1.16273524e+00 -8.09593048e-01 -2.36338596e-01 -1.29483092e+04 1.35003822e+01
 8.21940098e+00 7.56897024e-02 -2.17355266e+00 6.90131792e-01 -1.15092383e+04 1.38392642e+01
 4.06464402e+00 -5.24151415e-01 -4.06297157e-01 -2.38825872e-01 -1.20555742e+03 1.37723347e+01
 -1.65394052e+01 4.13102853e-01 -3.87131724e-01 9.08790380e-02 -7.32051535e+03 1.34750876e+01
 4.61851315e-01 9.01524943e-01 7.84050940e-02 1.15374583e-01 -1.87987707e+04 1.37051431e+01
 -3.49958230e+01 -3.22155039e-01 -3.18312645e+00 -4.21060242e-01 2.77243498e+04 1.32083800e+01
 1.41983408e+01 2.53307239e-01 -6.29742371e-01 4.32423073e-02 -3.59640917e+04 1.39066577e+01
 -3.51438257e+01 -1.73776209e-01 -7.51752492e-01 -3.74527062e-01 -5.16827602e+02 1.32047549e+01
 -2.27091933e+01 -7.41360606e-01 1.21518487e+00 -1.65959221e-01 -2.67134543e+04 1.33858534e+01
 5.09208641e+00 3.50226203e-01 -5.20029236e-01 -3.19070452e-01 3.00085729e+04 1.37663716e+01
 -2.83840201e+00 -5.47150722e-02 -1.15453276e+00 2.29831615e-01 -3.33291264e+04 1.36730621e+01
 2.73279939e+01 4.29992509e-01 2.79973463e-02 9.82024053e-02 2.15390850e+04 1.40523959e+01
 -1.59460261e+00 4.66447265e-01 3.62353609e+00 -2.45990188e-01 -2.09967231e+04 1.36822446e+01
 -1.41752447e+00 3.50156542e-02 -3.53165068e-02 -7.63733201e-02 -5.17892050e+02 1.36898701e+01
 -1.91742786e+01 -3.70593253e-02 -1.36153877e-01 -1.39493789e-01 -3.57069968e+04 1.34485518e+01
 -7.85828771e+00 -4.86341822e-01 1.31026548e+00 2.86947305e-01 -1.15000961e+04 1.36126903e+01
 1.94366254e+01 -2.39420062e-01 7.13870568e-01 -4.06558841e-01 -1.62383246e+04 1.39531692e+01
 2.10248399e+01 -1.11233374e-01 3.97088512e-01 -2.92058347e-01 3.12235800e+04 1.39781878e+01
 -2.77534427e+01 -5.91331763e-01 1.56590615e+00 7.95659093e-01 3.44666984e+04 1.33330341e+01
 6.07023630e+00 8.62383406e-02 -1.29138194e+00 4.13666224e-01 -1.80837588e+04 1.37709203e+01
 -1.75625482e+01 -6.86317302e-01 -1.51181733e+00 2.93103375e-02 -1.59943229e+04 1.34582306e+01
 4.57751516e+00 4.20183703e-01 -1.09983133e+00 -2.44877252e-01 6.76488637e+03 1.37554783e+01
 -1.14305494e+01 -4.26207150e-01 -7.96330688e-01 5.11686564e-01 -4.78642034e+03 1.35367743e+01
 -9.57075290e+00 -1.72711936e-01 2.93639272e+00 3.71895631e-02 -2.50749096e+04 1.35866817e+01
 -1.13550672e+01 -1.75965641e-01 1.26665596e+00 -1.93669434e-01 1.46435356e+04 1.35455555e+01
 -1.90797226e+01 -8.58014101e-01 1.96326156e+00 1.26416443e+00 -3.81864686e+04 1.34470277e+01
 2.05954200e-01 -9.74419300e-01 -2.13760295e-01 -4.35795866e-01 -3.57672617e+04 1.37187074e+01
 3.37290927e+01 -4.05246605e-01 4.37729188e-01 -2.57420287e-01 -8.65758131e+03 1.41548459e+01
 -1.81246980e+01 -4.66537171e-02 -9.11470886e-01 2.28447178e-01 -3.05211079e+04 1.34183362e+01
 9.90943392e+00 6.47184058e-01 -3.57276990e-01 -1.59575836e-01 5.79559521e+03 1.38425002e+01
 -5.07839951e+00 4.25819176e-01 -1.01309435e+00 9.50870998e-01 -4.32425348e+02 1.36326236e+01
 -1.70361560e+01 4.37563998e-01 -1.47587739e+00 -6.49550080e-01 5.41290734e+03 1.34665780e+01
 -4.75015560e+00 1.52219340e-01 7.07389774e-01 3.60197190e-01 -2.84423028e+04 1.36198443e+01
 -1.88277700e+01 5.15858434e-01 2.11918354e-02 1.22054162e-01 7.88617453e+03 1.34580090e+01
 -1.43310996e+01 -3.10170949e-01 -1.51515572e+00 -2.60737364e-01 -2.59481651e+04 1.34962895e+01
 7.74271713e+00 -1.26326964e-02 -1.99153126e+00 2.08503708e-01 -2.42937207e+04 1.38252075e+01
 -3.09908235e+01 1.22197599e-01 1.24996371e+00 6.28198839e-01 -2.33098097e+04 1.32592748e+01
 1.25122845e+01 -4.10658034e-01 -1.16120144e-01 -2.72291831e-01 5.54457677e+03 1.38615804e+01
 1.62405920e+01 2.45863982e-01 1.08124552e+00 -3.40430981e-01 -9.20304818e+03 1.39111037e+01
 2.61147673e+00 -4.47425069e-01 1.47697601e+00 -4.97166639e-01 3.79425519e+03 1.37364432e+01
 1.23748099e+00 7.98060899e-01 3.28700188e+00 -3.99179231e-01 1.17795609e+04 1.37422144e+01
 -2.43829730e+00 -1.30662371e+00 6.06054822e-01 -1.96412150e-01 -1.88533179e+04 1.36637321e+01
 2.93371212e+00 3.70006099e-01 -8.33589260e-01 4.41629794e-02 -2.37992143e+04 1.37377491e+01
 -6.60007871e+00 9.67451464e-01 1.03201795e+00 6.14671419e-01 -1.17812722e+04 1.36264475e+01
 -1.01295895e+01 -1.01305190e+00 6.48302840e-01 -3.69323238e-01 5.10669730e+03 1.35523144e+01
 1.77464647e+01 6.36355453e-01 -3.69062391e+00 -7.83484680e-02 -2.09399498e+04 1.39579577e+01
 2.59638553e-02 1.33535884e-01 8.18330767e-01 -4.60963158e-01 -1.87274326e+04 1.36910940e+01
 -3.53669390e+00 5.97156810e-01 -2.61858530e-02 -1.65109387e-01 -5.64702084e+03 1.36568229e+01
 1.91656051e+00 6.74147601e-01 -4.69861620e-01 3.16726542e-01 -2.30160303e+04 1.37213555e+01
 -1.92826753e+01 -2.83699049e-01 -2.92454625e-01 1.94204704e-01 -8.55835268e+03 1.34193043e+01
 1.10246337e+01 -2.87703312e-01 1.48023280e+00 3.62708011e-01 1.18521445e+04 1.38248786e+01
 3.86747479e+00 -1.60795526e-01 7.07842537e-01 2.24048882e-01 -2.46510044e+04 1.37604622e+01
 9.65341990e+00 -1.73953159e-01 1.06978186e+00 4.78927321e-01 3.29630675e+03 1.38500138e+01
 -1.04717602e+01 6.81142470e-01 -3.46896522e-01 -2.45567131e-01 1.06702395e+04 1.35440456e+01
 -8.89886567e+00 -3.56837008e-01 7.06451984e-01 1.75227771e-01 2.43814593e+04 1.35750854e+01
 6.83208677e+00 1.82301349e-01 4.69535543e-01 -2.44711089e-01 9.69201504e+03 1.37636166e+01
 4.08535687e+01 3.56611684e-01 -4.99092887e-01 -1.84554092e-01 3.18512747e+03 1.42353708e+01
 3.83751690e-01 -1.13029960e+00 9.76852365e-01 9.66304454e-01 -1.44208676e+03 1.37123119e+01
 -7.21668483e-01 1.00720107e+00 -1.71578437e+00 4.16962510e-01 3.44653241e+03 1.37100000e+01
 8.69566732e+00 3.90925184e-01 1.35756264e+00 -1.87058658e-01 -2.26212481e+04 1.38117846e+01
 -9.33992421e+00 -3.95423213e-01 4.88156349e-01 -2.01362391e-01 3.30242597e+04 1.35692780e+01
 2.01937620e+00 8.46353798e-01 1.29001942e+00 9.61391092e-02 -1.04910514e+04 1.37202448e+01
 -1.55922675e+01 8.99113915e-01 -1.50622655e-01 -1.37208257e-01 -1.88984423e+04 1.34830745e+01
 1.77116608e+01 -1.43172721e-01 7.50491293e-01 -4.33363029e-01 8.40576187e+03 1.39264689e+01
 -2.55530784e-01 8.21217120e-01 2.41245424e+00 5.35021679e-01 -3.63058191e+03 1.36874321e+01
 -1.31364102e+01 1.51955731e-01 1.89227455e-01 4.72503943e-01 6.84699318e+03 1.35396650e+01
 1.11021904e+01 6.71925294e-01 1.10948762e+00 3.27454425e-01 -1.45650777e+03 1.38312052e+01
 1.55561101e+01 3.47516451e-01 4.58019711e-01 3.53875637e-01 -1.75637111e+04 1.39057167e+01
 5.21801009e+00 -1.80230964e-02 -3.31630850e+00 -1.62375325e-01 1.63738390e+04 1.37916846e+01
 -7.26204854e+00 7.78260929e-02 -3.77222958e-01 -9.21445276e-02 2.90802559e+03 1.35927693e+01
 1.64099100e+01 -7.50669707e-01 -9.13776431e-01 3.97185616e-01 -1.34622090e+03 1.39269949e+01
 7.45269472e+00 4.41984054e-02 -3.36358416e-01 8.06654267e-01 1.49293492e+04 1.38244733e+01
 -1.03534295e+01 3.14629305e-01 -9.62535685e-01 3.45698414e-01 -9.37510690e+03 1.35811366e+01
 3.27331752e+00 -7.63507684e-01 3.85321666e-01 -3.25732158e-01 -1.76414539e+04 1.37490291e+01
 1.63381932e+00 -2.63396057e-01 -9.44660563e-01 -2.13760206e-01 3.71852769e+04 1.37369065e+01
 4.91670104e+00 5.60669832e-01 -9.49402468e-01 -4.54764372e-01 5.13417882e+04 1.37687575e+01
 7.32587585e+00 5.36870059e-02 -1.18933943e+00 1.89228354e-01 5.16715810e+03 1.38226932e+01
 -5.49217264e+00 5.27501743e-02 -1.04676405e-01 3.29472829e-01 8.91441662e+03 1.36031629e+01
 -8.66005451e+00 -5.58268685e-01 3.42793902e-02 1.21426717e-01 -6.86151866e+03 1.35979475e+01
 -1.00929384e+01 2.83804831e-02 2.46581250e-01 1.75376832e-02 1.20818972e+04 1.35466110e+01
 -6.00586244e+00 1.30988984e+00 -3.37166792e-01 5.78583301e-01 5.91525021e+03 1.36476632e+01
 -7.03299022e+00 2.84616208e-01 -1.92745975e+00 9.42769386e-02 -1.59126118e+02 1.36078003e+01
 2.64031343e+00 6.61463518e-01 -2.36346699e-01 1.93809953e-01 6.81241524e+03 1.37296401e+01
 -3.44491913e+00 -3.50838001e-02 8.90439849e-01 -5.05075265e-02 -2.98632401e+04 1.36637736e+01
 1.94669868e+01 -4.93970731e-01 1.59908052e+00 -1.57298293e-01 -3.80306519e+04 1.39598919e+01
 -1.84050111e+01 -2.31453506e-01 -1.17802015e+00 -1.58469371e-01 3.71309798e+04 1.34336409e+01
 2.14916956e+01 -1.18460831e+00 3.23289909e-01 -4.16100486e-01 -1.44941468e+04 1.39868527e+01
 -6.27442773e-03 -4.85614910e-01 4.00421475e-01 2.07713278e-01 3.99308638e+03 1.36930222e+01
 -2.02962971e+01 -6.04090581e-02 1.97218174e+00 2.26934746e-01 1.47121817e+04 1.34292681e+01
 1.05134040e+01 -1.29118301e-01 3.09992347e-01 1.06260817e-02 1.94136062e+04 1.38433348e+01
 -2.47687065e+01 -1.49831500e-03 2.87403461e+00 3.57611449e-01 2.35770560e+04 1.33567695e+01
 -2.73472011e+00 -5.95834331e-01 -4.59254827e-01 9.38076947e-02 3.73735411e+03 1.36709932e+01
 -1.63297873e+00 -3.37118825e-01 -1.18636483e+00 3.75620120e-01 3.36746438e+03 1.36576998e+01
 8.23914603e+00 -2.92157105e-01 1.59599855e+00 1.22010176e+00 -5.38529612e+03 1.37803252e+01
 4.29637896e+00 -3.33799706e-01 -8.33831201e-03 -3.39949846e-01 -3.35951200e+03 1.37602185e+01
 3.47265548e+01 2.34353424e-01 5.94687554e-01 -7.69307444e-02 7.15124155e+03 1.41480024e+01
 -1.85304111e+01 7.83452385e-01 -2.84886042e+00 -3.36490630e-02 -8.06728882e+03 1.34427445e+01
 2.20393455e+01 -8.97923667e-01 8.37823740e-01 6.10880133e-01 -1.21692861e+04 1.40036829e+01
 3.44861450e+01 4.01447680e-01 -1.51017773e+00 -9.33649328e-02 9.43722525e+03 1.41578079e+01
 1.93314113e+01 5.09946736e-01 3.76833193e-01 -2.04472383e-01 1.07958687e+04 1.39490476e+01
 -4.44383608e+00 9.37534325e-01 -1.60596848e-01 -1.55225709e-01 3.89178617e+04 1.36270976e+01
 8.34022200e+00 5.49398522e-01 -1.75935274e-02 -4.73740185e-01 2.20941270e+04 1.38188439e+01
 -1.65002516e+00 9.61089695e-01 9.32707182e-02 1.74024270e-01 1.72106916e+04 1.36879752e+01
 5.77487583e-01 -3.38628184e-01 -1.30564106e-01 1.04200432e-01 -4.40664547e+04 1.37150900e+01
 -5.39957212e-01 -4.37281516e-01 -2.11570982e-01 8.03792791e-01 1.20690944e+03 1.36983978e+01
 1.37469732e+01 -3.85204459e-02 -1.35839799e+00 2.90846253e-01 -1.60089339e+04 1.39159180e+01
 1.53491992e+01 1.86190626e-01 -2.79239568e-01 -2.12766715e-01 -5.18455358e+02 1.39165293e+01
 1.98456651e+00 -7.02026625e-01 1.05969255e+00 -6.61203626e-01 -4.19720928e+04 1.37226988e+01
 7.62170405e+00 -3.39460709e-01 -2.18249713e+00 -1.70389264e+00 -4.50827811e+03 1.38115657e+01
 -1.19161698e+01 6.43852637e-01 -7.16314956e-01 -3.89529539e-01 -2.05393400e+04 1.35610256e+01
 -7.82888053e+00 -1.68649382e+00 -1.16910341e+00 4.89806796e-01 -3.83085217e+04 1.35838737e+01
 -1.33724473e+01 -1.10760072e-01 1.42946720e+00 3.93480289e-01 1.73541645e+04 1.35361417e+01
 5.65127189e+00 5.82714456e-01 9.03178029e-01 1.58230427e-01 1.67979254e+03 1.37775039e+01
 -1.53320160e+01 -1.70294403e-01 -6.52239518e-02 -3.31968368e-01 6.24853247e+03 1.34868823e+01
 -2.07216270e+01 -2.86659561e-01 -1.25314522e+00 -4.63018816e-01 6.16965883e+03 1.34317676e+01
 -1.23175001e+01 -5.78642866e-02 7.23715029e-02 -6.32027931e-01 -1.96624615e+04 1.35079998e+01
 2.84665384e+01 7.24476973e-01 6.04206586e-01 -2.15324647e-01 2.52764385e+04 1.40846992e+01
 1.21887200e+01 -3.80566442e-01 -2.21599415e+00 -1.95521909e-01 -8.65513964e+03 1.38747519e+01
 7.04720054e+00 -8.29233719e-01 -1.77744743e+00 1.57439972e-01 -8.40249066e+03 1.37724315e+01
 8.26767282e+00 -6.64132304e-01 1.09497908e+00 -5.13005038e-01 2.40187400e+04 1.38039433e+01
 1.04769649e+01 -2.19632542e-01 1.73871793e+00 -4.93500177e-01 -6.61417397e+03 1.38482361e+01
 5.11930973e+00 1.85292417e-01 6.17535225e-02 -3.90860404e-01 2.22938633e+04 1.37617421e+01
 2.15094959e+01 2.66262201e-01 1.26591148e+00 9.38179980e-02 -9.88586172e+03 1.39928651e+01
 3.37840525e+00 -4.98386793e-01 -1.09360468e+00 1.17739142e-01 -2.08095405e+04 1.37595920e+01
 2.02294317e+00 2.24935892e-01 2.21856620e-01 -2.96279274e-01 8.76289515e+03 1.37280618e+01
 -9.80848717e+00 -7.54735558e-01 5.47582052e-01 -3.37237011e-01 -9.06915359e+03 1.35556687e+01
 6.50187049e+00 -1.18426575e-01 6.52407637e-01 3.08883649e-01 -3.38504312e+02 1.38103737e+01
 2.41627789e+01 -6.43262563e-01 -2.51206259e-01 2.34274829e-01 -9.39659133e+03 1.40362198e+01
 -4.48358847e+00 -2.81672633e-01 7.52605008e-01 5.34232390e-01 -1.40320247e+04 1.36426825e+01
 -3.19338635e+01 -3.68196965e-01 -4.52324168e-02 3.04141457e-01 -4.62273851e+03 1.32564787e+01
 1.90342145e+00 -8.63415939e-02 2.50511959e+00 -9.26756413e-02 9.85262357e+03 1.37384377e+01
 3.47607806e+01 -2.63161392e-01 -2.04108617e+00 -2.43891414e-01 5.35294670e+03 1.41411024e+01
 -1.30165298e+01 5.85861306e-01 -1.42999545e+00 -6.48906440e-01 2.92606874e+04 1.35454174e+01
 1.00413674e+01 2.83123452e-01 1.37805564e-01 -3.67603701e-01 2.17540960e+04 1.38559914e+01
 -3.45741089e+00 7.95944233e-01 -1.33830636e+00 9.77462048e-01 1.57799897e+04 1.36423190e+01
 -9.67786943e+00 9.37543043e-01 1.42804457e-02 -1.39166618e-02 -1.23491780e+04 1.35422788e+01
 -4.01759582e+00 6.61647285e-01 -2.66247835e+00 -9.26955221e-02 -2.32305408e+04 1.36653746e+01
 -1.62222004e+01 1.95129044e-01 3.13897632e-01 -1.22177253e-01 1.93947981e+04 1.34720113e+01
 1.38370506e+01 4.58588441e-01 -1.10619884e+00 7.15370665e-01 3.33579850e+03 1.38917385e+01
 -1.74259337e+01 -6.03838476e-01 -1.24192470e+00 -3.39324594e-01 -7.38942165e+03 1.34833331e+01
 3.91280572e-01 -6.07701573e-01 -1.52248608e-01 -1.42182969e-02 2.52935753e+03 1.37354755e+01
 1.63930142e+01 -2.15186128e-01 -9.83657711e-01 2.81814530e-01 -1.10318799e+04 1.39350109e+01
 -2.32406017e+00 4.47034910e-01 5.07297417e-02 2.21918081e-01 -1.03947184e+04 1.36793825e+01
 2.17178307e+00 -3.66118283e-01 -2.01890317e-01 2.63386435e-01 1.54431378e+04 1.37348836e+01
 1.10218426e+01 8.01232714e-01 1.13313907e+00 4.54588519e-03 2.85561651e+04 1.38375926e+01
 1.28996348e+00 2.46317528e-01 2.00235976e+00 -1.04542588e-01 3.11939103e+04 1.37217162e+01
 5.61324728e+00 -6.23896157e-02 -1.31116372e-01 -1.33895314e-01 -9.85511061e+03 1.37645097e+01
 -5.42713496e+00 -1.40403950e-01 1.84763043e+00 6.18522039e-01 2.09066658e+04 1.36100083e+01
 -1.68984417e+01 1.53163433e-01 -1.00090252e+00 -1.14149468e-03 -1.15705397e+04 1.34624620e+01
 1.20556556e+01 1.64269700e-02 -5.87608139e-02 1.82323917e-01 -2.27555173e+04 1.38621355e+01
 2.59300725e+00 -1.13827345e+00 1.13877143e+00 -1.13999380e+00 2.97821032e+04 1.37628197e+01
 -9.37310174e+00 4.45353774e-01 1.30869056e+00 -4.39755136e-01 4.36076404e+03 1.35633219e+01
 3.25061595e+01 4.33322744e-01 -2.41923905e-01 -2.42737734e-01 1.81991920e+04 1.41342402e+01
 -1.58606902e+00 1.04099678e-01 2.47398085e-01 -3.82215955e-01 -1.70904786e+04 1.36655001e+01
 -2.17105735e+01 -8.75592741e-01 3.15414123e-02 -7.36346130e-02 1.07602874e+04 1.34158669e+01
 7.28043677e+00 5.12074354e-01 -8.06731418e-01 3.88601893e-01 -1.35314810e+04 1.38011232e+01
 2.08374076e+01 2.26922989e-01 -8.59244228e-01 4.80011055e-01 -3.42137756e+03 1.39761348e+01
 1.61651331e-01 -5.65141878e-02 -3.72053074e+00 1.72046574e-01 1.26577691e+04 1.36912289e+01
 -1.17097571e+00 -6.67862034e-01 -6.03882570e-01 -5.98544781e-01 2.89593736e+03 1.36727196e+01
 4.04746282e+00 -5.94507044e-01 -1.19949559e-01 3.72978631e-01 -2.62719396e+04 1.37661423e+01
 -7.95103285e+00 2.69557720e-01 1.04824400e+00 -1.96814649e-02 3.26997719e+03 1.35975698e+01
 -2.34751856e+01 -3.55694167e-02 1.97827369e+00 4.09715846e-01 -1.58349752e+04 1.33762347e+01
 -1.39907958e+01 2.98328603e-01 -1.57665519e+00 -3.31518337e-01 -1.62387156e+04 1.35235744e+01
 -4.91793397e+00 -6.23594691e-01 5.33774549e-01 2.84314913e-01 9.36015601e+03 1.36184160e+01
 3.13808420e+00 5.68892918e-01 -8.36713091e-01 -2.50676462e-02 1.71313493e+04 1.37610588e+01
 9.12576362e+00 4.82927878e-01 -2.39761543e-01 -2.51797265e-01 -5.12304341e+03 1.38170560e+01
 -5.53586888e+00 -1.96834723e-01 8.70061590e-01 1.99566166e-01 2.90041841e+04 1.36294621e+01
 3.14352185e+00 -8.86060235e-01 -5.21101997e-01 1.19177085e-01 1.42201173e+04 1.37587529e+01
 -2.50770543e+00 -8.07583427e-01 3.00966894e-01 -1.63525441e-02 2.51891447e+04 1.36514736e+01
 1.32163579e+01 9.76025307e-01 -4.14662764e-01 -7.10828147e-01 6.18303758e+03 1.38603808e+01
 1.10916117e-01 -6.62898721e-01 1.37408688e+00 -9.94061816e-02 -1.01574056e+04 1.37180147e+01
 4.27462401e+00 5.78769264e-01 -7.06613477e-01 -1.44918978e-01 -1.22753332e+04 1.37526416e+01
 2.99190808e-01 6.00329152e-01 2.42931690e+00 5.17395662e-01 -6.27195769e+03 1.36997982e+01
 2.77806571e+01 7.89066026e-01 -5.81812282e-01 -9.75455954e-02 -3.67598393e+03 1.40573077e+01
 -1.93025097e+00 4.87021301e-01 -6.66685706e-01 8.64386614e-01 -2.12008076e+04 1.36829773e+01
 -2.97313316e+00 -2.71801276e-01 9.03151156e-01 -5.92733284e-02 2.59106521e+04 1.36531700e+01
 -4.08355797e+00 1.99573811e-01 -2.04415580e+00 -3.70906445e-01 -2.10663731e+03 1.36167447e+01
 2.70795962e+00 5.01280622e-01 1.04140269e+00 6.90112362e-01 2.27730327e+04 1.37425685e+01
 5.40835197e+00 -4.62041454e-01 5.89549150e-01 -3.13700427e-01 -1.03656721e+04 1.37515668e+01
 7.21776403e+00 1.44495314e-01 -3.82082709e-01 -1.28101759e-01 -2.09831026e+04 1.37982819e+01
 1.81612399e+01 7.34248519e-01 -1.38125824e+00 3.12581098e-01 1.86228795e+04 1.39429555e+01
 -2.58948477e+01 -1.00498198e+00 5.84356923e-01 3.21576019e-01 9.52985720e+03 1.33637615e+01
 2.55603598e+01 2.80341418e-01 -4.47641730e-01 -2.86106446e-01 2.98781265e+04 1.40378987e+01
 -2.33623514e+00 -3.50890381e-01 6.66409868e-01 4.19794249e-01 9.66582381e+03 1.36698368e+01
 -1.64697337e+00 -3.80550449e-01 -1.82237492e-01 5.38637036e-01 1.47926860e+03 1.36827156e+01
 -7.72807928e-01 -4.41828322e-02 -1.50324269e+00 -3.58170324e-01 5.46513274e+03 1.37137326e+01
 1.67774028e+01 5.67084755e-01 5.84820199e-01 6.53719929e-01 8.54150930e+03 1.39300903e+01
 5.69043147e+00 7.39885986e-01 -7.51700852e-01 3.01931414e-02 1.08352589e+04 1.37796216e+01
 1.56946694e+01 5.16692551e-02 -9.73631882e-01 -2.44318359e-01 2.16329304e+04 1.39051694e+01
 1.33953180e+01 1.80433597e-01 1.57399255e+00 1.33270419e-01 -1.61963595e+04 1.39009493e+01
 1.35096828e+01 -9.32414853e-01 5.32728296e-01 -3.23762469e-02 1.14714337e+04 1.38748807e+01
 1.92442626e+01 2.57161765e-01 2.67255434e-02 -2.03498907e-01 1.48140957e+04 1.39555302e+01
 -4.59347877e+00 -5.13522031e-02 -1.79813952e+00 -2.14597531e-01 1.15526402e+03 1.36405319e+01
 1.01454550e+01 5.13143197e-01 -2.64911877e+00 2.35519095e-01 1.54114200e+04 1.38252613e+01
 1.73794514e+01 7.24645140e-01 5.98383457e-01 -7.85359231e-01 -6.56978736e+03 1.39261756e+01
 -1.38102558e+01 3.83116745e-01 -1.33971698e+00 4.61681277e-01 -2.14662426e+04 1.35227983e+01
 1.24607427e+01 4.96131257e-01 3.88739545e-01 1.89924104e-01 -9.33737460e+03 1.38573581e+01
 -1.00986832e+01 9.14997076e-01 8.90607731e-01 9.11508622e-01 4.83510051e+03 1.35623811e+01
 -2.62358220e+01 -1.14293828e-01 1.04439332e+00 -2.32336777e-01 4.75383352e+03 1.33212391e+01
 2.18866446e+01 2.50000253e-01 3.49856183e-01 4.01258593e-01 6.77011926e+03 1.39761058e+01
 4.20458782e+00 -1.14931952e+00 -1.58377877e+00 1.74341954e-01 -3.37004589e+03 1.37550471e+01
 4.50391164e+00 5.52435884e-01 1.70929443e-02 -1.06382479e+00 1.77336030e+04 1.37764642e+01
 -1.07548730e+01 -5.37679486e-02 -1.00540735e+00 1.58929044e-02 -1.03366224e+04 1.35569504e+01
 -8.12690647e+00 -1.50768402e-01 4.39348999e-01 -1.95596963e-01 -9.14414786e+03 1.35923793e+01
 -1.08549500e+01 -6.49844745e-02 -1.43622034e+00 1.36125863e-01 -2.39742385e+04 1.35565422e+01
 -1.20139049e+00 -1.61813468e+00 -1.44830018e+00 4.08009888e-01 -1.77306177e+02 1.36794055e+01
 -5.57112497e+00 2.04257756e-01 1.39783741e+00 -1.14689223e+00 2.05704424e+03 1.36233998e+01
 -1.95627344e+00 -1.38580442e-01 -9.24075043e-01 1.02795865e-01 -7.20523592e+03 1.36818784e+01
 -2.05009205e+01 -2.10836727e-01 -2.43382953e-01 3.89446458e-01 2.24130471e+04 1.34126594e+01
 -3.45082502e+01 7.72568400e-01 -2.70065937e-01 -4.46690110e-01 3.97389698e+04 1.32329730e+01
 1.44869655e+00 4.05150184e-01 1.31884696e+00 -1.13443028e+00 -1.11076419e+02 1.37589710e+01
 -2.12617655e+01 -2.21314068e-01 1.96205303e-01 -1.75976673e-01 1.17815690e+04 1.34191862e+01
 -6.64401100e+00 1.08889595e-01 7.83716804e-01 3.97924439e-01 -3.95305516e+04 1.36079740e+01
 -1.71084955e+01 1.53565435e+00 3.61032630e-01 -1.77542520e-01 -2.11679905e+04 1.34631882e+01
 -4.53838025e+00 -2.25128341e-01 3.98063270e-01 1.77098898e-01 2.61478078e+04 1.36109661e+01
 6.54796311e+00 5.95900868e-02 -1.70752049e-01 -7.98913226e-01 -6.05040647e+03 1.37892841e+01
 2.13403152e+01 -3.06076039e-01 8.23162205e-01 -7.09482743e-01 1.70318029e+04 1.39909223e+01
 -3.31303970e+00 -4.87242105e-02 2.65043225e-01 -5.76227176e-01 -1.51412494e+04 1.36627234e+01
 2.29932267e+01 1.35289785e-01 1.26714195e+00 1.90876389e-01 -7.29465360e+03 1.40034131e+01
 -2.36408223e+00 -2.79903425e-01 7.56269281e-01 -4.96256329e-01 -2.05781875e+04 1.36648688e+01
 3.00701601e+01 4.17492187e-01 3.22384228e+00 -4.08552367e-01 -1.30485034e+04 1.40880091e+01
 6.42572814e+00 -1.29215776e-01 5.95479197e-01 1.83544080e-01 1.60415613e+04 1.37899309e+01
 1.98380022e+01 2.50931295e-01 8.53643113e-01 -3.71255125e-01 3.84578509e+03 1.39632185e+01
 9.31581096e+00 2.59023305e-01 1.67436378e+00 1.49287636e-01 1.03034864e+04 1.38142796e+01
 2.12673412e+01 3.49771437e-01 -8.99589072e-01 -1.88187076e-02 1.00704016e+04 1.39710588e+01
 -1.84905893e+00 4.17672455e-01 5.57478600e-01 1.24372950e-01 -4.34262512e+03 1.36613287e+01
 1.89879881e+00 -5.07735722e-01 8.78346588e-01 -3.49922576e-01 -2.22460559e+04 1.37245533e+01
 -1.60751714e+01 2.24025924e-01 -8.14251910e-02 -4.92992220e-01 2.35131427e+04 1.34923126e+01
 -1.60537074e+01 3.35550900e-01 -7.04240437e-01 7.69240694e-01 -5.45566513e+03 1.34650380e+01
 1.97986882e+01 4.27174204e-01 1.92930396e-01 -1.15167228e-01 -6.71214972e+03 1.39721924e+01
 3.66129877e+00 3.19188995e-02 2.94217021e+00 1.49946257e-01 7.54976691e+03 1.37496154e+01
 -2.38654312e+00 1.50352839e-01 1.71641724e+00 -3.38541035e-01 1.75041310e+04 1.36493828e+01
 1.51500257e+00 9.55874419e-01 2.12011543e+00 4.31431338e-01 -9.22446968e+03 1.37141753e+01
 3.28578484e+01 4.76845660e-01 8.39829358e-02 -2.40906083e-01 -1.61995772e+04 1.41492154e+01
 1.12333891e+01 2.71336813e-02 1.40917938e+00 -2.42488824e-02 7.05153158e+02 1.38412103e+01
 -1.43727749e+01 7.36428909e-01 -2.24752568e-01 -6.38960081e-02 5.80006416e+02 1.35048051e+01
 3.35338133e+01 1.65872618e+00 2.60573913e-01 4.47513474e-01 3.14429918e+04 1.41583932e+01
 1.50540804e+01 -5.53387971e-01 -2.15561603e-01 6.82646790e-01 -2.84831564e+03 1.38986935e+01
 1.36345630e+01 5.17013217e-02 1.34588362e+00 -3.79525857e-01 -3.89502208e+04 1.38817789e+01
 1.25945164e+01 1.06510408e-02 2.22278089e-01 -1.78966234e-01 1.77199976e+04 1.38869668e+01
 1.57487203e+01 3.05624504e-01 -4.62112559e-01 1.71597989e-02 -8.18996945e+03 1.39280322e+01
 -4.37903748e+00 7.15388235e-01 1.86322691e+00 -6.24381552e-01 -7.56490422e+03 1.36528628e+01
 1.24318848e+01 1.00765104e+00 -1.65861270e+00 -2.75161651e-01 -1.56012261e+04 1.38612885e+01
 1.88894293e+00 3.21950164e-01 -9.53319140e-01 5.52135832e-02 3.38321946e+03 1.37096326e+01
 -1.08127206e+00 -5.64778822e-01 1.00598474e+00 4.11834782e-01 -8.71084458e+03 1.36893645e+01
 -3.05629461e+00 3.99200332e-01 9.16831460e-01 -9.82397379e-01 -1.02289773e+04 1.36559990e+01
 1.64727480e+01 -7.26112314e-01 2.28534161e+00 -1.04557064e+00 1.65144100e+04 1.39103767e+01
 -1.97792672e+01 5.09713123e-01 3.60794535e-01 1.40769022e-01 1.08707324e+04 1.34367851e+01
 -3.12360715e+00 -5.70838491e-01 9.83480354e-01 -3.53441208e-01 -4.34545217e+03 1.36605059e+01
 -3.51216913e+01 3.43587982e-01 -3.20909899e-01 -9.99189251e-02 -8.54203727e+02 1.32158218e+01
 2.87514232e+01 -1.97320390e-01 -1.24157058e+00 1.10729347e+00 2.03574329e+04 1.40591047e+01
 1.08863932e+01 -3.35406295e-01 -2.03811982e+00 2.30774378e-01 -9.33081067e+03 1.38369101e+01
 -3.05745532e+01 -7.07048716e-01 1.78468070e+00 -1.18684016e+00 3.44330030e+03 1.32645247e+01
 1.59211810e+01 -9.49529719e-02 -6.02580250e-02 1.97334294e-01 6.51208775e+03 1.39251577e+01
 -1.16135353e+01 -2.17465280e-01 -1.23986786e+00 4.76746407e-01 1.08630983e+04 1.35812227e+01
 -1.70337331e+01 4.41583457e-01 -6.36607383e-01 4.50401660e-01 -8.66590290e+03 1.34301509e+01
 3.88820789e+00 3.29583493e-02 -2.34012082e-01 -4.13040364e-01 2.28389513e+04 1.37320974e+01
 1.74418876e+01 4.11807946e-01 -2.06814060e-01 5.50202203e-01 7.68072530e+03 1.39516380e+01
 -2.36336061e+01 8.20778269e-01 3.80836419e-02 3.64723305e-01 -1.44810734e+04 1.33914988e+01
 6.53419062e+00 -3.90060677e-01 -5.26693826e-01 1.35949727e-01 -2.47769455e+03 1.38078914e+01
 4.84001438e+00 -3.17307054e-01 3.90651433e+00 1.71248788e-01 -2.39381543e+04 1.37642779e+01
 -2.80502774e+00 -5.18102100e-01 3.62210854e-01 3.84056955e-01 1.45458263e+04 1.36531906e+01
 4.37856799e+01 2.13816678e-01 2.68497964e-01 1.21658679e-01 2.34536540e+03 1.42814104e+01
 -3.27672269e+01 3.95589732e-01 8.65176572e-01 8.55065888e-01 5.58318946e+03 1.32502579e+01
 2.19830018e+01 -3.31692116e-01 1.85101897e+00 1.69939099e-01 3.67758347e+04 1.39907973e+01
 -2.04496036e+01 4.44735904e-01 7.36178454e-01 4.55170661e-03 -8.92142305e+03 1.34080585e+01
 6.04501141e+00 -2.02263096e-01 2.98977740e+00 3.79305422e-01 -5.14993978e+04 1.37946722e+01
 1.51971495e+00 -5.36853062e-01 -1.50240734e-01 -6.01412772e-02 -7.01766283e+03 1.37369650e+01
 -1.11958581e+01 -1.72914615e-01 1.11903276e+00 -4.35238266e-02 6.02411800e+03 1.35502076e+01
 3.64112786e+00 1.79108063e-01 5.41498165e-01 -2.10051740e-01 7.80479879e+03 1.37275883e+01
 1.54935291e+01 -2.45675336e-01 7.75788991e-01 6.36756543e-01 5.68246053e+03 1.38994851e+01
 1.03727131e+01 -4.47339159e-01 -1.83861170e+00 2.23743432e-03 1.00537262e+04 1.38383412e+01
 1.65476306e+01 -2.53510277e-01 4.89690322e-01 4.05998561e-01 -1.47443845e+04 1.39176278e+01
 2.50601481e+01 8.29496673e-01 -1.29595456e+00 1.96705705e-01 2.61698656e+04 1.40273325e+01
 2.53677228e+01 5.30086225e-01 2.09862412e+00 -3.10440411e-01 -5.62862179e+03 1.40200078e+01
 -6.69557736e+00 -5.17470206e-01 6.66757413e-01 3.47635448e-01 -6.21049056e+02 1.36222781e+01
 -1.64678375e+01 2.60767686e-01 1.44032262e+00 3.99811841e-01 -9.33237570e+03 1.34663399e+01
 -2.42031939e+01 -3.84061558e-01 -2.78171655e+00 3.49917290e-01 -3.44392691e+04 1.33704646e+01
 4.80230197e+00 -4.56225969e-01 2.69740826e+00 -3.62750825e-01 -7.22608442e+03 1.37572321e+01
 1.44130315e+01 4.14267298e-01 -3.04242271e-01 -3.45654227e-01 6.06765760e+03 1.38640584e+01
 2.32169309e-01 3.51176381e-02 -1.69379986e+00 2.47981892e-01 9.61584174e+03 1.37039491e+01
 8.80439133e+00 5.77346777e-02 -1.43527604e+00 -7.23637801e-01 1.14532158e+04 1.38173274e+01
 -6.54573094e+00 1.20456539e-01 -6.76216806e-01 2.12118141e-02 -2.07963263e+04 1.36128714e+01
 2.12017629e+01 7.39232461e-01 4.73460696e-01 -2.86696277e-01 -3.61085157e+03 1.39974960e+01
 9.35895988e-01 -5.15554369e-01 1.01337793e+00 2.74239726e-02 -7.37285337e+03 1.37068418e+01
 -1.11429228e+01 4.43805727e-01 1.25078189e+00 9.58392397e-01 -1.91441942e+03 1.35659804e+01
 -5.91136054e+00 7.76012286e-01 -3.18945493e-01 1.48177693e-01 1.40354041e+04 1.36062172e+01
 -1.80979640e+01 -3.33224519e-01 -3.74712953e-01 -1.82064299e-01 1.32027318e+04 1.34340488e+01
 1.48997126e+01 -3.43978507e-01 -3.84760217e-01 -3.77821437e-01 1.98810268e+04 1.38975074e+01
 -1.13926861e+01 2.86077883e-01 1.39661787e+00 -7.63654565e-01 -1.49227840e+04 1.35514722e+01
 -4.52628724e+00 -4.95302496e-01 4.59618345e-01 4.13640120e-01 2.18473522e+04 1.36502907e+01
 -9.54453374e+00 -1.05466565e-01 -1.70943236e+00 1.47881914e+00 2.78034540e+04 1.35650472e+01
 -8.80172575e+00 -1.15538239e-01 7.11566789e-01 -4.37478527e-01 -1.02322891e+04 1.35942128e+01
 -1.52763380e+01 -9.50319728e-02 -8.73933377e-01 6.34174860e-01 7.53605993e+03 1.34865416e+01
 7.70458856e+00 3.43163194e-01 -9.20489719e-01 4.37721870e-01 -2.47221597e+03 1.38257438e+01
 -8.70007781e+00 2.31418862e-01 -3.29988229e-01 -3.03847112e-01 3.40175295e+04 1.35850697e+01
 -9.42423564e-01 -5.12825880e-01 6.18702222e-02 1.92784822e-01 -3.09051296e+03 1.36789485e+01
 -9.05024721e+00 -9.13684143e-01 5.28743546e-04 -1.37586202e-01 -4.38858063e+03 1.35811371e+01
 8.72026543e-01 1.23823119e-02 -1.76948815e+00 -7.89812685e-02 6.56853128e+03 1.36924858e+01
 -1.05811512e+00 -2.16404268e-01 -3.06608073e-01 -2.60243078e-01 1.22900896e+04 1.36803843e+01
 1.01885655e+01 6.75354167e-04 -1.65280168e+00 -5.77218412e-01 -5.78694065e+03 1.38371552e+01
 8.08375553e+00 -3.27912086e-01 3.41638825e+00 -3.27449757e-01 1.40165063e+04 1.38089213e+01
 2.59683564e+01 1.05265750e+00 -3.52011791e-01 -4.35854397e-01 2.27604868e+04 1.40537994e+01
 -2.23527979e+01 -7.21145219e-01 -2.72290784e-01 8.55066818e-01 1.62006880e+04 1.33879728e+01
 2.49346485e+01 -3.54647677e-01 1.30348032e-01 3.87681868e-01 -2.57841827e+04 1.40390145e+01
 7.28570465e+00 3.16606839e-02 -1.69615745e+00 -1.51549499e-01 -1.07609680e+04 1.37850131e+01
 2.89498932e+01 3.61657248e-01 -1.12716545e+00 9.94144844e-01 -1.52585402e+04 1.40610700e+01
 -2.13388181e+01 -2.26162939e-01 -7.31153794e-01 7.53907913e-01 -2.28764122e+04 1.34040601e+01
 1.76271855e+01 2.86061393e-01 5.60267074e-02 4.12375997e-01 -6.24144680e+03 1.39294759e+01
 -1.49612527e+01 4.69893287e-01 1.04836809e+00 -1.09114600e-01 -4.64416088e+03 1.34945071e+01
 7.40935952e+00 2.92530932e-01 -2.13551980e-01 1.45094915e-01 3.25171067e+04 1.38119508e+01
 -1.16030499e+01 2.07843978e-01 -1.16346318e+00 1.11469577e+00 -1.93760559e+04 1.35435998e+01
 1.10328923e+01 2.13293278e-01 2.73632277e+00 -3.80001624e-01 -1.13516242e+03 1.38465324e+01
 -1.75765975e+01 3.56434871e-01 -4.00291922e-01 -7.10857445e-02 -2.34838430e+03 1.34487558e+01
 -7.57503073e+00 3.25270356e-02 -1.39220842e-01 9.16448472e-02 1.70145536e+03 1.35916345e+01
 3.77026830e+00 -3.94735788e-01 -5.78170932e-01 1.55399550e-01 -1.75601064e+04 1.37262631e+01
 6.77771044e+00 -4.61128807e-02 -3.29458343e-01 -5.05107053e-02 -1.98119817e+04 1.38046916e+01
 3.14427194e+00 -5.29292837e-01 -2.77742298e-01 4.12907131e-01 -1.79641770e+04 1.37501929e+01
 -6.83947759e+00 9.01274688e-04 1.22004646e+00 2.24161246e-02 3.31095084e+04 1.36037180e+01
 -6.45132945e+00 7.86019018e-01 2.51083906e+00 6.58752749e-01 -2.36108352e+04 1.36190472e+01
 1.41287628e+01 7.95078518e-02 3.32292169e-01 4.70576069e-01 -1.99351641e+04 1.38910525e+01
 -1.94675531e+01 6.57647842e-01 2.34849257e+00 -7.14297124e-01 -2.36248640e+04 1.34208593e+01
 -6.54721340e+00 7.08787426e-02 -2.06510404e-01 6.23278664e-02 -2.48789166e+03 1.36096024e+01
 -3.50136076e+00 -4.33701149e-02 4.21797130e-01 4.51779876e-01 1.55097609e+04 1.36533966e+01
 -1.24622879e+00 -9.62279617e-01 -3.07551527e-01 1.72552030e-01 -2.61650945e+04 1.36630713e+01
 3.30081432e+00 -3.51501395e-01 1.10499242e+00 -3.03248608e-01 -1.17626575e+04 1.37412754e+01
 -2.27240354e+00 -4.48270554e-01 -6.28749888e-01 -8.95231181e-01 -2.82886566e+04 1.36551169e+01
 1.10055591e+01 -1.12763474e-01 1.23247730e+00 4.27330254e-02 -1.72173490e+04 1.38458548e+01
 -8.09083032e+00 -1.76286988e-01 -4.80078150e-01 6.07393854e-01 -1.15287015e+04 1.35770382e+01
 1.08916001e+01 6.71386827e-01 7.75771561e-01 -9.25354736e-01 2.32056474e+04 1.38538618e+01
 -9.47548697e+00 -1.34993438e+00 -4.88921221e-01 6.62041530e-01 -2.52300552e+04 1.35742221e+01
 -2.15541321e+00 -5.46852922e-01 -5.02442523e-01 3.39625632e-01 -2.42627071e+04 1.36530043e+01
 1.02454034e+01 9.26515597e-02 4.40722691e-01 1.75510509e-01 3.41989837e+04 1.38789274e+01
 7.09311621e+00 -3.65983563e-01 -1.23964629e+00 6.69442575e-01 3.11905953e+04 1.38057986e+01
 -1.44433438e+01 3.89891415e-01 -3.00500870e-01 -2.92230550e-01 1.34796169e+04 1.34963559e+01
 2.24037535e+00 -6.30566903e-01 -3.22381426e-01 -9.76874560e-01 1.73645238e+04 1.37434644e+01
 1.57706876e+01 6.66184411e-02 -5.57614367e-01 -7.05818443e-01 -1.85263838e+04 1.39100526e+01
 -3.42568684e+00 9.71544653e-01 1.66270121e-01 -2.54723484e-01 -1.94921702e+04 1.36616881e+01
 -1.37223600e+00 6.91252385e-01 7.32313838e-01 6.38030309e-01 -1.40384251e+04 1.36767153e+01
 1.63523870e+00 -1.47255553e+00 -3.78475918e-01 -4.39291441e-01 -1.66231780e+04 1.37089862e+01
 -2.06963290e+01 5.74857447e-02 2.78161721e-01 -2.83729253e-01 -5.63069097e+03 1.34095299e+01
 -1.96286421e+00 -3.53205337e-01 -6.23009311e-01 1.17270677e-01 -1.13958393e+04 1.36728265e+01
 1.33236666e+01 3.83172692e-01 7.22298025e-01 6.93113172e-02 6.58071750e+03 1.38853729e+01
 9.04241207e+00 -6.76502609e-01 -5.97729555e-01 9.20349204e-01 -2.45652740e+04 1.38316730e+01
 -1.35184635e+01 -3.27163142e-01 -6.74402923e-01 1.81146515e-02 -9.06810306e+03 1.35229156e+01
 1.12901977e+01 -5.13097436e-01 -6.21197673e-01 7.04953507e-01 -2.11643175e+04 1.38614626e+01
 1.75260308e+01 5.62801754e-01 -9.44797348e-01 -6.07991449e-01 -5.56713976e+03 1.39313364e+01
 -3.60934732e+01 -7.79316660e-01 1.50086270e+00 4.91316933e-01 1.67129896e+04 1.31836371e+01
 -7.77909030e+00 -4.07189690e-01 -4.79305146e-01 -2.70021903e-01 1.34090300e+04 1.35987399e+01
 -1.00513495e+01 -6.52427598e-01 1.30655476e+00 -6.46701684e-02 4.33173157e+04 1.35503819e+01
 -2.02834913e+01 -1.41004630e-01 -1.28442399e+00 1.71158447e-02 -1.19573563e+04 1.33996311e+01
 -2.91821363e+00 -1.02698545e+00 4.73652028e-02 -9.39331752e-01 1.72222336e+04 1.36755234e+01
 2.28948344e+00 3.56529296e-01 -6.85168735e-01 9.42043112e-01 4.34000024e+03 1.37130309e+01
 2.59592753e+01 2.40307314e-01 -1.43774757e+00 3.28581609e-01 2.58575504e+04 1.40616137e+01
 -1.25239969e+01 -2.28698403e-01 -5.30967597e-01 1.15492832e-01 5.55401604e+03 1.35190729e+01
 -1.37523514e+01 5.08273225e-01 -1.38925501e+00 1.24763985e+00 -2.38377361e+04 1.35130084e+01
 -3.38922739e+00 8.33289681e-01 6.80750899e-01 -2.31167608e-01 1.41587850e+04 1.36522664e+01
 1.80835604e+01 -6.57340069e-01 -8.00924171e-01 5.24932168e-01 -1.71219959e+04 1.39383739e+01
 -7.67143190e+00 3.12155630e-01 2.76448357e-01 -6.82732272e-02 9.68667341e+03 1.35921749e+01
 -4.49719807e+00 -4.15588587e-01 -1.55115949e+00 -3.15668572e-01 -5.31591675e+04 1.36628272e+01
 -1.71546232e+01 -1.24386243e+00 -6.40604661e-01 7.75922362e-02 -2.01081261e+04 1.34575798e+01
 -2.42877039e+01 -4.00085517e-01 -3.54610472e-01 -2.50109668e-01 8.28015689e+03 1.33489916e+01
 2.69171499e+00 4.27416592e-01 6.74612306e-01 -8.93007012e-02 3.24030058e+04 1.37354178e+01
 -2.08123615e+01 1.60572132e-01 -7.20052359e-01 -4.41982681e-01 2.53252078e+04 1.34063919e+01
 8.20400435e+00 -5.87104912e-01 9.49959308e-01 1.16914887e-01 -1.38029015e+04 1.37912467e+01
 -1.67287798e+00 -3.65908262e-01 -1.67967484e+00 -7.26781462e-01 -1.49840647e+04 1.36616056e+01
 -3.49687184e+01 4.84261145e-01 -1.36139748e+00 7.35442737e-01 -8.83168975e+02 1.32233497e+01
 -1.51033366e+00 -6.25246843e-01 -1.65599056e-01 -1.38847090e-01 -3.17230999e+03 1.36690292e+01
 -2.37507271e+01 1.33607552e+00 7.18605584e-01 -6.86396896e-01 -7.42132948e+03 1.33656046e+01
 -4.46079302e+00 8.90071150e-02 -7.59448436e-01 -8.63698970e-02 4.40497079e+04 1.36097873e+01
 1.20530080e+01 -3.70986810e-01 1.14607535e+00 -1.95641279e-01 4.93962126e+04 1.38596247e+01
 -1.63362454e+01 -3.42342058e-01 -1.31384170e+00 -3.12329486e-03 -1.88216876e+04 1.34619931e+01
 -5.86432286e+00 4.41582350e-01 9.23984918e-01 1.76807951e-01 -1.68057713e+04 1.36185675e+01
 1.22142705e+01 7.32980981e-01 8.93580233e-01 -7.02079020e-01 -2.44902552e+03 1.38537685e+01
 -2.23293100e+01 3.46936318e-02 -5.89935320e-01 -6.80795832e-01 -5.53023960e+03 1.33794107e+01
 -1.10935593e+00 7.98592953e-01 -3.05417532e+00 -3.95264992e-01 -1.35278579e+04 1.36861753e+01
 -1.23604683e+01 -6.03489730e-01 -6.36824354e-01 -9.83212045e-02 -9.29772592e+03 1.35211521e+01
 3.40652681e+00 1.05352067e+00 -2.61552406e+00 -1.04559806e-01 2.43048931e+04 1.37409368e+01
 -1.75684610e+01 -1.95395905e-01 7.33141251e-01 -3.68469431e-01 5.67278196e+04 1.34315853e+01
 -3.73764123e+00 -2.70129445e-02 2.46571248e+00 -2.22065113e-01 -1.30069574e+04 1.36635475e+01
 -1.22387695e+01 3.80896798e-01 1.22135351e+00 -6.12325753e-01 7.23018541e+03 1.35332604e+01
 1.77754723e+01 -4.19310941e-01 -2.75501913e+00 1.92455299e-01 2.98237269e+04 1.39284571e+01
 -9.32235496e+00 4.24493411e-01 1.10414976e+00 -1.90745917e-01 1.37350138e+04 1.35802668e+01
 -1.98458784e+00 -2.18211812e-01 -2.79587206e-01 -7.09325478e-01 4.85797967e+04 1.36718271e+01
 2.63133634e+01 1.04657659e-01 3.38418802e-01 -2.90846927e-01 -1.46988154e+04 1.40581661e+01
 2.85090179e+00 3.03352210e-01 -3.69868281e-01 1.94735685e-02 -2.17446666e+04 1.37288032e+01
 -2.72308611e+01 -7.46777992e-01 -5.65357887e-01 -8.83689913e-02 7.47943591e+03 1.33125497e+01
 -2.34103275e+00 5.69741949e-01 2.27330112e+00 -3.41386890e-01 -9.26911495e+03 1.36930968e+01
 6.76106837e+00 1.17134463e-01 -6.13524983e-01 9.62860590e-02 -2.43411175e+04 1.37909349e+01
 -4.03584071e+00 6.75222705e-01 -4.12598263e-01 3.92587838e-01 4.39765960e+03 1.36642958e+01
 4.81194056e+00 -3.69086546e-01 1.56690360e-01 -2.65262001e-01 -3.74155746e+04 1.37644017e+01
 -1.46922112e+00 -4.31771471e-02 9.31147618e-01 -1.54205246e-01 -3.66539869e+04 1.36766069e+01
 9.10301475e+00 -6.23495095e-02 -6.50207597e-01 -5.39934508e-01 -2.04352014e+03 1.38342735e+01
 -1.64611401e+01 -2.84476308e-01 6.54667410e-01 1.21057746e-02 7.78590618e+03 1.34801901e+01
 -1.04412332e+01 -8.83411174e-01 -1.86914823e+00 3.25922765e-01 7.24838011e+03 1.35792371e+01
 -6.49254684e+00 5.23554568e-01 -6.16924399e-01 -3.43980406e-01 2.79006391e+04 1.35969643e+01
 1.31372649e+01 5.32822577e-01 1.51709294e+00 2.07982052e-01 2.21277405e+04 1.38697672e+01
 -2.61666024e+00 3.43218105e-01 -1.28750972e+00 -4.96873454e-01 3.07766688e+04 1.36813431e+01
 3.17884198e-01 2.70983741e-01 1.34505647e+00 6.47049685e-02 -1.37985414e+04 1.36939382e+01
 -1.26495469e-01 7.54876910e-01 -2.54542405e-01 2.42803659e-01 1.73050555e+04 1.36981404e+01
 1.38205040e+01 1.26194429e-01 1.13890117e+00 4.01341494e-01 -4.07503932e+03 1.38827652e+01
 2.00248276e+01 -1.48025222e-02 1.68298467e+00 1.00180560e+00 -1.81846461e+04 1.39789168e+01
 -3.28193645e+01 5.41549433e-02 7.98290189e-01 1.16059987e-01 -1.87398782e+04 1.32703789e+01
 -1.18704893e+01 -2.60305738e-01 1.52302521e+00 -6.13814192e-01 -4.26057335e+04 1.35286450e+01
 -3.83326179e+00 -2.15975900e-01 -1.05719656e+00 4.03654744e-01 1.57554186e+04 1.36504978e+01
 2.49887443e+01 -7.24520540e-01 1.19475300e+00 -1.31278279e-01 2.02908109e+02 1.40227851e+01
 1.14475846e+01 -3.83027503e-01 -2.86552883e-01 1.52760025e-01 9.97215850e+03 1.38467381e+01
 -1.52505852e+01 -5.01605501e-01 -1.52117925e-01 1.19375533e-01 -1.77037788e+04 1.34772195e+01
 1.11318616e+01 1.93163788e-01 2.09225552e+00 -7.03903006e-01 1.28752386e+04 1.38482796e+01
 -8.56911457e+00 -2.23344752e-01 1.35863653e+00 -1.12016140e-01 1.59082389e+04 1.35719904e+01
 3.49927018e+00 4.30155975e-02 2.40938376e+00 8.23157825e-01 2.76726041e+04 1.37524104e+01
 7.18449407e-01 -7.65521566e-02 1.13428364e+00 -3.12875145e-01 -4.07615979e+03 1.37100618e+01
 2.43198921e+01 4.67691156e-01 1.19552645e+00 -8.39095745e-01 -1.27619765e+04 1.40238182e+01
 -4.94974377e-01 -1.26045815e-01 9.85826841e-01 5.20573825e-01 -1.12873690e+04 1.36876556e+01
 -1.63818298e+00 2.10830762e-02 1.32578576e-01 -2.04017319e-01 7.45835522e+03 1.36777442e+01
 1.51664000e+01 1.06001898e+00 -2.58795263e+00 -1.00232720e-01 -2.26140245e+04 1.39096494e+01
 -2.14443582e+01 6.86631098e-01 -1.06227544e+00 -1.33325546e-01 -7.27113331e+03 1.33887705e+01
 -1.33988215e+01 -3.39402381e-01 -1.06008181e-01 4.01461511e-03 1.49451044e+04 1.35054526e+01
 -1.13333596e-01 -3.71759395e-01 -1.77939287e+00 -1.50028381e-02 8.24370827e+03 1.37065213e+01
 6.75503572e+00 -2.46884660e-01 -1.46440464e+00 -3.72312003e-01 1.12393738e+04 1.38007710e+01
 -6.71039014e+00 -9.67729832e-02 9.36979058e-01 1.04548121e-01 5.75076867e+03 1.36110622e+01
 1.27346415e+01 2.26813699e-01 1.21230316e+00 6.40610909e-01 2.34101257e+03 1.38722529e+01
 9.03746952e-02 7.58990401e-01 -1.91631076e+00 -8.91348680e-01 2.84249081e+04 1.37055006e+01
 9.04159868e+00 -8.38470548e-03 -6.59302540e-01 -3.25369506e-01 2.11188102e+04 1.38175315e+01
 -7.50150844e+00 2.97717554e-01 -1.83666483e+00 -1.78548602e-01 -4.21323637e+03 1.35810280e+01
 -1.13495106e+01 -9.16715806e-01 -4.90382341e-01 3.84586041e-01 -2.88312759e+04 1.35600402e+01
 1.04327886e+01 4.02301416e-01 -8.08750759e-01 -4.60377959e-01 -9.22386768e+03 1.38384251e+01
 4.39787400e+00 -1.04761064e+00 -1.57463480e+00 4.32710415e-01 -2.26717343e+04 1.37644450e+01
 -1.81132124e+01 -2.56099481e-01 -1.84256370e+00 -8.07686803e-01 -1.85546404e+03 1.34173265e+01
 1.54077683e+01 5.23886605e-01 -8.14749962e-01 9.55330729e-03 2.48425211e+04 1.39068911e+01
 -2.54768226e+01 4.66340089e-01 1.47776268e+00 -3.26515206e-01 1.11714210e+04 1.33526583e+01
 -5.34726085e+00 2.80127796e-01 -1.00175275e+00 1.60295813e-01 2.40869727e+04 1.36184299e+01
 2.13108309e+01 2.45027508e-02 3.59558974e-01 3.72890563e-02 2.64487836e+03 1.40016726e+01
 -7.12581159e+00 -5.06707713e-02 -9.02833056e-01 2.34622125e-01 5.03448364e+03 1.35759774e+01
 -3.17354523e+00 -8.10289950e-03 -2.01811311e+00 -1.10404421e-01 1.68682960e+04 1.36569818e+01
 1.13335652e+01 2.79246719e-02 -2.60712346e+00 1.69133165e-01 1.20702355e+03 1.38663187e+01
 -6.43862540e+00 3.13048085e-01 -3.55757867e-01 -6.28285096e-01 3.75941170e+03 1.36188146e+01
 -3.18319640e+01 5.67371842e-01 -3.46639849e-01 3.10834923e-01 4.96444773e+03 1.32509157e+01
 7.09240463e+00 7.03023193e-02 -1.63619073e-01 3.46671848e-01 3.04851555e+04 1.38034308e+01
 1.56176403e+00 2.73357880e-01 -6.82044507e-01 1.08423725e-01 3.38803520e+04 1.37015997e+01
 7.79763131e+00 5.29872040e-01 -3.18832355e-01 -2.00725155e-01 9.07559356e+03 1.38065229e+01
 -1.53332296e+01 -3.49061058e-01 1.41220045e-01 -8.26706472e-01 2.35072644e+04 1.34957691e+01
 -1.97009145e+01 1.44491871e-01 -6.01873751e-01 -6.17841179e-01 -8.18337145e+03 1.34427487e+01
 2.33076538e+00 -2.42266776e-01 -4.76832101e-01 -1.80211797e-01 7.02814208e+04 1.37180440e+01
 1.10974186e+01 5.63495889e-01 -1.65572355e+00 -2.31723157e-01 -1.46171633e+04 1.38682240e+01
 -4.02255919e+00 3.83698482e-01 -5.80812699e-01 6.18971158e-01 -1.23229963e+04 1.36348690e+01
 9.61055189e+00 -1.12077831e-01 -9.08363665e-01 -4.74742894e-01 -1.21456616e+03 1.38334859e+01
 -9.23622744e+00 1.30084386e-01 -9.08442733e-01 1.77092525e-01 1.02216875e+04 1.35748093e+01
 -1.03114743e+01 -4.95037899e-01 2.21850805e-01 -3.60598979e-01 1.10370723e+04 1.35518460e+01
 1.83242934e+01 1.49751843e+00 7.91664159e-01 -5.54419631e-01 7.17714758e+01 1.39411615e+01
 1.21646119e+01 -7.79362608e-02 2.43389432e-01 -2.19573740e-01 -2.74645315e+03 1.38659513e+01
 1.36840214e+01 -5.76000868e-01 -9.25576267e-01 7.05943649e-02 1.48306686e+04 1.38851404e+01
 -2.23177666e+01 -7.89339299e-01 -2.43677645e-02 2.29635725e-01 -3.51121397e+04 1.33884664e+01
 4.78448511e+00 -3.48533197e-01 2.82239424e-01 -3.20706076e-02 -2.05803187e+04 1.37500763e+01
 -1.73904626e+00 8.91095569e-01 -3.83167078e-01 4.88846941e-01 -2.49651613e+03 1.36825493e+01
 -2.52902444e+01 4.65725779e-01 -1.27387751e+00 2.58676055e-01 1.17935064e+04 1.33383754e+01
 -2.87943634e+00 -3.57996192e-02 7.13246246e-01 -2.62591183e-01 -9.88846535e+03 1.36703934e+01
 3.20539052e+00 8.98254956e-02 -3.21998516e-01 2.82243175e-01 -3.04949365e+04 1.37687737e+01
 2.01142455e+00 2.83620469e-01 -7.73010774e-01 9.72915523e-03 -7.17782319e+03 1.37183428e+01
 -2.91600778e+01 5.84012733e-01 -1.39229726e+00 -1.09708656e-01 1.88065592e+04 1.32900870e+01
 -1.61432536e+01 4.48901812e-01 4.05751414e-01 6.32359196e-01 -1.76904841e+04 1.34643287e+01
 -2.08598545e+01 -1.27918175e-01 -1.63781523e+00 -3.59470054e-01 -1.96614932e+04 1.34056407e+01
 -1.05004311e+01 -1.85121778e-01 -1.24141210e+00 -7.91013518e-01 -3.12670459e+04 1.35537583e+01
 -4.19778982e+00 -5.92223657e-01 1.26163145e+00 -6.60233586e-02 4.52554965e+04 1.36198743e+01
 -8.92042901e+00 -4.61184636e-01 6.25040622e-02 -3.91338433e-01 -2.29989950e+04 1.35622021e+01
 7.10623421e+00 4.31175589e-01 3.58606592e-01 6.78072643e-03 -2.61011736e+04 1.37808639e+01
 5.38198929e+00 -4.30730486e-01 -2.77313643e-01 -2.38587253e-01 -1.22229017e+04 1.37685283e+01
 -2.31599464e+01 3.23614002e-01 -1.04627455e+00 4.56230570e-03 -1.61102131e+04 1.33762734e+01
 -1.60162542e+01 -4.81462104e-01 -2.44290274e+00 3.19590898e-01 5.52004097e+03 1.34662044e+01
 -3.61481850e+00 9.61849448e-02 5.14571200e-01 -7.62094490e-02 -1.55217259e+04 1.36491129e+01
 1.44273993e+01 7.95970025e-01 5.05286540e-01 -1.22787295e-01 -7.23718463e+03 1.39160510e+01
 4.55344560e+00 -1.39794072e-01 -1.37331032e+00 1.01621307e-01 -4.84377238e+03 1.37632846e+01
 -2.87596496e+01 1.12664861e-01 -3.80305544e-01 -9.29711342e-01 1.38294673e+04 1.33226549e+01
 1.57324608e+01 -7.63935448e-01 -1.07462506e+00 6.62575563e-01 -3.10169062e+03 1.38895734e+01
 -2.73080602e-01 -9.63297328e-01 1.49960472e+00 2.90467641e-01 -1.77104572e+04 1.37111721e+01
 1.59745508e+01 -4.32282124e-01 5.13581799e-01 1.13143156e-01 3.17077800e+04 1.39127523e+01
 -7.38615741e+00 -1.04866751e+00 -9.94804997e-02 9.06117838e-01 -1.05042701e+04 1.36002183e+01
 1.60407753e+01 -2.52204940e-01 1.06610958e+00 -2.54542538e-01 -1.92665797e+04 1.39258543e+01
 1.11368334e+00 -2.08595056e-02 -1.01239787e-01 -5.18270774e-01 1.37457763e+04 1.37074096e+01
 1.32325041e+01 8.75239062e-01 1.64618561e+00 8.42279543e-02 9.10373108e+03 1.38568152e+01
 2.56410225e-01 -5.25312673e-01 -9.88017712e-01 -6.14321398e-02 -4.24586180e+04 1.37068055e+01
 -8.55465608e+00 2.00098981e-01 5.01008282e-01 -3.09207006e-01 -1.59717236e+03 1.35849962e+01
 2.33820613e+00 1.05770588e+00 9.56108338e-01 -4.38380767e-01 1.13906787e+04 1.37315147e+01
 -7.28434778e+00 6.76805402e-02 -1.22475853e+00 -1.64519502e-01 -1.27607980e+03 1.35944248e+01
 2.91565611e+00 1.70728312e-01 -1.00646404e+00 -1.55979475e-01 -3.70702615e+03 1.37510092e+01
 -8.06458838e+00 -1.56761073e+00 -2.70493497e+00 2.84571863e-03 -3.61773468e+04 1.35718598e+01
 -1.55250077e+01 5.66712294e-01 4.87570696e-01 -5.34744913e-01 5.62043863e+03 1.34829173e+01
 -5.03394860e+00 -4.49028795e-01 -2.72367450e+00 7.41557215e-01 -2.39185508e+04 1.36138098e+01
 1.01371036e+01 4.64701044e-01 1.07932404e-02 -7.11791564e-02 -2.17368581e+04 1.38349558e+01
 -9.60715508e+00 -7.06554450e-01 4.59011786e-01 -1.95102402e-01 2.78962554e+04 1.35760831e+01
 9.51965879e+00 7.73507903e-01 -2.33540658e+00 9.42419152e-01 1.77335256e+04 1.38189267e+01
 7.99658392e+00 2.49933544e-01 1.04622487e+00 1.61114532e-01 4.08523873e+04 1.38154977e+01
 -6.27877862e+00 3.50850033e-01 -3.69391216e-01 -1.32454585e-01 -1.04938334e+04 1.36192142e+01
 -1.39874937e+01 -5.99830352e-01 -5.82351292e-01 -2.36192546e-01 -2.24972213e+04 1.35079104e+01
 -2.56949533e+01 1.50397859e-01 1.33488394e+00 -5.04247974e-01 1.72264713e+04 1.33282283e+01
 3.87911117e+00 6.95790002e-01 3.95023099e-01 6.34476805e-02 3.12616053e+04 1.37603499e+01
 -3.19823904e+00 -5.39520701e-01 4.80422715e-01 -4.67969619e-02 8.96365086e+03 1.36553302e+01
 1.67306585e+00 -5.02178808e-01 -3.23752584e+00 -3.87845320e-01 -1.98426591e+03 1.36993711e+01
 -3.80023426e+00 -1.16485570e-01 -1.17868159e+00 -6.04174468e-01 1.14734265e+04 1.36381374e+01
 1.64574675e+01 1.27857960e-01 -5.01062906e-01 -4.31626972e-01 -3.39779794e+04 1.39278723e+01
 -2.10976849e+01 1.59645584e+00 1.89654261e+00 1.99349004e-01 4.03207555e+04 1.34022519e+01
 -1.92129096e+01 8.17403483e-01 2.36958297e+00 2.59843768e-02 8.55038581e+03 1.34090648e+01
 -1.66120140e+01 -2.62898910e-02 -2.50368059e+00 -3.88874772e-01 4.32426090e+03 1.34741443e+01
 6.57895863e+00 -3.22809347e-01 -7.42267653e-01 8.53457105e-02 3.71505777e+04 1.37968394e+01
 -1.87155727e+00 8.16482588e-01 6.13992864e-02 2.98639750e-01 2.55518995e+03 1.36790684e+01
 -1.44430239e+01 -5.83878929e-01 -1.40232706e+00 -7.31644156e-02 -4.09149120e+01 1.35026554e+01
 -2.80312419e+00 -6.45658919e-01 -1.82278501e+00 7.31739768e-02 -1.55714145e+04 1.36513596e+01
 -2.46483019e+00 2.98652983e-02 -6.36043283e-01 -2.99558498e-01 9.30223403e+02 1.36747316e+01
 1.53729953e+01 -9.85512599e-03 -2.13156496e+00 5.30847723e-01 3.32863919e+04 1.38887137e+01
 -3.29666040e+00 3.85681505e-01 3.42526540e-01 -3.28511098e-01 -6.07187731e+04 1.36640838e+01
 1.61538478e+00 -1.04705203e+00 -1.65800887e-01 -4.66327985e-01 -3.80455757e+04 1.37335447e+01
 1.26910316e+00 -7.23996774e-01 -1.09958313e+00 -2.04791507e-01 -2.06256647e+04 1.37424061e+01
 1.09608199e+00 -6.08110771e-01 -7.80739955e-01 -4.99463233e-01 1.70653032e+04 1.37376483e+01
 -2.13046237e+00 2.46729086e-01 -1.39891184e+00 7.20234948e-02 2.79012546e+04 1.36691542e+01
 -1.58674566e+00 -8.32914613e-03 4.31545457e-02 -2.44110572e-01 -1.69679354e+04 1.36539195e+01
 -3.67530142e-01 1.04843232e+00 -8.15321000e-02 3.57316829e-01 5.18885332e+03 1.37082570e+01
 -8.54276358e+00 8.64964954e-01 -1.44974931e+00 1.11180369e-01 1.05760217e+04 1.35897210e+01
 -2.29525921e+01 6.57441115e-01 -5.43163108e-01 2.06289965e-01 -5.00317177e+03 1.33884642e+01
 1.52422087e+01 -2.17466850e-01 -1.98840550e+00 -3.27446153e-02 -8.32842627e+03 1.39168804e+01
 2.04619800e+01 -1.72444745e-01 -1.47214054e+00 5.44977330e-01 1.96587872e+04 1.39677710e+01
 3.26591995e+00 1.28071525e-01 -1.45517887e-01 -5.84053586e-01 -6.95005308e+03 1.37335285e+01
 -2.74055403e+00 5.19781147e-01 -2.02658916e+00 -2.18800813e-01 3.09978019e+04 1.36553209e+01
 2.08771285e+00 1.71993721e-01 1.92304543e+00 -9.50256153e-01 -6.52244243e+03 1.37437254e+01
 1.23070748e+01 -6.53617036e-01 -6.50150389e-01 -2.09323607e-01 6.64475216e+03 1.38558992e+01
 -4.73392540e+00 -3.37535115e-01 1.06904191e+00 -2.24878059e-01 2.57688997e+03 1.36220846e+01
 -1.06542699e+01 1.01147199e+00 1.15062757e+00 5.84032933e-02 2.38754523e+04 1.35555797e+01
 -9.65107505e+00 5.22931388e-01 3.05011133e-01 4.91949410e-01 -1.30249296e+04 1.35519290e+01
 -4.95793901e+00 -4.77171716e-01 -5.12804120e-01 3.17866955e-01 -5.80065418e+02 1.36248216e+01
 -1.87041764e+01 -1.67377358e-01 -8.43377609e-01 2.88299475e-01 -8.58290512e+03 1.34393160e+01
 -7.38412865e-01 -2.41808060e-01 -1.11709637e-02 1.96719872e-01 1.13060973e+04 1.36954586e+01
 -8.22672364e-02 -4.98611326e-01 1.34007255e+00 1.00681226e-01 1.56982983e+03 1.37059808e+01
 1.51215936e+01 -1.48321344e+00 1.58793826e+00 -5.97690215e-01 -1.44942679e+04 1.38994510e+01
 9.81143767e+00 8.45781263e-01 3.36849089e-01 -3.18913140e-02 5.31828325e+03 1.38446067e+01
 7.47220600e+00 -1.25547671e-01 -9.83146548e-01 3.54622723e-03 2.93600261e+04 1.38090639e+01
 1.00351579e+01 -7.13805235e-01 1.49117679e+00 -5.19905367e-01 4.48055588e+03 1.38344821e+01
 6.81577451e+00 -6.59461397e-02 8.13377142e-01 -7.17074771e-02 -5.48470672e+03 1.37917353e+01
 9.44653755e+00 9.36038796e-01 8.45073197e-01 3.55440969e-01 -1.31584752e+04 1.38214808e+01
 -2.08553708e+01 -8.37291543e-02 5.31101079e-01 -6.27549560e-01 1.40656275e+04 1.34298701e+01
 -8.77454572e+00 -6.76208316e-02 6.69253951e-01 6.09972546e-01 2.18820815e+04 1.35726675e+01
 -1.40569028e+01 -4.00504236e-01 5.77258830e-01 7.25254469e-01 -2.58255144e+03 1.35134362e+01
 1.03034277e+01 2.35942016e-01 1.23788052e+00 -2.04972718e-02 -1.22072652e+03 1.38466501e+01
 7.35084371e+00 -6.03414295e-01 1.18941034e+00 -1.16246661e-01 1.70940996e+04 1.37871454e+01
 -2.09586691e+01 4.21663766e-01 8.17881917e-01 -5.73612689e-01 2.37449220e+03 1.34163164e+01
 -2.49195612e+00 4.67869971e-01 8.34822641e-01 -2.34561012e-01 -7.88351025e+03 1.36433737e+01
 2.37190020e+01 -1.17114367e-01 9.18542394e-01 -1.48887161e-01 -3.75478042e+03 1.40180782e+01
 1.26566786e+01 -2.49472569e-01 -3.38459188e+00 8.40281160e-02 2.19480553e+04 1.38694096e+01
 1.57134236e+01 1.45447770e-01 1.07167485e+00 -3.17246454e-01 1.06326530e+04 1.39208014e+01
 1.47469549e+01 1.22474794e-01 -7.25200148e-01 -5.52862590e-01 1.47081513e+04 1.38977696e+01
 -2.07470950e+00 1.19235867e+00 -1.44481628e+00 -5.57233205e-01 3.30530483e+03 1.36618758e+01
 -1.02207497e+01 8.38269367e-01 1.16407774e+00 3.60204492e-01 -5.67795582e+03 1.35721196e+01
 2.20656748e+01 5.53537201e-01 1.56156249e+00 -1.24766724e-01 1.24031682e+04 1.39982594e+01
 8.26136613e+00 3.26735166e-01 -7.64864488e-01 3.28194061e-01 3.80210626e+04 1.37898097e+01
 3.85549342e+00 -5.25854359e-01 -2.08009830e-01 -2.90479051e-01 -1.51615668e+04 1.37648841e+01
 -1.77448074e+01 1.47604828e+00 1.64058883e-01 -5.31899525e-01 -4.60193680e+04 1.34746644e+01
 1.78500120e+00 -7.10851248e-01 -9.42460957e-01 6.18850014e-01 3.03176743e+04 1.37364433e+01
 -1.39043646e+01 3.67236671e-01 -3.71873226e-01 -5.65331951e-01 -1.88527810e+04 1.34879999e+01
 -1.64694383e+01 1.08185257e-01 -3.87757293e-01 1.45336918e-01 4.78090067e+04 1.34699251e+01
 6.75272662e+00 2.37323558e-01 7.49335420e-02 1.56531730e-02 -1.24733193e+04 1.38048391e+01
 1.39066787e+01 -6.80612792e-02 3.66411876e-01 -1.70986540e-02 -1.26531452e+04 1.38854496e+01
 1.26043899e+01 -2.25911312e-01 -4.90416351e-01 4.21844693e-01 -1.39749868e+04 1.38500286e+01
 4.42961032e+00 1.93301455e-01 1.25818566e+00 -5.37344567e-01 2.82128405e+03 1.37688466e+01
 5.34342861e+00 -1.14439084e-01 -1.59925773e+00 -9.70662830e-02 1.26607083e+04 1.37784435e+01
 9.23827352e+00 -2.18441849e-01 -1.33182902e+00 -2.59066809e-01 2.06911229e+04 1.38020033e+01
 -1.05058802e+01 6.15194382e-01 -5.48415570e-01 1.23411251e-01 2.24037736e+03 1.35729027e+01
 4.55085745e+00 1.11081902e-01 -1.04593112e+00 1.30768208e-01 1.44568471e+04 1.37621055e+01
 -8.40395776e+00 6.30440469e-01 4.88189430e-02 -5.17939975e-02 -1.50788371e+04 1.35781986e+01
 1.03710189e+01 4.24799426e-01 9.59227978e-01 3.08571840e-01 1.07068672e+04 1.38407361e+01
 3.98048626e+00 1.61313742e-01 1.29383306e+00 -8.27070946e-01 4.36583429e+01 1.37348330e+01
 -1.64534458e+01 5.06706028e-01 -3.38394598e-01 -2.27013469e-01 2.62942117e+03 1.34815677e+01
 -5.24960258e+00 -1.22322022e+00 5.60166214e-01 -1.67452302e-01 -2.25145255e+04 1.36418632e+01
 -5.89731280e+00 8.99424390e-01 -1.92787666e+00 1.98377782e-01 2.32855242e+04 1.36219961e+01
 -1.78035831e+01 6.73619171e-02 1.55164339e+00 -4.10334050e-01 3.39134423e+03 1.34516889e+01
 4.02902047e+00 -6.70680379e-01 3.86750077e-02 1.72102377e-01 1.01867674e+04 1.37508242e+01
 -1.80750410e+00 8.15182708e-01 -2.62807022e+00 -1.24676904e-02 2.64314569e+04 1.36820823e+01
 3.25369638e+00 -7.94376840e-02 -9.13926282e-01 3.30929755e-01 1.27040378e+04 1.37391413e+01
 -1.23728382e+01 -4.62581797e-01 3.20033522e-01 2.25276452e-01 -2.65699698e+04 1.35285233e+01
 4.20360621e+00 -7.31104933e-01 1.60716217e+00 -4.19036968e-01 -2.03106566e+04 1.37766001e+01
 -1.01822691e+01 6.00672836e-01 -8.01079057e-01 7.85297764e-01 1.89170182e+04 1.35604131e+01
 6.60452395e-01 2.16461531e-01 2.10945582e+00 -2.58853593e-01 3.64067154e+03 1.36966377e+01
 2.87574988e+00 -8.13416779e-01 7.09831505e-01 -2.36948410e-01 -3.86105862e+03 1.37550927e+01
 1.18405935e+01 5.43678071e-01 3.33360360e+00 -1.66503731e-01 3.99329455e+04 1.38491152e+01
 9.08497257e+00 -1.59421490e-01 7.45326733e-01 1.91527618e-01 1.86206137e+03 1.38216417e+01
 -2.23541662e+01 -5.27808063e-01 -2.20890417e+00 -8.91378696e-02 -2.71231733e+04 1.34016341e+01
 3.10981325e+00 -7.15172177e-01 -2.85922988e-01 5.06815524e-01 2.01131946e+04 1.37309701e+01
 8.44630292e+00 1.02363655e+00 -7.30889369e-01 -5.55667131e-01 2.14579332e+04 1.38064230e+01
 -2.03787451e+01 -8.40703817e-01 2.33637884e+00 -5.59535327e-01 5.15582185e+03 1.34181971e+01
 6.06577290e+00 5.97271744e-01 6.36767912e-01 1.61586642e-01 -1.90270989e+04 1.37794055e+01
 -3.22041876e+01 -6.89834009e-01 -8.29782632e-01 9.55390143e-01 -1.93638781e+04 1.32508603e+01
 1.12841541e+01 5.31608080e-01 -7.18537345e-01 3.59188299e-01 -1.50540549e+04 1.38433181e+01
 9.97678600e+00 2.90816792e-01 2.64498121e-03 -2.62510893e-01 -1.02211479e+04 1.38276079e+01
 -7.01184484e+00 4.19700882e-01 1.19636333e+00 -1.94345878e-02 1.58567258e+04 1.35990414e+01
 1.82002053e+01 -1.71353108e-02 -6.60024523e-01 -9.35365929e-02 1.98232901e+04 1.39428987e+01
 -1.20357414e+00 6.18891717e-01 -2.80150067e-01 -5.18996778e-01 -7.73244453e+03 1.36873613e+01
 6.76633221e+00 4.35779007e-02 -1.78283255e+00 8.30382451e-01 -4.22434918e+03 1.37918034e+01
 -7.80729984e+00 1.61322444e-01 6.84201661e-01 -1.81761963e-01 9.52655357e+03 1.36018183e+01
 2.91047300e+00 6.38756115e-01 7.27679912e-01 -2.23349030e-01 1.88158505e+04 1.37451756e+01
 -3.10036422e+00 1.07806270e+00 1.38608562e+00 -4.91603796e-01 -4.56011523e+03 1.36755062e+01
 -6.98581489e+00 1.50417274e-01 -2.04492092e+00 2.92473340e-01 1.78394553e+04 1.35899618e+01
 -8.79804263e+00 7.32573649e-02 -4.27042976e-01 -4.82000077e-01 2.10622787e+04 1.35925820e+01
 3.35876157e+00 -1.81050646e-01 8.73078359e-02 2.33168810e-02 9.74833921e+03 1.37406861e+01
 1.02333121e+01 -5.13772502e-02 -7.46674338e-01 -9.19200005e-02 -1.77642648e+04 1.38200875e+01
 1.19425656e+01 -7.55187705e-01 -1.58690996e+00 -2.84377699e-01 3.89072842e+04 1.38669464e+01
 3.01592837e+00 -3.18771406e-01 1.74776031e+00 -1.19405388e+00 -4.83032977e+03 1.37416843e+01
 9.57582563e-01 9.66168768e-01 1.18961431e+00 1.78631061e-01 2.39958233e+04 1.37223793e+01
 -2.19919376e+01 6.15780757e-01 4.03759992e-01 -4.99765382e-01 3.42625554e+03 1.33920135e+01
 -1.75551952e+01 3.26215878e-01 1.24809030e+00 1.88881432e-01 -1.16192382e+04 1.34399756e+01
 -9.08762768e+00 -5.97809177e-01 -1.17915574e-02 3.51244943e-01 -2.85649549e+04 1.35949664e+01
 1.60437223e+01 -1.39427837e-01 -5.21772508e-02 -5.17437870e-01 1.45397073e+04 1.39197227e+01
 -4.19776446e+00 -1.02683637e+00 7.12255350e-01 9.39256322e-01 6.44822615e+03 1.36613006e+01
 1.29857722e+01 -3.91104208e-01 1.10270366e+00 -3.14675334e-01 2.93192635e+04 1.38874486e+01
 4.40260085e+00 -7.63145732e-01 1.47885398e+00 -9.73179306e-01 4.83856249e+03 1.37614014e+01
 -2.28879710e+01 6.56684669e-01 -1.06607290e-01 4.70166619e-01 1.09311027e+04 1.33913448e+01
 -1.71004599e+00 -1.11008782e+00 1.24527788e+00 -1.23115280e-02 -2.84670684e+04 1.36669008e+01
 4.54038338e+00 1.67795214e-01 -3.36368389e-01 -2.58977463e-01 -1.64797426e+03 1.37422809e+01
 1.38651568e+01 7.21524997e-01 5.82656436e-01 -9.15015703e-01 2.05250600e+04 1.38867089e+01
 1.64857055e+01 1.25401132e-01 6.43639737e-01 1.77593810e-01 4.96581543e+03 1.39448110e+01
 -1.95716833e+01 3.28351730e-01 1.40089231e-01 5.07407787e-01 -9.36047347e+03 1.34403742e+01
 -8.30357837e+00 -1.12745004e-01 2.92582981e-01 -3.87515190e-01 -1.79620724e+03 1.35575068e+01
 -9.92106932e+00 -5.44311001e-01 3.78465233e-01 1.59703489e-01 1.17624903e+04 1.35663256e+01
 -3.77043714e+01 -8.85229612e-01 -1.62531153e+00 5.33356367e-01 8.96098097e+03 1.31837904e+01
 -9.38449067e+00 5.02427035e-01 9.45707468e-01 -2.86803403e-01 -5.24721207e+03 1.35681669e+01
 8.81198339e+00 -4.52768130e-01 1.34723572e+00 -1.74823762e-01 6.68407351e+03 1.38358161e+01
 -9.72681352e+00 2.04587172e-01 -1.20679462e+00 8.00694107e-01 1.51822821e+04 1.35511091e+01
 4.74485927e+00 2.25646321e-01 -1.46369206e+00 -5.49168752e-01 -1.55695824e+02 1.37512595e+01
 8.02545887e+00 -4.93323898e-01 6.72930293e-01 -2.80187079e-01 2.95186859e+03 1.38113193e+01
 -5.92180886e+00 -3.09993326e-01 -6.28891931e-02 -6.91176103e-02 -5.02844576e+02 1.36051855e+01
 3.76726780e+00 -6.34451469e-02 -1.00463304e+00 -6.87512234e-01 -2.52265097e+04 1.37527942e+01
 -1.67214145e+00 9.12088219e-02 -1.20006636e+00 -7.58400192e-01 -3.68333128e+03 1.36793464e+01
 -7.30753967e+00 3.59361140e-01 -7.24923414e-01 1.54906891e-01 -1.51959521e+04 1.35989786e+01
 -5.82989455e+00 -5.36449387e-01 -4.18226300e-01 2.21785531e-01 -2.28243292e+04 1.36202209e+01
 -2.85433902e+00 -1.04896824e+00 1.37013252e+00 4.48597210e-01 -1.34188072e+03 1.36445336e+01
 1.74258233e+01 -6.92529003e-02 -1.37240968e-01 -6.68548213e-01 3.23988810e+04 1.39231186e+01
 6.68285755e+00 3.75561977e-01 1.01713042e+00 3.28719380e-01 -3.01475770e+04 1.37820072e+01
 5.38897967e+00 -3.49464775e-02 -3.28562149e-01 -1.63251570e-01 4.09972739e+04 1.37625904e+01
 1.37802881e+01 -1.72761081e-01 1.38093643e+00 1.12188669e-01 6.20496208e+03 1.38713824e+01
 -2.36966039e+01 1.03041880e-01 -6.88786074e-01 2.90765686e-01 1.81935066e+04 1.33753245e+01
 -7.64319005e+00 5.26399839e-01 1.14054967e+00 -9.16133327e-02 -4.73943986e+03 1.36257642e+01
 1.56501232e+01 3.83793122e-01 5.50387733e-02 2.60122128e-01 -1.59680595e+04 1.39022128e+01
 8.68635808e+00 1.32004537e+00 8.18113818e-01 2.27978455e-01 -1.37059697e+04 1.38178734e+01
 -5.82172948e+00 -4.85703622e-02 -2.28835337e+00 -1.34500740e-01 -3.36469860e+02 1.36032076e+01
 -1.87862155e+01 -3.85313467e-01 -5.68592204e-01 -6.43232064e-02 1.11577873e+04 1.34573407e+01
 -1.80480812e+01 -1.17729563e+00 1.56779685e-02 -2.68898931e-01 -3.04800728e+04 1.34267407e+01
 1.91070958e+01 3.55399541e-01 1.20011949e+00 -9.61941117e-02 -1.38434780e+04 1.39606930e+01
 1.39349320e+01 1.00610592e+00 -4.35248372e-03 -2.15884003e-01 6.67145253e+03 1.39018550e+01
 -5.85280673e+00 -6.53405692e-01 -2.34700793e-01 -6.13611201e-01 -7.25875013e+03 1.36299227e+01
 -1.45006567e+01 -6.83769671e-01 -1.27086566e+00 5.00470552e-01 -1.10375209e+04 1.34906095e+01
 1.72778341e+01 -1.00035070e+00 -2.15681835e-01 -6.54053346e-02 1.86157075e+04 1.39327582e+01
 -8.39171068e+00 8.41140433e-03 9.60547329e-01 -3.94306911e-01 -1.99877403e+04 1.35801829e+01
 1.15835532e+01 1.19949403e-01 7.68203562e-01 -1.95415580e-01 -2.74827052e+03 1.38705648e+01
 2.70101920e+00 -9.12545521e-01 -3.25343029e-02 3.46218536e-01 -2.79725807e+04 1.37478670e+01
 -7.19097624e+00 -7.73704076e-01 -2.26832613e-01 -2.35477353e-01 -5.23439240e+03 1.36115780e+01
 -3.40027974e+01 6.65265944e-01 1.28212571e-01 4.21089359e-01 -2.60421889e+04 1.32261354e+01
 1.36568354e+00 2.18831150e-01 1.26496381e+00 8.05849830e-01 1.68189583e+04 1.37185799e+01
 -8.23657036e-01 3.15502081e-01 -2.84809082e-03 -4.04992128e-01 4.36785474e+03 1.36809088e+01
 2.80058311e+01 6.56015373e-01 6.53034596e-01 -1.26405413e-01 4.34098407e+03 1.40794612e+01
 1.07949114e+01 3.72730973e-01 -5.66222943e-01 6.88832519e-01 -2.66418186e+04 1.38366243e+01
 1.80071025e+01 4.43856060e-01 -4.21733560e-01 3.23523754e-01 3.59580820e+04 1.39524001e+01
 -1.20323284e+01 2.12556060e-01 1.61715688e+00 1.18123338e-01 7.39503694e+03 1.35397109e+01
 6.90384063e+00 -1.22554752e+00 -8.26228479e-01 -5.38203827e-01 -3.25583849e+04 1.38001435e+01
 -1.71321455e+01 9.99082682e-01 1.51836313e+00 -1.14475555e-03 -2.86396386e+04 1.34642868e+01
 -2.01991832e+00 4.86285048e-01 -1.36209546e-01 6.38084202e-03 2.90161849e+04 1.36673785e+01
 -9.54584568e+00 8.31925924e-01 5.86988020e-01 -3.92787218e-01 1.76350990e+04 1.35672692e+01
 -8.42177900e+00 4.45220209e-01 -3.85532959e-01 2.61886925e-01 5.29411865e+03 1.35982963e+01
 -1.21907063e+01 3.08847478e-02 2.14013446e+00 3.41994619e-01 -1.59259703e+04 1.35371078e+01
 -1.13718070e+01 -6.01464461e-02 1.94404117e-01 9.86002666e-01 -7.89117246e+02 1.35624370e+01
 -5.30544697e+00 6.34543625e-03 1.55436919e-01 7.44974284e-01 8.45537816e+03 1.36350367e+01
 -4.15460678e+00 -1.34758473e-01 1.93337452e+00 -5.37581288e-01 -1.90922467e+04 1.36435277e+01
 3.42545428e+00 4.45288705e-01 1.59673784e+00 3.91390429e-01 2.71736491e+04 1.37348281e+01
 -2.36008372e+00 7.47454389e-02 2.00567981e+00 -1.68993044e-01 6.92778585e+03 1.36650385e+01
 -2.09121538e+01 -3.73689464e-01 1.14024569e-01 1.23860988e-02 1.02798730e+04 1.34239906e+01
 1.32297081e+01 -7.29921738e-03 -6.64688635e-01 -2.69477350e-01 -4.59450759e+03 1.38878749e+01
 -8.24732110e+00 -4.36957466e-02 1.80779730e-03 4.00308537e-01 7.88171179e+03 1.35969864e+01
 1.55666586e+01 1.45800079e-01 -7.03303487e-01 3.82605284e-03 4.90956074e+04 1.39007506e+01
 9.04192324e-01 -8.78922510e-01 -7.93320036e-01 2.63344300e-01 -1.11208629e+04 1.37034296e+01
 3.08057639e+00 -8.19529425e-01 8.53703770e-02 -1.96510193e-01 8.86595311e+02 1.37554211e+01
 2.20996114e+01 6.34690859e-01 1.24893210e-01 3.87107455e-02 -2.64323645e+04 1.40089125e+01
 -3.60876006e+00 5.48683625e-01 2.86547963e+00 -6.08035776e-02 -3.20756117e+04 1.36615989e+01
 7.13277187e+00 -1.85072656e-01 -1.28607720e+00 5.36919545e-01 2.48395957e+02 1.38154708e+01
 -1.42746600e+01 4.41998857e-01 -4.55561976e-01 -5.96143452e-01 5.57864037e+03 1.35134240e+01
 -1.58505760e+01 1.15959416e+00 -2.40288175e+00 -3.45454294e-01 -3.02247854e+04 1.34794711e+01
 -1.10761736e+00 -6.76008576e-02 -1.40178636e+00 7.24913690e-01 -1.19490656e+04 1.36643800e+01
 1.68463630e+01 -3.56978529e-01 -3.48214385e-01 -7.23017160e-02 -1.53758565e+04 1.39205005e+01
 -4.45300989e+00 1.98716780e-01 4.84546658e-01 -2.07466930e-01 1.88228574e+04 1.36288625e+01
 1.35565021e+01 -7.55475107e-01 3.44790900e-01 -2.02528143e-01 -5.63562900e+04 1.38739351e+01
 2.49663977e+00 -5.39155071e-01 4.35377479e-01 1.32030922e-01 -1.72927728e+04 1.37286854e+01
 -1.06638271e+01 1.06660360e-01 -4.23148842e-01 1.10030749e-01 -6.66180930e+03 1.35385652e+01
 1.34114020e+01 7.44339854e-01 1.58944548e+00 -8.30848334e-01 -5.50693471e+03 1.38674439e+01
 -1.84389496e+01 -2.42624618e-01 7.21050199e-01 -7.14303831e-02 1.34387797e+04 1.34377724e+01
 -2.29286143e+01 3.65567190e-01 -1.41856291e-01 5.73806581e-01 4.55752948e+04 1.33962839e+01
 -5.82784149e+00 4.83496471e-01 -6.84378396e-01 -9.19289673e-01 -1.90770469e+04 1.36139060e+01
 -6.99062454e+00 2.68265418e-01 -1.72880888e+00 -1.88388508e-01 -2.92690868e+04 1.35920361e+01
 3.22715715e-01 1.13812427e-02 5.90177603e-01 6.38456699e-01 4.25867424e+04 1.36965279e+01
 -9.56071936e+00 -6.59998087e-01 1.49057936e+00 7.36816036e-02 1.52343257e+03 1.35684466e+01
 -2.93565429e+01 4.22385306e-02 1.06993398e-01 6.03146479e-01 1.11680482e+04 1.33052747e+01
 -1.46869200e+01 -8.00458945e-01 -2.53479479e+00 3.32148343e-01 2.45530207e+04 1.35203620e+01
 3.90507167e+00 -7.73416930e-01 -2.00322063e+00 -5.99154820e-01 4.04211454e+04 1.37522175e+01
 1.35647118e+01 1.50624426e-01 2.01904807e-01 -1.63465212e-01 -5.71861104e+03 1.38742004e+01
 -9.44931467e+00 2.47878718e-01 1.01337884e+00 -1.77630104e-01 -3.78356158e+04 1.35667385e+01
 2.62147381e+01 -3.72166045e-01 -1.10890481e+00 -4.43857576e-01 -1.46528904e+04 1.40495839e+01
 3.94969809e+00 5.83575950e-01 1.17292753e+00 -4.67889131e-01 1.42425214e+04 1.37572159e+01
 7.38074757e+00 -7.31284882e-01 9.36460333e-01 3.04735550e-01 -8.77565059e+03 1.37998992e+01
 -1.02413468e+01 2.34800916e-01 -9.85182455e-01 -7.50134621e-01 8.15179311e+03 1.35530904e+01
 -1.14084162e+00 8.02901803e-01 7.51255903e-01 -7.00345116e-01 -3.26243718e+04 1.36791355e+01
 1.39484147e+01 7.79513088e-01 9.90706325e-01 1.10502229e+00 -2.56887210e+03 1.39032104e+01
 -1.22165676e+01 -2.73801682e-01 -1.20301843e-02 -1.52086776e-01 -1.15348253e+04 1.35384526e+01
 -4.56050473e+00 4.41400777e-01 1.18773316e+00 -7.35069093e-01 1.08858484e+04 1.36549114e+01
 -2.70041578e+01 7.98198986e-01 -2.53077054e-02 2.46745852e-01 3.08411124e+04 1.33405690e+01
 1.11112593e+01 -1.02134415e-02 9.83995370e-01 3.31849497e-01 -4.17301619e+04 1.38628953e+01
 -1.12733012e+01 -6.34692910e-01 9.74636742e-01 4.63403249e-01 -3.54140893e+03 1.35400452e+01
 -6.93741924e+00 7.15669604e-02 1.76340148e+00 -2.92065044e-02 -2.62441707e+03 1.35860295e+01
 1.66046408e+01 -1.03296342e+00 2.24365455e-01 8.28074087e-01 -7.11592708e+03 1.39247461e+01
 -1.07233280e+01 1.74760468e-01 -6.23886405e-01 8.52779136e-02 8.53504204e+03 1.35651917e+01
 7.55430142e+00 -1.68004796e-01 -5.62174344e-01 1.10573036e+00 9.97442179e+03 1.38191667e+01
 2.71321716e+00 1.85545999e-01 -1.50900540e-01 -2.67056885e-01 3.32514089e+04 1.37294493e+01
 -1.19534218e+01 -2.50049206e-01 3.66306882e-01 -2.37150677e-02 -2.94255239e+04 1.35596858e+01
 -1.44594403e+01 -7.17788958e-01 -7.20698903e-01 6.76961245e-02 -1.79031115e+04 1.35221362e+01
 2.52618382e+01 -5.41103464e-01 -5.86975968e-01 -4.79420140e-01 4.43258716e+03 1.40553909e+01
 9.56362610e+00 5.64978816e-01 7.54120218e-01 -2.21607256e-01 1.20733755e+03 1.38152240e+01
 1.99042167e+01 1.09218393e-02 -2.39106718e-01 -4.62075276e-01 1.92586438e+04 1.39712280e+01
 -6.00354387e+00 -3.88061818e-01 5.07823587e-02 2.07678928e-01 -1.68535133e+04 1.36018496e+01
 -3.68689454e+00 1.64669652e-01 3.61704319e-01 5.74997032e-01 -8.61449208e+03 1.36630145e+01
 8.15945126e+00 -2.23909836e-01 -1.29761496e+00 2.94578349e-02 6.61071980e+03 1.38042462e+01
 7.28026744e+00 -8.05688961e-01 5.69753244e-01 -1.25463820e-01 -1.60945094e+04 1.37997722e+01
 -3.07933662e+01 -1.57098932e-01 1.81828862e-01 -5.53366242e-01 1.39454392e+04 1.32695923e+01
 1.63377661e+01 1.37020759e-01 5.32466533e-01 -1.22388336e+00 1.11980362e+04 1.39237626e+01
 2.39862103e+00 -6.90128927e-01 1.68145943e+00 -7.62840660e-01 4.34827175e+03 1.37202937e+01
 -6.43936037e-01 6.06039536e-01 -1.59698657e+00 -4.20396198e-01 1.10317957e+04 1.36898818e+01
 -3.22909232e+00 -5.65725341e-01 1.48002263e+00 -4.98855626e-01 1.88292588e+04 1.36576428e+01
 2.32698676e+01 -3.64555971e-01 -7.91588644e-02 1.07559414e+00 3.05204159e+04 1.39930577e+01
 -1.21398814e+01 -5.94388116e-01 4.32826848e-01 -6.53975656e-01 -2.17805193e+03 1.35181910e+01
 -1.97178441e+01 -1.37401838e-01 -1.16596281e+00 3.92156375e-01 5.59129420e+03 1.34174303e+01
 -1.23988938e+01 3.53085706e-01 -1.24476433e+00 -4.80346413e-02 -2.12298801e+04 1.35378444e+01
 2.56406455e+01 -9.10027872e-02 7.32497198e-03 3.52288350e-01 -1.44097652e+04 1.40264853e+01
 -1.56804715e+00 7.37049827e-01 1.11374363e+00 5.28235299e-02 -4.82982006e+04 1.36814774e+01
 -3.74529283e+00 5.73164355e-01 -1.06025613e+00 -2.40506529e-01 -9.49755919e+03 1.36364494e+01
 9.99813544e+00 -1.44720939e-01 1.55688866e+00 -2.78798062e-01 -1.77471606e+04 1.38165751e+01
 8.59996005e+00 -9.81919452e-01 1.04592440e+00 9.87107912e-02 2.80620541e+03 1.38251823e+01
 -5.41931368e-01 3.83913192e-01 -1.20282321e+00 -6.86598052e-02 1.38898941e+04 1.36847014e+01
 -4.82840040e+00 1.40022167e+00 -7.40088654e-01 3.39717721e-03 5.49960058e+03 1.36365610e+01
 -2.66565284e+01 6.12605267e-01 1.79888786e+00 1.62369684e-01 -2.08447799e+04 1.33415429e+01
 1.55318771e+00 -3.38024888e-01 1.56315576e+00 -1.63629611e-01 6.43581107e+03 1.37341590e+01
 7.37245215e-01 9.67710998e-01 5.81753794e-02 5.08363877e-01 -1.87365460e+04 1.37197125e+01
 -2.66898030e+01 -3.99089513e-01 -4.11215417e-01 2.08274672e-01 2.05929482e+04 1.33201033e+01
 8.86682032e+00 4.28451229e-01 1.32025390e-01 5.44714277e-01 2.67319115e+03 1.38213195e+01
 -1.33691790e+01 6.18529159e-01 -8.25379823e-01 4.94425242e-01 -1.02480096e+04 1.35258939e+01
 -5.27487381e+00 -1.42536826e-01 -2.19162846e+00 -8.23305289e-01 -3.51812442e+04 1.36173703e+01
 5.25716330e+00 -1.64820999e-01 1.21132481e+00 -5.55519133e-01 1.57910950e+04 1.37757934e+01
 -7.96509502e+00 3.67416261e-01 -1.47826485e+00 4.07435528e-01 -4.68605281e+03 1.35750954e+01
 -3.27917526e+00 4.51296993e-01 -9.51767763e-01 6.51384738e-01 -4.14892852e+03 1.36556552e+01
 -8.07392013e+00 1.77871472e-01 2.23327183e+00 -2.57305008e-01 1.21017589e+04 1.35609397e+01
 1.62282501e+01 6.38484104e-01 2.01930341e-01 -7.05476341e-01 2.60406735e+04 1.39140124e+01
 -2.10133320e+01 -6.29345843e-01 1.48154752e-01 -6.32456842e-01 1.85647839e+04 1.34072523e+01
 1.12609885e+01 2.92676342e-01 1.13758689e+00 -2.29560853e-01 9.84912101e+02 1.38645484e+01
 9.42900524e+00 1.77158517e-01 -2.37717722e+00 -2.18950867e-01 2.61671179e+04 1.38313239e+01
 6.37023045e+00 -1.38330660e-01 1.45398588e+00 1.07140223e+00 2.40406640e+04 1.37859441e+01
 1.54023131e+01 6.50154649e-02 -1.17374968e+00 2.17695581e-01 -2.61875814e+04 1.39156459e+01
 1.13451821e+01 7.79619243e-01 1.09234548e+00 -1.47139007e+00 2.10555321e+04 1.38580733e+01
 -5.41036823e-01 -3.41041657e-01 -1.26444831e+00 2.77960724e-01 -2.27082966e+03 1.36948195e+01
 1.04663043e+01 -4.67442288e-02 -1.48515327e+00 2.23008045e-01 -6.05503401e+03 1.38520427e+01
 -7.57185704e+00 1.71822144e-02 -7.83038621e-01 2.79943791e-01 -4.20103447e+03 1.36036138e+01
 -1.58946413e+01 -7.20911704e-01 1.03306675e+00 5.11488338e-01 1.84006898e+03 1.34827311e+01
 1.78900921e+01 -2.74445437e-02 3.87252666e-02 4.17159196e-01 1.10615531e+04 1.39406563e+01
 -2.13196110e+01 3.72711035e-01 9.66692971e-01 1.44933486e-01 -8.59323825e+03 1.33964268e+01
 -5.31344701e+00 -2.76781042e-01 5.28058345e-01 5.79821616e-01 6.68458559e+03 1.36267676e+01
 1.09139928e+00 -3.25791405e-01 1.35268205e+00 2.65183165e-02 1.70051070e+04 1.37058854e+01
 2.65992870e+00 2.89849890e-01 4.85823210e-01 5.58540705e-01 4.85904424e+04 1.37322562e+01
 1.00481218e+01 -2.06556457e-01 -1.40216377e+00 -9.22359780e-01 -4.85789411e+03 1.38533329e+01
 7.08765321e+00 -2.78776860e-01 -1.49029042e-01 -6.34323426e-01 -1.97995781e+04 1.37856598e+01
 8.49517413e+00 4.23158106e-01 4.91183361e-01 4.52974080e-02 3.11585037e+04 1.38104842e+01
 1.00677097e+01 -2.25326088e-01 9.12486543e-01 -1.46969456e-02 8.85374293e+01 1.38544383e+01
 -6.37034091e+00 -2.39520853e-01 -1.77478542e+00 -4.15655176e-01 -9.63278826e+03 1.36222717e+01
 1.06225247e+01 4.78486561e-01 -1.97020242e+00 -7.85200402e-01 -1.65932713e+04 1.38403437e+01
 6.13238912e+00 -1.89197401e-02 -4.85895380e-01 -3.30641553e-01 -1.05759329e+04 1.37926345e+01
 7.51553266e+00 1.30849765e-01 -1.12251936e+00 -5.20140162e-01 -1.36839211e+04 1.38102309e+01
 7.32189631e+00 5.61111362e-01 8.87750758e-01 -3.53459793e-01 -2.24045630e+04 1.38106694e+01
 -2.91900577e+00 8.52131414e-02 -8.84949440e-03 -4.47372047e-02 -1.61549807e+04 1.36526367e+01
 1.49118305e+01 1.06301661e-01 -6.26238997e-01 5.91043359e-02 -9.59179622e+03 1.39099993e+01
 1.91143211e+01 -1.51943435e-01 -6.64543711e-01 -1.47186490e-02 3.02961678e+04 1.39697880e+01
 2.48025571e+00 2.57018153e-01 -6.47676231e-01 -7.38473719e-01 2.79090214e+04 1.37304118e+01
 5.70318851e+00 -3.68025378e-01 9.87494553e-01 5.68486768e-01 8.62122695e+03 1.37693414e+01
 4.98639113e+00 -2.27316455e-01 -7.30176244e-01 -6.04896494e-01 1.73484819e+04 1.37626342e+01
 -2.76113256e+00 -1.40595860e+00 4.90998996e-01 -8.81261507e-02 2.43509984e+04 1.36650269e+01
 8.50720565e+00 -9.41525419e-02 2.37865423e-01 -3.44715158e-01 8.08918073e+03 1.38094861e+01
 -2.41680021e+01 -2.39484795e-01 1.42292133e+00 7.02996772e-02 -3.01808119e+04 1.33521200e+01
 -5.28401230e+00 -9.29696869e-02 -9.94606943e-01 -1.06401703e+00 2.32247657e+03 1.36412475e+01
 -4.86277532e+00 3.47412780e-01 4.92285620e-02 -1.41536960e+00 5.46827720e+03 1.36389106e+01
 -4.33127848e+00 -9.76927324e-01 1.64060064e-01 -1.75561097e-01 -4.80932098e+04 1.36313435e+01
 -5.26517944e+00 -3.46509157e-01 2.08708581e-01 4.65772969e-01 -2.28779643e+03 1.36240210e+01
 1.32031539e+01 -2.10394164e-01 -3.62917707e-01 5.37898643e-01 2.62126393e+04 1.38752006e+01
 -2.35532425e+01 -4.33852606e-01 9.53548240e-01 7.43461241e-02 -4.82873120e+03 1.33892796e+01
 7.79403428e+00 6.09978197e-01 -4.72158281e-01 -3.85161947e-01 -9.28753025e+03 1.37926527e+01
 8.03576362e+00 -1.17540015e+00 -3.38820222e-01 1.68697203e-01 -3.84596307e+03 1.38168981e+01
 -2.08982077e+01 -3.01615785e-01 7.94005293e-01 8.59229744e-01 1.66605321e+04 1.34230414e+01
 -1.50568364e+01 -1.24323122e+00 7.86347233e-01 -3.03907057e-01 2.36044795e+04 1.34804735e+01
 -7.13851475e+00 6.16628980e-01 -1.27527630e+00 -7.18004116e-01 -1.29471364e+04 1.36106820e+01
 6.28735719e+00 2.18527604e-01 5.05160191e-01 5.47994338e-01 -8.01534208e+03 1.37949073e+01
 3.12321566e+01 9.38381217e-01 -1.83124511e+00 2.44385823e-02 6.61740711e+02 1.41214060e+01
 -5.10355362e+00 -1.42629796e-01 -1.37571119e+00 7.10261178e-01 -2.00836714e+04 1.36175485e+01
 1.01418831e+01 -1.51277619e-01 1.31484179e+00 -6.19554623e-01 3.21835526e+03 1.38360070e+01
 4.31641717e+00 4.14743221e-01 -4.82749896e-01 -4.40668420e-01 2.38132513e+04 1.37776433e+01
 -2.16791279e+00 3.20000903e-01 5.73676349e-01 7.21733386e-02 -5.30309733e+03 1.36647917e+01
 -4.09154374e-01 6.42262567e-01 2.28190911e-01 -8.08210086e-02 8.01762469e+02 1.37025460e+01
 2.74299165e+00 -2.38645394e-01 2.33475347e-01 -7.31131962e-01 7.42159216e+03 1.37349781e+01
 6.90400076e+00 -1.26779431e-01 -9.42271869e-02 1.33206244e-01 -8.01370649e+03 1.37903266e+01
 1.04779339e+01 5.52282756e-02 2.23426295e+00 3.85072663e-01 -9.39116938e+03 1.38484144e+01
 1.76460518e+01 2.87155087e-01 1.17661652e+00 7.41346851e-01 -3.85996300e+04 1.39559795e+01
 3.00907942e+01 -8.26463010e-01 -1.44897851e+00 1.35098867e-01 -1.67181678e+04 1.40711173e+01
 -9.62284258e+00 -8.11589708e-01 -5.42277516e-01 -3.22184539e-01 3.25291856e+04 1.35567306e+01
 -7.13345933e-01 -3.21798495e-01 1.05720776e+00 -8.93226999e-02 7.75624487e+03 1.36767849e+01
 9.04392357e+00 1.92500467e-01 -2.26452191e-01 3.23530001e-01 -2.49988879e+04 1.38033376e+01
 -1.42085977e+01 -2.02127592e-01 1.29108921e+00 1.88914958e-01 -6.10958119e+03 1.34831136e+01
 5.67413535e+00 -2.31002057e-01 -5.05287003e-01 1.05831651e-01 -2.23691599e+04 1.37465081e+01
 -7.72688377e+00 -4.21061742e-01 -2.99990151e+00 -7.89068166e-01 2.66128268e+03 1.35791680e+01
 -5.29287929e+00 1.16828087e-01 6.66675237e-01 4.25062797e-01 -9.73464728e+03 1.36392837e+01
 6.85054746e+00 3.86189201e-02 -1.61022783e-01 -1.54255615e-01 -9.62207271e+03 1.37730203e+01
 -1.50551532e+01 3.56415433e-01 1.71785191e+00 1.70678855e-01 2.65895096e+03 1.34845604e+01
 -3.12943468e+00 3.38591042e-01 1.29376883e-02 -1.47226443e-01 -1.72444260e+04 1.36709540e+01
 8.99215189e+00 -8.63765794e-01 -2.84600750e-01 2.74962795e-01 -1.93428714e+04 1.38001121e+01
 -6.77380026e+00 7.48871910e-02 -7.86892467e-01 -8.00669158e-01 2.37672150e+03 1.36020883e+01
 -1.82409241e+01 5.65429961e-01 -1.74464367e+00 -2.66342319e-01 3.25249583e+04 1.34589686e+01
 -5.24278780e+00 1.87670260e-01 3.60917325e-01 -3.85440136e-02 9.95504274e+03 1.36277793e+01
 1.16597592e+01 -1.04262464e+00 5.85715897e-01 -2.96098501e-01 1.93077311e+04 1.38602485e+01
 -3.47934233e+01 -7.63237675e-01 1.52193868e+00 2.47918974e-01 1.41514148e+03 1.32277261e+01
 -3.92238594e+00 -2.31127708e-01 6.62635314e-01 -2.26492298e-01 2.47170973e+03 1.36645696e+01
 2.22032961e+00 1.32311585e-01 -4.47941467e-01 4.43485940e-01 -3.55195472e+04 1.37358540e+01
 4.46594589e+00 9.89651518e-02 8.77320647e-01 8.80787430e-02 2.08827143e+04 1.37762905e+01
 1.76596110e+01 -2.34062252e-01 2.77670915e+00 1.97274373e-01 8.69319908e+03 1.39262307e+01
 3.67288132e+01 3.45324383e-01 6.07048428e-02 -2.45551823e-01 -1.51197629e+04 1.41773197e+01
 3.86911044e+00 -1.93817207e-01 1.04388236e-01 1.78555762e-01 -2.42036977e+04 1.37253155e+01
 6.45084017e+00 -4.29298814e-01 1.50098052e+00 -3.05259554e-01 5.46011320e+03 1.37836767e+01
 2.56036918e+00 4.14760196e-01 2.66273693e-02 -3.41194089e-01 1.19316961e+03 1.37478484e+01
 1.12052467e+01 -2.38887215e-01 -2.64972849e+00 -9.35540575e-01 7.43077665e+03 1.38366196e+01
 -3.91259018e+00 -9.90505750e-02 -8.10691989e-01 -2.08541290e-01 -4.86350602e+03 1.36492053e+01
 -1.96312261e+01 -7.60753788e-01 2.43651877e+00 4.95896219e-01 2.22952069e+04 1.34370359e+01
 -3.48009491e+00 7.98468578e-01 -2.53370340e-01 1.15746809e-01 -2.83061869e+03 1.36516180e+01
 -6.81200705e+00 -1.13921063e+00 -2.60569977e-01 2.86154860e-01 1.07847138e+04 1.36274272e+01
 -4.21758096e+00 -3.31663135e-02 7.43020728e-01 -3.30394997e-01 5.18751083e+03 1.36496066e+01
 -1.37675233e+00 3.42877024e-01 -3.87906168e-01 3.72948018e-01 2.67897132e+04 1.36705754e+01
 2.06548110e+01 2.18442868e-01 9.74819043e-01 1.88108586e-01 -1.57310971e+04 1.39911511e+01
 4.59566732e+00 2.98011002e-01 -9.27540845e-01 -2.09465716e-01 4.70240517e+04 1.37617112e+01
 -6.29592502e+00 1.74923285e-01 -1.14643460e+00 6.22301088e-01 2.94958916e+03 1.36207565e+01
 -7.33100590e+00 9.87568836e-01 -8.40066212e-01 1.86447945e-01 -7.10600637e+03 1.35851109e+01
 -1.96151068e+00 -2.97547116e-01 -1.17149697e+00 -5.01890638e-02 -1.23416261e+04 1.36803935e+01
 2.84263117e+01 -1.13130536e-01 1.75901956e+00 1.80214108e-01 3.23682487e+03 1.40739506e+01
 1.38400149e+01 3.10256230e-01 -2.08522007e+00 7.00179487e-01 -2.05664529e+04 1.38729360e+01
 -1.27946217e+01 3.37117365e-01 -7.60776433e-01 -2.70289589e-01 2.22760052e+04 1.35308751e+01
 -5.06262406e+00 -3.81873029e-01 -2.22776716e+00 8.24095139e-01 1.00644165e+03 1.36347174e+01
 -2.47859286e+01 5.09219372e-01 -3.08965648e-02 -7.88784822e-01 4.54791749e+04 1.33579085e+01
 -7.99071948e+00 -6.44671782e-01 -2.48119977e-01 4.20348022e-02 1.84546208e+03 1.35816747e+01
 6.46595650e+00 -1.01932445e+00 4.71560775e-01 -4.81247754e-01 3.70466568e+04 1.37898165e+01
 1.26443380e+01 3.91350790e-01 -9.73129131e-02 4.59746171e-01 2.41979012e+03 1.38390697e+01
 2.46141506e+01 -5.55557756e-01 -2.52243822e+00 2.17320855e-01 -1.83064176e+04 1.40288149e+01
 2.08623815e-01 3.18235946e-01 -1.30585975e+00 2.56917807e-01 1.26613234e+04 1.37210563e+01
 5.20791960e+00 5.41932966e-01 1.80614253e+00 -2.03854387e-01 -2.28001758e+04 1.37743842e+01
 2.81347183e+01 4.33529373e-01 1.81326651e+00 1.37683714e-01 -6.06949060e+03 1.40714104e+01
 -1.03346921e+01 2.41046019e-01 -7.43529245e-01 -3.42511209e-01 -1.95904969e+04 1.35674896e+01
 1.52770177e+01 -1.84510055e-01 -1.17815302e+00 5.63110703e-01 -1.25569996e+04 1.39023207e+01
 1.37627928e+01 3.01726216e-02 1.83154237e-01 2.40391352e-01 4.08762780e+04 1.39023544e+01
 -1.13942318e+01 -3.90924408e-01 -6.61939446e-01 1.76264040e-01 7.16881131e+03 1.35533631e+01
 2.63704040e+01 9.31857931e-01 -5.24624918e-02 -5.58824574e-01 1.45581764e+04 1.40740692e+01
 1.12000956e+01 -2.97118092e-01 1.87665961e-01 -9.73927339e-02 -2.95246546e+04 1.38492415e+01
 8.81828712e+00 -3.48914643e-01 1.04457190e+00 -5.72163346e-01 7.38732862e+03 1.38223505e+01
 -1.58047030e+01 4.85573780e-01 -1.38309804e+00 -2.82958012e-01 2.06279296e+04 1.34777324e+01
 2.42228219e+00 5.90705670e-01 7.79155677e-01 -1.30992318e+00 8.02861711e+03 1.37420403e+01
 1.29380798e+00 -3.53179020e-01 -6.31123927e-01 1.14072679e-01 -8.66429227e+03 1.37100053e+01
 -4.92433403e+00 1.91756788e-01 1.37322536e+00 -7.22326171e-02 -2.68066188e+03 1.36374522e+01
 -5.39755614e+00 -9.23523378e-02 -1.10666606e+00 6.68009954e-02 -6.44009093e+03 1.36133079e+01
 -4.62190373e+00 3.35424815e-01 6.69857354e-02 4.38810829e-01 -1.92240384e+04 1.36227069e+01
 -2.60445359e+01 -3.84350583e-01 9.20290949e-01 9.17797578e-02 -4.31103964e+03 1.33386262e+01
 1.08818173e+01 3.18927240e-01 -1.52809702e+00 3.18411992e-01 -2.09443640e+04 1.38541664e+01
 -1.74820402e+01 -2.22000388e-01 -9.14201836e-01 -9.22104735e-01 -1.31011941e+04 1.34822226e+01
 -1.99391801e+00 5.41353193e-02 4.63457207e-01 -6.02376698e-01 -2.14064940e+03 1.36568214e+01
 -4.75182747e+00 6.41927080e-02 8.54188008e-01 -3.92482690e-01 -1.89104225e+04 1.36433632e+01
 -1.28498208e+01 7.11624580e-01 -2.31260560e+00 -9.04492629e-01 1.26288328e+04 1.35131641e+01
 7.71633562e+00 -2.37311174e-01 -8.76172497e-01 1.01912875e+00 1.48942368e+04 1.38028150e+01
 -1.55682846e+00 6.38926922e-01 -4.11716322e-01 4.47441659e-01 -3.82415676e+03 1.36628898e+01
 -1.94881399e+00 -4.72629891e-01 8.81579600e-01 -5.36542752e-01 -1.20311895e+04 1.36410447e+01
 -2.59476576e+01 3.10539099e-01 3.51120565e-05 -8.68028811e-03 1.16277501e+03 1.33592775e+01
 1.15378491e+01 9.97219068e-01 -1.36260919e+00 -8.04092163e-01 -2.81618727e+04 1.38451151e+01
 -3.37838411e+00 -4.45929687e-01 1.82240085e+00 4.68873962e-01 2.83800921e+03 1.36642575e+01
 2.77693269e+01 -4.38234305e-01 1.89531587e+00 -8.56417131e-01 1.07692750e+04 1.40856416e+01
 2.41552251e+01 -1.50922283e+00 -9.57187044e-03 6.62182485e-02 1.10240440e+04 1.40179736e+01
 -1.25074061e+01 4.38671275e-01 -7.49578791e-02 -3.42144469e-01 2.62875222e+03 1.35346324e+01
 -6.06580123e+00 3.25541181e-01 2.82718061e-01 -1.46545538e-02 1.57775943e+04 1.36152075e+01
 -7.95683258e-01 2.10667412e-01 -1.63831111e+00 3.30804336e-01 1.72399612e+04 1.36758116e+01
 -1.09317733e+01 -2.14692270e-01 -1.98758455e+00 -3.37894459e-01 -6.33906867e+03 1.35407682e+01
 -8.92457522e+00 1.99640660e-01 -1.01201362e+00 -2.70226886e-01 -2.82189858e+04 1.35852398e+01
 -1.46523328e+01 7.84250507e-01 -8.81826255e-01 -4.22012696e-01 2.99647392e+03 1.35091311e+01
 1.34245538e+01 1.23364613e-01 -1.92636608e+00 -9.49091788e-02 7.15569429e+03 1.38772240e+01
 -4.35143160e+00 -1.92475084e-03 -6.18923037e-01 -5.18899928e-01 1.41227732e+03 1.36254466e+01
 5.05447351e-01 1.56112242e-01 2.77172094e-01 -5.28368848e-01 9.63723218e+02 1.37107795e+01
 5.17721005e+00 -3.58125803e-01 2.84656655e-01 6.07790925e-01 -3.80699015e+03 1.37649657e+01
 6.78862027e+00 -4.62874957e-01 -1.86057331e+00 3.82798699e-01 -2.38240338e+04 1.37845422e+01
 1.86411959e+01 5.00191267e-01 1.54450897e+00 6.50297950e-01 -3.23077183e+04 1.39511577e+01
 -1.50949452e+01 7.76374091e-01 -1.00399957e+00 -3.03243879e-02 2.40844482e+02 1.35039971e+01
 2.52343304e-01 6.18308093e-01 -1.49614517e+00 -8.25320610e-02 -4.81126520e+04 1.37094684e+01
 -8.19532504e+00 -1.21689782e+00 1.12805294e+00 -3.02164571e-01 3.11564130e+04 1.35928862e+01
 -2.34553191e+01 -1.04814820e-01 -2.46764806e-01 -5.53882805e-01 -7.49257464e+03 1.33879440e+01
 -1.22319771e+01 -5.23457658e-02 -3.88744116e-03 -2.05558574e-02 2.80427825e+04 1.35253930e+01
 9.62725136e+00 1.60465722e-01 6.50073980e-01 5.22277387e-01 4.12498851e+03 1.38336466e+01
 -1.71696217e+01 -3.43493387e-01 1.16624695e-01 6.18908770e-01 3.47176139e+03 1.34664546e+01
 8.56968795e+00 7.10277055e-01 2.92296971e-01 -2.05190660e-01 -2.51594808e+03 1.37948214e+01
 -1.05127977e+00 -1.03523997e+00 -5.21743752e-01 -2.06818035e-01 -1.48094105e+04 1.36760094e+01
 1.15281134e+01 -1.24304712e-01 -8.22500382e-01 -4.15430309e-01 -1.34183562e+04 1.38679829e+01
 5.56425058e+00 3.60597032e-01 1.07617209e-01 5.26177180e-02 -1.47747119e+03 1.37786024e+01
 1.53571904e+01 4.70337255e-01 7.91473711e-01 6.15319331e-01 2.75617471e+04 1.38997496e+01
 -1.42808230e+01 8.10557327e-01 -4.33485981e-01 4.42550791e-01 -1.82659524e+04 1.34909992e+01
 -6.93982628e+00 8.79207930e-01 -4.90828089e-01 1.95331333e-01 -9.09868676e+03 1.36141406e+01
 -3.42972978e+00 -9.39614061e-01 2.69464795e-01 4.64356349e-01 -4.11067099e+03 1.36634705e+01
 -4.12213710e+00 6.06891642e-01 4.21967488e-01 1.51784995e+00 2.33296371e+04 1.36378959e+01
 -3.65996553e+00 -1.20293752e-01 -9.18699886e-01 5.29839675e-01 2.43619506e+03 1.36559007e+01
 -3.06587066e+01 6.73340070e-01 -5.11920523e-01 -2.79810936e-01 -9.71983433e+03 1.32801971e+01
 -1.15926343e+01 -3.11212845e-01 5.71140033e-01 3.86484780e-01 -2.41124019e+04 1.35608749e+01
 1.57373316e+01 1.06827066e+00 2.81099507e-02 -3.29630456e-01 -3.32527556e+03 1.38974341e+01
 1.42936076e+01 8.40242909e-01 -9.72892283e-02 -3.88726955e-01 -1.20542900e+03 1.39029926e+01
 -1.93981332e+01 -6.65766840e-01 -3.22799615e-01 5.60117733e-01 1.28935570e+03 1.34354386e+01
 1.95382275e+01 4.17613230e-01 1.11872734e+00 1.85859387e-01 -9.29262434e+03 1.39434000e+01
 -5.94331068e-01 1.90547858e-01 -2.09595477e-01 -3.25448678e-01 2.08931017e+04 1.36816100e+01
 -3.53358671e+00 1.71783537e-01 -3.20773350e-01 -3.14417575e-01 -1.20807061e+04 1.36380573e+01
 8.30085432e+00 -8.57853554e-01 1.00591223e+00 -6.52326419e-02 4.13817803e+02 1.37927587e+01
 -9.01693178e-01 -1.83666604e-01 1.98831092e-01 -2.31029905e-01 -2.46235840e+04 1.37015437e+01
 6.69803008e+00 -5.72182416e-02 8.92073183e-01 -3.03449159e-01 -2.38203583e+04 1.37820796e+01
 1.73402311e+00 -4.12876644e-01 1.14348328e-01 2.09946795e-01 -4.76038412e+03 1.37149730e+01
 -1.91053573e+01 3.88635285e-01 3.42716248e-01 -1.50797641e-01 -1.76206755e+04 1.34426587e+01
 1.71604493e+01 6.04595221e-01 1.55271311e+00 1.50027512e-01 -1.12258542e+04 1.39360309e+01
 -1.69997830e+00 4.08458399e-01 -1.13086522e+00 4.49080922e-01 -9.11279928e+02 1.36950223e+01
 -1.24193468e+01 5.30855729e-01 6.95602565e-01 -3.30738032e-01 -8.11179630e+03 1.35376505e+01
 6.48438348e-01 -6.70686025e-01 1.21387907e+00 5.83148248e-04 1.52408401e+04 1.37134013e+01
 -1.09339026e+01 4.49457799e-02 -2.14483627e-01 -4.65467302e-01 -8.37618333e+03 1.35366732e+01
 1.15488200e+01 7.32434914e-01 -4.84924515e-02 -3.85563608e-01 5.97604673e+03 1.38382811e+01
 -8.12523002e+00 -6.40067391e-01 9.08660924e-01 2.24252567e-01 1.89627664e+04 1.35730209e+01
 -2.97661065e+00 1.08742609e+00 1.31459739e+00 4.92023687e-01 -1.36499464e+04 1.36514215e+01
 -1.03549356e+01 -1.19898657e+00 2.80240701e-01 -2.92067457e-01 1.42291447e+04 1.35659663e+01
 6.90735470e+00 -9.17903215e-01 4.83162265e-01 -4.50395072e-01 1.32423968e+03 1.37899976e+01
 -1.19082118e+01 -2.53130138e-02 -1.29997696e-02 5.67117902e-02 6.99581015e+03 1.35528295e+01
 1.19027712e+01 3.53848147e-02 -1.85705648e+00 -4.90446690e-01 1.91807836e+04 1.38687458e+01
 -5.20050604e+00 2.26295794e-01 1.10507931e+00 -1.37373988e-02 -1.49510886e+04 1.36174187e+01
 2.07286534e+00 8.33383548e-02 2.43105524e+00 -4.73134498e-01 -1.54253770e+03 1.37345494e+01
 1.44218715e+01 -3.20239368e-01 -2.46000883e+00 -2.05905903e-01 -4.74021808e+01 1.38938954e+01
 -1.26773235e+01 -1.00612793e+00 -8.96080213e-01 4.51098045e-01 8.16505711e+03 1.35361733e+01
 2.48514810e+01 -6.26025777e-01 3.13841912e+00 3.82491742e-01 3.24590803e+04 1.40128159e+01
 5.56765262e+00 5.04740208e-01 -1.30395097e-02 -2.16426095e-01 -6.68217036e+03 1.38003108e+01
 -9.39040646e+00 -2.81530961e-01 -2.91676475e-01 -2.07703481e-01 -1.48221578e+04 1.35634654e+01
 -1.94032847e+01 -4.11505034e-01 -1.85337326e+00 -1.35806504e-01 -1.59095435e+04 1.34264421e+01
 7.16496870e+00 6.46604913e-01 4.35246223e-01 -1.79605785e-01 -1.73297961e+04 1.37781474e+01
 1.46708152e+01 -3.20760064e-01 -1.91185441e+00 3.50094345e-01 -2.75895614e+02 1.38946417e+01
 -7.52325300e+00 -3.94697979e-01 -1.72709376e+00 -2.45714447e-02 4.04073555e+03 1.35919421e+01
 -5.40602058e+00 4.12789942e-01 1.54624981e+00 -2.20672856e-01 2.86379281e+03 1.36081997e+01
 2.68241220e+00 4.98339236e-01 -1.10888234e+00 -5.46444940e-01 -2.19329202e+04 1.37425638e+01
 9.74616901e+00 -5.80932932e-01 -7.02902977e-02 -5.29462078e-01 1.69971007e+04 1.38211349e+01
 -2.14342058e+01 -2.18827922e-01 -4.13025728e-01 4.68268832e-03 -1.96535794e+04 1.34056625e+01
 -1.89675380e+01 5.02187644e-01 -1.21228828e+00 -2.00353386e-01 7.30384787e+03 1.34343683e+01
 1.21055280e+01 -2.88444864e-01 1.28479168e+00 2.03269348e-01 -2.97429824e+04 1.38383639e+01
 1.25796200e+01 -1.98094811e-01 4.21073481e-01 3.38312773e-01 -3.66996950e+03 1.38708457e+01
 -1.60363931e+01 -6.30667702e-01 1.53167967e+00 -3.55332080e-01 -6.94821955e+03 1.34987962e+01
 -2.13153367e+01 9.24759672e-02 -6.71863444e-01 -1.61240532e-01 4.23344720e+03 1.33995031e+01
 -9.60188958e+00 -6.33529104e-02 -2.38957655e-01 6.65806465e-01 -1.18320871e+04 1.35667616e+01
 2.47928042e+01 -8.40723574e-01 -1.10531752e+00 6.43997174e-01 -6.29875512e+03 1.40317003e+01
 2.78840402e+01 3.87846493e-01 -1.72640061e+00 -4.39845499e-01 1.28176097e+04 1.40818546e+01
 -9.80930732e+00 -9.48012509e-01 -1.16307367e-01 6.88566542e-02 -4.14129858e+04 1.35751736e+01
 2.52031453e+01 1.30340068e-02 3.17904243e-01 -1.15353154e-01 3.42408410e+03 1.40399691e+01
 1.67343493e+01 -2.23179754e-01 2.40111484e+00 2.49860372e-01 1.80265725e+04 1.39324617e+01
 2.35501270e+00 8.63495714e-01 4.24248282e-01 1.22473980e-01 2.45441931e+04 1.37327141e+01
 -8.22512215e+00 -4.93705126e-01 -9.73600433e-01 2.88728514e-02 8.74791960e+03 1.35890289e+01
 -1.40797176e+01 -7.18301529e-03 -1.94081807e-01 3.91013847e-01 9.52901402e+03 1.35243278e+01
 1.33686988e+01 3.55625268e-01 -6.76487454e-02 -2.66014570e-02 1.80266945e+04 1.38840847e+01
 -3.40281198e+00 1.60086587e-01 6.20960334e-01 -5.81432602e-02 -3.54013966e+03 1.36237305e+01
 -1.18142188e+01 9.21805492e-01 -2.47244874e-01 -5.59070016e-01 -2.74118766e+03 1.35539325e+01
 -1.38900002e+01 2.57078556e-01 6.83201886e-01 4.33197891e-02 1.56762657e+04 1.35063113e+01
 -5.30920256e+00 2.76820984e-01 -5.13113208e-02 1.37830104e-01 -7.86353341e+03 1.36199275e+01
 2.36471489e+00 -2.24817720e-01 1.15674827e+00 4.60133783e-01 -1.44823930e+04 1.37349865e+01
 3.03065553e+00 7.75819357e-01 -1.13798075e+00 -2.33177071e-01 4.73572693e+03 1.37226865e+01
 3.39775555e-01 1.10965893e+00 -1.14708984e+00 1.42686046e+00 1.93657050e+04 1.37094699e+01
 1.70991143e+00 -6.98127514e-01 5.34548249e-01 -7.56431496e-01 2.62302208e+04 1.37295069e+01
 1.77980236e+00 2.58219531e-01 1.19769048e+00 -1.60273894e-01 -5.63488712e+04 1.37239627e+01
 -4.44885161e+00 3.95747908e-01 -2.38996406e+00 3.11509833e-02 5.39961881e+03 1.36592283e+01
 -1.36591707e+01 4.14773383e-01 -7.35894893e-01 -5.62444837e-02 -4.58884108e+03 1.34988464e+01
 -6.22681747e+00 7.04784849e-01 6.18779820e-01 4.81196478e-01 -9.87706639e+03 1.36151137e+01
 1.20852144e+01 1.16235946e+00 -1.45162227e+00 7.67367910e-01 2.39910887e+03 1.38287909e+01
 -9.58267002e+00 -5.32051467e-01 2.44478522e+00 -1.26610392e-01 -5.16260560e+03 1.35851417e+01
 -3.62215344e+00 -1.42480116e-01 1.56613687e+00 -1.51895600e-01 -7.65229524e+03 1.36269911e+01
 8.12085840e+00 1.16539675e-01 7.38024448e-01 4.31555854e-02 8.82201012e+03 1.37994752e+01
 -3.59384220e+00 1.10571707e-01 -6.61503910e-02 -4.75594130e-01 -9.14769894e+03 1.36550625e+01
 -6.44895665e+00 2.56611542e-01 -8.71723743e-01 1.35869892e-01 1.39334043e+04 1.36130533e+01
 -6.29867457e+00 1.90508491e-02 -2.72622590e+00 -2.11723619e-01 1.72637948e+04 1.35862724e+01
 4.93177396e+00 4.12944757e-01 4.44945772e-02 8.33051857e-02 -2.50213730e+03 1.37441583e+01
 -2.07978231e+01 5.00704987e-01 -3.71766559e-02 -4.10651115e-01 2.27296507e+04 1.34238829e+01
 2.13190121e+01 -6.71963220e-03 1.01033891e+00 -3.73895949e-01 4.61720690e+02 1.39854081e+01
 1.90575471e+01 -2.58765582e-01 -1.24503577e+00 1.33203011e-01 -1.64137049e+04 1.39724444e+01
 3.81879077e+00 -2.74798620e-01 -8.68465146e-01 -2.43495002e-01 1.24267801e+04 1.37505289e+01
 8.84577320e+00 -6.50985071e-02 1.60797371e+00 -2.05725166e-01 3.48935209e+04 1.38018960e+01
 -1.05055092e+01 3.42677997e-01 1.09956944e+00 1.79530276e-01 -1.55217741e+04 1.35792239e+01
 -8.03396511e+00 1.76548395e-01 6.64161240e-01 -2.63632177e-01 -1.12912620e+04 1.35819486e+01
 -9.89697331e+00 6.59060916e-01 -2.01433283e+00 -1.19673470e-01 -3.31452102e+04 1.35417878e+01
 -6.85949224e+00 -5.30276039e-02 -2.36410425e+00 -5.25474571e-01 -4.51291527e+03 1.36102696e+01
 9.08252890e+00 2.74462191e-01 6.96832314e-01 7.19201538e-01 2.07416151e+04 1.37990047e+01
 -2.99530034e-01 -8.08406895e-01 -1.14795175e+00 6.30838370e-03 -1.48503346e+04 1.37258880e+01
 2.08391108e+01 -5.01850432e-01 1.01388537e+00 5.16058068e-01 -1.31862475e+04 1.39857103e+01
 -1.06586742e+01 2.30029732e-01 -8.73917537e-01 1.95470247e-01 -2.19060351e+04 1.35468924e+01
 1.40900798e+00 1.89465372e-01 9.19389686e-01 -2.43732542e-01 -3.90985425e+03 1.37320918e+01
 9.12478508e+00 -3.48123237e-01 -1.51801880e+00 -5.79901017e-01 1.09088290e+04 1.38213393e+01
 5.84656129e+00 -3.42862808e-01 -2.02263451e+00 -5.62568707e-01 -2.02548619e+04 1.37736806e+01
 -1.68040110e+01 -1.15250135e+00 7.67623581e-01 5.05137213e-01 -1.22894224e+04 1.34861528e+01
 2.41843863e+01 -1.47071103e-02 -2.73386065e-01 -1.22299672e+00 -5.86549617e+03 1.40519357e+01
 1.24132548e+01 -2.84945585e-01 1.84502477e+00 2.56336074e-02 -1.21621406e+04 1.38608548e+01
 -1.60581315e+00 2.69926938e-01 4.85332530e-04 1.30822742e-01 2.08069928e+02 1.36592559e+01
 -4.96354336e+00 -1.82035457e-01 -2.89225343e-01 1.06766314e-01 3.30647634e+04 1.36397484e+01
 1.03785249e+00 5.24857504e-01 1.00390290e-01 -1.02622547e-01 1.23327165e+04 1.37307531e+01
 8.13713294e+00 -7.48296305e-01 8.65645196e-02 -5.13334160e-01 -6.00835096e+03 1.38418365e+01
 -1.85569878e+01 -1.56431851e-01 -6.26708433e-03 -1.92534228e-01 3.93268810e+03 1.34535829e+01
 -3.10277721e+01 -3.19556019e-01 -2.53444312e+00 -1.83416340e-01 -1.53511570e+04 1.32828551e+01
 -8.01887024e+00 -5.36436425e-01 6.00506990e-02 2.07330017e-01 2.09004575e+04 1.35760011e+01
 -1.03345866e+01 2.21967020e-01 -2.02588300e-01 2.09162907e-01 -5.56826756e+03 1.35625816e+01
 -7.32514902e-01 8.17597043e-01 4.43173447e-02 -4.43714837e-02 1.91573202e+04 1.36934035e+01
 -3.65731580e+00 -2.04070516e-02 -3.34360929e+00 -7.99963537e-02 -6.46931078e+03 1.36310332e+01
 3.37583255e+00 5.70665808e-01 -1.52861280e+00 1.71409995e-01 -8.07831262e+03 1.37354605e+01
 -8.88190063e+00 1.03584270e+00 -1.47924726e+00 1.43733499e-01 -9.76217535e+03 1.35886074e+01
 3.97657256e+01 4.26162133e-01 1.15899300e+00 -7.44066725e-02 1.60830614e+03 1.42322201e+01
 7.59856060e+00 9.54962888e-02 1.19713368e+00 1.19177215e-01 -2.57677535e+04 1.38156350e+01
 5.47692258e+00 -1.29965528e-01 1.43226208e+00 -1.17786465e+00 -5.19105286e+04 1.37841972e+01
 -3.24668774e+00 -6.11401339e-01 -7.42724161e-01 6.36682097e-01 3.69416345e+04 1.36565382e+01
 -7.73360725e+00 -4.53641034e-01 -2.16171313e+00 6.14490426e-01 1.93722636e+03 1.35717665e+01
 -1.87311726e+01 6.84454565e-01 2.61413674e-01 2.66338105e-02 9.46694602e+03 1.34473804e+01
 1.20291849e+01 -2.22755159e-01 -9.41946669e-01 -4.44371977e-01 1.30982355e+04 1.38740622e+01
 -1.93871165e+01 -2.48821267e-01 2.71442161e+00 6.54014686e-03 2.69831909e+04 1.34334767e+01
 1.09489120e+01 -3.95606993e-02 1.42425963e+00 2.10998004e-01 -5.10658517e+03 1.38362146e+01
 1.65371118e+01 2.46601012e-01 -4.82261643e-01 4.23495802e-01 -6.49996573e+03 1.39233457e+01
 3.45866446e+00 -4.32116743e-01 -1.15877812e+00 3.27459055e-02 -3.03808116e+04 1.37706356e+01
 -4.90076181e+00 -4.05105121e-01 -7.34799547e-01 -3.06942534e-01 -2.17158509e+04 1.36231428e+01
 2.45323306e+00 -5.03509512e-01 -9.72645133e-01 5.54749893e-02 4.57091759e+03 1.37421583e+01
 -6.30476101e+00 -2.56665103e-01 3.18796152e-01 -4.36861759e-01 -2.83940096e+04 1.36132395e+01
 -3.27278467e+00 -2.14429934e-01 -1.98459370e-01 2.38495692e-01 -2.69037311e+04 1.36545339e+01
 1.88505413e+01 2.00505798e-01 1.50870062e+00 1.13628021e+00 -6.02365777e+03 1.39616923e+01
 -3.62513866e+00 9.96484871e-02 7.29416099e-01 1.68099327e-01 6.24157164e+03 1.36578563e+01
 -1.22303922e+01 -9.46434287e-01 -1.86409725e+00 -2.73743333e-02 -3.60128191e+03 1.35606120e+01
 -7.21917221e+00 4.42150452e-02 3.55596775e-01 5.29835004e-01 2.39670225e+04 1.35769857e+01
 2.24892528e+01 -3.64969696e-01 1.83826598e+00 -5.32422484e-03 1.93744093e+04 1.39875302e+01
 -4.10475159e+00 2.33025906e-01 -3.76459851e-01 4.95745601e-01 8.39919665e+02 1.36270399e+01
 -9.24461705e+00 -1.88131490e-01 -1.31143105e+00 -1.51550361e-01 -1.73461583e+04 1.35750839e+01
 -1.85058405e+01 -1.30302244e+00 -1.83808899e+00 2.13998640e-01 -9.64978275e+03 1.34523348e+01
 -4.87951176e+00 -1.92970672e-01 1.80002809e-01 -9.36283960e-03 1.38428299e+04 1.36349656e+01
 1.91985718e+01 -2.24254867e-01 9.42174154e-01 3.11616380e-01 -1.37337127e+04 1.39574890e+01
 -6.84935045e+00 -4.09951255e-01 1.47742971e+00 5.37048612e-01 -1.00988063e+04 1.36021950e+01
 -4.40533264e+00 9.36839094e-02 -2.90094464e+00 4.27263024e-01 3.66051304e+04 1.36341434e+01
 -2.24227688e+00 -2.12956345e-01 -1.46921513e+00 3.01650246e-01 8.62017548e+03 1.36561108e+01
 -4.20327689e+00 3.22063172e-01 -9.31978302e-01 -6.31229866e-02 1.56635505e+04 1.36377586e+01
 1.61111207e+01 4.48253584e-01 1.21119943e+00 3.99143773e-01 5.64550584e+03 1.39242293e+01
 1.10690236e+01 6.22052670e-01 7.16718102e-01 -5.32490991e-01 5.20692345e+03 1.38378945e+01
 -1.98003124e+01 -2.08784480e-01 9.88804385e-02 -4.83136030e-01 1.07546573e+04 1.34282872e+01
 -1.80696082e+01 -4.06190211e-01 1.02153272e+00 8.12769327e-01 -2.74719132e+04 1.34520991e+01
 -9.75145319e+00 1.02594498e+00 2.45098654e-01 -9.95509079e-02 1.24503380e+04 1.35808717e+01
 1.37582056e+00 -9.94679627e-01 -3.98211744e-01 -2.39566224e-01 -1.87881994e+04 1.37098630e+01
 1.10746000e+01 -4.87507035e-01 5.53161004e-01 2.70826180e-01 -3.14678053e+04 1.38600602e+01
 1.99056984e+01 5.78653883e-01 4.74403882e-01 3.53299716e-01 -8.41815278e+03 1.39938938e+01
 8.77865972e+00 3.34310472e-01 1.94998525e+00 2.22166750e-02 6.75199274e+03 1.38061675e+01
 -3.36583541e+01 -6.86495962e-01 7.41841169e-01 1.48755505e-01 1.84966369e+04 1.32463888e+01
 -1.71086189e+01 -3.14471860e-01 -7.94477180e-01 4.01124286e-02 2.58757851e+04 1.34712943e+01
 -1.40065731e+01 2.50852757e-01 8.11987331e-01 -3.91630433e-01 -1.93915911e+02 1.35055262e+01
 -1.71953161e+01 5.24425879e-01 9.60352145e-01 -7.29513215e-01 -1.79107255e+04 1.34784695e+01
 -1.35291607e+01 7.28470932e-01 6.78802157e-01 9.41551416e-02 -4.03053724e+03 1.34823394e+01
 -3.51073498e+00 -5.42814144e-01 -3.52855005e-02 2.80110419e-01 -2.35826045e+04 1.36668276e+01
 3.01041257e+01 -1.59765245e-01 1.29979043e+00 1.56909768e-01 1.90866466e+03 1.41140992e+01
 -4.61410986e-01 -5.33541157e-01 1.75636601e+00 2.08975523e-01 3.30938513e+04 1.36998710e+01
 2.16914777e+01 9.34267180e-01 4.97294942e-01 3.67236473e-01 8.16791403e+03 1.39912659e+01
 7.73716158e-01 -5.14087528e-01 1.02910315e+00 -5.08988470e-01 -2.98296254e+04 1.37291036e+01
 8.55548838e+00 1.27046498e-02 1.26321657e+00 -3.05801306e-01 -3.01048254e+03 1.38041595e+01
 -1.65337968e+01 -3.06828398e-02 -1.13584588e+00 5.22328366e-02 -6.29017971e+03 1.34706426e+01
 8.91275690e+00 2.79195655e-03 1.77175405e+00 -4.29886856e-01 1.01309442e+03 1.37915214e+01
 -8.95624718e+00 6.18050614e-01 -5.79630189e-01 3.24753771e-01 2.13929873e+04 1.35881583e+01
 2.51756891e+01 9.23238631e-01 -5.76734141e-01 -7.67738232e-01 -2.53138664e+04 1.40185152e+01
 1.99671907e+01 -7.21246508e-01 -5.65293658e-01 -1.42575621e-01 9.74821414e+03 1.39852932e+01
 1.07757039e+01 6.06268911e-02 -4.15656060e-01 2.65441125e-01 6.56760614e+03 1.38491531e+01
 1.62960592e+01 8.31767526e-01 1.83010195e+00 -3.85913710e-01 -6.11653087e+03 1.39000026e+01
 -4.22105041e+00 -1.32658100e-02 -1.58594493e+00 6.61994968e-01 1.03143306e+04 1.36227405e+01
 -1.40321054e+01 -6.75816110e-01 -2.19383822e+00 4.54454630e-01 -7.16577405e+03 1.35114383e+01
 7.51494602e+00 3.09606865e-01 -8.47077539e-01 2.43960502e-02 -2.18596893e+04 1.37849234e+01
 2.85852888e+00 5.35141486e-02 -3.07742674e+00 1.60842965e-01 -1.36826629e+04 1.37727784e+01
 -6.60048846e+00 4.82781502e-02 3.01598901e-01 3.64910932e-01 2.07588550e+04 1.35935092e+01
 8.40540517e+00 -1.55414229e-01 -5.30374545e-01 5.49458511e-01 1.34157633e+04 1.37820087e+01
 -6.43369282e+00 3.52592010e-01 -4.07181598e-01 7.37202564e-01 1.44473497e+04 1.35985244e+01
 8.46400053e+00 -7.91546019e-02 -8.30424635e-01 -1.08152651e-01 1.29482492e+04 1.38247777e+01
 1.15313926e+00 -2.15870760e-01 5.81996875e-02 1.70559499e-01 5.11684794e+04 1.37067642e+01
 2.06185129e+01 9.82573926e-01 -9.08970811e-01 2.05187801e-01 -2.06087514e+04 1.39760442e+01
 -2.79583748e+00 9.86247629e-01 1.15728945e+00 3.20333102e-01 -4.23774092e+04 1.36478214e+01
 6.40676904e+00 2.65603152e-01 7.23823754e-02 7.29643868e-01 -4.82410397e+02 1.37736060e+01
 2.09805368e+01 1.26714809e-01 3.62337949e-01 -6.11115343e-02 1.90450932e+04 1.39531669e+01
 -7.50904628e+00 -6.71101073e-01 4.48438823e-02 2.21141456e-01 -5.96956307e+03 1.35995195e+01
 -3.42013725e+01 6.76487737e-01 2.04739812e-01 2.25952475e-01 -6.17862554e+03 1.32097834e+01
 2.46350753e+00 -3.44693280e-01 2.03276789e-02 3.09085614e-01 -3.67094817e+04 1.37469157e+01
 -3.65515267e+00 -1.10716966e-01 4.98575869e-01 -3.54006287e-01 -6.19895517e+03 1.36549928e+01
 1.62468207e+01 9.21273584e-01 -3.31877386e+00 3.54539814e-01 -3.65458720e+03 1.39128785e+01
 8.52165258e-01 2.00058044e-01 1.17584250e+00 4.60834894e-01 4.73887760e+03 1.37235340e+01
 -8.65711642e+00 -7.27104668e-01 1.14218168e+00 -1.43496359e-02 1.25079930e+04 1.35779399e+01
 -1.51482325e+01 -9.69301956e-02 -1.70690921e+00 4.17270318e-01 -2.01088676e+03 1.34704180e+01
 4.57502127e+01 3.68169925e-01 3.96783975e-01 6.36688187e-01 3.80073717e+03 1.42939678e+01
 3.28284154e+00 -4.18753772e-01 -2.32938226e-02 2.45330249e-01 8.70370084e+02 1.37314601e+01
 -5.24931830e+00 -2.93814242e-01 -3.50627415e-01 6.14757559e-01 4.95738933e+03 1.36240330e+01
 -8.09523230e+00 -6.79387643e-02 -1.52321927e-01 -3.74289630e-01 -2.07649123e+04 1.36184813e+01
 2.67216616e+01 1.18625302e+00 -1.73428135e+00 -2.20451580e-01 7.03561008e+02 1.40601056e+01
 2.04746708e+01 -3.77376550e-01 1.72222093e+00 -4.92005206e-02 1.83844620e+04 1.39892861e+01
 -1.65452481e+01 8.73008480e-01 1.16626914e+00 -1.42925037e-01 -1.30240864e+04 1.34792221e+01
 7.05491363e+00 4.17369703e-01 4.37769328e-01 7.61554775e-02 -1.48268396e+04 1.37678393e+01
 -1.81567200e+00 -9.98413739e-01 -1.97299642e+00 1.99976552e-01 1.04757561e+02 1.36754961e+01
 8.99380955e+00 -5.61096693e-01 -6.35621854e-01 -1.03788054e-01 3.37632928e+04 1.38181717e+01
 -2.31884754e+00 -1.41077177e+00 -2.01763689e+00 -4.84163162e-01 -6.50745162e+02 1.36895122e+01
 -2.31195724e+00 -4.51452253e-01 1.34232484e+00 -6.14134047e-02 4.99064712e+02 1.36733370e+01
 2.90286448e+00 -5.90397260e-01 2.99124028e-01 -1.05639464e+00 -1.00843922e+04 1.37336383e+01
 2.52335095e+01 4.63645016e-01 -7.14268788e-01 -2.41238771e-01 3.95683033e+04 1.40615303e+01
 1.38410010e+01 3.57401908e-01 -2.43235190e-01 4.95259658e-01 4.40620776e+04 1.38938589e+01
 3.32676331e+00 4.18724171e-01 -2.23236708e-02 -2.19399515e-01 2.24618836e+03 1.37743146e+01
 -1.60989947e+01 8.42489595e-02 1.43809370e+00 2.96853305e-01 -2.63895789e+04 1.34714153e+01
 9.55134138e+00 6.52536714e-01 7.72592375e-01 -6.06258883e-01 7.84855140e+03 1.38434410e+01
 3.09617507e+01 5.29206005e-01 -1.33939190e+00 2.56956500e-01 -9.94582279e+02 1.41159484e+01
 2.27651377e+01 -8.84254142e-01 -7.55814494e-01 1.89862622e-01 -3.70531683e+04 1.39989790e+01
 5.09620197e+00 -1.07783923e+00 1.45449986e+00 1.13280831e-01 1.67490731e+04 1.37656712e+01
 -1.20031604e+01 3.65424477e-01 2.33141303e-01 -3.36787432e-01 -1.80779301e+04 1.35275881e+01
 1.88845355e+01 -9.90043415e-01 9.10445476e-01 9.52321235e-01 -3.28156645e+03 1.39455456e+01
 2.92398887e+00 4.04878087e-01 8.96175448e-01 -8.52531589e-01 -1.57426691e+03 1.37442034e+01
 1.20432463e+01 -1.54337775e-01 -1.17230187e+00 -9.86818314e-02 4.74957700e+04 1.38594901e+01
 6.34385095e+00 2.28470203e-01 -2.81434584e+00 1.87401831e-01 -4.45570860e+03 1.38039996e+01
 -4.71212570e+00 -3.87789811e-02 4.03742666e-01 3.03830108e-02 1.56085951e+04 1.36415720e+01
 -2.07917246e+01 -3.46577592e-01 7.03612073e-01 -1.90659020e-01 1.04160643e+04 1.34204410e+01
 -7.36804700e-01 1.64832281e-01 -1.61252315e+00 1.82826307e-02 -1.00347541e+04 1.36744753e+01
 -3.67272678e-01 4.96228356e-01 -9.05884308e-01 1.49949426e-01 -1.14678405e+02 1.36835709e+01
 -8.61817384e-01 6.67373908e-01 1.95184625e-01 -2.58788140e-01 3.34914848e+04 1.37107944e+01
 6.84628389e+00 8.36234888e-01 1.39120952e+00 1.26482970e-01 -2.56593760e+04 1.38118822e+01
 -1.22917287e+01 -5.61650189e-02 -6.49253114e-02 -2.61182618e-02 -2.23520205e+03 1.35215833e+01
 -5.70430313e+00 2.08621037e-01 -2.41874619e-01 4.02840969e-01 2.06869318e+04 1.36068950e+01
 1.41843868e+01 1.03879593e+00 2.05545395e-01 6.73513987e-01 1.23077402e+04 1.39089765e+01
 -2.55584122e+00 -2.44703822e-01 -6.29043592e-01 7.01358268e-02 1.12676008e+04 1.36752367e+01
 -5.93917760e+00 -2.22123142e-01 -3.06664523e-01 5.42858983e-01 -1.31553000e+04 1.36226056e+01
 5.61346347e+00 5.46766740e-01 1.16940509e+00 7.51060035e-01 -1.86598770e+04 1.37756432e+01
 -1.54021771e+01 5.60751728e-01 9.18375810e-01 -3.96842737e-01 1.16810891e+04 1.34898030e+01
 1.16240028e+01 5.90952470e-01 1.92640011e-01 6.32719710e-01 2.16874324e+04 1.38767075e+01
 7.50285356e-01 -1.63698085e-02 -2.38427538e-01 4.29365148e-01 4.20642861e+04 1.37012615e+01
 1.29929117e+01 3.92123812e-01 -2.29870432e-01 -5.50766676e-02 2.21588278e+04 1.38713707e+01
 6.94058895e-01 -3.62801610e-01 1.22885420e+00 -1.54403048e-01 2.05448121e+04 1.37112918e+01
 -8.31100993e+00 3.07660130e-01 1.22452032e-01 -2.08869178e-01 -1.07214745e+02 1.35950136e+01
 -1.72846177e+01 -4.89348230e-01 1.83631655e+00 3.24337666e-01 4.50002751e+03 1.34633826e+01
 1.09880482e+01 -1.03615546e+00 3.88115980e+00 1.94040796e-01 1.98894992e+04 1.38602586e+01
 -1.51934155e+01 7.24702023e-01 2.14609819e+00 -3.38450217e-01 1.10772156e+03 1.35055473e+01
 -5.98405247e-01 3.60583907e-01 3.20367926e-01 7.12657619e-01 -1.38875467e+04 1.36748222e+01
 -5.33674584e+00 -6.90772246e-02 -9.72544116e-01 3.45222047e-01 -3.85075692e+03 1.36366741e+01
 6.94750830e+00 -3.91127661e-01 -2.02819249e+00 6.77211753e-01 -1.30098316e+04 1.37967853e+01
 3.69711617e+00 -8.50978962e-01 4.63196901e-01 2.53602639e-01 2.44470885e+03 1.37510851e+01
 -3.90797647e+00 -2.21810221e-01 1.26465383e+00 -3.13571009e-01 -1.89205627e+04 1.36486532e+01
 6.88331263e+00 2.06718872e-01 -1.08077488e+00 6.64758770e-01 -4.67129161e+03 1.37828682e+01
 -2.42790922e-01 -3.96736609e-01 1.73751429e+00 9.63859785e-02 3.01461152e+04 1.36873686e+01
 1.68014539e+01 6.70479883e-02 1.62327552e+00 -2.27264737e-01 1.76481607e+04 1.39409443e+01
 1.85906849e+00 -4.09096282e-01 1.69894022e+00 -5.03044422e-01 1.14549246e+04 1.37166644e+01
 1.37001002e+00 -5.41339499e-01 -7.72311699e-01 5.22600716e-01 1.22544593e+04 1.37229289e+01
 -5.33962561e+00 -6.02041511e-01 -2.33689894e+00 -5.69412325e-01 6.95841731e+03 1.36273844e+01
 -1.33453797e+01 4.54340013e-01 -1.07476586e+00 9.54976421e-02 1.46279610e+04 1.35193050e+01
 -1.10743536e+01 -9.16645497e-01 1.72645228e+00 -8.70510275e-02 3.96465071e+04 1.35385121e+01
 6.36486097e+00 -3.63993523e-01 -4.45614363e-02 -6.44104075e-01 1.01809266e+04 1.37907032e+01
 8.29184495e+00 5.59088254e-01 8.09860650e-01 1.39891914e-01 1.17386078e+04 1.38163591e+01
 -4.91369590e-01 3.43969725e-01 1.26840525e+00 -3.53582487e-01 -1.76307708e+04 1.36795360e+01
 -9.73326500e+00 -1.69804987e-01 -6.41902705e-01 -1.89650738e-01 2.46210078e+03 1.35595812e+01
 1.61655947e+01 -4.09375581e-01 2.75947727e-01 -2.69172565e-01 -1.34014306e+03 1.39184654e+01
 6.66260673e+00 1.95424532e-01 9.31866551e-01 -7.99779866e-01 -1.06590914e+04 1.38058213e+01
 3.75878993e+00 7.90575794e-01 -2.02553475e+00 -1.89920523e-01 2.89216978e+04 1.37636239e+01
 -6.80420620e+00 1.02022510e-02 8.54787457e-02 2.52755239e-02 8.75034002e+03 1.35863315e+01
 2.38894684e+01 -1.69372403e-01 4.89763458e-01 -6.24166008e-01 9.23077082e+03 1.40284186e+01
 -2.21709901e+01 -1.33494071e-01 -3.28492138e-01 6.03062236e-01 -2.54399896e+04 1.34129802e+01
 7.94201125e+00 1.87505508e-01 -5.55432316e-01 4.69011392e-01 9.76408255e+03 1.38064982e+01
 2.37179535e+01 -5.03812041e-01 2.86325088e-01 -1.13210057e-02 -2.86932505e+04 1.40261317e+01
 1.68291392e+01 1.18614085e-01 -9.07630229e-01 8.21881766e-01 -3.45546608e+03 1.39146587e+01
 1.73917803e+01 3.66036135e-01 -2.41273197e+00 2.69635845e-01 -2.28037641e+04 1.39164651e+01
 1.82552123e+01 5.38800281e-01 -2.80442185e-02 4.55671079e-01 -1.29814107e+04 1.39286376e+01
 -1.99938992e+01 2.17569635e-01 -3.56558381e-01 4.34009624e-01 -4.97910202e+03 1.34168713e+01
 -2.07938453e+01 1.44512840e-01 1.77569679e+00 -3.26628902e-01 -2.74055841e+04 1.34061613e+01
 5.06652763e+00 9.33357685e-01 -8.45640391e-01 4.49568451e-02 1.70353535e+04 1.37725995e+01
 -8.90416724e+00 9.10761561e-01 -1.46892942e+00 7.38637294e-01 -7.63986044e+03 1.35814333e+01
 -3.39841458e+00 -7.12557008e-01 8.99015922e-02 2.56962456e-01 8.69037028e+03 1.36371740e+01
 -8.72457796e+00 1.75212047e-01 1.55168812e+00 4.38049323e-01 3.26450240e+04 1.35956964e+01
 -1.08864162e+01 -2.65333027e-01 1.88149441e+00 3.07278005e-01 -1.40843116e+04 1.35779641e+01
 -5.48657534e-04 -7.63831015e-01 -1.34622817e+00 1.06962971e-01 -2.48191208e+04 1.37291306e+01
 1.65711730e+01 -4.54878166e-01 2.44704377e+00 -7.38080421e-01 1.64958521e+04 1.39032414e+01
 -1.74747917e+01 -7.51983987e-01 -1.77178118e+00 -7.09244067e-01 -4.53466548e+03 1.34772749e+01
 -2.48751323e+01 -5.45541517e-02 1.53810613e+00 -2.10145174e-01 -5.52092797e+04 1.33621808e+01
 -7.13788090e+00 2.69778944e-01 -8.92577053e-02 3.44593770e-01 3.76814410e+04 1.36036424e+01
 -5.58943324e-02 3.58423125e-01 1.00502796e+00 -5.50470224e-01 -9.37802452e+02 1.37157679e+01
 -8.50622744e+00 3.16593291e-01 8.05485923e-01 -9.84582881e-01 -2.97477968e+04 1.35940695e+01
 6.31653901e+00 -5.06753986e-01 -1.07096205e+00 -4.30699072e-01 5.77425694e+03 1.37961610e+01
 -1.03267218e+01 -1.02259174e+00 1.75645878e+00 -5.96497105e-01 -4.05676623e+03 1.35412623e+01
 -8.36713923e+00 -2.41979569e-01 -9.44703211e-01 1.14290141e+00 -9.64759131e+03 1.35940104e+01
 -7.46705872e+00 -7.25907794e-01 2.82764546e+00 4.42363252e-01 4.29005083e+04 1.36022750e+01
 -2.94961114e+01 1.46452286e-01 5.58202631e-01 -3.91423433e-01 3.65548496e+04 1.33074891e+01
 8.26779434e-01 -6.16615227e-01 -4.39052193e-02 2.25876257e-01 1.44474802e+04 1.37401864e+01
 -1.56855049e+01 2.95816930e-01 2.24027658e+00 -5.52519750e-01 -1.00886158e+04 1.34613873e+01
 -3.84446187e+00 5.29219689e-01 -1.76905844e+00 6.39258605e-01 2.20039980e+02 1.36432745e+01
 -1.17636032e+01 7.46832154e-03 -6.42617146e-01 9.01848877e-01 5.36791402e+03 1.35591865e+01
 2.48206630e+01 5.28296620e-01 3.54881874e-03 3.10496510e-02 -2.34612951e+04 1.40249155e+01
 -9.21624690e+00 2.24997044e-01 1.24850389e+00 -5.84405812e-01 -8.73816355e+03 1.35918193e+01
 1.10086414e+01 -1.13502420e+00 -1.11362905e+00 1.77859267e-01 -1.84531346e+04 1.38680938e+01
 -6.88019526e+00 -2.90145912e-01 7.68444550e-01 2.11209215e-01 -1.64293184e+04 1.35990653e+01
 -6.50872775e+00 -5.49744542e-01 7.67842021e-01 2.97683058e-01 -2.24650228e+04 1.36023528e+01
 5.69344563e+00 5.81010180e-01 9.23378961e-01 -2.84282167e-01 -2.99464813e+04 1.37851538e+01
 -1.57010814e+01 -1.40895779e-02 -1.22728399e+00 -2.20655949e-01 -3.06178010e+04 1.34908925e+01
 -1.69878754e+01 8.07593380e-02 5.32500594e-01 -2.04058076e-01 -1.75229312e+02 1.34824199e+01
 -6.09134495e+00 6.84170546e-02 3.13764441e-01 2.54764175e-01 1.85076452e+04 1.36095540e+01
 9.39872174e+00 5.54950122e-01 1.87136714e-01 -2.60101060e-01 1.88418669e+04 1.38171290e+01
 -3.80135857e+00 -2.39534561e-01 1.49750156e-01 -7.26786068e-01 1.05743646e+04 1.36531187e+01
 7.98946182e+00 -2.75846655e-01 4.07723345e-02 8.02678812e-01 -4.85587106e+02 1.38116442e+01
 5.03613303e+00 3.10733971e-01 1.13692038e+00 4.62938497e-01 -9.06222903e+02 1.37556600e+01
 -4.56559998e+00 3.95080283e-02 1.73244049e+00 -2.62400152e-01 5.19201265e+03 1.36289881e+01
 2.13754639e+01 -7.13068277e-03 -2.54972479e+00 3.56929863e-01 8.01324678e+03 1.39938893e+01
 -1.84972256e+01 5.68838902e-02 -1.28890654e+00 -7.70819143e-01 1.56907232e+04 1.34311462e+01
 -1.22561200e+01 4.65495631e-02 -1.08035944e+00 -9.65231752e-03 -1.73067661e+04 1.35292314e+01
 9.24603693e-01 8.81014186e-02 1.92489660e+00 1.41979165e-01 1.79420759e+04 1.37418870e+01
 1.23432021e+01 -8.24960325e-01 1.10019803e+00 -7.70083810e-02 -1.25691885e+04 1.38484757e+01
 -8.44884647e+00 -3.05843433e-01 9.38986677e-01 1.64730570e-01 1.06484090e+04 1.35836692e+01
 1.33154441e+01 -1.06168834e+00 1.88875902e+00 1.80512922e-01 6.65816867e+03 1.38820661e+01
 -3.31493028e+00 1.16965305e-01 1.97705599e+00 -3.60163695e-01 -9.20085728e+03 1.36463696e+01
 6.73642392e-01 -5.06394818e-01 -4.98155607e-01 9.58685990e-02 1.64384106e+04 1.37181279e+01
 -8.71583049e-01 -6.61682442e-01 -5.16970778e-01 -3.42351853e-01 2.77940794e+04 1.36724100e+01
 6.07748143e-01 -5.19409731e-01 6.31824468e-01 1.15454600e-01 8.19410620e+03 1.36880206e+01
 2.01404217e+01 -4.17913045e-01 -5.99683154e-02 -3.60682420e-01 -1.04821886e+04 1.39881413e+01
 1.04090995e+01 1.06772300e+00 -9.66546505e-01 2.86158430e-01 -4.81581328e+03 1.38509166e+01
 1.21167468e+01 5.85966642e-01 7.66561760e-01 1.75110260e-01 5.90385802e+03 1.38638035e+01
 1.77721817e+01 5.59271415e-01 1.52299451e-01 -2.49512876e-01 8.16570094e+03 1.39449971e+01
 1.08624240e+01 7.21965798e-01 1.05758004e+00 -4.30441237e-01 -1.47498431e+04 1.38677925e+01
 -1.12742782e+00 -4.36977264e-01 -2.32764344e+00 -1.20773890e-01 -4.77113294e+03 1.36851928e+01
 -5.60420424e+00 -5.71278638e-02 -1.37416752e+00 -8.81746569e-02 -1.80171157e+04 1.36497655e+01
 -1.75799005e+01 5.39301541e-01 -5.70108790e-01 -2.06950872e-01 -4.76213056e+04 1.34369213e+01
 -1.43895411e+01 5.18151805e-02 1.23779747e+00 -1.41466192e-01 1.23898784e+04 1.35073173e+01
 -3.09267993e+01 6.35099681e-02 -6.49123801e-01 2.49889819e-01 1.04423377e+04 1.33037784e+01
 1.51855746e+01 -2.74963824e-01 -2.75315472e+00 -6.45686639e-01 -1.32714554e+04 1.38899447e+01
 7.95779765e-01 -2.52265909e-01 -6.11919592e-01 2.47749621e-01 -5.54940350e+03 1.37246200e+01
 2.37305931e+01 4.44566615e-01 1.98972435e+00 2.28870772e-01 -2.12026713e+02 1.40166335e+01
 -1.25946689e+01 -4.48569571e-01 -2.37944741e-01 -1.00594180e-01 -9.55284839e+03 1.35205078e+01
 4.20713921e+00 -4.59771379e-01 -1.42545003e-01 4.00117481e-01 -9.16370826e+03 1.37739911e+01
 -1.28959124e+01 -1.97850989e-01 -1.99031098e+00 3.79100219e-01 3.54194725e+04 1.35039942e+01
 9.36264351e+00 -5.02421845e-01 -9.67742995e-01 -3.82453206e-01 -2.68140404e+04 1.38139772e+01
 -6.54708104e+00 1.97985509e-01 1.12828339e+00 -2.45188814e-02 1.75523001e+04 1.36244338e+01
 -1.64858876e+01 -1.98500310e-01 -2.54485381e+00 -5.24547483e-03 1.09215520e+04 1.34912320e+01
 -2.65871302e+00 2.95668820e-01 6.88774049e-01 -2.34165289e-02 -6.67946249e+03 1.36793012e+01
 1.62495206e+01 -7.40561473e-01 -9.64676918e-02 -9.31944778e-02 -4.35789056e+04 1.39043348e+01
 -1.05542914e+00 -4.21937667e-01 -1.86524171e-01 4.00743571e-01 -1.94525879e+04 1.36900063e+01
 1.75338413e+01 -2.59930988e-01 -2.48972805e+00 -3.22217715e-01 8.80789897e+03 1.39141533e+01
 2.30683618e+00 -2.46959314e-01 -6.50661067e-01 1.84289215e-01 4.33473164e+04 1.37246115e+01
 1.49890932e+01 9.87765228e-01 2.24092844e+00 6.80197717e-01 -5.88227836e+03 1.38878067e+01
 3.75846889e-01 3.24524934e-01 4.11995858e-01 -3.39818416e-01 5.15138313e+04 1.37127815e+01
 -9.79139597e+00 5.11303945e-02 9.71502054e-01 6.71979557e-02 -1.65306237e+04 1.35730057e+01
 -4.19164976e+01 2.54968864e-01 -2.81081793e-01 -5.72698336e-01 -1.57052343e+04 1.31243581e+01
 -2.62959073e+00 5.56448560e-01 -2.05070791e-01 -2.69677669e-01 9.87477444e+03 1.36680925e+01
 1.32853633e+01 -1.15986295e-01 1.27648398e+00 -5.81601580e-01 8.89093956e+03 1.38795665e+01
 -1.71280350e+01 1.99742169e-01 6.46734739e-01 -1.02598276e-01 2.96967640e+04 1.34532089e+01
 9.57711855e+00 -2.78351178e-01 8.76664993e-01 -6.60009756e-01 5.34373292e+03 1.38158163e+01
 6.48883785e+00 -3.34994747e-01 -1.15719903e-02 -5.50776914e-01 -2.18365184e+04 1.37799841e+01
 5.83608249e+00 -5.81362620e-01 2.02326839e+00 1.03147273e-01 -1.18571398e+04 1.37662127e+01
 -8.07052416e+00 -3.25933449e-01 -3.94780868e-01 -1.06190399e-01 8.91923981e+02 1.35929809e+01
 -2.93563403e+00 6.06338306e-01 7.25426818e-02 2.07874001e-01 2.61153415e+04 1.36746867e+01
 -8.47815688e+00 3.03753126e-01 3.79371657e-01 1.56396396e-01 5.46457860e+03 1.35739665e+01
 1.60951708e+01 3.07794533e-01 1.60882071e+00 -3.04666332e-01 2.27916654e+04 1.39091255e+01
 -1.38436864e+01 -7.39292681e-01 -2.22700969e-01 8.23388043e-02 -2.76710856e+04 1.35183040e+01
 -1.31071755e+01 -3.20232115e-01 2.12742951e-01 5.13485968e-01 -1.67837010e+04 1.35029446e+01
 1.84147840e+01 -3.19000240e-01 -2.04147128e-01 6.11512291e-01 -3.06670247e+04 1.39346463e+01
 -2.47461080e+01 1.56847592e-01 -2.22225604e+00 6.39623587e-02 2.92324217e+03 1.33539105e+01
 -2.58519811e+01 2.06778581e-03 -8.70521471e-01 -4.48763130e-01 5.28587638e+03 1.33228860e+01
 -8.75130777e+00 -1.41066822e-01 3.17398723e-01 5.52428352e-01 1.42615864e+04 1.35728792e+01
 6.45283925e+00 -1.83421237e-01 3.66216374e-01 1.48630519e-01 -2.28604970e+04 1.37728625e+01
 -6.19631528e+00 7.91426653e-01 -1.14250641e+00 1.64300468e-01 -2.88576834e+04 1.35895587e+01
 1.73378321e+01 -2.02861073e-01 6.93037392e-01 1.45312371e-01 -3.71760762e+03 1.39230641e+01
 2.00806588e+00 -1.05770867e-01 -1.03212851e+00 8.32418063e-01 1.61774980e+04 1.37019138e+01
 1.33863605e+01 2.60707355e-01 -6.47847654e-01 -1.05253709e+00 -2.08483823e+04 1.38765908e+01
 3.83070552e+01 8.87271272e-01 1.19721208e+00 -3.92008045e-02 -8.53948752e+03 1.42059940e+01
 7.52854788e+00 -8.33017142e-01 -6.49764567e-01 5.85858709e-01 1.90663458e+04 1.38079981e+01
 1.73041739e+01 -1.16363502e+00 -5.35306428e-01 1.98788253e-01 -3.15205980e+04 1.39264133e+01
 -1.65500733e+00 -8.80624723e-01 5.32578145e-01 2.92359822e-01 -1.49133568e+04 1.37041197e+01
 -1.35009245e+01 -2.16213863e-01 8.20424586e-01 -3.59576135e-01 2.06546892e+04 1.35292975e+01
 -7.31365207e+00 1.40070913e-01 -1.44363287e+00 1.26472327e-01 -1.12559882e+04 1.36243822e+01
 1.67259879e+01 -5.96084897e-01 -2.01932129e+00 -3.07066295e-01 1.32463463e+04 1.39292762e+01
 -6.04076129e+00 3.46541437e-01 -2.84002037e-02 -1.61177688e-01 -9.02026479e+02 1.36276782e+01
 -1.19726332e+01 2.71808497e-01 -3.83109587e-01 -4.33768522e-01 2.16100577e+04 1.35290040e+01
 -5.57900241e+00 4.14952335e-01 5.44865278e-01 4.52999799e-01 -4.65173389e+03 1.36476623e+01
 3.44321848e-01 -4.27727110e-01 -1.48873709e+00 -4.55092688e-01 -2.58470861e+04 1.36889754e+01
 -2.54388544e+01 -1.25732851e+00 5.32482181e-01 1.03269743e-02 -1.18830702e+04 1.33504311e+01
 3.33585803e+00 -5.60010853e-01 1.00895723e+00 2.01302867e-01 1.37179476e+04 1.37394472e+01
 4.24020793e+00 1.95517957e-01 -1.54995986e+00 2.20173316e-01 -2.62443853e+04 1.37563992e+01
 1.80453006e+01 -6.43376370e-01 2.14759701e+00 -3.60420364e-01 3.11714459e+03 1.39501455e+01
 -9.97591390e+00 9.76126641e-01 -3.41126774e-01 1.42810908e-01 2.39128694e+03 1.35638799e+01
 3.55922545e+00 -5.75935139e-01 -1.16261173e-01 -1.95561566e-01 -2.64535546e+04 1.37289124e+01
 -4.71180851e+00 -5.16530355e-01 -1.32568936e+00 -5.42238657e-01 -1.66713502e+04 1.36454211e+01
 4.95488623e+00 6.48215560e-01 2.26699549e+00 -3.69733737e-01 1.62077927e+04 1.37725343e+01
 -2.53513251e+01 -1.75257472e-01 -1.71439113e+00 3.70874283e-01 8.66894991e+03 1.33608495e+01
 1.98797691e+01 6.94431433e-01 4.03416925e-01 7.66338296e-01 -2.76790721e+04 1.39828430e+01
 6.42149139e+00 -1.13649002e-01 -2.98848963e-01 8.18330876e-01 5.82359169e+04 1.37945429e+01
 6.12943165e+00 2.31453894e-01 1.41313091e-01 9.31479939e-02 -3.41772481e+04 1.37816241e+01
 2.49385037e+01 -4.55931908e-01 -1.25477266e+00 7.16472591e-02 -2.56634076e+04 1.40199901e+01
 -5.83037830e+00 -2.18523832e-02 6.29075830e-01 7.86738020e-01 -3.13106292e+04 1.36312093e+01
 -8.51825558e+00 3.60287723e-01 2.76265929e+00 3.38055598e-01 6.23193025e+03 1.35981170e+01
 3.28849331e+01 4.97925691e-01 5.39977055e-01 1.61450369e-01 1.17816151e+03 1.41270987e+01
 -5.16303364e+00 1.71737518e-01 2.13288447e+00 1.05204946e-01 -2.74044850e+04 1.36128882e+01
 1.02468989e+01 -9.21305037e-02 1.10990390e+00 -1.35853976e-01 -1.64451071e+04 1.38305288e+01
 1.69409950e+01 -2.08399609e-01 -1.48553156e+00 1.48720516e-01 2.19871235e+04 1.39128915e+01
 1.36018817e+01 4.56187348e-01 1.13629492e+00 1.24109195e-01 -7.66628238e+03 1.38725503e+01
 5.93778075e+00 2.35539405e-01 5.85744415e-02 4.49581896e-01 -5.85969407e+03 1.37809740e+01
 8.66319694e+00 -6.30971884e-01 1.06903372e+00 5.53192586e-01 8.65959771e+03 1.38326914e+01
 -4.03505434e+01 -1.60962903e-01 -7.56975492e-01 -5.53864675e-01 -7.94377743e+03 1.31449235e+01
 -5.54572517e+00 3.87493643e-01 -2.34741069e+00 -3.60557327e-01 -4.24404970e+04 1.36031726e+01
 -2.30448564e+00 4.64587403e-01 -9.46159443e-01 3.99502053e-01 1.90349685e+02 1.36657968e+01
 -2.46553848e+00 1.21925442e-01 3.66018159e-01 -2.99477107e-01 2.12500623e+03 1.36560720e+01
 6.03303459e-01 -2.24436935e-01 -2.38551580e+00 -2.21830894e-01 8.48422088e+02 1.36780595e+01
 3.58545837e+00 2.95502265e-01 2.42792087e+00 -1.58280630e-01 7.89224637e+03 1.37153684e+01
 -1.83442232e+01 1.80934802e-02 -1.76262769e+00 -6.85424086e-01 1.87338634e+04 1.34309307e+01
 2.71106335e+01 2.38058986e-01 -6.54860125e-01 4.73092441e-01 -2.21549720e+04 1.40607554e+01
 -9.22053382e-01 -3.65948726e-01 -9.06883189e-02 -5.56367460e-01 -1.61516747e+04 1.36921013e+01
 -9.09142068e+00 -4.58008434e-01 -5.17232794e-01 -2.11895924e-01 2.12301643e+04 1.35755307e+01
 -1.41536191e+01 -1.84203632e-02 -1.80457652e+00 1.97801781e-01 -5.57497758e+03 1.35143572e+01
 2.07625604e+01 1.13910939e+00 -1.78324241e-01 -4.02908618e-01 2.57211642e+04 1.39807867e+01
 -2.28026680e+01 6.30989111e-02 7.31908717e-01 6.21438083e-01 -1.37179742e+04 1.33865010e+01
 1.00385433e+01 -3.60301457e-01 -1.46150321e+00 -4.63006275e-01 2.34040949e+04 1.38208516e+01
 -5.47719927e-01 9.27591567e-02 -1.30919529e+00 -2.94111399e-01 -1.07031713e+04 1.37136570e+01
 1.35965946e+00 -1.54065444e-02 1.19163941e+00 1.11279525e-01 -1.94021400e+04 1.37092072e+01
 6.91495526e+00 -7.73828090e-02 4.89032224e-01 1.20788745e-01 -1.23220810e+04 1.37913286e+01
 2.57042507e+01 4.42886092e-01 1.63654601e+00 4.46806275e-02 1.58251911e+03 1.40411806e+01
 4.00800557e+00 1.21606085e+00 1.12875068e+00 4.52330762e-01 1.46184506e+02 1.37302350e+01
 -4.53263999e+00 -3.02292958e-01 -2.21152814e+00 2.74805977e-01 -6.31178430e+03 1.36366129e+01
 1.39046199e+01 -5.44073473e-01 -1.01050556e+00 3.02829663e-01 -8.17371640e+03 1.38832845e+01
 5.53242521e+00 4.14805555e-01 1.31975422e+00 1.64793151e-01 9.40648638e+03 1.38007555e+01
 2.28667138e+01 1.04720913e-02 -3.39858908e+00 2.89197847e-02 -2.29629772e+04 1.40070360e+01
 1.82558433e+00 -8.86167889e-01 -5.70314606e-01 7.06495508e-01 4.97688104e+04 1.37255235e+01
 2.82811959e+01 3.42468918e-01 7.96579805e-01 -3.01390584e-01 -1.63180484e+04 1.40674634e+01
 2.81581321e+01 1.30117796e-01 -7.78937549e-01 -4.79964391e-01 -3.57145955e+03 1.40897569e+01
 7.93473943e+00 -7.70510716e-01 2.75150495e+00 -1.22376194e-01 -1.01408332e+04 1.38257818e+01
 2.17485122e+01 9.16896874e-02 3.35529831e-01 2.18550639e-01 -1.23790186e+04 1.39994454e+01
 -3.74123535e+00 2.69013430e-01 -1.21328645e+00 -9.87765548e-02 -2.10638666e+03 1.36600777e+01
 2.92988826e-02 -8.15533674e-01 -5.99038767e-01 -3.24965906e-01 2.96999556e+04 1.36773936e+01
 -3.09446674e+01 5.85518704e-01 -1.08056228e+00 -4.31108539e-01 1.90896467e+04 1.32794078e+01
 -1.83468212e+01 7.23182544e-01 -2.56798826e+00 -2.32245369e-01 -4.35079488e+03 1.34511135e+01
 -2.00437278e+01 -6.95735827e-01 -1.45595172e+00 2.04981974e-01 2.62358386e+04 1.34233037e+01
 1.81777789e+01 4.30522806e-01 1.25513998e+00 -2.72624061e-01 2.44763142e+04 1.39344317e+01
 9.86244771e+00 -3.08673837e-01 -5.14783966e-01 -7.23057051e-01 5.13311020e+04 1.38278119e+01
 -2.70826294e+00 8.69790150e-01 -8.13854172e-01 -1.18360605e-02 -1.11590596e+04 1.36677999e+01
 1.80041467e+01 1.94934429e-02 1.45872569e-01 -3.32069013e-01 6.58436360e+03 1.39451532e+01
 1.83315675e+00 -4.00282487e-01 8.58528527e-01 4.27424334e-01 -1.53815355e+04 1.37358681e+01
 1.91411633e+01 2.61767755e-01 9.86284535e-01 -6.11239885e-01 9.57329401e+03 1.39702809e+01
 -1.28755372e+01 9.56484516e-01 -2.70386091e-01 2.50486196e-01 -5.32421155e+03 1.35230330e+01
 4.34061492e+00 -7.43747260e-01 -1.08975094e+00 1.48313278e-02 9.86331185e+03 1.37514406e+01
 1.81526926e+00 -8.99610884e-01 1.65465927e+00 3.60243003e-01 3.68318238e+04 1.37387757e+01
 1.01849288e+01 -5.30374188e-01 -1.45582173e+00 -4.50182697e-01 -1.07887736e+04 1.38213308e+01
 -2.40531171e+01 -4.55277521e-01 -1.52809601e+00 -5.34479679e-02 1.62091271e+04 1.33927860e+01
 -2.91326730e-02 2.27609539e-01 -8.20547738e-01 1.43554208e-01 9.35828485e+03 1.37021454e+01
 6.92969666e+00 -4.14102545e-02 8.85680538e-01 -2.33340959e-01 8.69233575e+03 1.37829739e+01
 -1.51615161e+00 -3.81792255e-01 -7.08072654e-01 2.30734374e-01 -1.98628778e+04 1.36702654e+01
 -2.39622488e+01 -2.98739932e-01 -2.52525765e+00 1.25869129e+00 -1.64530789e+04 1.33727193e+01
 -9.41255633e+00 -8.34502511e-01 -4.68933063e-01 9.87659259e-01 8.90572413e+03 1.35924291e+01
 4.41151977e-01 -7.37725386e-01 1.46202428e+00 -3.64145296e-01 -1.79282154e+04 1.37200523e+01
 4.27259054e+00 -1.44208992e-01 5.56931822e-02 -1.21402245e-01 -1.06155464e+04 1.37630493e+01
 -1.77836229e+01 1.63350394e-01 6.75242033e-01 -6.02340693e-01 1.63357563e+04 1.34702916e+01
 1.13143724e+01 -2.64287642e-02 -6.63515869e-01 -1.06480163e-01 1.80995274e+03 1.38551446e+01
 8.52106603e+00 9.92029956e-02 5.32513547e-02 1.70686598e-01 4.96445490e+03 1.38251016e+01
 2.82152339e+01 -7.21916965e-01 -1.21231875e-01 -7.40922448e-01 1.66430391e+03 1.40741527e+01
 -1.30704680e+00 3.82756589e-01 -4.43154747e-02 3.17024791e-01 -2.56817250e+04 1.36799029e+01
 1.52141136e+01 -1.36599611e-01 -5.82464308e-01 6.91913677e-01 1.24112839e+04 1.38956045e+01
 -1.40955995e+01 1.11483776e+00 2.16995611e-01 2.66381778e-01 -1.51241590e+04 1.35096355e+01
 -9.79823612e+00 2.33835188e-01 1.02394261e+00 3.19180787e-01 -4.37203146e+04 1.35786472e+01
 -5.42698018e+00 6.40436968e-01 1.02726043e+00 1.12001814e-01 2.73376321e+04 1.36189278e+01
 -3.76527635e+00 -6.18105488e-01 3.14703384e-01 -2.15437279e-01 -6.34909121e+03 1.36435762e+01
 -8.12229752e+00 -7.57331077e-01 7.79552290e-01 5.02592897e-01 -2.42142489e+04 1.35725819e+01
 1.82251032e+01 -5.28814600e-01 2.07407306e+00 -7.05566658e-01 2.49895621e+04 1.39494298e+01
 3.43828498e+00 -5.62752608e-01 -2.88473385e-01 2.23917794e-03 7.69363842e+03 1.37613053e+01
 1.59832572e+01 -7.29466539e-01 -1.28134712e+00 -4.15328256e-01 -1.97401048e+03 1.39202374e+01
 -1.89516971e+01 5.01625428e-01 -3.21766602e-01 4.19785558e-01 7.17144849e+03 1.34359269e+01
 1.81229416e+01 7.16458498e-01 -1.25844369e+00 -4.48072071e-01 -2.18797710e+04 1.39400325e+01
 9.58859771e-01 4.99204614e-01 1.21464975e-01 -1.00599703e-01 2.00682604e+04 1.37070295e+01
 2.42933854e+01 1.68162901e-01 -1.06913216e-01 -7.69852357e-01 9.27127834e+03 1.40100797e+01
 -9.86249635e-01 5.23970721e-01 -1.17524422e+00 1.48498969e-01 -1.10605218e+04 1.36844805e+01
 2.87291160e+00 -9.55094837e-02 -4.53886432e-01 -6.15686488e-01 -6.67611495e+03 1.37393705e+01
 1.91534001e+01 1.77482091e-01 -1.26441945e+00 -2.80801123e-01 -3.43412914e+02 1.39739015e+01
 -1.41128065e+01 -7.04567018e-01 -3.47156196e-01 2.63426643e-01 -8.99080970e+03 1.34669924e+01
 3.70270455e+00 9.48863108e-01 -1.12639570e+00 3.56149504e-01 7.75770319e+03 1.37734823e+01
 -4.78290360e+00 7.25445455e-01 7.76568064e-02 5.13877263e-01 1.86844211e+03 1.36421608e+01
 1.17195075e+01 3.73845445e-01 3.01321966e-01 -1.07302090e-01 -1.97892028e+04 1.38438939e+01
 -1.26285496e+00 3.15950331e-01 4.43740858e-01 5.06130499e-02 2.01392507e+04 1.36712482e+01
 7.36278208e+00 -7.86166237e-01 2.17100984e-01 -2.11199234e-01 -5.37748323e+01 1.38188641e+01
 -1.35056992e+01 -2.08656098e-01 8.22443771e-02 5.04690350e-01 -1.84243303e+04 1.34952178e+01
 -4.27541493e-01 -1.98933301e-01 1.02535918e+00 -1.13498070e-01 3.31914716e+04 1.37032755e+01
 -7.87858430e+00 -6.22692985e-01 -1.55829191e+00 -2.75828109e-01 1.33739766e+03 1.35601002e+01
 2.69512722e+01 4.80149733e-01 -5.15934407e-01 8.93722721e-01 -1.66804227e+04 1.40587580e+01
 5.30766048e+00 7.97546469e-02 6.58586907e-01 1.04137334e+00 1.23938308e+04 1.37702819e+01
 2.52596978e+01 4.98663157e-01 1.70131390e+00 -2.69390607e-01 -1.95253283e+03 1.40334204e+01
 -6.94335747e+00 2.34381998e-01 1.61188051e+00 4.57029053e-01 4.18319703e+03 1.35960830e+01
 1.57098258e+01 1.81792931e-01 -9.00339100e-01 2.51127141e-01 -1.00813873e+04 1.38920993e+01
 2.60271015e+01 2.82161277e-01 -1.68664780e+00 -3.81349538e-01 6.94040692e+03 1.40420924e+01
 2.47848054e+01 -4.48799424e-01 1.99410854e-01 1.53195917e-01 -1.25246388e+04 1.40286921e+01
 -1.58983514e+00 -8.33083007e-01 -4.16680834e-01 -3.85649425e-01 1.26623633e+04 1.36740749e+01
 2.06043428e+01 -5.75613571e-01 3.96321517e-01 3.78653460e-01 -9.82849804e+03 1.39646896e+01
 1.68424206e+01 -7.46609664e-01 3.55350518e-01 1.06699019e-01 -1.57825027e+04 1.39139497e+01
 1.30964725e+01 -9.31364793e-01 -3.95222396e-01 1.50242173e-01 1.20007688e+04 1.38576641e+01
 1.55436896e+01 -1.77422755e-01 4.57202086e-01 -3.20175644e-01 -1.55028149e+04 1.39095880e+01
 -1.43641499e+01 -3.35207493e-01 -3.51357630e+00 -2.10086352e-01 1.01241198e+03 1.35147131e+01
 1.10148625e+00 -8.92015744e-01 -9.90488734e-01 -1.07432560e-01 1.78765524e+04 1.37205862e+01
 -8.56543625e+00 -3.86645324e-01 1.02541496e+00 -2.41460248e-01 -3.91453970e+03 1.35743622e+01
 -1.11077494e+00 7.17956359e-01 -9.63561941e-01 -2.70617001e-01 6.00088383e+03 1.36885990e+01
 -1.99456054e+00 -9.80847309e-01 1.43104040e+00 -7.22472204e-01 2.46175859e+04 1.36778899e+01
 -1.41296485e+01 -9.09400041e-01 8.27971592e-01 -3.46064819e-03 2.03424814e+04 1.35364545e+01
 1.43908841e+01 1.25261570e+00 -8.44722014e-01 4.74353547e-02 4.03487587e+04 1.38932320e+01
 -2.19730775e+00 -4.49869600e-01 -7.85920439e-01 -3.65110847e-01 4.69247344e+03 1.36758947e+01
 -1.12830011e+00 3.53880330e-01 -4.13734193e-01 4.57450089e-03 -1.37123748e+04 1.36754952e+01
 1.06651427e+01 1.29520629e-01 -2.42097587e+00 3.33973663e-01 7.07006834e+03 1.38559776e+01
 -1.03831203e+01 5.48892195e-01 -1.48616421e+00 -6.89714507e-01 -1.88473438e+04 1.35620439e+01
 8.52271842e+00 -3.71049932e-01 -2.95730147e+00 3.62917657e-01 5.10937716e+03 1.38033551e+01
 5.64916459e+00 -6.05697881e-01 8.28553434e-01 4.63103894e-01 1.05380575e+04 1.37877914e+01
 -6.17614510e-01 3.57740423e-01 1.62917815e+00 1.11825729e+00 1.91161501e+04 1.36910170e+01
 -6.70279880e+00 1.15907748e+00 1.64461189e+00 -8.53109767e-02 1.58422829e+04 1.36324083e+01
 -7.83247775e+00 -2.70214095e-01 -3.65935407e-01 5.25061944e-01 1.57612563e+03 1.35826313e+01
 -7.58652720e+00 1.66187126e-01 -2.48583961e-01 -3.89578565e-01 9.20075815e+03 1.36046042e+01
 -3.17896053e+00 1.85335349e-02 3.18572743e-02 -8.36217320e-01 2.35984451e+04 1.36541904e+01
 2.31243352e+01 -3.70630979e-01 9.86173602e-01 -1.05507636e-01 -4.68269737e+03 1.40083780e+01
 -6.54256458e+00 -7.83579987e-01 -3.10453591e-01 -4.32136288e-01 -2.17306391e+04 1.36051409e+01
 -2.07417904e+01 2.41713585e-01 1.32508602e+00 -2.56130242e-01 -6.47480386e+03 1.34177450e+01
 -6.94085172e+00 1.42303724e+00 -1.72549304e+00 -7.17920512e-02 2.20012127e+04 1.35823781e+01
 -1.38200755e+00 7.04159893e-01 1.75493939e+00 8.68296008e-02 1.87839818e+04 1.36730979e+01
 5.03544390e-01 2.66572463e-01 -1.46877664e-01 -1.11863970e-01 -3.49816687e+04 1.36916563e+01
 -3.25623881e+00 -3.46167930e-01 -3.73895998e-01 1.99908668e-01 3.16370778e+03 1.36443507e+01
 -2.22084042e+01 7.42606086e-01 1.36732469e+00 -3.46477180e-02 3.91597594e+03 1.33987865e+01
 2.61266099e+01 2.87262621e-01 1.75290240e+00 -2.47358619e-01 1.11768208e+04 1.40486155e+01
 2.40629767e+00 1.22762871e-01 -3.63007437e-02 5.13319980e-01 7.30963030e+03 1.37360720e+01
 3.93552857e+00 1.37779318e-01 -2.16704173e-01 6.08276075e-01 -1.11965460e+04 1.37528164e+01
 -1.26906388e+01 4.44993124e-01 -3.90609275e-02 3.11859971e-01 3.32836245e+04 1.35480462e+01
 3.29497183e+00 -3.43217775e-01 8.97462609e-01 9.08879514e-02 3.31902804e+04 1.37488699e+01
 -8.27611442e+00 2.21968335e-01 2.67317006e-02 -3.44122437e-01 1.32941019e+04 1.35900405e+01
 -1.58014427e-01 -3.00071746e-01 -5.80331240e-01 5.79306091e-01 3.60770836e+03 1.36786906e+01
 -7.22695999e+00 4.47322848e-01 1.71061389e-01 1.99959466e-01 9.24278033e+03 1.35998762e+01
 -9.72523006e-01 6.15988160e-02 -1.51461328e+00 -3.33181489e-01 6.38416918e+03 1.36915192e+01
 -1.65147362e+01 2.06108088e-01 -5.76232991e-01 -2.74874167e-01 7.52459087e+03 1.34823538e+01
 1.77257021e-02 -2.78586666e-01 -1.46791431e+00 -5.81191746e-01 -6.20445467e+03 1.36989242e+01
 -1.69144897e+01 -3.77968236e-01 6.02918751e-01 -3.51380215e-01 2.79487335e+04 1.34730110e+01
 -9.54575746e+00 -9.39497742e-01 -1.01848947e+00 -2.98679633e-01 -2.35976379e+04 1.35551468e+01
 1.75800868e+01 2.06209542e-01 -4.86504718e-01 5.96010446e-01 -1.56164941e+04 1.39520431e+01
 -5.57275660e+00 -3.09695888e-01 1.14275598e+00 -1.53334122e-01 4.31435477e+04 1.36442208e+01
 6.25584937e+00 -6.29898950e-01 -1.11394749e+00 1.74199548e-02 -4.13821629e+04 1.37940895e+01
 1.32344750e+01 4.85110183e-01 3.60477657e-01 8.23031215e-01 -2.70212862e+04 1.39030682e+01
 3.44201124e+00 2.94841836e-02 1.12313878e+00 -3.95864390e-01 6.36403033e+03 1.37693942e+01
 2.12187749e+01 -1.85039393e-01 -9.01062876e-01 1.08877840e-02 1.55298060e+04 1.39913248e+01
 -3.09297783e+00 -1.38620921e-01 3.61502499e-01 4.71586720e-01 1.11726567e+04 1.36495821e+01
 -9.27437458e+00 -1.10827926e+00 8.94999372e-02 -4.12733782e-01 1.66836388e+04 1.35720106e+01
 3.51758598e+00 7.20586336e-01 1.80641683e+00 -7.03753042e-01 1.68622330e+04 1.37508799e+01
 9.44824630e+00 -1.09984524e+00 -7.27205765e-01 6.50920509e-01 -1.18832954e+04 1.38411695e+01
 1.14097705e+01 5.46480120e-01 -5.62843620e-01 1.79703891e-01 -2.95944424e+04 1.38560444e+01
 -5.58782761e+00 -3.86333580e-01 2.93259725e+00 -2.13462546e-01 -1.61323613e+03 1.36272284e+01
 -1.33490761e+01 -1.26529496e-01 1.05992864e+00 1.63746664e-01 -2.18135792e+03 1.35148497e+01
 -5.71250981e+00 -2.93535738e-01 8.22889743e-01 -9.24229684e-02 -2.80431170e+04 1.36319857e+01
 1.87270470e+01 4.88193503e-01 5.13827370e-01 -6.94021848e-01 -9.58166889e+02 1.39558676e+01
 -9.34474549e+00 2.59988054e-01 -5.97713752e-01 4.58098099e-01 2.23384719e+03 1.35917625e+01
 1.01451308e+01 -7.83373653e-02 4.67382826e-01 2.62137640e-01 9.31898501e+03 1.38282004e+01
 6.97194959e+00 3.11526752e-01 -1.54845874e+00 -1.76074622e-01 -3.89260684e+04 1.37976378e+01
 -9.26216000e+00 1.40433918e-01 -1.19738741e+00 -2.04523761e-01 2.41818492e+04 1.35602896e+01
 1.06308673e+01 7.74337100e-02 1.36293872e+00 2.02878181e-01 2.22718160e+04 1.38346058e+01
 6.49926193e+00 3.24564107e-01 -1.83987689e+00 -8.91983299e-02 2.28878572e+04 1.37925715e+01
 7.12978196e+00 -1.28258567e+00 -8.03002111e-01 3.86367874e-01 1.07558574e+03 1.37895953e+01
 -6.41043918e+00 6.05054735e-01 6.61007260e-02 1.96184288e-02 -1.89870310e+04 1.36026661e+01
 5.40759978e-01 4.36655005e-01 -2.13396944e+00 2.57723674e-01 1.20584916e+04 1.37060595e+01
 2.02347222e+00 -6.39989839e-02 -1.14259024e+00 -1.11433357e-01 -5.18976391e+03 1.37080598e+01
 1.12300436e+01 -1.09623121e+00 2.38444082e-01 -7.98323975e-02 2.65580653e+04 1.38525190e+01
 -1.31017749e+01 -1.27433699e-01 1.44383997e-01 3.02896054e-01 1.13054790e+04 1.35261210e+01
 -1.57955622e+01 -1.68002170e-01 1.10929096e+00 1.77681281e-01 2.44780599e+04 1.35065285e+01
 8.84122229e-01 -3.31578685e-02 -1.14170744e+00 1.74747613e-01 5.07558653e+03 1.37092705e+01
 -3.36301212e+00 4.49468054e-01 7.73980093e-01 2.51011873e-01 -1.64698575e+04 1.36531668e+01
 1.47169164e+01 -5.23817624e-01 -1.36051997e+00 3.56341123e-01 -2.77125427e+04 1.38735230e+01
 6.08107089e+00 -2.15205725e-01 1.74531460e+00 4.64792408e-02 -3.39701843e+04 1.37737087e+01
 9.27167354e+00 4.72848157e-01 2.35927571e+00 3.43290679e-01 1.25821504e+04 1.38240339e+01
 2.54073435e+01 -6.51951476e-02 1.52830187e+00 -6.83969963e-01 -6.74505029e+03 1.40386325e+01
 -6.21892951e-02 2.50680088e-01 -3.43046003e-01 -6.19163221e-02 -1.42667279e+03 1.37077580e+01
 -1.90421358e+01 -2.98132555e-01 -1.49242645e+00 2.51643818e-01 1.31276160e+04 1.34625582e+01
 1.01885350e+01 4.21561255e-01 -6.41016319e-01 -8.15904830e-01 -5.50710781e+03 1.38517889e+01
 5.40915581e+00 6.55471023e-01 1.78468932e+00 4.06591399e-01 2.44263186e+04 1.37740871e+01
 -1.12614433e+01 -2.58355372e-01 8.41576463e-01 7.27171410e-01 1.76829516e+04 1.35236315e+01
 -1.40272808e+01 -1.18419361e+00 -7.92875658e-01 2.65267299e-01 2.32998427e+04 1.34950839e+01
 -9.31671599e-02 8.14318579e-01 -9.57135593e-01 2.43881409e-01 -5.26913925e+03 1.36923761e+01
 7.21878020e+00 -1.12462694e+00 -1.70116368e+00 -2.01829201e-02 8.12870161e+03 1.38044220e+01
 -2.27460160e+01 9.48594927e-02 -1.20642714e+00 -7.68834127e-02 1.96671721e+04 1.33886861e+01
 -2.25263872e+01 5.88088839e-01 6.11185320e-01 1.26151588e-02 -1.19921000e+04 1.34004986e+01
 1.09343719e+00 -3.95621988e-01 1.05862354e+00 1.43874972e-01 -3.62760014e+04 1.37419059e+01
 2.73209462e+01 -7.35780376e-02 -5.98038080e-02 4.92066401e-01 -1.68833573e+04 1.40864915e+01
 2.48167582e+00 7.79661262e-01 1.88381568e+00 2.56984858e-01 -9.99475875e+03 1.37244157e+01
 1.00724047e+01 -5.71810021e-01 4.09423581e-01 3.90983712e-01 2.89213953e+04 1.38249892e+01
 1.17803053e+01 -1.18243709e+00 -5.20006872e-01 -9.36650707e-02 3.05478207e+03 1.38619685e+01
 8.58923421e+00 3.60790731e-01 -5.32084464e-01 -1.57202824e-01 -5.02040500e+03 1.37981377e+01
 2.82542389e+01 1.51703319e-02 1.23774564e-01 -1.95184812e-01 1.47399499e+04 1.40666060e+01
 8.07638816e+00 -8.77100735e-02 1.87178547e+00 -1.46032367e-01 -9.51317413e+03 1.38105131e+01
 1.32521547e+01 -1.40590137e-01 -6.16479445e-01 8.83885929e-01 2.72851145e+02 1.39036590e+01
 6.99486485e+00 1.13983665e-01 6.12024446e-02 8.10601676e-04 2.11825579e+04 1.38141123e+01
 2.20671000e+01 -8.03773725e-02 -2.10919303e-01 -1.14430271e-01 -1.04648071e+04 1.39925075e+01
 -5.19641553e+00 2.80094866e-02 6.68370597e-01 1.05547650e-01 1.03677348e+04 1.36385645e+01
 1.20063148e+00 -7.37052465e-01 2.60121704e-01 1.52905094e-01 -3.71548892e+02 1.37357343e+01
 6.70154385e+00 5.02994322e-01 4.75194737e-02 1.58944391e-01 -5.89184162e+03 1.38028062e+01
 -2.21626143e+01 1.14392078e+00 1.99910145e-02 4.23166090e-02 -1.05458647e+04 1.33843653e+01
 6.03338570e+00 9.13169661e-02 -2.36516959e-01 -1.96414034e-01 7.39920071e+03 1.37897342e+01
 4.42374956e+00 -1.04984240e-01 -1.63679390e+00 2.62102324e-01 -4.17681430e+03 1.37701678e+01
 1.55870106e+01 -3.01031180e-02 -4.45726620e-01 3.55208391e-01 -2.35546961e+04 1.39017307e+01
 -1.01514333e+01 3.19244276e-01 -1.53615632e-02 -6.22367456e-01 -1.13165329e+04 1.35839704e+01
 9.55392676e+00 -1.19332020e+00 1.08712689e+00 4.88377071e-01 -2.82982238e+04 1.38313282e+01
 -7.93988552e+00 -7.48288847e-01 1.21602343e-01 -3.92230202e-01 -1.59656721e+04 1.35817032e+01
 -1.15601416e+00 9.24855224e-02 6.88042100e-01 1.67591795e-01 -2.39402305e+04 1.36734686e+01
 -7.43003649e+00 1.75014924e-01 2.20153075e+00 4.81404506e-02 -3.68777909e+04 1.36153607e+01
 3.69845645e+00 -9.06491559e-02 -9.47529728e-01 -9.92426692e-02 2.78895512e+04 1.37292138e+01
 -3.32420264e+00 3.56239407e-01 4.40398449e-01 4.05384688e-02 1.52829624e+04 1.36568391e+01
 4.48164044e+00 3.69932518e-01 -3.93893887e-01 4.99584463e-01 -3.09614673e+04 1.37586743e+01
 -3.83553263e+00 1.18280127e-01 2.35723367e+00 -4.46765909e-01 -1.93189694e+04 1.36370105e+01
 1.30670422e+01 -1.82398447e-01 6.29085013e-01 -3.52137031e-01 7.52730900e+03 1.38793314e+01
 -2.49660092e+00 8.58082099e-01 3.52094854e-02 -2.81711222e-01 -9.32571614e+03 1.36492253e+01
 -5.72700837e+00 -3.36450716e-01 8.46186413e-02 2.58186993e-01 1.94436567e+04 1.36095968e+01
 1.33248215e+01 5.31516313e-02 8.51888280e-01 4.85564577e-03 -3.57996022e+04 1.38694627e+01
 -4.83200372e+00 4.02668528e-01 9.46603173e-01 2.92779307e-01 1.06773118e+04 1.36249399e+01
 -1.66351364e+01 6.24084956e-01 1.34555810e+00 4.66884327e-01 6.69866780e+03 1.34754727e+01
 5.81204334e+00 -1.97402425e-02 5.69577639e-01 -3.93012981e-01 4.20191863e+02 1.37434929e+01
 1.73840716e+01 -2.98477481e-01 -1.33505024e+00 -1.66466755e-01 -2.02998215e+04 1.39368396e+01
 2.74375171e+01 8.79622931e-01 -8.19698142e-01 -1.84451748e-01 -1.85741757e+04 1.40634711e+01
 -7.05335387e+00 1.85603437e-01 1.17883643e+00 1.17877393e-01 1.44731361e+04 1.36010271e+01
 -1.04720259e+00 -4.36653928e-01 3.98834584e-01 5.73064318e-01 -1.12225793e+04 1.36982545e+01
 8.83267246e+00 -1.45334524e-01 -1.80978999e+00 -5.23538414e-01 2.32628421e+03 1.37984706e+01
 2.61046952e+01 -6.49234501e-02 1.14250087e-01 3.89514663e-01 -1.04233919e+03 1.40485912e+01
 -6.76860848e+00 1.11664109e-01 7.23494348e-01 -7.63602775e-01 -4.35712430e+04 1.36243794e+01
 -5.37135171e-01 2.62112159e-01 -1.06600583e+00 -1.40532583e-01 -1.43019261e+04 1.37234722e+01
 -3.55134670e+00 -9.17305501e-02 3.32285187e-01 2.48202387e-01 -5.01274162e+03 1.36511126e+01
 2.85101846e+00 -1.47606628e-01 1.73838836e+00 -2.64541599e-01 -4.36248389e+04 1.37507162e+01
 1.53582478e+01 -2.39032750e-01 9.53289176e-01 -3.63426683e-01 1.85500050e+03 1.39112674e+01
 7.96039047e+00 -3.23614742e-01 -2.07872830e+00 -1.86174850e-01 -2.40305980e+04 1.38080289e+01
 3.79680090e+00 -9.54498875e-01 -1.69638495e+00 4.28695542e-01 -7.31230310e+03 1.37507109e+01
 -8.80338054e+00 1.26285282e+00 -1.45340223e+00 3.21713296e-01 -2.83230967e+03 1.36075024e+01
 -1.66932459e+00 2.81518640e-01 -2.54655981e+00 4.08698466e-01 1.16136565e+04 1.36737208e+01
 7.83973129e+00 1.15682754e-01 -1.33303486e+00 1.84502914e-01 -1.77613380e+04 1.38075337e+01
 -6.90022123e+00 3.20415046e-01 -8.42113304e-01 3.44619521e-01 -1.01264329e+04 1.36102878e+01
 2.99141627e+01 -4.74219920e-01 -1.50074042e+00 -2.87153833e-02 1.57935378e+04 1.40819636e+01
 -2.05761587e+00 3.12319017e-01 1.40136510e+00 -1.44586824e-01 -1.76965619e+03 1.36572475e+01
 3.33020494e+00 -2.02020297e-01 -1.75257226e+00 4.04195265e-01 -2.96291091e+04 1.37500878e+01
 -4.95143298e+00 -2.10793441e-01 9.09592273e-02 -1.11146934e-01 -2.35269734e+04 1.36495752e+01
 2.49755447e+00 1.06230583e-01 8.01371706e-01 8.97631267e-01 -1.74031074e+04 1.37393413e+01
 -4.67324823e+00 1.14901592e-02 -1.55848519e+00 3.93560097e-01 -1.19827051e+04 1.36526847e+01
 -1.50103837e+00 -5.21302324e-01 5.07318029e-01 -1.46478226e-01 1.75301242e+02 1.36821838e+01
 -1.97953923e+01 5.43005338e-01 6.58380419e-01 4.01779626e-01 2.12667780e+04 1.34304795e+01
 -1.14526697e+01 -3.99496313e-01 -1.41496569e+00 3.65703178e-01 -1.98041752e+03 1.35459757e+01
 -8.17657681e+00 2.98585269e-01 5.57920563e-01 -6.50270847e-01 -3.04821552e+04 1.36092999e+01
 -2.69002907e+01 6.64761967e-01 -8.73956213e-01 6.11457609e-01 2.06289631e+04 1.33256250e+01
 9.48024422e+00 -5.06404528e-01 -2.33504265e-01 3.19805987e-02 -3.24549149e+04 1.38395813e+01
 1.59841831e+01 -2.49521839e-01 -5.59522451e-01 -3.83019944e-01 -6.41969112e+03 1.39077048e+01
 -2.50296518e+00 2.24583615e-01 1.50930575e+00 8.28407759e-01 1.50314163e+04 1.36710614e+01
 -2.65121813e+01 7.91355236e-01 4.14838447e-02 -5.79337264e-01 -2.68220444e+04 1.33209464e+01
 1.59294452e+01 4.11050735e-02 -4.43548142e-01 5.81249081e-01 -1.09278863e+04 1.39172307e+01
 2.25344221e+01 1.08568025e+00 5.25784802e-01 1.47939311e-01 2.06279709e+04 1.39932361e+01
 -1.46577488e+01 1.08530989e-01 3.46190934e-01 -3.12777695e-01 -1.50611200e+04 1.34772820e+01
 1.93522014e+01 -2.59316736e-01 -2.22595353e+00 -3.56338602e-01 2.01554043e+04 1.39582913e+01
 1.16435167e+01 2.86157970e-01 1.86624803e+00 -8.50370051e-01 7.01750893e+03 1.38577562e+01
 2.36921582e+01 4.98290359e-01 -1.23170184e+00 -1.99123235e-01 -1.61883173e+03 1.40124259e+01
 1.38767768e+01 6.58064604e-01 4.09196471e-01 -1.05634687e-01 9.70211695e+03 1.38702973e+01
 -4.74420369e-02 -6.62988659e-02 -1.29274503e+00 -7.95056074e-02 8.70932925e+03 1.37197258e+01
 2.07777565e+01 1.54686682e-01 8.29720512e-01 -3.55031094e-01 1.04907777e+04 1.39938517e+01
 6.55162786e+00 -7.30440964e-01 1.87910077e-01 -3.16995875e-01 -4.52464444e+03 1.37937665e+01
 -4.79474544e+00 -5.98664524e-01 -1.16967854e+00 -1.94958727e-02 1.54034222e+04 1.36226347e+01
 -6.35940016e+00 -1.78398481e-01 1.21885235e+00 -3.32889231e-01 8.13608766e+03 1.36058016e+01
 1.32182192e+01 -1.35628140e-01 3.43121820e-01 2.36542840e-01 -7.92907963e+03 1.38880739e+01
 -5.44687921e+00 2.29387996e-01 8.75004022e-01 -4.59309341e-01 3.09166339e+04 1.36126738e+01
 -1.66921872e+01 3.00251483e-01 5.79185542e-01 1.01291727e-01 3.00987866e+03 1.34558793e+01
 3.76239570e+01 -9.52168062e-02 -1.48890248e+00 1.40510270e-03 -2.32607300e+04 1.41924510e+01
 5.84870271e+00 -5.50801896e-01 -4.48424790e-01 -2.86248667e-02 2.41974130e+04 1.37808909e+01
 5.47990423e+00 1.08762085e-01 -1.45115704e+00 -7.31898300e-01 2.19851896e+04 1.37615438e+01
 -5.87622033e+00 -2.53118904e-01 -1.89901263e-02 -3.84308785e-01 -1.21075052e+04 1.36020274e+01
 8.77554089e+00 -2.48717542e-01 6.40760677e-01 2.19732002e-01 1.56482445e+04 1.38146088e+01
 -3.21224463e+00 6.26353655e-01 2.00046387e+00 4.19906035e-01 2.07262072e+04 1.36481058e+01
 -3.52919787e+00 1.74231812e-01 1.23301979e+00 7.90521528e-02 -4.23719371e+04 1.36516799e+01
 7.87951822e-01 -2.18473977e-01 3.16143390e+00 -4.27987763e-01 2.95727750e+04 1.37102574e+01
 2.46211855e+00 -3.98289351e-01 -4.78271236e-01 8.01217274e-02 -2.06620786e+04 1.37353809e+01
 -1.35266915e+01 1.39539067e-01 1.97947278e-01 -6.30065728e-01 -2.14051807e+04 1.35113401e+01
 -9.12644836e+00 2.30748714e-01 1.38435751e+00 3.33851095e-01 2.13400066e+04 1.35837963e+01
 2.20025982e+01 -1.22945584e-01 -1.01465941e+00 6.52345036e-01 -5.24354848e+03 1.40013210e+01
 -1.02775074e+00 -3.64884130e-01 -2.25440470e-01 2.52378664e-01 3.08142811e+04 1.36865591e+01
 1.31339800e+01 5.93597897e-01 1.00407214e+00 -3.98557646e-01 4.03263801e+04 1.38635202e+01
 -1.32368554e+00 -1.24967784e-01 -1.46398843e+00 1.02279030e-02 -2.13672454e+04 1.36850078e+01
 -6.39185462e-01 -4.60506960e-02 -4.39903279e-01 6.11724959e-02 2.66420987e+03 1.36783274e+01
 -1.04839987e+00 5.59037642e-01 -3.86337595e-01 -4.03390570e-01 -2.86152198e+04 1.36866193e+01
 2.28196702e+01 6.58018579e-02 2.89748721e+00 6.51012065e-01 -1.90544448e+04 1.40015830e+01
 2.02262263e+01 -6.10452494e-02 -2.27912912e+00 7.23281467e-01 1.18473564e+04 1.39966922e+01
 9.96830595e+00 1.62649330e-01 1.39810452e-01 -3.11519724e-01 1.07057699e+04 1.38372075e+01
 -9.53981443e+00 -9.48231311e-02 3.48506452e-01 3.02393472e-01 4.06183632e+03 1.35580115e+01
 1.62235445e+01 -7.43249856e-01 -1.74511555e+00 -7.00414309e-01 -9.46792166e+02 1.39159447e+01
 -9.60647192e+00 8.23693083e-02 -9.74526404e-01 3.54330092e-01 -6.88651098e+03 1.35579189e+01
 2.84186025e+00 1.28389805e+00 1.03548157e-01 -2.39732540e-01 1.02126757e+04 1.37553975e+01
 2.49799772e+01 -4.48504680e-01 1.47236079e+00 -4.63168138e-01 -1.24571786e+04 1.40234368e+01
 -7.41006398e+00 -3.95334100e-02 -1.99084341e-01 1.11961600e-01 -4.60218987e+03 1.36062412e+01
 1.26294365e+01 5.96490154e-01 -1.32056952e-01 -2.77328633e-01 -1.02362073e+04 1.38518584e+01
 -7.11326357e+00 -8.27879466e-03 -3.68032418e-01 4.78222813e-01 -1.80550634e+04 1.36112043e+01
 -1.12499244e+01 1.90789669e-01 4.93220693e-01 4.94618619e-01 1.44152828e+04 1.35456100e+01
 -2.27687366e+00 -2.02357499e-01 2.80525486e-01 -5.98623659e-02 -4.80960163e+04 1.36742406e+01
 -1.49976210e+01 -4.85900455e-01 1.55961609e-02 5.48096555e-01 -2.20268541e+04 1.35008443e+01
 -2.92453101e+01 -1.10615243e-01 -7.42294230e-02 4.12468948e-01 -2.61928380e+04 1.32732567e+01
 2.13892106e+01 -8.73548695e-01 1.40968125e+00 -1.60094511e-01 -1.57881988e+03 1.39973979e+01
 -9.23770897e+00 -3.96575493e-01 5.73953228e-01 5.83779527e-01 2.15959194e+04 1.35755332e+01
 3.65491144e+00 1.23858010e-02 5.84018197e-01 1.19043941e-01 1.85504522e+04 1.37701909e+01
 1.28022666e+01 -6.77541818e-01 7.87529593e-01 -2.11788302e-01 -7.52026923e+03 1.38519107e+01
 -1.12847414e+01 -4.12975403e-01 -1.14710827e+00 -7.25877113e-02 -3.84145476e+04 1.35385718e+01
 -8.94820595e+00 -8.06386582e-01 -7.40972148e-01 -1.95623092e-01 -2.23489299e+04 1.35941806e+01
 1.38529071e+01 4.63453983e-01 -1.16677430e+00 9.87496196e-02 1.82963020e+04 1.38887423e+01
 1.80501740e+01 2.31972383e-01 -7.26356296e-01 -5.21845682e-01 -1.75934292e+04 1.39411017e+01
 -2.62967168e+01 -5.04259166e-01 7.57271037e-01 2.07183429e-02 2.92974025e+04 1.33643723e+01
 7.69453743e+00 3.12312740e-01 8.00793322e-01 1.66346910e-01 -1.47425697e+04 1.37833344e+01
 -1.32889623e-01 1.04697703e+00 5.96055748e-01 7.20710172e-02 -2.60974272e+04 1.36923006e+01
 1.73289976e+00 4.83372522e-01 1.07848577e+00 -7.61328492e-02 8.74712866e+03 1.37371679e+01
 2.37211131e+01 3.43218712e-02 -1.35320713e-01 -3.79909026e-01 2.06023721e+04 1.40218660e+01
 2.80784995e-01 -3.47804708e-01 1.18440076e+00 5.44958441e-02 -4.37391353e+03 1.37158669e+01
 -1.73763966e+01 2.89782755e-01 -1.74146212e+00 3.22867226e-01 -1.45943849e+03 1.34585411e+01
 -1.45404624e+00 -5.06181048e-01 -1.30043313e+00 7.89657496e-02 1.51223559e+04 1.36601832e+01
 -1.35394879e+01 5.26388028e-01 2.40128399e-01 6.53952321e-01 1.19451544e+04 1.35120637e+01
 -2.13367226e+00 -1.92940781e-01 -9.63172785e-01 -1.64816988e-01 -1.89973175e+04 1.36955487e+01
 8.38381660e+00 -6.96859636e-01 9.37843815e-02 1.53882426e-01 -1.10466901e+04 1.38073480e+01
 -1.08138345e+01 -2.92129845e-02 -1.04251025e+00 3.32154288e-01 -3.42365800e+04 1.35608931e+01
 7.33182973e-01 -5.87264727e-01 -2.08619404e-01 -2.72923134e-01 -1.65967867e+04 1.37094778e+01
 2.24311020e+01 1.03946344e-01 -4.75857463e-01 9.58654132e-02 -5.62253767e+02 1.39952684e+01
 2.75457067e+01 -3.42820547e-01 -6.21666266e-01 1.64671890e-01 -5.20049879e+03 1.40726048e+01
 9.39021315e+00 2.84784621e-02 -1.04487084e+00 -3.11304646e-01 3.37509655e+04 1.38393707e+01
 -2.08661480e+01 5.58441822e-01 -1.46355300e+00 -3.14551793e-01 -6.24495092e+03 1.34070576e+01
 2.35779086e+00 -9.03815567e-01 -1.67176328e-01 -9.64357654e-02 -1.10251100e+04 1.37314721e+01
 1.06070837e+00 -3.52114111e-01 1.86481841e+00 1.18434990e-01 1.79176445e+04 1.37304938e+01
 7.94036713e+00 -5.27703780e-01 2.20719004e-01 -4.86081769e-01 -1.29074527e+04 1.38038000e+01
 -7.96278978e+00 5.63660858e-01 8.60247524e-02 1.63397205e-01 1.98725578e+04 1.35897514e+01
 2.54895044e+01 1.92668821e-02 -1.22605497e+00 -2.09997242e-01 6.04515851e+03 1.40391704e+01
 6.84687980e+00 4.32700827e-01 6.41074712e-01 1.09226555e-01 -2.95111026e+04 1.37541531e+01
 1.71025316e+00 9.33018404e-01 2.73192282e-01 -3.57478584e-01 -1.78889724e+04 1.37347633e+01
 2.28698168e+01 9.35654630e-01 7.26449867e-02 3.01604783e-01 8.95754443e+03 1.40085825e+01
 -1.28541066e+01 -6.33918774e-01 -1.33337134e+00 -2.39170635e-01 5.23139147e+03 1.35195887e+01
 -1.07477249e+01 8.12159765e-01 1.34508460e+00 1.07675840e-02 -3.54390015e+04 1.35686377e+01
 -2.28968846e+01 5.74876111e-01 -8.93541175e-01 -3.61273195e-01 4.40476653e+04 1.34106827e+01
 1.30326036e+01 1.02472575e+00 1.52910133e+00 -9.63326266e-02 -1.34977654e+04 1.38964215e+01
 4.11784982e+00 2.42661984e-01 3.77435841e-01 -6.55712721e-01 2.25031522e+03 1.37897419e+01
 1.13915518e+01 -7.11647608e-01 1.32340110e+00 1.69932359e-02 1.86152320e+04 1.38368709e+01
 -4.03794275e+00 3.34856955e-01 2.30825029e-01 1.88123266e-01 1.18125658e+04 1.36553296e+01
 -1.00376406e+01 8.21682497e-02 7.82574100e-01 6.13190944e-01 1.36643453e+04 1.35546311e+01
 1.21093565e+01 7.01818962e-01 1.51982070e+00 8.85136445e-01 4.67000091e+04 1.38816199e+01
 -9.35934183e+00 -1.35718949e-01 6.46833499e-01 3.60627452e-03 -2.37030319e+04 1.35594969e+01
 -2.58435621e+01 -5.25159085e-02 1.20851870e+00 -1.46245976e-03 -5.96038089e+04 1.33439768e+01
 -8.79769538e+00 4.38419763e-02 3.00582242e-01 -1.26052987e-01 -2.41897463e+03 1.35724573e+01
 -8.09710064e+00 3.93661116e-01 1.26648118e+00 1.88374162e-01 -1.36413025e+04 1.35948331e+01
 -5.02310862e+00 -1.47372780e-01 6.05030621e-01 4.77188789e-01 7.64366885e+03 1.36472397e+01
 1.49701298e+01 8.05023769e-01 -4.21008554e-01 9.18746063e-01 1.87927937e+04 1.39123644e+01
 -5.22289203e+00 -6.65065632e-01 -7.69419124e-01 5.95519283e-01 2.12685542e+04 1.36439097e+01
 -6.31846799e+00 -8.13381302e-02 1.35282813e+00 -4.22046615e-01 -1.66891411e+04 1.36185525e+01
 1.12606447e+01 2.76776660e-01 2.48619239e+00 -3.99877463e-01 5.44745467e+03 1.38495327e+01
 -7.34626814e+00 -6.26195309e-01 -4.51572310e-01 5.44004332e-01 -4.61560656e+03 1.35777900e+01
 -8.46148374e+00 2.26504334e-01 1.14410089e+00 3.34315980e-02 -4.24591188e+04 1.35928707e+01
 -2.02088121e+00 -5.57541199e-01 8.56275406e-01 1.23770351e-01 -1.10382170e+04 1.36783768e+01
 1.66978775e+01 1.30520986e+00 -2.99861169e+00 5.55053756e-01 9.65963693e+03 1.39317375e+01
 -3.10393996e-01 3.44248724e-01 -7.19017921e-01 -2.57363034e-01 -4.63441535e+03 1.36800141e+01
 1.73962359e+01 3.20492472e-02 6.61222819e-01 1.15202838e-01 -3.48663482e+04 1.39417253e+01
 8.15320429e+00 3.23261136e-02 2.43257406e+00 2.72633169e-02 3.32246741e+04 1.38028567e+01
 7.33995090e+00 -5.41615689e-02 8.67557881e-01 -4.59692483e-01 1.85996878e+04 1.37942226e+01
 -6.16987732e+00 6.05873634e-01 4.55226731e-01 -3.73589626e-01 4.15148796e+04 1.35933308e+01
 -1.49813945e+01 -7.96023883e-01 -2.99814034e-01 2.52521837e-01 -6.60490771e+03 1.35091923e+01
 -8.28124797e-01 4.86231432e-01 9.94829377e-01 9.37953399e-02 -1.53699612e+03 1.36842370e+01
 4.71174516e+00 -1.91555425e-01 -1.64346871e-01 8.34489470e-01 -4.01323968e+04 1.37318000e+01
 -1.61918844e+00 -2.01139510e-01 -1.01181167e+00 8.95494813e-01 -3.02779480e+03 1.36610745e+01
 -3.94134134e+00 -1.80675019e-01 -1.32933666e+00 7.82522817e-02 -1.51433753e+04 1.36697952e+01
 -2.40554578e+00 2.16889864e-01 1.22059544e+00 7.80576192e-02 -9.80214844e+03 1.36654031e+01
 7.95531103e+00 4.39173021e-01 3.06806289e-01 6.20881511e-02 6.23131762e+03 1.38109509e+01
 1.88101560e+00 -9.68701336e-01 2.87539105e-01 9.23187056e-01 1.54968753e+04 1.37114671e+01
 9.60380735e+00 3.43210384e-02 -6.00698142e-01 -6.04258700e-01 3.43284714e+04 1.37910442e+01
 -2.68878055e+01 -8.73411500e-02 -2.67626315e+00 4.54589854e-01 3.57349890e+04 1.33371885e+01
 3.83631576e+01 -1.21794040e-01 1.35998997e-01 4.51020465e-01 7.43014508e+03 1.42052872e+01
 2.30637307e+00 3.36050910e-01 6.69330354e-01 -1.91953679e-01 3.46507264e+04 1.37365002e+01
 3.05448340e+01 1.71328431e-01 -1.56888099e+00 -6.62087539e-01 -1.56247447e+04 1.41208736e+01
 -4.81510308e-01 -5.65919776e-01 -3.92660460e-01 -4.54513904e-01 2.38575465e+04 1.36792137e+01
 -1.53293679e+01 4.64519921e-01 -5.41248641e-01 -1.56349408e-01 3.48986702e+04 1.34721501e+01
 -1.48894716e+01 1.69029155e-01 -1.80417074e+00 -1.49890600e-01 6.45950566e+03 1.34924679e+01
 -1.72047938e+00 6.32059915e-01 7.07572710e-01 3.14992885e-01 2.33405954e+04 1.36879397e+01
 -1.30790443e+01 8.29996479e-01 1.85743136e+00 -2.15533447e-01 3.68505666e+03 1.35239071e+01
 -5.46171088e+00 -7.53478974e-01 -5.67594013e-01 7.90479377e-02 -3.67965663e+04 1.36583521e+01
 -4.08952253e+00 -5.91425581e-01 -4.31802310e-01 2.73428651e-01 3.32106865e+04 1.36331399e+01
 1.40469176e+01 3.27320027e-01 -7.43382410e-01 -1.60986400e-01 1.50575567e+04 1.39037899e+01
 -5.22009949e+00 -3.70714513e-01 -2.94898121e-01 1.38260554e-01 -3.55497612e+03 1.36188068e+01
 2.79754005e+01 -9.52904383e-02 1.06628626e-01 -3.52834023e-01 4.82816619e+03 1.41048122e+01
 2.62874591e+00 2.96355991e-01 -3.39422163e-01 -9.82952439e-01 7.06847236e+03 1.37263441e+01
 8.39755977e+00 3.04756687e-01 -1.47258073e+00 -3.18126177e-01 -2.28083008e+04 1.38104778e+01
 -1.46834237e+01 6.71580884e-01 -2.54936387e-01 -1.41383531e-01 1.32463254e+04 1.35006406e+01
 -1.13173784e+01 -1.78579837e-03 1.43990775e+00 3.59435927e-01 4.81507373e+03 1.35251939e+01
 -2.51415576e+01 6.07004054e-01 -9.68240881e-01 4.05910574e-01 1.03848596e+04 1.33423255e+01
 5.04257978e+00 -2.56855718e-01 -4.63761956e-02 5.15031853e-01 -2.19815782e+04 1.37677124e+01
 -1.26024831e+01 -2.98360517e-01 -1.13415670e+00 -3.68670997e-01 -1.28248071e+04 1.35253455e+01
 -1.93560090e+01 -9.43364769e-02 -5.41642710e-01 1.30689046e-01 2.77860210e+03 1.34414651e+01
 -8.86038970e+00 3.11598960e-01 2.43304018e-01 -1.69409333e-01 -1.18423984e+04 1.35869651e+01
 2.98911840e+01 1.34455616e-01 -5.61312122e-01 -2.08598432e-01 -4.17473650e+04 1.41083092e+01
 1.86177677e+01 3.51462658e-01 -8.12100600e-01 -1.20682917e-01 2.91232056e+04 1.39433825e+01
 3.01167618e+00 -8.65812112e-01 -1.65160395e+00 -5.62913575e-02 -1.52103100e+04 1.37359699e+01
 1.18920459e+01 -3.75289479e-01 1.47353362e+00 -4.40838609e-01 -5.78796790e+03 1.38767241e+01
 5.90482747e+00 -2.08541445e-01 -8.02415737e-01 3.31485823e-01 -9.63654997e+02 1.37844104e+01
 3.65759258e+01 -5.01215095e-01 -2.84870166e+00 5.42401717e-01 -2.38262127e+04 1.41956283e+01
 2.73618197e+00 4.53751636e-01 -1.47713565e+00 -2.74381810e-01 -1.72550178e+03 1.37238999e+01
 9.60416033e+00 -2.47286510e-02 2.14839481e+00 2.59199702e-01 3.21568829e+04 1.38266603e+01
 -2.28205945e+01 -2.63873323e-01 -8.74622052e-01 3.68645037e-02 -9.10098627e+02 1.33875419e+01
 9.40369740e+00 3.81551819e-01 -1.35463752e+00 9.54561925e-01 -4.48076923e+04 1.38278809e+01
 -1.23002387e+01 4.11470232e-01 7.66805520e-01 -1.18253984e-01 -3.04196520e+02 1.35200350e+01
 -8.68848159e+00 -1.70011593e+00 -1.27563197e+00 -6.76132515e-01 2.55510578e+04 1.35907206e+01
 2.11692247e+01 5.63158677e-03 1.67326613e-02 -1.57677087e-01 -6.14172417e+03 1.39740249e+01
 3.18130735e+00 2.72752079e-01 -2.81508382e-01 -3.69694402e-03 5.57503628e+03 1.37456628e+01
 5.91872542e+00 5.55044062e-01 -6.26989585e-01 2.63853922e-01 -1.79810930e+04 1.37730086e+01
 2.11431342e+01 -8.62056241e-01 5.99980207e-01 2.55945032e-01 -1.15835852e+04 1.39959886e+01
 -2.50814394e+01 -1.32400623e-01 -2.04995556e+00 -2.01525252e-01 2.43562024e+03 1.33694768e+01
 4.59246835e-01 3.91269359e-01 -3.62452967e-01 5.30326290e-01 -1.69581477e+04 1.36804471e+01
 1.10782072e+00 -3.98017521e-01 -1.16254327e+00 9.60253950e-01 -1.55236828e+04 1.37454902e+01
 8.31315151e+00 -4.31015851e-01 6.46568529e-01 -1.10078026e-01 -5.31484041e+03 1.38060235e+01
 2.81400408e+01 -2.76358078e-01 -1.11003696e+00 2.85176131e-01 2.46825695e+03 1.40783541e+01
 2.56028207e+01 3.18714100e-01 -7.96614062e-01 1.09071269e-01 -2.03500807e+03 1.40346356e+01
 6.24302993e+00 -4.81515036e-03 -6.70324756e-01 -4.64943446e-01 -4.94160504e+03 1.37838684e+01
 3.98119622e+00 -4.85400719e-02 1.96671907e+00 3.05213667e-01 -2.78093928e+04 1.37465500e+01
 8.68246031e+00 -4.67869302e-01 7.39417844e-01 -5.86530074e-01 -1.43482662e+04 1.38142073e+01
 -5.21033437e+00 -4.34583606e-01 1.65358498e+00 -2.32559668e-01 2.64930089e+04 1.36279673e+01
 9.34392775e+00 -1.51473548e-01 6.66095416e-01 2.28887768e-01 2.81217617e+04 1.38343230e+01
 9.66746820e+00 -4.24867566e-02 -4.86592232e-01 3.85572802e-01 2.29398124e+04 1.38582790e+01
 2.57828185e+01 6.88553595e-01 -1.21388119e+00 2.70931051e-01 2.43721085e+04 1.40372925e+01
 6.75439806e+00 1.05941004e-01 7.35993841e-01 -6.19413569e-02 6.11712648e+03 1.37939595e+01
 -1.01436112e+00 -9.21378948e-02 1.02873962e+00 4.54198910e-01 -9.41729537e+03 1.36944309e+01
 -2.24586038e+00 8.91710611e-02 2.99428499e-01 7.20206306e-01 2.13276364e+04 1.36745529e+01
 2.69139005e+00 6.38838956e-01 -8.89027835e-01 1.29463942e-01 -8.00221973e+03 1.37332260e+01
 -3.00976935e+00 2.30119027e-01 -8.19784375e-01 -1.97082721e-01 -2.77287499e+04 1.36281087e+01
 -1.06239576e+01 5.69449007e-01 -4.76812722e-01 -2.22520167e-01 2.82106685e+03 1.35700191e+01
 -5.54822118e+00 -4.98425524e-01 -1.51329399e+00 -1.19874023e-01 7.91576069e+03 1.36093658e+01
 -1.48788769e+01 6.26162862e-02 1.46034808e+00 -8.38296441e-01 1.75068133e+04 1.35006642e+01
 -3.78400507e+00 1.63646428e-01 -3.76872648e-01 -8.87657177e-02 -1.38691284e+04 1.36701254e+01
 3.68247823e+00 2.86992835e-01 -3.50991630e+00 2.07830603e-01 -1.08960345e+04 1.37758220e+01
 1.20306505e+01 -1.36692986e-01 -4.25904853e-01 2.31397940e-01 -7.80393688e+03 1.38710606e+01
 -6.90088275e+00 -4.18491676e-02 4.65242920e-01 -2.59859730e-02 -1.82822389e+04 1.36059588e+01
 1.74481453e+01 2.06559322e-01 1.34797734e+00 6.24823144e-01 -7.54039731e+02 1.39378988e+01
 -1.90668797e+01 -9.22205519e-01 1.18625968e+00 1.68113798e-01 -3.59791376e+04 1.34479548e+01
 1.52884135e+01 -1.39951046e-01 -7.23097995e-01 1.01883312e-01 -6.40887024e+02 1.38907542e+01
 -1.15874885e+01 8.09307354e-01 9.19861888e-01 -9.45894526e-03 -2.47943195e+04 1.35241446e+01
 -1.61699978e+01 -9.54765164e-01 6.01128294e-01 5.89273245e-01 -6.86434094e+03 1.34517508e+01
 8.44281733e+00 -6.60597672e-01 2.59787862e-01 -6.90318143e-01 3.10787928e+04 1.38091114e+01
 1.66952951e+01 6.10898253e-01 1.20377200e+00 -1.11911737e+00 -3.95105296e+04 1.39332777e+01
 1.12143796e+00 4.52507428e-01 -9.02968757e-01 2.34158640e-02 -3.01783861e+03 1.36870187e+01
 1.31464053e+00 -1.61906322e-01 1.04139480e+00 -1.27778404e-01 2.07465361e+04 1.37240999e+01
 -1.51715762e+01 4.61405037e-01 -6.77052451e-01 6.91802828e-02 1.02608070e+04 1.34950507e+01
 -2.42081834e+01 4.34820537e-01 -5.73445932e-01 -3.38883302e-01 9.18094861e+03 1.33661163e+01
 -8.29693576e+00 1.11977757e-01 -5.86773093e-01 -3.97375241e-01 -1.42471696e+04 1.35974208e+01
 1.52103921e+01 6.72768735e-01 2.93368729e-01 -4.61520604e-01 1.20814481e+04 1.38869060e+01
 3.94771099e+00 -9.11141447e-01 -1.60921647e+00 8.26013282e-02 -7.52571333e+02 1.37479853e+01
 1.46370769e+01 1.08694597e+00 1.77245633e+00 -6.00925463e-02 3.54223200e+04 1.39118314e+01
 2.08116583e+01 3.33387063e-01 -1.66047645e-01 -4.37444113e-01 1.49446080e+04 1.39558963e+01
 5.50173759e-01 5.78086608e-01 1.85332804e+00 -2.62509067e-01 1.06853412e+04 1.37091267e+01
 -2.03282986e+01 -7.23563978e-01 -9.33854852e-01 7.83388727e-02 -1.66628075e+03 1.34127720e+01
 -1.20543716e+01 2.17603773e-01 6.76280607e-01 -2.59061964e-01 -1.33863485e+03 1.35677644e+01
 -3.58349436e+00 -3.15260342e-01 4.56542626e-01 -2.25715186e-02 1.22769561e+04 1.36630910e+01
 -3.44395219e+00 -5.66854652e-02 -9.68656272e-01 5.14964390e-01 -1.51693404e+04 1.36341992e+01
 -4.29699917e-02 6.93488301e-01 -4.87977544e-01 1.81132877e-01 -8.12796807e+03 1.37063139e+01
 -6.36246477e+00 2.14159566e-01 -1.19483014e+00 -3.75357581e-02 4.64216615e+04 1.35983133e+01
 2.76510811e+01 -5.45360358e-01 1.32426662e+00 5.11682165e-01 6.76741950e+03 1.40597942e+01
 -8.03474333e+00 1.47928952e-01 5.51607916e-01 -2.38845426e-01 -8.16353731e+03 1.35823938e+01
 -8.28225850e+00 -1.61248161e-01 -2.11219314e-02 -1.41742919e-01 -2.95970833e+04 1.35814107e+01
 1.23702635e+01 -3.35106762e-01 -2.39655357e+00 -5.29726323e-02 -3.95438640e+04 1.38691075e+01
 4.26770360e+00 -6.96015000e-01 -4.66166745e-01 9.87091983e-02 1.85357569e+04 1.37362969e+01
 -1.12439951e+01 -1.83439190e-01 -3.93499106e-01 1.37559231e-01 1.27023959e+04 1.35558608e+01
 -1.80672793e+01 -1.48068212e-01 4.69459249e-01 6.45188438e-02 1.76778535e+04 1.34537676e+01
 -1.94853664e+01 -2.71679938e-01 1.48638739e+00 -6.15512537e-01 -1.08877342e+04 1.34502267e+01
 -1.43226385e+01 -1.87508263e-01 1.23768104e-01 -1.06950306e-01 1.13148875e+04 1.34790870e+01
 2.87948212e+01 4.83069305e-01 -7.90722723e-01 6.07537493e-01 -1.56221418e+04 1.41028453e+01
 1.86879258e+00 4.87129759e-02 -2.00133647e-01 -8.22575376e-02 1.88633965e+04 1.37068013e+01
 -5.93563166e+00 -2.33480967e-01 -1.27387822e+00 -1.67753502e-01 -1.46609398e+04 1.36102264e+01
 -2.85885934e+01 1.89414035e-01 1.30241366e+00 1.09380471e+00 2.42034587e+04 1.33037020e+01
 2.10238945e+01 4.87316848e-01 -3.50460827e-01 6.06043441e-01 -2.62040364e+04 1.39840750e+01
 1.51137367e+01 2.44964114e-01 -1.36507291e+00 -4.50990321e-01 -1.81442516e+04 1.38893155e+01
 -2.07998806e+01 4.06973670e-01 1.11471366e+00 1.64721650e-01 -1.96616678e+04 1.34063134e+01
 -2.72740531e-01 -4.66448660e-01 -2.13128587e+00 -9.42150757e-02 1.00274286e+04 1.36959145e+01
 -5.75282824e+00 4.79099344e-01 -7.07522587e-01 -8.57603832e-01 1.08452245e+03 1.36339691e+01
 -2.47069705e+00 -6.82830941e-01 -8.95695383e-01 -2.82671079e-01 2.43997499e+04 1.36765430e+01
 2.65146163e+01 1.25970127e-01 -2.37329355e-01 2.19901539e-01 -4.21186559e+04 1.40534126e+01
 1.85951886e+01 7.43251239e-01 -1.77121933e-01 4.04508042e-01 4.34588539e+03 1.39479708e+01
 -8.86554094e+00 -6.36070379e-01 6.15137814e-01 1.95216696e-01 -2.61753967e+03 1.35903945e+01
 -1.05016223e+01 -3.41446305e-01 5.49563427e-01 8.78796455e-01 -2.42184586e+04 1.35526172e+01
 5.09350067e+00 2.86859280e-01 5.62447428e-01 3.21022916e-01 -2.11528806e+04 1.37698973e+01
 -8.95656275e+00 -3.80362471e-01 -8.52393336e-01 -3.65651486e-01 -7.65708430e+03 1.35872603e+01
 4.14251940e+00 -4.33068550e-01 -3.43217802e-01 1.41380137e-01 1.33649283e+04 1.37701951e+01
 9.68368768e+00 -8.31737353e-01 -1.85333879e+00 -2.48465208e-01 1.06712345e+04 1.38386107e+01
 1.08525812e+01 -4.79427819e-01 7.64827285e-01 -2.41761681e-01 2.30985732e+04 1.38374818e+01
 1.22694721e+01 4.03827751e-01 -4.84117974e-01 1.18938748e-01 -2.29078966e+04 1.38628188e+01
 3.31949601e+00 -5.90752997e-01 4.05157373e-01 3.27374890e-02 4.07425769e+04 1.37515253e+01
 -1.25143743e+01 6.46375048e-01 4.81594676e-02 1.46635750e-01 9.16607274e+03 1.35280476e+01
 2.84299314e+01 -2.04372416e-01 4.70841664e-01 -3.98051881e-01 5.65710071e+03 1.40764122e+01
 -2.84692547e+00 -3.41896372e-01 7.55598499e-02 1.56716492e-01 -1.21283786e+04 1.36803949e+01
 -1.00490202e+01 -1.44046952e-01 3.16215165e-01 4.16717147e-01 -1.44962739e+03 1.35447251e+01
 9.96273262e+00 2.22255553e-01 -9.89532276e-01 -6.23764533e-02 2.14805939e+04 1.38511483e+01
 1.00329179e+01 3.67128916e-01 -1.32438049e+00 -3.11250309e-01 -1.14934514e+04 1.38459291e+01
 1.33870268e+01 -1.25926580e-01 -3.27591313e-02 4.63795279e-01 1.22844583e+04 1.38875787e+01
 -6.25412163e+00 -1.56952177e-01 -1.04909811e+00 4.86317642e-02 -8.97464145e+02 1.36209771e+01
 9.98807393e+00 -4.46017721e-01 6.73617126e-01 -2.61746747e-01 1.02667382e+04 1.38292736e+01
 1.94656582e+01 -3.75853568e-01 4.79413315e-01 -2.64919014e-01 -4.41796445e+01 1.39584871e+01
 1.11358393e+01 5.94728347e-01 8.10021367e-02 5.84884737e-01 5.25519058e+03 1.38316800e+01
 -4.59392753e-01 4.80219517e-01 -1.28637936e+00 2.22645456e-01 5.55397500e+03 1.36958601e+01
 -6.68807221e+00 -4.19036336e-01 -1.36065990e+00 -1.80493315e-02 -9.43413650e+03 1.36059129e+01
 -6.11911854e+00 -2.78755975e-01 7.55045293e-01 1.25831780e-02 -7.72238238e+03 1.36240438e+01
 -9.14718975e+00 2.65709422e-01 2.88238486e-01 3.11697104e-01 -5.00176413e+03 1.35773547e+01
 -2.99664836e+01 5.76953028e-01 -1.78534106e+00 2.00788241e-01 -1.60509144e+04 1.33111090e+01
 1.53628421e+01 -1.60024696e-01 -1.42208390e-01 3.53923586e-01 3.33973082e+04 1.39169182e+01
 -1.45111074e+01 6.18001793e-01 -3.17185092e-01 -4.22190318e-01 1.03819184e+04 1.35072025e+01
 7.39788373e+00 8.74884412e-01 -3.69465977e-01 6.05331175e-01 -7.15441817e+03 1.37813477e+01
 -6.11414765e+00 -4.87850038e-01 9.65389068e-02 -4.23416369e-02 9.01335680e+03 1.36258384e+01
 4.68579075e+00 -5.40196972e-01 -7.40629247e-01 8.80924864e-02 4.29700222e+03 1.37708586e+01
 1.71617443e+01 -1.13268282e-01 1.31703278e-01 -8.28778616e-02 1.14360174e+04 1.39340313e+01
 2.81357451e+00 -2.14065913e-01 -2.81895144e-02 8.87714962e-02 -6.95504060e+03 1.37419295e+01
 -1.67223831e+01 -4.61753646e-03 7.43685182e-02 1.04162366e-01 -6.54955469e+03 1.34814973e+01
 1.01128195e+01 -4.70439546e-01 6.46320677e-01 6.14506640e-01 -1.39984274e+03 1.38375960e+01
 -8.18279513e+00 2.26262671e-01 6.46776273e-01 -3.68073318e-01 -9.98765715e+03 1.36100781e+01
 4.55049061e-01 3.81021886e-02 9.42603115e-01 -5.67901575e-02 -1.12555903e+04 1.37041006e+01
 1.43697321e+01 2.96920652e-02 6.83298260e-01 5.62133583e-01 4.02120028e+03 1.39102281e+01
 7.10919883e+00 1.09719819e-01 5.69534000e-01 3.27280211e-01 -6.00191975e+03 1.37924108e+01
 -1.99576708e+01 -6.33447369e-01 2.38438303e+00 2.19817896e-01 2.06252988e+04 1.34385832e+01
 1.50834074e+01 -5.98075890e-01 -3.05185998e-02 -1.28209318e-01 1.35423346e+04 1.38755395e+01
 7.82653164e+00 -4.95786615e-01 1.06636616e+00 7.65584113e-01 -3.64513854e+03 1.38171563e+01
 -1.21438742e+01 4.56394901e-01 5.30299331e-01 3.77995811e-01 -6.02917670e+03 1.35501840e+01
 2.16546526e+01 -4.06785598e-02 1.50282281e+00 -2.07491383e-01 2.95343629e+04 1.39904595e+01
 -9.66241581e+00 -5.38938941e-02 -1.33190795e+00 3.04660380e-01 -1.55880666e+04 1.35498065e+01
 5.87791278e+00 3.48314815e-02 1.99045684e+00 -3.57046991e-01 -1.42479528e+04 1.37817101e+01
 -2.46779636e+01 -6.46298243e-01 -3.56846002e-01 -1.59494790e-01 4.93043280e+03 1.33470584e+01
 -2.06991377e+01 1.11774379e-01 -8.00456337e-01 1.99114349e-01 -1.45793643e+04 1.33907558e+01
 -8.27610380e+00 1.59382221e-02 1.64482245e+00 1.52043423e-01 -1.03402058e+03 1.35837069e+01
 1.19331252e+01 1.38933126e-01 -9.95171099e-02 2.54802916e-01 1.59206999e+04 1.38690202e+01
 -9.49437203e+00 -3.71645192e-01 5.29354544e-01 -2.75286228e-01 -1.05796293e+04 1.35769401e+01
 1.65131605e+01 -2.31232361e-01 -1.10332235e+00 2.32316967e-01 1.77787327e+04 1.38959734e+01
 -2.54861944e+00 3.66663068e-01 2.63800014e-01 5.78596406e-01 2.94804037e+03 1.36579068e+01
 -1.12459706e+01 5.33044811e-01 1.22864032e+00 -1.06804144e-01 -3.21227104e+04 1.35490271e+01
 1.54071345e+01 -4.39680438e-01 1.45022499e+00 3.17818937e-01 8.65319359e+03 1.38940164e+01
 1.13132992e+01 3.89990558e-01 8.70376335e-01 4.51440927e-01 -3.41962603e+04 1.38674721e+01
 9.01864030e-01 3.81141088e-01 3.44696543e+00 -9.83794706e-01 1.09402166e+04 1.36980285e+01
 -2.56264576e+01 8.82028824e-02 -7.53247936e-01 2.33060573e-01 -3.08088858e+04 1.33710619e+01
 3.06027105e+00 2.89882211e-01 -1.13844019e+00 3.19203955e-01 -5.08186923e+03 1.37253116e+01
 1.60132522e+01 5.64406489e-01 -1.20417352e+00 4.91235799e-01 2.97243546e+03 1.39148884e+01
 -3.34166143e+00 -3.33649479e-02 -2.12573867e+00 -2.27842820e-01 9.16062559e+02 1.36673736e+01
 -6.61330626e-01 -4.52760225e-01 -4.96230637e-01 -1.06236856e-01 -1.26374857e+04 1.36959128e+01
 1.31076232e+01 2.57569330e-01 -6.50836424e-01 -5.09442734e-01 1.61814360e+04 1.38616690e+01
 -1.52195442e+01 1.13221315e+00 -7.08121558e-01 -1.28687243e-01 8.11036157e+03 1.35042262e+01
 -9.11716202e+00 1.60101195e-01 3.32647117e-01 3.22607568e-01 -8.49324081e+03 1.35719358e+01
 -1.68838854e+01 -4.63120524e-01 2.84682686e-01 -9.68642112e-02 -1.94341252e+04 1.34694267e+01
 -2.23451126e+01 6.49037368e-01 1.11022608e+00 -4.42366568e-02 -1.24055353e+04 1.34074610e+01
 -2.87182814e+00 -2.47881566e-01 -8.18591896e-01 -3.72320970e-02 -7.91832841e+03 1.36901748e+01
 -6.63745170e+00 -7.01635781e-01 2.88452768e-01 3.54669557e-01 1.89446079e+04 1.36011175e+01
 2.55149131e+01 4.71426996e-01 -2.88098200e-01 1.03131306e-02 1.82735085e+04 1.40467509e+01
 -6.69951968e-01 1.12822701e+00 -1.04579415e-01 -2.84450141e-01 -2.47347957e+03 1.36931996e+01
 -5.17153557e-02 -8.09242573e-01 5.26396584e-02 1.15945964e-01 4.53652657e+02 1.37213444e+01
 -1.34195908e+00 7.85693105e-01 -9.42256033e-03 8.88883130e-01 -1.70194122e+04 1.36931084e+01
 1.75759164e+01 6.65350218e-01 -1.99448163e+00 2.25310085e-01 -5.05500776e+03 1.39134748e+01
 1.31186818e+01 -3.57741447e-01 -1.65197985e+00 6.42099562e-02 -1.42078252e+04 1.38796645e+01
 -1.41985434e+01 -1.29713041e-01 9.70099330e-02 -1.52648856e-01 3.40234193e+04 1.35061039e+01
 -1.87506810e+01 -4.51680326e-01 1.52987229e+00 3.45631801e-01 1.95002592e+03 1.34291539e+01
 4.49669339e+00 3.46704974e-02 -3.02881598e-01 2.62313808e-01 3.20886887e+04 1.37786029e+01
 -4.95453154e+00 -3.87272999e-02 -8.93578196e-01 2.23698634e-02 1.39116851e+04 1.36445171e+01
 -4.31359799e+00 1.51868377e-01 3.52145908e-01 -1.24916866e-01 -3.08726693e+04 1.35983510e+01
 5.27665151e+00 6.00035272e-01 -1.89218900e+00 -1.94973754e-01 -1.00342334e+04 1.37460637e+01
 1.36992289e+01 -7.65665661e-01 -1.38333343e-01 -2.34950273e-01 1.71253847e+04 1.38914063e+01
 1.71141570e+00 -2.58620248e-01 2.23036895e-01 3.58432546e-02 5.35269962e+03 1.37172752e+01
 2.01661828e+00 -8.74287098e-02 1.46205474e+00 7.76348843e-01 -1.22327377e+04 1.37194876e+01
 -8.83788986e+00 -2.56978335e-01 4.19685359e-01 -4.41443631e-01 -3.65937453e+03 1.35568631e+01
 1.08881848e+01 -3.84980200e-01 -1.01934605e+00 -3.81784586e-01 -1.23911025e+04 1.38596078e+01
 1.92261913e+01 6.33938629e-01 1.33009803e-03 -2.58999545e-01 1.37320288e+04 1.39510217e+01
 -7.77940112e+00 2.58829097e-01 6.99631569e-01 -8.82666856e-03 1.73148207e+02 1.35785401e+01
 -5.96011898e+00 -1.10382658e-03 1.85321041e+00 -8.71309464e-01 2.24658449e+04 1.36157435e+01
 -1.79122685e+01 -8.71754371e-01 -5.34893985e-01 -2.08419667e-01 -1.06452620e+04 1.34689260e+01
 -1.05348312e+01 -7.85046934e-01 -1.61370932e+00 -1.36596473e-01 -5.32535511e+02 1.35660127e+01
 3.32631224e+01 9.17553347e-01 -9.53539163e-02 -2.45991640e-01 2.62956170e+04 1.41332100e+01
 -1.09636405e+01 6.99842931e-01 7.43322849e-01 5.84530212e-02 -3.11707371e+03 1.35515802e+01
 -1.23443014e+01 1.48910573e-01 4.21146842e-02 -1.27557712e-01 1.44609580e+04 1.35188648e+01
 2.22364473e+01 -2.76450796e-01 4.64408690e-01 -1.12306974e-01 2.54998509e+04 1.39912220e+01
 4.52997145e-02 -2.90854124e-01 3.60164781e-01 -1.29450264e+00 3.01676621e+04 1.37053534e+01
 -1.36690536e+01 1.28279327e+00 -2.22852994e+00 -2.16758648e-01 3.90397075e+04 1.34917051e+01
 1.80216670e+01 -5.98265426e-01 -8.91245252e-01 -7.67826089e-01 -6.99377202e+03 1.39557270e+01
 8.50102127e+00 3.56212112e-01 1.29246848e+00 1.92351759e-01 -1.56283508e+04 1.37987215e+01
 -7.85489056e+00 3.90542165e-01 -3.91172591e-01 -5.63232691e-01 -1.23771489e+04 1.35922216e+01
 -6.54901525e+00 1.61959537e-01 -2.55117104e-01 -4.87319344e-01 -4.89613005e+03 1.35966057e+01
 1.94979274e+01 -7.45103271e-01 9.51804742e-02 -6.55679169e-01 8.90331124e+03 1.39585030e+01
 1.52768831e+01 1.37196479e+00 -7.47477083e-01 3.91167017e-01 -1.31900871e+04 1.39148848e+01
 6.60066706e+00 8.42745182e-01 -5.94100967e-02 -1.32521336e-01 -5.92440301e+03 1.37923225e+01
 6.92897161e+00 -1.35802068e-01 -1.93679516e+00 -2.29772555e-01 -1.21349031e+04 1.38034972e+01
 1.58599248e+00 4.37326576e-01 -4.71892370e-01 6.10416591e-01 1.03995389e+04 1.37363707e+01
 2.31839315e+01 4.58249432e-01 -1.82666973e+00 -5.95986867e-01 -4.33821863e+03 1.40074743e+01
 -7.16778023e+00 5.67896139e-01 2.89185885e-01 -3.59856120e-01 -8.42268151e+02 1.35824869e+01
 1.91997060e+01 -7.12464970e-03 2.41886779e-01 -1.33625409e+00 -1.88768255e+04 1.39248231e+01
 1.71511567e+00 9.47135497e-01 -1.04534524e+00 -3.90642414e-02 -6.23146731e+03 1.37120419e+01
 -6.59059807e+00 1.60836507e-01 2.85284154e+00 -5.33805219e-01 2.25000140e+04 1.35826431e+01
 -3.53973963e+01 -4.31374090e-01 1.30863501e+00 5.62648512e-01 4.70350520e+03 1.32247718e+01
 2.64212788e+01 4.44573716e-01 8.05717772e-01 5.28375411e-01 -7.44573970e+03 1.40219763e+01
 2.09486316e-01 2.23994635e-01 5.66737842e-01 -3.00890380e-01 -2.31711433e+04 1.37279423e+01
 -7.26538781e+00 3.86747115e-01 6.57175600e-01 -1.93686834e-01 7.36707872e+03 1.35924175e+01
 1.82289726e+01 2.31183486e-02 7.41856220e-02 -1.29242340e-01 -2.30310870e+04 1.39626726e+01
 5.81611480e+00 1.43968428e-02 1.03142748e+00 -1.47217081e-01 3.40398688e+04 1.37932764e+01
 5.95077748e+00 4.00577829e-03 6.02936375e-01 -3.87569915e-01 2.26052581e+03 1.37722526e+01
 4.89729246e+00 -8.42267938e-01 -7.50614423e-02 -5.89596323e-01 -2.85639784e+04 1.37830069e+01
 2.01715679e+01 5.70233918e-01 2.64294903e+00 -3.90842013e-01 -1.03550276e+04 1.39523516e+01
 -1.84561708e+01 2.17630320e-01 5.91288967e-01 -1.05685578e-01 -1.15943895e+04 1.34314737e+01
 -3.55588005e+00 1.11866436e-01 -1.34558308e+00 1.92756961e-01 -3.40442235e+04 1.36631493e+01
 -2.44938589e+01 1.16677290e+00 1.63269019e-02 -5.91494816e-02 -2.17913568e+04 1.33662321e+01
 -1.25490413e+01 -2.40168340e-01 -9.91483528e-01 6.19183516e-01 3.78256821e+03 1.35373361e+01
 -3.78906174e+00 -3.68263225e-01 1.53437635e+00 -1.05427610e+00 1.88839550e+04 1.36169215e+01
 -1.77702782e+01 1.86896066e-01 4.23843919e-01 2.13151934e-01 9.09639384e+03 1.34406738e+01
 5.43699773e+00 7.48784069e-01 -8.25132465e-01 -8.15439893e-01 -8.92163930e+03 1.37646923e+01
 2.14326506e+01 3.63935375e-01 -4.95101935e-01 4.85924201e-01 -3.56675998e+04 1.39878777e+01
 1.64093974e+01 -9.91556555e-02 -4.36308099e-01 -2.05736254e-01 -9.00742339e+03 1.39372839e+01
 -9.73147864e+00 -7.24998939e-02 -1.79730540e+00 -4.14089360e-01 1.12994075e+04 1.35901875e+01
 4.23713445e+00 -5.51706886e-01 8.31419367e-01 -3.14212596e-01 -4.93931737e+03 1.37466434e+01
 1.29433413e+01 -3.30029202e-01 9.38256701e-01 1.11613975e+00 2.14956334e+04 1.38893162e+01
 5.97992125e+00 3.59150802e-01 2.26388156e+00 -8.19111036e-01 -1.38013609e+03 1.37835217e+01
 2.13277264e+00 -1.01571753e-01 3.75386591e-01 -3.40168652e-02 -1.98253354e+04 1.37202812e+01
 9.14280856e+00 -4.98726527e-02 1.52735200e+00 4.67222514e-01 7.56235634e+03 1.38216909e+01
 -3.54882521e+00 1.22287610e-01 1.07557744e+00 4.47788999e-01 -1.94590412e+04 1.36501759e+01
 -9.41520965e+00 5.00294380e-01 -3.91743301e-01 -1.85584721e-01 -1.18126508e+04 1.35609843e+01
 -2.72962333e+00 -1.65471508e-02 -6.86941466e-01 8.70354270e-01 1.36685274e+04 1.36545446e+01
 1.31123367e+00 2.61878828e-01 1.54328548e+00 4.05755886e-01 -1.77563525e+04 1.37001738e+01
 -5.22234709e+00 1.13274720e+00 9.97722332e-01 -2.48089859e-01 2.42685347e+04 1.36396530e+01
 -9.73928680e+00 1.52704626e-01 -1.77694146e-01 -3.01775214e-01 2.04603483e+04 1.35603831e+01
 -1.61949030e+01 -3.15103066e-01 -1.20330648e-01 3.48790382e-01 -6.73462373e+03 1.34933395e+01
 2.73439316e-01 1.12243624e-01 5.86319427e-01 7.26476397e-02 2.21257891e+03 1.36828583e+01
 -3.64963620e+00 2.25430958e-01 -1.16176559e+00 -2.62988111e-01 1.35079519e+04 1.36465470e+01
 -2.87038986e+01 5.29513673e-02 -1.27322327e+00 -3.79989795e-01 -1.38075486e+04 1.32861259e+01
 -9.36982215e+00 2.37596538e-01 9.06783518e-01 -4.22377784e-01 7.38360766e+03 1.35691051e+01
 1.25630839e+01 -2.91408587e-01 -9.33555054e-01 -3.46110272e-01 -2.49253248e+04 1.38773253e+01
 -1.05493957e+00 -9.70310259e-02 4.66129594e-01 9.50181557e-01 -1.59368753e+03 1.36673227e+01
 9.03458706e-01 -6.01711116e-02 2.60208905e-01 -2.11176315e-01 1.27253318e+04 1.37216909e+01
 -1.94163227e+01 -6.05977953e-01 2.29764285e-01 -3.80110930e-01 -2.47225050e+03 1.34590706e+01
 2.31584985e+00 -2.63132358e-01 1.43806228e-02 -1.55421042e-01 -1.02225255e+04 1.37377387e+01
 1.42523547e+00 9.13699378e-01 -2.16467772e+00 -1.92885656e-01 3.71942510e+03 1.37251791e+01
 6.72693730e+00 -1.67314654e-01 1.08687058e+00 2.22593050e-01 5.55782623e+03 1.37893576e+01
 -1.20198320e+01 -3.02077671e-01 1.03671080e+00 9.94245122e-02 -1.37292297e+04 1.35337189e+01
 2.54415759e+00 -6.28335103e-01 -7.06282883e-01 -9.43393259e-01 2.10317513e+04 1.37508542e+01
 -7.43647433e+00 2.28137248e-01 7.17941334e-01 -5.78897902e-01 -9.70913706e+03 1.35976167e+01
 -7.53198983e-01 -1.00726679e+00 -2.12681206e-01 1.04562297e+00 8.46879307e+03 1.36922489e+01
 -4.93054650e+00 -5.01310113e-02 -1.05159836e+00 -7.26418565e-01 -7.03497782e+03 1.36278590e+01
 5.73614889e+00 -4.60717654e-01 8.59671327e-01 -1.13432142e-02 1.32825748e+04 1.37702462e+01
 1.38566676e+01 2.71888592e-01 1.42074474e+00 -3.13159970e-01 2.10009647e+04 1.38938677e+01
 2.09572647e+01 -7.46950779e-01 1.78823049e-01 -6.85117120e-02 6.73586863e+02 1.39915461e+01
 -1.26652575e+01 -5.09551576e-01 -1.12706389e+00 3.48259219e-01 -1.07892386e+04 1.35245346e+01
 4.97860041e+00 9.34279518e-02 4.73331263e-01 -6.74644466e-01 -5.86557714e+03 1.37479663e+01
 1.19017307e+00 1.55760022e-01 7.82306127e-02 -1.65180987e-01 -1.13672207e+03 1.37346997e+01
 8.72798546e+00 4.30024438e-01 4.62081539e-01 6.31225535e-01 -1.35675675e+04 1.38150567e+01
 6.86429918e+00 -1.80361584e-01 1.00675859e+00 3.89541029e-01 1.62239023e+04 1.38042663e+01
 1.46280995e+01 -4.92751208e-01 2.62951375e+00 2.91857385e-01 -6.86546306e+02 1.39045147e+01
 7.18710011e+00 -1.67429139e-01 -2.85914996e-01 -2.28662988e-02 -5.83214661e+03 1.38061315e+01
 9.63553508e+00 -2.37266412e-01 8.84676710e-02 -2.65039005e-01 -1.78364471e+04 1.38502648e+01
 1.17247112e+00 -5.84203725e-01 4.83103526e-01 -3.66623625e-01 1.81031706e+03 1.37058892e+01
 1.45204715e+01 -3.87102147e-01 2.96063239e-01 -2.02717931e-01 -1.67437587e+03 1.38834353e+01
 -3.02741793e-01 1.03870817e+00 9.87392981e-01 1.11845625e-01 -1.67257934e+04 1.36854007e+01
 7.13836014e+00 7.99859607e-01 -7.88391957e-02 -1.47004797e-01 -3.45672908e+04 1.38206618e+01
 1.02005042e+01 -1.14478091e-01 6.37379663e-01 -5.42697780e-01 2.82796569e+03 1.38101259e+01
 -2.17443118e+01 -1.23382878e-01 -4.06394147e-01 -5.85843626e-01 -1.02765852e+04 1.34167659e+01
 8.44760537e+00 1.37602397e-01 1.05192570e+00 3.71818273e-01 -7.33764250e+03 1.38309377e+01
 6.78152841e+00 -4.16144762e-01 -7.14782843e-01 -4.62606677e-01 9.58624964e+03 1.37925599e+01
 3.24191025e+00 -4.75029952e-01 -4.82594977e-01 3.62956062e-02 -1.42219554e+04 1.37557555e+01
 1.15820961e+01 3.94239788e-01 2.49081387e+00 -4.98172446e-01 -4.44763662e+04 1.38542290e+01
 3.67116641e+01 7.35865160e-01 -4.11039624e-01 3.34129812e-01 4.63063771e+03 1.41843202e+01
 -1.14758242e+01 1.74343179e-01 8.90115147e-01 -2.92203079e-01 6.77553433e+03 1.35552832e+01
 -1.69943104e+00 4.50936912e-01 -1.45413923e-01 -8.63187950e-02 7.57197606e+03 1.36632889e+01
 -1.45745661e+01 5.01188650e-01 1.43275205e+00 -3.29937794e-01 1.61953401e+04 1.35082305e+01
 -1.22417419e+01 -2.52826739e-01 3.08350946e-01 5.85092671e-01 1.77189326e+04 1.35347116e+01
 -1.45323061e+01 -2.45238459e-01 1.09595985e+00 -2.53327852e-02 -9.80955564e+03 1.35180917e+01
 -1.45731741e+01 -3.64728861e-01 -9.17861179e-01 -3.09960280e-01 1.89599521e+04 1.34918769e+01
 2.51991845e+01 6.60698091e-01 -6.30890877e-01 -6.63572853e-02 1.32182858e+04 1.40567294e+01
 -2.05688726e+01 -4.70451966e-01 -1.33531246e+00 1.21497210e+00 8.18493714e+03 1.34368084e+01
 -3.66645757e+00 -7.56127371e-02 -1.50624088e+00 -6.16797099e-02 -3.01688656e+03 1.36502859e+01
 4.44116100e+00 4.81324018e-01 -3.66870575e-01 -1.89071858e-02 -1.26995015e+04 1.37528226e+01
 -1.26417452e+01 -7.19428903e-01 4.21286792e-01 3.90607200e-01 -3.84877555e+03 1.35309564e+01
 -7.64946818e+00 7.32369656e-01 1.68631824e+00 7.50441546e-02 1.37898646e+04 1.36048958e+01
 2.22751348e+00 -3.99105573e-01 -8.79804857e-01 8.13255915e-02 2.08122083e+04 1.37337622e+01
 -3.53774860e+00 1.88936763e-01 2.67018809e-01 3.37977861e-01 -2.16456714e+04 1.36656080e+01
 -5.74527626e+00 -3.20769978e-01 -2.39361786e-01 1.93587826e-02 -7.00888223e+03 1.36388733e+01
 3.02212692e+01 3.10381527e-01 1.54381255e+00 7.47104638e-01 -2.37142234e+03 1.40984686e+01
 -2.48311751e+01 -6.36728755e-01 -4.42290449e-02 -1.32787620e-01 1.46345099e+04 1.33581428e+01
 1.96609532e+01 7.80485878e-01 5.42564817e-01 -1.01438125e-01 1.86523197e+04 1.39843266e+01
 -5.07312373e+00 -1.41777549e-01 6.96330357e-01 -5.80826644e-01 -4.62546171e+03 1.36690489e+01
 5.47643556e-01 1.28977498e-01 -2.40448700e+00 2.19733268e-02 2.09106228e+03 1.37133001e+01
 2.77384489e+01 6.06181556e-02 8.09443321e-01 6.84212445e-01 -2.54129332e+04 1.40725347e+01
 1.75309975e+01 -8.75773154e-01 2.90502523e-01 1.33642018e-01 2.18097816e+04 1.39329757e+01
 3.95859358e+00 5.54624514e-01 -4.18097733e-01 3.80248312e-01 -2.16938868e+04 1.37402048e+01
 -3.34458751e+00 5.93163032e-01 -2.37290487e+00 7.48777211e-02 1.04374736e+04 1.36470029e+01
 9.80165173e-01 1.99689639e-01 -3.24491884e-01 4.70773139e-01 1.67636738e+04 1.37311915e+01
 -1.35949602e+01 -3.77033600e-01 -3.63485381e-01 -5.06780724e-01 1.94461450e+04 1.34874909e+01
 -8.25442496e+00 -1.15849372e+00 -4.53654870e-01 -7.13211533e-01 2.21864948e+04 1.35891408e+01
 1.65327135e+01 -1.36593165e-01 -1.02872783e-02 -6.47800786e-01 -1.58019422e+04 1.39130866e+01
 -1.58719565e+01 -6.32399127e-01 4.06457187e-01 4.67567192e-01 -9.92399949e+03 1.34799206e+01
 1.97971141e+01 8.90624049e-02 1.52247528e-01 -4.46684783e-01 3.09656062e+04 1.39821223e+01
 1.95204822e+01 1.45346883e-01 -1.21218472e+00 1.78783473e-02 1.77481591e+03 1.39737178e+01
 -2.63847986e+01 3.14487024e-01 -3.88624528e-01 -4.41770423e-01 4.75243376e+03 1.33263802e+01
 -2.99534713e+01 -7.67295048e-01 -9.15261953e-01 3.45329351e-01 6.82298754e+03 1.32777921e+01
 -3.42066616e+01 -3.75459012e-01 6.90111597e-02 -1.69804537e-01 5.94124399e+03 1.32238607e+01
 2.26769004e+01 -2.22982613e-01 6.81126856e-01 -9.82637692e-02 1.19485384e+04 1.40355059e+01
 -2.26065547e+01 6.62792428e-02 3.62868961e-01 3.30959643e-01 -1.39983239e+04 1.33959836e+01
 5.00024424e+00 2.36041402e-01 -9.60948971e-01 -1.03375375e-01 -4.00725860e+04 1.37596242e+01
 -4.22181316e+00 -6.17291172e-01 -1.14874383e+00 1.44205906e-01 8.74578061e+03 1.36486292e+01
 -3.40602380e+00 -2.14475378e-02 7.78005035e-01 2.57619404e-01 2.59197396e+04 1.36692458e+01
 -4.99191015e+00 2.32518678e-01 3.01931783e-01 -1.16562365e-01 9.80208501e+03 1.36389878e+01
 -1.11934604e+01 4.88691461e-01 5.65057586e-01 -1.07249064e+00 -2.50134634e+04 1.35561183e+01
 6.48808121e+00 2.73368801e-02 1.10803254e+00 -1.83624941e-01 -1.96913129e+04 1.37710540e+01
 -1.91207546e+01 -1.37687457e-01 1.09379009e-01 2.01291832e-01 -5.82475536e+04 1.34420671e+01
 -5.36311776e+00 -3.66906933e-01 1.03177222e+00 -2.23376285e-01 1.84314977e+04 1.36434249e+01
 4.42782213e-01 -1.45915494e-01 6.51894827e-02 5.30573811e-02 3.01851912e+04 1.37215819e+01
 9.47714802e+00 8.88466885e-01 1.96632435e+00 -2.12997825e-01 -1.66190633e+04 1.38105455e+01
 2.57446195e+01 -1.07919846e+00 -1.27075698e+00 7.71828326e-01 -2.25168766e+04 1.40498097e+01
 -1.72039046e+01 5.74170842e-01 -1.63383972e-01 -1.07493033e-01 -5.88534008e+02 1.34647809e+01
 8.13335236e+00 -3.97577681e-01 6.20298063e-01 -2.55940698e-01 -3.43517136e+03 1.38308245e+01
 3.11688912e-01 -4.87622962e-02 -1.15756971e+00 4.02233246e-01 -1.69428853e+04 1.36829376e+01
 3.32268530e+00 4.31657365e-01 -1.92623584e+00 -5.40999966e-01 -3.20103263e+03 1.37468365e+01
 8.00146176e-01 8.01105588e-01 -2.78064712e-01 -8.37987470e-01 -1.43878690e+04 1.37191124e+01
 2.10038283e+01 -3.10232460e-01 -1.37711195e+00 1.75264030e-01 3.43652957e+04 1.39874759e+01
 -5.11993463e-01 -8.40321712e-01 -1.81559116e+00 -8.14129190e-01 4.70068364e+03 1.36839780e+01
 -2.03817633e+01 -1.01201626e-01 1.44895352e+00 4.99493933e-01 3.39504479e+03 1.34041160e+01
 -1.21410313e+01 2.84435929e-03 1.00747229e+00 -5.16191415e-02 8.42720584e+03 1.35392626e+01
 -4.43026036e+00 -2.14739000e-01 -7.71179546e-01 5.46189071e-01 3.46625449e+04 1.36503938e+01
 -1.41513460e+01 6.88097716e-01 3.74223412e-02 -4.06705642e-01 2.06965067e+03 1.35066082e+01
 -2.90035490e+00 -4.27626519e-01 6.19785462e-02 6.83358567e-01 7.78969285e+02 1.36565786e+01
 5.66264501e+00 -4.13031419e-01 7.18611365e-01 5.16382321e-01 -3.66001740e+04 1.37737608e+01
 1.80905312e+01 -1.60678857e-01 7.41254549e-03 -8.05122502e-01 5.44748406e+03 1.39397680e+01
 1.84255653e+01 6.30700588e-02 3.43219536e-01 4.41006129e-01 -7.45851882e+03 1.39455402e+01
 -8.05679911e-02 3.87377386e-01 1.71620665e+00 4.52167151e-01 -1.94255443e+04 1.37042365e+01
 -2.66902444e+01 -5.89709285e-02 -8.37486123e-01 4.46566673e-01 -2.08551653e+03 1.33010741e+01
 7.04372010e+00 -3.52810166e-01 1.67361096e+00 -1.41438822e-01 1.07280674e+04 1.37914792e+01
 -6.23579895e+00 -2.67058426e-01 1.43832482e+00 -8.44618312e-02 1.77064279e+04 1.36212351e+01
 -6.32779307e+00 1.04107214e+00 -1.11511658e+00 4.93183761e-02 9.52420052e+03 1.36054383e+01
 7.78100744e+00 4.79309512e-01 -1.12392779e+00 8.18195374e-02 -1.61445855e+04 1.38139298e+01
 -1.55615898e+01 2.45126704e-01 1.13884632e+00 8.31743986e-01 -1.99326157e+04 1.34719909e+01
 2.18965233e+01 -6.93340975e-02 -1.12210554e+00 1.80640115e-01 -1.04298451e+04 1.39771467e+01
 -4.13525622e+00 6.92101570e-01 -5.88786710e-01 -6.15909011e-01 -7.50861865e+02 1.36292696e+01
 4.90220515e+00 -8.95498413e-02 -1.76151003e+00 2.91141667e-01 2.44610250e+04 1.37465626e+01
 -1.44733012e+01 8.10438511e-02 3.34150647e+00 -4.34174609e-01 7.17940995e+03 1.35231806e+01
 -5.69526805e+00 1.61196673e-01 1.08888482e+00 -5.81538064e-02 -4.00039918e+04 1.36263636e+01
 -1.53066766e+01 1.72211557e-01 1.86959007e-01 3.65683371e-01 2.99857381e+04 1.35008030e+01
 1.46478153e+01 -7.94342507e-02 -9.07488841e-01 -3.16252896e-01 1.98135898e+04 1.39031019e+01
 3.45730837e+00 1.46528332e+00 7.37522031e-01 -2.16537878e-01 -7.86140074e+03 1.37539348e+01
 -5.42169463e+00 -1.74412706e-02 -5.60636991e-01 1.54772689e-01 3.15361368e+03 1.36420675e+01
 7.83348186e+00 2.31595042e-01 -3.73690892e-01 6.51889162e-02 1.57946884e+04 1.38286294e+01
 -1.04421369e+01 -1.07575998e-01 -1.10953595e+00 -1.95619519e-01 -7.10250132e+03 1.35714799e+01
 -7.92573334e+00 4.90779150e-01 1.20064361e+00 4.55180410e-01 -4.07720738e+03 1.35799638e+01
 -8.57839647e+00 5.05781109e-01 8.24100634e-02 4.17857950e-01 -1.22644085e+04 1.35824241e+01
 5.50392616e+00 5.63148994e-01 1.21173748e+00 -3.12086795e-01 -1.61422302e+03 1.37659371e+01
 1.20955275e+01 -2.25777215e-01 -1.93559754e+00 -6.70334090e-01 1.37319286e+04 1.38563779e+01
 5.78561612e+00 -1.25384902e-01 -3.75298384e-01 3.45387954e-01 6.16716120e+03 1.37911816e+01
 -5.94280443e+00 -6.29902014e-01 2.48656213e+00 8.07943025e-02 -1.03509361e+03 1.36166293e+01
 9.24279551e+00 -7.97618721e-01 -9.75074097e-01 -3.79956861e-01 -2.53915655e+04 1.38086938e+01
 9.37382167e+00 7.83190827e-02 8.75679379e-01 -7.86328364e-02 -1.08783357e+04 1.38279286e+01
 2.16996410e+01 -3.32872338e-02 -4.44016514e-01 -4.16459125e-01 -2.37737763e+04 1.39818589e+01
 1.59582283e+01 7.49713791e-01 3.55238084e-01 4.04864161e-01 -2.06139572e+04 1.39198542e+01
 -5.64199763e+00 -7.75741910e-02 9.97781058e-01 -5.74539553e-01 -2.18805269e+03 1.36147530e+01
 -5.02280342e+00 2.92536634e-01 5.06426176e-02 4.63290737e-01 -1.63330202e+04 1.36327794e+01
 -5.35230722e+00 -5.16255123e-01 -1.63054117e+00 -3.97057891e-01 2.29945974e+04 1.36258955e+01
 1.30135658e+01 -6.74972219e-01 2.24045278e+00 -7.47807830e-01 1.70423179e+04 1.38732342e+01
 1.00927645e+01 3.18915369e-01 1.21149776e+00 1.72799933e-01 4.18228095e+04 1.38370944e+01
 1.44290345e+01 -7.59223708e-02 -1.15810952e+00 5.93000673e-01 -3.48291211e+04 1.39071700e+01
 3.36525022e+00 2.44994320e-01 -1.99892915e+00 4.69341330e-03 -1.99624295e+04 1.37430582e+01
 -1.63935529e+01 5.35358385e-03 -9.64548349e-01 -6.35489138e-01 1.28770817e+04 1.34671692e+01
 -1.03047045e+01 4.57821542e-01 -8.09635459e-01 -1.72937367e-01 -1.68480180e+04 1.35633485e+01
 -1.51973975e+00 -2.32474028e-01 1.01206694e+00 2.66388308e-02 -2.04116004e+04 1.36901842e+01
 1.67918974e+01 -2.46697057e-01 6.35544474e-01 2.92491496e-01 -4.11990582e+04 1.39268101e+01
 1.03416626e+01 -5.55875148e-01 -5.10704015e-01 -1.53608670e-01 2.05380513e+04 1.38337004e+01
 1.00577946e+01 -3.58383586e-01 1.20943821e+00 -7.83744422e-02 -2.54280404e+03 1.38376513e+01
 3.85578646e+00 1.09493950e+00 -1.46246157e+00 -3.65407573e-01 7.42990087e+03 1.37611983e+01
 -2.07994557e+01 -3.32442963e-01 -1.37927571e+00 -4.04150712e-01 1.48070347e+04 1.33756867e+01
 2.18781716e+00 -2.28352112e-01 -1.95266640e+00 -3.88705512e-01 -9.67659103e+03 1.37001963e+01
 1.52798976e+01 -5.39873368e-01 8.39184474e-01 -1.57617636e-01 -2.85737217e+02 1.39272709e+01
 1.19190376e+01 -4.32786283e-01 -5.88264029e-01 8.25710801e-02 -4.93551339e+04 1.38615340e+01
 -1.76749032e+01 1.17284529e-01 -8.23951075e-01 1.04091931e+00 5.20536898e+03 1.34460002e+01
 6.44074442e-01 -1.70608454e-01 6.35945913e-01 -1.94121001e-01 2.75786595e+04 1.37209611e+01
 -7.43477169e+00 -9.49296529e-01 -2.56976314e+00 1.69467951e-01 1.49165411e+04 1.35972633e+01
 -5.68925872e-01 -1.12225809e-01 1.55418647e+00 6.51725086e-02 1.73738256e+04 1.37065778e+01
 -1.84763267e+01 -8.30531850e-01 -5.61272174e-01 -5.83193372e-02 -5.99411413e+03 1.34428523e+01
 -4.46440270e+00 -3.89483754e-01 -2.53919155e-01 1.88266794e-01 3.53829415e+04 1.36260873e+01
 -4.50054140e+00 -2.79686431e-01 6.34369889e-01 6.69697941e-01 7.61032475e+03 1.36206450e+01
 -2.12537209e+01 -5.67658909e-01 4.71534208e-02 -4.64416326e-01 1.08344543e+04 1.33796179e+01
 -1.55365770e+01 2.27652430e-01 2.66691453e-01 6.06713294e-01 -2.00260711e+04 1.34871248e+01
 -2.01119416e+00 -1.07579423e-01 1.17985412e+00 6.04469359e-02 -9.67624186e+03 1.36923687e+01
 2.86732653e+01 -3.84568156e-01 -2.06459219e+00 1.33732947e-01 -4.94010269e+04 1.40876878e+01
 -1.03909947e+01 2.03123448e-01 1.39168308e+00 1.83720250e-01 -1.69029216e+04 1.35671744e+01
 3.24783031e-01 1.46207567e-01 1.54934958e+00 -5.02747706e-02 5.38651281e+04 1.37154944e+01
 7.53934942e+00 9.47680746e-01 -6.16182937e-01 -3.87946112e-01 -5.09533499e+03 1.37978503e+01
 8.61020818e+00 8.92226870e-01 1.05134433e+00 2.17769493e-01 -2.35580332e+03 1.38268133e+01
 3.16594696e+01 1.94754305e-03 8.19109502e-01 -2.58468301e-01 -1.69337277e+04 1.41160247e+01
 2.68313879e+01 2.80765191e-01 -8.89490113e-02 -3.23526455e-01 -5.66537707e+03 1.40651953e+01
 3.29262801e-01 8.48190570e-02 1.28733748e+00 -1.61808640e-02 4.40157088e+03 1.37121946e+01
 -1.43437531e+01 2.24808014e-01 -2.96512648e-01 1.41314438e-01 3.53455602e+04 1.35078625e+01
 2.04330657e+01 -3.54102356e-02 -7.87864145e-01 -1.72226224e-01 -7.61052219e+02 1.39596803e+01
 5.75488717e+00 2.94434207e-02 -1.02355032e+00 -3.42956843e-01 -2.84314481e+04 1.37847986e+01
 3.48381695e+00 -3.99931132e-01 -7.69962558e-01 -5.01838242e-01 8.90321665e+03 1.37627674e+01
 1.02328037e+01 -2.95958357e-02 2.21533630e+00 6.77192222e-01 -5.00196396e+03 1.38196546e+01
 9.55912573e+00 -6.61355886e-01 6.39145568e-01 -6.32727900e-01 -4.89125573e+03 1.38296800e+01
 -8.76007151e+00 -2.82396326e-02 9.13238812e-01 3.38570370e-02 3.66869528e+04 1.35869222e+01
 -8.10213352e+00 9.48742690e-01 -1.09483074e+00 1.14670049e-01 -5.26404190e+04 1.35896080e+01
 -2.07968945e+01 1.40933889e-01 -9.83523020e-02 5.79175567e-01 -1.28924622e+04 1.34074140e+01
 2.84607878e+00 -5.14035036e-02 1.16332408e+00 3.20674584e-01 -1.47292315e+04 1.37423205e+01
 2.80630651e+00 2.81122445e-01 1.01062094e+00 -5.57679280e-01 -3.25649249e+04 1.37574699e+01
 7.82642219e+00 4.97127248e-01 7.31272570e-01 3.98876665e-03 -9.55471334e+03 1.38092885e+01
 -1.28941235e+01 1.34185145e-01 -3.74148866e+00 -6.03159063e-02 1.97673696e+04 1.35046646e+01
 -1.68068382e+01 -7.79250879e-01 1.21969622e+00 -1.14209722e-01 1.11309592e+04 1.34587859e+01
 2.05830329e+00 -2.91069906e-01 1.90547270e+00 7.59456365e-01 -8.55650759e+03 1.37300621e+01
 -9.35990346e+00 -5.45841254e-01 1.19889875e+00 -9.99595131e-02 2.08019943e+04 1.35820718e+01
 -1.38624719e+01 -1.76677392e-01 1.56280308e+00 -9.02029261e-01 -2.99538487e+04 1.35298664e+01
 7.93223031e+00 -1.65089026e-01 -3.68226726e-01 -4.03117263e-01 -2.25974992e+04 1.38063708e+01
 -1.21452617e+01 -4.98908015e-01 -1.91771483e+00 -6.58810402e-01 3.52291762e+04 1.35578354e+01
 6.84847733e+00 9.19650208e-01 4.88314492e-01 5.60941716e-01 -2.29728574e+04 1.38112290e+01
 -1.04384685e+01 2.03223122e-01 -1.90897449e-01 5.47234538e-01 -1.76702719e+04 1.35582300e+01
 -2.40221799e+01 -4.15358403e-01 -1.82978652e+00 -2.89978567e-01 -5.82328522e+03 1.33729048e+01
 1.53828842e+01 9.97243719e-01 -2.46606751e+00 -5.71653131e-01 -8.81609097e+03 1.39214052e+01
 1.35146939e-01 6.33713681e-01 4.27983173e-01 1.54126152e-01 -3.71984311e+03 1.37196111e+01
 -2.02799907e+01 -3.41692881e-01 5.61681751e-01 -1.49838436e-01 2.30829852e+04 1.34146558e+01
 1.36972879e+01 5.88613630e-01 6.60441854e-02 4.78890850e-01 9.44511085e+03 1.38960438e+01
 -1.11592118e+01 -6.31902016e-01 1.22234014e+00 1.93623686e-01 2.64258887e+04 1.35277479e+01
 -5.91895807e+00 1.80881216e+00 9.06036165e-01 1.94790825e-03 6.81979969e+03 1.36093252e+01
 2.38533557e+01 -9.37479508e-01 -1.20662886e+00 4.47315343e-01 -2.48884602e+04 1.40149914e+01
 1.47325014e+01 -1.16432678e-02 -2.52739220e-01 1.65263137e-01 -1.07803837e+04 1.39004246e+01
 2.70496312e+01 -4.62835484e-01 4.21690125e-01 6.49126941e-01 6.95434774e+03 1.40688001e+01
 3.26629494e+00 7.66583033e-01 6.74265982e-01 -5.39164552e-01 -3.20760625e+04 1.37407655e+01
 -6.81174026e+00 6.30592236e-01 -1.92229015e+00 4.83142479e-01 -2.30715307e+04 1.36155063e+01
 2.60745035e+01 -3.00025675e-02 -2.10897309e-01 -1.33423772e-01 1.23313071e+04 1.40419735e+01
 1.45158969e+01 -1.19638418e-02 6.44132329e-01 -3.85968743e-01 -2.03830631e+03 1.38839853e+01
 4.33575669e+00 1.06130913e-01 -1.17193126e+00 -1.68052742e-01 3.42830746e+04 1.37592071e+01
 5.40755179e+00 -6.87101115e-01 8.85850162e-01 -2.03446954e-02 5.60613715e+03 1.37805842e+01
 -1.71003000e+01 -1.47341594e+00 2.00368099e-01 5.15964995e-01 1.39508354e+04 1.34833733e+01
 -1.59073393e+01 -6.12039579e-02 2.72292379e+00 1.85865948e-01 -7.14731048e+03 1.34859322e+01
 -3.61182279e+00 -9.87332396e-01 9.22741530e-01 -2.35499005e-01 -2.01124500e+04 1.36803673e+01
 -3.40538853e-01 -7.30109408e-01 -2.21196253e-01 1.15276649e-01 -6.53320933e+03 1.36851040e+01
 -7.00517598e-01 -6.68431304e-01 -3.88299105e-01 6.52580311e-03 1.94436428e+04 1.36785853e+01
 4.27449118e+00 -3.33262099e-01 1.23996450e-01 2.90564227e-01 -2.94539751e+04 1.37719452e+01
 2.26464653e+01 -1.70577659e-01 6.61474106e-02 5.04358059e-01 1.61750541e+04 1.39959074e+01
 7.53536578e-01 -3.47004725e-01 1.43578948e+00 -3.22309589e-02 -2.97408040e+03 1.36978848e+01
 1.06118908e+00 3.23482126e-01 -1.21125643e+00 8.96658185e-01 -4.37331492e+03 1.37130471e+01
 -2.68551298e+00 -1.33328362e-01 8.59470246e-01 9.00346323e-02 -3.17068385e+04 1.36805590e+01
 2.59381036e+01 2.07589913e-01 8.66962607e-01 2.70041141e-01 8.48019065e+02 1.40460558e+01
 6.83745602e+00 8.62560641e-02 -1.84317960e+00 2.72490639e-01 3.36860178e+04 1.38201442e+01
 2.37879748e-01 4.99967679e-01 9.26514714e-01 3.28500779e-02 -1.48870092e+04 1.37346924e+01
 1.69863037e+01 -1.48825535e-01 4.75273990e-01 3.54051465e-01 1.16293233e+03 1.39556537e+01
 -9.10521208e+00 -7.52532607e-01 -2.90670120e-01 1.72577269e-01 1.30639845e+04 1.35617677e+01
 3.00486656e+01 -1.01059991e+00 1.55782853e+00 2.45365282e-01 -2.37528286e+02 1.40950085e+01
 1.68917573e+01 4.40551278e-01 -3.42817237e-01 -4.30361067e-01 1.04876629e+04 1.39297887e+01
 -1.04103802e+01 3.81151890e-01 2.86165210e-01 2.55649910e-01 2.84801806e+04 1.35625262e+01
 7.28389272e+00 3.06011946e-01 -1.68452558e+00 -1.90694448e-01 2.64597481e+04 1.37955073e+01
 -9.67782171e+00 3.16041893e-01 2.36755757e+00 -1.10384548e-01 4.69167082e+03 1.35816770e+01
 -1.18718615e+01 4.52541606e-01 1.44015157e-01 -3.28885979e-01 -9.42510090e+03 1.35297273e+01
 -1.87091960e+00 -8.48607670e-02 -1.23599846e+00 4.57324951e-01 1.73189118e+04 1.36762634e+01
 -2.57272781e+01 3.26207738e-01 -2.22019361e-01 -4.96748140e-01 -3.04217472e+04 1.33429204e+01
 2.15430641e+01 1.23264029e+00 5.30937890e-01 -5.31084655e-01 9.23027783e+03 1.39823366e+01
 1.71884691e+01 3.26978097e-01 9.01787164e-01 3.04260664e-02 -2.72953783e+04 1.39320786e+01
 1.41997509e+01 -2.33765153e-01 -6.64740104e-01 3.55774315e-01 2.65106098e+03 1.38826422e+01
 1.89531221e+00 -1.50705628e-01 1.09345713e+00 1.32114732e-01 -2.44790209e+04 1.37059099e+01
 -1.00383571e+01 3.02166633e-01 4.86120765e-01 7.37198602e-01 -6.00323283e+03 1.35624270e+01
 1.24877045e+01 -7.44358813e-01 -7.88261390e-01 8.24503126e-01 5.81931685e+03 1.38613390e+01
 -9.00434746e+00 -1.73511613e-01 -1.26290406e+00 4.34125678e-01 -9.91300997e+03 1.35890580e+01
 -1.02733462e+01 5.29197265e-01 4.75686555e-01 -2.24982374e-01 -1.21412489e+03 1.35308815e+01
 7.70869377e+00 -8.93185678e-01 -2.12724648e+00 1.81003582e-01 -9.21176828e+03 1.38097803e+01
 -5.03630350e+00 5.38146488e-01 -4.19906135e-01 2.57033482e-01 3.92132264e+03 1.36126216e+01
 6.43349428e+00 -1.60834772e-02 -1.65393877e+00 3.08677239e-01 -1.41155953e+04 1.37950206e+01
 2.77782752e+01 -1.82559703e-01 1.61354953e+00 2.66438388e-01 -7.02290594e+03 1.40679341e+01
 -3.59423695e+01 -3.77273535e-01 1.43024727e-01 -1.11560079e+00 -9.68153072e+03 1.31814024e+01
 -1.04160817e+01 3.63352072e-01 1.05479694e-01 5.98820430e-01 3.30762080e+04 1.35492425e+01
 -1.88103754e+01 2.98319626e-01 1.64233468e+00 -5.21361689e-01 4.87772015e+03 1.34275174e+01
 -1.88084890e+01 -4.30112683e-01 8.86822363e-01 -4.23051431e-02 3.35051030e+02 1.34364821e+01
 8.81277425e-01 -4.10607763e-01 -7.91345550e-01 2.02568769e-01 6.69815615e+03 1.36998589e+01
 1.30251597e+01 4.56599211e-01 8.48940481e-01 4.39570839e-01 1.36787021e+04 1.38898255e+01
 1.64335444e+01 6.83515040e-01 -7.85738854e-01 -1.03196799e+00 4.64176555e+03 1.39304100e+01
 -2.42788347e+01 -3.03098522e-01 -2.88887760e+00 1.38170714e-01 -7.35325904e+03 1.33569148e+01
 1.21788939e+01 -9.67644251e-01 -1.22592426e-02 -1.60201476e-01 -2.23864903e+04 1.38695134e+01
 9.44960547e+00 3.67860737e-01 3.55345136e-01 1.57504708e-01 -1.68771439e+03 1.38224447e+01
 1.01467547e+01 1.87830892e-01 -9.76286692e-01 -5.99083289e-01 3.32743726e+04 1.38373315e+01
 -2.18786870e+01 1.13211898e-02 -2.14264695e+00 -3.54230796e-01 -1.92375025e+04 1.33952135e+01
 2.86885123e-01 -5.59976591e-01 -1.23446295e+00 -2.64867537e-01 1.80878976e+04 1.37081135e+01
 3.53701635e+00 2.59314295e-01 7.60806614e-01 1.98662320e-01 -1.80302045e+04 1.37430758e+01
 -1.85873929e+01 5.07849412e-01 2.93223847e-01 -9.42112007e-02 -1.20530653e+04 1.34368381e+01
 -4.80444941e+00 -6.56329424e-02 -1.52215912e+00 3.32689542e-02 -2.24879008e+04 1.36412794e+01
 -2.04591206e+00 -2.30314317e-01 -9.89133501e-01 2.81824382e-01 1.49586602e+04 1.36823005e+01
 -4.68586750e+00 3.45243251e-01 1.06952534e+00 -3.17689153e-03 -2.55567627e+03 1.36235925e+01
 1.38170358e+01 1.00030336e+00 8.38929424e-01 6.71587026e-01 -2.47479968e+03 1.38890621e+01
 -2.52560012e+01 -1.43849699e-01 1.30905909e+00 6.64093034e-02 -3.59165073e+03 1.33472615e+01
 -1.74071558e+01 -3.28270425e-01 -8.08811310e-01 -6.36809207e-01 -2.62863458e+03 1.34483470e+01
 -1.24940085e+01 -3.82576061e-01 5.43764541e-01 3.84751940e-01 -3.43385067e+04 1.35258572e+01
 -1.32961347e+01 -6.02477612e-01 -8.12636468e-02 1.94626450e-01 4.73647297e+03 1.35109041e+01
 1.39885686e+01 7.11995957e-02 -7.85755760e-01 -2.26247877e-01 7.57430040e+02 1.39008582e+01
 1.63193073e+01 -7.08701353e-01 1.87456732e-01 -2.29905979e-01 1.48718239e+04 1.39203725e+01
 1.54196299e+01 4.02169139e-01 4.95205418e-01 4.83609270e-01 -3.28397333e+04 1.39002572e+01
 1.00998157e+01 6.54229439e-02 -4.36863507e-01 -3.51547795e-01 -1.20416671e+04 1.38456853e+01
 -2.59455235e+01 8.63040843e-01 -4.94663269e-01 1.67568603e-01 4.81301590e+03 1.33651541e+01
 1.39192557e+01 3.83002244e-02 6.39571558e-01 2.03320181e-01 -1.03955560e+04 1.38886281e+01
 4.06876109e+00 2.97219643e-01 -1.36958507e-01 6.05616925e-01 -3.53883675e+03 1.37578690e+01
 -1.90073321e+01 -9.51214689e-03 3.21888804e-01 -6.22779333e-01 -7.33891997e+02 1.34727005e+01
 -1.21108956e+01 -3.67803230e-01 -5.83131805e-01 1.75798629e-02 1.57929632e+04 1.35505493e+01
 8.67693018e+00 -3.62730997e-01 1.00697632e-01 8.79812010e-01 -1.48749146e+04 1.38286206e+01
 -2.33851511e+01 -4.65289826e-02 3.03525227e-01 -2.82940896e-01 -2.10525216e+04 1.33636624e+01
 9.51914004e+00 1.13392176e+00 -1.84900554e+00 3.30741148e-01 -1.31172818e+04 1.38315783e+01
 -2.52133431e+01 8.24187194e-02 2.63240654e-01 1.45116863e-01 -2.29957995e+04 1.33491540e+01
 1.57461907e+01 3.11226077e-01 -6.02006781e-01 -1.10006959e+00 -1.06460443e+04 1.39193026e+01
 -4.76253424e+00 6.36211521e-01 -1.18953471e+00 2.87022368e-01 -1.25185072e+04 1.36455006e+01
 2.78351611e+00 -2.08106293e-01 6.74574547e-01 3.11908355e-01 2.98487768e+04 1.37466112e+01
 2.75388212e+01 -5.09700900e-01 -7.52079414e-01 -1.55017154e-01 2.30654547e+04 1.40681246e+01
 2.51776412e+01 5.31333355e-02 -5.99100311e-01 -4.14271630e-01 -1.62605830e+04 1.40394565e+01
 -5.29812913e-01 7.42256830e-01 -1.14372418e+00 -9.02222385e-01 2.70833363e+04 1.37093767e+01
 1.95929903e+01 -4.17090342e-01 -3.87248059e-01 -3.02497038e-01 1.05772515e+04 1.39596090e+01
 2.55687624e+01 -4.58508231e-01 1.49828358e+00 -2.10994840e-01 -2.62981106e+04 1.40620020e+01
 7.98802418e+00 -3.97632676e-01 -1.39298981e+00 -3.82205673e-01 -3.51616956e+04 1.37982312e+01
 2.28870494e+01 2.88824101e-01 -1.41989980e+00 -1.71200206e-01 1.02217431e+04 1.39967475e+01
 -2.49732126e+00 -6.77103438e-03 -1.39081611e+00 9.02945162e-01 3.59227125e+04 1.36769735e+01
 2.20337686e+01 1.39263788e-01 -7.57541998e-01 -9.89452007e-01 -4.69201073e+04 1.40031751e+01
 -2.55553735e+00 -8.56162382e-01 4.50023449e-01 1.10985598e-02 7.62223601e+02 1.36578088e+01
 2.63580869e+00 8.35358100e-02 -3.36856010e-01 -2.52709094e-01 -1.13878260e+04 1.37280699e+01
 -2.44251359e+01 2.98160222e-01 -1.37217136e+00 -2.32358550e-01 -2.28436750e+04 1.33661706e+01
 -1.32265662e+01 6.50863587e-01 -2.23682579e-02 6.67708087e-01 1.09054238e+04 1.35217648e+01
 -2.64155932e+00 -2.20680914e-01 -3.81863499e-01 4.44464628e-01 -9.82992401e+03 1.36435641e+01
 2.66696531e+01 7.39305053e-01 -3.40410888e+00 2.60778105e-01 3.16549186e+04 1.40490230e+01
 1.24839865e+01 7.63533203e-02 3.34540987e-01 1.10170070e-01 -2.53948326e+03 1.38637050e+01
 -2.00307691e+01 1.53598122e-01 -4.25434840e-01 -4.71611064e-01 -3.55840189e+04 1.34223156e+01
 -1.68361399e-01 6.78125490e-01 -6.88743562e-02 1.71971598e-01 -3.31989001e+04 1.37180063e+01
 1.35324583e+01 -4.41298995e-01 8.76026420e-01 -7.35508821e-01 -7.22056660e+03 1.38826828e+01
 -5.41844366e+00 -6.59430184e-01 -6.83439375e-01 3.30229511e-01 -4.44591916e+03 1.36059325e+01
 9.41276866e+00 4.89957092e-01 -1.33733989e+00 1.25464027e-01 1.89818221e+04 1.38420482e+01
 1.78729984e+01 2.39846065e-02 6.81275012e-01 -1.92776506e-02 -1.02638171e+03 1.39297262e+01
 1.36055357e+01 8.29854740e-02 -1.59245933e+00 -6.41254123e-01 1.20954204e+04 1.38959900e+01
 -9.77635170e-01 1.28639316e+00 -1.95411389e+00 1.10010998e-01 -6.17495814e+03 1.36808997e+01
 1.20638114e+01 6.38957432e-01 1.13174239e+00 2.82207511e-01 -2.15540845e+04 1.38610437e+01
 -9.73421315e+00 5.07909122e-01 6.12583150e-01 1.07948776e-01 -2.59139887e+03 1.35673633e+01
 1.04277849e+01 -7.65575710e-01 5.59027095e-01 -8.59111068e-02 -1.13382430e+04 1.38362238e+01
 -3.89067182e+01 8.51715251e-01 -1.50212238e+00 -4.46560094e-01 2.49352665e+04 1.31527553e+01
 5.71312455e+00 2.69315544e-01 -4.19387912e-02 1.22378078e-02 -2.77121049e+04 1.37707664e+01
 -1.89417950e+00 1.22036041e+00 -2.22919625e+00 2.53237862e-01 5.07479513e+03 1.36686556e+01
 2.95052012e+01 -4.25894930e-01 3.19281771e-01 -3.96573581e-01 -1.26315912e+04 1.41127520e+01
 1.31034588e+01 -2.98930329e-01 8.99552265e-02 8.63393442e-02 1.55587424e+04 1.38690660e+01
 2.31241298e+01 1.43494473e-01 5.74974160e-01 3.96069800e-01 -2.75679162e+04 1.40214881e+01
 -1.72353907e+01 4.30451154e-01 -1.43088059e+00 6.38544812e-01 7.57751502e+03 1.34639798e+01
 -8.75801106e+00 -9.84538526e-02 8.41879461e-02 3.07159812e-01 -1.45736888e+04 1.35728107e+01
 -5.64530904e+00 -1.27344349e-02 5.06615999e-01 5.25179700e-01 -1.11183560e+04 1.36374428e+01
 2.22418228e-01 1.02181696e+00 -3.36267298e+00 -1.90850119e-01 -6.33382601e+03 1.37247753e+01
 3.11406232e+00 -2.75008334e-02 1.60669996e+00 -4.15400619e-01 1.34649486e+04 1.37487030e+01
 2.29811093e+01 -1.47610223e-01 -2.47351397e+00 4.45654173e-01 9.17201132e+03 1.40069483e+01
 -4.71134762e+00 -3.24295622e-01 6.29564974e-02 -1.49737534e-01 2.48392147e+03 1.36552605e+01
 -2.12644055e+01 -2.51040175e-01 2.86922155e-01 -1.56580180e-01 3.27474224e+04 1.34319552e+01
 -3.83649722e+00 3.52324552e-01 7.20046159e-01 -7.25622957e-01 1.16961488e+03 1.36491960e+01
 7.57041785e+00 -3.55965939e-01 -1.61459037e+00 -3.53654714e-02 6.09249473e+02 1.38065392e+01
 -7.90329911e+00 1.56682104e-01 6.14508883e-01 -2.96954633e-01 -7.91730615e+03 1.35956996e+01
 -2.20934870e+01 -1.04862859e+00 -1.78692070e-01 -1.68632920e-01 2.18974663e+04 1.33794814e+01
 -1.11424183e+01 -6.90384820e-01 1.21021741e+00 -6.51114277e-01 -4.98370329e+03 1.35626721e+01
 -1.18187684e+01 4.59841276e-01 1.17234247e+00 -1.17137993e-01 -9.74022416e+03 1.35323700e+01
 -9.80714873e+00 -7.62641624e-01 9.63768914e-02 3.34543345e-01 -1.49285803e+04 1.35510964e+01
 -3.78009280e+00 1.45962818e-01 6.64407904e-01 3.67398251e-01 1.23609440e+04 1.36471842e+01
 -1.44130494e+01 -4.58036147e-01 -7.10775012e-01 1.53783173e-01 -6.96269422e+04 1.34837502e+01
 1.98762537e+01 1.93008160e-01 6.44730881e-01 -6.81578385e-01 1.35366235e+03 1.39767378e+01
 -7.04307908e+00 -5.12895014e-01 5.72951495e-02 -1.95843232e-01 -3.91619938e+04 1.36003621e+01
 -6.28448548e+00 -3.42642979e-01 -1.15550829e+00 -1.29589440e-01 -3.76798639e+04 1.36155899e+01
 2.29409158e+00 3.08369124e-02 4.08120657e-01 2.70184580e-01 -4.59722396e+03 1.37334397e+01
 1.41645215e+01 8.79017578e-01 1.04245926e+00 -1.02991161e+00 -4.72546659e+02 1.38783585e+01
 8.14899393e+00 1.38143978e-01 3.45948912e-01 2.97316974e-01 1.78733336e+04 1.38118032e+01
 2.25107806e+01 3.31893784e-01 -5.39397555e-02 -1.87772894e-01 3.17433981e+04 1.40050180e+01
 -6.47318652e+00 6.26733305e-02 1.53116157e+00 3.63117253e-02 -1.04154062e+04 1.36229278e+01
 -7.65061791e+00 5.06754381e-01 9.25922004e-02 -1.50891418e-01 3.23719580e+03 1.35941788e+01
 -2.46800261e+01 3.82747480e-01 -4.77434842e-01 -7.98055167e-01 -9.25160561e+03 1.33592907e+01
 1.16926204e+01 5.82144192e-01 5.11440224e-01 1.01259598e-01 1.35847193e+04 1.38802784e+01
 -2.18449649e+01 -3.37380958e-02 1.08329914e+00 -3.34795175e-01 -2.67064782e+04 1.33947539e+01
 1.15476655e+01 -4.86800682e-01 4.95316415e-01 5.12989678e-02 -1.55525533e+04 1.38430324e+01
 4.22574019e+00 4.78663781e-01 -2.65104577e-01 4.29927073e-01 -2.18718203e+04 1.37811364e+01
 1.01151330e+01 -6.60833501e-01 -1.70179981e+00 -6.95150879e-01 -1.20808441e+04 1.38618278e+01
 4.61958697e+00 2.94790661e-01 -1.75433473e-01 -3.75411098e-01 -4.75035030e+03 1.37445486e+01
 1.33849505e+01 -2.09831829e-01 4.87764615e-01 -1.15068724e-01 1.65660644e+04 1.38681889e+01
 -2.45822106e+00 1.55846880e-01 1.85746593e+00 -7.36520599e-01 -1.59721192e+04 1.36687228e+01
 -1.83559462e+01 -6.81999332e-01 -5.32611287e-01 6.49436999e-01 1.28891828e+04 1.34720932e+01
 -1.66197592e+01 -9.86598967e-01 -2.79680091e-01 -5.04352906e-01 -1.47698347e+04 1.34600541e+01
 -8.28381359e+00 -4.30616058e-01 -1.06437582e+00 4.62669879e-02 5.20687216e+03 1.35814248e+01
 5.91264759e+00 -2.88048560e-01 1.09770543e+00 -2.41804442e-01 -1.23464978e+04 1.37512993e+01
 -3.53020053e+00 -1.05443168e+00 -3.07197079e+00 6.28593170e-01 -2.30622291e+03 1.36496148e+01
 -1.59860281e+00 6.99122498e-01 -1.22821240e+00 9.16926323e-01 7.20340145e+02 1.36771926e+01
 9.30344515e+00 8.10275768e-01 6.46293230e-01 3.36651154e-01 -1.40538965e+04 1.38272445e+01
 1.24486227e+01 3.26776574e-01 -3.44892652e-02 -2.31277321e-01 -7.65778886e+03 1.38861025e+01
 1.26170111e+01 3.31912117e-01 -7.26659937e-01 1.11510524e-01 -2.63488717e+04 1.38742912e+01
 -6.53341819e-01 -6.63291732e-01 -2.39954188e-01 -4.62447599e-01 1.51595475e+04 1.37069976e+01
 1.06053688e+01 -7.93073329e-01 3.56486835e-01 -3.21825246e-02 5.32071671e+03 1.38366879e+01
 4.61387829e-01 5.96678170e-02 -7.11010230e-01 -6.84023095e-03 -7.89283709e+03 1.36963771e+01
 2.93851619e+00 -3.31296501e-01 4.03744741e-01 -1.29337819e-01 2.07522232e+04 1.37399025e+01
 -4.85846352e+00 -1.49348840e-01 2.12206276e-01 7.08842193e-02 2.13333775e+04 1.36136294e+01
 -7.59018259e+00 -1.76263291e-02 5.00072616e-01 -1.74018456e-01 -2.18850101e+04 1.35959211e+01
 4.68544685e+00 3.60855048e-01 1.07052233e+00 9.24351717e-01 4.06293950e+04 1.37452405e+01
 2.01784325e+01 1.24783286e-01 -1.31632327e+00 -5.09550080e-01 2.27946732e+04 1.39749592e+01
 -2.57632988e+00 -6.73348227e-01 1.03062162e-01 -1.07473744e+00 6.64167568e+03 1.36543342e+01
 -8.23398975e+00 3.13847159e-01 1.14985343e+00 6.56656287e-01 4.79747092e+03 1.35832980e+01
 -5.22074278e+01 3.80146207e-01 -4.99874022e-01 2.83223001e-01 1.02504599e+04 1.29645094e+01
 2.98818529e+00 5.97365572e-02 2.57686632e-01 1.37620415e-01 -5.11840840e+04 1.37579762e+01
 -1.31612614e+01 -3.86719737e-01 -1.90482992e-01 -4.40675502e-01 4.69556514e+03 1.35120946e+01
 -6.15089196e-01 2.52717961e-01 -2.55739906e-01 1.69895523e-01 3.32002927e+04 1.36911039e+01
 1.32155564e+01 -1.61393895e-01 2.49638209e+00 6.03665858e-02 -1.39798639e+04 1.38882768e+01
 -5.53982587e+00 -3.23280119e-01 3.13387272e-01 -4.88607587e-01 -1.03293716e+04 1.36151063e+01
 2.07478032e+01 -3.73167834e-01 -9.25064316e-03 1.00643367e-01 1.24984942e+04 1.39800477e+01
 -7.18113834e+00 5.61558383e-01 9.17156544e-01 -5.83687356e-01 -2.54533366e+03 1.36008703e+01
 6.77423397e+00 5.68129863e-01 -4.15954424e-01 -5.11048951e-01 2.32768323e+04 1.37951887e+01
 -4.50902349e+00 3.26845927e-01 -1.80988460e+00 3.47198726e-02 3.04910103e+02 1.36413197e+01
 9.62914286e+00 1.93033525e-01 -4.19735991e-01 4.49833037e-01 -2.99143226e+03 1.38171686e+01
 7.41178699e+00 -6.24902018e-01 7.47329822e-02 7.50136307e-01 -6.80812353e+03 1.38008338e+01
 1.31826852e+01 -5.35085222e-01 1.96736540e+00 5.37366185e-01 4.30384414e+04 1.38624324e+01
 6.52363738e+00 1.40327741e+00 1.82092697e+00 2.26929766e-01 -4.78427951e+03 1.37841213e+01
 -1.12253804e+01 -6.66315495e-01 -2.90369567e+00 -2.13143295e-01 -4.92502660e+03 1.35702548e+01
 2.48912231e+01 1.48076258e+00 -2.30399570e+00 3.91976564e-01 -1.22257282e+04 1.40443983e+01
 6.17063827e+00 9.55150501e-01 1.39249868e+00 6.99072218e-02 1.61228996e+04 1.37757354e+01
 2.52864276e+01 -1.38219128e-01 -5.80629965e-01 -2.90821293e-01 -4.61211327e+04 1.40331875e+01
 8.36716898e+00 4.13466716e-01 1.33727543e+00 9.70043378e-02 -4.26423279e+03 1.38195320e+01
 -4.34373691e+00 3.38804878e-02 -5.56479961e-01 -6.22372964e-01 5.10273444e+03 1.36183759e+01
 2.29124724e+00 1.01171725e+00 1.64029077e+00 -2.28905908e-01 1.74763190e+04 1.37286625e+01
 -2.17016140e+01 -7.06979921e-01 3.31550917e-01 3.15612251e-01 -2.92876995e+04 1.34239492e+01
 -2.10774938e+01 -2.13158498e-01 1.34197649e+00 -3.36133389e-01 -2.16186536e+04 1.34199255e+01
 -2.92233601e+00 8.98217490e-02 1.98812059e+00 3.21195496e-01 3.61873679e+04 1.36625313e+01
 -5.88562291e+00 4.10095259e-01 -8.93307036e-03 -5.08040103e-01 -2.62671915e+04 1.35983520e+01
 -5.32043248e+00 9.69105357e-01 6.31109978e-01 -4.03281235e-01 9.25407874e+03 1.36230354e+01
 7.40244837e+00 -5.59817453e-02 -1.94896840e+00 -7.10690043e-01 1.83022453e+04 1.37769395e+01
 1.92708906e+01 -1.03218847e+00 9.66090055e-01 -5.26300632e-01 -2.72918887e+03 1.39622658e+01
 -1.23490823e+01 -1.75736896e-01 1.53446086e-01 -3.76672260e-01 1.98405324e+04 1.35401839e+01
 8.03053469e+00 -6.82349827e-01 -4.62340440e-01 -3.60461955e-01 1.19762901e+04 1.38070896e+01
 -2.08082446e+01 -2.64720480e-01 1.59642815e+00 -2.76960197e-01 -5.70056289e+03 1.34359297e+01
 -1.46205810e+01 -7.91077364e-01 2.19404551e-01 6.16799143e-01 2.72628086e+03 1.35082226e+01
 1.65722343e+01 4.06552752e-01 -6.77849125e-01 -1.94134615e-01 2.08549507e+04 1.38973475e+01
 -1.19556359e+01 1.09227690e+00 3.85614927e-01 -9.41158787e-01 -2.23656763e+04 1.35358348e+01
 -8.79168184e+00 1.13199153e-01 -1.69370831e-01 1.62473638e-01 -5.17843613e+03 1.36002748e+01
 1.54897394e+01 2.58341317e-01 2.00326131e-01 4.40887363e-02 -2.26632032e+04 1.39220602e+01
 3.44855942e+01 1.32077236e-01 -9.81882487e-03 1.35184531e-01 5.22441442e+03 1.41620074e+01
 -3.89076088e+00 6.06790903e-01 -1.00321002e+00 -4.53264703e-01 -6.07394455e+03 1.36332884e+01
 1.76042301e+01 7.61881087e-01 1.68309048e+00 -1.95875618e-01 -1.81150889e+04 1.39380308e+01
 1.82430974e+01 -2.38097075e-01 -6.37987187e-02 -1.51886505e-01 -6.99582314e+03 1.39265047e+01
 4.89627062e+00 -2.22671025e-01 -8.10925433e-01 -2.54907514e-01 1.41057819e+02 1.37657033e+01
 1.26417760e+01 7.85211651e-02 -6.84778108e-01 3.66235091e-01 3.96453259e+03 1.38723908e+01
 8.95995668e+00 8.51533064e-02 1.06485551e+00 1.42678916e-01 -8.79023967e+03 1.38307531e+01
 4.69418286e+00 -4.97272672e-01 -2.10755893e+00 3.79460892e-01 1.87016047e+04 1.37765870e+01
 5.46945231e+00 1.20432904e+00 1.10856504e+00 3.84808627e-01 4.81819943e+02 1.37503344e+01
 -1.65551070e+01 3.00866499e-01 1.31797233e-01 -6.34865251e-01 1.67096663e+02 1.34774877e+01
 3.66545759e+00 1.40547538e-01 5.58663912e-01 -2.49421330e-01 2.92176165e+04 1.37246803e+01
 1.19525051e+01 -3.93688689e-01 -1.18222996e+00 3.33762520e-01 -1.05361801e+04 1.38546473e+01
 -2.79173221e+01 7.68082610e-01 1.65116857e-01 -2.41684884e-01 -4.10807868e+03 1.33015649e+01
 -4.96795527e+00 -8.03159251e-01 -9.64981413e-02 3.68486720e-01 9.11786097e+03 1.36313681e+01
 -8.38320342e+00 -1.91252285e-01 7.37359142e-01 -3.04126064e-01 2.81862883e+04 1.35859994e+01
 -2.12667047e+01 7.51608469e-01 -5.33286363e-01 4.85704055e-01 2.45059366e+04 1.34044430e+01
 7.66124811e+00 -5.48036866e-01 -2.41616295e-01 -5.21829999e-01 -3.75130112e+03 1.37992936e+01
 -4.96809877e+00 9.57765698e-01 2.12228812e-01 -8.92103616e-01 3.66154020e+04 1.36320576e+01
 -1.14506756e+01 -3.81011023e-01 1.03932031e+00 9.54022280e-02 -5.19484787e+03 1.35598390e+01
 8.68793953e+00 -9.00183759e-01 1.08787508e+00 2.51628312e-01 5.05315165e+03 1.38325877e+01
 -2.08807697e+01 3.71307564e-02 1.89018588e-01 1.54388469e-01 -2.43851161e+04 1.34359833e+01
 1.31600475e+00 -8.48472449e-02 -1.57937381e+00 -3.72477329e-01 -1.97609254e+04 1.36988471e+01
 -1.32151104e+00 -4.11029287e-01 -1.40272043e+00 7.92840989e-01 1.19261936e+04 1.36874320e+01
 1.45057171e+01 2.23243705e-01 1.71147523e+00 -5.13843770e-01 9.05237237e+03 1.38809368e+01
 2.63851437e+01 1.14126683e+00 -1.12970537e+00 -5.13171759e-01 4.55304651e+04 1.40476381e+01
 2.48423436e+01 1.51297488e+00 8.70377021e-01 6.56208149e-01 -5.18368422e+04 1.40185965e+01
 -2.21656330e+01 -5.02216560e-01 1.00104346e+00 -5.34844690e-01 -2.61537058e+04 1.33925759e+01
 -3.01514478e+01 -9.55888543e-01 -1.74262774e+00 2.98527150e-01 5.55400168e+03 1.32898888e+01
 -4.65266367e+00 -4.88268058e-01 8.99248406e-01 -1.26932968e-01 -3.82488952e+04 1.36529903e+01
 4.73583624e+00 1.91319574e-01 1.86880593e+00 8.17845116e-02 -8.75019246e+03 1.37595132e+01
 8.65534239e+00 1.75840389e-01 1.35401257e+00 1.14126374e-01 7.98164609e+03 1.38534525e+01
 4.79437132e+00 -1.13106810e+00 -1.61545426e-01 6.97281843e-01 -2.86248527e+04 1.37785721e+01
 1.26268218e+01 -1.38042874e-01 7.59266518e-01 1.27125013e+00 -2.04522694e+04 1.38557617e+01
 -1.97009026e+00 4.26772704e-01 -9.38931381e-01 -7.07499945e-01 -2.68385745e+03 1.36973053e+01
 -1.90929817e+01 2.36825464e-01 -1.74255746e+00 5.53778241e-02 8.24960773e+03 1.34517296e+01
 1.12260992e+00 -6.06955072e-01 -1.27785325e+00 5.33288286e-01 -1.65078413e+04 1.37297924e+01
 1.16630213e+01 1.59754895e-01 -1.47987156e-01 -3.21366612e-01 2.39956536e+04 1.38537347e+01
 -1.52133484e+01 -1.08793018e+00 9.44060183e-01 -3.48226474e-01 3.43279567e+03 1.35002830e+01
 -4.56455832e+00 2.44409929e-01 -1.67751879e+00 -7.13189249e-02 1.35394193e+04 1.36359039e+01
 1.00693345e+01 -3.88311487e-01 -2.75109849e+00 8.47255587e-01 5.81734152e+03 1.37997469e+01
 -5.94431322e+00 4.46267862e-01 -1.97826215e+00 -3.03085036e-01 2.98026394e+04 1.36298164e+01
 5.00844841e+00 -5.38475312e-01 -2.03149847e+00 -1.69156225e+00 6.71449333e+03 1.37778056e+01
 1.76092191e+01 -5.70746988e-01 2.01562958e+00 5.51909570e-02 3.71147639e+04 1.39262928e+01
 2.04814825e+01 5.71183629e-02 4.35150498e+00 -4.49931848e-01 1.72580814e+04 1.39581784e+01
 1.60973293e+00 1.37069638e+00 -6.46445045e-01 4.39743412e-02 8.70175499e+03 1.37312462e+01
 4.87540463e+00 4.30522286e-01 1.43730201e+00 -1.24622966e-01 -8.04568479e+03 1.37879624e+01
 2.77557722e+00 4.06753011e-01 -6.73425260e-01 2.67987655e-01 -1.29573817e+04 1.37487006e+01
 4.42436494e+00 -3.93190235e-01 1.52908651e+00 -4.17076904e-01 4.50079266e+03 1.37716613e+01
 -7.32761683e+00 -4.28651292e-01 4.97754797e-01 -3.19513788e-01 1.98266958e+04 1.35939429e+01
 -6.96353228e+00 5.48617204e-01 1.96438946e+00 -4.20698535e-01 8.43522545e+02 1.36092256e+01
 2.41899605e+01 7.35726233e-01 -1.32232568e+00 -3.97331424e-01 -2.72620689e+04 1.40075928e+01
 -6.15047710e+00 7.00908570e-01 -1.11759050e+00 1.02180437e+00 1.56648656e+04 1.35995166e+01
 6.83436993e+00 -8.83250744e-02 -1.62909176e+00 6.25365541e-01 2.82209976e+03 1.38011147e+01
 -2.30502549e+01 -3.01286730e-01 -6.61189402e-02 1.22686080e-01 -1.57341538e+03 1.33984327e+01
 1.75395310e+01 4.02140798e-01 8.78906941e-02 -3.47785092e-01 2.13211005e+04 1.39286657e+01
 5.71753187e+00 -7.20878317e-01 -3.70212567e-01 -1.12728222e-01 2.29582390e+04 1.37593511e+01
 -1.81703925e+01 1.04025989e+00 3.47891228e-01 -1.15939372e+00 3.54026476e+03 1.34605381e+01
 -1.11571252e+01 -6.57954481e-01 -9.00331995e-01 1.90654759e-01 1.55647574e+04 1.35490563e+01
 1.98040443e+01 4.15357584e-01 8.29614518e-01 -3.73197831e-01 2.07790640e+04 1.39613899e+01
 3.91819539e+00 2.89874258e-01 -2.62877570e+00 6.63688100e-01 -1.71629153e+04 1.37757778e+01
 -1.21203525e+01 -5.24659856e-01 -1.34495395e+00 7.75177079e-01 -2.46065698e+04 1.35324503e+01
 8.39813554e-02 1.08666979e-01 1.22350056e+00 -4.59787878e-01 2.01093039e+04 1.36834092e+01
 1.28302212e+01 -5.15700285e-02 -1.65156513e+00 -5.81696436e-02 1.61466490e+04 1.38628154e+01
 -1.32949491e+00 4.25337244e-01 -1.24144254e+00 3.34552565e-01 2.17849647e+04 1.36729288e+01
 1.05976296e+00 -6.35441606e-01 2.17157108e+00 -2.31342173e-01 6.69998809e+03 1.37069502e+01
 2.20501459e+01 -6.67904387e-01 2.02365512e+00 5.42294533e-01 8.33364306e+03 1.39938254e+01
 1.42748504e+01 1.00895522e+00 -1.74843125e+00 2.67968594e-01 7.06776548e+03 1.39011570e+01
 -4.16271123e+01 2.36801242e-01 -1.12589314e+00 -5.14254912e-01 -1.86009692e+04 1.31372337e+01
 -5.28482738e+00 2.50125176e-01 1.87736600e+00 3.35501091e-01 2.05447361e+04 1.36492462e+01
 -4.01740229e+00 -1.20758207e-01 5.67099001e-01 5.13718761e-01 -1.28298195e+04 1.36499685e+01
 -3.08508014e+00 -4.96222263e-01 8.70110035e-01 7.74817981e-01 6.95816987e+03 1.36714214e+01
 1.56959255e+01 6.14415223e-01 -1.49665946e+00 -3.01953389e-01 -2.05321693e+04 1.38891671e+01
 3.50710309e+00 -3.49030588e-01 -6.50166283e-01 -2.57122400e-01 4.19230079e-01 1.37472561e+01
 1.11932953e+01 6.94615625e-01 1.57888521e-01 -5.64121442e-01 2.97413098e+04 1.38526193e+01
 -7.36395775e+00 -2.88341571e-01 5.35441593e-01 1.44928736e-01 -4.95294552e+04 1.35919691e+01
 -1.77274694e+01 -1.97508064e-01 2.95722577e+00 -3.30059318e-01 1.29805951e+04 1.34538475e+01
 -4.81375211e+00 -5.35966793e-01 -5.03720443e-01 -9.08687868e-02 -1.36454943e+04 1.36555773e+01
 1.78745263e+01 -1.10571114e+00 2.18920740e+00 -5.03783523e-01 2.19067076e+03 1.39412479e+01
 1.81352811e+01 6.75934296e-01 -5.01568950e-01 1.17906361e-01 -3.03131445e+04 1.39624456e+01
 -1.15950296e+01 -4.94044877e-01 -1.43604807e+00 4.76894222e-02 1.15421213e+04 1.35546896e+01
 -1.88821405e+01 -4.47410975e-01 -2.04080376e-01 1.46207951e-01 -9.57870049e+03 1.34215145e+01
 -1.66260037e+01 -3.41989585e-01 -2.29220623e+00 -1.75285027e-01 -2.03192715e+04 1.34719102e+01
 1.69390576e+01 -1.45652130e-01 4.38389257e-01 -4.36674162e-01 4.78473524e+03 1.39346104e+01
 4.52631886e+00 2.56317861e-01 2.39124504e+00 -1.48309341e-01 2.61486686e+04 1.37192936e+01
 -2.29914869e+01 1.20579958e+00 1.48118739e+00 -2.74303766e-02 1.02843985e+04 1.33657025e+01
 6.27238946e+00 1.39406615e-01 1.06393381e+00 1.66713932e-01 2.83487221e+03 1.37666647e+01
 -6.74746035e+00 -3.17238964e-01 1.74627245e+00 1.12711316e+00 -2.67241705e+03 1.35972972e+01
 1.39205301e+01 2.34228191e-02 -7.82188770e-01 -1.63098382e-01 9.98711988e+02 1.38948135e+01
 -7.57974097e+00 -2.40269020e-01 1.18351626e-01 -2.64921357e-01 -3.45428382e+04 1.35827444e+01
 -1.27326444e+01 3.23411170e-01 1.48013270e-01 9.91348323e-01 -3.88743716e+04 1.35417359e+01
 6.66883028e+00 1.93160995e-01 -1.28007027e+00 -8.40944715e-02 3.81945041e+03 1.37776571e+01
 1.97051817e+00 7.03641940e-01 1.14757068e+00 1.28495857e-01 -2.45505033e+03 1.37357018e+01
 -1.97639410e+01 -1.52225461e-01 8.09444652e-01 1.45381490e-01 2.18174766e+04 1.34470398e+01
 -1.37662742e+01 -5.12429349e-01 4.16562817e-01 7.11642730e-02 7.59990264e+02 1.35248927e+01
 -1.25280190e+01 1.70560815e-01 9.42512667e-01 -1.02204872e+00 2.59630865e+03 1.35287387e+01
 -3.00157117e+01 -7.00606965e-01 -1.22484247e+00 2.00675218e-03 -1.87940639e+04 1.32872324e+01
 -2.36737695e+01 4.52680701e-01 1.43673975e+00 1.03444344e+00 -2.42849154e+04 1.33664660e+01
 9.74579544e-01 -3.72747065e-01 1.10401428e+00 6.85908958e-01 -1.19747525e+04 1.37112459e+01
 9.50952372e+00 -2.92415430e-01 -9.91701248e-01 -4.73381318e-02 -1.80430913e+04 1.38440497e+01
 -1.08162373e+01 5.62279250e-01 1.32318028e+00 -9.79482125e-01 -2.40241316e+04 1.35452814e+01
 8.46080655e+00 2.53825089e-01 1.24648834e+00 5.90815618e-02 1.54551287e+04 1.38095615e+01
 -2.04414940e+00 -9.50929486e-01 -5.68108250e-02 -3.78409252e-01 -3.51233436e+04 1.36758944e+01
 -1.46368447e+01 2.60841850e-01 -1.82973017e-01 -1.31529425e-01 1.28019468e+04 1.35040346e+01
 -2.61840538e+01 -4.38499030e-01 -1.78090538e-01 1.44816478e-01 2.11153164e+04 1.33406895e+01
 -1.07437076e+01 1.74716653e-01 -9.70481238e-01 1.74664247e-01 1.22432047e+04 1.35867459e+01
 1.17809271e+01 1.94811617e-01 2.34234507e+00 1.95131618e-01 -1.59067068e+04 1.38545112e+01
 -3.78871617e+00 3.43159609e-01 -6.01133107e-01 2.42442697e-01 2.43825913e+04 1.36524560e+01
 -1.94121150e+01 1.36856313e-01 9.82784893e-01 6.32920388e-01 1.45206893e+04 1.34045127e+01
 -1.37062139e+01 -4.28474983e-01 8.28182862e-01 -3.04858577e-01 -2.14515015e+04 1.34975717e+01
 2.83042773e+01 -1.68732113e-01 2.07499098e+00 3.63155815e-01 6.60345394e+03 1.40679752e+01
 1.89520600e+01 -8.65561358e-01 -5.25406331e-02 -6.65959739e-02 9.19066316e+03 1.39510210e+01
 4.03772075e-01 -5.15508499e-01 4.85852892e-01 4.11806058e-02 -3.84220153e+04 1.36812743e+01
 1.18197595e+01 1.43063947e-02 -1.03078620e+00 -3.90568211e-01 -2.12732978e+03 1.38585986e+01
 1.41883807e+01 -1.28829955e-01 1.74821360e-02 -3.32105018e-02 -1.30309382e+04 1.38993955e+01
 5.72815747e+00 -9.01180343e-01 -1.76683627e+00 -3.64009776e-01 -2.09384907e+03 1.37614348e+01
 -9.43917194e+00 1.27204694e+00 -6.74585518e-01 1.74165323e-01 -7.00460541e+02 1.35701353e+01
 -1.13603158e+01 -1.47233794e-01 -1.90331620e+00 -4.61809580e-01 -1.54042438e+04 1.35390282e+01
 2.54464692e+01 -6.05245316e-02 -6.13554233e-01 4.59245295e-01 -1.42757357e+04 1.40659083e+01
 6.61612623e+00 -2.48999371e-01 -3.88397489e-01 6.64515957e-01 -7.43244331e+03 1.37644230e+01
 -6.79603885e+00 3.72103272e-01 -1.48981393e+00 3.80849423e-01 -9.59882142e+03 1.35918835e+01
 -2.20732162e+01 -6.13949397e-01 -1.65200673e+00 -2.31998908e-01 4.99104498e+04 1.34132365e+01
 6.71624952e+00 -1.04509838e-01 -1.83180931e-02 1.69542809e-01 -2.39655222e+04 1.37896680e+01
 -3.77144147e+00 2.99431225e-01 6.05667644e-01 5.39720013e-01 -1.85954262e+04 1.36413269e+01
 6.59992451e+00 -2.76240584e-01 1.75434801e+00 6.95953927e-01 8.63236810e+03 1.37792660e+01
 -1.19784103e+01 -6.55171318e-01 -1.78004136e-01 -4.67709475e-01 -6.86440490e+03 1.35278278e+01
 6.81391660e+00 3.04578413e-01 -4.74882424e-01 2.65654397e-02 1.93293279e+04 1.38003559e+01
 -1.13749361e+00 7.49192021e-01 1.24415875e+00 3.56733408e-01 5.29024071e+03 1.36893068e+01
 -6.26949572e+00 7.77707054e-02 4.14243821e-01 5.33178312e-01 -2.06562798e+03 1.36070540e+01
 8.28119238e+00 5.08780735e-01 -1.74304714e+00 -4.77710372e-01 1.87627003e+04 1.37962300e+01
 -1.37569849e+01 -9.06021909e-01 -6.30757820e-01 -6.32745547e-01 7.84496876e+03 1.35220563e+01
 -9.71724686e+00 6.50467717e-01 -1.67034378e-01 2.79964878e-01 -1.00291765e+04 1.35857694e+01
 4.88829970e-01 3.99548097e-01 -1.69085294e+00 -2.25449014e-01 9.79045654e+03 1.36996451e+01
 2.74728727e+00 2.98371503e-01 -9.60711098e-01 3.60944863e-02 -6.96622356e+03 1.37468242e+01
 -1.41991581e+01 -4.76722046e-01 5.12026877e-01 -4.64196752e-01 -6.88595480e+03 1.35088619e+01
 -1.03556217e+01 -3.53566804e-01 -4.93042514e-01 -4.55917077e-01 -3.78915207e+04 1.35611591e+01
 -5.21537395e+00 -5.67585735e-03 2.85930149e-01 -4.26983398e-01 -1.07139206e+04 1.36227703e+01
 5.79296086e+00 -1.44980175e+00 1.52747437e-01 3.37558874e-01 9.94043928e+03 1.37924194e+01
 -8.28430004e+00 -2.50036645e-02 8.76438700e-01 2.76651670e-01 2.85531772e+04 1.35932575e+01
 3.27632502e+00 -1.14428623e-01 -1.57346406e+00 -8.87541277e-01 1.11501006e+04 1.37469639e+01
 -1.97195493e+01 -3.07818163e-01 -2.98019153e-01 7.04867739e-02 2.13999245e+04 1.34148000e+01
 -2.43347435e+00 -1.53214487e-01 -1.41574648e+00 -1.41256347e-02 -1.95699624e+04 1.36483140e+01
 1.29476287e+01 8.17846655e-01 -8.22951753e-01 5.09831560e-01 1.00155271e+04 1.38631191e+01
 7.98534521e+00 -6.99728802e-01 2.60577134e+00 -1.01904550e-01 -2.69235856e+04 1.38271577e+01
 3.21819737e+00 -1.31306889e-01 -6.49101593e-01 3.59453151e-01 -2.26373551e+04 1.37573214e+01
 2.22374369e+01 3.78268412e-01 -1.96006255e+00 9.38038624e-02 -2.49554255e+03 1.40000801e+01
 8.40850586e+00 6.84551268e-02 -6.17175689e-01 -3.25879549e-01 3.18800171e+04 1.38172356e+01
 2.61245699e+01 5.56174524e-01 1.25479928e-02 4.29435207e-01 -1.74563193e+04 1.40556202e+01
 -2.82079395e+01 -1.41500169e-01 -4.45031841e-01 2.12888553e-01 3.08756499e+04 1.33068493e+01
 2.24971535e+00 1.62469324e-01 4.36015768e-01 -4.11824724e-01 -1.01253995e+04 1.37506780e+01
 -2.48623500e+00 -4.23508081e-01 -6.60079164e-01 -1.71297846e-01 -3.42462395e+04 1.36657616e+01
 -5.11067333e+00 3.77549338e-01 -1.19291204e+00 4.79599841e-02 -1.93069874e+04 1.36350901e+01
 9.37165253e+00 6.75324351e-01 -1.18801489e+00 -4.90925692e-01 5.21011359e+04 1.38407449e+01
 -5.40896369e+00 8.63801839e-01 3.84986504e-01 2.99962187e-01 1.49921374e+04 1.36434222e+01
 -1.02204040e+01 -2.63369556e-01 1.45487007e+00 -1.67811441e-01 7.86087122e+03 1.35772636e+01
 1.22489375e+01 -5.28409448e-01 1.10845598e+00 2.39109408e-01 2.62784774e+04 1.38776973e+01
 -1.48441996e+01 -9.93025071e-01 2.22216726e+00 5.19118184e-01 4.58159933e+03 1.34989524e+01
 7.57201860e+00 7.41097371e-01 1.16918527e+00 -1.23301339e-01 -1.16892343e+04 1.37768102e+01
 3.57848976e+01 -3.77045296e-01 -7.40818418e-01 2.35522424e-01 -3.26076538e+04 1.41821262e+01
 -2.13980587e+00 5.37673145e-01 -5.85618743e-01 -4.33669628e-01 3.35916373e+04 1.36755816e+01
 2.08844977e+01 3.27480891e-01 -6.27132046e-01 4.24487032e-02 -2.65316062e+04 1.39864027e+01
 3.50192648e+00 -4.34161811e-01 2.33561404e+00 3.07752611e-01 -4.24269263e+03 1.37488526e+01
 1.98826886e+01 -2.44482718e-01 -8.80796223e-01 -4.05103104e-01 -1.58485695e+04 1.39751350e+01
 -1.61833582e+00 6.22116277e-01 3.46023497e-01 -3.75863324e-01 -7.29442735e+03 1.36776975e+01
 -4.97716722e+00 -1.30209400e-01 2.93995407e-01 9.01898317e-03 2.91221155e+04 1.36313065e+01
 -5.74388273e+00 9.76280798e-01 6.23567433e-01 -5.83989520e-02 1.21124235e+04 1.36175069e+01
 2.94552692e-01 -1.25182696e-01 1.97510476e+00 -1.31132411e-01 -4.50091451e+03 1.36950564e+01
 -2.25653173e+01 -2.74782482e-02 -1.75348948e-01 -6.90880119e-01 3.02454046e+04 1.33900131e+01
 -2.01826314e+01 -1.08811398e-01 -9.36525873e-01 1.64042727e-01 2.14039730e+04 1.34140786e+01
 6.64222694e+00 -5.23830723e-01 -7.02606316e-01 7.91782911e-01 2.42602234e+04 1.37792579e+01
 1.89816835e+01 5.58845036e-01 6.22393398e-01 -3.37241990e-01 1.48833503e+04 1.39634539e+01
 1.82088631e+01 -5.17118202e-01 8.01960085e-01 2.67171600e-01 2.67630868e+03 1.39305828e+01
 -2.30930367e+01 -1.13879366e+00 3.12010297e-01 1.23080099e-01 5.40473606e+02 1.33667587e+01
 6.43288428e+00 4.52055198e-01 -5.77569162e-01 -7.30018765e-01 1.10377561e+04 1.38062817e+01
 1.07471616e+01 2.22298772e-01 8.87100375e-01 1.81970193e-01 -2.26522213e+04 1.38422655e+01
 -1.16158415e+01 -6.45383507e-01 2.71237141e+00 1.70330099e-01 -2.84823586e+04 1.35235068e+01
 8.59495718e+00 -3.86190565e-01 4.55279609e-02 2.69862415e-02 -8.13169418e+03 1.38211887e+01
 -1.15553427e+01 -8.83647450e-01 -4.32353413e-01 -2.24364388e-01 4.30880734e+03 1.35305019e+01
 6.24379875e+00 -2.38099209e-01 2.41073295e-01 1.24966250e-01 -4.62797277e+03 1.37853074e+01
 -1.52106437e+01 -3.09806784e-01 9.98253468e-01 9.46436749e-01 1.51516245e+04 1.35001518e+01
 -1.65213964e+00 -4.36898909e-01 6.16550617e-01 -2.31341262e-01 9.49198911e+03 1.36835012e+01
 4.17362209e+00 -3.58774779e-01 3.85207259e-01 -2.52006814e-01 2.81153027e+04 1.37588873e+01
 -1.83640675e+01 -1.56409054e-01 -1.42249531e+00 1.21383808e-01 1.74333014e+04 1.34393801e+01
 -4.11931441e-01 -2.94626585e-01 -4.14512205e-01 -5.66700633e-01 -3.91207163e+03 1.37092735e+01
 -5.49370518e+00 7.68077402e-01 -1.78699787e-02 -7.54672860e-02 1.71628660e+04 1.35938329e+01
 -1.67794996e+01 1.65037039e-01 3.46765255e+00 -2.26325453e-01 -1.91374928e+04 1.34632772e+01
 -1.93536270e+00 -3.69255982e-01 -1.00306934e-01 -5.98592806e-01 -3.84142999e+03 1.36673732e+01
 1.76563052e+01 -2.14584396e-01 -2.33449315e-01 1.98697963e-01 6.71902761e+03 1.39425309e+01
 -4.82691019e+00 -6.60478080e-02 -1.57909598e-01 -2.81329357e-01 5.52036353e+03 1.36304692e+01
 -7.65214593e+00 -7.83941740e-01 -1.38266979e+00 1.00329909e-01 -1.84355900e+04 1.36030375e+01
 6.78708039e+00 -2.12116649e-01 3.86399688e-01 3.82660704e-01 1.50629917e+04 1.37829343e+01
 -4.63410711e+01 -4.08970429e-01 -7.87170588e-01 -1.59386875e-01 2.40975845e+04 1.30462920e+01
 1.26751550e+01 -2.34403075e-01 -6.51727723e-01 -2.52973040e-01 -1.27063376e+04 1.38651213e+01
 4.56815540e-03 -3.71625344e-01 7.88822845e-01 -3.54673692e-01 4.84076371e+03 1.37129582e+01
 -1.18872706e+01 -2.51503320e-01 4.20569356e-01 -2.25560667e-01 2.03341527e+04 1.35403029e+01
 -5.63722648e-01 3.69920549e-01 1.69762563e+00 -9.46988603e-02 8.59209384e+03 1.36828603e+01
 7.65740178e+00 1.55276003e-01 -3.61786543e-01 7.95389701e-01 1.04765963e+04 1.38196281e+01
 -7.35824462e+00 6.04406195e-01 1.68072097e+00 -3.00888811e-01 -1.97395106e+04 1.36005448e+01
 -5.19488533e+00 -3.68653496e-01 9.56636232e-01 -6.63472636e-02 -3.46784548e+04 1.36307033e+01
 2.98885507e+00 -3.11829130e-01 1.03232414e+00 -3.14251487e-01 -1.26854395e+04 1.37469098e+01
 2.71877762e+00 -5.59601259e-01 3.30634955e-01 9.27348300e-02 -7.85201180e+03 1.37381106e+01
 -8.02736131e+00 -6.69303454e-01 2.03852655e+00 2.04567993e-01 -1.32297574e+03 1.36197098e+01
 1.24215056e+01 -6.45363601e-02 -3.31225170e+00 8.89732362e-02 -1.07000394e+04 1.38796017e+01
 -1.18470240e-01 4.98178712e-01 -1.58956911e+00 -8.10438106e-01 -9.68375421e+03 1.37052316e+01
 -2.64623558e+01 -3.03294441e-01 7.08185689e-01 -6.12960566e-01 9.16600624e+03 1.33266398e+01
 3.13897090e+01 -3.25813779e-01 -3.90468298e-01 7.49239464e-02 -6.11649264e+03 1.40983201e+01
 -3.45416263e+01 9.20370874e-01 -1.36436953e+00 4.24219835e-02 -1.83292009e+04 1.32190589e+01
 1.98062951e+01 4.09262130e-01 1.23937293e+00 6.08543458e-02 1.62371207e+03 1.39752606e+01
 -8.33946456e+00 9.00096000e-01 1.46240848e+00 3.37946644e-01 -3.92267954e+04 1.35841700e+01
 -1.98242769e+01 -6.37325986e-01 -1.15438709e+00 -5.91862304e-02 2.14943449e+04 1.34227796e+01
 -1.15445500e+01 1.35920001e+00 2.60888788e+00 -7.08623138e-01 2.69402370e+04 1.35593812e+01
 1.65083633e+01 1.80173296e-01 -7.87993621e-01 1.83049862e-01 -1.28281908e+03 1.39135925e+01
 1.83796907e+01 -4.44505916e-01 5.28251463e-01 8.00706873e-01 -1.70730305e+04 1.39467040e+01
 -3.03296320e+00 9.23046794e-01 -6.59097772e-01 6.47087742e-01 -3.71239594e+04 1.36611606e+01
 -7.65118509e+00 8.95338440e-02 -1.07976625e+00 -4.35883133e-01 7.91317851e+03 1.36040444e+01
 -1.53803702e+00 4.35434624e-01 -2.07818612e-01 -6.06218062e-01 -4.27741273e+03 1.36860990e+01
 -4.04475396e+00 3.03202102e-01 2.60346255e-01 1.17947072e-01 1.14827414e+04 1.36200029e+01
 5.54705306e+00 3.66322210e-01 -4.26307630e-01 -4.23813760e-01 2.39250363e+04 1.37781443e+01
 2.48708253e+00 3.99600849e-01 -2.08480427e+00 7.23472921e-01 1.16536003e+04 1.37272214e+01
 1.82087813e+01 -2.17937948e-01 2.50340677e-01 5.91684320e-02 -7.25509794e+03 1.39398712e+01
 5.43376840e+00 3.77834815e-01 -3.15355470e+00 -3.41995533e-02 4.36015851e+03 1.37719375e+01
 -2.26424125e+01 -3.24584459e-02 -1.24281622e+00 -7.09727701e-02 -1.50699342e+03 1.33932710e+01
 -3.78634908e+01 3.56301958e-01 2.07804842e+00 -4.65949327e-01 1.44681927e+04 1.31801997e+01
 1.04082308e+01 9.80842799e-01 -7.42534585e-03 -5.86549285e-01 4.09599927e+04 1.38239643e+01
 9.62200585e+00 -1.76566495e-01 -6.68351330e-01 -3.65370023e-01 2.60552481e+04 1.38306069e+01
 6.70913335e+00 -1.68463538e-01 -6.54226483e-01 1.26523613e+00 -7.93314651e+03 1.38085900e+01
 -3.39678768e+00 -2.86253381e-01 -3.09387083e-01 -5.40428063e-01 -1.19136409e+04 1.36626397e+01
 -1.80150506e+01 -2.86478164e-01 -2.90654365e+00 4.75795314e-02 -1.24350958e+04 1.34451996e+01
 -3.93555031e+00 -1.05118576e-01 -3.38967089e-01 2.69276870e-01 -3.85550062e+03 1.36273207e+01
 2.20100383e+01 -1.03904281e-01 -4.58469914e-01 -9.03346670e-01 1.66585811e+04 1.40018640e+01
 1.75415341e+01 5.44580563e-01 1.73402424e+00 4.76250736e-01 -1.89949136e+04 1.39292139e+01
 1.49666751e+00 -2.27868974e-01 1.10960367e+00 6.87911772e-01 1.33598701e+04 1.37102133e+01
 6.23011366e+00 2.56221525e-02 1.65251732e+00 1.46277993e-01 1.73315895e+04 1.37703569e+01
 1.76573042e+01 5.02881776e-02 4.52231258e-01 -4.91795895e-01 -2.10768131e+04 1.39540844e+01
 -8.01226972e-01 4.18156985e-01 -1.72689019e+00 2.88202601e-01 -4.62490711e+03 1.37015696e+01
 -3.31758482e+00 -8.24100410e-02 -1.63679940e+00 -3.93942706e-01 -3.61143574e+03 1.36569086e+01
 -3.79361428e+00 -6.87204123e-02 -5.24373006e-01 -2.61145565e-01 -1.36225932e+04 1.36644457e+01
 1.10605269e+01 9.33365473e-02 -2.55776859e-01 3.69206837e-02 1.01168387e+04 1.38483565e+01
 -3.20161972e+00 3.52855030e-01 6.26639850e-02 -4.47415058e-01 -3.66373007e+04 1.36506490e+01
 -1.83269855e+01 -9.17350238e-02 2.34734243e+00 -2.96361113e-01 6.06969617e+03 1.34504093e+01
 1.36938974e+01 1.16112301e+00 -7.08447809e-01 5.80958791e-01 -3.03448944e+04 1.38928135e+01
 -2.02682476e+01 -1.03703811e-01 -5.40738410e-01 4.09936522e-01 3.02994423e+04 1.34269688e+01
 -3.25024522e+01 1.21752721e+00 8.19108097e-01 -4.17369144e-02 3.74993888e+03 1.32588933e+01
 1.87554138e+01 -1.54643565e+00 6.67874330e-01 2.66162550e-01 -8.49671717e+03 1.39582180e+01
 -4.49120782e+00 8.97762639e-02 2.16383124e-01 5.01675747e-01 9.52919886e+03 1.36239478e+01
 -2.64404302e+01 6.65680836e-01 9.25487012e-01 1.39688421e-01 1.96088303e+04 1.33495329e+01
 4.40920431e+00 -1.97530192e-01 -1.48659822e+00 2.45957967e-02 -8.87100381e+03 1.37435597e+01
 8.78556747e+00 8.17505473e-01 -8.77347385e-01 -2.01027594e-01 -5.16737415e+03 1.38133364e+01
 -3.49925766e+00 4.84939046e-02 8.74696741e-01 3.05242572e-01 -5.39508206e+03 1.36519641e+01
 1.29382604e+01 9.95426304e-01 7.63099921e-01 7.53482041e-01 -8.34802156e+03 1.38839504e+01
 -2.98268942e+01 -1.73435424e-02 2.31570392e+00 2.08852908e-01 -1.08094081e+04 1.32556756e+01
 7.93962321e+00 -1.13403692e-01 8.04649748e-02 6.30119980e-01 -8.02318200e+03 1.38097779e+01
 8.93758538e+00 -3.45842694e-01 3.21991043e-01 5.09072697e-01 1.19566063e+04 1.38121752e+01
 -3.16897035e+01 -1.96302935e-01 3.22954296e-01 -7.33148839e-01 -4.12005937e+04 1.32636763e+01
 1.09559077e+01 7.46348543e-01 -6.53450716e-01 -8.11376429e-01 1.84472673e+03 1.38488120e+01
 1.78931808e+01 -1.03685885e+00 -1.21646528e+00 2.11278804e-01 -5.38700939e+03 1.39389459e+01
 -9.55468242e+00 -2.06234095e-01 -1.47091829e+00 5.83488304e-02 -2.24428979e+03 1.35662183e+01
 -1.44916072e+01 -2.16691109e-02 -1.04269449e+00 1.21042175e-01 -2.10454293e+04 1.35076978e+01
 -9.53321673e+00 7.41495720e-01 2.17567170e-01 -3.20453691e-01 7.47051331e+03 1.35774102e+01
 -2.72342006e+01 2.00597504e-01 -1.09693692e-01 2.01858955e-01 -1.13087687e+04 1.33247779e+01
 -2.23053219e+01 4.88018048e-01 1.38504405e+00 -1.80994306e-01 2.22850140e+04 1.33879706e+01
 -2.23596277e+01 -4.96715263e-01 -3.29534144e-01 -1.63567569e-01 1.51637168e+04 1.34052225e+01
 2.59123586e+01 -8.24736772e-01 3.80525802e-01 -3.52625694e-02 -1.45939481e+03 1.40352522e+01
 -1.10945506e+01 1.96104105e-01 2.15526032e+00 5.51047329e-02 1.40781499e+04 1.35311220e+01
 2.80098814e+01 -6.65548758e-01 -6.24291799e-02 8.82609531e-02 1.93319161e+04 1.40954529e+01
 3.30004653e+00 -4.26335973e-01 -1.82858161e+00 2.98606449e-01 1.51884043e+04 1.37350244e+01
 -1.01703881e+01 7.96556314e-01 5.92611276e-01 -2.27685080e-01 -2.47884803e+04 1.35738047e+01
 -9.37525299e+00 -4.90311547e-01 -2.77415862e+00 2.35009747e-01 2.08231659e+04 1.35751992e+01
 2.18434380e+01 3.67674794e-01 1.09932951e-01 4.48718513e-02 2.35984844e+04 1.39946436e+01
 -8.65844533e+00 3.65360716e-01 -3.08938784e-01 4.51933177e-02 -3.00297560e+04 1.36045211e+01
 6.95496118e+00 -1.02531429e+00 -1.52826090e+00 -2.22201379e-01 2.04307021e+04 1.37852297e+01
 2.81096591e+00 -1.35460097e-01 -9.76651640e-01 -8.02086055e-01 -2.72447359e+03 1.37197216e+01
 5.42305064e+00 -2.73865965e-01 2.97654710e-01 -5.61121121e-02 -1.68034347e+04 1.37832710e+01
 -1.03419737e+01 7.21835044e-01 -8.27089640e-01 -6.43530335e-01 1.86027732e+04 1.35430297e+01
 1.85976092e+01 -2.08761301e-01 4.21722353e-01 -6.68964760e-01 1.49639218e+04 1.39617461e+01
 6.32359501e+00 -2.05840906e-01 3.87675165e-01 -4.98810303e-01 6.51460710e+03 1.37932243e+01
 -2.27143349e+01 2.21118612e-01 -9.09463690e-01 5.79283391e-01 1.67668201e+03 1.33812236e+01
 6.11000802e+00 2.70054618e-01 -4.75550779e-01 1.06411354e+00 -2.99231933e+04 1.37695296e+01
 -1.74288449e+00 4.02315152e-01 2.64573181e-01 2.26318016e-01 -3.53258029e+04 1.37022367e+01
 -2.05369374e+00 -5.11728585e-01 5.02505322e-01 -5.31724008e-01 1.79428608e+04 1.36671214e+01
 -1.55532950e+01 -1.67889715e-01 -2.43693373e-01 -2.04640944e-01 4.33530279e+03 1.34950143e+01
 -2.69740760e+00 -2.24813655e-01 -1.35194950e-01 -2.17367367e-01 -2.17398196e+04 1.36582036e+01
 5.99715118e+00 7.46887970e-01 -1.44124935e-01 -2.86963181e-02 -1.99425321e+04 1.37715790e+01
 2.93598355e+00 -3.47372691e-01 1.12437890e-01 1.39713009e-01 5.20672581e+03 1.37386986e+01
 -7.40368767e+00 2.11191745e-01 5.71810762e-02 -7.77585289e-02 3.76285153e+02 1.36101379e+01
 -1.35835094e+00 6.39905210e-03 -1.25201411e+00 4.17627563e-01 2.81787989e+04 1.36913354e+01
 -1.98274179e+01 -7.98651464e-01 -5.63088604e-01 -1.44178866e-01 -1.03510138e+03 1.34486879e+01
 -5.02529146e+00 1.16533030e+00 2.01236834e+00 -7.90863126e-03 2.01156908e+04 1.36578947e+01
 -2.76368517e+00 -5.36645863e-01 1.51035514e+00 -7.97672773e-02 -1.97102001e+04 1.36664079e+01
 2.25610255e+01 6.17936358e-01 -5.62600132e-01 -7.06240375e-01 -1.60126582e+04 1.40176002e+01
 1.43245623e+01 8.05172432e-01 1.29574983e-01 -3.16066856e-01 2.02975566e+04 1.38892494e+01
 -1.58701630e+01 3.58163631e-01 1.68486100e-01 -7.61910589e-01 3.47889077e+04 1.34823904e+01
 1.39241613e+01 3.68122274e-01 1.51763808e-01 5.88547239e-01 1.72450126e+03 1.38873060e+01
 -2.99552791e+01 -2.62734376e-01 1.97291510e+00 -3.60725843e-01 -1.42931394e+04 1.32776724e+01
 -1.50794401e+01 8.79348828e-02 1.38410617e+00 -2.12134685e-01 -1.64410900e+03 1.34821749e+01
 -1.65324935e+01 1.21350285e+00 -1.83721246e+00 3.70933566e-01 1.67699569e+04 1.34707519e+01
 -4.33998467e+00 6.60417836e-01 7.37128909e-01 5.58965774e-01 -9.73268795e+03 1.36539302e+01
 5.33981653e+00 -2.88739287e-01 -8.41220253e-02 2.08925942e-01 -6.03182960e+03 1.37767440e+01
 1.67075801e+01 1.10796788e+00 -1.37643583e+00 5.91291664e-01 -1.11281597e+04 1.39175950e+01
 1.11276246e+01 5.55157644e-02 -1.36066284e+00 5.26083662e-01 1.64244000e+04 1.38519414e+01
 1.50704912e+01 3.39805292e-01 -1.61089932e-01 -8.46937658e-02 1.73513178e+04 1.39099946e+01
 3.83111692e+00 -5.12058089e-03 2.75643002e+00 -4.63125576e-01 -3.05869896e+04 1.37376825e+01
 -5.13441318e+00 -3.24960467e-01 1.28116716e-01 7.25099524e-01 1.75610120e+04 1.36236944e+01
 9.30980929e+00 -6.53924177e-01 -9.33735705e-01 3.54399520e-01 -2.46946647e+03 1.38217498e+01
 -7.97144132e-03 -6.86321817e-02 5.86189556e-01 -6.46998532e-01 2.45575072e+03 1.36969844e+01
 2.86834245e+01 -9.01406083e-02 9.55570568e-02 2.49509495e-01 4.00949710e+04 1.40925456e+01
 -2.61735932e+01 -2.97623101e-01 7.48298273e-01 3.08833536e-02 2.30545258e+04 1.33554018e+01
 6.51414879e+00 -1.80660873e-01 -1.13896725e+00 2.08935035e-01 6.65907476e+03 1.38041967e+01
 -1.97447323e+01 2.16150712e-02 -6.99178647e-01 5.25059171e-01 3.28649106e+04 1.34506021e+01
 8.39245748e+00 1.35620123e-01 -7.85421748e-01 5.08176846e-01 2.57196083e+04 1.38000081e+01
 -3.81948544e+00 -2.98003240e-01 -1.54191981e+00 1.86808427e-01 -2.29637319e+04 1.36315658e+01
 -5.83683372e+00 -5.17229533e-01 -3.52728190e-01 -7.13615019e-02 -9.71200985e+03 1.36463014e+01
 1.08835067e+01 -3.70200049e-01 2.01324047e+00 -2.46854467e-01 -5.12916772e+03 1.38552717e+01
 -2.34686044e+01 8.75919261e-01 -2.32242199e+00 -5.15043343e-01 7.38722619e+03 1.33961178e+01
 -4.19719089e+00 4.66004590e-02 4.74126729e-01 -3.96400951e-01 -1.90030866e+04 1.36255927e+01
 -7.74077047e+00 1.14900317e-02 1.60581059e+00 -3.97420652e-01 -2.52283666e+04 1.36064305e+01
 -1.81320756e+01 6.09836626e-01 8.74123751e-01 1.45371759e-01 -5.67878598e+03 1.34560549e+01
 -6.34955023e+00 -3.30049768e-01 -4.79384923e-01 -7.81769516e-02 -2.80488031e+04 1.36028175e+01
 -1.54936001e+01 1.80082516e-01 1.88193048e+00 4.18434302e-01 -1.99251111e+04 1.34724707e+01
 -4.01045889e+00 -3.31256902e-01 -5.33110435e-01 -7.25807686e-01 -1.57818012e+04 1.36607436e+01
 -5.33152857e+00 -5.43463186e-01 7.69264638e-01 -4.17496108e-01 -6.14976289e+04 1.36214787e+01
 -8.89487024e+00 1.06722278e-01 2.67975488e+00 -2.04836774e-01 -2.16293058e+04 1.35864216e+01
 -3.81389228e+00 8.90393022e-01 2.60725777e+00 -1.11981161e-01 -7.19192686e+03 1.36546783e+01
 -1.80532076e+01 -2.79443058e-01 6.77594137e-01 2.58876185e-01 -2.38880864e+04 1.34519230e+01
 1.10845434e+00 3.19394872e-01 5.12379145e-01 -2.53653061e-01 -2.06691600e+04 1.37349544e+01
 1.40823717e+01 -9.36259201e-01 -7.65801117e-01 -1.87278768e-01 -1.54378947e+04 1.38953019e+01
 6.87896307e+00 -1.21289194e-02 -4.63587286e-01 -9.34969485e-02 4.05379801e+04 1.38024525e+01
 -4.12389365e+00 -5.40857524e-01 -1.95152073e+00 -2.89198508e-01 5.66050210e+02 1.36504927e+01
 -1.31429309e+00 -1.82765936e-01 6.29335226e-01 -8.75283842e-02 -3.00897112e+03 1.36827355e+01
 -1.68409088e-01 -6.40089982e-01 2.28123266e-01 -7.75661015e-02 7.34373029e+03 1.36757526e+01
 1.43013894e+01 3.72244862e-01 -1.15229169e+00 -6.16047332e-01 1.44539780e+04 1.39086724e+01
 -3.82508532e+00 -1.35337010e-01 -1.69986868e-01 -2.64305745e-01 2.13597303e+04 1.36562588e+01
 1.51355477e+01 -4.85333337e-01 3.17835547e-01 -2.85193705e-01 -3.12626371e+03 1.38922981e+01
 1.27925643e+01 3.60555704e-01 -1.09403106e+00 1.50833823e-01 1.94889617e+04 1.38727009e+01
 -5.99659950e+00 2.44986706e-02 2.54190144e+00 6.93062959e-02 -2.52703778e+04 1.36380291e+01
 1.06947192e+01 -6.29440724e-01 -1.32735043e+00 -2.06726042e-01 -2.76560104e+03 1.38327883e+01
 -1.04921915e+01 2.14030298e-02 2.45135664e+00 5.07592169e-02 5.62172466e+03 1.35747112e+01
 -4.87900875e+00 7.55117353e-01 -3.32223900e-01 -2.34418215e-01 -2.31368446e+04 1.36243582e+01
 1.70231367e+00 -5.89126020e-01 6.90818382e-01 4.36386994e-01 -1.15478802e+03 1.37318910e+01
 -5.38311859e+00 1.01301510e-01 1.44995380e+00 -3.47381509e-01 2.66168596e+04 1.36099643e+01
 -7.97899757e+00 -2.25907961e-01 1.42088505e+00 8.55530618e-02 1.26663622e+04 1.35988616e+01
 -1.34801759e+01 8.36528148e-02 -1.65717114e-01 1.49318929e-01 3.87915930e+03 1.35109712e+01
 1.74194719e+01 -5.47577283e-01 7.22409526e-01 -1.34110860e-01 -1.95370276e+04 1.39395462e+01
 1.52875110e+01 1.29170369e-01 -5.92706931e-01 2.29403517e-01 -4.17465171e+04 1.39350029e+01
 1.30170757e+01 -2.14480206e-01 -6.65015821e-01 -2.70024072e-03 -4.76639551e+03 1.38894527e+01
 -1.45094567e+01 8.76590916e-01 -6.90481986e-01 -3.01830047e-01 -4.83639961e+03 1.34982040e+01
 1.34390493e+01 -1.67385547e-01 -7.86565427e-01 7.22078230e-01 2.11600460e+04 1.38841131e+01
 1.53279935e+01 2.79331669e-01 -1.16677806e-01 1.19046214e+00 4.83326029e+04 1.39030100e+01
 7.96598831e+00 1.81197996e-01 -2.27152206e+00 4.24742787e-01 4.02577008e+03 1.38011780e+01
 1.92880905e+01 -6.58095003e-03 -2.79211119e-01 6.81986103e-01 -3.03915226e+04 1.39544398e+01
 2.79702172e+00 -2.83032865e-01 -3.97540075e-01 3.97220902e-01 2.61847790e+04 1.37269708e+01
 -1.30414674e+01 -3.36680328e-01 1.43575219e+00 5.08773254e-01 -7.11213078e+03 1.35197517e+01
 4.24635839e+00 6.91409803e-01 5.52426603e-01 4.76276324e-01 3.21450115e+04 1.37508253e+01
 -6.27621623e+00 1.36015105e-01 1.09587057e+00 2.39898168e-01 -1.62548517e+04 1.36209419e+01
 1.33017940e+01 -7.93069198e-01 7.92730996e-01 4.39021316e-01 -3.99056334e+04 1.39012774e+01
 1.56559675e+01 6.25561855e-02 4.38236575e-01 5.65719179e-01 -3.90994826e+03 1.39047004e+01
 1.57797337e-01 -5.87332699e-01 -8.87909525e-01 -2.90826873e-01 1.48690588e+04 1.37081299e+01
 -1.11593146e+01 -8.44246483e-01 9.53223478e-01 4.15130061e-01 -1.13832727e+04 1.35490142e+01
 2.79729762e+00 -1.72859192e-01 1.69835066e+00 3.32323140e-01 6.93026972e+03 1.37477217e+01
 -2.59283896e+00 -4.20058098e-01 8.67483441e-01 -4.44231991e-01 -2.47883931e+04 1.36861064e+01
 -2.72295185e+01 7.47948656e-02 2.09122992e-01 -2.67218987e-01 -2.04621979e+04 1.33500760e+01
 1.82647318e-01 6.89433190e-01 -1.37444714e-01 2.86957551e-01 5.11307031e+03 1.37060391e+01
 1.67269641e+01 -3.20832643e-01 -9.42545995e-01 1.41256466e-01 2.20524045e+04 1.39261870e+01
 4.95258414e+00 -3.37675060e-01 4.45398110e-01 7.09025240e-02 4.42542330e+04 1.37679712e+01
 1.15179159e+01 -5.37109870e-02 8.92604141e-02 2.56525765e-01 -3.27130959e+04 1.38945974e+01
 -6.33359691e+00 4.22980854e-01 1.71171883e-01 -2.01429172e-01 2.40969225e+04 1.35810150e+01
 -8.30404055e+00 4.99524191e-02 4.80034284e-01 -2.08978083e-01 -8.83572174e+03 1.35749674e+01
 -1.97970107e+01 1.58606974e-01 -3.12361188e+00 -2.67651467e-01 8.98251619e+03 1.33928329e+01
 -1.39209017e+00 5.88328281e-01 5.17037122e-01 -5.00483419e-01 1.90022503e+03 1.36838175e+01
 1.18484795e+01 1.11646346e+00 9.27398304e-01 -2.62977152e-01 1.77349272e+04 1.38596151e+01
 9.96878419e+00 -8.44959232e-01 -1.52282147e+00 -4.86552891e-01 2.58015318e+04 1.38327471e+01
 1.94286311e+01 4.09950594e-01 -5.91210025e-01 1.55412035e-01 1.29545824e+04 1.39548989e+01
 4.48208238e+00 3.45061800e-02 -4.30019711e-01 -1.46687619e-01 2.82628934e+04 1.37803649e+01
 -2.00350727e+01 2.68870891e-01 -8.57797855e-01 -5.80357906e-01 3.11265399e+04 1.34136163e+01
 -1.56003010e+01 -6.63668603e-01 -1.38244284e-01 3.03274696e-01 -1.18326478e+04 1.34816798e+01
 1.41910001e+01 7.83894833e-01 2.50691059e+00 -3.91864266e-01 -1.21592509e+04 1.38859816e+01
 2.17177920e+01 2.57947175e-01 -1.16876136e+00 2.57342660e-02 -2.46749599e+03 1.39861348e+01
 -8.57083290e+00 6.78424331e-01 -6.46995306e-01 3.94868492e-01 -2.01193740e+02 1.35917927e+01
 6.96972794e+00 -5.32396374e-01 -4.45887965e-01 -4.01193231e-01 -1.13485095e+04 1.38004294e+01
 4.62290158e+00 7.31632046e-01 -6.30217526e-01 -6.20695250e-01 8.74027921e+02 1.37874960e+01
 -1.09089312e+01 4.19572975e-01 1.12372109e+00 -3.81780045e-01 3.55398296e+04 1.35621218e+01
 -9.75130848e+00 4.84051234e-01 -1.14592866e+00 -3.53673014e-01 -5.65919005e+03 1.35839702e+01
 1.48152281e+01 1.13129858e+00 -5.81431789e-01 -7.19667233e-01 1.12204677e+04 1.39074599e+01
 4.32764517e+00 -2.98529659e-01 1.13054060e-02 -1.71491724e-02 -3.71156076e+04 1.37610785e+01
 6.97127528e-01 7.12254487e-01 1.11486225e+00 6.68450224e-02 2.84713011e+04 1.36939086e+01
 -2.64473267e+01 -4.85380830e-01 1.67043991e+00 2.96492806e-01 1.84331261e+03 1.33129938e+01
 -1.49150673e+01 -1.73764691e-01 -2.10172612e-01 -9.64506328e-01 7.45295365e+02 1.34948056e+01
 -1.49559953e+01 -2.78955454e-01 -1.68400323e-01 -2.39038730e-01 2.45003487e+03 1.35027087e+01
 -7.62773204e+00 1.63514811e-01 1.09396271e+00 -5.98679391e-01 1.31088963e+04 1.36004355e+01
 6.95409382e+00 -4.41837214e-01 1.00144165e+00 -1.94235829e-01 -1.98832184e+04 1.37782753e+01
 -2.40814164e+00 6.11940784e-01 9.65924921e-01 -1.30919836e-01 -2.76243118e+04 1.36799659e+01
 9.57675656e-01 2.21664114e-01 1.36112963e-01 -4.26227893e-02 -1.56658409e+04 1.37092165e+01
 -6.20894983e-01 -4.86408870e-02 1.66962291e+00 -1.48874352e-01 -3.56721091e+03 1.36957795e+01
 -4.45279903e+00 9.42345676e-02 9.56880622e-01 6.87079541e-01 4.61854735e+03 1.36436835e+01
 1.53224457e+01 2.65562787e-01 -7.78054886e-01 -6.37361130e-01 1.19081317e+04 1.38970194e+01
 -1.30081208e+01 -1.87897541e-01 1.34896876e-01 -3.33696128e-01 3.71155575e+04 1.35356378e+01
 2.88705974e-01 -6.67104804e-01 1.28447217e-01 -4.51550306e-01 1.07097142e+04 1.37143717e+01
 -7.96687882e+00 -2.74380493e-01 -1.90872474e+00 3.69891879e-02 3.99267786e+03 1.35632860e+01
 -6.93770389e+00 1.38152902e-01 -1.10376044e+00 8.21928551e-01 -5.18119103e+03 1.35930618e+01
 1.32311409e-01 -8.99882762e-02 1.12798756e+00 1.60986559e-01 -2.90081246e+03 1.36965873e+01
 -6.84390273e+00 4.80387773e-02 -9.13071915e-01 -9.36721027e-01 -4.49126233e+04 1.36248827e+01
 -1.81505332e+01 -6.00019958e-01 -7.99050946e-01 -5.29275988e-01 -2.52599016e+03 1.34463521e+01
 -2.57084193e+00 1.23362227e-01 3.85426119e-02 9.10151206e-01 -2.06562230e+04 1.36806345e+01
 -4.67549216e+00 -3.01653507e-01 4.84433976e-01 -4.59901960e-01 -2.42606703e+04 1.36179020e+01
 1.35372470e+01 -5.03116063e-01 -4.83729632e-01 -3.03651359e-01 -4.36619849e+03 1.38789112e+01
 1.08085999e+01 6.43138653e-01 -3.86217532e-01 7.35087388e-01 1.34775808e+04 1.38486146e+01
 1.45614523e+01 -1.01180618e-01 -1.48007338e-01 -2.49310620e-01 1.45717692e+04 1.38771944e+01
 5.60411438e+00 -5.54049195e-01 -3.82732818e-01 3.94594650e-01 9.64396430e+03 1.37656665e+01
 -1.70298048e+01 -4.41567005e-01 -6.27052151e-02 2.81001010e-01 -8.95983924e+03 1.34744064e+01
 -8.15728793e+00 -4.41647144e-01 2.55306419e-01 3.04501317e-01 -3.30483534e+03 1.35869733e+01
 -5.09861685e+00 7.02410821e-02 -1.68838010e+00 6.17264516e-01 -1.48552702e+04 1.36344355e+01
 4.91894608e+00 3.60149504e-01 -1.63938277e+00 -1.92618791e-01 -1.36031853e+03 1.37794927e+01
 8.57788938e-01 -1.80820018e-01 1.71091190e-01 9.69020566e-02 3.40688422e+04 1.37155114e+01
 -2.03664996e+01 6.19390649e-01 -1.94447569e+00 -5.78574579e-02 2.67823673e+04 1.34247967e+01
 1.12213298e+01 -3.19565034e-01 1.12606345e+00 -2.37384368e-01 -1.57510643e+04 1.38524460e+01
 -1.56621197e+01 4.77848127e-01 -1.14180083e+00 -3.24606531e-01 5.59534574e+03 1.34697712e+01
 1.96416725e+01 6.47942922e-02 5.94695586e-01 -2.03127494e-02 1.44683353e+04 1.39517047e+01
 7.29919707e+00 -1.58984798e-01 -1.45655378e+00 -6.96879384e-01 -2.87744102e+04 1.37986383e+01
 7.12428121e-01 -2.65083074e-02 -1.51591138e+00 -4.85187673e-01 3.08871716e+04 1.37147491e+01
 -7.25165147e+00 9.86027540e-01 1.94580444e+00 -8.42380773e-01 -1.14834615e+04 1.36104499e+01
 9.75921138e+00 2.39701076e-01 4.55956224e-01 -3.51757810e-01 -2.26077072e+04 1.38319204e+01
 -3.08053046e+00 -4.98789963e-01 1.38661023e+00 7.78201522e-01 1.48535165e+03 1.36781764e+01
 1.30050152e+01 -1.81047564e-01 -3.10989826e-01 -5.25434585e-01 3.61457125e+04 1.38823983e+01
 2.56550182e+01 -1.25863675e+00 -6.19545786e-01 2.04521047e-01 -6.44201664e+03 1.40516800e+01
 1.29874495e+00 1.95285932e-01 -1.15378158e+00 -1.82881655e-01 -3.93291166e+03 1.37238727e+01
 -1.52631049e+01 1.40862248e-01 -8.59688790e-01 1.97302449e-02 -1.52989110e+03 1.34989290e+01
 3.76078458e+01 -1.03513932e+00 -1.30455670e+00 -3.83245330e-01 7.69994213e+03 1.42003809e+01
 -2.21339063e+00 -2.60858188e-02 -1.62545724e+00 -3.19724043e-02 -6.15009864e+04 1.36641415e+01
 -6.45876329e+00 5.57033045e-01 -2.07753139e+00 -8.57787312e-01 5.56685009e+03 1.36137379e+01
 -1.14907587e+01 1.91947962e-02 1.86664971e+00 8.84160855e-01 -1.63451548e+04 1.35361575e+01
 6.00910082e+00 1.48081964e+00 1.54892245e+00 -2.95308533e-01 1.54159590e+04 1.37885660e+01
 3.53892286e-01 -9.28594173e-01 -8.72804530e-01 1.96392322e-02 -2.23611093e+04 1.37251406e+01
 1.46545036e+01 2.99735782e-01 -1.70373843e-01 -1.05107185e-01 -2.57729982e+04 1.38974262e+01
 1.56759017e+01 -1.06376234e-01 -1.89230660e+00 3.29064884e-01 8.03233545e+02 1.39143954e+01
 -1.82917092e+01 8.71590447e-01 8.18984710e-01 -6.82349491e-02 1.86159654e+04 1.34420908e+01
 5.47796040e+00 -3.85892801e-02 -1.59549123e-01 -1.52296941e-01 -3.13702606e+04 1.37831846e+01
 -1.44942560e+01 1.98041183e-01 -1.62465867e+00 -5.06947623e-01 1.41064513e+04 1.35299420e+01
 -2.15248219e+00 -5.84395707e-01 2.05293782e+00 -6.19000968e-01 -1.66114881e+04 1.36664920e+01
 1.36244973e+01 9.19475097e-02 -2.69110936e+00 2.32899540e-01 -5.14541278e+02 1.38583228e+01
 3.33784039e+01 2.96062784e-01 -1.24801836e+00 -1.46295975e-02 -1.62257071e+04 1.41617469e+01
 -1.60878425e+01 -6.87331024e-01 -4.89447747e-01 2.43223087e-01 1.39408089e+04 1.34773305e+01
 1.28714073e+01 3.24033080e-01 -4.42608887e-01 -3.90378833e-03 2.89315528e+04 1.38837033e+01
 -6.37222139e+00 -8.50344335e-01 2.70530493e+00 -7.28690771e-01 7.26474632e+03 1.36061955e+01
 -3.23055261e+00 -1.60837063e-01 -9.82247359e-01 6.37888923e-01 3.51303350e+04 1.36322021e+01
 1.03288917e+00 5.15145129e-01 -1.28734749e+00 3.23202132e-02 1.13260116e+04 1.36952805e+01
 1.24975268e+01 -3.78805910e-01 9.40481339e-01 7.04466566e-01 1.86409969e+04 1.38714825e+01
 -1.59767338e+01 -8.71197242e-01 1.20011718e+00 -3.19307492e-02 7.51867944e+03 1.34858081e+01
 2.20518813e+00 -1.38730366e-01 -8.06271390e-02 -3.19492614e-01 2.20566904e+04 1.37541707e+01
 2.98438221e+00 -5.46541504e-01 -9.20308850e-01 -1.18906429e-01 -1.42326946e+04 1.37330772e+01
 6.51624552e+00 -4.45141662e-01 4.45361110e-01 1.72664536e-01 -5.43734991e+04 1.37808412e+01
 -1.41353783e+01 4.82272396e-01 2.33039399e+00 -2.11553601e-01 3.07054538e+03 1.35118094e+01
 -2.38359366e+01 1.48096201e+00 -2.02802632e+00 -2.27351640e-01 -1.95463748e+04 1.33876664e+01
 6.32388666e+00 1.85289334e-01 -8.88306681e-01 1.03192474e-01 2.23423348e+04 1.37966482e+01
 1.26021070e+01 8.58128528e-01 -2.38586421e-01 -1.91168375e-02 -1.11369071e+04 1.38766658e+01
 -2.12926937e-01 2.51515006e-01 9.37195155e-01 1.27029863e-01 4.75399127e+03 1.36958804e+01
 -7.68648126e+00 -9.51323963e-01 -9.51138978e-01 1.70876851e-02 5.68611334e+02 1.35990679e+01
 -6.70042737e+00 -3.74635568e-01 -6.25975152e-01 1.60671560e-05 -2.54530253e+04 1.35929344e+01
 -6.19155263e+00 -2.91859820e-02 -8.20769513e-01 4.05001412e-01 2.46618266e+04 1.36374988e+01
 1.04725562e+01 1.90311464e-01 -2.60906597e+00 1.24345625e-02 1.65928424e+04 1.38203311e+01
 -1.51756497e+01 -1.81181642e+00 7.18678973e-02 -3.57384393e-01 -4.03371237e+04 1.34812895e+01
 6.14866918e+00 1.05784927e+00 6.57180253e-02 4.24354132e-01 7.85366558e+03 1.37730092e+01
 1.27616503e+01 4.83967833e-02 -7.49320114e-01 -2.32847740e-01 -1.85694290e+04 1.38735820e+01
 -1.01064957e+01 -7.22810604e-01 1.47880840e-01 3.71696842e-01 -2.08384428e+03 1.35569741e+01
 -8.10993215e+00 -6.85201282e-01 -1.83608850e-01 1.88251601e-01 2.85215713e+04 1.35737239e+01
 3.78274286e+00 7.16727372e-01 -5.01049064e-01 3.08220231e-01 1.54107042e+04 1.37467263e+01
 5.05292690e+00 1.04815521e-01 7.08755011e-01 -1.78557164e-01 1.54310024e+04 1.37658160e+01
 7.50905903e+00 -1.56785734e-01 4.59696193e-01 -6.56130979e-01 -5.04645710e+03 1.38015181e+01
 1.94566149e+00 -3.60069730e-01 -1.61174865e+00 -7.44341063e-02 -2.46183618e+04 1.37296537e+01
 -4.65708572e+00 -6.80487410e-01 -8.53305893e-01 6.72438057e-01 -1.86442264e+04 1.36279590e+01
 -5.67076632e-01 2.25565326e-01 -5.48044943e-01 -2.91695464e-01 -1.38357007e+04 1.36769426e+01
 -4.31326629e+00 -3.30885736e-01 6.54811672e-01 2.78689621e-01 2.99656291e+04 1.36303413e+01
 -5.97430097e+00 -4.91572954e-01 8.55290935e-01 -4.28792658e-01 -3.94072465e+04 1.36197159e+01
 9.43407988e+00 1.67585296e-01 -2.23888727e-01 -4.57866748e-01 5.24701225e+04 1.38210842e+01
 5.57365854e+00 1.05158384e-01 -1.46548368e+00 3.56454465e-01 3.60580687e+03 1.37894528e+01
 6.14453700e+00 5.64269872e-01 -1.21929360e+00 -6.87904910e-01 1.82748884e+04 1.37793273e+01
 1.87486791e+01 1.98961197e-01 -9.15367144e-01 2.04725653e-01 2.10062905e+02 1.39622481e+01
 -7.26766822e+00 -2.79669092e-01 8.93469525e-01 -3.00533251e-01 -2.39454739e+02 1.36066761e+01
 -1.52826921e+01 7.93167346e-01 -1.01147017e+00 -4.75133152e-01 -1.72056155e+04 1.34891017e+01
 3.36693320e+00 -1.80330693e-01 5.86457306e-01 -8.46604972e-02 1.26481091e+04 1.37653120e+01
 1.12375629e+01 7.01144005e-01 3.40378087e-02 3.12970851e-01 8.22746987e+02 1.38456690e+01
 9.19289595e+00 -1.06616199e-01 4.16656752e-02 2.04105236e-01 -1.94533108e+04 1.38270319e+01
 2.24484381e+01 4.10612866e-01 1.28872061e+00 1.18403067e-01 4.90936254e+04 1.40040696e+01
 2.25804287e+00 -1.82345949e-01 4.13631976e-01 -2.00515828e-01 1.59882941e+04 1.37405878e+01
 9.73425464e+00 -2.59179362e-01 1.51151730e+00 -7.11917459e-01 -2.12618893e+03 1.38340780e+01
 1.11210036e+01 8.73449489e-03 -9.47057456e-01 6.13325025e-01 8.14304391e+03 1.38459671e+01
 -8.14542177e+00 -4.93994941e-01 1.49829353e+00 -1.98606359e-01 -1.65356871e+03 1.35817060e+01
 1.19667231e+01 -3.50095801e-02 7.87451863e-02 4.33587567e-02 4.76601178e+03 1.38683286e+01
 2.20608740e+01 -6.62254187e-01 -1.41019227e+00 1.01784357e-01 3.66417646e+03 1.40003281e+01
 1.42022958e+01 -6.19644997e-01 1.98084942e+00 6.75304363e-01 3.04110703e+03 1.38833490e+01
 -4.22255030e+00 -5.33314165e-01 3.28800095e+00 -3.39712590e-01 5.24561290e+02 1.36721924e+01
 1.84208968e+00 3.34307284e-02 -1.57839715e-01 -8.28123142e-01 -3.70159840e+03 1.37367752e+01
 7.33117197e+00 7.19098892e-01 -1.25953647e+00 7.68313608e-01 1.90884991e+04 1.38000379e+01
 -1.01107388e+01 -9.41550396e-02 6.00220244e-01 7.94430335e-01 2.66025943e+04 1.35736052e+01
 7.61544306e+00 -2.84874035e-01 -2.57829342e+00 4.67163223e-01 -5.20422058e+03 1.38155632e+01
 8.22329878e+00 3.43892823e-01 -7.85606829e-01 -9.64221797e-02 1.33932323e+03 1.38025861e+01
 -1.81145385e+01 6.50825965e-03 -9.73456530e-02 -6.32849070e-02 9.57475957e+03 1.34555319e+01
 1.37055700e+01 3.23276425e-01 6.32765196e-01 2.49329156e-01 -7.93387748e+03 1.38860487e+01
 1.53872088e+01 -6.44710320e-01 -9.00526784e-01 1.20923081e-01 -8.45430547e+03 1.39369400e+01
 -3.53479237e+00 -6.92644722e-02 2.16922623e-01 1.69608160e-01 -2.86251383e+04 1.36281248e+01
 2.54492713e+01 -3.45651349e-01 -9.99786132e-01 -8.43951894e-01 -1.46851649e+04 1.40540687e+01
 5.49717775e+00 3.09095619e-01 4.47360189e-01 -3.45874875e-01 4.39139819e+03 1.37694031e+01
 -1.87807895e+01 4.98839055e-02 1.57872913e+00 -4.53295752e-01 1.42167224e+04 1.34473208e+01
 -2.31272443e+01 -6.63717886e-01 -3.68055786e-02 4.46324270e-01 -8.76585597e+02 1.33907224e+01
 1.27860532e+01 6.77735521e-03 -1.63123266e-01 -9.13955927e-02 4.75645208e+04 1.38807684e+01
 -1.05199379e+01 -8.90198920e-01 1.08637843e+00 3.17658306e-01 2.18021285e+04 1.35728549e+01
 -8.43752452e+00 2.52308025e-01 7.07196005e-01 3.76306049e-01 -5.94032919e+03 1.35685796e+01
 -9.23038750e-01 -8.84138019e-02 -2.66447507e+00 -1.35726109e-01 8.24142732e+02 1.36766847e+01
 2.20958660e+00 -2.93140060e-01 -6.31537402e-01 1.96605912e-01 7.33961147e+03 1.37334033e+01
 -1.19378056e+01 1.79696798e-01 -5.74908418e-01 1.12575578e-02 -3.68025263e+03 1.35422901e+01
 5.44920982e+00 -7.38683862e-01 -5.28356037e-01 -2.26669820e-01 -1.33933292e+04 1.37841753e+01
 -1.93144336e+01 -8.09716838e-03 -6.08256146e-01 1.05524362e-01 -6.18021982e+03 1.34515734e+01
 -1.00357085e+01 -7.04471245e-01 1.18748968e+00 5.82426111e-02 8.88045163e+03 1.35791770e+01
 -2.41183256e+01 -8.51688988e-02 6.84323251e-01 -4.34728068e-01 1.04734310e+04 1.33503476e+01
 -4.52955123e+00 5.95561306e-02 -2.95737589e-01 -2.65181313e-01 -6.20269309e+03 1.36485837e+01
 -1.72899119e+01 -7.25072847e-01 5.17073112e-01 -2.08337536e-01 3.01530970e+03 1.34552977e+01
 -2.12936259e+01 7.92734750e-01 3.88704828e-01 -8.28367465e-02 -1.76814605e+04 1.34098093e+01
 1.80764987e+01 -1.93230874e-01 9.82560419e-01 1.86289051e-01 6.03716601e+03 1.39460882e+01
 -4.70461773e+00 4.17676919e-01 9.58880518e-01 -4.11013522e-01 -6.96569238e+03 1.36556400e+01
 -9.45753252e+00 4.48249098e-01 -4.08318088e-01 -2.52518754e-01 1.76969068e+04 1.35841528e+01
 4.15529169e+00 1.31977761e+00 -3.46981709e+00 -7.79723007e-02 -9.98814131e+03 1.37588634e+01
 -1.27964650e+00 8.87024336e-02 -1.34350147e+00 3.29153242e-01 9.48209779e+03 1.36947028e+01
 3.02647116e+01 -1.01136994e+00 1.11965259e+00 7.57352303e-01 1.52415409e+04 1.41162191e+01
 -5.40807593e+00 2.69809468e-01 -7.45571826e-02 7.71287326e-01 4.28009038e+03 1.36223025e+01
 -8.86779189e+00 -6.43888992e-01 9.02355789e-01 7.11295272e-01 -5.63099103e+02 1.35942444e+01
 -2.01685968e+01 -8.23989539e-01 -7.92655860e-01 -4.13430246e-02 8.89115156e+03 1.34160228e+01
 -1.02330930e+01 2.21205265e-01 2.07828810e+00 7.21946564e-01 -1.56404359e+04 1.35575772e+01
 -1.27170064e+01 1.16325212e-01 6.39113769e-01 -3.18257404e-01 -2.31775298e+04 1.35270303e+01
 3.89709709e+00 -2.76821081e-01 -2.38505646e+00 2.45417134e-01 4.83458633e+01 1.37490596e+01
 -1.14484460e+01 4.65300729e-01 6.61975272e-01 -8.28986769e-02 -2.52952063e+04 1.35341136e+01
 -8.52860732e+00 -1.87454987e-01 -1.37863025e+00 9.74121533e-02 1.06128993e+04 1.35960988e+01
 1.45809668e+01 1.86200379e-01 -7.60517077e-01 -5.00892384e-01 -1.05618457e+04 1.39054072e+01
 -2.04881643e+01 -7.75420793e-01 -1.20144987e-01 1.87737476e-01 -3.23104117e+04 1.34209364e+01
 -3.54471817e+00 -7.99669129e-01 7.56493699e-01 6.69192077e-02 3.78904866e+04 1.36473672e+01
 -8.05150068e+00 1.89102741e-01 2.35110110e-01 -4.71638865e-01 -9.09977541e+03 1.35744012e+01
 3.25382375e+00 2.84613534e-01 6.90439266e-01 -3.45153589e-01 2.82247000e+04 1.37488646e+01
 1.18674643e+01 -4.38488548e-01 5.47991017e-01 2.33560521e-01 -1.68414843e+03 1.38667549e+01
 2.13974421e+01 3.31283024e-01 8.14274601e-01 5.32756195e-01 -3.81293216e+04 1.39886886e+01
 -5.15582765e+00 4.25048246e-01 -1.27731772e+00 3.53805179e-01 -9.95370152e+03 1.36296843e+01
 -7.14657882e+00 -4.07023096e-01 2.69247404e-02 9.35532143e-01 1.50880594e+04 1.36133347e+01
 1.64125264e+01 5.39003981e-01 8.36717459e-01 6.04939499e-01 -6.10973319e+03 1.39202697e+01
 -1.52764855e+00 6.74387544e-01 -1.91170379e+00 -6.21289329e-01 8.65766830e+02 1.36855188e+01
 1.13186728e+01 2.30225482e-01 1.03238458e+00 -4.41433321e-01 -9.26523256e+03 1.38555303e+01
 -2.06198326e+01 2.29972701e-01 -1.36161247e+00 1.58200838e-01 -9.22642113e+03 1.34197395e+01
 3.58763659e+00 -4.10647739e-01 9.20382367e-01 6.80127411e-01 9.15194686e+03 1.37450282e+01
 1.41143517e+01 -8.08788091e-01 4.68780031e-01 1.44423465e-01 -2.85119563e+04 1.38846508e+01
 -4.09481864e+00 -8.04271648e-01 9.34239079e-01 8.10572904e-02 -4.43303541e+04 1.36479986e+01
 -4.12618277e+00 3.70119987e-01 -1.24921721e+00 -1.41320907e-01 2.35697917e+04 1.36090893e+01
 -6.43959804e+00 -1.44148557e-01 -4.16731908e-01 -2.17901328e-01 -3.23549124e+04 1.36019905e+01
 9.26526924e+00 -3.12174634e-01 -1.35815613e+00 -3.43091113e-01 2.57963161e+04 1.38232502e+01
 2.59680714e+01 -5.01054796e-01 7.04136023e-01 -1.08758002e-03 4.26294892e+03 1.40309680e+01
 2.49880922e+01 -2.99271032e-01 1.80109981e-01 8.36020078e-01 -2.36729032e+04 1.40109812e+01
 -4.32706987e+00 -4.08357820e-01 3.39980130e-01 7.35148113e-01 -8.89762654e+03 1.36659924e+01
 -1.21207659e+01 3.35420471e-01 -1.80178394e+00 2.00518512e-01 6.96146758e+02 1.35283864e+01
 -1.57154844e+01 1.16177537e-01 -4.96060657e-01 3.74414159e-01 -4.99460759e+03 1.34757046e+01
 8.65651451e+00 -4.33569189e-01 -2.86162820e-02 -3.08650026e-01 4.45034270e+03 1.38312175e+01
 -1.07787583e+01 3.53251353e-01 2.86891651e-02 -2.64441993e-01 7.71129156e+03 1.35422186e+01
 1.27916855e+01 -1.27273993e-01 2.06356677e-01 -4.67181653e-01 2.65197529e+03 1.38836606e+01
 -1.87189835e+00 -9.06799604e-02 7.75824406e-01 -7.42116422e-02 -1.09134998e+04 1.36823924e+01
 -1.85353068e+01 2.50731128e-01 -2.20874718e+00 5.21462115e-01 -3.74477426e+04 1.34396367e+01
 -7.73790619e+00 5.38348538e-01 -7.53650935e-01 7.77432545e-01 -1.12088161e+04 1.35838390e+01
 -1.14489372e+01 9.78641985e-02 3.08865206e-02 -3.74226394e-01 2.26552099e+04 1.35506841e+01
 -1.54021083e+00 9.35051551e-01 1.04172231e+00 -1.74546884e-01 3.38065900e+02 1.36820519e+01
 -2.92201382e+01 -2.53105287e-01 -6.43571423e-01 3.14316226e-01 -1.26164038e+04 1.33051121e+01
 -5.62955524e+00 -2.45760282e-01 1.45304530e+00 3.05149490e-01 -1.12462719e+04 1.36317878e+01
 4.28414883e+00 -1.09217753e-01 -2.27983442e-01 -1.07654706e+00 7.10041792e+03 1.37606727e+01
 1.70260002e+00 -2.09992502e-01 -1.68404054e+00 1.40768519e-01 1.92437594e+04 1.37224233e+01
 1.04520280e+01 3.59464602e-01 -4.85809802e-01 -6.47089571e-01 9.65305541e+03 1.38190394e+01
 1.94640717e+00 4.45405109e-01 4.39004819e-02 -1.52168966e-01 -5.96792159e+03 1.37270833e+01
 1.11968715e+01 -2.73244320e-01 2.42114573e+00 -2.15589238e-01 3.44874366e+04 1.38649971e+01
 -2.02117197e+01 1.12750101e+00 -1.90019789e-01 1.31750755e-01 2.45259004e+04 1.34115363e+01
 4.29128869e+01 -1.87634321e-01 4.31871262e-01 2.64236913e-02 6.91593376e+03 1.42620072e+01
 -6.56538150e+00 1.63375404e-01 1.50521953e+00 -2.35626047e-01 -1.54854145e+04 1.36344070e+01
 5.32403727e+00 -3.12402941e-01 -6.59717274e-01 8.89682847e-01 -1.10557285e+04 1.37533601e+01
 -9.72326014e+00 -3.76263547e-01 1.61745665e+00 2.01616172e-02 -2.11956246e+04 1.35681605e+01
 -2.93760344e+00 3.56554196e-01 6.48999110e-01 9.64737095e-01 1.88000173e+04 1.36775688e+01
 1.03211081e-01 -2.56149237e-01 -3.46689346e+00 -5.44271692e-01 8.65371510e+03 1.37129719e+01
 4.82493440e+00 -3.16246841e-01 1.85646677e+00 -5.56999130e-01 -1.01837650e+04 1.37615341e+01
 -2.32904426e+01 -6.35433940e-01 -1.04950276e+00 -3.33654264e-01 -1.32909289e+04 1.33759620e+01
 -2.93391096e+01 -8.22489667e-01 -5.36867641e-01 2.06104062e-01 2.06631015e+04 1.33202861e+01
 -5.23420177e+00 1.56607338e-01 1.78700649e+00 4.99268215e-01 -9.69693060e+03 1.36366575e+01
 7.30522886e+00 -1.81909102e-01 1.19572633e+00 -8.84931734e-02 -2.76317981e+04 1.37912518e+01
 -3.14597403e+00 2.57288875e-01 6.00011557e-01 1.19250286e-01 -1.11135962e+04 1.36528500e+01
 1.30457425e+00 1.15365542e+00 1.59585771e+00 -1.27224309e-01 -5.58869892e+03 1.37090483e+01
 -1.56104910e+00 -6.28730819e-01 9.62248182e-01 -6.25048404e-02 1.04417901e+04 1.36849784e+01
 -2.60396490e+00 -1.52795358e-01 3.65130959e-01 -2.74847796e-01 3.84816851e+04 1.36642584e+01
 5.58602035e+00 4.66307898e-02 5.79822061e-01 7.70585785e-01 8.76019197e+03 1.37574232e+01
 -1.86251122e+01 3.26104519e-01 -3.61836317e-01 -1.33989486e-01 -1.98145369e+04 1.34509556e+01
 -2.07945831e+01 1.55371201e-01 6.94114030e-01 5.12336228e-02 -2.27748045e+04 1.34113562e+01
 -2.29587715e+01 1.28665567e-01 -1.76972955e+00 -4.00683762e-01 2.62692143e+04 1.33902047e+01
 3.93675827e+00 4.69508732e-01 2.66319813e-01 3.40713424e-01 1.66114001e+04 1.37443414e+01
 1.75750022e+01 1.74631670e-01 2.95176671e+00 3.05044629e-01 3.21125513e+04 1.39231456e+01
 1.90089981e+01 2.08405878e-01 5.55976460e-01 2.38424543e-01 1.86854876e+04 1.39640065e+01
 -3.16016903e+01 -4.04299525e-01 -4.01018939e-01 -8.57457910e-01 1.93025400e+03 1.32753050e+01
 1.79430770e+01 3.05456828e-01 -1.25138150e+00 6.48536147e-01 -1.02638621e+04 1.39514237e+01
 -2.41140652e+01 -1.45589891e-01 -2.01634267e+00 2.90491267e-01 9.45180832e+03 1.33671235e+01
 -6.70102998e+00 -8.49555913e-03 1.86883042e+00 -7.28816234e-01 -9.97548343e+03 1.36286738e+01
 1.02137965e+01 1.12537195e+00 -6.15940945e-02 2.96552577e-01 -5.96359927e+04 1.38325308e+01
 1.09107287e+01 1.01582559e-01 1.01592598e+00 2.37943240e-01 1.83028947e+04 1.38488440e+01
 1.90815335e+01 -3.33317027e-03 4.12981022e-01 -4.19712954e-02 -8.99589710e+03 1.39650807e+01
 2.74753632e+01 -7.93927468e-03 -4.00946652e-01 9.68498756e-02 -8.90043149e+03 1.40676166e+01
 -7.26156486e+00 8.32726600e-02 -1.12895782e-01 4.83110900e-01 -1.43071452e+04 1.35840971e+01
 -4.31760146e-01 -2.29291226e-01 -4.05349044e-01 1.76958599e-01 -1.56417229e+04 1.36758378e+01
 -1.24566025e+00 -7.50470014e-01 -6.36455276e-01 6.03825455e-01 1.99449125e+04 1.36691869e+01
 -5.03390301e+00 2.72271131e-01 -4.80020766e-01 7.98235115e-03 4.49883131e+04 1.36392866e+01
 -3.88428094e-01 -3.40946339e-01 6.87310282e-01 -3.06931923e-01 -2.19059837e+03 1.36943901e+01
 3.19382918e+00 -8.08752620e-01 1.87723015e+00 7.36384905e-01 2.92310446e+04 1.37496943e+01
 3.44260250e+00 -1.30105604e+00 -9.45848102e-01 3.06517969e-01 5.60910345e+03 1.37638916e+01
 -2.94154655e+00 2.66332013e-01 2.31384937e-01 -5.02074579e-01 -2.41514576e+04 1.36803899e+01
 -1.09639059e+01 -3.77314638e-01 1.52204909e-01 6.67015747e-01 2.41703191e+04 1.35391475e+01
 -3.36349391e+00 3.70143064e-01 -1.49960194e+00 -4.72714443e-02 -1.46152301e+04 1.36254384e+01
 1.04035171e+01 2.43563613e-01 5.64824892e-01 -2.40181632e-01 -1.40512900e+04 1.38436229e+01
 1.87406940e+01 4.21639777e-01 1.18681765e+00 -9.65448831e-03 1.64154578e+03 1.39303899e+01
 9.46059332e-01 -8.92009522e-02 9.28256047e-01 9.95796391e-01 -2.92478243e+04 1.36951762e+01
 1.28808548e+01 -6.08480417e-01 -6.68681595e-02 1.85232240e-01 1.88419633e+04 1.38489056e+01
 -8.04185070e+00 4.85641124e-01 -1.13059338e-01 4.37333548e-01 4.96581575e+03 1.36014281e+01
 2.56746027e+01 -3.88431958e-01 -1.66358854e+00 -7.69334996e-01 -2.41506385e+04 1.40532378e+01
 -1.18827036e+00 8.31649062e-01 3.67531630e-01 3.05404632e-01 -1.56094429e+04 1.36747807e+01
 -9.13188930e-01 -5.86781505e-01 -5.05390817e-01 -2.70872998e-01 2.80212081e+04 1.36881259e+01
 1.70277920e+01 -1.74172575e-02 3.27270544e-02 6.71409069e-01 -1.36187014e+04 1.39409892e+01
 -6.94360553e+00 -2.62253777e-01 -9.04989015e-01 2.23433662e-01 -4.51213469e+03 1.36248958e+01
 3.42289225e+00 8.37018745e-01 4.67287688e-02 -8.65549538e-02 -8.56823987e+03 1.37493047e+01
 6.37876894e+00 -1.42266821e-01 3.66344569e-01 -8.80095241e-01 1.17332669e+04 1.37857753e+01
 -1.03014894e+01 2.30710791e-01 4.58933933e-01 -6.65193406e-01 3.21955999e+04 1.35620059e+01
 -9.76705665e+00 7.46556953e-02 1.06133816e+00 2.87770686e-01 -4.49414507e+03 1.35605794e+01
 1.08391313e+01 1.02940699e+00 1.01596196e+00 8.66291241e-01 -7.58572695e+03 1.38653689e+01
 -8.36852918e+00 5.43497956e-01 3.53460321e-01 4.42140055e-01 -1.95028345e+04 1.35720202e+01
 2.06067160e+01 -1.32466736e-01 -1.01117908e+00 -5.66664143e-01 -9.29785856e+03 1.39827962e+01
 -9.79097099e+00 4.53537902e-01 1.25875524e+00 -1.19460486e-01 -1.92596179e+04 1.35577744e+01
 8.63551714e+00 1.51543647e-01 -9.48981380e-01 -5.14695188e-01 -3.21901298e+04 1.38343662e+01
 1.19160021e+01 1.78788135e-01 -1.78859441e+00 -4.58330144e-01 1.62402558e+04 1.38810088e+01
 6.29596737e-01 1.70237567e-01 2.32997539e+00 3.27300822e-01 3.09137594e+04 1.37171666e+01
 1.69427910e+00 4.45144582e-01 -1.63150150e+00 -6.94238000e-01 1.71303413e+04 1.37155818e+01
 1.15099529e+01 -6.87109292e-01 -8.28154889e-01 6.63146754e-01 1.95691425e+03 1.38695726e+01
 -1.07702561e+00 8.28490921e-01 -6.22228100e-01 -1.77517444e-01 4.82097289e+03 1.36740086e+01
 6.81748965e+00 -5.37050082e-01 -6.80944867e-01 -2.51778759e-01 -3.45043606e+04 1.37821927e+01
 -2.07863820e+00 9.42368946e-01 -1.15238721e+00 -1.04590520e-01 6.79393136e+03 1.36814996e+01
 4.74646891e+00 2.26147630e-01 -5.23995173e-01 1.19339989e-02 -4.61567757e+03 1.37803926e+01
 -3.20290290e+00 9.80199133e-01 1.68464328e+00 -4.68285077e-01 2.18241086e+04 1.36416950e+01
 -1.32193485e+01 -5.80385450e-01 5.86026834e-01 4.10338257e-01 2.69771494e+03 1.35272981e+01
 -1.80850902e+01 1.11879315e+00 -1.03264345e-01 2.90733003e-01 -3.55430555e+03 1.34561950e+01
 -1.42433090e+01 -5.49258984e-01 1.65778814e+00 -9.59535821e-02 9.93178550e+03 1.35095462e+01
 -1.60319922e+01 -2.64043273e-01 5.45886413e-01 3.31352077e-01 -9.14028664e+03 1.34814223e+01
 -2.05415474e+00 -3.42189624e-01 1.45763353e+00 -4.56590364e-03 -1.87360930e+04 1.36805585e+01
 -2.77363604e+00 -2.56724249e-01 -6.45006097e-01 1.70188736e-02 2.00778381e+02 1.36612246e+01
 -1.15419850e+00 -1.24174462e-02 9.70327353e-01 1.11778301e-01 -1.85765767e+04 1.37007779e+01
 1.73158730e+01 9.86532640e-02 -5.73766878e-02 5.07723605e-01 -2.37822169e+03 1.39453551e+01
 -7.35227965e+00 5.39198017e-01 -3.22009897e-01 2.51182039e-01 -1.65320871e+04 1.35880152e+01
 -6.04439390e+00 9.64943405e-01 -3.80531760e-01 6.81655579e-01 2.69309508e+04 1.36020664e+01
 -3.09790206e+00 3.11101272e-01 -1.93350569e-01 -5.86709990e-02 -1.99298580e+04 1.36525885e+01
 9.00524613e+00 1.81068734e-01 -1.02234823e+00 -2.42264269e-02 -3.96626125e+04 1.38281633e+01
 6.55509664e+00 2.81500436e-01 -2.16220657e+00 3.25495787e-01 1.46589917e+04 1.37995026e+01
 -1.57399476e+01 8.02694360e-01 -6.22027595e-01 4.17790567e-01 -2.18062367e+04 1.34868490e+01
 -4.58986819e+01 -3.53346239e-01 -1.02560774e-01 5.13252835e-01 -1.90902057e+04 1.30676292e+01
 -3.94533825e-01 -2.35006143e-02 -7.71884714e-01 -3.30372118e-01 -1.09762172e+04 1.37064483e+01
 1.86131648e+01 -2.18234803e-01 6.40276454e-01 7.03256117e-01 9.14503939e+02 1.39469136e+01
 -1.18669325e+01 4.21380261e-02 8.26208770e-01 -3.90569143e-01 1.38735556e+04 1.35356006e+01
 8.72605394e+00 3.61135013e-01 -1.27372333e-01 -1.55791866e-01 -3.31507885e+04 1.37953777e+01
 8.64757580e+00 -5.61230528e-01 -1.48684720e-01 1.38817298e-01 2.79745835e+04 1.38005735e+01
 -2.44495970e+01 1.29894210e+00 5.43263912e-01 -6.47931594e-01 -2.63219372e+04 1.33915432e+01
 2.80974195e+01 -9.97163807e-02 -8.09827327e-01 -5.49793197e-01 -3.11230806e+03 1.40705759e+01
 9.34176318e+00 2.33941527e-01 7.88062823e-02 2.00763277e-01 3.08537659e+04 1.38270969e+01
 1.47700389e+00 2.91982149e-01 -8.25888218e-01 -3.31672088e-01 -6.61285430e+03 1.37101308e+01
 1.17632771e+01 7.33687871e-01 2.34278160e-01 -1.72106393e-01 1.70831819e+03 1.38456622e+01
 6.41900379e+00 -2.68654033e-01 -1.66685833e+00 8.99144038e-04 -1.71440182e+04 1.38009390e+01
 1.01399204e+00 -3.20522847e-01 -1.51669575e+00 8.64391743e-02 -1.47999566e+04 1.37274763e+01
 1.69792089e+01 7.57457192e-01 -5.76780535e-02 3.30216684e-01 8.69113755e+03 1.39297133e+01
 1.20592949e+01 5.96189270e-01 -3.66356257e-01 -4.16989196e-01 -1.42651942e+04 1.38793397e+01
 2.70053858e+00 -1.51332746e-01 8.05895368e-01 -9.86998813e-01 -1.13342612e+04 1.37189789e+01
 3.70097557e+00 6.17160303e-01 -3.27735678e-01 -1.81858986e-01 1.55160243e+04 1.37699953e+01
 -1.14879259e+01 1.20420513e+00 -1.28005365e+00 -2.57513455e-01 -2.15885574e+04 1.35240080e+01
 1.75816595e+01 -1.33916369e+00 4.38600557e-01 -4.74139893e-01 -4.93232337e+02 1.39436993e+01
 5.38563514e+00 -2.93414601e-01 2.95733255e-01 1.62891429e-01 2.42325992e+04 1.37708820e+01
 -2.50117745e+01 9.73052089e-01 6.69402729e-02 5.17857615e-01 -1.05592653e+04 1.33394383e+01
 3.30079821e+00 4.51455517e-01 1.31664344e+00 -1.08203679e-01 4.11446693e+03 1.37326479e+01
 -1.02616781e+01 -1.80435770e-01 2.78227635e+00 8.08766629e-01 -9.87141353e+03 1.35583433e+01
 -6.55764712e+00 -3.85918843e-01 6.24643077e-01 6.50844341e-02 -7.84949517e+03 1.35915619e+01
 2.96271464e+01 -3.24257601e-01 -4.05441946e-01 -6.42411522e-01 2.08540252e+04 1.41244626e+01
 -8.34390345e+00 2.63890760e-01 5.03436976e-01 1.94224134e-01 -2.76949843e+04 1.35881376e+01
 6.27551535e+00 -3.70749098e-01 -4.02257526e-01 -4.27745269e-01 -2.70317915e+04 1.37742404e+01
 -9.54862324e+00 9.07906601e-02 2.79994944e+00 -4.05693527e-01 -1.41235369e+04 1.35655242e+01
 -2.83898256e+00 -8.16731544e-01 1.32425368e-01 5.12327946e-02 9.85611083e+03 1.36543623e+01
 -1.88582446e+00 -1.35033013e-01 1.80007342e+00 -1.29102498e-01 1.11585290e+04 1.36622246e+01
 -8.92247454e+00 7.80291786e-01 6.37705078e-01 2.13927790e-01 3.26033847e+03 1.35532393e+01
 2.74498289e+00 4.23199554e-01 6.11118501e-01 6.67033678e-01 2.97094667e+03 1.37532951e+01
 1.82260254e+00 7.54023950e-02 -2.04968470e-02 -1.12057508e+00 -2.47086653e+04 1.37033295e+01
 1.90022846e+00 -7.59580835e-01 -3.07052765e-02 2.46079984e-01 -1.56722071e+04 1.37207890e+01
 -2.18503733e+00 1.98091660e-02 -2.17519804e-01 1.35065016e-01 2.34332412e+04 1.36782028e+01
 1.10959909e+01 1.14967789e-01 4.15691804e-02 -6.54569809e-01 1.17023420e+04 1.38699925e+01
 1.46853842e-01 7.64017073e-01 9.86571785e-01 8.00491992e-01 4.31428786e+04 1.37112567e+01
 4.82810386e+00 7.33219182e-01 9.60264181e-01 -2.10428220e-01 -3.04212678e+04 1.37590275e+01
 -6.35477570e+00 -9.66111792e-01 6.34067914e-01 -3.12746702e-02 -2.33404927e+04 1.36075441e+01
 4.94174030e+00 9.93944349e-02 -9.46758042e-01 -1.33995219e-01 -2.73834918e+04 1.37719521e+01
 1.57259748e+00 -5.84764978e-01 -1.00340673e+00 -6.65673954e-01 2.70568778e+04 1.37151218e+01
 6.57114563e+00 2.36473916e-01 -1.22574604e+00 -6.16263331e-01 9.34366507e+03 1.38024939e+01
 -1.88474230e+01 -5.78930576e-01 -1.09757976e+00 -8.56941260e-01 -4.24892268e+04 1.34491576e+01
 -1.19167186e+01 8.64778342e-01 -2.26574548e+00 -5.11772996e-01 -9.89932574e+03 1.35385832e+01
 -7.31926729e+00 1.18629625e-01 2.44873012e-01 -5.62387789e-01 2.28913862e+03 1.35902160e+01
 2.49241093e+01 8.81657983e-01 5.19731358e-01 -2.90917470e-01 1.08407428e+04 1.40051527e+01
 -1.15683779e+01 -6.79558980e-01 -1.58836961e+00 3.09941264e-01 2.79045732e+04 1.35611522e+01
 -5.63200584e+00 1.41476175e-01 9.48388970e-01 3.65775695e-02 -4.99698931e+04 1.36405036e+01
 2.56573690e+01 -2.22097517e-01 1.08192962e+00 -3.82300599e-01 -3.00290336e+02 1.40506796e+01
 -5.07881598e-01 7.22084693e-01 -6.21398650e-01 1.23187015e-01 -2.59359297e+04 1.36886969e+01
 -1.22909561e+01 -6.02910053e-02 7.59201347e-01 -4.06864440e-01 1.84201118e+03 1.35288835e+01
 -1.84023580e+01 -5.01475799e-01 -1.17350230e-01 -2.35392871e-01 3.15740245e+03 1.34511033e+01
 1.89099824e+01 -5.24541722e-02 -1.84834408e-01 -2.77379685e-01 -1.34731487e+04 1.39597650e+01
 1.35795920e+01 -3.53511501e-01 2.51219807e-01 2.96970481e-01 -2.01844488e+04 1.38945294e+01
 4.39256372e+00 1.03288625e+00 -8.58159002e-02 3.57612531e-01 -3.51500722e+04 1.37666250e+01
 9.39708403e+00 4.60632985e-01 1.39097461e+00 4.56039019e-01 7.29595836e+03 1.38413697e+01
 -2.40792233e-01 -5.15882666e-01 -1.92603492e-01 -1.18236036e-01 3.09869794e+04 1.37093011e+01
 -2.86017985e+01 5.64324445e-01 -8.73188841e-01 -7.16035434e-02 -4.50473498e+03 1.32955034e+01
 -1.41293608e+01 -5.29745823e-01 -1.39066605e+00 -2.85993033e-03 -2.33586484e+03 1.35025826e+01
 8.50183657e+00 1.95560739e-01 -9.44105753e-01 -1.26145316e-01 -1.37305672e+04 1.38027166e+01
 -2.36874019e+00 -1.09899584e-01 8.77020817e-01 -3.66696447e-01 1.44867544e+04 1.36631573e+01
 -7.04336087e+00 -1.00346380e+00 -7.90425574e-01 2.42372522e-01 -1.02528512e+04 1.36130633e+01
 -6.59606985e+00 -9.85909943e-01 -3.60393242e-01 -7.02667803e-02 -3.84700183e+04 1.36030802e+01
 7.73467464e+00 5.47217582e-01 6.21928387e-01 -1.16477961e-01 5.00956247e+03 1.37790280e+01
 1.84965445e+00 7.05132993e-01 6.06222767e-01 1.86204777e-01 2.64267287e+03 1.37438244e+01
 5.85229097e+00 5.44802983e-01 -8.68768081e-01 -6.44784414e-01 -3.13873163e+04 1.37529990e+01
 2.27679992e+01 -5.44364874e-03 -5.98249358e-01 2.98579220e-01 7.16654196e+03 1.40101017e+01
 1.97271803e+00 3.56128997e-01 -1.26392653e+00 -4.11288115e-01 -3.85173527e+04 1.37305704e+01
 3.85266822e+00 4.69990544e-01 -7.45555447e-01 -3.77965789e-02 -1.64111868e+04 1.37124835e+01
 3.49724735e+00 2.07037552e-01 1.82121967e-01 2.62899629e-01 -3.75442212e+03 1.37357505e+01
 1.60893259e+01 -5.47523584e-01 -1.24432017e+00 -1.80305842e-01 -1.49213143e+04 1.39266708e+01
 -9.73044200e+00 5.56966647e-01 -4.85859712e-01 -3.41673321e-01 -7.41040430e+03 1.35723882e+01
 1.22762805e+01 -2.92938562e-01 2.35139649e+00 1.07123080e-02 3.62190170e+03 1.38676647e+01
 9.02113918e+00 3.91079780e-01 1.88299686e+00 -3.53632491e-01 4.33918780e+03 1.38160325e+01
 -1.54469824e+01 1.06190510e+00 -1.94324240e+00 -2.55460454e-01 3.39299299e+04 1.34690906e+01
 3.58934598e+00 4.88765571e-01 1.23856508e+00 -3.79386214e-01 -4.56486217e+04 1.37722530e+01
 -2.79228788e-01 6.72887107e-02 -1.02283551e+00 -4.58552841e-01 1.94495272e+04 1.36971567e+01
 -1.26952563e+00 -2.48076495e-01 8.57565570e-01 2.86810801e-01 -3.67431418e+04 1.36928223e+01
 -8.32232858e+00 -1.25543700e-01 -5.05640313e-01 1.84227924e-01 1.48322455e+04 1.35803129e+01
 -1.17893617e+01 4.90089629e-01 -1.48199946e+00 -1.76111378e-02 1.51516763e+04 1.35306946e+01
 3.81510658e+01 -2.42635628e-01 1.38976598e+00 8.22235143e-01 4.26480353e+03 1.41960198e+01
 -1.78606740e+01 6.72690773e-02 -8.60737154e-01 -2.30551398e-01 8.66000448e+03 1.34459505e+01
 8.65217407e-01 2.08847710e-02 -1.08529749e-01 -3.85258987e-01 -8.02587029e+03 1.37159748e+01
 -1.07513699e+01 4.10036086e-01 -5.22501252e-01 3.38942391e-01 4.66879733e+03 1.35430855e+01
 8.20605092e+00 3.60887884e-01 1.36007351e+00 -2.51925362e-01 -1.60627626e+04 1.37993404e+01
 9.79433792e+00 1.35476693e-01 -1.71833893e+00 7.94021231e-01 4.68261080e+04 1.38443117e+01
 -1.62873759e+01 -3.02845356e-02 9.55852733e-01 2.49903834e-01 -3.90797085e+04 1.34653736e+01
 3.23190742e+01 8.69495702e-01 1.70956191e+00 -6.95559741e-01 1.55413443e+04 1.41183414e+01
 2.44697123e-01 -4.75682652e-02 -4.52047926e-01 -2.29505365e-01 -1.41528953e+04 1.36988392e+01
 -1.54395173e+01 -5.98301067e-01 -1.21679828e+00 -8.53241565e-01 -2.42883928e+03 1.34683586e+01
 -2.93751804e+01 -1.40631045e-02 -2.12594529e-01 -3.70557874e-01 1.96670658e+04 1.32941211e+01
 -1.97442542e+01 1.98960595e-01 9.19393271e-01 -2.17922656e-01 -1.76806302e+04 1.34249340e+01
 8.47383363e+00 4.56890311e-01 2.38057937e-01 -5.29722766e-02 1.10266543e+04 1.38201641e+01
 3.13222690e+00 -1.04448680e-01 -1.16218628e+00 -2.19653977e-01 1.97386042e+04 1.37379467e+01
 -7.24632143e+00 2.45716812e-01 3.05289186e-01 -2.96251659e-01 1.26014342e+04 1.35868149e+01
 -1.49628081e+01 1.87964002e-01 -1.94438787e+00 -4.26068430e-03 1.33335299e+04 1.35084526e+01
 4.13069476e+00 1.65229622e-02 -5.43119142e-02 -4.93342312e-01 -1.80203636e+03 1.37618702e+01
 -1.46090521e+01 -4.91522790e-01 -1.77239226e-01 -1.03332144e-01 -1.69214594e+04 1.35105443e+01
 8.32723276e+00 1.53538506e-01 -1.69974000e+00 4.67942418e-02 -1.70783843e+04 1.38083906e+01
 -7.53944300e+00 -2.59677340e-01 -2.88020023e-01 2.92605130e-01 3.89917246e+04 1.35969685e+01
 2.55471136e+01 -1.21532846e-01 1.80461527e+00 -3.04788785e-01 -1.67129282e+04 1.40588237e+01
 -7.89110434e+00 -6.55326391e-01 -2.41629833e+00 6.79087760e-01 -1.56135366e+04 1.35634666e+01
 -1.57071220e+01 8.09468414e-01 6.75935105e-02 -6.27937055e-01 -2.55494076e+04 1.34566085e+01
 -2.87844579e-01 -2.21540890e-01 9.76985070e-01 -9.63857304e-01 1.50210313e+04 1.36957951e+01
 -5.55434628e+00 -4.45623552e-01 1.58918168e+00 7.79206880e-01 -4.02418470e+04 1.36415491e+01
 -9.86792061e+00 3.97075666e-02 -4.31881614e-01 2.67631458e-01 -1.37935810e+04 1.35691729e+01
 1.00877791e+01 -3.97313619e-01 -1.64653317e+00 1.55683743e-01 -3.00591208e+04 1.38188690e+01
 -5.86351859e+00 1.50063963e-01 2.72637193e-01 -2.73207196e-02 1.89676667e+04 1.36090885e+01
 8.08181125e+00 9.47054383e-01 -2.94669239e-01 4.26914172e-01 2.03985209e+04 1.37895368e+01
 5.81167882e+00 -2.94692130e-01 1.98413718e+00 -9.94313917e-02 -8.75535097e+03 1.37815347e+01
 2.17901574e+01 -5.66099338e-01 -1.23653278e-01 -2.61681949e-01 1.07360745e+04 1.39984238e+01
 1.67717445e+01 4.51431608e-01 -1.54082883e+00 -6.10171854e-01 3.07156934e+04 1.39115352e+01
 -3.20558494e+01 2.66394364e-02 1.53401328e+00 -5.79081148e-01 1.78654109e+04 1.32608933e+01
 -3.22429587e+00 -4.69184993e-01 1.70936192e+00 6.63566898e-01 7.93010909e+03 1.36404859e+01
 -8.25052056e+00 5.54287939e-01 5.76520964e-01 5.88590970e-01 -3.32168960e+04 1.35593665e+01
 1.65212074e+01 -5.17302673e-01 4.64016656e-01 -4.22051174e-01 -5.13913431e+03 1.39187054e+01
 -7.00760278e+00 -1.24915738e+00 2.21283627e+00 4.04265961e-01 1.11452233e+04 1.35902002e+01
 5.75220152e+00 -2.59433130e-01 -1.72841106e+00 8.19501288e-03 1.42190618e+04 1.37683940e+01
 -7.58443448e-01 -2.80693772e-01 1.70036141e+00 -2.30089776e-01 1.94267409e+04 1.36648243e+01
 -7.94852464e-01 -5.06774197e-01 1.69932144e+00 -1.04584864e+00 -5.13983345e+03 1.36932446e+01
 1.75416970e+01 5.37470246e-01 -9.28637995e-02 3.40542323e-01 -1.46472368e+04 1.39387323e+01
 -3.73030399e+00 -5.12690518e-01 6.44265474e-01 -3.51077599e-01 -7.36082978e+03 1.36533106e+01
 2.06031933e+00 -2.54890271e-01 1.36981203e+00 4.59660618e-01 -6.89710754e+03 1.37283674e+01
 5.23188766e+00 2.72268868e-01 -6.48512435e-01 1.07582162e+00 2.85491195e+03 1.37635149e+01
 5.72046005e+00 9.40423044e-02 -1.40412889e+00 6.45090134e-01 3.56664759e+04 1.37891519e+01
 -5.46176729e+00 1.79101581e-01 3.79930323e-01 1.16833240e-02 -1.38223806e+04 1.35966961e+01
 -3.19025855e+01 -2.38946544e-01 -2.23226139e-01 -3.98186249e-01 -1.04661631e+04 1.32515753e+01
 1.98009137e+01 -4.09678573e-01 3.81543930e-01 2.30785245e-01 -4.12984430e+04 1.39559480e+01
 1.97534755e+01 -5.02961678e-01 -2.07495930e+00 -8.52544307e-01 3.11130831e+04 1.39785027e+01
 -2.93744343e+01 -5.46048160e-01 1.79666836e+00 -3.13778317e-01 -9.13100990e+03 1.32760605e+01
 4.19205566e+00 -4.78593508e-01 -1.24754423e+00 7.33765384e-02 -6.29392915e+02 1.37681583e+01
 1.96663353e+00 9.03112338e-02 -1.98479227e+00 -1.88213399e-01 -2.27649904e+04 1.37151670e+01
 -9.39778465e+00 -1.13757164e-01 6.78459940e-01 -3.09867198e-01 -3.16990902e+04 1.35757329e+01
 -1.58265388e+01 -1.33535145e-01 8.13403826e-02 6.04205012e-01 -3.47766870e+04 1.34850508e+01
 -1.03045697e+01 -6.63448652e-01 -2.19763147e+00 3.44122900e-01 -7.77647342e+03 1.35798394e+01
 -1.22813380e+01 -1.37016884e-01 1.25480643e+00 -3.92449264e-01 2.17636704e+04 1.35361459e+01
 -1.10517860e+00 -7.91228504e-01 8.11529960e-01 9.07766748e-02 -1.42396387e+04 1.36855265e+01
 -1.78790898e+01 -1.34640479e-01 -1.04224547e+00 6.80750683e-01 3.63008363e+03 1.34517489e+01
 5.03090340e+00 5.48960261e-01 1.22021815e+00 5.71671399e-02 8.15617576e+03 1.37791223e+01
 4.17573713e+00 8.84640683e-01 -2.66260137e-01 1.37485196e-01 -1.04765639e+03 1.37598007e+01
 -6.49997549e+00 -5.12885171e-01 5.15366631e-02 -2.00050273e-01 -4.80035173e+03 1.35890644e+01
 8.67895951e+00 5.76600091e-01 1.24882812e+00 -2.17173504e-01 -2.64028454e+03 1.37974891e+01
 -9.33572047e+00 -2.32391006e-02 -1.33252888e-01 -7.80772645e-02 1.10830954e+04 1.35616850e+01
 -1.29961673e+01 -3.36615213e-01 1.40260223e-01 3.93305825e-01 -8.86147698e+02 1.35474381e+01
 -3.66554608e+00 -3.24127323e-01 -1.07248503e+00 9.17702852e-02 -7.14858810e+03 1.36587172e+01
 1.15018388e+00 -1.44878776e-01 8.96567275e-01 -7.35249736e-02 1.49031414e+04 1.37067318e+01
 -1.67729907e+01 -1.04966778e+00 1.78414986e+00 -1.85542412e-01 -4.36283876e+04 1.34736826e+01
 7.62155892e+00 6.34685241e-01 -5.70848429e-01 1.24632358e-01 -2.48357939e+04 1.37881974e+01
 7.20654944e+00 3.66490647e-01 3.19897851e-01 -2.58256946e-01 8.36837539e+03 1.38028121e+01
 4.44427949e+00 -4.47267679e-01 -2.36819179e-01 4.32824562e-01 1.38201549e+04 1.37512891e+01
 -3.03679550e+01 -1.47036813e-01 2.36456706e+00 -5.24504640e-01 -3.87031212e+04 1.32639420e+01
 -6.20966803e+00 3.76550843e-01 1.05051377e-01 1.57361436e-01 1.75079485e+04 1.36397897e+01
 2.78007021e+01 3.11969356e-02 -8.41808324e-01 1.00362304e-01 5.23587572e+03 1.40968319e+01
 7.34108315e-01 -7.12971418e-01 -1.04172768e+00 -6.55574181e-02 -1.48273922e+03 1.37070180e+01
 -1.47156467e+01 -5.41056569e-01 -1.13138055e+00 -4.34426630e-01 -7.66169321e+03 1.35019301e+01
 -1.63023876e+01 7.12063778e-02 -9.54770470e-01 -2.95873320e-01 3.83918731e+03 1.34531411e+01
 -2.45878331e+00 -7.23271898e-01 1.17607247e+00 -7.95343943e-02 7.25301273e+03 1.36712609e+01
 2.15503375e+00 -6.79451183e-01 -1.01165437e+00 1.83132833e-02 5.04593207e+03 1.37423252e+01
 6.97265379e+00 -1.75556066e-02 1.53676482e+00 8.17210503e-01 -1.16831925e+03 1.38068731e+01
 3.04883592e+01 2.31788690e-01 1.53811751e-01 4.71350734e-02 -2.40817683e+02 1.40945900e+01
 -3.10214282e+01 -9.72346073e-01 -1.26219134e+00 -3.88962906e-01 1.60705532e+04 1.32685151e+01
 -2.41297344e+00 -6.70505498e-02 5.28598143e-01 -3.39170672e-02 -2.58955917e+04 1.36603957e+01
 -1.62224029e+01 -1.72680412e-01 -1.72444337e-01 -2.61343938e-01 -2.07321361e+04 1.34999154e+01
 1.66798679e+01 7.27686404e-02 -1.83195882e+00 -4.19066401e-01 -8.65126782e+03 1.39069309e+01
 -1.65112006e+01 -4.45315828e-02 3.88380757e-01 -4.12846191e-01 3.45990634e+04 1.34667117e+01
 3.18489821e+00 -3.60737495e-01 3.38622590e+00 -4.17972305e-01 3.00507403e+04 1.37295571e+01
 7.38543088e+00 1.21467153e+00 -3.36636476e-02 4.54093465e-01 1.48652986e+04 1.38033501e+01
 1.50128363e+01 1.99985792e-01 8.11454008e-02 2.80530246e-02 1.23415187e+04 1.39196412e+01
 3.43969941e+01 -7.39800061e-01 -7.19876903e-02 -9.26677386e-02 -1.04219729e+04 1.41541951e+01
 -1.11295187e+01 -1.46785115e-01 -2.25163380e+00 3.68109400e-01 6.47210155e+03 1.35283744e+01
 4.71192108e+00 2.41918001e-02 -7.25943390e-01 3.76766054e-01 4.53075567e+03 1.37522878e+01
 -3.35449250e-01 6.96274412e-01 5.39509078e-01 -1.17949650e-01 -2.32570923e+04 1.36832696e+01
 -1.11461352e+01 4.46218392e-01 1.43920419e+00 2.55140281e-01 -1.85821065e+04 1.35529027e+01
 -1.73931199e+01 9.26739737e-02 -8.74107234e-01 -4.19862474e-01 -1.07233662e+04 1.34658388e+01
 -2.48036074e+00 -5.71375215e-01 1.06343443e+00 -3.66652320e-01 -1.04515281e+04 1.36625272e+01
 9.72289633e+00 3.11618821e-01 -1.06048905e-01 2.66549403e-01 1.85974888e+04 1.38430629e+01
 2.08698767e+00 2.98293796e-01 -2.72211034e-01 5.30929238e-01 1.38741396e+04 1.37274682e+01
 2.30120768e+01 -1.01443001e-01 -2.88977751e-01 -9.13293180e-02 3.17259630e+04 1.40111647e+01
 -1.03724522e+00 3.91347048e-02 -6.12506303e-02 -6.58554995e-01 6.32339847e+03 1.36870810e+01
 1.40169039e+01 -2.66269156e-01 3.41279205e-01 -3.86655678e-01 4.14645426e+03 1.39003060e+01
 2.45855728e+00 3.09106254e-01 1.95027587e+00 -3.04177616e-01 -3.11386446e+04 1.37633085e+01
 -8.41137032e-01 -1.15353044e+00 1.17812424e+00 1.68918912e-01 -3.99024189e+04 1.36775201e+01
 2.06950574e+01 1.15320557e-01 2.93544166e+00 5.80346302e-02 -1.07079185e+04 1.39793208e+01
 2.04135619e+01 1.86244864e-01 -7.47120743e-01 -2.79110655e-01 1.18039009e+04 1.39508914e+01
 7.19456724e+00 2.95419616e-01 5.02684258e-02 -2.97580054e-01 1.54695614e+04 1.37989741e+01
 -6.77134578e+00 -5.36099011e-01 -3.47182558e-01 1.90090583e-01 6.59840181e+03 1.35953056e+01
 -1.37968937e+01 -4.48520510e-01 2.22774470e+00 4.59393856e-01 -1.53981845e+04 1.35313922e+01
 1.14719072e+01 1.59412252e+00 2.91916767e+00 7.48336207e-02 -4.21776583e+03 1.38429653e+01
 1.76310881e+01 5.11225873e-01 -2.12490056e-01 2.64997169e-01 4.72545165e+03 1.39210679e+01
 2.27958104e+00 -3.09219246e-01 2.04572799e+00 -2.81183256e-01 1.41432065e+04 1.37455049e+01
 7.19916437e+00 -4.20725646e-01 3.23959157e-01 -3.10563938e-01 2.12913539e+04 1.38056233e+01
 -9.52414145e-01 8.67806197e-01 5.70658589e-01 2.66138272e-01 -4.29468624e+04 1.36825321e+01
 -7.87315914e+00 5.64703400e-02 -1.33020414e+00 -2.26958705e-01 -2.49711652e+04 1.35968991e+01
 -9.68320307e+00 8.15413904e-03 3.44732216e-01 -2.24561826e-01 1.41692106e+04 1.35433796e+01
 -5.16470073e+00 1.92705538e-01 -9.89020667e-01 -6.47700198e-01 -9.86302195e+03 1.36385897e+01
 2.74599556e+01 -7.18771091e-01 -1.04338642e+00 -7.66297639e-01 -6.63465936e+03 1.40902347e+01
 -5.07604023e-01 -2.86235641e-01 -1.23610873e+00 7.59580997e-02 -5.89875912e+03 1.36951975e+01
 1.75839749e+01 -8.56936509e-01 -1.36139061e-02 2.95851788e-01 -3.87029204e+03 1.39224519e+01
 6.40937520e+00 2.45108818e-01 -2.29170560e+00 -2.50111283e-01 -1.38300096e+04 1.38188476e+01
 5.97648657e+00 3.47216015e-02 1.91977975e+00 4.33267058e-01 8.54766411e+03 1.37918110e+01
 9.78814137e+00 -2.69864319e-01 -1.81203347e+00 -4.13320327e-01 1.60492359e+04 1.38297983e+01
 -2.25871766e+01 -3.31393767e-01 6.01863714e-02 -4.58173688e-01 -1.81341267e+04 1.33791667e+01
 -2.47553406e+01 -5.30531222e-01 -8.00385704e-01 7.17377035e-01 7.73651717e+03 1.33672907e+01
 5.22438812e+00 2.17865278e-01 8.40050612e-01 2.62093537e-01 7.08453816e+01 1.37751968e+01
 -2.16577476e+01 -6.90428929e-01 1.46884843e+00 -1.01537866e-01 2.39384476e+03 1.34149461e+01
 -1.36103102e+00 5.91233796e-01 -1.39641821e+00 2.73936058e-01 -2.63202616e+04 1.36702450e+01
 1.11194521e+00 6.77535826e-01 1.40697342e+00 -5.92483044e-03 -1.07588162e+04 1.37273406e+01
 -1.67526317e+01 5.79773572e-01 -2.82654668e+00 -9.02220393e-02 1.72906039e+04 1.34851823e+01
 8.32857468e+00 -6.58467528e-01 -8.87319990e-01 -6.97751425e-01 4.04382486e+03 1.38437753e+01
 6.60317723e+00 -5.10327979e-01 1.15959277e-01 -2.40809075e-01 1.89316645e+04 1.37991228e+01
 -7.84090305e+00 3.59639017e-01 -1.30577764e+00 -5.52822403e-01 9.42374282e+03 1.35993056e+01
 -7.43863077e+00 -9.07532744e-02 1.15673476e+00 1.30866600e-01 -1.37081078e+04 1.36195744e+01
 -2.06133743e+01 4.70750120e-01 -5.87535283e-01 2.64644486e-02 6.31724292e+03 1.34206943e+01
 -2.47318109e+01 5.20849353e-01 3.91643541e-01 8.33692154e-01 6.66187447e+02 1.33666089e+01
 -4.93618272e+00 1.21211121e-01 9.56429350e-03 -4.71334430e-01 9.81951998e+03 1.36338070e+01
 1.77572125e+00 -2.01789919e-01 5.32147882e-01 -9.69340356e-03 -1.78245493e+04 1.37348511e+01
 -2.65471318e+01 -8.72257702e-01 -7.43920702e-01 4.80871653e-01 -1.66713423e+04 1.33398118e+01
 -1.30708979e+01 3.07926848e-01 -1.48786912e+00 3.57021286e-01 1.89130130e+04 1.35075868e+01
 1.54207716e+01 2.49549336e-01 7.92566298e-01 -4.11368158e-01 -8.52439287e+03 1.39267972e+01
 1.10593098e+01 -4.17415894e-01 -1.33242612e+00 3.67445263e-02 1.09968849e+04 1.38513833e+01
 4.51825935e+00 1.02312786e+00 1.07083136e+00 3.00350825e-01 -1.41240903e+04 1.37441903e+01
 -3.97953942e+00 6.40596644e-01 3.51851909e-01 1.34553532e-01 -4.86997034e+03 1.36485687e+01
 -1.43813520e+01 -2.76436175e-01 -6.56209105e-01 5.40916488e-02 -1.03710052e+04 1.35203339e+01
 -6.33105681e+00 -3.02224443e-01 1.57190458e+00 5.95003444e-01 -2.62407074e+03 1.36192300e+01
 3.32028056e+00 1.00499327e-01 1.52602488e+00 3.07431497e-01 -1.82992711e+04 1.37711851e+01
 -3.98171322e+01 2.56493683e-01 6.05413203e-01 -1.37930709e-01 3.06879475e+04 1.31483290e+01
 1.24256263e+01 5.14217248e-01 -7.08281262e-01 -5.04162463e-01 -3.68115979e+04 1.38821678e+01
 3.11451678e+00 -4.46410965e-02 1.57011794e+00 3.70796194e-01 -9.07973248e+03 1.37437755e+01
 -1.12393282e+01 6.58810634e-01 1.94106622e+00 1.78131607e-01 -1.56962136e+04 1.35297582e+01
 -1.80861035e+01 -1.41685013e-01 -7.04265268e-01 -2.99725275e-01 1.83961899e+04 1.34389298e+01
 1.20994610e+01 -5.17413831e-01 7.10383137e-01 4.80591879e-01 1.19772743e+04 1.38763877e+01
 -9.36470222e+00 -1.71446578e-01 -6.31774928e-01 -1.10032574e-01 3.28033766e+04 1.35651799e+01
 -6.63957347e+00 -9.48966555e-02 -1.52814648e+00 2.88986008e-01 4.08482443e+04 1.36136399e+01
 2.15763953e+01 5.39941236e-01 5.96516342e-01 4.77377381e-02 1.42988329e+04 1.39773936e+01
 -6.16602753e+00 -5.09387818e-01 -1.55517415e+00 2.34061470e-01 -1.85595405e+04 1.36123394e+01
 7.64596375e+00 -3.38437505e-01 4.54901695e-01 -2.65848455e-01 2.21595150e+04 1.38311471e+01
 3.30458587e+00 -9.83869812e-02 1.63892584e+00 -1.92007612e-01 2.51628454e+04 1.37620245e+01
 -5.24264906e+00 -9.67195386e-01 1.07761505e+00 -4.96517416e-02 -1.84763961e+04 1.36389547e+01
 -9.68424153e+00 3.12230678e-01 7.52885831e-01 7.31640238e-01 5.39504448e+04 1.35686078e+01
 -1.98168697e+00 -3.70508169e-01 -4.76791806e-01 -1.20319197e-02 -1.65368668e+04 1.36885374e+01
 7.71987733e+00 9.74001289e-01 8.39137750e-01 1.29678611e-02 -1.01699591e+04 1.38109341e+01
 -1.15819276e+01 -9.48764250e-01 -1.09976834e+00 2.68714032e-01 -1.87750085e+04 1.35403596e+01
 7.61481661e+00 1.50970969e-01 9.39448942e-01 3.13647813e-03 -8.31684741e+03 1.37926159e+01
 -2.21900184e+01 3.65305327e-01 1.59845552e+00 4.01293550e-01 1.54429828e+04 1.33892133e+01
 -1.05686476e+01 -2.25315222e-01 -7.88841729e-01 8.25924166e-02 -1.42136385e+04 1.35487015e+01
 -1.42500000e+01 1.42967309e-02 -1.00109594e+00 8.21753946e-02 -5.58221229e+03 1.34930039e+01
 -1.04469492e+01 5.32612556e-01 6.46693704e-01 -1.99154171e-01 -1.48827612e+04 1.35589031e+01
 -1.73743804e+01 4.91570132e-01 1.44752989e-02 -2.89882258e-01 1.65517454e+04 1.34815814e+01
 -3.71604235e+00 9.81148500e-01 1.06294673e+00 -5.00409521e-01 2.83662045e+04 1.36705374e+01
 2.08997454e+01 -9.85070271e-02 1.79353720e+00 2.49976677e-01 -2.30200972e+04 1.39989024e+01
 1.65644498e+00 -1.07083378e+00 5.66750979e-01 -3.39573970e-01 1.95126929e+03 1.37187980e+01
 -8.07601643e+00 -4.49534850e-01 -3.78108216e-01 1.15500635e-01 -3.32832788e+04 1.35759130e+01
 9.28956423e+00 3.59097942e-01 2.64056173e-01 -9.29744681e-02 -9.80321075e+03 1.38302099e+01
 -2.67143930e+00 5.15110817e-01 1.01373110e+00 -4.66622902e-01 1.73942206e+04 1.36790541e+01
 -1.24934912e+01 7.45138019e-01 -5.09904681e-02 -2.36639995e-01 3.85903250e+04 1.35428461e+01
 -1.15420310e+01 3.56023869e-02 -9.99595135e-01 -4.63599956e-01 -1.87637611e+04 1.35613793e+01
 -2.55983686e+00 -1.19789159e-01 -3.47628810e-01 6.02458972e-02 9.53184180e+03 1.36536011e+01
 -1.57714254e+01 6.67840639e-01 -3.30701840e-01 -1.04509235e+00 -2.20458315e+04 1.34900047e+01
 -2.92189676e+01 -1.87337606e-01 -1.45195634e+00 -1.66582111e-01 1.67350519e+04 1.33432704e+01
 6.74438050e-01 -2.20735462e-01 9.59480046e-01 2.75752531e-01 1.44177698e+04 1.37074163e+01
 7.46406451e+00 3.16675942e-01 7.14200502e-01 1.96425677e-01 -7.60273615e+03 1.38156267e+01
 1.40639706e+01 -9.59942870e-01 -3.04139615e-01 3.73090628e-01 -2.43797531e+04 1.38789331e+01
 -1.05787773e+01 8.47124768e-01 -1.00136674e-01 -1.56344696e-01 -6.92206601e+03 1.35430545e+01
 6.50782115e+00 1.59722919e-01 1.86242103e+00 -3.80864480e-01 2.77948006e+04 1.37995328e+01
 4.86050158e+00 -6.56200727e-01 -4.12156518e-01 -2.88436469e-01 -2.67682552e+04 1.37521765e+01
 -1.10602851e+01 -1.94500496e-01 -1.46575712e-01 4.24388580e-01 -1.35612011e+04 1.35259959e+01
 4.87169910e-01 2.87683555e-01 -9.85166889e-01 1.16496787e-01 1.49635863e+04 1.37257763e+01
 -1.06868404e+01 8.35407184e-03 1.34483074e+00 -2.97879829e-01 -2.52183223e+04 1.35565540e+01
 -3.19635032e+00 1.14786931e-01 -1.36049189e-01 6.03749803e-02 1.02643157e+04 1.36458619e+01
 -2.52823441e+01 -3.44383622e-01 1.41316160e+00 9.35265099e-02 3.28379110e+04 1.33312656e+01
 7.49976002e+00 -7.18023101e-01 -1.14518749e+00 -7.05108161e-01 -1.25205900e+04 1.38019032e+01
 -1.38183225e+01 4.12268581e-01 -7.76213863e-01 -1.78452981e-01 -2.17019055e+03 1.35073023e+01
 6.23909268e+00 -3.46112050e-01 1.03089184e+00 -3.72872977e-01 -2.22298091e+04 1.37669801e+01
 1.82187404e+01 9.25650038e-02 1.01648152e+00 1.74479783e-01 -7.55573427e+03 1.39388058e+01
 1.73068635e+01 1.49778456e-01 -2.25777572e-01 2.43551847e-01 -1.04893001e+03 1.39491238e+01
 1.24035724e+01 -5.12250080e-02 -2.23812303e+00 -3.06564803e-01 -3.52693132e+04 1.38602607e+01
 2.56269860e-01 -2.10114123e-01 2.13737395e+00 4.58182847e-01 8.04115741e+03 1.36957690e+01
 3.11422610e+01 6.44643539e-01 -7.20613719e-01 -2.10165303e-01 2.14839784e+04 1.41243950e+01
 3.59383629e+01 4.39979336e-01 4.26376131e-01 -5.43387674e-01 -1.49848698e+03 1.41786447e+01
 2.35975541e+01 1.81584435e-01 -8.62968309e-01 -7.87197715e-01 6.72961739e+03 1.40088075e+01
 -1.93244901e+01 -8.92811136e-01 -1.99995817e+00 4.71691018e-01 -2.09528318e+04 1.34244440e+01
 -4.21616960e+00 7.51218657e-01 -1.97241365e+00 6.67932271e-01 -1.74334593e+04 1.36248104e+01
 1.39518826e+01 6.39817017e-01 -6.70926763e-01 -3.62597633e-02 -2.09001550e+04 1.38848466e+01
 -9.01511417e+00 1.11582112e-02 -1.55442993e+00 6.80074861e-02 -2.54056803e+04 1.35954375e+01
 1.91954662e+01 9.17174192e-01 -1.42189287e+00 -9.76956031e-01 3.41256481e+04 1.39816686e+01
 6.44006652e-01 -1.13563868e+00 -9.25762458e-01 2.33583061e-01 -1.24969373e+04 1.36944893e+01
 1.69112600e+01 6.34502066e-02 7.07353962e-01 9.53202859e-03 -4.30886014e+03 1.39271153e+01
 -2.29820147e+01 -1.84888689e-01 -3.77961676e-01 -2.13287916e-01 7.43200853e+03 1.33827311e+01
 9.33935032e+00 -5.59459654e-01 1.52271871e+00 9.73057276e-02 2.70787237e+03 1.38309938e+01
 8.48468314e+00 -1.24652417e+00 -1.95072476e+00 -2.58404217e-03 -3.11404485e+04 1.38261368e+01
 5.03449099e+00 2.08123742e-01 8.50432440e-01 -6.58927040e-02 1.72413253e+04 1.37568565e+01
 1.84896050e+00 -1.48771819e-01 -1.18721654e+00 -4.08972448e-01 3.47554467e+03 1.37244218e+01
 2.01759393e+01 -6.06892728e-01 -1.50379467e+00 -5.97378340e-01 9.80367871e+03 1.39864543e+01
 -2.59461709e+00 6.73673529e-01 -4.50241784e-01 -3.33227532e-02 1.64057198e+04 1.36644197e+01
 7.68210798e+00 -1.13004903e-01 2.13367975e-01 3.15261002e-02 2.04594377e+04 1.37870654e+01
 1.21124599e+01 -2.19392390e-01 1.04902637e-01 -6.73347732e-01 -9.83272820e+03 1.38674272e+01
 7.12287431e-01 -5.00838348e-01 -6.76993774e-01 -1.80095303e-01 1.50994810e+04 1.37145340e+01
 -1.27137816e+01 -3.63217416e-01 -1.22524188e+00 -3.71218388e-02 3.36076700e+04 1.35281833e+01
 1.78143223e+01 -2.81707666e-01 -2.96220448e-01 6.20548125e-01 -2.57100123e+03 1.39509817e+01
 -2.18944347e+01 8.50286883e-01 2.89177070e-01 9.50215054e-02 5.81881915e+03 1.33991817e+01
 4.46968905e+00 3.90648395e-01 9.56489456e-02 3.08148759e-01 2.97436886e+04 1.37475384e+01
 3.36303036e+01 6.63747791e-02 -5.69966452e-01 4.07653862e-01 1.49481194e+04 1.41207513e+01
 6.02779182e+00 3.57544006e-02 6.73832602e-01 -4.55832987e-03 8.25106609e+03 1.37968150e+01
 -2.90360505e+01 3.96648422e-01 -2.66395794e-01 -9.59345333e-03 -2.39680386e+04 1.32957601e+01
 1.31709027e+01 1.61411473e-01 4.17620322e-01 8.09977498e-01 3.52561756e+04 1.38699887e+01
 -1.22125609e+01 -5.03740962e-01 5.18347672e-01 -1.69038272e-02 3.77197442e+03 1.35237025e+01
 -9.05920864e-01 4.28847132e-01 -1.08804508e+00 -1.21082163e+00 1.43125785e+04 1.36855023e+01
 7.21352035e+00 7.08163320e-02 1.52958139e+00 -3.99816077e-01 -9.68124187e+03 1.37978290e+01
 1.85306909e+01 5.96112487e-01 -4.42215587e-01 -2.24808979e-01 -1.69992884e+04 1.39497434e+01
 1.13443625e+01 1.29266578e-01 2.11288990e+00 6.03312523e-01 3.40773572e+04 1.38404639e+01
 -2.85186288e+01 5.41622998e-01 -1.28627131e+00 -2.53332984e-01 -1.17364277e+04 1.32904757e+01
 1.47557121e+00 2.14069019e-01 -7.48178488e-01 -1.52816103e-01 4.66598003e+04 1.37130580e+01
 -1.00494664e+01 -7.36602565e-01 1.78244398e-01 -7.00023943e-02 -5.10665194e+03 1.35583408e+01
 -5.00317703e+00 5.96470673e-01 -6.99232427e-01 -1.73401690e-01 9.74977597e+03 1.36135759e+01
 1.08149192e+01 6.28279139e-01 2.57849583e+00 7.41827946e-01 1.98498799e+04 1.38534503e+01
 -2.39511137e+01 -9.25941678e-01 -2.59540484e-01 -2.23224277e-01 1.96516758e+04 1.33696768e+01
 6.54268388e+00 4.29806009e-01 1.02183050e-01 6.68338024e-01 1.62353687e+04 1.38012981e+01
 6.05949146e+00 5.91049813e-01 -1.41019895e+00 -2.86566863e-01 2.80053615e+04 1.37586435e+01
 1.44874981e+01 9.00613095e-01 -1.53460912e+00 -3.23127452e-02 -1.49186187e+04 1.38834293e+01
 -1.35606678e+01 -9.48680029e-02 -2.29135114e-02 -3.29120803e-01 2.01479796e+03 1.35086838e+01
 -1.19593972e+01 8.49711812e-02 6.52971348e-02 7.71483746e-01 1.94526421e+04 1.35306036e+01
 1.07578453e+01 -7.24242823e-01 -2.12809060e+00 -4.56113215e-01 9.53642419e+03 1.38194074e+01
 4.38207134e+00 -3.71671864e-01 2.30471631e-01 -4.36060603e-01 -1.06603812e+04 1.37647896e+01
 -1.06661923e+01 -3.94622271e-01 7.11089641e-01 -2.21346660e-02 3.45969707e+04 1.35536012e+01
 -4.84847786e+00 -2.70322676e-01 5.16834327e-01 2.23731202e-02 -4.74755423e+04 1.36298092e+01
 -1.48425260e+01 -1.05028201e+00 -7.57506550e-01 2.04690188e-02 1.33980829e+04 1.34882520e+01
 4.23955602e+00 -3.27485134e-01 6.98547205e-01 -8.08532043e-01 1.93635037e+04 1.37670358e+01
 4.37204763e+00 3.97509645e-01 1.33301835e+00 4.39306588e-01 1.52879589e+03 1.37559038e+01
 1.32134968e+00 -5.34650851e-01 8.49040302e-01 -3.24837174e-01 1.76179789e+04 1.37170523e+01
 -2.72763618e+01 -5.05702052e-01 1.32700508e+00 4.99445250e-01 -2.02630702e+04 1.33163482e+01
 2.36480805e+01 4.99219201e-01 1.24846457e+00 -1.53229905e-01 1.29092100e+04 1.40241145e+01
 -6.44944205e+00 1.82182494e-01 8.14000343e-01 -3.02922059e-01 3.30224316e+03 1.36236796e+01
 -9.75601983e+00 4.39454452e-01 8.31327476e-01 2.19401599e-01 -1.35227371e+04 1.35606864e+01
 2.79794945e+00 -1.11966572e-01 -5.62331145e-01 4.52909892e-01 -2.12406260e+03 1.37210736e+01
 6.00101081e+00 1.13527658e+00 1.61473048e+00 5.97940882e-01 5.19871276e+02 1.37717398e+01
 9.50912599e+00 -2.17944842e-01 1.11736035e+00 7.85029203e-02 -3.09699537e+04 1.38298717e+01
 -1.96002861e+01 -7.95413680e-01 1.20456282e+00 9.26508272e-02 -1.44280281e+04 1.34236987e+01
 3.24623506e+00 -2.04888976e-01 -1.36791264e+00 -7.64789798e-03 5.37125659e+03 1.37585773e+01
 -1.52369500e+01 -4.43445356e-02 7.68962527e-01 6.57140275e-02 -4.63813393e+04 1.34832549e+01
 3.12140007e+01 -5.19069044e-01 -7.57129343e-01 -5.14181826e-02 -2.01472477e+03 1.41173234e+01
 -4.46229339e+01 -4.03562336e-01 2.90161311e+00 -8.63478749e-02 4.42597822e+04 1.30647934e+01
 1.26574234e+01 -4.63647599e-01 -2.54364297e+00 8.13978119e-02 2.24021146e+04 1.38566655e+01
 1.63312300e+01 4.77581645e-01 1.08476592e+00 -3.47235455e-01 -3.75396464e+04 1.39367462e+01
 -3.04495160e+00 -7.19007917e-01 1.11369453e+00 -2.42538677e-01 9.49780550e+03 1.36542481e+01
 -9.70502945e+00 1.83475226e-02 -1.30090336e+00 -3.83823594e-01 1.81886656e+04 1.35600880e+01
 3.80052404e+00 -3.73861511e-01 -1.71782023e+00 -2.08923629e-01 1.81649832e+04 1.37562004e+01
 -4.21623020e+00 -1.28530035e-01 3.50579679e-01 -5.37727707e-01 -5.97611714e+03 1.36351416e+01
 4.12303335e+00 -3.68365344e-01 -4.03453718e-01 -6.97342067e-01 -6.84705392e+03 1.37162967e+01
 3.13010115e+01 -8.30368723e-01 1.83047272e+00 -3.41955282e-01 9.69161112e+03 1.41253241e+01
 -9.19805161e+00 1.05457690e+00 2.25803972e-01 3.20135417e-01 -6.20927988e+03 1.35697701e+01
 -3.35121692e+00 4.74641077e-01 -5.86706203e-01 -1.78931292e-01 3.64924343e+04 1.36685959e+01
 -9.21372119e+00 2.09831508e-01 -3.26411845e-01 6.05557430e-01 1.02867224e+03 1.35890446e+01
 -7.69856341e+00 7.10646885e-01 -4.50778890e-01 -7.08670974e-01 2.07742062e+04 1.35911365e+01
 -3.20287785e+00 2.98820056e-01 -8.11824678e-01 3.98869544e-01 -1.15995982e+04 1.36731189e+01
 -2.89246330e+00 7.52687047e-01 8.07554292e-01 -2.42095613e-03 -9.15206227e+03 1.36566687e+01
 1.79531215e+00 3.67592056e-01 -2.27111011e+00 -6.23833378e-01 4.91240557e+03 1.37181925e+01
 4.12576429e+00 -3.33247773e-01 -2.86861904e-01 8.54795149e-01 1.20597397e+04 1.37234777e+01
 9.86849870e+00 1.09979455e-01 1.54590695e+00 2.78760934e-02 2.13120491e+04 1.38514040e+01
 -1.49078516e+00 -9.60654317e-02 -1.61622972e+00 1.49737699e-01 4.55304883e+03 1.36948078e+01
 1.44492434e+01 -4.74478004e-01 -6.09712100e-01 1.84380652e-01 7.02450839e+03 1.39081089e+01
 1.91672659e+01 -1.16034250e+00 2.34307796e-01 1.64806027e-01 -5.37334396e+04 1.39396471e+01
 1.24254326e+00 -5.12928614e-01 -7.46310325e-01 6.89313208e-01 1.12463614e+04 1.37092068e+01
 -5.64128255e+00 -3.62140121e-01 1.57041428e+00 -7.24808037e-01 -5.82230757e+01 1.36251351e+01
 2.19279877e+01 -4.44301391e-01 -8.32806527e-02 -7.94672421e-01 3.19227233e+04 1.39958633e+01
 -1.96567482e+01 8.01385271e-02 9.28417357e-01 3.37154529e-02 -1.75701004e+04 1.34365918e+01
 2.13386674e+01 8.30350701e-02 6.89963338e-01 -4.22201288e-02 -9.46466014e+03 1.39962416e+01
 -2.61651837e+01 -5.16329315e-02 3.26030583e-02 -2.90160172e-01 6.14852485e+03 1.33650152e+01
 2.47834833e+00 -1.03741139e-02 -1.56858914e+00 -2.74887044e-01 9.07235261e+03 1.37174711e+01
 -2.44569484e+01 1.56428667e-01 7.58148096e-01 -3.82648829e-02 2.81597877e+04 1.33594881e+01
 -1.58800954e+01 5.09073753e-01 -1.08919962e+00 1.28180977e-02 4.60918495e+04 1.34734983e+01
 -1.05088162e+01 2.15056811e-01 -1.30090558e+00 -5.96809901e-01 2.08282122e+03 1.35608381e+01
 -1.52857242e+01 2.55482701e-01 -8.20413562e-01 -3.30206398e-01 -2.07923432e+04 1.34979040e+01
 -8.83894741e+00 -5.25038042e-01 -1.70501374e-01 -6.64939698e-02 -2.02598946e+03 1.35708141e+01
 -1.39872678e+00 -5.31251880e-01 -1.38396283e+00 -1.16327379e-01 5.12389867e+02 1.36896968e+01
 -5.61551075e+00 -1.36882802e-01 5.91308943e-01 1.67022464e-01 3.63988032e+03 1.36266204e+01
 3.69131011e+00 2.25785796e-01 2.47427369e-01 8.36891280e-01 1.07375146e+04 1.37461513e+01
 -2.18590510e+01 -1.20087183e-01 -9.46899841e-01 -7.53048616e-01 -1.11697192e+04 1.33700819e+01
 2.46591170e+01 5.98270401e-01 1.94778479e+00 -7.58349180e-02 1.21109404e+04 1.40320002e+01
 -1.33285752e+00 -9.22044285e-01 -1.20078640e+00 -3.76216816e-01 -1.90252994e+04 1.36920577e+01
 -1.71875384e+01 -5.02212131e-01 5.59015677e-01 2.32845363e-01 -3.37706253e+04 1.34823735e+01
 -5.60013228e+00 -3.65035569e-01 -4.11112933e-01 6.43876226e-01 2.12851076e+04 1.36091430e+01
 -1.21333616e-01 6.97590116e-01 -5.66823927e-01 5.07963046e-02 -1.71232532e+04 1.36922323e+01
 -2.19833809e+01 -1.79958437e-02 -4.59694691e-01 5.74468617e-01 2.17120721e+04 1.34006192e+01
 8.38655053e+00 -3.23474740e-01 1.04592530e-02 -6.34665811e-02 -3.67794367e+03 1.38308110e+01
 4.90459423e+00 -2.39326317e-01 5.81693673e-01 4.06201246e-01 2.85740958e+04 1.37622150e+01
 -7.70899032e+00 1.49398519e-01 -1.43051156e+00 -4.49124207e-01 -1.18904883e+04 1.36104644e+01
 4.40315778e+00 1.88512985e-01 1.31000705e-02 6.66948406e-01 2.14452040e+04 1.37719253e+01
 1.45257233e+00 1.86618026e-01 -1.08766104e+00 3.25997088e-01 7.74868743e+03 1.37236786e+01
 5.39783019e+00 1.92083666e-02 6.70537285e-01 -2.93974412e-01 6.72413454e+03 1.37646954e+01
 2.22617327e+01 -6.07456339e-01 -1.43904922e+00 -2.93721626e-01 -8.43814673e+03 1.39966498e+01
 1.71381007e+00 -4.50618737e-01 -1.99807443e+00 1.00702128e-01 8.21188203e+03 1.37291868e+01
 -8.84909327e+00 4.20789114e-01 -1.74896586e+00 4.39539817e-01 4.63022375e+02 1.35527487e+01
 1.56799957e+01 5.13640300e-01 -1.30394885e-01 -9.61985990e-01 1.32319016e+04 1.38921325e+01
 -1.83204187e+01 6.04603415e-01 -9.81028874e-01 3.88611012e-01 -9.22831705e+03 1.34310928e+01
 -1.46533271e+01 8.01369785e-01 -1.00505560e+00 -2.79087421e-02 3.17594481e+03 1.34970335e+01
 1.58409156e-01 2.23697454e-01 -1.36431209e+00 7.11825367e-01 5.37454969e+03 1.36964930e+01
 5.53703794e+00 7.87106888e-01 -5.30042383e-01 -2.78484224e-01 1.60056409e+04 1.37605875e+01
 6.50448850e+00 8.29739075e-01 1.96812388e-01 3.93476152e-01 -1.35785351e+04 1.37774124e+01
 -1.13744116e+01 7.77831578e-01 3.31405952e-01 -1.06746223e-01 -1.05528753e+04 1.35631487e+01
 1.87860577e+01 1.02053490e+00 2.05885099e+00 -2.11393682e-01 -1.86973688e+03 1.39455938e+01
 -9.20361353e+00 -3.92680475e-01 4.02120849e-01 -1.88701363e-01 -4.07002448e+03 1.35879445e+01
 -1.68757182e+01 -2.02109954e-01 1.27426224e-01 1.85231533e-01 3.36204075e+02 1.34695643e+01
 1.24288421e+01 -5.51353738e-01 1.86143730e+00 5.00271713e-01 -1.40845991e+04 1.38758115e+01
 6.09705012e+00 3.49014637e-01 6.55725738e-01 -3.59628948e-01 -1.62531719e+04 1.37904676e+01
 7.33702312e-01 1.26772048e-01 2.02483879e+00 2.34497303e-02 -1.43630330e+04 1.37018742e+01
 1.29122037e+01 -3.89815503e-01 3.05685791e-01 -1.85422983e-01 1.66179946e+04 1.38774605e+01
 -1.48617505e+01 2.75289916e-01 1.22104484e+00 -1.33518104e-01 -3.31022333e+03 1.34998602e+01
 2.05255833e+01 3.72508291e-01 1.64423542e-01 -2.70775371e-02 1.02778680e+04 1.39610841e+01
 1.48860822e+00 -6.05726470e-01 -6.85902064e-01 -4.14805260e-01 2.81762385e+04 1.37131227e+01
 -1.45011540e+01 6.59346781e-02 1.74357244e+00 -6.00119942e-01 -1.62792749e+04 1.35149252e+01
 1.11320995e+01 -3.40602975e-02 -1.24399346e+00 1.98481320e-01 -3.45516275e+03 1.38349388e+01
 -1.36261602e+01 -6.18065740e-01 -9.86198476e-01 -5.95501820e-01 9.53967307e+03 1.35286304e+01
 1.07415653e+01 3.93631777e-01 -1.24134881e-01 -6.05530919e-02 -2.02055607e+03 1.38322856e+01
 -1.28373408e+01 -4.65091486e-01 1.74464982e+00 3.40887954e-01 -3.10170371e+03 1.35201709e+01
 5.68350022e+00 7.18960499e-01 3.25732948e-01 -6.57401212e-02 -3.60812987e+03 1.37833908e+01
 -2.11702031e+01 1.52703785e-01 5.07353410e-01 4.67413151e-01 -1.21160026e+04 1.34123199e+01
 -6.69271088e+00 3.89295799e-02 -8.15683832e-01 -2.06359811e-01 6.83139269e+03 1.36090191e+01
 1.26339371e+01 -1.76573225e-02 -1.25549690e-01 1.49320358e-01 1.62968232e+04 1.38807092e+01
 1.99419605e+01 2.74785400e-01 2.46918714e+00 -1.31289081e-01 -2.11654503e+04 1.39787655e+01
 -5.61997982e+01 2.04813640e-01 1.61045652e+00 7.30839175e-01 1.56913058e+04 1.28941686e+01
 -1.57774208e+01 1.66904637e-01 -1.22979654e+00 -3.05966728e-01 -1.01487932e+04 1.34806738e+01
 1.01338802e+01 -9.14175496e-01 2.16674555e+00 1.85294941e-01 -3.86788355e+04 1.38334691e+01
 -5.59590741e+00 -1.56074267e-01 -2.07303698e+00 4.85390865e-01 -6.69134614e+03 1.36153177e+01
 7.85296064e+00 9.39715691e-01 5.79708724e-01 5.73906540e-02 2.81693240e+04 1.38061015e+01
 6.58189794e+00 5.91083279e-01 -4.94369659e-01 1.67575566e-01 -2.79892324e+03 1.37819700e+01
 -3.50173788e-01 1.42766245e-01 4.30049467e-01 -5.04787876e-01 -6.35023543e+03 1.36882029e+01
 5.79852728e+00 8.02260491e-01 -2.12738061e-01 3.57187191e-01 -1.44403036e+04 1.37896687e+01
 -2.21777715e+01 -9.08442888e-01 5.14928536e-01 2.13463143e-02 3.13146121e+03 1.34096630e+01
 -1.40659988e+01 -4.81239197e-01 6.77241351e-01 -5.06476492e-01 -1.19798327e+04 1.34952492e+01
 2.03779706e+00 -4.94748816e-01 4.63276739e-01 2.06343415e-02 2.65003364e+04 1.37190626e+01
 -1.46107449e+01 5.79160614e-01 1.34025670e+00 -5.97475083e-01 2.33693747e+04 1.34924003e+01
 1.34201467e+01 7.92320560e-01 8.95213766e-02 -1.26025806e-01 3.87434854e+04 1.38716702e+01
 1.79873666e+00 6.12983351e-01 1.90017078e-01 -6.88383768e-01 4.32686150e+03 1.37196206e+01
 -2.54646772e+00 2.34511490e-01 -1.09658196e+00 7.64150996e-01 1.66140817e+04 1.36496644e+01
 9.99720155e+00 6.00609367e-01 -9.88825284e-01 -6.94746174e-01 -3.48208241e+04 1.38245420e+01
 4.04216927e+01 -1.06854617e+00 1.73131597e-01 -3.07228599e-02 1.25948731e+04 1.42586505e+01
 3.85098596e+00 6.24488109e-01 2.64137292e-01 2.82773724e-01 -5.95761954e+03 1.37443818e+01
 -1.48336935e+01 -3.17888672e-01 -2.54865254e-01 2.85116258e-01 -1.17488694e+04 1.35039343e+01
 -1.77653588e+01 -4.27010297e-01 -1.79420035e+00 2.21650670e-01 1.93783812e+04 1.34244651e+01
 -1.77646538e+00 -4.81981948e-01 -1.47976519e+00 6.39606607e-01 2.57946369e+04 1.36776294e+01
 9.29449578e+00 -4.40632218e-01 1.04127193e+00 -6.38225762e-01 2.58696892e+04 1.38370003e+01
 -2.63752513e+01 9.99816498e-01 2.23030517e+00 -3.32584626e-01 1.11421858e+04 1.33405427e+01
 -3.71438444e+00 8.68530637e-01 1.18056100e+00 -2.07048593e-01 2.81696479e+04 1.36539827e+01
 -2.00891295e+01 6.52214181e-02 2.14696938e-01 1.84697744e-01 1.29354515e+04 1.34373931e+01
 -1.24549939e+01 7.76931382e-01 1.15722109e+00 3.37934389e-01 5.08389485e+03 1.35184483e+01
 -2.82076835e+00 1.88852485e-01 5.06114950e-02 1.08486552e-01 2.99527432e+04 1.36717414e+01
 -2.50830330e+00 3.76812475e-01 -4.12802527e-01 -4.93094193e-01 -6.03768143e+03 1.36767024e+01
 -2.17726090e+00 3.63250159e-01 -5.10865819e-01 -7.09108899e-01 -7.48256131e+03 1.36682820e+01
 1.49066815e+01 -1.19122445e-01 -6.18550515e-01 2.75832727e-01 2.34096653e+04 1.38810814e+01
 -1.31996636e+01 -2.06315026e-01 1.06891183e+00 -7.93295385e-01 1.14075636e+04 1.34961683e+01
 -2.63728467e+00 -8.57863825e-01 -1.19234743e+00 -8.24091323e-01 4.92272452e+03 1.36654519e+01
 9.43440600e+00 9.00100846e-02 6.96248328e-01 -1.32706742e-01 -1.42650449e+04 1.38109027e+01
 -1.50873270e+01 -3.61374825e-02 5.51425990e-01 -1.77163347e-01 1.54626705e+04 1.34932278e+01
 -4.03052502e-01 3.69434608e-01 1.31485512e+00 1.51872829e-01 -2.21504393e+03 1.36872387e+01
 -3.00339237e+01 6.48448538e-01 -6.23510019e-01 5.80085744e-01 -2.50169594e+04 1.32871992e+01
 4.21767807e+00 -7.49741967e-01 -2.06817179e+00 -1.53464371e-02 3.20847799e+04 1.37596101e+01
 6.02867695e+00 -3.49520657e-01 1.68853701e+00 3.07683852e-01 2.73917753e+04 1.37582638e+01
 2.73225233e+00 2.34984593e-01 1.82425177e+00 1.62016338e-01 5.93505631e+03 1.37260876e+01
 -1.16528927e+01 3.14259895e-01 -3.02221750e-01 5.28854646e-02 8.52574995e+03 1.35503781e+01
 8.92745539e+00 9.31930432e-01 1.09699964e-01 -8.72019033e-02 -1.62663134e+03 1.38028678e+01
 7.75708893e-01 -1.44099150e-01 3.85010005e-01 5.10786849e-01 -1.57519748e+03 1.37119602e+01
 1.33193696e+01 -1.44269699e-01 -1.16417412e-02 -6.15206496e-01 -1.51841623e+04 1.38801500e+01
 -9.85986036e+00 2.91276834e-01 3.12601523e-01 -1.01139711e+00 6.08042711e+03 1.35894568e+01
 1.12871814e+01 -7.49076049e-02 9.89344603e-01 8.08426715e-01 3.17449060e+03 1.38447716e+01
 2.59924249e+00 1.76679025e-01 -1.57300546e+00 4.89278422e-01 1.90367255e+04 1.37323831e+01
 2.07676335e+01 1.82205485e-01 -3.20058593e-01 7.73758245e-02 4.59105163e+03 1.39765397e+01
 2.41822114e+01 5.35902551e-02 -1.81057872e+00 2.69289013e-01 1.60542116e+04 1.40127335e+01
 2.28247192e+01 2.57777637e-01 -6.31534554e-01 -2.96102811e-01 -4.42432027e+03 1.40173345e+01
 6.18048296e-01 -5.32319064e-01 1.20659030e-01 -3.28349713e-01 -3.60176683e+04 1.37116890e+01
 6.45260885e+00 -7.51680276e-01 3.62400393e-02 8.92904209e-02 2.38515444e+04 1.37929111e+01
 -1.15091229e+01 -4.73746817e-01 -1.02781827e+00 -4.41269082e-01 2.48857988e+04 1.35534188e+01
 6.11723460e-01 3.13862662e-01 8.52193309e-01 -3.23576101e-02 1.34138162e+04 1.36979260e+01
 -1.59991516e+01 -8.97978276e-01 1.12446802e+00 -2.55832021e-01 1.32278829e+04 1.34777320e+01
 -1.70294566e+01 -5.35713087e-01 2.06112096e-01 1.39840053e-01 -2.40212105e+04 1.34717433e+01
 -1.05702313e+00 8.04825023e-02 -5.43506957e-01 3.68302566e-01 9.55813065e+02 1.36769124e+01
 -2.10234109e+00 4.98619931e-01 1.04984578e-01 -1.31112358e-01 -8.03618114e+03 1.36954375e+01
 -7.02384343e+00 -3.05818348e-03 5.30243846e-01 3.03114971e-01 -1.76660186e+04 1.35994293e+01
 1.00702538e+01 1.91549197e-01 3.82139576e-01 -4.56215708e-01 -1.50940076e+04 1.38236593e+01
 9.78407294e+00 -4.75543826e-01 -1.51238408e+00 -9.61370672e-01 -9.56162661e+03 1.38526216e+01
 1.72831508e+01 -8.47879422e-01 9.79179077e-02 1.05668707e+00 -4.59241032e+03 1.39452585e+01
 -1.22009308e+01 1.29613484e-01 -4.81606951e-01 4.28237221e-01 -8.50471369e+03 1.35261842e+01
 -6.40396692e+00 6.58871318e-02 -3.12811655e-01 1.24640136e-01 1.66213554e+04 1.36079270e+01
 2.36054704e+00 2.16718889e-01 -1.51272026e+00 4.61966270e-02 5.60221994e+02 1.37278742e+01
 -6.26403236e+00 5.75674414e-01 9.94910835e-01 -4.42730597e-01 2.53824652e+04 1.36337358e+01
 -1.95333822e+01 -5.03417171e-01 -1.99652291e+00 -9.38723762e-02 -1.99795512e+04 1.34347361e+01
 9.99491515e+00 -7.18342787e-01 -8.45647523e-01 7.66956787e-02 4.07804952e+03 1.38199245e+01
 -2.08154456e+01 1.68708269e-01 -6.29142034e-01 -1.19753803e-01 -4.35475453e+03 1.33959225e+01
 1.70275669e+01 3.51743762e-01 -5.55196251e-01 -8.68501200e-01 -2.05192309e+03 1.39278676e+01
 -4.22418034e+00 -9.59870284e-02 2.38068279e+00 -1.80212304e-01 -4.77250422e+04 1.36348258e+01
 -1.77164047e+01 1.71318915e-01 -1.32353986e+00 -2.72322901e-01 4.73259968e+03 1.34416763e+01
 -3.11043129e+01 -5.84066835e-01 2.43169754e-01 8.29422195e-01 -1.07358044e+04 1.32641740e+01
 -2.33219331e+01 3.73405673e-01 -7.85428934e-01 3.79511235e-01 -5.06056457e+03 1.33633566e+01
 3.50409543e-01 2.78394763e-01 1.39195933e+00 -3.11047786e-01 -7.99221580e+03 1.37150720e+01
 1.43387800e+01 5.41542257e-01 2.93767087e-01 1.69493442e-01 -2.07720334e+03 1.38968078e+01
 2.29594665e+00 -5.31777574e-01 -1.83439573e+00 -4.92295651e-01 1.16746419e+04 1.37310902e+01
 7.25916900e+00 6.26058052e-01 1.74964536e+00 6.18260372e-01 2.36301375e+03 1.37952780e+01
 -6.92926093e+00 -8.35379313e-01 -1.69314262e+00 8.67612960e-01 5.24112023e+03 1.35801651e+01
 -2.24353200e+01 -4.80907977e-01 2.69367088e+00 -2.67409109e-01 7.34300840e+03 1.34260709e+01
 2.09638894e+01 1.84077051e-01 1.05595572e+00 1.32200890e-01 9.61404170e+03 1.40081160e+01
 2.11976713e+01 3.28092132e-01 1.36119486e+00 -9.17548116e-02 -5.84788611e+03 1.39879102e+01
 -1.10435714e+01 -9.64832207e-03 5.79032173e-01 -7.33236095e-02 1.20570470e+04 1.35440289e+01
 -3.68514693e+01 4.21266840e-01 2.06085910e+00 -7.64334163e-01 -1.74139287e+04 1.31894707e+01
 6.64710592e-01 7.30858750e-01 1.95935178e-02 3.99870148e-01 -2.66426571e+04 1.37004602e+01
 -4.37613910e+00 5.38013325e-01 -5.54736320e-01 -8.45377529e-01 2.74990521e+04 1.36514740e+01
 -6.28843786e+00 8.86353804e-02 -1.42521528e+00 -2.32803565e-01 -3.28128750e+03 1.36080824e+01
 1.47084890e+00 -1.78935885e-01 -1.12670113e+00 3.18917850e-01 -1.43969919e+04 1.37178801e+01
 -2.49461250e+01 7.12241856e-01 5.51378012e-01 5.15109967e-01 2.02240821e+04 1.33461447e+01
 1.48111941e+01 9.75641286e-02 -1.48747570e+00 2.55109219e-01 1.06735755e+04 1.39334545e+01
 9.05095889e+00 5.37938543e-01 8.04420341e-01 5.06902975e-01 8.99858492e+03 1.37965519e+01
 1.49230902e+00 -2.97169672e-01 8.16054464e-02 -6.60611050e-01 8.08421436e+03 1.37158672e+01
 -1.54532281e+01 7.08436282e-02 -2.03218609e+00 6.01134740e-02 1.05235452e+04 1.35052578e+01
 1.35475964e+01 2.95734883e-01 -8.73128648e-01 6.79184570e-01 1.84306301e+03 1.38882408e+01
 -9.34590893e+00 -1.87357230e-01 -3.01374780e-01 -3.44049715e-02 -1.57824782e+04 1.35751454e+01
 -3.66886189e+00 3.24713179e-01 5.11429641e-01 -4.04893792e-01 -3.26023839e+04 1.36682446e+01
 1.03828862e+00 -8.37396850e-01 -3.49274652e-01 -3.10691009e-01 1.88443135e+03 1.37022122e+01
 1.42450570e+01 2.18582134e-01 4.01457958e-01 1.78199889e-01 -7.77867671e+03 1.38875374e+01
 1.68740095e+01 2.53562528e-01 -2.05366742e-01 -1.48884846e-01 -1.87529919e+04 1.39137057e+01
 1.29471003e+01 1.80053747e-01 -5.43271254e-01 5.16856818e-02 8.01494217e+03 1.38792208e+01
 8.29846950e+00 -2.44971019e-01 -8.33492868e-01 6.81091752e-01 1.52635561e+04 1.37989787e+01
 1.90260432e+01 -3.18982870e-01 5.72764933e-01 -3.29584274e-01 -3.91950120e+04 1.39455772e+01
 7.58081614e+00 -1.94984134e-01 1.82178081e-01 -3.25789839e-01 -2.67479965e+04 1.37851185e+01
 -1.18670952e+01 1.35362818e+00 -7.46337736e-01 -4.35647828e-01 2.47012294e+04 1.35404384e+01
 -2.81099616e+01 4.88166197e-02 -9.14027024e-01 1.06236098e-01 -6.75066636e+03 1.33048718e+01
 -6.51258346e+00 -1.05191272e+00 1.01326543e+00 4.85753091e-01 -4.55928816e+03 1.36127292e+01
 -1.34794990e+01 9.23496407e-01 1.89256974e+00 -7.27119500e-01 -2.00301311e+03 1.34998707e+01
 2.27158858e+01 -9.45955492e-01 -1.36005512e+00 4.48044869e-01 -7.56203816e+03 1.39960882e+01
 1.02079677e+01 7.59269100e-02 -2.46595773e-01 -2.10245882e-01 -1.02458949e+04 1.38346941e+01
 -1.91477335e+01 -5.57427032e-01 6.02588896e-01 -6.35755818e-01 -7.25746305e+03 1.34502866e+01
 1.08379693e+01 3.53776550e-01 4.21886235e-01 4.16701176e-01 -1.55870416e+04 1.38654873e+01
 -5.13730786e+00 -7.85170827e-01 -4.20671542e-01 1.06752694e-01 2.05759310e+04 1.36333243e+01
 1.12610626e+01 7.29302561e-02 -1.05027784e-01 4.95091554e-01 1.73212051e+03 1.38684631e+01
 -1.57956138e+01 3.65487083e-01 9.96401184e-01 -8.02180960e-01 -5.66575991e+03 1.34816883e+01
 2.34001360e+01 -1.29431382e-01 -2.33638794e+00 -1.87801320e-01 1.93154885e+04 1.40338341e+01
 8.81445027e+00 -4.26147161e-01 2.87023524e-01 1.97888638e-01 3.46538019e+04 1.38076811e+01
 -6.10295605e-01 1.19143794e-01 -1.01046859e+00 9.75205299e-01 -1.06483469e+04 1.36900644e+01
 1.79545338e+00 -7.67569434e-01 4.62376688e-01 -4.19018123e-02 -1.84641439e+04 1.37302195e+01
 2.05588510e+01 9.77393889e-02 7.42524152e-01 -8.15759210e-01 2.58276364e+04 1.39666744e+01
 2.18623186e+01 -7.49612431e-01 -8.48569074e-01 -2.81600748e-02 -4.08924168e+04 1.40046725e+01
 -5.53235420e+00 4.31211240e-01 -2.93717811e-01 7.63475351e-02 4.95215678e+03 1.36295141e+01
 1.83247681e+01 5.73737589e-01 4.90358244e-01 1.44933648e+00 -8.59601140e+03 1.39214952e+01
 -1.84632443e+01 -9.63788889e-01 5.21715502e-01 -2.38662660e-01 1.77664592e+04 1.34399249e+01
 1.07397326e+01 1.38312361e-01 -1.81232910e-01 -4.48191811e-01 -6.14680054e+03 1.38368471e+01
 -2.13853306e+00 -1.32726217e+00 -3.71412171e-01 -1.17620606e-01 1.67723260e+03 1.36671902e+01
 -6.87566653e+00 8.42144179e-01 -1.83729507e+00 -3.07206233e-01 -1.79997070e+04 1.36005743e+01
 -2.24912506e+01 -2.67991490e-01 -5.01010459e-01 -1.08979915e+00 -3.43221788e+04 1.34016150e+01
 2.75909813e+01 5.85656254e-01 1.28861693e-01 -3.08541537e-01 -1.51809197e+04 1.40645831e+01
 -7.87123490e+00 -6.53857350e-01 4.77118398e-02 -8.87429510e-01 3.91874948e+04 1.35938021e+01
 -7.64083737e+00 7.93832721e-02 -1.46895444e+00 -8.63519740e-02 -2.64046904e+04 1.35911560e+01
 1.69104868e+00 -6.70067136e-01 -4.30659901e-01 8.74095198e-01 1.24599972e+04 1.37118227e+01
 1.59627447e+00 -5.33250592e-01 2.06513350e+00 2.01898603e-01 2.17124021e+04 1.37163077e+01
 -8.63888190e+00 1.02512502e+00 8.48357898e-01 1.33529460e-01 -1.10632728e+04 1.35693932e+01
 -4.62577872e+00 -1.18193437e+00 2.93014414e-01 2.34324343e-01 1.60959460e+04 1.36104417e+01
 -2.57696356e+00 1.21749060e-01 8.75261054e-01 1.68655225e-01 -9.64580276e+03 1.36711904e+01
 -8.41073023e+00 4.62567506e-01 6.81326372e-02 -7.74618965e-01 -5.97609463e+03 1.35777992e+01
 -6.84826153e+00 2.16685316e-01 2.24266578e+00 1.33198983e-01 2.11125267e+04 1.36355060e+01
 -2.96021680e+00 -4.88912909e-01 -1.25240163e+00 -2.76779221e-01 3.80404677e+02 1.36612376e+01
 8.05771384e+00 -3.30592733e-01 1.42456927e-01 -1.50799265e-02 -1.11604181e+03 1.37837358e+01
 -8.49873399e+00 4.44490310e-01 -1.29167177e+00 -1.10985365e-01 1.50512494e+04 1.35848615e+01
 1.33658299e+01 -2.82339315e-01 -2.53732666e-01 6.08628026e-01 -9.49242807e+03 1.38757208e+01
 -1.53717441e+01 3.42772703e-01 6.18220776e-02 5.68004070e-01 -5.06525619e+02 1.35002196e+01
 -4.96236091e+00 -1.58525277e-01 -3.39344788e-01 1.36391932e-01 -5.14336026e+03 1.36580215e+01
 5.75644584e-01 2.67592594e-01 -8.26678918e-01 2.35839005e-01 -1.03718534e+04 1.37065101e+01
 -5.37702680e+00 -5.92494046e-01 -1.97213791e-01 6.77073157e-01 2.35008738e+04 1.36128656e+01
 -4.46609690e+00 -1.71309806e-01 2.13056896e+00 1.93279183e-01 -3.67949957e+04 1.36388237e+01
 4.40482625e+00 3.91127076e-01 1.62983406e-01 -3.90930835e-01 2.76830937e+04 1.37620573e+01
 2.15411836e+01 -2.08931766e-01 -8.64474371e-01 -7.29406977e-01 -2.20498194e+04 1.39872737e+01
 -3.13928362e+00 -3.73300478e-01 4.74324409e-01 -7.06617626e-01 -2.74981939e+03 1.36453141e+01
 1.23150454e+01 6.91565797e-02 -4.22701951e-01 6.45808964e-01 -1.40303372e+04 1.38685193e+01
 -1.38987161e+01 1.24268012e-02 -9.90160313e-01 -4.37411160e-01 2.24217183e+04 1.35050358e+01
 -5.51816241e+00 -5.31292906e-02 -1.24443321e+00 -3.96403363e-01 -4.10043418e+03 1.36050844e+01
 -2.36204286e+01 -1.19005635e-01 -5.61556557e-02 -1.45562648e-01 -2.97642468e+03 1.33773616e+01
 -1.42847898e+01 1.06664286e+00 2.89731607e-02 -3.07719825e-01 -1.22187799e+04 1.35159818e+01
 -1.87703322e+01 -3.89428304e-01 1.24271071e+00 -6.77369752e-02 2.02671585e+03 1.34542605e+01
 2.61207988e+00 -7.70045279e-01 -8.97876227e-01 2.85085478e-01 1.37142220e+04 1.37193422e+01
 -1.77928938e+01 -3.22541911e-01 7.79300988e-01 1.65226905e-01 2.01830528e+04 1.34347096e+01
 -1.25687445e+01 -3.92341826e-01 5.99947653e-01 4.54189990e-01 -7.92453705e+03 1.35687161e+01
 -1.67194563e+01 5.28464096e-01 -1.78879709e+00 -5.02499982e-01 -8.10406061e+03 1.34777022e+01
 -3.33447397e+00 -2.87432537e-01 -5.86240734e-01 -7.63074224e-02 -2.78756067e+02 1.36338862e+01
 6.13434102e+00 -3.67119362e-01 -2.48290621e-01 -4.69357083e-01 -3.74932091e+03 1.37833330e+01
 -1.30312013e+01 -5.80366871e-01 1.89135589e-01 2.55705254e-01 -8.52491146e+03 1.35280494e+01
 -2.59895077e+00 5.36981428e-01 7.96754631e-01 4.34471925e-01 6.35130706e+03 1.36567743e+01
 -6.34363499e+00 -8.47399563e-02 1.20100376e+00 3.81131241e-01 5.88971191e+03 1.36027756e+01
 -3.81378849e+01 1.47046914e-01 -1.90662598e-01 4.37116659e-01 -2.29881025e+04 1.31691979e+01
 2.64266909e+00 -1.73211206e-01 -1.42907025e+00 2.93672006e-01 4.66841136e+03 1.37130839e+01
 1.40807861e+00 -7.96022791e-01 -2.05755674e+00 -7.46256119e-01 1.20631195e+04 1.37239214e+01
 1.27724593e+01 6.60731532e-01 2.15548509e-02 4.25961421e-01 -1.67145067e+04 1.38310496e+01
 1.96323002e+01 4.45459226e-01 4.50886668e-01 8.99737707e-01 3.17134212e+04 1.39538365e+01
 -1.98215027e+00 3.22392572e-01 -8.30071843e-01 2.34190791e-01 1.14878151e+04 1.36949236e+01
 5.82999006e+00 -3.47828451e-01 -1.68689404e+00 -1.77032573e-01 -1.55474118e+04 1.37685805e+01
 -2.20751466e+01 -3.07196742e-01 -1.84548731e+00 3.56438213e-01 -2.88725150e+04 1.33863445e+01
 1.04538078e+01 3.93492793e-02 1.01713814e+00 -5.52347269e-01 8.69561255e+03 1.38266567e+01
 -9.74838493e+00 1.12265431e+00 5.50047380e-02 -4.15852585e-01 -5.47549119e+03 1.35798764e+01
 1.55528196e+01 -4.89718731e-01 -1.83760433e+00 8.85380049e-02 7.57161416e+03 1.38924824e+01
 1.03039396e+01 -2.82919451e-01 2.15333417e+00 1.43442716e-01 2.77584272e+04 1.38254967e+01
 -1.58572339e+01 2.81896967e-01 7.91606566e-01 4.02655748e-02 2.08984169e+04 1.34858512e+01
 6.00477281e-01 1.28385387e+00 6.33949072e-01 -1.06127179e-01 -1.26498236e+04 1.37158489e+01
 -4.82514916e+00 -5.90398765e-01 -7.73739007e-02 5.04009899e-03 1.96559521e+04 1.36447236e+01
 -7.19056091e+00 1.42659891e-01 -2.13326062e+00 7.30173310e-01 4.40515286e+03 1.35931280e+01
 9.97386120e+00 -9.54351982e-02 1.49671160e+00 5.77127237e-01 1.98387488e+04 1.38346489e+01
 -3.27359267e+00 -6.76596873e-01 -3.93947433e-01 1.60740759e-01 1.93977046e+04 1.36689006e+01
 2.41258936e+01 2.67144123e-01 -5.51009697e-01 -5.13482193e-03 3.06919932e+04 1.40227377e+01
 9.44863370e+00 1.90662139e-01 1.06621948e+00 -8.03273485e-02 -1.87419952e+03 1.38110929e+01
 1.08774308e+01 -8.76753194e-03 4.97667486e-01 1.50790678e-01 -3.27151317e+04 1.38617355e+01
 -8.13424334e+00 8.76809667e-01 -8.44124428e-01 3.31380268e-01 1.65400916e+04 1.35922200e+01
 9.50387855e+00 -5.45522919e-01 -2.00536584e+00 -2.15398747e-01 -3.52305100e+04 1.38362879e+01
 2.36931498e+01 -3.18865386e-01 1.47871709e+00 9.96170907e-01 6.16769645e+03 1.40203943e+01
 -3.02057791e+01 3.20756737e-01 -2.10109998e-01 -1.83314763e-01 1.31254801e+04 1.32713798e+01
 -1.28072950e+01 -3.22150306e-01 -1.11963365e+00 1.59470068e-01 1.71207046e+04 1.35071979e+01
 8.52768836e+00 4.01806178e-01 2.29529959e-01 4.18085834e-01 -2.73861438e+04 1.38189085e+01
 3.56871427e+01 1.43370511e-01 2.62923920e-01 -2.62545322e-01 3.09937436e+04 1.41754895e+01
 8.68181373e+00 7.08391858e-01 1.41980904e+00 2.16024979e-01 1.55958792e+04 1.38153737e+01
 1.75674540e+01 7.75992180e-01 -9.18354228e-01 2.70750040e-01 1.32453219e+04 1.39294919e+01
 -2.37194732e+01 -1.06947778e-01 -8.41657511e-01 -5.05031474e-01 2.51501209e+04 1.33978748e+01
 7.65011372e+00 -1.60895865e-01 4.47210018e-01 -6.32669266e-01 -2.27132650e+04 1.38167040e+01
 -1.32588142e+01 6.33917137e-01 -4.26863652e-01 1.53664490e-01 -8.58934448e+03 1.35151901e+01
 1.73746365e+01 -4.81336851e-01 2.90279048e-01 -1.55685524e-01 -5.25348390e+03 1.39248583e+01
 1.20398388e+01 -3.69724144e-01 3.22603317e-02 1.10443877e-01 3.63763988e+04 1.38474771e+01
 6.86777553e+00 -4.75397810e-01 1.15192379e+00 -1.03993775e-01 -2.58120278e+03 1.38003240e+01
 2.02197071e+00 -6.77559730e-01 -1.27380207e+00 2.02982179e-01 1.91530111e+04 1.37175057e+01
 1.35053510e+01 4.87672799e-01 -2.29531243e+00 -1.69521381e-01 -5.67707286e+03 1.38784467e+01
 4.58277845e+00 -1.38820823e-01 2.62014547e+00 -4.81872372e-01 1.06029794e+04 1.37514927e+01
 7.20810280e+00 -1.28940917e-01 -4.27192231e-01 -1.54896363e-01 -1.70623238e+04 1.38071426e+01
 9.84302967e+00 -3.67204591e-01 7.17711811e-01 3.94022477e-01 1.02999380e+03 1.38318168e+01
 -3.98685023e+00 4.97613522e-02 9.09360977e-01 -1.18993752e-01 -3.32622735e+03 1.36363034e+01
 -2.40012503e+00 -6.26487778e-01 -8.31940499e-01 1.88573586e-01 1.90515735e+04 1.36617984e+01
 -1.12068322e+01 -2.39984992e-01 3.53362576e-01 2.42948010e-01 -3.54355130e+04 1.35608062e+01
 -6.33349257e+00 5.90828059e-01 2.88563855e-01 7.29607874e-01 -1.23365193e+04 1.36208311e+01
 1.73421099e+00 2.94458946e-01 5.66473816e-01 4.91484419e-01 -8.49834190e+02 1.37359531e+01
 -5.73507036e+00 1.44601579e-01 -1.89606747e+00 -4.25039354e-01 -7.88414249e+03 1.36410507e+01
 1.14577024e+01 8.16209967e-01 -1.35208836e-01 5.10795578e-01 -1.80351579e+04 1.38632289e+01
 -1.39619071e+01 -8.47694668e-03 1.18247090e+00 3.34289190e-01 -2.38853377e+04 1.35060617e+01
 -3.70016769e+00 4.74903959e-01 1.02974417e+00 7.36532935e-02 1.85066201e+03 1.36626225e+01
 -2.00454312e+01 4.03805835e-02 -1.19770845e-01 -2.71892556e-02 -1.84938683e+04 1.34153336e+01
 -5.07242441e+00 -4.09538864e-01 1.33214230e+00 5.18706375e-01 -1.06413896e+04 1.36259567e+01
 1.22442967e+01 -3.27891358e-01 -4.03973023e-01 -1.74472149e-01 -2.67681395e+04 1.38734938e+01
 6.14738163e+00 8.92960017e-01 1.99935416e-01 -3.77392180e-01 1.50522689e+04 1.37590439e+01
 5.97400957e+00 -7.01764063e-01 1.86133750e+00 7.59101052e-02 1.15509457e+04 1.37656465e+01
 -3.37635707e+00 -2.19841891e-01 2.98784760e-01 5.83280589e-01 1.72439767e+04 1.36613848e+01
 -1.58656926e+01 1.36676127e-01 7.47008250e-01 -3.27876460e-01 -1.01298640e+03 1.34831921e+01
 -2.12896780e+00 3.83469042e-02 1.78779918e+00 -4.84238968e-01 -7.66018566e+03 1.36666425e+01
 1.10031428e+01 7.29775164e-01 1.13157925e+00 2.71801364e-01 3.54501280e+03 1.38198335e+01
 -3.73492550e-01 -6.39282088e-01 -1.32956624e+00 5.75796384e-01 6.79597577e+03 1.37131230e+01
 7.38166161e+00 3.34419766e-01 -3.10562360e+00 9.84035465e-02 -2.58098006e+04 1.38175700e+01
 -1.94144482e+00 -6.10329326e-01 8.22420434e-01 -4.88089465e-01 9.59015621e+03 1.36916684e+01
 1.01795995e+01 -9.00695481e-01 -1.26142439e+00 3.40513221e-01 -2.29542354e+04 1.38421074e+01
 4.45535358e+00 -7.74109928e-01 -1.03230115e-01 -1.02858401e+00 1.01946864e+04 1.37454030e+01
 -9.23016355e+00 -6.10708276e-01 1.34952764e+00 4.07566984e-01 -4.48796194e+04 1.35786444e+01
 2.28196376e+01 -2.52168858e-01 -1.38327423e+00 7.31324911e-02 -5.34079234e+03 1.40062189e+01
 1.79532237e+01 -6.68079864e-01 2.03170077e-01 2.68615755e-01 1.82708784e+04 1.39330366e+01
 7.73231795e+00 6.47584533e-02 6.98962076e-01 4.40845490e-01 1.29915034e+04 1.37898978e+01
 2.70876962e+01 -3.44673750e-02 -7.73212343e-01 3.15337089e-02 1.13311011e+04 1.40769259e+01
 8.40704223e+00 -2.60036524e-01 2.58048979e+00 2.11129191e-02 5.70648258e+03 1.38131691e+01
 -5.77482516e-01 7.31264789e-01 -2.30194110e+00 -1.19926173e-01 -1.20330960e+04 1.37161056e+01
 -2.65188504e+01 8.96235895e-01 9.99378164e-01 -4.27873776e-01 1.84921970e+04 1.33510348e+01
 2.93522487e+00 -9.41510162e-02 -3.80558791e-02 -5.17567610e-01 -1.79172556e+04 1.37214397e+01
 -3.94242760e+00 1.42859716e-01 -7.48617955e-01 7.49638700e-01 1.59250615e+03 1.36344268e+01
 1.15422521e+01 6.19306522e-01 1.93917782e-01 2.52143758e-01 1.70228665e+04 1.38600504e+01
 -6.07241373e+00 2.49033919e-01 -6.99109993e-01 -3.11835640e-01 2.21983223e+04 1.36216544e+01
 1.68780968e+01 3.50714777e-01 3.02293415e-01 9.91011706e-01 -8.51103751e+03 1.39116554e+01
 6.39253471e+00 -5.30789463e-01 -5.70680683e-01 -5.13405130e-01 -1.49489570e+04 1.37710319e+01
 2.62400434e+00 6.40135749e-01 -2.02364442e+00 3.85048442e-01 -1.13114663e+04 1.37324136e+01
 1.32817173e+01 4.08148187e-02 1.57367492e+00 -5.42106723e-01 3.13176726e+04 1.38854169e+01
 -1.77437744e+01 1.51572201e-01 -3.44985676e-01 -6.57079923e-02 -1.36800273e+04 1.34564303e+01
 -8.67926229e+00 2.56884197e-01 -9.00215430e-01 4.30584192e-01 1.60980219e+04 1.35723373e+01
 3.75189503e+00 -6.10722054e-02 -2.08184648e+00 4.18829463e-01 -4.59549444e+03 1.37509887e+01
 -2.25377608e+00 -1.13137099e-01 1.80185574e+00 -3.59045727e-01 -8.46930281e+03 1.36562054e+01
 -7.69215207e-03 3.21727670e-01 -1.72903145e+00 4.11656913e-01 3.75745466e+03 1.37198873e+01
 -1.09985248e+01 -2.66933707e-01 -2.14092363e-01 1.07392182e-02 -7.81571372e+03 1.35365119e+01
 1.76116337e+00 -3.59088055e-01 1.81137566e-01 2.53205291e-01 -7.47973178e+03 1.37349085e+01
 4.50963781e+00 5.96087737e-01 -7.46505816e-01 -3.26474261e-01 -5.05548581e+03 1.37423701e+01
 -1.19390377e+01 -3.11268195e-01 -2.05620971e-02 -1.54142528e-01 -2.71253060e+03 1.35359669e+01
 -1.90328271e+01 3.72081961e-01 9.40522728e-01 1.30422293e-01 1.55935823e+04 1.34401662e+01
 -3.75956027e+00 1.58870674e-01 1.83721747e+00 -4.59957910e-01 7.41024137e+03 1.36771633e+01
 -1.08422519e+01 2.14213375e-01 -1.18807511e+00 1.70958898e-02 -2.37610259e+04 1.35250024e+01
 5.35072896e+00 -1.40761085e-03 1.08898223e+00 6.97269237e-01 -6.90517080e+02 1.37840592e+01
 5.88898832e+00 2.80752018e-01 -2.44514435e-01 5.11577403e-01 6.78577456e+03 1.38073090e+01
 -8.73353909e+00 1.82661526e-01 -8.70316923e-01 1.08992581e+00 -1.72351704e+04 1.35898868e+01
 -8.25051043e-02 -5.49726458e-01 -1.47380345e+00 1.08286247e-01 1.82605723e+04 1.36634296e+01
 -8.28901680e-01 -3.16005254e-01 1.90204300e+00 4.34369797e-01 -8.44083502e+03 1.36796520e+01
 -9.25823040e-01 5.49416464e-01 1.15338567e+00 -5.51088622e-01 1.36129004e+04 1.36675067e+01
 1.58999663e+00 9.91322845e-03 2.40197137e+00 -3.05826245e-01 9.95399082e+02 1.37038942e+01
 1.73943943e+01 2.20220965e-01 7.87731089e-01 -4.53874247e-01 2.14362119e+04 1.39172266e+01
 -1.35821977e+00 2.40935981e-01 9.13320503e-01 6.26943992e-01 2.48764037e+04 1.36834674e+01
 -2.72142948e+01 -1.27050625e-01 -1.68883174e+00 -2.79877998e-01 1.48312298e+04 1.33219321e+01
 -1.09412246e+01 -3.50199113e-01 -7.66905633e-01 8.08246780e-02 1.34771291e+04 1.35805603e+01
 -6.34063290e+00 3.26316586e-01 -7.81910786e-01 4.03056827e-01 -2.40948092e+03 1.35969231e+01
 -5.48047159e+00 7.57740533e-01 1.17062782e+00 2.89588623e-01 -1.34950233e+04 1.36312814e+01
 7.45062599e-01 4.76925949e-01 3.15273618e+00 -6.86809181e-01 1.75131741e+04 1.37070715e+01
 -5.27222780e+00 9.19924693e-01 9.75832654e-02 -3.36899185e-01 4.51930811e+03 1.36073792e+01
 -3.91791971e+01 -1.70311003e-01 2.09512875e+00 -6.00813612e-01 -2.05726665e+04 1.31685958e+01
 6.55815673e+00 3.92697268e-01 4.27061549e-01 7.05129461e-01 -1.33182438e+04 1.37708657e+01
 6.71833580e+00 1.01317473e+00 -9.76202175e-01 -1.59339481e-01 -1.91060730e+03 1.37901689e+01
 8.94058257e+00 -7.87806513e-01 -2.12964223e+00 -2.58415567e-01 -1.66011855e+04 1.38134845e+01
 -4.15201490e+00 -4.52139699e-02 1.08572995e+00 2.26109811e-01 -1.12158866e+04 1.36347504e+01
 1.10931008e+01 -1.21417223e-01 -1.32846917e+00 4.16494424e-01 5.51760172e+03 1.38671021e+01
 1.76270130e+01 2.55421959e-01 -3.10999954e-01 4.34800956e-01 -1.67167348e+04 1.39313792e+01
 -2.68987711e+01 -5.38836792e-01 4.31788329e-01 -4.56483432e-01 2.55275168e+03 1.33298658e+01
 2.47728453e+01 1.31569117e-01 2.09848542e+00 -2.56695348e-01 3.75901078e+04 1.40406890e+01
 2.24457122e+01 5.29563039e-01 8.24629991e-01 -2.65971224e-01 -1.86865415e+04 1.39859766e+01
 5.97689577e+00 -8.73908002e-01 4.75091481e-01 -2.55795265e-01 -3.00074015e+04 1.37640752e+01
 -1.44256803e+01 4.94026782e-01 2.85395362e+00 -1.22668791e-01 2.96437036e+04 1.34983893e+01
 -1.70358356e+01 2.20987157e-01 7.46272217e-01 8.34394552e-02 3.47690933e+03 1.34666804e+01
 1.53840235e+01 -9.28761286e-01 5.98854785e-01 -2.44229697e-01 1.82286081e+04 1.39011581e+01
 3.65380556e+00 3.51512201e-01 -6.27415061e-01 -7.57726566e-02 -1.27979557e+04 1.37603070e+01
 -3.14035808e+01 8.75434782e-02 9.15713166e-01 1.02624526e-01 -1.02445654e+04 1.32804655e+01
 7.63025327e+00 2.14133262e-02 -5.64677456e-01 -1.55411760e-01 -3.65227198e+04 1.38039913e+01
 -7.40436363e+00 -6.23033892e-01 1.09550269e+00 2.12691436e-01 -1.73895241e+04 1.36033920e+01
 -2.17082590e+01 3.91755547e-01 -9.54252584e-01 1.12328062e-01 -2.84671236e+04 1.33754672e+01
 -3.09971106e+01 -5.92128900e-01 3.78788569e-01 1.56781224e-01 3.87997189e+04 1.32599347e+01
 -1.28389755e+01 -4.21329852e-01 -6.53586988e-01 -1.30604023e+00 -2.13101991e+04 1.35160554e+01
 1.21500736e+01 4.46827426e-02 -3.29906348e-01 2.11706556e-01 1.79655336e+04 1.38688504e+01
 -9.96316439e+00 3.91298635e-01 4.61715960e-02 3.36246796e-01 -7.74523907e+03 1.35608316e+01
 -2.69863004e+01 -3.01207842e-01 7.76925000e-01 -2.10366190e-01 -2.89829056e+03 1.33192780e+01
 1.29222720e+01 2.84408581e-01 7.34685828e-02 -3.30060046e-01 -5.76224900e+03 1.38520981e+01
 -2.67861207e+01 1.47251807e-01 -2.07310714e-01 -2.77736708e-01 -1.36131455e+04 1.33224945e+01
 -1.63896629e+00 7.96238785e-01 -8.39491607e-01 1.34488846e-01 1.82000008e+03 1.36780962e+01
 7.41523855e-01 4.29680744e-01 -1.37250685e+00 -2.60003009e-01 1.34818878e+04 1.36966289e+01
 4.32996408e+00 4.30249920e-01 -1.10211155e+00 1.23990532e-01 -1.33437020e+04 1.37716689e+01
 4.93522621e+00 3.78037408e-01 -1.17673260e+00 1.31082165e-01 6.72568524e+01 1.37752896e+01
 9.68066945e+00 -2.52998784e-01 7.02973624e-01 8.31592668e-01 1.62041641e+02 1.38465794e+01
 1.30549924e+01 -5.43590365e-01 1.49830993e+00 -1.65980800e-01 -5.27842503e+03 1.38616261e+01
 5.19553927e+00 3.34491048e-01 -1.38174932e+00 -5.50519876e-01 -1.25137555e+04 1.37739569e+01
 2.91154595e+00 -3.48096730e-01 2.79884799e-01 -4.93162726e-01 -1.78455303e+04 1.37226046e+01
 3.02915539e+01 1.38080548e+00 -1.58893032e+00 -2.68394114e-01 2.80887341e+03 1.41057648e+01
 7.52818895e+00 4.01937441e-01 8.47423575e-01 -1.34521967e-01 3.57103224e+04 1.38179131e+01
 2.33444527e+01 1.79422620e-01 -1.03758160e+00 4.33201424e-02 -6.56425824e+03 1.40156379e+01
 -6.94431644e+00 -6.63170818e-02 4.05292420e-01 -1.70292293e-01 8.17148575e+03 1.36169178e+01
 -1.50523223e+01 -4.41195256e-01 -4.00884793e-01 -2.45583001e-01 -6.61161624e+02 1.34744381e+01
 1.37512790e+00 2.93596068e-01 -2.72804462e-02 -2.33833373e-01 -1.49231864e+04 1.37247651e+01
 -3.73504401e+00 -1.67881281e-02 1.55825722e+00 -1.36021354e-01 -7.99405137e+03 1.36551191e+01
 -3.04526737e+01 -6.76691784e-01 -7.29556767e-01 3.38499479e-01 1.26928190e+04 1.33098156e+01
 -8.14361340e+00 -7.65565167e-01 9.42632828e-01 -3.49692000e-02 1.72575893e+04 1.35959148e+01
 -1.29735413e+00 9.53481236e-01 2.03291866e+00 1.41597658e-01 -2.99619284e+03 1.36786416e+01
 -1.53347159e+01 7.40189426e-01 -3.28120074e-02 -3.08057707e-01 1.25724831e+04 1.35207339e+01
 2.62288219e+01 3.19761192e-01 6.62985572e-01 -3.05209252e-01 1.04218672e+03 1.40271957e+01
 -4.94235491e+00 3.31980612e-03 -1.37837688e+00 -2.98102222e-01 7.51721789e+02 1.36554114e+01
 -1.00769388e+01 6.87313949e-02 -1.22105830e+00 -1.76400039e-02 -2.35613339e+04 1.35639903e+01
 -1.44832790e+00 -4.86851079e-02 -1.68655997e-01 1.05605242e+00 1.60463229e+04 1.36752072e+01
 1.89432479e+01 2.61154367e-02 -5.63354126e-01 2.19221676e-01 -2.96716805e+03 1.39497770e+01
 -1.98104196e+01 -8.32411288e-01 -4.78667953e-01 -2.67423885e-01 -8.93123173e+03 1.34322936e+01
 -1.40349668e+00 -4.47518197e-01 -1.00379758e+00 5.65994991e-01 3.48936933e+03 1.36790292e+01
 -2.18525267e+01 8.97216382e-01 -3.81108002e-01 -7.65817263e-01 -4.12664706e+03 1.33966967e+01
 -8.67449390e-01 -1.25413628e+00 -1.05490726e+00 7.96404425e-02 6.98279116e+03 1.36880215e+01
 2.32119774e+00 6.76797378e-01 3.67842233e-01 -2.76671439e-01 8.83025179e+03 1.37258693e+01
 2.69334816e+00 -2.44781087e-01 -2.46658960e+00 -5.89499163e-01 2.28141860e+04 1.37273778e+01
 8.59048331e-01 2.71945123e-01 1.32028517e+00 1.36205787e-01 4.15367787e+04 1.37050672e+01
 -1.29510232e+01 -2.59065717e-01 -3.46830198e-02 -5.05557293e-01 3.36711222e+04 1.35121263e+01
 -4.26676627e+00 1.03503656e-01 2.53699687e-01 2.67279026e-01 -1.34587528e+04 1.36562780e+01
 -3.61030126e+00 3.84426988e-01 2.58315152e-01 3.29452310e-03 -4.33825059e+03 1.36560259e+01
 8.21980311e+00 3.82366550e-01 -2.63078584e-01 -8.79650364e-02 2.95983533e+04 1.37937607e+01
 -5.30232662e-01 -8.90797466e-01 -2.71984533e-01 2.05320355e-02 1.06165752e+04 1.36925671e+01
 2.64298586e+00 9.00526898e-01 -4.40012572e-01 6.75479828e-01 -1.87013429e+04 1.37424434e+01
 -3.94709892e+00 -2.72769731e-01 1.79469134e+00 7.57630224e-01 -4.51635911e+03 1.36619919e+01
 1.37582608e+00 2.58496159e-01 -1.53897397e+00 8.86759391e-03 2.54974765e+04 1.37302561e+01
 -1.90519760e+01 -2.39501960e-01 5.92981188e-01 -2.06514666e-01 -1.18769996e+04 1.34548470e+01
 -4.62538956e+01 -4.10086298e-01 9.65751230e-02 8.24098983e-01 2.42102070e+04 1.30429812e+01
 -7.48151903e+00 -1.82048236e-01 -1.38882019e-01 4.42562633e-01 -1.09113083e+03 1.36131351e+01
 8.21519068e+00 -5.71756503e-01 -1.35114888e+00 -1.27162124e-02 1.37237592e+04 1.38006320e+01
 -1.32299732e-01 3.24091795e-01 -4.19531469e-01 3.65696486e-01 2.42976862e+03 1.36847952e+01
 -2.29859895e+00 6.46073216e-02 -2.57755440e+00 3.19117696e-01 -3.07921921e+04 1.36743170e+01
 -2.11047002e+01 -3.33350135e-01 -1.27631537e+00 -2.76623946e-01 2.50967947e+04 1.34137739e+01
 1.38552843e+01 2.58945152e-01 3.92543319e-01 -5.84073822e-02 1.59955996e+04 1.38757632e+01
 -3.72251082e+00 4.69028727e-02 2.33723346e+00 8.11187059e-01 -8.46587569e+03 1.36585273e+01
 1.69648381e+01 -6.85687435e-01 1.75298468e+00 1.99919207e-01 7.35519362e+03 1.39383344e+01
 -9.72077285e+00 1.23019894e+00 -1.46827722e-01 -2.54012020e-01 -1.26813027e+04 1.35833796e+01
 9.94168859e-02 1.08348313e-01 2.80798642e+00 4.02776636e-01 4.92602588e+04 1.36896168e+01
 2.42931649e+00 5.58864937e-01 -9.52888296e-01 -9.21018443e-03 8.84797501e+03 1.37342773e+01
 -1.14665565e+01 6.82443432e-01 2.84144794e-01 -1.39119620e-01 -1.25046290e+04 1.35404643e+01
 -1.96867746e+01 5.25764574e-02 -2.26331947e-01 -6.23451532e-02 3.99522468e+04 1.34048411e+01
 -2.40956144e+00 5.01228914e-01 -4.21864271e-01 -7.10209145e-01 -1.12898227e+04 1.36498151e+01
 9.68836735e+00 -8.01108245e-01 -9.69918254e-01 -1.94976459e-01 -1.47593620e+04 1.38302989e+01
 1.09770027e+01 1.41150642e-02 -8.82888505e-02 -3.62796908e-01 -2.61250474e+04 1.38438251e+01
 7.58202212e+00 2.39108573e-02 2.93256399e-02 4.60493365e-01 -1.85593091e+04 1.37843152e+01
 -2.30957311e+01 9.19773545e-01 -1.29177978e+00 2.13679366e-01 2.08279437e+04 1.34052039e+01
 1.93737471e+00 -8.24826583e-01 -1.13913602e+00 -4.26290229e-01 -1.67341816e+04 1.37308061e+01
 -7.83834829e+00 3.49949155e-01 6.13966624e-01 -5.50424709e-02 -2.19925259e+04 1.36039431e+01
 2.45134416e+01 -2.34891097e-01 -3.27301314e-01 3.41659643e-01 -3.93972254e+03 1.40371848e+01
 1.23885071e+01 -6.30233001e-01 9.32969267e-01 3.02526089e-01 -2.31952425e+04 1.38713987e+01
 -4.47527664e-01 -6.33056692e-01 -1.21920276e+00 -5.65631793e-01 8.73017722e+03 1.36897084e+01
 1.18606584e+01 -3.11809300e-01 5.57667452e-02 -4.82807803e-02 -3.30390601e+04 1.38844498e+01
 1.05326988e+01 9.08947561e-01 1.58736417e+00 -2.80867293e-01 1.49392392e+04 1.38439341e+01
 1.65094003e+01 3.56391086e-01 9.80046867e-01 -1.38116307e-01 1.42927987e+04 1.39182763e+01
 -7.17037260e+00 -1.53247659e-01 -6.92932456e-01 3.30466774e-01 6.54744663e+03 1.35940877e+01
 1.19560498e+00 7.06767775e-01 2.38314932e-01 1.29327954e-01 -7.95755909e+03 1.36832975e+01
 -1.09562759e+01 -3.96801993e-01 1.37902281e+00 3.19924369e-01 1.94204930e+03 1.35465478e+01
 -9.89419819e+00 8.32324624e-01 -1.61691848e-01 3.49252578e-01 -3.03426035e+03 1.35590922e+01
 -9.56871507e+00 -5.00987062e-01 9.44301443e-01 5.77173871e-01 -3.32925937e+04 1.35637434e+01
 -5.43289737e+00 4.98232579e-01 2.68012012e-01 -5.59013153e-01 2.08628168e+04 1.36264776e+01
 2.95562806e+00 -5.34064505e-01 -7.61749933e-01 4.13368481e-01 -7.94813386e+03 1.37304331e+01
 -3.89990096e+00 -3.07428430e-01 -6.64176742e-01 3.08372951e-01 -8.87876942e+03 1.36553709e+01
 -5.15144148e+00 -7.84116959e-02 9.70132964e-01 -4.59515351e-01 4.28189797e+04 1.36249102e+01
 -2.38235658e+01 5.17687841e-01 4.60966071e-01 1.60011475e-01 -1.93452387e+04 1.33666022e+01
 2.64078111e+01 -4.34493698e-01 6.65147261e-01 5.20920781e-01 -1.38320620e+04 1.40543659e+01
 1.08435194e+01 3.56119858e-01 -1.35445280e+00 7.21306003e-01 -7.45628247e+03 1.38607216e+01
 4.79508920e-01 4.33540598e-01 -2.77394301e-02 5.38949388e-01 -7.46797379e+03 1.36993074e+01
 -1.12942932e+01 -5.31389477e-01 -1.50928643e+00 2.93921170e-01 -3.52334443e+04 1.35301936e+01
 1.24506777e+01 3.76789111e-01 4.04672698e-01 5.77629478e-01 -1.47189873e+04 1.38744581e+01
 -1.98443440e+00 1.02305533e-01 1.23617257e+00 1.06458337e-01 2.05767927e+03 1.36694472e+01
 1.04808847e+01 1.81680075e-02 -8.85268911e-02 1.15069332e+00 -1.84273299e+04 1.38262837e+01
 2.35846125e+01 4.59003793e-02 -5.88574850e-01 -5.89316985e-01 2.72888872e+02 1.40046147e+01
 -1.06700213e+01 2.06498092e-01 1.30807207e+00 -1.37809082e-01 1.28665812e+03 1.35688898e+01
 5.48708285e+00 -9.86225681e-02 -1.82772676e+00 1.16938717e-01 -1.42014518e+04 1.37774952e+01
 2.48014334e+01 -1.56111488e-01 1.16010459e+00 2.88619161e-01 -1.48467633e+03 1.40109104e+01
 -3.30165587e+01 -9.70026275e-01 -2.50149815e+00 -4.30643304e-01 1.15054325e+04 1.32652039e+01
 -2.00244111e+00 -1.34305106e-01 -3.65883161e-01 2.13406813e-01 3.20073519e+04 1.36668924e+01
 -5.15153730e-01 -7.13454663e-01 -7.37389787e-01 -3.72383911e-01 6.38761654e+03 1.36830294e+01
 -9.86752078e+00 -5.37303197e-01 7.89876501e-01 3.44875660e-01 -2.89947999e+04 1.35985328e+01
 -2.41359057e+00 -3.88123540e-01 -4.54396025e-01 -3.95617487e-02 2.53755144e+04 1.36371895e+01
 2.13586114e-01 7.58039980e-02 1.83861998e+00 -1.35421349e-01 -6.44081735e+03 1.37278910e+01
 1.64419452e+01 3.13688761e-02 -7.31952210e-01 -2.37226998e-01 -2.20578839e+04 1.39395411e+01
 -1.69635176e+01 -8.11479945e-01 -2.07715085e+00 3.30760546e-01 -3.23725875e+04 1.34573437e+01
 3.39331904e+01 2.29190884e-01 -1.05769425e+00 2.32401250e-01 3.54528090e+04 1.41275488e+01
 -1.12990683e+01 -5.72734483e-01 1.23540994e+00 -3.19984638e-01 1.15495025e+04 1.35424589e+01
 -1.75709482e+01 4.13351779e-01 -1.89817387e+00 -2.16856815e-01 2.69894639e+04 1.34428109e+01
 -1.51214734e+01 -1.84611629e-01 -2.01997823e+00 -9.34879540e-02 1.34177902e+04 1.34820378e+01
 1.23432658e+00 1.25592601e+00 2.17767998e-03 2.39163444e-01 2.01240166e+04 1.37052083e+01
 8.96298128e+00 -1.91191173e-01 9.01879151e-01 -9.93699181e-02 -5.25412000e+03 1.38276176e+01
 5.93363487e-01 -4.54306988e-01 -4.56640273e-01 5.57984306e-02 -2.33485436e+04 1.37120032e+01
 1.69061542e+01 -8.50033172e-01 6.60161206e-01 -4.49200380e-01 -3.90015794e+03 1.39229726e+01
 -1.39948991e+01 3.97171093e-01 -1.17356098e+00 -5.28573126e-01 -1.87462671e+04 1.35030725e+01
 -4.67404408e+00 1.28219337e-01 7.83353685e-01 1.36934750e-01 -3.31580320e+04 1.36239024e+01
 -2.45005455e+01 8.60099605e-01 9.90206162e-01 -2.87119687e-01 1.24606186e+04 1.33689559e+01
 -1.13801833e+01 -5.93391222e-01 -4.32729967e-01 -5.57399827e-02 6.70586849e+03 1.35509743e+01
 9.20781157e+00 2.70917442e-01 -1.19598700e-01 2.81632269e-01 8.32323593e+03 1.38329479e+01
 -5.90822085e+00 4.48412214e-01 -4.00502683e-01 -3.48327641e-01 -1.75562534e+04 1.36270992e+01
 -3.52476801e+00 1.80746754e-01 -2.01419137e-01 -6.76741273e-01 -1.12849499e+04 1.36546534e+01
 2.12573862e+01 -6.65160801e-01 1.19060175e+00 7.76007678e-01 -5.11624359e+03 1.39938446e+01
 9.40006711e+00 2.33091159e-01 6.31862504e-01 -6.35952103e-02 -3.15049791e+04 1.38294299e+01
 7.91402849e+00 4.14715165e-01 -5.80383006e-01 -6.20876919e-01 3.17942154e+03 1.37851120e+01
 -6.74931923e+00 -3.50366946e-02 -1.85161943e+00 3.94847135e-01 4.95423338e+03 1.36020818e+01
 2.86727633e+00 -7.64335809e-02 1.06218578e+00 4.56283795e-01 -2.83383734e+03 1.37143419e+01
 -3.51191557e+01 -3.73073926e-02 -2.96172371e+00 5.87145443e-02 -2.97183408e+04 1.31977848e+01
 9.73131955e+00 7.92924514e-01 -8.41180600e-01 3.16580568e-01 -2.36182920e+04 1.38427130e+01
 -1.29819545e+01 1.12996551e+00 8.52444790e-01 1.79349042e-01 -1.37418739e+04 1.35202086e+01
 6.82672067e+00 8.24239162e-01 -9.42113280e-01 2.15853243e-01 2.97436767e+03 1.37971325e+01
 4.38252672e+00 2.34484247e-01 5.40114789e-01 2.02814655e-01 -2.48707116e+03 1.37836558e+01
 -1.96002375e+01 1.36492326e-01 1.27904446e+00 1.53713169e-01 3.29665260e+04 1.34313832e+01
 3.46222604e+00 -1.37830922e+00 9.04163013e-01 -2.41733561e-01 -9.22703823e+03 1.37203012e+01
 8.19472746e+00 5.65762810e-01 -6.67065572e-02 -5.19809975e-01 6.49623483e+03 1.38328241e+01
 3.55681074e+00 9.34004513e-01 9.35504826e-01 2.61613262e-01 -1.41337541e+04 1.37665481e+01
 -1.86611379e+00 1.06645601e+00 -2.12701636e+00 3.86004987e-02 -3.00408955e+04 1.36960015e+01
 1.20780475e+01 -9.49077441e-01 -1.40122640e+00 2.91068010e-01 -3.34350052e+03 1.38656983e+01
 -8.79094981e-01 -4.92951753e-01 5.30978059e-01 7.31797347e-02 -1.10567361e+04 1.37040408e+01
 -6.02793431e+00 4.51911652e-01 9.00356375e-01 4.58241501e-01 -3.23762615e+02 1.35903715e+01
 1.15210480e+01 -3.80322946e-01 9.34745055e-01 -2.85211875e-01 1.86734175e+04 1.38457806e+01
 -9.39940605e+00 4.35579569e-02 3.36672437e-01 -1.71366776e-01 -4.04279684e+04 1.35641369e+01
 -6.73507556e+00 -1.96953280e-01 -5.69795390e-01 6.02267218e-01 8.75520789e+03 1.35847674e+01
 2.15294193e+00 -1.01970439e-01 4.87205265e-01 -5.61281162e-01 4.29918449e+04 1.37161643e+01
 2.81559688e+00 -1.16215154e-01 -6.56603687e-01 5.60749587e-01 -7.09472942e+02 1.37160820e+01
 9.13166497e+00 2.11174060e-01 1.17920218e+00 -6.92032472e-02 6.10392161e+03 1.38136495e+01
 1.69089271e+01 -2.31655773e-01 9.07417014e-01 -2.35604186e-01 1.22049667e+03 1.39416876e+01
 1.55872570e+01 1.52768330e-01 6.34401881e-01 2.60230044e-01 -1.25790404e+03 1.39071552e+01
 -1.22638611e+01 1.08372190e+00 8.35949261e-01 6.77530680e-01 -3.86755772e+02 1.35227277e+01
 2.02470392e+00 -3.91790841e-01 9.34354159e-04 -1.49448207e-01 -2.47424120e+03 1.37012339e+01
 5.38265844e+00 3.91798007e-01 -1.07373747e+00 -4.53868936e-01 2.84206549e+04 1.37801712e+01
 2.83910882e+01 6.34366881e-01 7.58909854e-01 2.53418202e-03 -1.56650681e+03 1.40668636e+01
 -2.04201897e+00 -3.75737788e-01 7.56847248e-01 -1.23804038e-01 -1.07541274e+04 1.36809783e+01
 -9.66633871e+00 7.62142543e-01 -4.95965958e-01 -3.85241217e-01 8.55377684e+03 1.35776476e+01
 6.15270375e+00 2.90915351e-01 8.85257770e-01 -3.27720439e-01 1.20189522e+04 1.37613462e+01
 -8.59370945e+00 6.22725993e-01 9.63174504e-01 -8.20696092e-02 4.74051672e+02 1.35787601e+01
 1.04859024e+01 6.92317034e-01 -1.78108334e-01 -2.44637352e-01 1.82754463e+04 1.38242250e+01
 -1.24779784e+01 1.64020402e-01 -6.89485650e-01 1.35462194e+00 1.11773082e+04 1.35347965e+01
 1.17741236e+01 8.43676577e-01 1.58268394e+00 -1.40485682e-01 2.04595394e+04 1.38515664e+01
 2.09397719e+01 7.83414436e-02 -1.34230444e+00 3.29153499e-02 3.42561595e+03 1.39830375e+01
 1.54373841e+00 1.23725878e-01 1.17997558e-01 9.14194595e-01 5.44948727e+03 1.37126970e+01
 6.95862816e+00 5.26117447e-01 1.29864688e-01 -3.28179896e-01 -7.97621586e+03 1.37936289e+01
 7.73620994e+00 4.98794879e-02 -9.41179173e-01 8.68529129e-02 8.55634378e+03 1.37968003e+01
 -1.73343872e+01 5.47126775e-01 2.77712211e+00 -5.55681549e-02 4.20057173e+04 1.34624068e+01
 -4.39655167e+00 6.27189514e-01 -6.14812049e-01 3.28847966e-01 -2.01097203e+04 1.36472127e+01
 -4.13564728e+00 -2.25451140e-01 -1.19650959e+00 2.63153758e-01 -3.05070806e+03 1.36369587e+01
 -1.22329687e+01 8.36994053e-01 1.99688640e-01 2.18163166e-01 -1.18559503e+04 1.35266231e+01
 8.82512616e+00 4.01416395e-01 1.50909305e+00 1.30219066e-01 7.21223547e+03 1.38266649e+01
 -1.57313495e+01 3.22346699e-01 -1.32423083e+00 -1.53546956e-01 2.51919839e+03 1.34617370e+01
 -1.28416889e+01 -6.93398652e-01 8.28751542e-01 -5.96438442e-01 1.09799365e+04 1.35275074e+01
 1.50645180e+01 6.77970998e-01 -7.31612834e-01 -1.08139289e-01 -2.04491672e+04 1.39082928e+01
 -5.50323743e+00 4.03364124e-02 8.25493475e-01 -3.27176654e-01 -5.93909278e+03 1.36318591e+01
 1.68429664e+01 9.04081220e-02 -8.48730984e-01 3.49237080e-01 -8.00531060e+03 1.39281167e+01
 -5.55570217e+00 1.34119231e+00 -1.32199072e+00 -1.83016053e-01 2.58422163e+04 1.36157113e+01
 -5.93967713e+00 -7.18789205e-01 2.04087322e-01 -2.94539999e-02 -2.38621347e+04 1.36175130e+01
 -2.58386762e+00 -4.24448229e-01 8.55342294e-01 3.08373800e-01 -3.42341503e+03 1.36880596e+01
 -3.10197075e+01 -4.28521505e-01 -1.06616533e-01 -4.88011692e-01 -1.83639474e+04 1.32789485e+01
 9.98730539e+00 1.65468839e-01 -1.01813416e-01 -2.10549764e-01 2.80519274e+04 1.38330290e+01
 1.02473149e+01 2.00492119e-01 6.11599393e-02 -1.72052670e-01 1.78868965e+04 1.38279513e+01
 -1.74446384e+00 -4.39948726e-01 -9.78240684e-01 -3.66510025e-01 -4.18763327e+03 1.36676861e+01
 -7.44413957e+00 8.08029823e-01 8.20201942e-02 6.15081271e-01 1.76842314e+04 1.35943338e+01
 -2.27352037e+00 9.91771962e-02 -1.37646397e+00 6.39521594e-02 -2.99433862e+04 1.36900045e+01
 3.12574894e+01 -9.33101264e-02 1.74096914e+00 5.75054720e-01 8.46188958e+03 1.41192945e+01
 -1.12732696e+01 -5.69088678e-01 -8.58813986e-01 3.59045275e-01 1.16697468e+03 1.35422405e+01
 -2.40138960e+00 2.74243167e-01 -1.83736029e-01 2.47887563e-01 7.41172101e+03 1.36608166e+01
 8.79733781e+00 1.09915645e-01 4.20156355e-01 1.12948657e-01 6.04187401e+03 1.38086342e+01
 1.91871416e+01 -1.25302173e-01 5.34504882e-01 2.68796426e-01 1.49833960e+04 1.39571294e+01
 -1.11580612e+01 7.91129010e-01 2.55173695e+00 -4.23504033e-01 -1.34016278e+04 1.35723559e+01
 -1.54156925e+01 -2.86347564e-01 1.46116185e+00 -5.55875143e-01 2.86700403e+04 1.34910235e+01
 6.80955146e-01 1.03001293e+00 1.88877264e+00 2.43211391e-01 -1.36358348e+04 1.37371114e+01
 -2.01347720e+00 8.30351851e-01 -1.20514278e+00 2.18593696e-01 1.42724252e+04 1.36942382e+01
 -1.46237344e+01 7.01680143e-01 -1.10592864e+00 -6.60603620e-01 -2.13446579e+03 1.35219941e+01
 3.73820304e+00 -9.08296567e-02 1.83192320e+00 4.09293303e-01 -4.14063538e+03 1.37350890e+01
 -1.48292360e+01 6.17042090e-01 2.94086828e+00 -2.94263498e-01 -3.25449486e+04 1.34957647e+01
 -1.77706877e+00 -3.06839997e-01 1.84554692e-01 5.03650514e-02 2.66939069e+04 1.36514742e+01
 1.04611284e+01 1.01395885e+00 -1.35838029e+00 5.78858742e-01 1.90174521e+04 1.38290063e+01
 -2.52195068e+01 -2.25819243e-01 -6.64998784e-01 -1.96552649e-01 3.16587867e+04 1.33557991e+01
 -2.51832028e+01 -5.56069827e-01 -6.70899031e-01 4.38672078e-01 -1.44427353e+03 1.33584582e+01
 -2.32228109e+01 1.61532921e-01 -9.66369157e-01 4.09304148e-01 -1.87820902e+04 1.33721530e+01
 -6.54229438e+00 8.79898186e-02 -6.12605525e-01 -1.38298015e-01 -2.94883857e+04 1.36100632e+01
 -2.29901460e+00 -4.74633234e-01 -1.09076372e+00 1.96416223e-01 4.64339876e+03 1.36859375e+01
 8.67129213e+00 -8.77037869e-01 8.02677798e-01 -2.61135723e-01 -7.52477453e+03 1.37874077e+01
 -4.72088114e+00 2.28729204e-01 3.03560664e-01 -2.95406328e-01 7.02972235e+03 1.36354865e+01
 1.52476263e+00 2.68573084e-01 1.89509268e+00 7.93715833e-01 2.05750545e+04 1.37321507e+01
 -5.86023824e+00 1.13929792e+00 9.26152175e-01 -9.67092660e-01 1.75327975e+04 1.36267683e+01
 -8.66370636e+00 -3.47720143e-01 3.64521040e-02 -1.20766125e-01 -2.99817403e+04 1.35870128e+01
 5.96710726e+00 -4.74724960e-01 2.13438647e+00 -3.34200727e-02 -1.13880671e+04 1.37725249e+01
 -8.21432937e+00 -1.87457366e-01 -1.11894282e+00 9.50702692e-03 -2.02859769e+04 1.35884559e+01
 -1.30521440e+01 -1.91093883e-01 -2.26631670e-01 4.92360999e-01 -2.29299769e+04 1.35180981e+01
 -7.56809733e+00 -2.58884470e-01 4.37725929e-01 -6.15043915e-01 -1.47867065e+04 1.36039397e+01
 -2.53247949e-01 1.21962353e+00 6.43686312e-01 -7.88338488e-02 -1.95490682e+04 1.36852309e+01
 -4.74764852e+00 5.59835813e-01 1.64195722e+00 -3.86295514e-02 1.37388021e+04 1.36430171e+01
 -1.53183115e+01 -2.98306391e-01 2.47508806e+00 1.19462843e-01 2.59064207e+04 1.34985872e+01
 2.76384594e+01 -3.95378376e-01 3.62604881e-01 -1.94839762e-01 4.70180724e+04 1.40906090e+01
 -1.17194450e+01 5.39215974e-01 9.48692146e-01 1.00684885e-01 -1.34469074e+04 1.35605523e+01
 2.14054782e-01 -7.19883793e-01 -2.02453231e+00 4.62176997e-01 1.68255932e+04 1.37007234e+01
 -2.95506080e+01 -7.09883129e-01 7.07411925e-01 -6.72565338e-02 1.22799197e+04 1.32815446e+01
 1.28986899e+01 -7.94951737e-01 -1.10241137e+00 2.87953282e-01 1.65675531e+04 1.38864953e+01
 1.71681657e+00 8.68600550e-01 6.24891053e-01 2.50234072e-01 1.37860780e+04 1.37338236e+01
 -1.15604274e+01 1.40321126e+00 1.43735288e-01 1.24852892e+00 -4.84096716e+04 1.35468339e+01
 5.61050281e+00 -1.39070813e-01 8.49093040e-01 -9.30715879e-01 1.76587946e+04 1.37851746e+01
 -1.55336219e+01 2.62502389e-01 1.25661095e+00 -8.16041941e-01 2.53887176e+04 1.34791718e+01
 -2.27544564e+01 2.47520535e-01 2.11872517e-01 2.85721845e-01 1.26684528e+04 1.33696711e+01
 2.91904780e+00 -4.49909959e-01 1.04583763e+00 -3.69016660e-01 1.45875646e+04 1.37533901e+01
 -9.93722780e+00 -4.19164363e-01 -5.44878183e-01 1.63486545e-01 -2.25971480e+04 1.35608428e+01
 9.32608181e+00 -6.35920131e-01 -3.70210888e-01 -2.56368358e-01 1.34297752e+04 1.38446099e+01
 -8.80920997e+00 3.10143501e-01 -2.53284070e-01 -1.64083402e-01 1.74147677e+04 1.35859551e+01
 -5.00640642e+00 3.36074014e-01 7.17618517e-02 -1.45618546e+00 -1.61017581e+04 1.36258059e+01
 -1.29243037e+01 -2.76305085e-01 6.20007145e-01 -7.17849971e-01 -9.45040825e+03 1.35095736e+01
 4.52280767e+00 -4.66538383e-01 -3.61111007e-01 -4.10031236e-01 6.63546371e+03 1.37555177e+01
 7.49127123e+00 -3.48046120e-02 6.51130437e-01 8.88336399e-01 -2.74124086e+04 1.38013683e+01
 2.59133086e+00 1.25048590e-01 -2.42990543e+00 -3.13306299e-01 3.44576822e+04 1.37116699e+01
 1.41645700e+01 9.90490165e-01 -6.62720155e-01 5.12392635e-01 -4.28415669e+03 1.38861780e+01
 -1.80912466e+01 2.95436680e-01 1.94038596e+00 3.64745774e-01 -1.50708420e+04 1.34379744e+01
 -1.56967760e+01 -9.26516224e-01 -3.70686838e-01 6.11354800e-01 -3.22457443e+04 1.34552232e+01
 9.34967423e+00 4.58827953e-01 4.49219751e-01 -3.11702949e-01 1.57129402e+03 1.38281726e+01
 -1.10837759e+01 1.00857033e-01 -5.85978580e-01 4.37402177e-01 -2.57026892e+04 1.35415092e+01
 -8.07750361e+00 -6.94729318e-01 -1.56128465e+00 -3.73756203e-01 7.62349680e+03 1.35850780e+01
 1.04654691e+01 5.95718709e-01 3.62881638e+00 4.03285641e-01 -2.44845925e+04 1.38281664e+01
 2.04622246e+00 5.63629686e-01 -1.31029730e+00 -2.63616154e-01 2.12475485e+03 1.37472606e+01
 1.77798394e+01 3.27116795e-01 -1.09323175e+00 -3.78396950e-01 -2.94007668e+03 1.39481062e+01
 8.14867677e-02 -1.61263995e-01 -1.16152140e+00 -6.74252542e-01 -5.47435669e+03 1.36967188e+01
 -1.50972439e+01 -3.72333603e-01 -2.99826647e-01 -3.78084028e-01 -5.32694296e+03 1.34875453e+01
 -1.33433096e+01 -6.46868477e-01 -2.02778508e+00 1.99696914e-01 -4.96661240e+03 1.35155535e+01
 -2.77829228e+01 2.85524194e-01 -2.93910901e-01 -1.64090597e-02 -3.72503256e+04 1.33299106e+01
 1.64330278e+00 4.53252968e-01 6.17825200e-01 3.79691728e-01 9.98875728e+03 1.37033898e+01
 -1.55988329e+01 4.53829842e-01 1.20553244e+00 -3.49495762e-01 1.19247769e+04 1.35073169e+01
 5.40528982e+00 -2.79849776e-02 5.78777800e-01 -6.93051583e-01 -1.71667326e+04 1.37626068e+01
 -5.11316210e+00 -3.02821442e-01 3.53892302e-01 7.80932175e-01 -5.84924258e+03 1.36258223e+01
 -2.95259965e+01 1.03239148e+00 -6.73039961e-01 -2.62406564e-02 -2.45184429e+04 1.32935351e+01
 -1.47275241e+01 3.37416871e-01 -2.39152735e-01 -6.54438542e-01 -2.30240567e+03 1.35221286e+01
 2.03961271e+00 -1.00533176e+00 -1.02058575e-01 -2.54543788e-01 2.19486920e+04 1.37279663e+01
 9.47926775e+00 -9.97977609e-01 -2.29189762e+00 -3.96720078e-01 -1.44082862e+04 1.38214479e+01
 4.98520360e+00 5.31009014e-01 1.34156897e-01 -6.52458455e-01 -1.95263394e+04 1.37601774e+01
 1.21007150e+01 9.29896248e-02 -7.79174013e-01 -6.27847067e-03 -2.54450597e+04 1.38887367e+01
 7.83885980e+00 -8.17010522e-03 9.47782804e-01 -1.27816733e+00 4.32791778e+03 1.38085572e+01
 -2.63428555e+01 -5.74280212e-01 1.44957631e+00 -7.64793405e-01 -2.34601145e+03 1.33497936e+01
 6.18989866e+00 -5.64570549e-01 -1.79184042e+00 2.60582009e-01 3.36657570e+03 1.37811228e+01
 1.26995660e+01 3.26863765e-01 -1.06347704e+00 -2.46936104e-02 1.27284873e+04 1.38942435e+01
 -2.34139456e+01 5.71029586e-01 3.07079082e-01 1.22028388e-01 -1.18058091e+03 1.33529679e+01
 -3.20713280e+01 1.35355671e-02 9.86502142e-01 4.35201495e-01 7.85271005e+03 1.32362143e+01
 8.22204666e-01 7.03796454e-01 -3.03181533e-01 -2.49929854e-01 -2.59285221e+04 1.37105862e+01
 -5.33048367e+00 -4.15034981e-01 1.43044221e-01 -4.40831463e-01 2.04427217e+04 1.36338940e+01
 -9.35879643e+00 -5.52602839e-02 2.73813911e-01 3.22002445e-01 -1.50314676e+04 1.35629931e+01
 1.91858262e+00 -2.80949223e-01 1.40100541e+00 -2.33523991e-01 -2.46710187e+04 1.37145697e+01
 1.65774562e+00 1.68752124e-01 -1.09982473e+00 -5.29554022e-01 1.55416729e+04 1.37349233e+01
 -8.60930617e+00 -5.71602980e-01 -1.62168788e-02 -8.16009770e-01 -2.76855518e+04 1.35988574e+01
 -1.71395648e+01 9.58103204e-01 -4.25655995e-01 6.03985353e-01 -6.06442473e+03 1.34864047e+01
 5.37675671e+00 -3.51887055e-01 2.95964024e-01 7.73524003e-01 -1.26286966e+03 1.37842490e+01
 2.37437246e+01 3.32429343e-01 -2.31787211e-01 3.60479390e-01 2.53492064e+04 1.40214216e+01
 -1.14433715e+01 -5.86998732e-01 -2.12027249e-01 1.17097135e+00 -2.42302115e+04 1.35633005e+01
 -3.58458383e+00 -4.58027457e-01 -2.22066725e-03 6.63561284e-02 7.41492312e+03 1.36691074e+01
 8.14812449e+00 2.83249572e-01 1.03326303e+00 8.07198075e-01 4.29072458e+04 1.37878346e+01
 -1.35253540e+01 6.62715166e-01 -1.16108209e+00 -1.07542007e-01 1.39337195e+04 1.35173830e+01
 1.63255880e+00 -5.22963303e-01 -1.49709999e-01 6.62617681e-03 -2.71334746e+04 1.37244651e+01
 1.66773539e+01 -5.92307795e-02 -1.07327735e+00 4.56214522e-01 2.02756317e+04 1.38937194e+01
 -7.23891212e+00 5.82087032e-02 -2.36199648e+00 -1.56275352e-01 -4.19028640e+04 1.36077751e+01
 1.17880124e+01 -1.97681386e-01 5.92131701e-01 -3.47139894e-01 2.26334112e+04 1.38632001e+01
 -2.35166963e+00 -6.57576235e-01 6.10502130e-01 5.77589685e-03 2.27781996e+04 1.36498247e+01
 -3.68342060e+01 2.56346649e-01 -6.88061537e-01 -2.11678393e-01 -1.34003924e+04 1.31849788e+01
 8.65940299e+00 -1.50658085e-02 -1.42651903e+00 4.94250053e-01 -2.66509295e+03 1.38306829e+01
 3.88691568e+00 1.20284857e+00 9.27562791e-01 6.99943135e-01 2.07949936e+04 1.37508558e+01
 -8.23792474e+00 -5.04969959e-01 2.24256322e+00 -1.39004726e-01 3.70559322e+03 1.35821509e+01
 -3.80127740e+00 6.35068835e-02 4.67743300e-01 8.05032960e-02 -9.79732730e+03 1.36545751e+01
 -5.43147159e+00 3.22079981e-01 -9.91300040e-01 4.26929133e-02 -4.23671768e+04 1.36223733e+01
 1.49745015e+01 -5.04817981e-01 1.64963342e-01 -7.96954864e-01 1.43703495e+04 1.39088268e+01
 1.13557644e+01 -3.62909467e-02 6.85258932e-01 7.01748818e-02 -2.40063794e+04 1.38508803e+01
 -3.63778123e+00 3.59753772e-01 2.00069559e+00 -3.43204843e-01 1.16732144e+04 1.36536870e+01
 2.60623236e+01 -1.18000089e+00 -1.60365882e+00 -4.40922415e-01 -6.90927240e+03 1.40522011e+01
 1.89052954e+00 7.29246041e-01 -9.40261116e-02 -1.18993368e-01 1.34188167e+04 1.37276216e+01
 5.58707294e+00 5.93859665e-01 -1.43941454e+00 2.78868269e-01 1.83338863e+04 1.37792302e+01
 -8.03324685e-01 -2.57336509e-01 2.72040614e-01 2.42422171e-03 1.67616631e+04 1.36979785e+01
 -5.33509897e+00 3.68903430e-01 2.73374211e-02 9.27978126e-01 -1.01352631e+04 1.36276159e+01
 -5.54688154e+00 -5.00449530e-01 -2.17014737e-01 2.92272201e-01 3.52783762e+03 1.36440466e+01
 -7.27392496e+00 -3.56709800e-02 -9.83567304e-01 -1.49810455e-01 -3.35980268e+04 1.35955615e+01
 -5.08015982e+00 -1.02974144e+00 -1.40157269e+00 -1.08473818e-02 7.17365297e+03 1.36253009e+01
 -3.42295931e+00 3.46417175e-01 -2.85249370e+00 3.34897907e-01 1.44409603e+04 1.36652086e+01
 -1.63216088e+01 -2.62924196e-01 1.55933568e+00 -1.17918511e-01 2.70255040e+04 1.34758271e+01
 -3.05707894e+00 -9.91053557e-02 1.60683079e+00 -3.77937352e-02 1.79530800e+04 1.36408647e+01
 7.49231538e+00 -4.79935424e-02 -4.81259362e-01 -7.28258174e-01 1.34035706e+03 1.37790117e+01
 1.29659742e+00 3.69609105e-01 1.57311203e+00 8.49530862e-02 1.45823689e+04 1.37018278e+01
 6.49951754e+00 5.70048287e-01 9.95104714e-01 2.31489017e-01 1.96668591e+04 1.37855778e+01
 -6.51098073e+00 -2.86188113e-02 1.27414804e+00 -1.25160023e-01 -3.79352110e+03 1.35967489e+01
 -3.08437022e+01 3.38729015e-01 -7.74475742e-01 8.73647886e-02 2.03713878e+04 1.32664437e+01
 1.77594674e+01 -4.48562860e-02 9.74622647e-01 5.72608436e-02 5.75199642e+02 1.39394689e+01
 -1.28698331e+01 2.30080837e-01 -6.32101402e-01 6.35666585e-01 3.74280753e+04 1.35243005e+01
 2.55173462e+00 -2.47013556e-01 1.21335553e+00 -1.12214391e+00 4.70424994e+04 1.37343240e+01
 -8.39132023e+00 1.19368392e+00 -8.70213820e-02 -1.33904123e-01 7.42685291e+02 1.36046987e+01
 9.70710255e-01 -1.07788387e-01 -2.77787405e+00 2.17833830e-01 3.13889530e+04 1.37288640e+01
 -8.46011775e+00 -8.94257079e-02 1.29771435e+00 -4.67316442e-01 -3.27595121e+04 1.35976536e+01
 -2.16899590e+01 -9.06941851e-01 -7.53593633e-02 -5.72341874e-03 -1.75275344e+03 1.33955694e+01
 1.54381001e+01 -8.01359556e-01 -1.93519117e+00 -5.65316168e-01 2.11112109e+04 1.39173943e+01
 -1.51834676e+01 8.70602464e-02 1.53692011e-01 1.57986905e-01 -5.56462034e+03 1.34993889e+01
 -1.52461336e+01 2.71851654e-01 -6.43484606e-01 5.74496354e-02 1.16232241e+04 1.35088190e+01
 -4.90039021e+00 -5.56326544e-02 9.68004625e-01 4.23684192e-01 -9.75844525e+03 1.36239067e+01
 -3.84601282e+00 2.41565348e-01 6.24216048e-01 -1.45814651e-01 3.31878232e+04 1.36412390e+01
 -4.09823099e+00 -1.13698514e+00 1.40773571e+00 -7.04509492e-01 -2.44017652e+04 1.36414035e+01
 2.76287635e+01 4.81517525e-01 2.40408192e+00 -3.50224125e-01 3.06599747e+04 1.40683381e+01
 5.61604829e+00 -1.14021901e+00 6.21322282e-02 -2.72934119e-01 -2.81265767e+04 1.37710826e+01
 -1.55382887e+01 -7.11560256e-01 -2.46107057e-01 1.91526877e-01 -7.19773295e+03 1.34768997e+01
 2.20920519e+00 -3.48261162e-01 7.89829062e-01 -9.02878297e-01 2.58331296e+04 1.37281093e+01
 -6.33557234e+00 2.58452857e-02 -2.33184290e-01 2.42633537e-01 -3.51304516e+03 1.36426737e+01
 1.12910562e+01 6.16643167e-02 -6.11884754e-01 -3.13296925e-01 2.10429077e+03 1.38492734e+01
 -2.30817310e+01 4.76109356e-01 1.76266573e-01 1.55219239e-01 -2.77606082e+03 1.33744975e+01
 1.00907491e+01 5.53509853e-01 -1.09430769e+00 1.33095941e-02 -3.65798615e+04 1.38237420e+01
 1.87407892e+01 5.11913896e-01 2.37930519e+00 4.90798307e-01 -3.05340758e+04 1.39714920e+01
 -3.07983331e+01 7.28170746e-01 -2.91864526e+00 -7.39180555e-02 -1.07085291e+04 1.32795538e+01
 5.62607589e+00 4.72597045e-01 3.48914325e-01 -4.30727498e-02 2.36912215e+04 1.37845404e+01
 1.45859996e+01 2.05336675e-01 4.40191201e-01 -9.31270694e-02 4.41522215e+03 1.39140809e+01
 -1.68431504e+01 4.31907546e-01 -3.10837104e-01 5.54773389e-01 2.35835689e+04 1.34622571e+01
 6.49733366e-01 2.00529464e-03 -5.35986380e-01 2.39795396e-02 -2.42494642e+04 1.37198472e+01
 3.58109746e+00 4.15279508e-01 1.03217940e+00 3.44267252e-01 -1.83485898e+04 1.37495743e+01
 -3.59389935e+00 -1.86050089e-01 3.00207857e-01 -4.78606532e-01 -4.15456367e+04 1.36505561e+01
 2.02904918e+01 -9.16949854e-01 -1.74274037e+00 2.29654884e-02 4.50032382e+04 1.39719349e+01
 4.48965969e+00 3.64821988e-02 -3.41125640e-01 -1.44081235e-01 -3.15727343e+04 1.37718694e+01
 1.11761140e+01 -2.81817969e-02 -1.26099434e+00 -4.54462127e-01 9.19390644e+02 1.38586968e+01
 2.33059729e+01 -4.87694128e-01 -5.90193475e-01 2.33574952e-01 -1.80548985e+04 1.40078610e+01
 3.52610152e+00 4.59412693e-01 -2.34491716e+00 -6.08879193e-02 1.52640273e+04 1.37443217e+01
 2.97502517e+01 6.50426138e-01 4.89157614e-01 -9.88666926e-02 -5.16502069e+03 1.40976995e+01
 -2.19070729e+01 -3.71020385e-01 2.68295992e+00 -4.15133776e-01 -4.12372549e+04 1.33821876e+01
 -1.49798846e+01 4.14056902e-01 2.04016182e-01 5.19728277e-01 3.12573371e+03 1.35021304e+01
 -8.91088257e-01 6.32031234e-01 1.02138782e+00 -1.03229757e-01 -1.71265870e+04 1.37156050e+01
 -5.03787214e+00 3.13072317e-01 -1.36904801e-01 -1.04440952e-01 2.55435841e+04 1.36388029e+01
 -7.37581259e+00 1.14815246e-01 1.59561839e+00 7.53586471e-02 9.34725207e+03 1.35879983e+01
 -4.75763089e-01 -7.18096742e-01 1.38129340e+00 -5.01241616e-01 5.06387115e+03 1.36799607e+01
 1.47589324e+01 -4.50354696e-01 -9.20449528e-01 4.92912687e-01 9.75436591e+03 1.39251500e+01
 -2.22277159e+01 1.23770574e+00 4.28798714e-01 5.63518050e-01 -6.38146513e+03 1.33927397e+01
 -7.82453895e+00 4.45554678e-01 2.62231698e-01 1.32888926e-02 -3.45843992e+04 1.35865040e+01
 6.88580554e+00 -2.10394580e-01 -7.26111415e-01 4.95940782e-01 1.48041682e+04 1.37843772e+01
 1.36740255e+01 1.21754287e+00 1.72578996e+00 -8.84319133e-02 3.19486914e+04 1.38816554e+01
 4.02347413e-01 -1.16618858e+00 -8.84320988e-01 -1.18734686e-01 2.17180158e+04 1.37045989e+01
 3.45434249e+00 -9.31358394e-01 -1.54437897e+00 4.16651241e-01 1.20482640e+04 1.37635152e+01
 9.51419945e+00 -7.13306479e-01 8.43592398e-01 -5.15993983e-01 -9.94794368e+03 1.38423454e+01
 1.26276961e+01 -7.64762706e-02 -3.88525958e-01 -8.65467983e-01 -1.62396533e+04 1.38717921e+01
 -1.91043931e+01 -2.50114278e-01 2.32026578e+00 -2.94746138e-01 2.31209851e+04 1.34539198e+01
 2.25300474e+00 -1.74575617e-01 -2.87306447e-01 9.91618109e-01 2.19007447e+04 1.37253958e+01
 8.98339925e+00 7.10394476e-01 3.08088789e-01 -7.61602367e-02 2.66204948e+04 1.38206542e+01
 -2.41434761e+01 -2.89316957e-01 -1.80931495e-01 -7.75600808e-02 1.88607645e+04 1.33595334e+01
 -7.37838212e+00 -3.42393849e-01 -1.45079846e+00 -3.94001906e-01 -3.28261121e+04 1.35975829e+01
 -2.93677590e+01 -1.41492569e+00 -1.80397796e+00 -9.35705071e-02 -7.89877711e+03 1.33016826e+01
 1.88741532e+00 2.03652161e-01 1.63242907e-01 -7.33099115e-03 6.73411667e+03 1.37107880e+01
 -1.28752206e+01 -5.63536183e-01 1.54629717e+00 -3.52887794e-01 1.75768765e+04 1.35309162e+01
 1.16188965e+01 -1.70852940e-01 1.54446051e+00 2.72020303e-01 -2.00384741e+04 1.38434718e+01
 1.20439288e+01 -9.67954196e-01 -5.93943611e-01 3.48572917e-01 -1.42602087e+04 1.38568559e+01
 3.53959876e+01 -1.31491782e+00 7.48002187e-03 5.97805466e-01 6.36505539e+03 1.41509742e+01
 2.22196810e+01 -2.87627529e-02 -4.73466522e-01 -5.90359540e-01 -1.02620445e+04 1.39634125e+01
 -3.77701440e+00 1.32639725e-01 -9.88547028e-01 2.08155873e-01 8.00278263e+03 1.36375042e+01
 -6.36115530e+00 2.61178161e-01 -1.12663614e+00 4.53881757e-01 -5.84186805e+03 1.36233861e+01
 -8.24602651e+00 5.00620206e-01 2.67628222e-01 -5.13976676e-01 -6.93986042e+03 1.35839388e+01
