 0.00000000e+00 0.00000000e+00 0.00000000e+00 0.00000000e+00 0.00000000e+00 1.37000000e+01
 2.83913347e-01 -5.52825523e-02 6.79408100e-01 -7.23024215e-01 -3.19814475e+04 1.37021093e+01
 1.21300240e+00 3.83879161e-01 5.09409747e-01 -5.28566396e-01 -2.06598182e+04 1.36948992e+01
 1.26828564e+00 -6.90931402e-01 6.02309887e-01 -1.43767936e-01 1.65970449e+04 1.37043911e+01
 -2.21003264e+00 -3.71225058e-01 1.19229404e+00 1.30700491e-01 6.82837762e+03 1.37007503e+01
 -3.69526151e-01 4.69341861e-01 6.25722412e-03 -2.06847907e-01 -2.07250378e+04 1.36954270e+01
 2.87727103e-01 -7.01114829e-01 4.36991653e-01 -4.18488766e-01 3.92761080e+04 1.37041174e+01
 -1.62990342e+00 8.89112536e-02 7.14911411e-01 -1.16921950e-01 8.84737228e+03 1.36863433e+01
 4.81587515e-01 -3.01198096e-01 6.86635043e-01 -2.68261874e-01 -2.66970734e+04 1.36958070e+01
 6.78871864e-02 -4.41063737e-03 -1.39599157e+00 -4.69133463e-01 1.26268870e+04 1.37091237e+01
 -5.52624817e-01 -4.50578036e-01 -2.04161614e-01 1.67063529e-01 -1.53813392e+03 1.37010717e+01
 2.94861502e-01 -2.04648361e-01 2.10296540e-01 -1.57381354e-01 -2.71050768e+04 1.36960806e+01
 -2.80368977e-01 -4.98202136e-01 -4.76673938e-01 -1.81376846e-01 -1.48653984e+04 1.36998764e+01
 -4.64203336e-01 2.63332539e-02 4.96648787e-01 3.01056922e-01 4.01508874e+04 1.37011673e+01
 -1.06326292e-01 -4.09408213e-01 1.46605218e+00 3.42634911e-01 1.47419201e+03 1.36979105e+01
 9.14487348e-01 7.80381569e-01 2.34617224e-01 -5.27194791e-01 2.70891313e+04 1.37142955e+01
 -7.38090577e-01 -1.47522783e-01 1.19717040e-01 -5.56181881e-01 1.70352701e+03 1.36925580e+01
 1.21274609e-01 -1.36746079e+00 5.62857750e-01 3.03412903e-01 -1.28005075e+04 1.37034030e+01
 3.60797034e-01 -2.74970547e-02 1.24163935e+00 -5.35288205e-01 -4.17461313e+04 1.36974334e+01
 -1.14354997e-01 3.73918022e-01 -1.22108279e-01 8.77131761e-01 8.79736971e+03 1.37013239e+01
 6.59539662e-01 -2.17840949e-01 7.43449752e-01 -6.03199984e-01 -1.44046836e+03 1.36885983e+01
 2.12017847e-01 9.50090620e-01 -1.21508335e-01 -3.82018037e-01 4.67060201e+03 1.36875841e+01
 -5.80844792e-01 -3.44790939e-01 3.65293520e-01 -2.90279781e-01 1.33804928e+04 1.37014804e+01
 1.86007270e+00 -4.90790339e-01 -5.26704721e-01 -1.40253083e-01 -2.19818872e+04 1.36986128e+01
 1.01017207e+00 7.30962008e-01 1.61723361e+00 -2.36006008e-01 -5.79162859e+03 1.36913410e+01
 -4.03087887e-01 -1.70830735e-01 1.16567584e-01 -5.63757616e-01 -1.13443049e+04 1.36993106e+01
 2.02251932e+00 -1.54549385e-01 2.70826005e-02 2.00469438e-01 1.09692718e+04 1.37113721e+01
 -8.94065104e-01 4.18799393e-01 -8.52276528e-01 4.02371619e-01 -1.68054034e+04 1.36883599e+01
 -3.47131128e-01 3.76818515e-02 1.24773181e+00 1.20554321e-01 -1.93884490e+04 1.36882538e+01
 5.29603962e-01 -7.96661584e-04 4.12249446e-01 2.03389357e-01 -3.35944051e+04 1.36896918e+01
 8.58043381e-01 -8.49873983e-01 -5.91437902e-01 4.34799145e-01 -2.25345416e+04 1.37019721e+01
 1.84221739e-01 1.71630938e-01 -4.14111244e-01 6.17808573e-01 -3.08814271e+04 1.37055411e+01
 -1.60353181e-01 -2.97256035e-01 8.91341545e-01 8.07357177e-02 -2.29605308e+04 1.36988044e+01
 -1.21151873e+00 9.09173861e-01 6.87861273e-01 6.82528923e-02 1.29349038e+04 1.37012547e+01
 2.18308765e-01 8.06780046e-01 -1.46694509e-01 3.90340975e-01 1.67397260e+04 1.36975458e+01
 -2.05556974e-01 -3.22739539e-01 -5.22195760e-01 -3.73993181e-01 2.53135877e+02 1.36882940e+01
 7.77735211e-01 -4.53368718e-01 -3.41544051e-01 -3.66739324e-01 -1.37240164e+04 1.36935770e+01
 1.03104156e+00 -4.37619809e-01 1.21036636e+00 2.18914486e-01 5.52357983e+04 1.37040402e+01
 8.81714234e-02 7.91410606e-01 8.63403668e-01 4.70447895e-01 2.06129344e+04 1.37022702e+01
 3.30502414e-02 1.77595034e+00 6.74038753e-01 -2.21416269e-01 -2.32233489e+04 1.36952803e+01
 1.80841676e+00 9.30404936e-01 -2.89569937e-01 8.62169074e-02 1.07523467e+04 1.37013902e+01
 5.27935378e-01 -5.69437835e-01 -6.03018447e-01 -8.62144827e-02 4.64548743e+03 1.36985514e+01
 1.15642973e+00 2.35008953e-01 5.98902731e-02 -9.55920792e-02 3.15330883e+04 1.37114856e+01
 -2.35014832e+00 -3.36283682e-01 2.34405982e-01 5.52981590e-01 -6.21087239e+03 1.36981969e+01
 -2.12006974e+00 -5.43344412e-01 2.14306316e+00 -2.01700730e-01 3.16949584e+04 1.36989453e+01
 -1.29389425e-01 -4.45126195e-01 -4.45918747e-01 8.63917268e-02 -1.38987963e+04 1.37041658e+01
 -2.27663881e-01 -2.19253503e-01 1.20176594e+00 8.74792554e-01 -1.48743609e+03 1.36944773e+01
 -5.56851501e-01 -5.13312102e-01 9.10319578e-01 2.91747790e-01 5.89931584e+03 1.37139115e+01
 4.23911795e-01 6.09460202e-01 -3.24197906e-01 -3.97840411e-01 -2.82754811e+04 1.37057009e+01
 1.59007083e+00 5.17632677e-02 -6.74376192e-01 -2.47166925e-01 1.04461099e+04 1.36974236e+01
 3.32622834e-01 6.74962320e-01 -7.57155660e-02 4.61982358e-01 -3.49501566e+04 1.37021634e+01
 8.33164707e-01 -2.59865064e-01 7.38038458e-01 4.47481828e-02 -2.13884661e+04 1.37039597e+01
 -3.71762405e-01 1.06991540e+00 8.60887030e-01 -2.35886682e-01 5.08953566e+02 1.36889070e+01
 1.53998368e+00 -2.06516137e-01 1.08862500e+00 -4.38613398e-01 -8.52743501e+03 1.36932243e+01
 -7.85398313e-01 -6.92653209e-01 -2.23882336e-01 7.63562006e-01 2.78856741e+04 1.36988568e+01
 -1.46296468e+00 -2.12600739e-01 2.38275973e+00 -8.24338873e-02 1.85526445e+04 1.36979303e+01
 8.14439325e-01 -7.19879580e-01 3.01563711e+00 7.39208640e-02 -8.20138995e+03 1.36919525e+01
 2.63059093e-02 -8.50348766e-02 3.16142613e+00 1.55120244e-01 -1.19272947e+04 1.37138481e+01
 3.44722289e-01 1.23964665e+00 8.95572774e-02 4.59141015e-01 1.03224558e+03 1.37023330e+01
 -3.12583428e-01 1.90293576e-01 -2.35804044e+00 -8.78437952e-02 2.09423551e+04 1.36911574e+01
 2.78352809e-01 9.14641005e-01 1.03630586e-01 -1.11666147e-01 1.80110923e+04 1.37130643e+01
 -4.29807601e-01 1.00837491e+00 1.05538329e-01 -3.06156377e-01 8.23626127e+03 1.36987916e+01
 7.71883921e-01 -5.43397525e-01 1.34494938e+00 9.34415974e-01 -4.27049473e+03 1.37052334e+01
 5.19187181e-01 -1.87762268e-01 7.64678836e-01 -1.40659416e-01 -3.65080590e+04 1.37033560e+01
 1.04334792e+00 6.94954853e-01 2.20213761e+00 2.00478329e-01 -4.98956813e+03 1.37024876e+01
 7.34170585e-01 -2.19664507e-01 6.20787198e-03 3.57623644e-01 1.97282153e+03 1.36997281e+01
 4.25086738e-01 -3.47263994e-01 3.03438346e+00 7.68281224e-01 3.83796771e+04 1.36983711e+01
 -5.96970438e-01 4.00186818e-01 -2.91204562e-01 3.04749659e-01 -2.57241090e+04 1.36987314e+01
 6.59083810e-01 -2.51424569e-01 9.62387598e-01 -1.67740269e-01 -3.50123534e+04 1.37064634e+01
 6.43005935e-01 -2.58019038e-01 2.14037533e+00 3.02366260e-02 1.12119183e+04 1.37024240e+01
 1.10065441e-01 2.61585663e-01 -1.42823066e+00 -4.96449675e-01 3.21564992e+04 1.37009373e+01
 2.37445363e+00 -3.61818230e-01 -6.57663796e-01 4.99418753e-01 -2.21438699e+04 1.36958756e+01
 -5.36560785e-01 9.35427756e-01 -1.17458111e+00 -4.32375192e-01 -2.07996921e+04 1.37009700e+01
 2.57268051e+00 1.74531022e-01 9.01034518e-01 6.99705100e-01 -1.83035839e+04 1.37155164e+01
 -2.94276084e-01 -1.02351333e-01 1.77007914e+00 -4.74733210e-01 -2.03846439e+04 1.36969581e+01
 -2.03550458e+00 -5.21886641e-01 6.71714622e-01 -1.73469931e-01 3.35260934e+03 1.37033764e+01
 -5.27944293e-02 -3.03961118e-02 9.03222603e-02 1.45386815e-01 -1.90161505e+03 1.36994894e+01
 3.40365318e-01 5.43018021e-02 1.42109118e+00 -1.95517063e-01 -2.59606947e+04 1.37063366e+01
 8.48554060e-01 -3.68255323e-01 -2.41765571e-01 -9.24370518e-03 1.92084427e+04 1.37025765e+01
 8.28926258e-01 -9.27059333e-02 -6.37153697e-01 -3.15508561e-01 -2.17011893e+03 1.37120147e+01
 -3.93844191e-01 7.20337010e-01 -1.21949316e+00 -2.27838829e-02 -3.46571793e+03 1.36944246e+01
 -1.92296897e+00 5.09702171e-01 9.68187321e-01 9.70258438e-02 -2.23690875e+04 1.36912876e+01
 -1.42479486e+00 3.18053930e-01 7.94719758e-01 1.45147559e-01 1.87086348e+04 1.36942694e+01
 1.59979016e-02 1.43284461e-01 1.93114870e+00 1.29711569e-01 -9.57705187e+03 1.36960323e+01
 2.92976812e-01 -1.29043296e-01 2.61290807e+00 -1.69435928e-01 -2.38329769e+03 1.36947405e+01
 5.64183126e-01 5.21960887e-01 -9.20210911e-01 -4.55867413e-02 1.84942672e+04 1.37052598e+01
 -3.08823868e-01 -3.79498690e-01 -1.12438785e+00 -1.48755594e-03 -1.62374455e+04 1.37014398e+01
 -1.67635323e+00 4.98559468e-01 -3.37080899e-02 -2.68233497e-01 -1.19006493e+04 1.36941470e+01
 -1.38104415e+00 -5.19657514e-01 2.28117833e-01 2.62678087e-02 1.60190140e+04 1.36855111e+01
 7.29963407e-01 -9.02542560e-01 6.08403309e-01 -1.31776946e-01 1.15380909e+04 1.36936605e+01
 5.33314516e-01 1.85387108e-02 -2.76786259e+00 2.36610458e-01 -1.47984393e+04 1.36922175e+01
 3.50911748e-01 1.18028398e+00 -9.18250084e-01 -8.75235224e-01 -7.18699808e+03 1.36996077e+01
 2.08441338e+00 -1.26513619e-01 3.66923360e-01 -5.64752773e-01 2.53840133e+04 1.37099536e+01
 -5.50607981e-01 -7.65675897e-01 1.89085890e+00 -2.75886482e-01 -9.96598175e+03 1.36991476e+01
 -5.19626693e-01 -5.11823456e-02 -4.59500126e-01 -3.27938770e-01 -2.04206069e+04 1.37029945e+01
 -7.31221757e-01 6.57805594e-01 -6.71676986e-01 -3.64958340e-02 -4.26678971e+03 1.37008538e+01
 -5.22964824e-01 -2.81272693e-01 -7.14218344e-01 -6.74795889e-01 1.01164430e+04 1.36955634e+01
 -1.17748502e+00 2.69903400e-01 -1.06479052e+00 5.69459527e-01 -1.12525896e+04 1.36939281e+01
 1.62337863e+00 4.62718635e-01 1.28635945e+00 1.98820271e-01 1.28283354e+04 1.36956225e+01
 -1.41044320e-01 1.71475546e-01 1.36825256e+00 -4.87365704e-02 2.68221589e+04 1.37021571e+01
 -3.60079988e-01 -2.04480711e-01 -1.81399077e-01 5.50481849e-01 4.77500528e+04 1.36974716e+01
 1.00853376e-01 2.83489211e-01 -2.53151458e+00 -5.08163426e-02 1.29015792e+04 1.37004877e+01
 2.94979541e-02 -8.15460569e-02 -1.11786723e+00 -4.69714441e-01 -5.15834762e+03 1.36993925e+01
 -1.37168521e-01 -7.94298773e-01 1.24638665e+00 2.29865942e-01 -7.67203479e+03 1.37039242e+01
 5.64040668e-01 3.58854572e-01 -2.14637304e-01 3.00766529e-02 -8.61807797e+03 1.36992266e+01
 -1.82513115e+00 -3.84823304e-01 3.01367490e-01 -2.00700491e-01 -1.19604115e+04 1.36969298e+01
 1.65661794e-01 3.94000358e-01 -9.95969597e-01 3.93246908e-02 -1.86887477e+04 1.37117101e+01
 9.32989107e-01 4.03936599e-01 2.52614736e-01 -5.30312606e-01 4.80201466e+04 1.36959070e+01
 3.69560578e-01 -3.62410099e-01 1.73362532e-01 7.21247741e-01 -3.62429278e+02 1.36916431e+01
 8.89373028e-01 4.39608387e-01 -9.53770470e-01 -3.61291835e-01 2.14399942e+04 1.37037653e+01
 -2.88415679e-01 -1.63821889e-01 5.47011246e-01 2.15151251e-01 3.45948177e+03 1.36860246e+01
 4.03523307e-01 5.22329762e-01 -1.26552084e+00 6.11184683e-01 1.49989640e+04 1.37016210e+01
 -2.50446170e+00 8.84884241e-01 2.40983781e+00 -1.96476931e-01 -6.14551176e+03 1.36850219e+01
 -2.03948169e+00 -6.81999626e-01 1.17195309e+00 -4.64426529e-01 2.08384916e+04 1.36909932e+01
 5.78922974e-01 -1.02964863e+00 2.56005905e+00 2.29195329e-02 3.12875483e+04 1.37106602e+01
 -2.04079843e-01 -1.34772376e+00 1.21156861e+00 -4.22090790e-01 2.09563653e+04 1.36987629e+01
 1.31481429e+00 -1.32705371e-01 -1.49544228e+00 9.03367986e-02 -2.70459633e+04 1.37136449e+01
 1.38004455e+00 -6.56974316e-02 5.84435250e-01 6.20571318e-01 -9.94542731e+03 1.37145935e+01
 7.80986005e-01 -3.54272712e-01 3.42379068e-01 6.97894037e-02 -2.77536348e+04 1.37086895e+01
 3.45066551e-01 3.15495507e-01 -7.67777570e-01 4.32345481e-01 3.48737641e+03 1.37063566e+01
 -5.20267742e-01 2.36310911e-01 -6.55582023e-01 1.82251444e-01 -1.01576194e+03 1.36910374e+01
 -5.41236636e-01 -1.81445831e-02 1.33904864e+00 -8.34972799e-01 -1.77785329e+04 1.37011432e+01
 1.35733450e+00 -1.44386753e+00 6.86743971e-01 7.41948059e-02 4.14792520e+04 1.37027577e+01
 -5.91903425e-01 -8.80245627e-01 5.05463133e-01 -2.72194798e-01 -5.51463580e+04 1.37078392e+01
 9.17831972e-01 -3.40613602e-01 -3.46045547e+00 -2.06881642e-01 1.88361909e+04 1.36986916e+01
 1.43088369e-01 -3.61905938e-01 -3.72291044e-01 -4.61682552e-01 -3.54425646e+04 1.37065261e+01
 2.78335471e+00 -1.03984641e+00 5.27487893e-01 -2.25699876e-01 -2.07480589e+04 1.37033735e+01
 1.01552006e+00 -2.28437733e-01 1.24687424e+00 7.41829202e-01 3.24863688e+04 1.37088095e+01
 1.01440887e+00 8.98311833e-01 -1.25621253e+00 -1.08253924e+00 -4.71899019e+04 1.37012864e+01
 -7.43685246e-01 -4.66693955e-01 -1.98951757e+00 1.40574515e-02 5.65030767e+03 1.37057811e+01
 1.01447197e+00 -7.74172082e-02 -9.98708936e-01 6.38246471e-02 2.82221159e+04 1.36987544e+01
 -8.90154188e-01 5.81528239e-01 1.03208034e+00 1.65980168e-01 -2.76939899e+04 1.37033495e+01
 -3.52454114e-01 -2.08811251e-01 -3.31692588e-01 -3.02162862e-01 -2.62401879e+04 1.37001360e+01
 6.49991478e-01 -1.19821554e-01 -1.81378870e+00 -3.15640713e-01 2.20993983e+04 1.37129052e+01
 -8.66816147e-02 8.46408095e-02 -1.16521570e+00 3.08874685e-01 -8.68082823e+03 1.36946144e+01
 -8.11772130e-01 -3.06080184e-01 8.68914000e-02 9.02539682e-01 -1.90045729e+04 1.36959473e+01
 2.68885429e+00 -6.15609142e-01 5.21568590e-01 2.57394101e-01 -2.94296781e+03 1.37188115e+01
 -4.80292614e-01 -2.00254313e-02 1.32509745e+00 -7.54097600e-01 5.94461570e+02 1.36882336e+01
 1.03842843e+00 -1.47207939e-01 7.76111049e-01 -1.83008330e-01 -2.80803421e+04 1.36984718e+01
 -2.00779428e-01 -4.44132372e-01 -5.70964285e-01 3.79813354e-01 3.15807682e+03 1.36987554e+01
 -1.27308641e-01 -3.63445778e-01 -1.59251478e+00 5.24308301e-01 -2.27334087e+02 1.36909140e+01
 1.06199725e+00 2.85796529e-01 -9.16891906e-01 -3.50577991e-01 1.86280362e+03 1.37075031e+01
 -2.61364864e-01 1.03423537e+00 1.20377403e+00 -3.92976081e-01 2.82174682e+04 1.37083087e+01
 5.45003196e-01 5.53018348e-01 3.49223072e-01 -6.42451795e-01 3.17642109e+04 1.37031562e+01
 8.94700629e-01 3.12046400e-02 -6.01761634e-01 -3.32195736e-01 -4.05200541e+03 1.37050040e+01
 8.21883764e-01 8.71909238e-01 1.34267719e+00 -6.51615143e-01 1.04654710e+04 1.36961334e+01
 4.05600371e-01 -7.36098256e-02 -1.53989398e+00 4.94296592e-02 -8.13317564e+03 1.37006138e+01
 -3.69460922e-01 -3.30309437e-01 -4.76679843e-01 2.18661660e-01 -1.80609453e+04 1.36936468e+01
 2.50341162e+00 -2.56031380e-01 -1.01282124e+00 2.88038976e-01 -7.23810105e+03 1.37235506e+01
 4.40390169e-01 -3.46255300e-01 -2.47640650e+00 -7.76005403e-01 4.21808845e+02 1.36949640e+01
 -6.63718917e-01 -5.10269564e-01 1.30340682e+00 -1.02720954e-01 -2.39361451e+04 1.37041141e+01
 -1.25807595e-02 4.38119512e-01 -6.55193735e-01 2.05865183e-01 -3.97549447e+03 1.36991637e+01
 4.83319139e-01 -8.14399875e-01 1.24926594e+00 3.64151477e-01 -1.27010839e+04 1.37082674e+01
 3.24429230e-01 -1.27854443e-02 1.08321096e+00 -4.36867320e-01 1.53011028e+04 1.36956663e+01
 -6.80950154e-01 6.02917419e-01 -7.39532267e-01 3.80144479e-01 -4.61332081e+03 1.36874885e+01
 1.25958831e+00 -3.03247357e-01 -5.91190694e-01 -9.10298745e-03 -3.20683929e+03 1.36991600e+01
 -1.21504401e+00 -3.20854699e-01 -6.02133275e-01 -1.46181941e-01 -6.51707981e+03 1.37017143e+01
 6.28792665e-01 5.29134329e-02 6.01539544e-01 -7.97356341e-02 -8.69318689e+03 1.36949745e+01
 4.98758798e-01 -4.48591059e-01 -1.45957592e+00 -3.42982864e-02 2.02038704e+04 1.37039810e+01
 7.30213459e-01 1.50850333e+00 -3.28634735e-01 1.13739751e-01 -5.64179722e+03 1.36950069e+01
 -5.08942321e-01 3.61626846e-01 -9.94304811e-01 -9.95548628e-02 -9.18266195e+03 1.36906944e+01
 2.07200030e-01 -1.42553047e+00 -1.09761567e-01 1.87540132e-01 1.17459086e+02 1.37067099e+01
 9.93691747e-01 -4.92331160e-01 7.66020977e-01 -3.66510174e-01 2.96458724e+03 1.37005475e+01
 -1.18256044e+00 -7.11052260e-01 -1.07823948e+00 -4.41684921e-01 -3.27250828e+04 1.36968175e+01
 2.09680924e-01 -5.10801767e-01 -1.37237601e+00 -3.00430462e-01 -1.48508331e+04 1.36957997e+01
 -2.70001289e-01 1.32254999e-02 -4.40642368e-01 -2.39103623e-01 -2.17303795e+04 1.36890304e+01
 -2.61329569e+00 -3.40322923e-01 5.67172791e-01 -1.52999799e-01 4.36163383e+03 1.36830598e+01
 -9.28327298e-01 1.78751730e-01 1.77541529e+00 -4.49941009e-01 -1.39763198e+04 1.36905700e+01
 8.08429320e-01 -4.59327874e-01 -1.72778486e+00 1.85740824e-04 -4.00480443e+03 1.37059871e+01
 -1.66580531e-02 -7.14381368e-02 -9.33829555e-01 -2.72893746e-02 -1.26322279e+04 1.36938996e+01
 1.85930586e-02 5.91450919e-02 -8.41338171e-01 -1.52972489e-01 5.17166709e+04 1.36988182e+01
 7.27753931e-01 -8.37795283e-01 -2.45447049e+00 -3.08014553e-01 1.59712267e+04 1.36909416e+01
 -9.52401214e-02 -3.81484156e-02 -6.72460026e-01 4.50562780e-01 -1.33150644e+04 1.36982441e+01
 -2.05814995e+00 -5.46388659e-01 1.39833637e+00 2.04502796e-01 1.43785430e+04 1.37010743e+01
 6.36132453e-01 -5.81899000e-01 -4.65050753e-01 2.10213005e-01 1.38930911e+04 1.37059199e+01
 -4.13595231e-01 9.37119343e-02 7.46923445e-03 1.68220443e-01 1.51140381e+04 1.36933696e+01
 -2.71252095e-01 1.21400884e+00 5.76222289e-01 3.06595705e-01 1.78440524e+04 1.37037570e+01
 1.10416334e+00 -4.47949388e-01 4.01429121e-01 6.94368765e-01 -5.83447516e+02 1.37062742e+01
 -9.18286026e-01 -6.81976820e-01 2.52939048e+00 -1.09651865e+00 1.50023717e+02 1.37020469e+01
 1.44308209e+00 1.19329646e+00 -9.77827755e-01 3.26254466e-01 -1.68531374e+04 1.37060021e+01
 -1.18126801e+00 5.73616446e-01 -1.66319995e+00 -3.73588688e-01 4.98621619e+03 1.36855010e+01
 6.54796151e-01 7.26628238e-01 1.23676742e+00 -5.41732606e-01 2.18001580e+04 1.37017324e+01
 8.37246968e-01 -1.31787653e-01 -1.77242941e+00 4.19487178e-01 6.16212385e+03 1.36932254e+01
 7.61813194e-01 2.17489554e-03 1.67429547e+00 -7.29323537e-01 -1.91452187e+04 1.37015451e+01
 -6.58548627e-01 7.06008814e-01 2.12655792e+00 -9.47622448e-02 -4.14602747e+04 1.36945151e+01
 -3.15127715e-01 1.55059050e-01 -1.36150409e-03 1.02953698e+00 -3.89107819e+03 1.36958284e+01
 -1.38911973e+00 6.65407076e-01 -7.45961865e-01 -1.26926006e-01 4.67645340e+03 1.36884199e+01
 -6.56109503e-01 1.21174096e-01 -1.62995719e+00 4.77219275e-01 5.15945018e+03 1.36929588e+01
 4.44049509e-01 -7.85426495e-01 9.92209235e-01 7.54919810e-01 1.93212012e+04 1.36977316e+01
 9.21361236e-01 -4.18424951e-01 4.24569173e-01 2.89203391e-01 -1.30186800e+04 1.36986129e+01
 -6.91223482e-01 4.54814479e-01 -9.96334723e-01 6.03046889e-01 1.85774929e+04 1.36915215e+01
 -1.29921720e+00 -2.34424514e-01 -1.29716953e+00 -4.43303571e-01 -1.00608336e+04 1.36931870e+01
 -9.49511264e-01 3.02764382e-02 1.08477894e+00 -6.66900685e-02 -1.78271569e+04 1.36986028e+01
 1.92265297e-01 1.06654668e-01 -2.60913939e-01 -1.93530548e-01 -6.44658473e+03 1.36994100e+01
 1.42457249e+00 1.33423639e-01 -5.80815052e-03 7.37317725e-01 2.74423744e+04 1.36981761e+01
 4.24068589e-01 3.87468176e-01 4.79031241e-01 1.83856503e-01 -2.10528382e+04 1.37059597e+01
 6.81517683e-01 9.27076041e-01 -7.27673786e-01 -2.24825901e-01 3.84828669e+03 1.37018656e+01
 -2.07869106e+00 5.98492564e-01 5.37102420e-01 -2.96157321e-01 -3.77100440e+04 1.37010478e+01
 -2.39933932e-01 1.17387663e+00 -8.32945073e-01 -5.59743338e-01 1.66023321e+04 1.37002896e+01
 -1.08547607e+00 4.32410372e-01 1.51120054e+00 -2.53789079e-01 3.47819776e+04 1.36918976e+01
 -2.04882329e+00 -1.25928550e+00 -1.19352258e+00 1.62510132e-01 -3.07591055e+04 1.37001586e+01
 7.93251469e-01 -4.60672703e-01 2.76661183e+00 -1.36861958e-01 9.59352452e+03 1.37064394e+01
 -2.67332386e-01 8.03384816e-02 1.36463190e+00 -4.05187036e-02 1.07111960e+04 1.36860273e+01
 -1.41638204e-01 -8.99414412e-01 3.96677222e-01 3.07086478e-02 -6.20498151e+03 1.36986596e+01
 -1.92535654e+00 -1.13823461e-01 -2.96949504e-02 1.02977972e-01 1.36707730e+04 1.36959458e+01
 3.43563195e-02 1.86663516e-01 5.84195199e-02 -4.30433774e-01 -1.86550023e+04 1.37037811e+01
 8.14850510e-01 -1.81999275e-01 -2.20052167e-01 -4.47399678e-02 1.09058878e+04 1.37093161e+01
 5.10742436e-01 6.01911427e-01 -8.55194572e-01 3.63700613e-01 2.03504203e+04 1.37053428e+01
 1.00748845e+00 7.56934631e-01 -1.57656759e+00 -1.97053569e-01 -1.81699662e+04 1.37027544e+01
 -6.91954973e-01 8.07694993e-01 1.55409037e+00 7.52265673e-02 7.44373952e+03 1.36997190e+01
 3.91318022e-01 -5.94782328e-02 5.68011892e-01 1.02885001e-01 -3.11201822e+03 1.37065381e+01
 -1.06736598e+00 -3.68715203e-02 -5.07633422e-01 -3.17890209e-03 -3.44564512e+03 1.36982102e+01
 7.48197253e-01 -9.94512509e-02 4.56231477e-01 -2.70185276e-01 2.94859375e+04 1.36996318e+01
 -6.01388587e-01 1.98540225e-01 -2.00709208e+00 9.88180993e-02 -6.88168563e+03 1.36956794e+01
 -1.81626529e-01 2.17504763e-01 5.41417256e-01 1.75327633e-01 1.39947072e+04 1.37035953e+01
 -5.35307434e-02 3.51913960e-01 -6.17161648e-01 -4.20482525e-01 8.08941195e+02 1.36993994e+01
 8.52340782e-02 5.73294958e-01 2.22353471e-01 -5.92701149e-01 -1.20854002e+04 1.36942651e+01
 9.05029479e-01 7.00677574e-02 -2.38998880e-01 3.94273696e-01 -1.40599998e+04 1.37064461e+01
 -4.03640319e-02 6.13948750e-01 8.64031470e-01 -1.46620560e-01 -1.68529299e+03 1.37013293e+01
 4.53888725e-01 -5.48422804e-01 2.09267982e-01 5.80638163e-01 8.19327648e+03 1.37027401e+01
 -5.67390256e-01 -1.55665410e-01 -6.87860254e-01 1.11993218e+00 2.56917353e+03 1.36943332e+01
 -2.48909028e-01 -4.99652171e-01 1.20327536e-01 -4.15723770e-01 -1.76821872e+04 1.37045576e+01
 -1.23847735e-01 4.09645158e-02 -1.13856209e+00 -2.47273110e-01 -6.70420563e+03 1.37015770e+01
 2.53296997e-01 5.49442411e-01 -1.09934698e+00 1.59497677e-01 2.25767347e+03 1.36928543e+01
 -1.69180882e+00 -2.98709268e-01 -2.12496935e+00 -4.39383160e-01 1.05721498e+04 1.37004935e+01
 1.35006878e-01 1.24388526e-01 -5.07654098e-01 9.18932600e-01 6.17882809e+03 1.37089709e+01
 6.53672785e-01 -3.77862271e-01 9.48674632e-01 1.60864968e-01 -8.93780615e+03 1.36975075e+01
 2.66323047e+00 6.30713609e-01 5.92814170e-02 2.32136414e-01 4.78913235e+03 1.37116572e+01
 1.41696326e+00 -5.08209600e-01 -1.74218711e+00 1.07921978e+00 -1.34123780e+04 1.36969594e+01
 3.27546736e-01 -8.31036775e-02 -1.49664726e+00 4.08975972e-01 1.65647766e+04 1.36995548e+01
 -1.14293907e+00 8.30015112e-01 -2.57458901e+00 4.41055143e-01 -2.72192991e+03 1.36957729e+01
 -1.01956625e+00 1.31924446e+00 2.05485646e-01 -2.22248695e-01 2.17556315e+04 1.36965295e+01
 -1.11664296e+00 3.67581726e-01 2.67563448e+00 1.93266203e-01 -2.36215054e+04 1.37001757e+01
 -1.04099807e+00 -9.88817273e-01 -6.35278398e-01 -9.86862422e-02 3.25303993e+04 1.36987302e+01
 -5.75166086e-01 -3.00938515e-01 1.50867952e+00 1.03148031e+00 2.72113164e+01 1.37014302e+01
 -9.15763274e-01 1.29384179e+00 8.32146365e-02 7.57785623e-01 1.71178712e+04 1.37025804e+01
 -2.80900844e-01 5.55232965e-01 1.23643310e+00 3.84959078e-01 -3.31892527e+02 1.37063196e+01
 2.86399007e-01 6.02283974e-01 -5.81030668e-01 8.72366481e-01 2.43173547e+03 1.36992657e+01
 9.30252941e-01 -3.02384056e-01 -6.82229648e-01 -2.20741299e-01 1.04870115e+04 1.37032014e+01
 -1.09662305e+00 -5.60333317e-01 5.34179562e-01 -3.37031670e-01 -2.62101923e+04 1.37060847e+01
 6.30367110e-01 -6.53972200e-01 1.79417131e+00 6.51509214e-01 -2.98664399e+04 1.36984842e+01
 9.69223598e-01 -1.63889855e-01 -4.83172947e-01 3.48470920e-02 4.51084798e+04 1.37051923e+01
 8.97269791e-01 5.02320520e-01 -7.38086481e-01 2.78147274e-01 2.69539319e+04 1.37107964e+01
 -1.19932703e+00 -3.11224236e-01 -1.47396262e-01 -2.49521235e-01 -2.68428373e+04 1.36841863e+01
 -1.16480824e-01 8.36110502e-02 5.05135850e-01 9.02967607e-01 2.96187529e+02 1.37044616e+01
 -4.29010187e-01 -4.24209766e-01 -5.72700481e-01 -2.79393268e-01 2.83580902e+04 1.37002616e+01
 1.60104528e-01 -5.31146937e-01 7.31999159e-01 -6.00632738e-01 2.33483338e+04 1.37118514e+01
 5.74499247e-01 -6.13275169e-01 -6.16828939e-01 -6.18002244e-01 -1.69852475e+04 1.36927370e+01
 6.27841053e-01 1.65246262e-01 -2.06508221e+00 -2.41410398e-01 1.50948556e+04 1.37012829e+01
 2.88897937e-01 6.04550366e-02 -5.13519321e-01 -6.81746231e-02 -7.46193229e+02 1.36873513e+01
 9.74644466e-01 1.92401793e-01 -1.22314212e+00 -2.96576798e-01 -6.03086581e+04 1.37012608e+01
 -3.34181221e-01 5.88064577e-02 5.51760209e-01 4.22478120e-01 1.00537538e+04 1.36956432e+01
 -1.29417272e+00 4.04920420e-01 4.65028865e-01 9.28994878e-01 -2.02043574e+04 1.36872943e+01
 -1.70552270e+00 1.12155899e-02 -6.64969554e-01 -1.36729300e-01 5.62581194e+03 1.36933597e+01
 2.74734865e+00 1.04453180e-01 -1.01181641e+00 3.83020685e-02 -2.02812465e+04 1.37039770e+01
 -9.70984769e-01 4.05929153e-01 2.25170401e+00 -1.75802754e-01 -7.74393528e+03 1.36996056e+01
 5.20216155e-02 -7.53350945e-02 8.17817158e-01 -7.50441761e-02 3.39023972e+04 1.37054743e+01
 6.73695718e-01 3.46555211e-01 6.73151072e-01 6.54815563e-01 7.39403218e+03 1.37046189e+01
 -6.80517430e-01 1.78711826e-01 4.13362328e-01 1.59063887e-01 1.35797959e+04 1.37025310e+01
 -1.60128767e+00 -5.84210592e-02 4.97294985e-01 -2.47774129e-01 -9.90019211e+03 1.36895899e+01
 -6.66795093e-01 -6.52880152e-01 -1.41075508e+00 -3.09332148e-01 3.47348701e+04 1.36961952e+01
 -6.10925163e-01 3.57233694e-01 1.06182566e-01 7.12572451e-01 2.14277029e+04 1.37013186e+01
 1.23180860e+00 -4.85266434e-01 -3.44191503e-01 4.60420210e-01 -2.27565802e+04 1.37070028e+01
 -1.05248089e+00 -7.54206260e-02 -1.30676780e+00 -6.96186493e-01 1.97361329e+04 1.36983333e+01
 -1.47197995e+00 3.89172357e-01 -1.06513272e+00 -1.96261268e-01 5.62711591e+03 1.36873593e+01
 1.66343400e+00 1.56637547e-01 -1.23827917e+00 3.03417504e-01 1.08407898e+04 1.37098461e+01
 -1.28269803e+00 1.03369536e+00 3.84085346e-01 3.63467560e-01 2.40220713e+04 1.36984480e+01
 8.06290085e-01 5.93382134e-01 5.68259385e-01 4.70811077e-01 1.90857263e+04 1.37041002e+01
 -2.10040874e+00 -5.40752315e-01 -3.73504546e-01 -5.65164313e-01 -2.20922273e+04 1.36876399e+01
 3.89510771e-01 5.41094297e-02 -5.54728496e-01 1.42356861e-01 -1.69969077e+04 1.36990537e+01
 1.24113945e+00 9.69242086e-01 1.01561849e+00 2.30719342e-01 7.24577885e+03 1.37035305e+01
 -1.23408286e+00 7.53644005e-01 -1.09488102e+00 -4.47616008e-01 -2.02175499e+04 1.36965090e+01
 3.95697760e-01 6.82906179e-02 1.27492044e+00 1.48628333e-01 -3.15793031e+04 1.37002462e+01
 -5.71289268e-01 8.60396505e-01 -1.90514907e+00 -1.37374397e-01 -2.82138290e+04 1.37039345e+01
 2.21283720e+00 9.79211005e-01 1.66648151e-01 1.10700815e-01 9.39216314e+03 1.37056214e+01
 -3.04410672e-01 2.02603045e-01 -1.28384080e+00 1.50818042e-01 1.14609148e+03 1.36969546e+01
 -8.32808418e-01 -3.91780565e-01 -1.57144586e-01 7.85969388e-02 6.64841488e+03 1.37019873e+01
 1.88550584e-01 1.16850368e+00 -1.63852498e+00 -8.00775475e-03 1.03273229e+04 1.37049528e+01
 5.18350938e-02 -5.26263623e-01 -3.52160224e-01 2.29249564e-01 -8.50050500e+03 1.37076552e+01
 1.42928907e+00 -3.16567655e-01 -4.50887489e-01 6.56550958e-02 9.30527998e+02 1.37232277e+01
 -5.86408597e-01 8.12802452e-02 1.44567990e+00 -1.07313534e-01 -1.93900367e+04 1.36995777e+01
 7.95948719e-01 8.16254289e-01 7.71150488e-01 5.73109471e-02 -1.92654645e+03 1.37024284e+01
 -1.32503464e+00 5.07105006e-01 6.29592771e-02 -3.04427723e-01 9.99965464e+03 1.36967090e+01
 4.85008291e-01 6.02076721e-01 -4.65018405e-02 -5.60429283e-02 -5.00154310e+04 1.37042132e+01
 -8.04351533e-01 7.32138229e-02 -1.95143112e+00 -8.31949849e-02 1.06044326e+04 1.37011456e+01
 1.78775127e-01 -5.87636652e-01 3.61692814e-01 1.53928771e-01 1.68915863e+04 1.37014137e+01
 -4.33283256e-01 2.74425952e-01 2.52920005e-02 -1.17731071e+00 1.48904065e+04 1.36951948e+01
 -7.95538394e-01 4.06171110e-01 -9.21866031e-01 -3.75311931e-02 7.62657523e+03 1.36948049e+01
 -4.03558879e-01 -1.64920350e-02 1.69577200e+00 3.22657851e-01 -7.22318387e+03 1.36896001e+01
 -3.08265929e-01 -1.20657292e-02 -2.89296685e-02 -9.98983138e-02 -3.08492766e+04 1.36999148e+01
 -1.54053395e-01 -4.93058253e-01 -2.23090903e-01 -8.45268648e-02 -2.83583224e+04 1.36939885e+01
 -6.61486827e-01 3.81941436e-02 5.00656164e-01 -3.01481307e-01 -4.32575043e+03 1.36988436e+01
 -5.31197316e-01 -3.61942309e-01 -2.47045593e-01 1.78929520e-01 4.16940504e+02 1.36966559e+01
 1.17895685e-01 1.17205131e+00 1.73919144e+00 -2.10567339e-01 -3.98307967e+03 1.36956485e+01
 -3.88682802e-01 1.53647434e-01 -8.39527100e-01 -8.32097272e-02 -3.24203382e+04 1.37036659e+01
 2.40134913e+00 2.49610468e-01 -9.13038363e-02 -6.79834732e-01 7.84304661e+00 1.36995836e+01
 -4.04378067e-01 -4.65090574e-01 -2.68472316e-01 -1.92470009e-02 5.36429506e+04 1.36948283e+01
 -1.07723164e+00 -4.68092017e-01 1.32499087e+00 1.59899323e-01 3.52274932e+04 1.36968269e+01
 -1.64388560e+00 -1.25751164e-01 -1.92855666e-01 1.21930259e-02 -1.55422574e+04 1.36917407e+01
 -1.77383889e-01 -2.38507692e-01 1.72809197e-01 -2.53395639e-01 -3.68454486e+04 1.37068934e+01
 1.71841128e+00 -6.97122642e-01 -8.34199862e-02 -1.11719924e-02 1.76089679e+03 1.37107531e+01
 -1.86420347e-01 -5.82554260e-01 4.22525980e-01 -2.03308305e-01 1.21209908e+04 1.37012089e+01
 -6.30903012e-01 5.02135751e-01 2.64002876e+00 -1.73298449e-01 -4.30083294e+04 1.37015685e+01
 1.17371185e+00 7.40550550e-01 1.75037184e+00 7.30126883e-02 -2.30733254e+04 1.37074505e+01
 -6.37683838e-01 -7.34454660e-01 -1.15665432e+00 -3.95542581e-01 -1.61575015e+04 1.36984036e+01
 -1.82735561e+00 -1.18621060e+00 -5.36794118e-03 3.76335258e-01 6.33388335e+03 1.37032797e+01
 -3.82841685e-01 3.47439584e-01 -1.01935273e-01 -1.59922723e-01 -2.24861442e+04 1.37015143e+01
 -2.41081204e-02 4.15962569e-01 3.59608670e+00 6.23381424e-01 1.30588796e+04 1.37060468e+01
 4.42192321e-01 5.20525753e-01 3.05216758e-01 9.66302471e-02 7.29747643e+03 1.37083670e+01
 -1.04929622e+00 1.41254542e-01 -1.99518666e+00 3.48757565e-02 -1.52354783e+04 1.36959739e+01
 -2.45075187e-01 8.23770197e-01 1.17438915e+00 -3.71121038e-01 2.22546023e+04 1.36877059e+01
 -7.94730456e-01 2.76651663e-02 1.04370914e+00 -7.37220797e-01 -2.14440988e+04 1.36918340e+01
 -4.71837916e-02 4.51300596e-02 -2.94716363e-01 -6.09074334e-01 2.54481886e+04 1.36958088e+01
 -5.36769322e-01 -7.62500704e-03 -4.12429985e-03 -3.74907680e-01 7.60989959e+03 1.36916221e+01
 -1.55216777e+00 -8.96851741e-01 -6.62306034e-01 -1.63971412e-01 1.26118438e+04 1.37025045e+01
 1.15534204e+00 2.38479305e-01 -1.82950098e-01 -1.80664317e-01 -7.82849426e+03 1.37011443e+01
 1.36744285e+00 2.58970382e-02 -1.15314251e-01 3.10657283e-01 1.04987350e+04 1.37034533e+01
 -1.28292963e+00 -5.12045157e-01 -9.88026498e-01 -4.24857984e-02 2.82393056e+04 1.37030317e+01
 1.14215103e+00 6.84582381e-01 7.92652182e-01 -2.67849894e-02 4.66053907e+03 1.36963568e+01
 -6.57047014e-01 6.20361595e-01 6.70793354e-02 1.04457165e+00 2.85721981e+04 1.36921590e+01
 -1.29528127e+00 -6.16916481e-02 -2.00112394e+00 -4.22349465e-01 3.26902897e+03 1.37052196e+01
 -1.77609983e+00 1.28526536e-01 4.57500099e-01 -4.39300115e-01 -6.40937984e+03 1.37007294e+01
 -1.90588648e-01 3.71659780e-01 1.52856312e+00 1.91076251e-02 -9.99170201e+02 1.36998234e+01
 1.20730364e+00 3.88641841e-01 2.07215374e+00 -1.03288125e+00 -2.26637655e+04 1.37103956e+01
 -9.98176265e-02 -3.13965072e-01 -6.17678370e-01 4.02138887e-01 -1.10562664e+04 1.36974957e+01
 7.14181800e-01 -1.13378188e-03 1.23152156e+00 1.63526432e-01 1.42888799e+04 1.37054078e+01
 2.83311574e-01 9.68217458e-02 -5.61535038e-01 -1.27349750e-01 1.83377361e+04 1.36939969e+01
 -1.26080822e+00 4.15332233e-01 -2.96730593e-01 -1.76442712e-01 -8.57937261e+03 1.36978610e+01
 1.07654032e-01 4.22035998e-01 -2.94344072e-01 -6.00869633e-01 5.04144954e+03 1.36945395e+01
 -4.17377680e-02 8.85164715e-01 1.13863511e+00 5.09173020e-01 2.53219173e+04 1.37055256e+01
 -7.16014672e-01 -6.44537994e-01 1.64178532e+00 -6.65340418e-01 -1.48957760e+03 1.36915456e+01
 -5.39385355e-01 -1.24139895e+00 -7.01739160e-01 -5.39317425e-01 -9.75731539e+03 1.36986757e+01
 -2.90695083e+00 9.88954116e-01 -1.59247885e-01 -1.97577823e-01 -2.15821736e+04 1.36946260e+01
 -5.14458740e-01 4.85698540e-01 4.40984855e-01 -1.56578390e-01 9.57531513e+03 1.36948075e+01
 -8.96515280e-01 -5.57476499e-01 -4.50171771e-01 3.05618582e-02 3.45278638e+03 1.36989432e+01
 -1.38501354e-01 -1.68386183e-01 -1.18278776e+00 2.39243313e-01 1.37340871e+04 1.36972603e+01
 5.65273892e-01 7.79615918e-01 3.80381525e-01 5.39006774e-01 -1.14460888e+03 1.37046294e+01
 -8.14044579e-01 -7.44120188e-01 9.24359643e-01 3.51284699e-01 7.84603705e+03 1.37050526e+01
 1.75430315e+00 -1.27283224e-01 7.19864616e-01 -5.08283670e-02 1.60330932e+04 1.37002829e+01
 6.36844160e-01 -7.05319807e-01 3.01901485e-01 -5.35529498e-02 -1.61570500e+03 1.37099445e+01
 -1.70074817e-01 1.92947127e-02 -1.41641361e-01 4.78834208e-01 -1.25033240e+04 1.36916491e+01
 -1.28420517e+00 4.56489776e-01 -4.13120988e-01 2.78455314e-01 5.29214169e+04 1.36960826e+01
 -2.13530654e-01 -1.63873790e-01 4.05584664e-01 -1.25332963e-02 1.72522292e+04 1.37036715e+01
 -1.69040341e-01 5.79517779e-01 9.62074719e-01 -6.30779218e-02 -1.72428990e+04 1.37062332e+01
 -1.42111525e+00 -3.19101711e-01 6.77428091e-01 2.36781676e-02 -2.68295533e+04 1.37044602e+01
 1.04911642e+00 -8.99359456e-01 -2.30633192e+00 -8.01949139e-01 -6.47862620e+03 1.37059206e+01
 -2.19609751e-02 2.53486011e-01 -1.02005738e+00 -4.44255490e-02 5.16670901e+03 1.36978285e+01
 4.62529062e-01 -6.76097324e-01 1.81306180e+00 1.53733166e-01 4.29535202e+03 1.36862411e+01
 -8.58268791e-01 -2.33633037e-01 -7.33641759e-01 3.03458187e-02 -7.92304427e+03 1.36905913e+01
 -4.96120503e-01 3.11013378e-01 -9.25261015e-01 -3.97240296e-01 1.07849836e+04 1.37046651e+01
 -1.35769423e-01 -3.30794461e-01 -8.16034151e-01 3.93368719e-01 1.26074468e+04 1.36972181e+01
 2.24628673e+00 4.93168040e-01 -3.24746728e-01 -5.12829386e-02 2.28915508e+04 1.37191118e+01
 -6.48588314e-01 4.52402667e-01 5.58661209e-01 4.15126620e-01 -9.72077905e+03 1.37053936e+01
 1.33399059e-01 -1.03752126e+00 -1.18186290e+00 -3.21904306e-01 3.14016156e+04 1.37009165e+01
 -1.97903814e+00 4.67157300e-01 1.75521456e+00 1.80618500e-01 1.71562782e+04 1.36869019e+01
 -1.00077226e+00 -3.41490607e-01 1.52662581e+00 6.77227864e-01 -2.67298322e+04 1.36923611e+01
 -1.70824931e-01 3.77268490e-01 4.63152122e-01 -7.31661861e-02 -3.40963549e+04 1.37037204e+01
 -1.18384359e+00 1.45941721e-01 -9.93757671e-01 -6.93428623e-01 -2.90509352e+03 1.37053237e+01
 -1.87613281e+00 -5.82006763e-01 -9.87040779e-01 7.25964184e-02 -1.59534463e+04 1.36928741e+01
 2.05957416e+00 -4.76171062e-01 -5.05623934e-01 -3.11246883e-01 -2.38899813e+04 1.37048645e+01
 -2.08158062e-01 -7.36953988e-01 6.79488218e-01 4.29425759e-01 -2.30061147e+03 1.36993226e+01
 -7.80998717e-01 3.88456352e-01 1.24714945e-01 -3.05258806e-02 6.15976951e+04 1.36970368e+01
 5.29261273e-01 -6.85033943e-01 -8.05535332e-01 1.21718642e-01 -1.41659623e+04 1.37080176e+01
 -5.70526252e-01 -4.66364251e-01 1.39569567e+00 4.50382754e-01 -2.26340333e+04 1.37009861e+01
 1.49574001e+00 1.40341694e+00 -5.15110214e-01 -4.40637193e-01 -1.81758678e+04 1.36993311e+01
 -1.46460724e+00 7.39299084e-02 -8.05975880e-01 5.64652578e-01 -3.16155269e+03 1.36997540e+01
 2.45480438e+00 -4.94180156e-01 -4.06043803e-01 -3.48303645e-01 -9.81708460e+03 1.37156580e+01
 1.25031894e+00 1.07970149e-01 6.70439215e-01 -4.13515304e-02 1.85676613e+04 1.37059474e+01
 6.06594245e-01 -1.20684318e+00 9.57707565e-01 -6.95050236e-01 2.13506487e+04 1.37019929e+01
 1.03661863e+00 -3.04805124e-01 2.14337518e+00 -4.19283113e-01 1.17528475e+04 1.37079097e+01
 1.26292503e+00 9.42530888e-01 1.98983029e+00 4.77700453e-01 3.62448271e+04 1.37080876e+01
 7.25976476e-02 -8.92859874e-01 -1.90503967e+00 -1.78850825e-01 1.36743569e+04 1.36951512e+01
 1.43507234e-01 -3.11884846e-01 3.39792408e-01 -2.12868227e-01 -3.20184744e+03 1.37077817e+01
 -7.86268528e-02 -5.50716442e-01 4.74772485e-01 6.62923106e-01 3.09556350e+02 1.37023142e+01
 1.04000812e+00 -1.96845359e-01 -3.94334142e-01 3.79339406e-01 -2.74538464e+04 1.37123601e+01
 -1.20263789e+00 6.53805570e-01 -1.59407274e-01 -2.22721412e-01 2.09666935e+04 1.36938461e+01
 1.12657761e+00 -5.06206993e-02 -5.90939468e-03 -3.32118543e-01 7.47914924e+03 1.36990588e+01
 -1.08813241e+00 6.89763126e-01 -2.99551930e-01 7.00541647e-01 -7.41161098e+03 1.36893684e+01
 -7.63160878e-01 -3.78950492e-01 2.49832845e-01 1.28042883e+00 4.14788055e+04 1.37003453e+01
 1.49555611e-01 -4.45918457e-01 -5.19524508e-01 4.11287740e-01 -7.57115069e+02 1.37038286e+01
 7.67943907e-01 2.10895176e-01 -1.38390331e+00 8.55542758e-02 2.96178122e+03 1.36998726e+01
 -3.28112593e-01 1.18592432e+00 6.56669133e-01 -2.65801340e-01 1.45274164e+04 1.36950645e+01
 -9.64435524e-01 -1.91730379e-01 -5.71860676e-01 -6.39736613e-01 -1.41201326e+04 1.36977214e+01
 -6.82209350e-01 -7.44530234e-01 1.79536916e+00 1.21642926e-01 1.63827218e+04 1.36874348e+01
 -4.84929070e-01 2.00309825e-01 9.13299133e-01 -3.55868380e-01 4.13708865e+04 1.36968180e+01
 -3.79924550e-01 -4.59396384e-02 2.54963089e+00 1.20423436e-01 -1.47205174e+04 1.37009802e+01
 -7.20322784e-01 2.90543837e-01 3.17892115e-01 -5.04913279e-02 1.22924260e+04 1.36963254e+01
 7.39871467e-01 3.92836720e-01 2.16283537e+00 1.08268655e+00 1.52612282e+04 1.36990352e+01
 1.01361519e+00 9.23819641e-02 -1.80351375e+00 6.02635630e-01 1.78280123e+04 1.36953005e+01
 -2.26713560e-01 -3.28413995e-01 -2.20329607e+00 2.01233161e-01 1.20812205e+04 1.36948393e+01
 4.74946337e-01 -2.11019342e-01 -1.67809607e+00 -6.20193467e-02 -1.55741321e+02 1.36895723e+01
 1.27879158e+00 -3.40531748e-01 5.21092401e-01 -2.02308716e-01 3.36516381e+03 1.37033308e+01
 9.29425570e-01 3.17561916e-01 -1.56502684e-01 -1.58754667e+00 4.09028452e+02 1.37011983e+01
 -1.71047530e+00 1.08615966e-01 -8.34642748e-01 1.74686925e-01 9.94358555e+03 1.36847659e+01
 1.68682373e-01 -1.03349910e-01 1.29093450e+00 -7.34226910e-01 5.95774322e+03 1.37037505e+01
 -1.28265826e+00 3.08500429e-01 -1.10079891e+00 -2.97107212e-01 -3.31182492e+04 1.36975832e+01
 -8.70593947e-01 5.18792730e-01 8.82636769e-01 4.09442531e-02 -2.15969624e+03 1.37027772e+01
 -9.42035240e-01 6.52413204e-01 -1.38167665e+00 4.60196712e-05 1.15835626e+04 1.37009122e+01
 -1.25346810e-01 1.26129681e-01 -1.92365595e+00 -4.81791625e-01 6.01115068e+03 1.37057593e+01
 -1.35261276e+00 4.58620916e-01 2.40823874e-01 3.35898357e-01 -1.76125007e+04 1.37060096e+01
 6.66679295e-01 6.96044521e-02 5.74803097e-02 -3.45334599e-01 -2.43946823e+04 1.36934405e+01
 6.79304740e-01 -3.12587321e-02 1.21028322e-01 -2.35836602e-01 1.60632207e+04 1.37061806e+01
 7.01347918e-01 -8.47138207e-01 -1.18317999e+00 3.40635436e-01 7.60293636e+03 1.37070998e+01
 2.06550113e-01 2.52601076e-01 1.42068675e+00 -3.04741914e-01 2.45610986e+04 1.37093217e+01
 1.70180853e+00 1.64282213e-01 4.18356376e-01 -4.50106860e-01 -3.70000545e+04 1.37055895e+01
 -1.33912518e+00 -2.28211345e-01 -1.66240326e-01 9.47675713e-01 -1.23329573e+04 1.36994970e+01
 5.81478230e-01 5.95506423e-01 4.72602132e-02 -7.06112256e-01 3.53479387e+03 1.36976743e+01
 -8.44108604e-02 9.69813018e-01 -7.19718868e-01 -2.33103860e-01 5.88840517e+03 1.37029768e+01
 1.31099005e+00 3.43539849e-01 -9.90290095e-01 -7.22576700e-01 1.01664805e+04 1.37137753e+01
 4.96374329e-01 -1.44455934e-01 -1.01629708e+00 4.32992534e-01 1.27494761e+04 1.37071835e+01
 2.83937832e-01 6.34866378e-01 -1.15646991e+00 6.50585142e-01 -3.07385387e+04 1.37008639e+01
 -3.65274406e-01 3.69285319e-01 -1.29777276e+00 -3.99691873e-01 4.06263085e+03 1.36954665e+01
 4.53758559e-01 -1.08499745e+00 3.72457192e+00 5.72866397e-02 -4.49061394e+04 1.36887751e+01
 4.36830880e-01 -1.27075866e-01 -1.58254945e+00 -1.64946237e-01 -1.95971253e+04 1.36981055e+01
 1.13153220e+00 8.68859258e-01 -9.98012276e-01 2.03086580e-01 3.58499344e+04 1.37052112e+01
 -4.51100713e-02 -2.79700222e-01 4.79499961e-01 -5.17198484e-01 2.95725291e+04 1.37000294e+01
 -2.66743006e-01 2.94904259e-01 8.03122318e-01 -2.95175640e-01 -3.06140302e+03 1.36958584e+01
 -1.65248451e+00 -6.63245588e-03 -4.26833405e-01 1.04028241e-01 9.92983319e+03 1.36969544e+01
 1.16093070e+00 1.02625575e-01 -5.58444673e-01 -7.85589492e-01 -1.98400310e+04 1.37055850e+01
 -6.50055958e-01 9.61237855e-02 -1.84036920e+00 1.46837078e-01 -8.64935356e+03 1.37055003e+01
 7.37842849e-01 -3.70678743e-01 -2.79426721e+00 -1.71209939e-01 2.04984028e+04 1.36994561e+01
 1.46015592e+00 -3.25879170e-01 3.88562867e-01 6.48792569e-01 2.35058336e+04 1.37061357e+01
 3.11963205e-01 -3.99703945e-01 -1.15380603e+00 1.04564932e-01 7.21037890e+03 1.37035025e+01
 2.53788369e-01 -1.05364053e-01 2.11642241e+00 -9.05951516e-02 -4.27773435e+04 1.37038690e+01
 6.23345074e-02 7.67862728e-02 2.05053632e-01 -4.01837309e-01 2.72621726e+04 1.37072400e+01
 -4.36025189e-01 -9.00485978e-01 -6.17445255e-01 -7.35801126e-01 -5.02792967e+03 1.37077785e+01
 1.82563298e+00 2.43233484e-01 -6.96071266e-01 9.25254893e-03 2.40000430e+04 1.37058292e+01
 -8.19097470e-01 3.67394852e-01 -2.00603856e+00 7.33410175e-02 3.04970559e+04 1.36924672e+01
 2.59171954e-01 -5.47066044e-01 -4.54290959e-01 -4.43243965e-02 4.04426850e+04 1.36945614e+01
 5.77474209e-01 -6.93411783e-01 1.19831116e+00 8.46492739e-02 6.01094325e+01 1.37024435e+01
 -8.54647786e-01 -6.20540821e-02 -2.26174510e-01 1.42551258e-01 1.21004375e+04 1.36919971e+01
 -1.62885062e+00 6.30178013e-01 1.22697207e+00 -2.77551177e-01 2.83187484e+04 1.36890910e+01
 -1.14646502e-01 -6.08959888e-01 -2.67653457e-01 -4.98024292e-01 2.14183225e+04 1.37009610e+01
 -5.32267589e-01 2.82940527e-01 -4.72351322e-01 -1.40493575e-01 2.74155407e+04 1.37025719e+01
 -2.03470940e+00 -5.29199497e-01 -1.18887179e+00 6.11147381e-01 1.74436796e+02 1.37001917e+01
 2.50156886e-01 5.20240748e-01 -9.06742522e-01 5.90241289e-01 -1.58301969e+04 1.36900883e+01
 2.94674314e-01 -2.84151882e-01 3.45929335e-01 1.29374702e-01 -8.49149881e+03 1.37058793e+01
 6.87963870e-01 -9.33912740e-01 2.38173214e-02 5.19177973e-01 -1.99513980e+04 1.37141153e+01
 -4.56866487e-01 4.13324309e-01 -2.03571213e+00 1.49570972e-02 2.61979038e+04 1.36951440e+01
 -5.80787909e-01 2.40884382e-01 5.09096027e-01 7.17316052e-01 2.44328245e+02 1.36903327e+01
 2.81742402e-01 2.93706653e-01 1.10607386e+00 4.10815438e-01 -3.70268780e+04 1.37062351e+01
 3.20548041e-01 -3.32379349e-01 -5.36024851e-01 -3.91634933e-01 -2.43994515e+02 1.37063334e+01
 8.91610186e-01 -2.11660238e-01 -9.60856944e-01 -4.10580409e-04 3.05978836e+04 1.36980467e+01
 -2.57937037e+00 -4.16568703e-01 -1.69695209e-01 -2.29891382e-01 -1.05295514e+04 1.36924759e+01
 -2.15687986e-01 -2.90264886e-01 1.65352024e+00 -3.49014586e-01 3.40581484e+03 1.36950718e+01
 1.53114825e+00 -1.56510856e-01 1.35768174e-01 1.22263350e-01 2.16023675e+04 1.37094990e+01
 5.12273375e-01 3.58892361e-01 9.95263112e-01 1.26397673e-01 -2.22656571e+04 1.37037097e+01
 9.20920647e-01 5.31330118e-01 -9.22495529e-01 7.25833624e-01 -1.37581148e+04 1.36925167e+01
 -1.02553498e+00 3.57031478e-01 -7.46792321e-01 -4.76959743e-02 2.11154680e+03 1.36867331e+01
 8.96058223e-01 9.99567198e-02 4.44633831e-02 4.73405361e-01 -9.75407255e+03 1.37050410e+01
 -8.52892036e-02 -2.58244311e-01 2.67129010e-01 -9.46152498e-01 9.15074254e+01 1.37002168e+01
 2.91116244e-01 -9.49244854e-01 7.79000656e-01 -3.89310532e-01 -2.17417639e+03 1.37049410e+01
 -2.50332412e+00 -8.87555101e-01 2.26727535e-01 1.94143038e-01 -4.37475241e+04 1.36870884e+01
 -4.28178730e-01 -4.30932878e-02 1.52343669e+00 5.32163600e-01 -9.49275467e+03 1.37063821e+01
 8.22425853e-01 -6.75845551e-01 -7.51603572e-01 -2.93720006e-01 1.37050299e+04 1.37070769e+01
 -6.68183857e-01 -2.07157201e-01 1.58972489e+00 -3.06772130e-01 -1.51695613e+04 1.36996070e+01
 -3.74473163e-01 2.84194656e-01 1.36439453e+00 -3.57240833e-01 -2.80931339e+04 1.37081990e+01
 5.89555246e-01 1.02466893e+00 1.32845373e+00 8.52999024e-01 -5.02368531e+03 1.37038037e+01
 1.12788218e+00 -2.36334766e-01 5.70349588e-01 1.84301817e-01 1.83827671e+04 1.37026823e+01
 -2.68401304e-01 4.12863532e-01 7.41441895e-02 6.65384526e-02 -1.83110278e+04 1.37048903e+01
 -2.61875989e+00 -3.96490749e-01 -1.56441168e+00 -5.14750022e-01 -2.87626570e+04 1.36862231e+01
 -1.50727558e+00 3.21028492e-01 -4.35697927e-01 -9.42323991e-01 -1.47342187e+04 1.36875784e+01
 1.40431981e+00 -1.92554392e-01 6.18785494e-02 -1.35664925e-01 2.47759113e+04 1.37081067e+01
 6.52559709e-01 7.93900810e-01 -1.21796516e+00 -4.46465110e-02 2.65945712e+04 1.37110949e+01
 1.15611654e-01 -2.55631382e-01 5.42837635e-02 4.31936968e-01 9.56575825e+03 1.36969681e+01
 -1.09747648e+00 1.15213849e-01 1.86820766e-01 -2.70340406e-01 -1.63013769e+04 1.37054291e+01
 1.77929000e+00 -9.09225501e-02 1.45385596e+00 4.09360148e-01 3.21540677e+04 1.37044816e+01
 2.04370376e-01 2.95972928e-01 1.70247308e+00 -8.36065682e-01 -8.91704142e+03 1.36998240e+01
 1.10968706e+00 -5.22930632e-01 2.81210447e-01 -2.16480602e-01 -1.42910494e+04 1.37124213e+01
 4.67254903e-01 2.41021662e-01 5.39841726e-01 -2.82458736e-01 -6.53855356e+03 1.36846724e+01
 -8.96940662e-01 -8.48001732e-01 7.84884100e-01 4.05477740e-01 3.74056597e+04 1.37022482e+01
 3.41235423e-02 8.15766524e-01 2.20399224e+00 -2.63393201e-01 -1.67130797e+04 1.36909419e+01
 2.04998989e-01 1.06256626e-01 2.58982681e-01 -3.83424025e-01 1.06107681e+04 1.36878990e+01
 1.52201006e+00 -9.48111967e-02 -4.34786700e-01 1.42658581e-01 -1.78287519e+04 1.37010674e+01
 9.00222239e-01 2.54618247e-01 5.68420841e-01 5.66656585e-01 8.97099680e+03 1.36931570e+01
 -1.87952366e+00 -1.89577536e-01 6.34562979e-01 -4.47955822e-01 8.56292324e+03 1.36931772e+01
 -8.27438724e-01 -4.26981601e-01 7.32785300e-01 -3.22830430e-01 -6.81579165e+03 1.37038569e+01
 -3.02130068e-01 6.08664654e-01 5.43803666e-01 -2.80758981e-02 -1.20168956e+04 1.36927067e+01
 2.52488995e-01 5.26206316e-03 -6.76314962e-01 7.27918294e-02 -1.23547860e+04 1.36919598e+01
 -1.38783955e+00 2.91428170e-01 8.27575811e-02 -4.11261979e-02 -1.04768481e+04 1.36912382e+01
 9.36892965e-01 3.97824289e-01 -5.27193753e-01 -1.56955644e-01 1.54114736e+04 1.36973823e+01
 2.44118792e-01 -6.73287596e-01 -1.09996876e+00 6.27170466e-02 4.88030294e+02 1.37127319e+01
 -6.17588176e-01 -1.27031086e+00 1.04010960e+00 -2.54387778e-01 -4.00428353e+04 1.36992164e+01
 -1.13352520e-01 6.70504955e-01 2.07227395e-01 4.92385917e-01 1.99910717e+04 1.36930347e+01
 8.46882866e-01 -4.50399446e-01 3.30319165e-02 8.26877810e-02 1.34383879e+04 1.37042888e+01
 -6.52066298e-01 -8.17031408e-02 1.78394646e+00 -2.04868791e-01 7.88365644e+03 1.36997413e+01
 4.00931393e-01 -2.47141591e-01 2.01573207e-01 -7.10550558e-01 -1.39704076e+04 1.37093963e+01
 9.73295552e-01 -7.59546516e-01 2.25214446e+00 6.00328449e-01 -1.59770855e+04 1.37075993e+01
 1.60626777e-01 -3.65356062e-01 -1.65102354e+00 4.02424024e-01 7.31844005e+03 1.37037383e+01
 -1.39578699e+00 2.90097939e-01 -1.69991818e+00 -6.57597328e-01 -8.18737824e+02 1.37089998e+01
 1.99219507e-01 -1.47559297e-01 -4.76294515e-01 5.34582439e-02 1.50785074e+04 1.36912482e+01
 2.24421597e+00 1.06076170e-01 -8.57104861e-01 -6.75474047e-01 2.88024013e+04 1.37098860e+01
 6.81519443e-01 -2.44936592e-01 5.05867091e-01 -4.35453867e-01 3.19873871e+04 1.37069067e+01
 -5.35724978e-02 5.68172417e-01 -1.94658279e+00 -1.36834824e+00 -3.36597521e+04 1.36947706e+01
 -6.32041240e-01 -5.50306269e-01 1.94550397e-01 6.30548091e-01 -1.71827634e+03 1.36980520e+01
 -1.22078216e+00 8.58127236e-01 -1.09316753e+00 2.76210208e-01 -3.32807381e+04 1.37006559e+01
 -6.86919515e-01 -1.98938227e-01 -3.18126777e-01 -7.93496583e-01 3.87316140e+03 1.36885950e+01
 -1.52138573e-01 2.53652240e-01 1.75654473e+00 -1.14582621e-02 -8.21625059e+03 1.36989284e+01
 5.89448271e-01 3.13621448e-01 2.49277383e+00 2.52819949e-01 2.32956011e+04 1.36946320e+01
 -7.74615234e-01 6.93002037e-01 -2.31522203e+00 3.43981849e-01 -3.25335058e+04 1.36984262e+01
 2.65227680e-01 -3.37534466e-01 -8.44472804e-01 1.11164903e-01 -1.88050744e+04 1.37007925e+01
 -1.65485297e+00 -4.15065288e-01 -7.61538069e-01 -4.42828858e-01 -4.93556343e+03 1.36897317e+01
 -1.47487207e-01 6.84216143e-02 -2.33716918e-01 1.75020645e-01 -2.00948633e+04 1.36965977e+01
 -7.72493799e-02 -1.94431917e-01 1.87487326e+00 -6.01590190e-01 -5.48212592e+03 1.37091865e+01
 1.43860443e+00 -2.19546546e-01 2.03130583e+00 -1.89618493e-01 -1.25061926e+04 1.37017318e+01
 -3.32757161e-02 7.51930047e-02 6.46548490e-01 -4.76461040e-01 -2.38293163e+04 1.37024681e+01
 -1.33628837e-02 2.54689501e-01 1.06702387e+00 1.30103357e-02 9.62133565e+03 1.36991607e+01
 -9.07581072e-01 8.95588308e-01 -9.34427653e-01 2.91768745e-02 1.15017371e+04 1.36956770e+01
 1.82143409e+00 -2.07056580e-01 1.61631664e+00 6.80468272e-02 -3.68422787e+04 1.37037098e+01
 2.10022951e-01 2.74537718e-01 -3.91247801e-01 -9.74229924e-02 1.15683784e+04 1.36976103e+01
 2.71113772e-01 -1.41013586e-01 -1.21790146e+00 7.79149510e-01 -8.79832046e+02 1.36923118e+01
 -1.42989454e+00 3.92848441e-01 3.51792389e-01 2.87785723e-01 -2.77973448e+04 1.37011805e+01
 -3.10264205e+00 -4.49738715e-01 -1.05794497e+00 -9.02319675e-02 -9.28743887e+03 1.36703582e+01
 3.35574183e-01 2.85689253e-01 -7.73476277e-01 -1.21510591e-01 2.43118915e+04 1.37066943e+01
 7.53826019e-01 -4.62814721e-03 2.19618050e+00 -1.81551116e-01 4.14566338e+03 1.36996936e+01
 3.55982635e-01 -2.27440771e-01 -1.56878122e+00 -6.75731366e-01 1.62338718e+04 1.37081070e+01
 -1.52818723e+00 -6.99171030e-01 2.12315529e-03 -2.56949973e-01 5.63762707e+04 1.36946424e+01
 2.25164200e+00 3.49424872e-01 1.29638374e+00 1.52285738e+00 -9.27110600e+01 1.37050030e+01
 -8.39386294e-01 2.94740309e-01 8.08643142e-01 -1.86620598e-01 -4.44213785e+03 1.36975343e+01
 1.98036159e-01 -5.89937373e-02 1.55620332e+00 -1.24909528e-01 6.76308560e+03 1.37102497e+01
 -1.91394672e+00 -4.63983157e-01 1.30010775e-02 9.39687524e-02 4.67657403e+04 1.37028128e+01
 1.43232461e-01 -4.40436160e-01 7.79743484e-01 4.72076623e-02 -4.90260227e+03 1.37005782e+01
 8.06739939e-03 5.81687529e-01 -6.16927913e-01 -1.11209048e+00 -4.07436028e+03 1.37018473e+01
 -6.86454525e-01 -6.35083622e-01 -8.86249009e-01 -6.77010169e-01 -2.11490716e+04 1.37012577e+01
 -1.22487628e+00 9.00282077e-02 9.94922514e-02 -2.44212197e-01 -1.84867019e+04 1.36941543e+01
 -2.23327730e-01 -3.35009807e-01 -1.03026845e+00 -2.91793705e-01 -2.04147669e+04 1.37028617e+01
 -1.37362993e-01 7.40934932e-01 -2.67068309e-02 -7.47624304e-01 -7.54541736e+01 1.37043086e+01
 1.06447952e+00 -4.18932173e-02 1.94755526e-01 -6.15357659e-01 2.51037313e+04 1.37037059e+01
 -6.97011907e-01 -3.51195589e-01 7.28373932e-02 6.24592067e-01 3.96972989e+03 1.36949452e+01
 -4.34796363e-01 -1.08099849e-01 2.04579380e+00 4.69748670e-01 8.72115706e+03 1.36935542e+01
 1.22425417e+00 -7.12801927e-01 -4.71119945e-01 -5.98464924e-01 5.02711776e+04 1.36965384e+01
 -2.79114100e-01 -2.61358066e-01 1.00590206e+00 3.79308629e-01 2.12158834e+04 1.37003677e+01
 2.90898216e+00 8.46707934e-01 3.06540983e-01 -1.87505639e-01 3.87998278e+03 1.37161860e+01
 -1.30928632e-01 4.41532013e-01 -8.98436766e-01 -2.24101529e-01 -1.43986088e+04 1.37058667e+01
 3.86821249e-01 -5.01202027e-02 7.89230641e-01 3.09755816e-02 1.33776486e+04 1.36874392e+01
 -3.87580169e-01 8.84935135e-02 -2.48229010e+00 4.51652669e-01 -1.85002265e+04 1.36997184e+01
 9.94985606e-01 3.61058487e-01 6.17995039e-01 6.04466364e-02 1.80275163e+04 1.37040635e+01
 2.68790796e-01 -6.29655037e-02 9.92433928e-02 5.20307978e-01 -1.04053915e+04 1.36954689e+01
 -1.25727027e+00 -7.32616324e-02 -4.70800506e-01 -8.79632570e-01 -1.91689027e+04 1.36948964e+01
 -9.38385884e-02 -1.15747484e-01 -4.22456370e-01 2.71272331e-02 -3.16858065e+04 1.36989232e+01
 6.83318798e-01 2.35689755e-01 -1.56254128e+00 8.43079247e-02 -1.86067215e+04 1.37001891e+01
 -1.68924301e+00 4.86106114e-01 1.15264139e-01 -3.57346787e-01 -1.33797220e+04 1.36966454e+01
 8.39018282e-01 3.63541871e-02 1.62012408e+00 -7.70364766e-01 -1.38139362e+04 1.36992378e+01
 -1.46100227e+00 -9.76889069e-02 -9.49037208e-01 3.07725515e-01 3.45868289e+04 1.36978651e+01
 1.31094118e+00 -6.54922298e-01 4.95678251e-01 4.12274965e-01 -3.78212665e+03 1.36969217e+01
 4.12640563e-01 2.76876767e-01 7.84200600e-01 -3.19726004e-01 -3.35852111e+04 1.36969235e+01
 3.23912437e-01 1.41758041e+00 -4.18752379e-01 1.69402914e-02 1.26666924e+04 1.36968962e+01
 1.08855071e-01 1.33499851e-01 1.37319834e+00 1.90785207e-01 -4.16370205e+03 1.37045091e+01
 9.24288732e-01 -1.83628126e-01 5.56845113e-01 8.60280712e-01 9.54273679e+03 1.37026772e+01
 1.79504864e+00 -4.29225271e-01 -1.48363602e+00 -2.51294724e-01 3.36965414e+03 1.37071530e+01
 -3.28376928e-02 8.50697033e-01 1.53695217e+00 -7.81894913e-01 1.03375037e+04 1.36919815e+01
 7.88652678e-01 -1.03556846e-01 2.96894634e+00 -3.96763782e-01 -2.08640222e+04 1.36895714e+01
 6.48195146e-01 -6.56912937e-02 1.05031840e+00 -4.56593817e-01 -3.27198736e+04 1.37076241e+01
 1.81376810e+00 1.74332935e-01 -2.10638294e+00 6.42168003e-01 9.15648108e+03 1.37045184e+01
 9.65903921e-02 9.71373281e-01 -4.96105005e-01 2.47802432e-01 -6.30399787e+03 1.36972937e+01
 9.03386303e-01 -4.28457974e-01 -2.31175245e+00 1.63404718e-01 2.50614156e+04 1.37009467e+01
 6.21047111e-01 1.04278299e+00 -1.53833590e+00 -2.87418546e-01 1.61379617e+04 1.36894922e+01
 7.80679864e-01 5.94553801e-01 4.76119434e-01 6.03592546e-01 -1.50363838e+04 1.36930613e+01
 -4.80033242e-01 -7.45038202e-01 -1.28318556e+00 -3.01562923e-01 -3.92264190e+03 1.36936279e+01
 -2.43414711e-01 -1.37869017e-01 -3.45564175e-01 -4.99566266e-01 -3.82027730e+03 1.36925317e+01
 3.98005363e-01 7.54259208e-01 -2.00288720e+00 1.12539822e-01 3.25184939e+04 1.37003536e+01
 1.25976750e+00 3.76060535e-01 -6.49474121e-01 -1.99481912e-01 4.20670663e+04 1.37105959e+01
 -2.20647613e-01 -4.33815903e-01 -2.34326681e-01 -3.07535187e-01 1.86192364e+04 1.37000391e+01
 7.11912776e-01 4.41092068e-01 9.36834070e-02 -5.94996767e-01 3.96256377e+03 1.37091208e+01
 -9.61152390e-01 6.01137934e-01 -1.67505763e-01 -2.22981324e-01 -6.31504802e+03 1.36995293e+01
 8.24480322e-02 1.10141416e-01 -1.34265080e+00 3.59531851e-01 1.26382068e+04 1.36976169e+01
 8.60184057e-01 -3.80402177e-01 -5.89975066e-01 2.00464124e-01 1.08555090e+04 1.37049476e+01
 1.21322091e+00 -1.95679425e-01 4.23064770e-01 -5.75586317e-01 -7.69068628e+03 1.36984508e+01
 -4.43306528e-01 -1.65680692e-01 7.17296846e-01 -4.09523567e-01 -7.95115406e+03 1.37060138e+01
 -5.15271311e-01 6.25939479e-01 4.49363601e-01 2.45566554e-01 -4.52097408e+04 1.36902428e+01
 -3.64530669e-01 -9.77401220e-01 -4.38216887e-01 5.50370915e-01 -7.28242109e+03 1.37005110e+01
 -1.10949509e+00 -3.51505880e-01 -1.69079392e+00 -4.20266666e-01 -1.37378187e+04 1.36891182e+01
 -1.40948842e+00 -5.16733397e-01 1.89783080e-01 -3.99577113e-01 -1.49986155e+04 1.36925118e+01
 -3.28182630e-01 4.01236573e-01 -4.11380267e-01 7.13637595e-02 7.08232901e+03 1.37001777e+01
 -4.05331562e-01 1.36509705e-01 1.01243854e+00 1.94090563e-01 -1.50121287e+03 1.37041910e+01
 1.17025193e+00 3.18695613e-01 4.87416331e-01 -3.46927445e-01 1.07415727e+03 1.36972177e+01
 9.17365499e-01 3.07416786e-01 -1.45561437e+00 -9.14215815e-02 6.52620054e+03 1.37131994e+01
 5.20557110e-01 -2.84051004e-01 -2.24280629e-01 -6.79839597e-02 -1.78845864e+04 1.36957410e+01
 9.53958807e-01 6.15988907e-01 8.32875463e-01 5.69491947e-01 4.19449483e+03 1.37086561e+01
 1.56395855e+00 -3.50777888e-01 -9.63071368e-01 1.04153887e-01 -2.50160922e+04 1.37057734e+01
 1.76507200e-01 1.95525865e-01 -1.93970066e+00 1.83562036e-01 -7.83218052e+02 1.36844454e+01
 -7.55578514e-01 -2.09864532e-01 2.38182954e+00 1.95344573e-01 4.02694975e+03 1.37069012e+01
 1.34275705e+00 5.83016417e-01 -7.64634953e-01 -3.50691889e-01 -1.29837875e+04 1.36964312e+01
 1.35092223e+00 3.33715052e-01 1.12227034e+00 8.94863490e-02 -1.70374798e+02 1.36960581e+01
 -8.97171393e-01 4.75554778e-01 1.08504660e+00 6.53898759e-02 -3.04221989e+02 1.36941509e+01
 5.06958721e-01 -4.97646619e-01 -1.96010126e+00 1.77544380e-01 6.03473098e+03 1.37047928e+01
 -3.34897431e-01 -3.72177942e-01 -1.29579265e+00 -2.20068461e-01 -6.07492717e+03 1.37039202e+01
 1.47260583e+00 -5.17641152e-01 -1.51728710e+00 -9.60772704e-01 1.13294414e+04 1.37147053e+01
 -8.73793413e-01 1.09216338e+00 3.62150820e-01 4.35263089e-01 -1.27132812e+04 1.36985431e+01
 -6.28639735e-01 1.66273511e-01 9.28082946e-01 6.46867908e-02 7.40083609e+03 1.37054918e+01
 -3.17666737e-01 3.55592757e-01 -5.10183632e-01 -3.40920828e-02 -5.71886460e+03 1.36921880e+01
 5.84720141e-01 1.16439208e-01 -2.36842540e+00 -5.43426308e-02 -8.96920981e+03 1.36947984e+01
 -6.31823927e-01 4.62818526e-01 -2.20951476e+00 -5.21288810e-01 1.61782363e+04 1.36930136e+01
 1.24833210e+00 -3.97508778e-01 7.55076196e-01 2.82625881e-01 -8.31159828e+03 1.36934346e+01
 8.25760558e-02 -9.29161625e-02 1.27038389e-02 -1.12287310e-01 5.76097005e+04 1.37019743e+01
 6.09124168e-01 -2.33363537e-01 -4.49749842e-02 -5.55920905e-01 1.89942022e+04 1.36988428e+01
 1.41417153e-01 1.45899344e-01 6.35847335e-01 4.16107572e-01 1.71922844e+04 1.37070613e+01
 -9.14149268e-01 -4.82802315e-01 -9.58265529e-01 1.90257993e-01 -2.72088843e+04 1.36948054e+01
 -2.80228706e-01 -1.65469312e-01 -8.38082193e-01 -5.27649807e-01 -8.71475329e+03 1.36969886e+01
 -5.49910911e-02 8.34875536e-01 -1.89277536e-01 4.00776219e-01 -1.08615153e+04 1.36904793e+01
 5.05638483e-02 1.08296264e+00 -3.22430597e-01 -3.05346632e-01 1.44176249e+04 1.37114969e+01
 1.46914249e+00 -6.20137481e-01 9.56664163e-01 1.02131730e-01 1.79397020e+04 1.36899305e+01
 1.59355862e+00 4.08089438e-01 2.09832263e-02 -6.57173739e-02 -1.03911042e+04 1.37165383e+01
 -1.16061929e-01 3.06996034e-01 -7.92890729e-01 -5.45678167e-01 -3.57340522e+04 1.37158161e+01
 6.25415611e-01 4.67616740e-01 -7.67629281e-01 -6.82248192e-02 -4.60773814e+04 1.37033844e+01
 -5.03833529e-01 -8.94486157e-01 8.43269808e-02 -2.72494949e-01 6.68718811e+03 1.36909715e+01
 -7.75869081e-02 -2.22042118e-01 -3.31831019e-01 2.07488929e-01 -8.33032500e+02 1.37092464e+01
 1.78198214e+00 -3.15935599e-01 -5.08733958e-01 -1.69279701e-01 6.47423622e+03 1.37012504e+01
 9.80359945e-01 7.03955389e-01 -1.33095234e+00 3.79039453e-01 -1.40867808e+04 1.36959494e+01
 1.07824599e+00 4.21914632e-01 1.16440361e-01 -3.31970644e-01 -8.67535971e+03 1.37119098e+01
 -3.48496378e-01 2.44619551e-01 -1.91018356e-01 -2.70613811e-01 -3.82262225e+04 1.36874973e+01
 9.64103531e-01 -4.28773978e-01 -1.08505717e+00 -2.47726592e-01 7.04809997e+03 1.37056405e+01
 -9.66348084e-01 3.74006265e-01 -5.21546328e-01 -3.19920711e-01 1.04355651e+04 1.36960366e+01
 -4.05370795e-01 -1.19003150e-01 5.67632052e-01 -8.33000488e-01 -1.82143199e+04 1.36968116e+01
 -4.41213114e-01 -7.96482060e-02 1.47400980e-02 5.20293056e-01 3.78347813e+04 1.37005108e+01
 7.19758214e-01 3.76126706e-01 3.32946754e-01 -6.65579036e-02 -1.96855627e+04 1.37020350e+01
 -9.32848355e-01 -9.97902546e-03 1.45564100e+00 -4.34711418e-01 1.83544744e+04 1.36928361e+01
 9.50202109e-01 1.51088848e-01 1.23311662e+00 6.89275559e-01 3.47373392e+03 1.37111401e+01
 -1.63714814e+00 -2.75528556e-01 2.27117344e-01 4.09814828e-01 1.34739363e+04 1.36884603e+01
 -6.08266404e-01 -9.89317026e-01 1.13357764e+00 4.21584426e-01 6.90082550e+03 1.36943134e+01
 2.79492017e-01 -3.54177880e-01 -2.11556558e+00 9.66345772e-02 2.98148128e+03 1.36999310e+01
 -6.15343755e-01 4.25296862e-02 1.68089634e+00 -3.00122062e-01 1.05712534e+04 1.37039612e+01
 -2.55364096e-01 4.55563343e-01 -6.57297361e-01 1.26255883e-01 -3.46993589e+04 1.36922187e+01
 -5.56711663e-01 8.41671527e-01 -8.96447583e-02 -2.57163988e-02 -1.60474500e+03 1.36918060e+01
 7.43005788e-01 -3.20079148e-01 -2.31825786e+00 -1.84793551e-01 1.13467477e+04 1.37112904e+01
 2.02054459e-01 5.00269294e-01 -1.18259800e+00 -1.07310589e+00 4.48649386e+03 1.36969470e+01
 -1.57416031e-02 3.29762337e-01 -5.83350845e-01 6.78403039e-01 -4.03477986e+03 1.37050576e+01
 -1.02442829e+00 1.31419069e-01 -1.61031227e+00 5.53607109e-01 -2.91788342e+03 1.36924128e+01
 -3.42482439e-02 7.01080174e-02 -9.56362271e-01 -2.04635104e-01 3.80087134e+04 1.36942595e+01
 5.50717415e-02 -6.02609149e-03 -2.25423855e+00 -2.31294479e-01 2.73702493e+04 1.36867496e+01
 9.02610424e-02 -5.93195780e-01 3.58741624e-01 -2.96514049e-02 -2.66214469e+03 1.36940050e+01
 -1.12188830e+00 5.93367216e-01 -1.44761329e+00 7.49227986e-01 -4.38420626e+04 1.37073289e+01
 -1.02159695e+00 1.95814820e-01 1.63030656e+00 9.21605972e-02 1.27232385e+04 1.36968808e+01
 6.77166370e-01 -8.33304687e-02 9.58921625e-02 2.42166878e-01 2.63442196e+03 1.36918838e+01
 2.25744646e+00 2.32994868e-01 -9.75249776e-02 1.91549429e-01 -4.15804016e+03 1.37008027e+01
 -2.24435994e+00 8.94148708e-02 2.35429196e+00 3.15168381e-01 -1.18894903e+04 1.36946135e+01
 2.11287993e-01 1.52536329e+00 -7.17189914e-01 -4.32042136e-01 -1.77609410e+04 1.37034071e+01
 -1.44991806e+00 1.11812055e-01 3.94471529e-01 1.59198879e-02 -5.57268229e+03 1.36825724e+01
 -5.26071637e-01 -6.38776595e-01 1.35663065e-02 1.06882653e+00 1.61409171e+04 1.37005263e+01
 -9.13459033e-01 1.63911628e-01 -9.71664630e-02 1.77957911e-01 -9.50812765e+02 1.37143647e+01
 1.01256709e+00 -3.81456882e-01 -1.66827643e+00 -2.78801723e-01 -2.97411076e+03 1.37043892e+01
 9.13465892e-01 1.17780177e-01 9.63740212e-01 4.72721163e-01 -4.69131051e+03 1.36984768e+01
 4.01265266e-01 -7.87133052e-01 -1.37857485e+00 -1.60619022e-01 -1.32404357e+04 1.36858713e+01
 6.67736808e-01 7.08753486e-01 -1.93697119e-01 2.97490305e-02 1.63615644e+04 1.37049385e+01
 9.34865539e-01 -4.86089956e-01 2.18392383e-01 1.03377905e-01 6.04623941e+02 1.36945151e+01
 4.33486325e-01 -8.44086971e-03 -3.61985128e-01 6.00587157e-01 2.88550838e+04 1.36922830e+01
 -1.49697847e+00 6.14298471e-01 7.47187787e-01 -1.67455638e-01 1.08784332e+04 1.36832228e+01
 7.19055721e-01 -1.21603016e-01 2.20026490e+00 -1.83738849e-01 8.67229769e+03 1.36989967e+01
 3.66757518e-01 6.47830758e-01 -1.37161762e-01 3.05317616e-01 6.16295129e+03 1.37038609e+01
 -9.66744375e-01 -3.76247995e-01 3.83639316e-01 -2.12366574e-01 9.87253411e+03 1.36990336e+01
 1.94874229e+00 1.59271567e-01 3.20858332e-01 6.61209933e-01 -7.15415600e+03 1.36998748e+01
 -1.22719480e+00 -5.65644453e-01 1.86211089e+00 -4.32011302e-01 -7.79347646e+01 1.37013974e+01
 2.47548500e-01 5.23773488e-01 -9.84545621e-02 -1.09500698e-01 -1.38706514e+04 1.36919814e+01
 -1.04155162e+00 1.93243042e-01 -8.37068878e-01 3.62047722e-01 -1.52748871e+04 1.37014232e+01
 2.18784740e-01 -1.13639393e-01 6.70457651e-02 -2.24396645e-01 1.92971831e+04 1.36963621e+01
 9.22557705e-01 -6.17457572e-01 -1.70351941e+00 3.43268961e-01 -3.08992724e+04 1.37102392e+01
 7.92841127e-01 3.75440427e-01 -2.34222489e+00 -4.58824560e-01 -4.79110548e+03 1.37154223e+01
 9.98140000e-01 -1.31049110e-01 -2.04183041e-01 -3.26420206e-02 -8.16964692e+03 1.37138485e+01
 -6.84545975e-03 -4.51594700e-01 -1.08053956e+00 -3.06192374e-01 1.59952198e+04 1.37004617e+01
 -1.19372677e-01 3.25855789e-03 8.93721334e-01 1.15855862e+00 2.14530205e+04 1.36932628e+01
 4.23814449e-01 2.45887242e-01 1.92558563e-01 -3.05490288e-01 3.99997112e+01 1.37027170e+01
 -3.39342367e-01 2.66713913e-01 2.49532398e-01 4.68429628e-01 -2.29961725e+04 1.36872024e+01
 1.22130637e+00 -3.56806388e-01 2.36746137e+00 -3.52453736e-01 2.96983854e+03 1.37083309e+01
 -1.52201513e-01 2.28870260e-01 2.28675377e-03 9.12106234e-02 -3.50225060e+03 1.36961735e+01
 5.76666680e-01 2.60888247e-01 1.60167421e-01 -2.42031846e-01 -2.18475573e+04 1.37057937e+01
 9.85037642e-01 9.32594221e-01 -3.46225567e-01 2.03244897e-01 -8.48251727e+03 1.36912993e+01
 -1.30554222e+00 -4.42599223e-02 2.75173116e+00 -4.17143745e-01 5.02977667e+04 1.36987610e+01
 -4.44242432e-01 -3.77496413e-01 -2.31087310e+00 -4.68652179e-01 -1.96450818e+04 1.36956937e+01
 9.65583964e-01 1.94696254e-01 -7.03692710e-01 -3.15208659e-01 -8.85005515e+03 1.37139577e+01
 1.03550458e+00 4.44097730e-01 1.88198015e+00 -1.04237542e-01 -4.89392186e+03 1.36987475e+01
 1.10123323e+00 -7.86281818e-02 -1.16265126e+00 -4.49223898e-01 -5.88886739e+04 1.37002926e+01
 -4.48660057e-02 -2.47224134e-01 3.38901411e-01 3.51890796e-01 4.38003282e+04 1.36916267e+01
 -2.94497539e-01 -6.74210078e-02 2.99977782e-01 -8.95577512e-01 1.81387306e+04 1.37032772e+01
 1.23927718e+00 1.02748655e+00 7.13694609e-01 -2.14760911e-01 3.50058972e+03 1.37126828e+01
 2.68225665e+00 -1.29781855e-01 -1.12036184e-01 2.19056376e-01 2.03569218e+04 1.37106086e+01
 -3.15484142e-02 4.93364136e-01 1.43061959e+00 6.56788977e-01 7.89677335e+03 1.36954324e+01
 2.72378923e-01 7.12826247e-01 -1.88865825e+00 8.72898695e-02 1.94787301e+04 1.36939743e+01
 2.40640567e-01 -6.55155508e-01 8.70265499e-01 -6.96440477e-01 -2.18173684e+04 1.37025078e+01
 -1.35490882e+00 3.36937968e-01 -1.63670446e+00 5.06382364e-01 -7.66222206e+03 1.36909730e+01
 -1.30417823e-01 -6.90997223e-01 1.42163415e+00 1.94931476e-01 1.01496760e+04 1.36945099e+01
 8.34519099e-01 -3.83538133e-01 -8.04814900e-01 -2.23542806e-01 -1.94909323e+04 1.37061465e+01
 6.33376596e-02 -1.11157232e+00 -9.40124508e-01 1.06860963e-01 5.85393246e+02 1.37103146e+01
 -9.22972669e-01 1.17232028e+00 7.04459908e-02 4.23183349e-01 -1.37960182e+04 1.36913943e+01
 4.17636513e-02 -1.69812548e-01 -1.46487351e+00 5.39315526e-01 -1.06987075e+04 1.37027156e+01
 1.92120004e+00 2.07290711e-01 -1.61895110e-01 -4.05153584e-01 -8.11321615e+03 1.37090801e+01
 -1.75942403e+00 -9.87412752e-02 -4.96734508e-01 -3.32620091e-01 2.14176258e+04 1.37008981e+01
 1.75943336e+00 1.30472707e-01 1.41541506e+00 2.10799622e-01 8.14404799e+03 1.37182247e+01
 5.74358416e-01 -1.16978644e-01 -6.86554210e-01 -8.79144317e-01 1.53898267e+03 1.36983187e+01
 -1.68530761e+00 -6.51030276e-01 6.43704980e-01 1.30654452e-01 1.55428589e+04 1.36921072e+01
 -1.77094261e+00 -1.43505378e-01 4.24113462e-01 2.76983063e-01 -1.56799167e+03 1.36972710e+01
 1.62357529e-01 9.14814705e-01 -4.64241603e-01 -3.45796501e-01 -1.78392051e+04 1.37008312e+01
 1.26407401e+00 4.58149374e-01 -5.93559229e-01 -6.56889406e-01 -2.13654612e+04 1.36993276e+01
 6.87822628e-01 2.46895417e-01 -1.58719552e-01 -2.57681377e-01 -1.54359771e+04 1.36919690e+01
 -8.52088826e-01 4.77148068e-01 8.66714804e-01 3.00504287e-01 1.02703274e+04 1.36961663e+01
 1.90366197e+00 1.17097916e+00 4.78445915e-01 -2.07513975e-01 -1.11860557e+04 1.36967999e+01
 8.24178575e-01 -1.20266333e-01 4.98052402e-01 -1.23680665e-01 -1.50774000e+04 1.37113399e+01
 -6.19636692e-01 -1.33169828e-01 6.51873939e-01 -1.06078936e-03 -2.19792148e+04 1.37003281e+01
 -4.84430823e-01 2.39113821e-01 9.91300180e-01 -4.45986653e-02 -5.05831561e+03 1.37057614e+01
 3.01738552e-01 -3.51082391e-01 3.10634008e-01 -3.06794296e-01 -8.20626287e+03 1.36834704e+01
 -1.23736207e+00 2.80977034e-01 -4.01159797e-01 8.17616982e-01 3.74433481e+04 1.36889876e+01
 7.95584838e-02 -8.60745718e-01 -2.89114908e-01 -5.49554965e-01 3.42935161e+04 1.36951028e+01
 4.21090061e-01 -6.31336522e-01 -6.96990248e-01 1.32202067e-01 1.72551456e+04 1.37087908e+01
 -1.43587605e-01 6.74910063e-01 -1.58257716e+00 4.70482070e-02 -2.73712114e+04 1.36983428e+01
 -1.07003113e+00 2.73288390e-01 7.06145387e-01 9.16585801e-02 -6.58017804e+02 1.36981490e+01
 7.62460294e-01 1.35495447e-01 8.49465513e-02 1.61770237e-01 -1.81676365e+04 1.36954452e+01
 -7.64287636e-01 -1.84908475e-01 -3.28846555e-01 5.86849405e-01 -1.58464837e+04 1.36975786e+01
 -2.71394084e+00 -5.18278823e-01 1.07330811e+00 5.66450101e-01 1.74445936e+04 1.36847480e+01
 1.72815414e+00 -4.65825338e-01 2.18020231e-01 -3.21269156e-02 1.71806699e+04 1.37059381e+01
 1.21556665e+00 1.13986365e+00 -2.34357991e-01 1.00361971e-02 -1.44697678e+04 1.37076506e+01
 2.05472812e+00 -1.96272968e-01 1.86373994e+00 -2.25855387e-01 -2.49123077e+04 1.37215517e+01
 -1.76570765e-01 2.16171500e-01 -2.49573811e-01 -5.93614199e-01 -1.62948278e+04 1.36979046e+01
 1.40471631e+00 1.35596044e+00 -1.50611068e+00 3.95774119e-03 1.73346430e+04 1.37053637e+01
 -1.08090260e+00 1.37398418e-01 -9.36455977e-04 2.20132445e-01 2.47437355e+03 1.36980567e+01
 -3.43208506e-01 5.18765956e-01 -8.44627849e-01 -2.10880432e-01 -3.48616164e+04 1.36995900e+01
 4.66492619e-01 8.04213459e-01 6.00292221e-01 -6.96750898e-01 3.21341599e+03 1.37029261e+01
 9.25361339e-01 -1.05924613e-01 -4.93514437e-01 -5.19556607e-02 -6.01093692e+04 1.36978219e+01
 1.49310021e-01 6.02685364e-02 -2.38776288e+00 -5.94534705e-01 -3.84950137e+03 1.37054077e+01
 8.36903578e-01 2.72650910e-01 1.64379225e-01 -8.07448741e-02 -9.88761924e+02 1.37135776e+01
 7.89673946e-01 -1.15057666e-01 6.14435300e-01 7.80209057e-01 -1.96350034e+04 1.37063536e+01
 1.15029314e-02 5.81084243e-02 -2.10831542e+00 2.13649799e-01 2.66891089e+04 1.37008130e+01
 2.15974187e+00 4.33778781e-01 -1.40587145e+00 4.24463816e-01 -2.11610209e+04 1.37130094e+01
 -4.07564412e-01 -4.19801831e-01 -1.44751568e-01 -5.65069461e-01 1.11261228e+04 1.36948558e+01
 2.08158769e+00 -5.21109179e-01 4.28194754e-01 4.24911609e-01 6.59599870e+03 1.37105896e+01
 -1.92680204e-01 -9.49389679e-01 -8.60667737e-02 9.20380621e-02 1.23508251e+04 1.37020786e+01
 2.51800709e-02 5.45822780e-01 -1.01130047e+00 4.95746883e-01 5.31911643e+04 1.37025481e+01
 3.05632531e-01 1.09101767e-01 7.91889153e-02 2.92904631e-01 -8.43584163e+03 1.36965962e+01
 1.40680318e+00 -1.66392501e-01 -5.46101119e-01 -2.57475343e-01 1.90693512e+04 1.36998787e+01
 -7.92030289e-01 -2.02178826e-01 3.15975168e-01 4.41506724e-01 -2.33948345e+04 1.37009044e+01
 6.81032351e-01 5.40177360e-01 -1.64142885e+00 -8.29406480e-03 1.29096836e+04 1.37039112e+01
 -1.11820122e+00 2.32831552e-01 2.95625359e-01 -8.57040330e-01 -1.66732523e+04 1.36927921e+01
 4.91088336e-01 -9.15448293e-01 -9.14191829e-01 -5.75616198e-01 2.50443727e+04 1.36959416e+01
 -4.46156716e-01 1.06669444e-01 6.12175460e-01 -3.10791710e-01 -7.58722726e+03 1.37002814e+01
 -1.95744614e+00 3.17871786e-01 1.01976896e+00 4.14859241e-02 -9.22989972e+03 1.36901413e+01
 7.89607467e-01 7.73692875e-01 1.33932901e+00 -4.18263460e-01 1.08925783e+04 1.36986519e+01
 1.20125389e+00 6.98695284e-02 1.46941759e+00 3.42789923e-02 1.53543497e+04 1.37075276e+01
 -7.17521015e-02 3.12423867e-01 -2.26507620e-01 4.85226885e-01 2.29965051e+04 1.36954718e+01
 5.62952787e-01 -6.85271886e-01 6.94984032e-01 -2.71836143e-01 1.23291619e+03 1.36923857e+01
 -2.26598593e-01 6.08736725e-01 2.78310672e-02 -1.51511006e-01 -2.11070637e+04 1.36962071e+01
 -1.01490297e+00 -9.21429744e-01 -6.41345102e-01 -4.19483856e-01 -2.88577509e+03 1.36912323e+01
 -4.29024869e-01 -5.19131996e-01 -6.66895605e-01 -1.94689359e-01 2.60904472e+03 1.37015707e+01
 2.26547772e-01 -2.43180319e-01 -4.96562815e-01 1.99783166e-01 1.56163906e+04 1.36981694e+01
 -2.32079609e-01 2.17917529e-01 -6.45355996e-02 3.23340875e-01 -1.17661138e+04 1.36967444e+01
 -1.97895206e+00 6.93382693e-02 -5.88928332e-01 -2.80122797e-01 1.14067832e+04 1.36998675e+01
 9.57517193e-01 -1.29338642e-01 -1.91442015e+00 7.45432301e-01 -6.47722983e+03 1.36998720e+01
 -1.38576863e+00 3.25519557e-01 1.51033413e+00 6.28631200e-02 3.40833309e+04 1.37025493e+01
 -4.87794551e-01 -1.51852891e-01 1.50140762e+00 9.24194343e-01 9.01968104e+03 1.36931846e+01
 -2.88671177e+00 -4.74156877e-01 -5.21910084e-01 -2.83182306e-01 1.95447345e+04 1.36873429e+01
 3.07221572e+00 -1.31564267e-01 -4.24919961e-02 -4.22017560e-01 6.68694436e+03 1.37073898e+01
 -4.53984957e-01 1.26595957e+00 2.01218367e+00 -4.86893624e-01 7.32153014e+03 1.37071207e+01
 1.19734459e+00 -8.89331412e-01 4.23203723e-01 2.47931841e-01 -2.13402716e+04 1.37004713e+01
 1.64539955e-01 -6.69436814e-01 -1.75826410e-01 6.91781160e-01 1.39082505e+04 1.36961305e+01
 1.19460773e+00 -3.82793286e-01 -3.64538584e-01 1.96361036e-01 1.91988865e+04 1.36983371e+01
 -1.66717030e-01 -2.37523238e-01 1.04097164e+00 -4.64655308e-01 -1.36045270e+04 1.37023598e+01
 2.19800786e-01 5.63697557e-01 8.37569317e-02 6.37362612e-01 -3.91511026e+04 1.36998418e+01
 6.86746043e-02 6.73935078e-01 1.12360275e+00 -4.35198279e-01 2.63198311e+04 1.36902070e+01
 7.85568118e-01 -1.68801163e-01 1.23578325e-01 7.59743815e-01 1.45347669e+03 1.36998996e+01
 7.63766909e-01 3.97130574e-02 3.49183837e-01 -3.84937658e-01 -7.34197893e+03 1.37059665e+01
 -5.64524847e-01 1.83821062e-01 3.36360325e-01 -6.53785837e-01 -1.68409075e+04 1.36884789e+01
 -1.77698659e-01 -1.23942998e-01 -1.32145010e+00 2.33252471e-01 -1.91888775e+04 1.36999124e+01
 6.43341563e-01 -7.39593140e-01 -8.28242260e-01 3.61722923e-01 -1.20099839e+04 1.37081919e+01
 1.93599871e+00 3.67678783e-01 -9.36938094e-01 -1.10917317e+00 -4.88687663e+03 1.37190677e+01
 -7.19325694e-01 3.26010914e-01 1.95600462e+00 8.42673516e-01 7.91248999e+03 1.36943907e+01
 1.61158830e+00 2.66445196e-01 4.95203884e-01 9.19190332e-01 -9.89431977e+03 1.37059192e+01
 7.93350469e-01 6.90324464e-01 -3.15794902e-01 7.69524525e-01 -3.67815335e+04 1.37005763e+01
 -1.25840038e-01 -5.17429003e-01 -1.41784554e+00 -7.24341731e-02 2.91123907e+02 1.37002396e+01
 -1.79697941e-01 6.52835520e-01 -4.08006362e-01 6.19377210e-01 -5.10198141e+03 1.36934981e+01
 4.78608989e-01 -3.40774162e-01 -1.41367016e+00 4.50398339e-01 2.24148193e+04 1.36967201e+01
 1.96592857e-01 -6.58283131e-01 8.99810889e-01 7.07704082e-01 9.03447944e+03 1.37073227e+01
 -3.52272842e-01 1.86530454e-02 -6.13182247e-01 -1.31970238e-02 -1.76431621e+03 1.36961398e+01
 -3.21343412e-01 7.68853468e-01 -1.41111670e-02 5.46297278e-01 -1.36127159e+04 1.36894208e+01
 -1.33350941e+00 -3.28661579e-01 3.57558220e-01 -1.37547269e-01 2.89783797e+03 1.36847411e+01
 -1.62808676e-01 5.53785231e-02 9.49693060e-01 2.90726208e-02 -3.93946732e+04 1.37053995e+01
 2.48255740e+00 -3.15261552e-01 6.49812762e-01 -4.54251451e-01 1.73444320e+04 1.36996088e+01
 -7.81861179e-01 -9.65120310e-02 -5.58632702e-01 -3.42407998e-01 -4.34934035e+03 1.37060580e+01
 -3.02558886e-01 -3.98369097e-01 -1.65205727e+00 2.89288612e-01 3.40791959e+03 1.37042143e+01
 -2.09979404e-01 8.63942602e-03 1.61514663e+00 5.61565475e-01 -9.10131997e+03 1.36991596e+01
 -1.19194305e+00 4.80718881e-02 -8.80549494e-01 1.28730733e+00 9.00471705e+03 1.36919989e+01
 5.50871821e-01 -7.50948163e-02 -5.18790628e-02 -6.41664689e-02 1.67673903e+04 1.37006919e+01
 -1.30102128e-01 6.17092247e-01 -7.36535969e-01 3.05646846e-01 2.48504031e+04 1.37143160e+01
 -2.58584279e+00 1.31185456e-01 1.71097947e-01 -4.33151932e-01 3.25418590e+03 1.36955897e+01
 7.98253285e-02 1.95309230e-01 -1.85375345e+00 7.04580535e-01 2.27073499e+04 1.36950713e+01
 -9.71811706e-01 -9.46718762e-01 6.71620472e-01 -6.13283688e-02 -1.46833792e+04 1.36886387e+01
 -1.11540429e+00 2.71337749e-01 8.70984338e-01 2.38769259e-01 -3.68915816e+03 1.36969363e+01
 -1.73844957e-02 5.23582131e-01 2.16460353e-01 3.00677564e-02 -1.28519777e+04 1.36876007e+01
 6.34349592e-01 -5.86932871e-01 2.39924145e-01 5.19615053e-02 -1.67099951e+04 1.37033943e+01
 5.33212968e-01 -1.27780257e-01 4.30648411e-02 3.37077909e-02 3.76831878e+04 1.37049285e+01
 1.15578032e+00 -1.49789679e+00 -6.02085955e-01 -4.88266878e-01 -2.93618048e+04 1.37087000e+01
 8.81189084e-02 -4.14126240e-01 -3.61940433e-01 -1.21538949e+00 -4.22114564e+03 1.36950125e+01
 -1.23833205e+00 2.04394194e-01 -1.33891903e+00 7.41541775e-02 5.38853122e+04 1.37062023e+01
 -7.20957538e-01 -7.47407742e-02 4.22070271e-01 -1.86329365e-01 2.53525078e+03 1.36955677e+01
 -8.99430172e-02 -1.21889659e-01 6.75873347e-01 3.49646629e-01 -7.83314873e+03 1.37021986e+01
 6.31677843e-01 5.93975476e-01 -1.44827073e-01 -3.63665329e-01 -3.39176140e+03 1.36977352e+01
 -2.46675092e-01 6.29403738e-01 -9.98770857e-01 -1.39351217e-01 1.42239885e+04 1.37002163e+01
 1.43246599e+00 1.24743210e-01 3.60181793e-01 -4.17087041e-01 7.15396040e+02 1.37081922e+01
 1.37033221e+00 1.16171503e+00 -2.16582318e-02 2.62135312e-02 1.69875303e+04 1.36998133e+01
 -3.66550816e-01 -4.02920056e-01 9.02147875e-01 -1.75477963e-01 -2.43613148e+04 1.36860345e+01
 -1.19653172e+00 -3.87154907e-01 3.87116217e-01 -4.16504630e-02 -1.10010258e+04 1.36922506e+01
 -1.42462353e+00 1.25318989e-01 -2.24610532e+00 2.61367057e-01 1.13333589e+04 1.36896645e+01
 -2.20168193e+00 2.75418998e-02 2.74750548e+00 -1.90581095e-01 8.40282145e+03 1.36922771e+01
 -1.92161258e+00 3.15756395e-01 -1.28693131e+00 -2.70691480e-01 -5.77898310e+03 1.36869446e+01
 6.19664218e-01 4.95072535e-01 2.14877123e+00 5.02583911e-02 3.16700171e+03 1.36986569e+01
 9.33285762e-01 7.43068482e-02 -1.56565781e-02 -3.27189085e-01 -1.41225785e+04 1.37113409e+01
 1.40574600e+00 -9.30972581e-01 1.96929409e-01 -3.04718036e-01 -3.44945023e+03 1.37046233e+01
 7.06857140e-01 -7.26689948e-01 -1.12662895e+00 -2.57657430e-01 6.52578004e+02 1.37028897e+01
 7.83540363e-02 -8.06933132e-01 1.11830902e+00 -8.68280647e-01 1.58488465e+04 1.37073476e+01
 -1.29425664e+00 2.74848669e-01 1.04723677e+00 8.35759593e-01 -8.28636661e+03 1.36969695e+01
 1.24670412e+00 1.32348316e-01 9.62210034e-01 7.17734202e-01 4.22906120e+03 1.37024135e+01
 5.22766381e-01 -7.95158837e-01 -2.72171663e-01 1.91105520e-01 -1.47436205e+04 1.36956466e+01
 1.56516881e+00 8.88341681e-01 -1.47826658e+00 6.89125711e-01 -2.92735577e+03 1.37028410e+01
 7.60564043e-01 1.12573836e+00 2.65248111e-01 4.34824925e-01 -9.15119251e+02 1.37015578e+01
 4.07441173e-01 4.03656301e-01 6.12628391e-01 1.15405856e-01 1.99685207e+04 1.36860279e+01
 2.23760880e-01 -5.14742858e-01 1.38165802e+00 -2.42804494e-02 -1.82752387e+04 1.37033712e+01
 4.44252398e-01 1.41629436e-01 -7.57223550e-01 1.21328149e-01 -2.28785786e+04 1.37080343e+01
 -9.18250638e-01 -3.81078059e-01 1.35569239e+00 7.43830096e-02 2.90677078e+03 1.36889041e+01
 1.86029253e+00 -6.54483082e-01 8.72358326e-01 -5.01165835e-02 2.82442069e+04 1.36978624e+01
 3.50318114e-01 -5.61311155e-01 1.70698121e+00 1.38660890e-01 -5.73861115e+04 1.36964407e+01
 -2.01441551e+00 8.57258824e-01 1.09951956e+00 1.81446919e-01 6.98943236e+03 1.36975018e+01
 -4.05638220e-01 2.19531287e-01 1.19587069e+00 9.36066640e-02 -6.23308996e+03 1.36973129e+01
 1.13486510e+00 6.37817224e-01 8.31304819e-01 -3.28188664e-01 -1.52451239e+04 1.36928800e+01
 -9.57296579e-01 4.55117784e-01 1.13118101e+00 -1.98568960e-01 6.61623775e+03 1.37014358e+01
 8.67428497e-01 5.20301158e-02 8.78646083e-02 4.64424787e-01 -1.54974261e+04 1.37111206e+01
 -1.07927752e+00 1.28649190e-01 1.52311672e+00 -4.18657031e-01 1.25216915e+04 1.36968529e+01
 1.38786116e+00 3.65082115e-01 4.61575135e-01 2.44224570e-01 7.49933585e+03 1.36957611e+01
 1.07624212e+00 3.00684068e-01 -2.23226497e+00 3.76533876e-01 -2.17553296e+04 1.36995769e+01
 3.58516392e-01 -6.89166289e-02 -4.31569784e-01 2.46385756e-01 1.81223628e+04 1.37012228e+01
 -1.81806689e-01 -3.08774948e-01 -1.02775194e+00 -3.26340764e-01 -3.74483485e+03 1.36974580e+01
 -6.85749675e-01 -7.23259209e-01 -3.52921555e-01 -2.67278862e-01 1.17945073e+04 1.37003715e+01
 -2.63127149e+00 -4.45215211e-01 -2.50690758e-01 2.74797840e-01 -1.81278942e+04 1.36913107e+01
 -6.06794449e-01 8.74486168e-01 2.74849961e+00 -2.52967859e-01 -1.31831881e+04 1.36942448e+01
 7.37001902e-01 -2.12941094e-01 1.64998406e+00 4.69714862e-01 3.14865373e+03 1.37080878e+01
 1.80607454e+00 -3.59480396e-01 -3.65062949e-01 -7.65764179e-01 -3.71045403e+04 1.37044974e+01
 8.50803553e-02 9.96460912e-01 -1.29561040e+00 -3.01421754e-01 -6.77917369e+02 1.37001205e+01
 -5.38719928e-01 3.07997094e-01 1.58589362e-01 1.35459634e-01 1.21634021e+04 1.36962154e+01
 3.54734588e-01 4.53589064e-01 1.95722536e+00 4.53002587e-02 2.39092096e+04 1.37041869e+01
 -1.90371868e-01 -2.13276216e-01 -1.44140706e+00 -2.83472553e-02 -6.08874257e+03 1.37018541e+01
 -5.91263551e-01 -4.74943018e-01 4.32205844e-01 -8.23043579e-02 -1.59152042e+04 1.37003254e+01
 6.58124636e-01 5.38040898e-01 -9.27643486e-01 -3.89431684e-01 3.54254504e+04 1.37056563e+01
 2.57468592e+00 4.03051122e-01 -2.13118962e-01 -4.62129996e-02 1.11811080e+04 1.37105073e+01
 -1.03957625e+00 -7.18588006e-02 1.78667790e+00 1.77267260e-01 -2.01341897e+04 1.36985940e+01
 1.10115202e+00 -6.74485322e-01 2.40183397e+00 -3.74091672e-02 -2.97735644e+03 1.36997086e+01
 1.70130695e+00 -7.68676501e-01 -6.13734682e-01 -8.70027230e-02 -2.71972559e+04 1.37131466e+01
 -1.99022959e+00 -2.23725786e-01 -1.78034467e+00 -5.13176655e-01 -1.21321783e+03 1.36889522e+01
 -1.21815537e-02 1.55966506e-02 -9.34077709e-01 -5.22882757e-01 2.22620141e+04 1.37020110e+01
 -9.14048629e-01 -1.10404163e-01 2.22861287e+00 6.15609608e-01 -1.51187494e+04 1.36906946e+01
 1.12300449e+00 -4.18444317e-01 -7.84035295e-01 1.96214661e-01 1.57597442e+04 1.37037616e+01
 9.77854273e-01 -7.34374330e-01 1.21912256e+00 4.43034465e-01 -8.09347734e+03 1.37062180e+01
 4.26979208e-01 -2.66130241e-01 -2.68437342e+00 -1.48890681e-01 8.59906377e+02 1.36993847e+01
 -1.73706928e-03 -5.28836586e-02 1.08887716e-01 7.74607306e-01 2.40318342e+04 1.36970905e+01
 1.31555528e+00 -4.71434397e-01 -1.37875537e+00 -6.52741693e-02 3.76953402e+03 1.37034540e+01
 1.91099116e+00 2.28366800e-01 -1.95800552e-01 -3.51745462e-03 -1.08860371e+04 1.37113291e+01
 2.25962545e-01 -4.22241182e-01 1.05218467e+00 8.05533957e-02 -3.63394064e+04 1.36977506e+01
 -1.30851660e+00 9.42120101e-01 5.23566581e-01 2.64558655e-01 -8.63822005e+03 1.36922600e+01
 1.91238931e-01 -6.67657326e-01 6.36943109e-01 -1.08324199e-01 1.83077226e+04 1.37029435e+01
 1.32736586e+00 7.70331730e-01 2.02212679e+00 2.00295948e-03 -9.64878315e+02 1.37105131e+01
 2.17209664e-01 1.12599431e+00 2.54594472e+00 -1.80092632e-01 -2.11902097e+04 1.37045545e+01
 -4.02386563e-01 5.04669588e-03 2.32054160e+00 -2.70051243e-01 1.55278752e+04 1.37114534e+01
 7.86590726e-01 -1.39015911e+00 6.31233824e-03 3.69018336e-01 -1.67169677e+04 1.37083663e+01
 3.58596774e-01 6.41666069e-01 6.82809716e-02 1.71446349e-02 -8.59712985e+03 1.37040366e+01
 1.41570300e+00 -7.62624990e-01 2.14073284e-01 -4.13498231e-01 2.27282812e+04 1.37105794e+01
 5.75941242e-01 1.03396980e+00 -1.00881897e+00 1.24823262e-01 -1.37923027e+04 1.37077444e+01
 -3.18334617e-01 -6.69610740e-01 1.68949715e+00 -8.61905671e-01 1.67973123e+04 1.37033711e+01
 -1.08834100e+00 8.23512803e-02 -7.35703784e-01 -7.66111721e-02 -1.22655901e+04 1.37042441e+01
 4.03237349e-01 -1.15168483e+00 -8.70759382e-01 3.50636069e-01 2.76978223e+03 1.37040114e+01
 7.54897424e-01 3.76465891e-01 1.79062627e+00 6.06978479e-02 -7.88442840e+03 1.37097393e+01
 -1.43675845e+00 1.29599517e-01 -6.35698033e-01 -2.48770236e-01 -1.39909959e+04 1.36962561e+01
 -1.17408187e-01 -8.70731502e-01 -1.70191017e+00 -2.19909548e-01 -3.79166603e+03 1.36929343e+01
 -2.13576490e-01 1.72572934e-01 1.73274913e+00 3.46448862e-02 1.30020105e+04 1.37112128e+01
 -1.39060604e+00 -1.60344492e-01 3.47020473e-01 -5.43518439e-01 5.32606391e+03 1.36900747e+01
 -6.30444793e-02 1.97718042e-01 -2.48572106e-01 -2.47185463e-01 -2.63910952e+03 1.36961573e+01
 1.95559956e+00 1.60899898e+00 9.31554309e-01 -2.61306024e-01 2.59380111e+03 1.37132882e+01
 1.57018708e-01 1.52310247e-01 3.82210798e-01 2.14884721e-01 1.67641925e+04 1.37001405e+01
 7.51762710e-01 -5.81624311e-01 -6.30562193e-01 2.50333198e-01 2.92655720e+04 1.37000652e+01
 -6.60232948e-01 -1.91799621e-01 -2.39912511e+00 2.86939109e-01 -3.78604422e+04 1.36999853e+01
 -6.17047933e-01 -7.99014079e-01 3.95083013e-01 -3.81210052e-02 1.02285974e+04 1.37002875e+01
 -1.52718947e+00 -5.06023996e-01 -8.26712757e-01 -5.45415384e-01 7.71159936e+02 1.36936994e+01
 2.78234020e-01 4.63428191e-01 6.66218176e-01 -3.67438723e-01 8.57990395e+03 1.37120593e+01
 2.58078642e+00 1.25965332e-01 1.80754168e+00 2.03181102e-01 5.27733940e+01 1.37107842e+01
 -3.47500360e-01 -6.09142988e-01 1.69603545e+00 -6.77779422e-01 -1.11583675e+04 1.37177441e+01
 -1.90982723e+00 -4.55706073e-03 -1.12138777e+00 -3.94506572e-01 -2.63560316e+04 1.36982339e+01
 2.27832068e+00 1.05698666e+00 4.75757816e-01 -2.26047043e-01 6.85160676e+03 1.37116097e+01
 -2.21697833e+00 -1.50588046e-01 1.19785598e+00 5.34910967e-01 -1.14398666e+04 1.36969922e+01
 -1.94359405e-01 9.41287574e-01 7.80216262e-01 4.28286242e-01 2.87909874e+03 1.36995707e+01
 9.41294776e-01 5.18795849e-01 1.02757809e+00 6.67390281e-01 2.41974949e+04 1.37088654e+01
 8.89402001e-01 2.82677700e-02 1.20620570e-01 -9.89014292e-01 -1.31389909e+04 1.37125040e+01
 1.35623156e-02 -8.43744540e-01 1.20536469e+00 3.92539919e-01 2.81991162e+03 1.36971071e+01
 -1.72718210e+00 5.75101579e-01 3.50213677e-01 4.77005758e-01 5.03325394e+03 1.36861408e+01
 -2.29118485e+00 4.39472615e-01 4.75595198e-01 4.28495113e-01 2.73551622e+04 1.36757721e+01
 5.57288311e-01 -1.77070780e-01 9.92902206e-01 -2.72773773e-01 1.51171376e+04 1.36941470e+01
 1.72028121e-01 6.93042549e-01 2.20261149e+00 6.18626585e-01 1.13492107e+04 1.36985288e+01
 8.80570850e-01 -6.01885190e-01 1.94789730e+00 1.84628676e-01 -3.20620432e+04 1.37032858e+01
 -1.11902282e+00 -2.54835637e-02 -1.08728965e+00 -4.36131320e-01 7.45877126e+03 1.36963507e+01
 3.33972834e-01 -8.62331684e-01 -6.44577925e-01 2.63116767e-01 2.42454994e+04 1.37088350e+01
 -1.98056806e+00 -4.37480261e-01 -4.93502333e-01 -1.62167357e-01 -1.42559283e+04 1.37028114e+01
 -2.70979064e-01 1.86973209e-01 8.45158717e-01 -3.36997722e-01 1.16177662e+04 1.36932542e+01
 1.97608139e-01 -3.20192240e-01 -2.86012541e+00 -2.18463695e-01 -1.02321126e+04 1.36881046e+01
 -6.05271482e-01 3.97966559e-01 1.31753164e+00 4.47019228e-01 2.94408081e+03 1.36963194e+01
 -1.99690028e+00 -1.28339689e-01 -3.65558933e-02 2.51566543e-01 -1.06108735e+04 1.36897201e+01
 5.17870177e-01 2.22763274e-01 -1.13624249e-01 6.39636909e-01 3.22332016e+04 1.37044353e+01
 -6.93928396e-01 1.11269625e-01 1.11857973e+00 -5.35121555e-01 1.20880439e+04 1.37008818e+01
 -1.52916907e+00 -2.78355495e-01 1.13522005e-01 5.84388659e-01 7.59551358e+03 1.36953069e+01
 -1.92354627e-01 7.87624473e-01 -9.82568093e-01 -1.90981204e-01 2.44987217e+04 1.37027144e+01
 -1.86997374e-01 1.60378110e-01 5.76073702e-02 -5.36704930e-01 -1.64853266e+04 1.36989202e+01
 1.13084328e-01 -8.22328295e-01 1.73098848e+00 -7.38319958e-01 -1.40863065e+04 1.37051117e+01
 -1.21337694e+00 -1.05362810e-01 -1.57518683e+00 -7.38706553e-01 1.00833166e+04 1.37068828e+01
 1.08239139e+00 2.73930114e-01 1.36251771e+00 -2.11522967e-01 -3.14241761e+04 1.37088482e+01
 -1.98766496e-01 -1.25613804e+00 2.58438374e-02 2.69374829e-01 2.41001718e+04 1.36958001e+01
 -3.81903027e-01 2.99610441e-01 -8.86924248e-01 -2.03491289e-01 -4.96858494e+03 1.37077645e+01
 2.15085316e+00 1.42193084e+00 -1.54982881e-01 -4.03126518e-01 6.24239191e+03 1.37091406e+01
 4.52245142e-01 7.37874079e-01 -1.54128931e+00 8.90217721e-02 -2.63304371e+03 1.36971485e+01
 -5.57304020e-01 3.64272213e-01 -1.03808727e-01 -1.91058205e-01 -3.94582427e+03 1.36978606e+01
 -1.10704888e+00 -1.41541653e-01 7.09914304e-01 -3.17472262e-01 -1.57934528e+04 1.36819392e+01
 7.50552630e-01 4.35717747e-02 -1.06721409e+00 4.19294308e-02 9.73816400e+03 1.36949769e+01
 -1.85772922e-01 -1.39080931e-01 1.15008318e+00 5.14993870e-01 8.22227996e+03 1.36992415e+01
 -5.51604247e-01 -1.14216563e+00 -1.60703909e-01 -1.76099308e-01 -1.52125957e+04 1.36965343e+01
 -1.12625032e+00 7.93936534e-02 1.39095983e+00 2.73633830e-01 2.65764561e+04 1.36971278e+01
 5.82437554e-01 -3.45808653e-02 2.20816519e+00 -1.25737883e-01 -2.72281720e+04 1.37061159e+01
 -9.52006750e-01 3.83706143e-01 -2.20685816e+00 -9.88785066e-02 3.77221178e+03 1.37016631e+01
 -1.02126073e-01 -9.43112018e-01 -1.82514824e+00 -9.65108631e-02 4.71447755e+03 1.37000520e+01
 9.25081692e-01 -7.30449290e-01 2.83337854e+00 -6.55374873e-01 -4.66560760e+04 1.36975385e+01
 -7.20636276e-01 -1.33527235e+00 2.65956276e+00 -5.05462144e-01 1.66180735e+04 1.37044388e+01
 1.35725282e-01 3.33313577e-03 -7.26149822e-01 -2.84073556e-01 1.23364307e+04 1.37042584e+01
 1.02804316e+00 4.50157871e-01 6.96941244e-01 -3.28173572e-01 2.37158212e+04 1.37101432e+01
 -4.31181644e-01 -3.25830770e-01 -2.03910998e+00 -2.38408984e-01 -1.15581912e+04 1.36942655e+01
 4.94907579e-01 1.31453472e-01 -1.55510494e+00 -3.79105812e-01 -1.78419244e+04 1.36994428e+01
 2.51834521e-01 1.53166892e-02 -5.37797949e-01 -3.65009672e-02 4.83354974e+03 1.37002993e+01
 6.49534377e-01 1.60160961e-01 -4.90692685e-01 -3.51692297e-01 1.57398339e+04 1.37033939e+01
 1.93080784e-01 -8.63681029e-02 -1.27103418e+00 -2.38772641e-01 2.72032310e+04 1.37032007e+01
 2.11492908e-01 4.42874591e-01 -7.72996225e-01 2.64686598e-01 -3.94863057e+03 1.37066539e+01
 -1.60426990e+00 -1.10260360e+00 -2.99162612e-01 -3.93728442e-01 -2.79972819e+04 1.36900670e+01
 7.40323416e-01 2.38301410e-01 1.27947165e-01 -8.99550438e-02 1.42709753e+03 1.37082711e+01
 8.44510437e-01 9.23729141e-01 -7.61275189e-01 -5.73492504e-01 -6.55188825e+03 1.36945352e+01
 -5.04220012e-01 -4.21857521e-01 1.42401237e+00 -3.14820514e-01 2.14446436e+04 1.36967118e+01
 -1.18322260e+00 -1.05932552e-01 3.15641898e+00 -1.55078987e-01 1.86863564e+04 1.36929891e+01
 -5.29724679e-01 5.14707753e-01 7.33294278e-01 8.45194647e-01 7.26955596e+03 1.36968005e+01
 -7.16471048e-01 3.06852442e-01 2.52463042e+00 -6.00114198e-01 1.71461696e+04 1.36992897e+01
 -7.14857070e-01 -9.36767326e-01 -3.88778973e-01 -9.27783576e-02 1.69378663e+04 1.37047823e+01
 -3.70817132e-01 -3.68064473e-01 -1.39836339e+00 -4.08215186e-01 -2.05311862e+04 1.37056712e+01
 3.86243599e-02 -1.23800354e-01 5.33910567e-01 -5.80452461e-02 1.37725090e+04 1.36924997e+01
 1.15861881e+00 -3.68270463e-01 9.03173365e-01 -1.15789257e+00 3.19184014e+04 1.37068688e+01
 -9.43863825e-01 -1.57944970e-01 8.94830183e-01 -2.04035696e-01 2.00621214e+04 1.36983909e+01
 -1.17729119e+00 -4.89421535e-01 -1.25840677e+00 6.97258724e-01 2.47378563e+04 1.37050760e+01
 -8.77000256e-01 -2.16808682e-01 2.14746883e-01 2.92613721e-01 2.76172005e+04 1.36989783e+01
 3.89626913e-01 4.14753569e-01 5.01219541e-01 -1.56842312e-01 2.13194195e+04 1.37002447e+01
 2.77226016e-01 3.21600990e-01 1.12930306e+00 1.62991268e-01 -3.54687675e+03 1.36939825e+01
 -3.36743720e-01 -3.83442702e-01 -1.12848167e+00 3.35939804e-01 -3.44150996e+03 1.36998761e+01
 6.56404824e-01 -9.54508760e-02 -3.21372918e-01 3.94472128e-01 -3.57985462e+04 1.37111089e+01
 4.99861887e-01 7.56289901e-01 -2.18316757e-01 -2.67584511e-01 -1.48834874e+04 1.37019496e+01
 -1.42205511e+00 -1.68448093e-01 5.71652329e-01 -1.57844809e-01 1.36090706e+04 1.36827791e+01
 3.00010504e-03 5.51457105e-01 -1.82307652e+00 5.81377764e-01 -1.32925769e+03 1.37066916e+01
 2.44934489e-01 -6.23252256e-01 -1.26969708e+00 -4.63949545e-01 8.76663698e+03 1.37040864e+01
 5.12808505e-01 -1.21202878e-01 -1.89083923e-02 2.98666164e-01 2.29092830e+04 1.37090068e+01
 8.69469661e-01 5.50276092e-01 9.47607876e-01 -2.83785126e-01 1.31306162e+04 1.37162187e+01
 -3.37896842e-01 -9.65281625e-01 -6.28652525e-01 1.95826013e-01 9.78115532e+02 1.37025921e+01
 2.38033421e+00 2.89040957e-02 3.60197604e-01 -3.24522479e-01 -1.62019401e+04 1.37054753e+01
 2.12343919e-01 -1.10333801e-01 -6.02310399e-02 6.87319300e-02 -3.41644081e+03 1.37020935e+01
 -7.27864494e-01 7.47368923e-02 -8.20275953e-01 -2.32298101e-01 -3.12473597e+04 1.37107944e+01
 3.46349231e-01 -1.63732120e-01 -1.33063677e-01 -6.66975929e-01 -3.92478801e+04 1.36925717e+01
 2.76346016e-01 4.06925690e-02 -2.37705781e+00 2.59316541e-01 1.07324327e+03 1.36976848e+01
 1.42589346e+00 -3.29929063e-01 -4.03345869e-01 5.96108249e-01 -8.63434256e+03 1.36917788e+01
 7.48853942e-01 9.22424602e-01 -3.46857531e-01 -3.27376532e-01 -1.49008587e+04 1.37081987e+01
 5.41532549e-01 2.31790946e-01 9.85060189e-01 -5.70780029e-01 2.11571484e+04 1.37034228e+01
 1.51382433e+00 2.65763159e-01 -3.83985686e-01 2.11592519e-01 -2.06489324e+04 1.37056090e+01
 -7.67391273e-01 -3.37897865e-01 4.77128819e-01 1.33150885e-01 2.07804529e+03 1.36976917e+01
 -1.18902878e-01 -3.29359930e-01 6.54594765e-01 1.81138819e-02 1.93568882e+04 1.37068855e+01
 -4.87599038e-01 -2.83851976e-01 -7.04003381e-01 3.21520289e-01 -3.50974629e+03 1.37055284e+01
 -2.24687603e+00 -7.57553087e-01 -8.08046407e-02 -2.87527743e-01 -7.00047509e+03 1.36986752e+01
 -5.83844238e-01 -2.35076521e-02 9.23653950e-01 4.99699838e-02 -1.81476237e+04 1.36981454e+01
 -1.66997686e-01 -5.16296774e-01 -3.15403041e+00 -1.26963869e-01 1.49674023e+04 1.37070746e+01
 2.87134582e-01 -3.53256503e-01 -8.75926876e-01 -5.23042229e-01 -1.39118673e+04 1.37181388e+01
 4.00523890e-01 -5.25018324e-01 -1.07660720e+00 -8.17717862e-03 -3.27358369e+04 1.37098068e+01
 -1.25339612e-01 -4.40051121e-01 7.40828337e-01 3.58134798e-01 4.31856636e+03 1.37081232e+01
 -6.08326919e-01 4.39110209e-01 6.86107859e-01 3.78873290e-01 1.18956021e+04 1.36999388e+01
 -1.32548275e+00 3.47019709e-01 2.29107927e-01 -1.18862938e-01 -2.88621699e+04 1.36986669e+01
 1.01571667e-01 -4.52223926e-01 5.16875880e-01 1.54073742e-01 4.46331585e+03 1.36921395e+01
 1.21658190e-01 -7.62784235e-01 8.00049081e-01 -4.27060465e-01 5.93836701e+03 1.37042131e+01
 -2.22432873e-01 1.48438711e+00 -5.87464772e-01 6.86587481e-01 7.98987959e+03 1.37103029e+01
 -2.00999711e+00 -1.14553291e-01 1.58969414e+00 2.82974699e-01 -1.34674363e+04 1.36944676e+01
 6.13485767e-01 -6.71704564e-01 -6.59448271e-01 -1.89269120e-01 1.14584981e+04 1.37050413e+01
 -1.30882604e+00 2.12342731e-01 9.24020482e-01 -3.77059913e-01 1.08974506e+04 1.36909489e+01
 -3.73745514e-02 2.75078766e-01 -1.29231183e-01 4.99225201e-01 -5.80974148e+03 1.36990824e+01
 1.72094603e-01 -4.38084119e-01 -9.74375995e-01 -2.29033115e-02 1.73326294e+04 1.37005404e+01
 4.25451555e-01 3.33698738e-01 -1.17763785e-01 3.19042036e-01 -2.64254751e+04 1.36962688e+01
 1.76979694e+00 7.46119108e-01 -1.47694741e+00 -4.44891569e-01 3.49043764e+04 1.36985482e+01
 1.91852167e+00 9.98787152e-02 2.51303226e+00 3.77368704e-03 -9.41865339e+03 1.37132289e+01
 3.82338427e-02 -8.41600941e-01 5.94661547e-01 3.52630286e-01 -1.71789950e+04 1.36980888e+01
 -1.09434097e+00 -6.08058483e-01 -1.49333133e+00 5.36092334e-01 -6.37011384e+03 1.37020745e+01
 3.84040287e-03 -3.69339169e-02 -1.77051642e+00 -9.80737458e-02 -4.64081581e+03 1.37058272e+01
 -1.48434390e-01 -8.98776053e-01 -5.20676694e-01 2.69509702e-03 1.01906788e+04 1.36998425e+01
 -2.27781663e-03 -5.57892405e-01 4.69672374e-01 4.06746892e-02 6.51770373e+03 1.37012843e+01
 8.91787848e-02 3.15225161e-01 6.00523935e-01 -6.22454018e-01 -9.41267539e+03 1.37031802e+01
 -6.24334874e-01 -6.31758696e-01 -3.60794195e-02 -8.79123990e-02 1.77815783e+03 1.36952778e+01
 1.04372333e+00 2.01523710e-01 -7.18656656e-01 2.75272885e-01 -5.20631685e+04 1.36983730e+01
 -6.50672306e-01 4.52486634e-01 1.96719076e-01 2.59895908e-01 1.81844446e+04 1.36958668e+01
 4.82257429e-01 -2.45856678e-01 7.65300500e-01 -3.80263492e-01 -1.25929862e+04 1.37146487e+01
 2.37742512e+00 3.67340504e-01 9.80371338e-01 -7.36726435e-01 -6.28215981e+03 1.37037015e+01
 7.88796881e-02 -7.83583512e-01 -2.75140741e+00 -7.02277310e-01 7.98212639e+03 1.36970275e+01
 -2.92001551e-02 3.86238194e-01 1.85061725e+00 2.02354992e-02 -1.49368318e+03 1.36977384e+01
 2.98635645e+00 -2.43663444e-01 -2.78647735e+00 -1.66541215e-01 1.74339055e+04 1.37022165e+01
 1.71630212e+00 -7.31117254e-02 2.18833316e-01 -1.42512698e-02 -4.65078946e+04 1.37038537e+01
 -6.17449626e-01 5.04891616e-01 3.11150483e-01 5.98037500e-01 2.74854585e+02 1.36981171e+01
 1.93541067e+00 -9.64622397e-01 -6.50228300e-01 -1.93114212e-01 -9.47497043e+03 1.37061829e+01
 -1.54988500e+00 1.44152510e-01 -1.08195451e+00 -5.60318022e-01 1.24207422e+03 1.36964359e+01
 4.39443067e-01 -8.50503959e-01 -7.06390888e-02 6.94968949e-02 -1.20779094e+03 1.37091241e+01
 2.16964675e+00 -1.02766764e-01 -9.48031403e-03 1.05065555e-01 1.71155504e+04 1.37078451e+01
 1.07798230e+00 -8.64652470e-01 1.59088459e+00 2.79612120e-01 9.98863235e+03 1.36922694e+01
 1.52792466e-02 7.67351989e-02 -8.23285343e-01 -2.83034008e-01 1.74111155e+04 1.36916632e+01
 1.47348306e+00 7.62387949e-01 1.43221840e+00 6.22436449e-02 -3.32822635e+03 1.37003012e+01
 -1.17880046e+00 7.13136857e-01 1.21811788e+00 5.39352678e-02 -1.43739232e+04 1.37050335e+01
 -1.14984484e+00 1.10074750e+00 -7.11602768e-01 -2.93003097e-01 -2.50707069e+03 1.36928507e+01
 -6.99729478e-01 3.69100309e-01 1.80400363e+00 6.08545947e-01 -5.10991078e+03 1.36907470e+01
 -1.05241523e+00 7.31129377e-01 -9.96020030e-01 -4.65200636e-01 -2.23858003e+04 1.36998615e+01
 1.32115519e-01 1.40496569e+00 7.83374959e-01 -1.98140307e-01 2.18490357e+04 1.37121489e+01
 1.29807220e+00 -4.97094748e-01 -1.81087253e+00 -2.73605001e-01 -1.64250802e+04 1.37052513e+01
 -1.67894929e+00 -2.23846438e-01 -6.90078765e-03 4.76633575e-01 1.52225870e+04 1.36956800e+01
 3.59708230e-01 -1.65790532e-01 8.01015497e-01 -3.12207827e-01 4.71636372e+03 1.37003623e+01
 1.88247940e+00 -6.95951460e-01 1.29221807e+00 -1.67994489e-01 6.54043552e+03 1.37145054e+01
 4.87780929e-01 1.06527254e+00 -7.57818677e-01 2.40540762e-01 6.29078118e+03 1.36996864e+01
 3.80214652e-01 8.43308281e-01 -4.74320606e-01 4.07600199e-01 -5.43617694e+03 1.36874979e+01
 -1.49000889e+00 2.63858971e-01 9.40621799e-01 -4.62101854e-01 1.50879478e+04 1.36920721e+01
 -1.73963698e+00 -4.34549022e-01 1.84331388e+00 5.11234484e-01 -2.44003961e+03 1.36915718e+01
 1.22078669e-02 -1.88679945e-01 -8.58579667e-01 5.11778790e-01 -2.58293975e+03 1.36877091e+01
 4.13239317e-02 -7.84384883e-01 -5.94264475e-02 -6.39432293e-01 1.05765061e+04 1.37110942e+01
 5.90326426e-01 1.22871361e-01 -1.07957502e+00 -4.76185259e-01 -2.83145354e+03 1.36999223e+01
 -2.06216217e-01 -6.81940742e-01 1.59067326e+00 -2.07343759e-01 -2.14046636e+03 1.37034948e+01
 1.24247819e-02 6.27017030e-01 -1.71399847e+00 5.16592625e-01 -2.68255110e+04 1.36961041e+01
 5.37654022e-01 6.48136872e-01 -1.23326213e+00 -2.40074111e-01 -5.89370192e+03 1.36989077e+01
 -6.36822441e-01 -3.95609187e-01 8.73521959e-01 -6.17024060e-01 -1.68646970e+04 1.36963864e+01
 -3.76184531e-01 6.91841073e-01 1.62467275e+00 -3.18766155e-01 -3.90702518e+04 1.36982764e+01
 -2.01762103e+00 3.46291238e-02 9.30149102e-01 3.50559723e-01 9.26947861e+03 1.36926577e+01
 1.66671427e-01 -4.99571396e-02 7.91016560e-01 3.86872671e-01 4.80565121e+04 1.36967870e+01
 9.52735265e-01 2.51747268e-01 -4.09900127e-01 3.90904484e-02 8.47602527e+03 1.37030492e+01
 6.25440818e-01 6.21873507e-01 3.50434496e-02 -4.10363878e-01 -5.28224230e+03 1.37047483e+01
 5.81807481e-01 4.35967077e-01 4.28350927e-01 -3.01836717e-01 1.39522482e+03 1.37025475e+01
 -7.01095381e-01 -3.07531612e-01 1.30706995e-01 -5.67006254e-01 -9.69171741e+03 1.36910182e+01
 5.09871958e-01 -5.11026169e-01 -5.09066402e-01 4.38101116e-01 2.86345055e+03 1.37029574e+01
 -1.62992415e-01 -3.11452921e-02 -9.67317611e-01 4.87821348e-01 -2.62693408e+04 1.36969953e+01
 2.13162488e+00 -1.00848987e+00 1.21748845e+00 4.85332548e-01 1.32853105e+04 1.37187120e+01
 -2.91532623e-02 -4.44778503e-01 -2.78416309e-01 -2.39452654e-01 -2.45579527e+04 1.36952706e+01
 7.66295871e-01 1.22018296e-01 -1.33239599e+00 -2.78372582e-01 1.54425722e+04 1.37006879e+01
 -4.24020082e-01 -4.41988401e-01 -1.50769347e+00 1.25766016e-02 2.60327534e+04 1.36983293e+01
 -1.09429989e+00 -2.26834879e-01 4.93501747e-01 -4.43257518e-01 -1.15312914e+04 1.36989302e+01
 1.42638485e-01 -7.37637967e-01 -2.16003650e-01 -1.06414815e-01 -2.89606421e+04 1.36919193e+01
 2.66018047e-01 -7.04346518e-01 7.51472859e-01 -2.06665652e-01 -4.16070347e+04 1.36959060e+01
 1.57020605e+00 -7.04377470e-01 6.47360280e-01 2.57205868e-01 -1.05475033e+04 1.36963661e+01
 -1.36240742e+00 -3.98660261e-01 1.38023980e+00 -2.94263894e-01 -3.50654565e+04 1.37049206e+01
 -7.29117986e-01 1.46372487e-01 -9.36995850e-01 8.40491403e-02 1.00881519e+04 1.37034151e+01
 3.22573826e-01 1.09819253e+00 1.21816005e+00 3.32732484e-01 2.78181339e+04 1.37020822e+01
 1.42419437e+00 2.42888695e-01 -1.79490945e+00 1.41887368e-01 4.83888184e+03 1.37070521e+01
 1.17901957e+00 -7.16905505e-02 6.34668857e-01 1.90288001e-01 9.51499439e+03 1.37070172e+01
 -9.89158917e-01 9.55146867e-02 1.05220237e+00 4.98148268e-01 2.52541151e+04 1.36960345e+01
 -7.44737094e-01 8.83381594e-01 1.28271613e-01 7.37220343e-02 -6.50709490e+03 1.37170557e+01
 3.66588830e-01 -7.16415973e-01 -2.02600484e+00 4.97754605e-02 -1.42990157e+04 1.36940517e+01
 -4.30192411e-01 4.77051379e-01 1.78566615e+00 1.04189156e-01 -2.96976784e+04 1.37020309e+01
 1.09576484e-01 2.53292798e-01 -3.01951738e-01 6.27687173e-01 1.73358903e+04 1.36834682e+01
 -1.20614555e+00 1.44801033e-01 2.30015481e+00 6.07267926e-01 -2.62699056e+04 1.37045408e+01
 1.68473036e-01 2.66977962e-01 4.37683484e-01 1.58523210e-01 -1.55808702e+04 1.36968230e+01
 -1.36007850e+00 3.96979670e-01 1.42537390e+00 1.27151499e-01 1.76363055e+04 1.36934666e+01
 -3.81156673e-01 -5.77170651e-01 1.24058710e+00 -1.67700355e-01 -1.71458321e+04 1.37017349e+01
 -3.34536629e-01 -5.51643976e-01 1.22182060e+00 4.57446723e-01 3.79835871e+01 1.36911159e+01
 2.59205352e+00 4.79129399e-01 1.48154914e+00 1.28179695e-01 -6.66352712e+03 1.37075418e+01
 -3.09315551e-01 8.51477845e-01 2.14709328e-01 -2.05665146e-01 -1.20030318e+04 1.36927160e+01
 1.02584218e+00 6.67383217e-01 5.77173401e-01 -3.39405589e-01 1.81236578e+04 1.37047563e+01
 -2.82051823e+00 -9.80260531e-02 -3.64445812e-01 -8.77693816e-02 5.69706600e+04 1.36867542e+01
 8.48781928e-01 4.25317063e-01 -6.06605505e-01 7.09597846e-01 -4.18740728e+04 1.37007334e+01
 7.80918882e-02 -2.52981239e-02 4.08098265e-01 -5.92111794e-01 -1.55555257e+04 1.36948843e+01
 -9.68496466e-01 3.97877344e-02 -1.26403220e+00 -2.34103463e-01 7.65828822e+03 1.36915063e+01
 -1.02377775e+00 1.51014434e-01 1.44342472e+00 -5.86475760e-01 -1.35965210e+04 1.37000470e+01
 4.38144136e-01 -2.71883518e-02 9.80747109e-01 -1.05182144e-01 2.51894995e+02 1.37088682e+01
 -1.87678764e+00 -3.82531296e-01 -1.22728742e+00 1.76496013e-01 -5.37843283e+03 1.36968071e+01
 -2.14625536e-01 1.10106127e-01 1.93643392e+00 -1.25862571e-01 2.39669996e+03 1.37038107e+01
 1.50832176e-01 -1.59705772e+00 2.75132993e+00 4.86087580e-01 -5.61815592e+03 1.37126676e+01
 -6.21474900e-01 -5.00551753e-01 4.70442231e-01 2.08332132e-01 2.84068268e+04 1.37007905e+01
 -8.25878826e-01 -2.60370573e-01 1.82243594e-01 -3.69465367e-01 -3.60363081e+03 1.37040897e+01
 -3.12259928e-02 -7.37274155e-01 -7.39886572e-02 4.09171427e-01 -4.69189328e+02 1.36993364e+01
 -4.11978846e-01 -5.58177162e-01 -2.29934221e-01 2.79781927e-01 1.50458153e+04 1.36948568e+01
 -1.00796935e-01 2.57306796e-01 -7.99272500e-02 2.83794374e-01 2.07740528e+04 1.36938745e+01
 5.32364597e-02 1.52620008e-01 -1.01906790e-01 -5.06936201e-01 1.26472115e+04 1.36983711e+01
 -1.09418978e-01 3.63872274e-01 1.31045085e+00 5.93237330e-01 2.80343599e+04 1.37056108e+01
 2.01730109e+00 -2.40817578e-01 -9.19514820e-01 1.11353115e-01 1.33654717e+04 1.37054322e+01
 -4.55633263e-02 3.99801304e-01 -2.11988613e+00 7.54030048e-01 -6.43847886e+03 1.36982646e+01
 -1.82053161e+00 9.67471185e-02 -8.84804222e-01 -2.56351341e-01 1.40294006e+04 1.36866971e+01
 -7.72307853e-01 -8.59090239e-01 3.55179336e-01 6.99498919e-01 3.44283205e+04 1.37072137e+01
 1.33767107e+00 -2.68300592e-01 -8.99660464e-01 5.19625451e-01 2.05373087e+03 1.37076056e+01
 3.26789840e-01 -4.63598150e-01 -7.35356441e-01 4.07239389e-01 1.21313555e+04 1.37065735e+01
 -1.37001194e-02 -4.90727948e-01 -1.03552288e-02 -3.11389453e-01 -2.76402419e+04 1.37075863e+01
 -8.23405617e-01 -4.04762598e-01 -2.59240924e-01 -6.07112974e-01 4.67229967e+03 1.36920906e+01
 -1.12964658e+00 4.07428242e-01 1.19383173e-01 -1.66195021e-01 -2.13867999e+04 1.36911241e+01
 1.40676163e+00 -6.83944026e-01 -5.56621064e-02 -3.04157584e-01 2.93815294e+02 1.36943085e+01
 -3.50693671e-01 9.19075034e-02 1.98704250e+00 8.15425321e-02 -1.96204955e+04 1.37073144e+01
 1.53057413e+00 -3.68593577e-01 -4.44074662e-01 2.00554446e-01 2.06252188e+04 1.37046474e+01
 2.31129197e-01 5.10897317e-02 -8.24623134e-01 6.43736292e-01 -3.61071401e+04 1.37049299e+01
 -7.08069911e-01 -4.24028532e-02 3.97029736e-01 -9.62333654e-02 1.81827956e+04 1.36975582e+01
 -1.37053759e-01 1.11941309e+00 -1.95131048e+00 6.48344035e-01 1.16263843e+04 1.36925501e+01
 -6.37452704e-01 -2.29984951e-01 -9.81695634e-01 6.69970520e-01 -1.10602588e+04 1.36958493e+01
 -9.33759491e-01 1.35787654e-01 -5.49521439e-01 7.14763379e-01 -1.77132725e+04 1.36961977e+01
 -2.19788212e+00 -6.36386490e-02 7.13682794e-01 -4.87927652e-02 1.54940281e+04 1.36915659e+01
 -5.62806770e-01 3.20841895e-01 1.20617560e+00 4.66454648e-01 3.50131672e+04 1.36993093e+01
 -8.86480463e-02 1.39833929e+00 6.41459443e-01 -4.21918186e-01 -2.08924302e+04 1.36934588e+01
 -1.94688717e+00 2.77785683e-01 -3.68575530e-01 -7.36767210e-02 5.54571133e+03 1.36994109e+01
 7.81367864e-01 1.96855373e-01 -1.11440760e+00 1.65332234e-01 -1.69366835e+04 1.37081771e+01
 7.69764749e-01 1.68757899e-01 2.00286896e-01 1.65742315e-01 1.76171635e+04 1.37068574e+01
 4.25046208e-01 2.79486531e-01 -2.30802986e-01 5.37208490e-02 -6.87546722e+03 1.36998816e+01
 -9.65051698e-01 2.26331975e-01 3.52337996e-01 1.99347015e-01 -2.35271244e+04 1.36915255e+01
 -1.15477545e+00 -8.03109810e-01 1.26924582e+00 4.98240732e-01 1.59945953e+04 1.36830933e+01
 -1.32398509e-01 6.39965014e-01 -1.96706077e+00 4.39413842e-01 3.20680118e+04 1.36944836e+01
 9.90934334e-01 -1.88612878e-01 1.08568989e+00 -2.21998582e-01 2.19903325e+04 1.36964883e+01
 -2.11031772e+00 -5.07504114e-01 7.01075069e-01 -2.47155344e-01 -1.99999550e+04 1.37004783e+01
 1.00396818e+00 -5.33797745e-01 -1.21149602e+00 7.37311502e-01 -4.80223666e+04 1.36993732e+01
 2.80015917e-01 4.57981357e-01 -4.89910712e-01 -3.23672625e-03 -1.04588210e+04 1.37017285e+01
 1.25513775e+00 -4.03226416e-01 -6.83794579e-01 5.11931837e-01 1.39895018e+04 1.37037390e+01
 -1.14185632e+00 -4.47248279e-01 -1.50601819e+00 -5.00344694e-01 1.75847445e+04 1.37037161e+01
 -9.54006777e-01 -2.30378542e-01 1.42388470e-01 9.60426343e-02 -1.47542870e+04 1.36909963e+01
 -1.01158996e-01 -7.62040191e-01 3.87908583e-02 5.93917370e-01 7.89981609e+03 1.37031667e+01
 -2.57757897e-02 6.76237066e-01 5.63984607e-01 -9.48605988e-02 -1.30246675e+03 1.37059024e+01
 -3.78937632e+00 1.08241438e-01 -1.30149894e+00 -5.61459469e-01 1.92268528e+04 1.36838283e+01
 -1.41381373e+00 1.43126552e-01 5.96206105e-01 9.61467879e-02 2.01043805e+04 1.36985326e+01
 9.37207674e-01 1.89194825e-01 8.08872429e-01 4.12430986e-01 5.54343501e+03 1.37085508e+01
 3.88572177e-01 4.99053782e-01 -7.03504200e-01 -3.62006774e-02 1.47297922e+04 1.37078890e+01
 9.51496416e-01 8.65123936e-02 1.04345952e+00 9.17619688e-01 1.75738104e+04 1.37103281e+01
 1.58967590e+00 -9.68718818e-02 2.55122137e+00 -3.02463420e-01 5.26890777e+03 1.37096223e+01
 -1.02685783e+00 2.42181362e-01 -3.79802213e-01 5.58855415e-02 1.57913882e+04 1.37039043e+01
 -5.37861262e-01 6.86320059e-01 9.74194197e-01 -9.17412572e-01 -8.80922902e+03 1.36902929e+01
 -3.34516955e-02 -1.72149773e-01 -3.41801342e-02 1.05263991e+00 -1.61850894e+04 1.37124288e+01
 -6.80885931e-01 -6.48064681e-01 2.10888556e+00 -1.50054995e-02 -6.00482143e+04 1.37035590e+01
 1.98902338e+00 -1.21344010e+00 6.62263297e-01 -2.49596345e-01 1.33210412e+04 1.37050563e+01
 6.40615793e-01 8.67496849e-01 5.25548603e-01 1.98361746e-01 5.97678460e+03 1.36981909e+01
 1.54255338e+00 2.72837894e-01 2.22633549e+00 -1.06070087e+00 -4.32790580e+04 1.37026169e+01
 -4.89759431e-01 7.08232072e-01 -1.46645777e+00 -1.92432475e-01 -3.53260159e+04 1.37060957e+01
 -4.09308665e-01 -6.18631578e-01 -6.61400787e-01 -4.53551598e-01 3.86874353e+04 1.36934705e+01
 1.04059761e+00 4.03322545e-01 -7.92816735e-01 -2.63014052e-01 9.87198837e+03 1.37102474e+01
 -2.68180517e-01 3.45188460e-01 -2.68083072e-01 -2.88214419e-01 1.40374191e+03 1.36930535e+01
 7.61571922e-01 -2.06460047e-01 -2.45355472e+00 5.45669184e-01 -3.74929699e+04 1.36923727e+01
 -1.45764414e+00 -1.31970585e-01 -9.50582368e-01 8.00742237e-02 8.28468541e+02 1.36985339e+01
 -2.07576827e+00 8.84192316e-01 -2.24750994e+00 -3.54144971e-02 9.99470926e+03 1.37002649e+01
 5.69545742e-01 -8.23357496e-02 7.91097790e-01 2.76953276e-01 9.17940457e+03 1.37070673e+01
 -1.86666457e+00 -5.94892325e-02 -2.37895938e-01 -5.10403606e-01 -2.19316885e+04 1.36908062e+01
 -4.12908958e-01 -1.42287156e-01 -1.17142606e+00 1.14829765e-01 -1.85319197e+04 1.37139693e+01
 -5.51702653e-01 -3.20168138e-01 2.03722087e-01 -1.25156001e-01 -1.19259835e+04 1.36922989e+01
 1.53772612e-01 5.98177490e-01 6.65203094e-01 1.19899289e-01 3.09620640e+04 1.36894066e+01
 -9.76991947e-01 -1.92142154e-01 -7.33014496e-01 -2.36219136e-01 2.19089568e+04 1.37005590e+01
 -1.88681905e+00 4.81191979e-01 -5.59380113e-01 2.89307136e-01 -9.98799885e+03 1.37023115e+01
 -7.47748327e-01 -4.86096500e-01 -1.22775122e+00 -6.39703935e-01 2.51878540e+04 1.36952674e+01
 -4.31697563e-01 1.04817809e-01 -8.54244294e-01 -3.32807809e-01 1.31680286e+04 1.36877862e+01
 -2.44633439e-03 1.76059422e-01 1.23228595e+00 -4.20109071e-01 1.96691305e+04 1.36973873e+01
 1.70117477e-01 1.15701276e-01 1.52363650e-02 5.15902460e-01 -1.32128264e+04 1.37086693e+01
 -1.45118568e+00 -1.01863920e+00 6.57751600e-01 3.60298283e-01 2.76490932e+03 1.36947351e+01
 -5.14470483e-01 7.72344312e-02 -1.60961503e+00 -8.12052031e-02 -2.67435407e+04 1.36940790e+01
 2.09879963e-01 9.59682323e-01 6.12476635e-01 -5.33399426e-01 -1.39980696e+04 1.36865098e+01
 -7.22899969e-01 6.56779344e-01 -2.36507686e-01 1.68343730e-01 -4.46518134e+04 1.36992271e+01
 -8.34188411e-01 1.07532833e+00 1.28641805e+00 -9.25723939e-03 1.10432613e+04 1.36945502e+01
 -4.12840390e-01 4.76389135e-01 4.56523225e-01 -4.13455789e-01 -2.97839217e+03 1.37039762e+01
 6.81567234e-01 -8.60856026e-02 -8.42716637e-01 1.63141841e-01 -1.03930749e+04 1.37041954e+01
 -1.40433203e+00 1.87023887e-01 1.30363915e+00 4.24489042e-01 1.84417880e+04 1.36896866e+01
 1.75046427e+00 -1.05084171e-01 -1.32749029e-01 5.60283770e-01 2.01323228e+04 1.37051711e+01
 5.13365696e-01 -3.04222020e-01 -2.09776757e+00 -7.25734839e-01 -3.22726317e+04 1.36999153e+01
 -7.75729555e-01 3.35421193e-04 -3.12070809e-01 -8.53026171e-03 -8.91699744e+03 1.37030500e+01
 -1.50824944e-02 -9.23444321e-01 2.10967348e+00 3.05193149e-01 2.19336718e+03 1.37053757e+01
 -6.92523254e-01 5.81714674e-01 -1.25713433e+00 2.37287171e-01 -2.12472979e+04 1.36963339e+01
 -1.78421344e-01 6.99346632e-01 -2.18790508e+00 1.18750171e-01 3.80561400e+03 1.37008514e+01
 -7.18867203e-01 5.23477159e-01 -8.27325032e-01 -4.24323881e-03 -1.05500243e+04 1.36965569e+01
 -7.79267843e-01 1.03310209e+00 1.59159466e-02 -5.32746399e-01 1.29876977e+04 1.36973178e+01
 -8.30218508e-02 -7.13979580e-01 5.10307188e-01 -8.48544745e-02 2.09488159e+04 1.37019035e+01
 3.53517446e-01 3.15947358e-01 1.85723501e+00 -2.76064767e-02 1.39660604e+04 1.36903337e+01
 -9.78624096e-01 -4.32304604e-02 -1.47733236e+00 -4.59260566e-01 -2.54613094e+04 1.36956166e+01
 1.53755363e+00 8.74112466e-02 -2.56268653e-01 -4.43234244e-01 -6.87160414e+03 1.36978221e+01
 -6.45697585e-02 -1.01482033e+00 2.42682543e+00 -1.84861800e-01 -1.47061899e+04 1.36920321e+01
 -7.18663166e-01 -5.63398102e-02 -3.64675780e-01 -1.45568623e-01 -2.34781273e+04 1.36986260e+01
 1.34431372e+00 -2.49782225e-01 -1.31723826e+00 1.94145447e-01 -3.15009996e+04 1.37067602e+01
 -9.43813343e-01 8.55990061e-01 -1.78855328e+00 -1.17124938e-01 -4.09878134e+03 1.36950412e+01
 -7.26016749e-02 -1.49652520e-01 7.22469764e-01 2.76624974e-01 -3.36186442e+04 1.37036935e+01
 2.26144900e-01 -1.79228881e-01 -2.10964269e+00 6.67052395e-01 -6.27831175e+03 1.37038933e+01
 3.15975126e-01 1.61721757e-02 -1.15561707e+00 3.18676113e-01 -7.47903362e+02 1.36958136e+01
 -1.56441078e+00 5.77427973e-01 -6.48434165e-01 3.02115112e-01 -1.05243033e+04 1.36897911e+01
 -1.00128489e+00 7.05233961e-02 -1.41701623e+00 1.04088585e-01 -1.19781548e+04 1.36894059e+01
 1.40707291e+00 -5.92001132e-01 5.37772485e-01 -5.78506345e-01 -1.95683986e+04 1.37006008e+01
 -5.85102494e-01 -1.63765565e-01 -4.54575256e-01 6.43823943e-02 -2.94349487e+04 1.36986675e+01
 2.49656059e-02 -4.07974071e-01 8.28806821e-01 3.48693620e-01 -1.15932443e+03 1.36984045e+01
 -7.87281762e-01 -1.18391514e-01 -7.50869320e-01 4.39863018e-01 -2.06852633e+04 1.36894087e+01
 7.95859737e-01 5.81631691e-01 -1.11604452e+00 3.92362645e-01 5.25654733e+03 1.37129368e+01
 4.96184066e-01 3.09089443e-01 3.09048104e-01 1.80814714e-01 -3.03190131e+03 1.37009444e+01
 1.16409609e+00 4.16616061e-01 4.45104604e-01 -4.78935368e-01 -1.24177586e+04 1.37052500e+01
 1.36227608e+00 -1.07318387e+00 1.69748532e+00 7.06564495e-01 5.74556253e+03 1.36943688e+01
 -1.05807732e+00 -6.73209464e-01 9.66165648e-01 -2.45487094e-01 -1.09611727e+04 1.36941142e+01
 -2.42612136e-01 6.10210944e-02 4.96778800e-01 -2.85487818e-01 -3.37508618e+04 1.36919488e+01
 6.34846929e-01 2.71048482e-01 -3.90662759e-01 3.48926782e-01 9.25162050e+03 1.37034965e+01
 3.73821305e-01 -1.27458376e+00 -4.88434451e-01 -3.36293396e-02 1.55778039e+04 1.37173709e+01
 3.13136348e-01 -1.43292113e-01 -2.21885409e+00 1.75768287e-01 4.10953070e+03 1.37089144e+01
 1.05343737e+00 -6.57985728e-01 2.32751112e+00 -3.04588923e-01 -3.44550018e+03 1.37021114e+01
 -4.70288682e-01 2.96366855e-01 -5.28743516e-01 -3.16267066e-01 -2.63765357e+04 1.36967674e+01
 5.25642885e-01 -6.83835384e-01 9.52258985e-01 4.55482788e-01 -5.70010945e+01 1.36971966e+01
 1.12947119e+00 -8.50578505e-02 6.80461505e-02 6.99098576e-02 -4.08476956e+04 1.37022422e+01
 -3.01351095e-01 6.18064779e-01 -8.90160509e-01 -2.66506981e-01 2.25734695e+04 1.36999375e+01
 -2.17338518e-01 1.28621070e+00 1.34058074e+00 -2.56042473e-02 3.17859562e+04 1.36879154e+01
 1.50421816e+00 1.13527637e-01 -7.84575489e-01 -3.15443662e-01 1.47129956e+03 1.36969878e+01
 1.85726063e-01 -6.22876859e-01 3.20111925e-01 4.50671762e-01 7.08936236e+03 1.37113866e+01
 7.26948612e-01 2.32483914e-01 1.44654589e+00 6.59980985e-01 1.19046350e+04 1.36897479e+01
 -4.91734798e-01 -7.22627626e-01 -2.98788222e+00 -3.00546026e-01 -2.40297136e+04 1.36961346e+01
 1.41096302e+00 7.57094989e-01 -2.59666836e-01 4.81726761e-01 -5.54581340e+03 1.37122857e+01
 -3.45376031e-01 -1.07462395e-02 7.20160705e-01 -4.10936782e-01 3.86069600e+04 1.36954378e+01
 -1.61594150e+00 -2.12418237e-01 -1.42566247e+00 7.05555356e-01 9.91182046e+02 1.37029768e+01
 3.24830151e-01 5.21488619e-01 -2.92895884e+00 1.12136552e+00 -1.00924375e+03 1.37047418e+01
 3.18761785e-01 5.87782188e-01 -1.47013894e+00 5.17468593e-01 3.56993063e+04 1.37043580e+01
 -2.11443198e-01 -1.96977491e-01 -6.27418084e-01 -7.42076751e-01 -8.59884143e+03 1.37002069e+01
 4.18358933e-01 -8.52637977e-01 -5.43737452e-01 2.10961594e-01 -1.99180953e+04 1.36943747e+01
 2.22743077e+00 -6.64374585e-01 -1.91359649e-01 1.84524861e-01 1.21216133e+04 1.37079037e+01
 -2.11001871e+00 -1.06270237e+00 1.11427567e-01 7.82403754e-02 1.08944258e+04 1.36844657e+01
 -3.83277888e-01 1.40445179e-01 3.27114680e-01 -1.71382506e+00 -8.10973734e+03 1.37029691e+01
 -1.36101012e+00 7.89668220e-01 -1.13096562e+00 -2.92853549e-01 2.48709672e+04 1.36868775e+01
 1.02062884e+00 2.97122278e-01 -1.78662945e-01 1.46477034e-01 -6.69995540e+03 1.36976823e+01
 6.09589341e-01 5.87915713e-01 1.42711355e+00 1.65889592e-01 -7.16726255e+03 1.36959802e+01
 -7.25063849e-01 -4.34811137e-01 4.35441334e-01 -3.69088177e-01 -2.16974007e+03 1.36947147e+01
 2.17970042e-01 -1.42624814e-01 1.42183181e+00 4.18005083e-01 -1.81107838e+03 1.36994825e+01
 -1.31447703e+00 -6.55426582e-02 1.08896284e+00 6.44446772e-01 -1.27042995e+04 1.37013029e+01
 2.17164443e+00 -5.86560928e-02 -1.84441546e-02 -8.72829404e-01 -7.21474859e+02 1.37002909e+01
 5.90043828e-01 7.00454377e-01 1.90099439e-01 -4.89327140e-02 -1.45366610e+04 1.37029693e+01
 7.07902852e-02 7.75858637e-01 -2.10072883e+00 5.01460081e-01 2.94222148e+04 1.37008523e+01
 8.62526963e-01 -8.61635755e-01 1.74796520e-01 -2.34561049e-02 1.79330982e+04 1.37072868e+01
 8.49000359e-01 2.46020773e-01 -8.31328352e-01 -6.22952986e-01 -1.84361434e+04 1.36871826e+01
 -2.10584359e+00 3.37686531e-01 -5.17795125e-01 1.65709503e-01 2.68690882e+03 1.36945271e+01
 -1.74700705e+00 1.37029151e-01 -2.19705145e+00 -4.02948397e-01 -2.15426443e+04 1.36999583e+01
 1.36707416e+00 -6.51987665e-01 7.77695832e-01 1.13955443e-01 1.86624563e+03 1.36984752e+01
 -1.69863461e+00 7.39918875e-01 9.40148570e-01 -4.92836540e-01 2.62463125e+04 1.36877364e+01
 -2.90902962e-01 -1.28963141e+00 -4.00359980e-01 -5.15745949e-01 -8.92669674e+03 1.36986754e+01
 6.06266787e-01 -9.06802312e-01 1.71717179e+00 1.50229714e-01 -3.14857372e+04 1.37015654e+01
 8.17510557e-01 2.48809332e-01 -2.04715670e+00 4.38983258e-01 -4.03041373e+04 1.36986363e+01
 -1.56111691e+00 -5.11036248e-01 -3.20012509e-01 2.93956039e-01 1.07538269e+04 1.37025030e+01
 4.24737556e-01 -5.04346248e-01 -4.03786397e+00 1.80646000e-01 2.26546736e+04 1.37083923e+01
 4.23628396e-01 -1.17607470e-01 -1.15325525e+00 -2.69632700e-01 1.19612837e+04 1.37036959e+01
 -9.28274500e-01 -7.18521663e-01 -6.09455551e-01 4.66742944e-02 8.05762735e+03 1.37086109e+01
 1.60676417e+00 7.12717594e-02 1.52000363e+00 -2.86125538e-01 -2.38234513e+04 1.36986214e+01
 -7.51640726e-01 1.11954499e+00 1.04654494e+00 -5.57400364e-02 -1.12185045e+04 1.36962428e+01
 1.48511887e+00 2.87431255e-01 7.01057658e-01 1.61182793e-01 1.93572687e+03 1.36999486e+01
 -7.65089792e-01 -7.22632351e-02 -2.22181141e-02 -1.48954238e-01 -2.57417949e+03 1.37034249e+01
 -9.79624277e-01 7.64960543e-01 -2.26656294e-01 -2.26136158e-01 1.92579393e+04 1.36919506e+01
 1.40059957e-01 -2.95582722e-01 9.23707891e-01 1.77061169e-01 -2.84818148e+04 1.36985909e+01
 2.14250564e+00 6.42516645e-01 9.19709670e-01 -1.39005482e-01 4.17550955e+03 1.37033034e+01
 -3.54729143e-01 -5.51219600e-02 -3.91452451e-01 6.41062382e-01 -2.10108306e+04 1.36963448e+01
 4.56778056e-01 7.83648961e-01 1.03958804e+00 -4.68294665e-02 -1.04155000e+04 1.36983713e+01
 -4.23033955e-01 -6.27166411e-01 2.19934154e+00 6.18478551e-02 3.59586341e+04 1.36961200e+01
 1.33435345e+00 -4.49939103e-01 8.39491053e-01 -4.60725683e-02 9.68009999e+03 1.36999202e+01
 4.39088955e-01 -1.55676939e-01 -3.04175639e+00 -3.70151597e-01 1.33401775e+03 1.37010511e+01
 2.05356841e-01 -4.01450016e-02 -5.29348942e-01 -5.18580234e-01 -2.37536964e+03 1.36861460e+01
 -2.34559568e+00 -5.59694813e-01 6.64413362e-01 -5.47497959e-03 7.99696327e+03 1.36938875e+01
 5.82189792e-01 4.72515591e-02 1.44389346e-01 2.09578781e-01 -2.08245163e+04 1.37018142e+01
 8.00195807e-01 1.23471376e-01 -8.38157212e-01 -4.87390711e-01 -1.15610700e+03 1.36932180e+01
 -1.18704096e+00 5.18503301e-02 -4.28825076e-01 4.03262302e-02 -1.51256223e+04 1.36933783e+01
 -1.98598407e+00 -8.72643922e-02 2.49417298e-01 -8.81796542e-02 6.53692874e+03 1.36875060e+01
 5.80116068e-01 5.78147883e-01 -1.59511642e+00 -3.96833557e-01 -2.34999494e+04 1.37101848e+01
 2.74555262e-01 -1.35146065e-02 -1.48547268e-01 2.96900979e-01 5.01517640e+03 1.36890239e+01
 -1.17076814e+00 -8.79956666e-01 1.14723372e+00 -1.94887478e-01 -2.50816136e+04 1.36841856e+01
 9.95713497e-02 5.88265626e-01 -6.79495138e-01 -3.74618139e-01 -1.28590299e+04 1.36963883e+01
 -6.29024188e-01 -1.20518270e-01 8.46064246e-01 -6.25198951e-01 -2.28934693e+04 1.36970475e+01
 9.60657741e-01 -1.62695143e+00 2.50094962e-01 6.47305754e-02 -2.48669956e+04 1.37034344e+01
 6.82820109e-01 3.44106953e-01 9.94279181e-01 -8.24803651e-01 1.84249813e+04 1.36991388e+01
 -3.07984214e-01 1.91842425e-01 9.72288666e-01 -1.33467383e-01 -8.91255481e+03 1.37037006e+01
 1.63212852e+00 -4.59980779e-02 -8.33555426e-01 -3.00379761e-01 8.68176223e+03 1.37043359e+01
 1.16770080e+00 1.04251883e+00 2.85733618e-01 1.02919493e-01 1.40229949e+04 1.37024059e+01
 1.13846111e+00 1.27572341e+00 -5.83118683e-01 -3.16488085e-01 -9.09059608e+03 1.37008738e+01
 2.82424798e-01 5.31655639e-01 -3.13473575e-01 4.25985994e-01 1.33156388e+04 1.36960166e+01
 -5.95151266e-01 5.92042616e-01 1.12882880e+00 -5.83352335e-02 1.06898223e+04 1.37083135e+01
 1.04218057e+00 3.33905850e-01 -9.24256311e-01 8.90888933e-02 -1.58538026e+03 1.37179463e+01
 1.38571682e+00 3.71974134e-01 -9.01760998e-01 5.04177315e-01 -1.86150504e+04 1.36909663e+01
 1.03786054e+00 -3.30364720e-01 -1.58092979e+00 -4.22120740e-01 1.32030745e+04 1.37049788e+01
 -3.39704893e-01 -8.40249226e-01 1.89679858e+00 6.37379114e-02 2.90432331e+02 1.36962205e+01
 1.42612070e+00 -5.68542607e-01 -2.08255903e-01 4.03631753e-01 4.25254733e+03 1.36990964e+01
 1.45904258e+00 -3.03082757e-01 1.96987727e+00 7.52046060e-02 -9.58712481e+03 1.36995863e+01
 -2.00450675e-02 -3.25312405e-01 9.78865272e-01 -1.86572053e-01 7.57699452e+03 1.36992591e+01
 1.22733034e+00 -3.90246957e-02 -2.02240720e+00 2.10819241e-01 6.76123068e+03 1.37095731e+01
 1.09701865e+00 -7.80180304e-02 -5.98469500e-01 -9.31120192e-02 -1.49317232e+04 1.36928089e+01
 -1.25466587e+00 -2.99184499e-01 -7.22146418e-01 -1.34704473e-01 -3.56252962e+04 1.36944018e+01
 -1.26634780e+00 2.98315090e-01 5.67860799e-01 2.02889805e-02 -3.87749387e+02 1.36996180e+01
 1.55860137e+00 4.77249060e-01 -6.12751979e-01 3.08631012e-01 -1.39675612e+04 1.36970537e+01
 -1.86318483e+00 2.61228382e-01 1.52538814e-01 -4.14372106e-02 -3.07114268e+02 1.37044447e+01
 1.94317392e+00 4.04393973e-02 1.93523036e+00 -2.70568032e-01 1.37870836e+04 1.37022171e+01
 1.19473096e+00 -1.84057315e-01 9.90915208e-01 4.88953843e-01 4.66173507e+03 1.37062575e+01
 1.21663830e+00 5.65152494e-01 -2.54244861e+00 5.34909600e-01 -1.66363644e+04 1.37183003e+01
 1.89546511e+00 -6.65541587e-01 1.41297552e+00 3.23486438e-01 1.26367654e+04 1.37108481e+01
 -3.78892051e-02 -1.09054157e-01 -1.22683486e+00 -7.52198651e-01 -1.46047722e+04 1.37044292e+01
 -3.97201793e-01 -3.25399006e-01 -4.33128823e-01 3.48130505e-01 -1.57562809e+04 1.36973966e+01
 -4.67380432e-01 -1.07042211e-02 1.62424889e+00 -3.51313856e-01 -2.91379647e+03 1.37015628e+01
 1.63381607e+00 3.39613711e-01 -1.54288071e+00 -8.46436890e-02 -5.29339865e+03 1.37085222e+01
 -2.77912923e-01 8.37730442e-01 3.61589181e-01 9.74329577e-02 -4.70606022e+03 1.36855502e+01
 4.74734494e-01 -6.36376376e-01 -7.77197495e-01 -2.72596558e-01 -2.24459593e+02 1.36900691e+01
 4.78907592e-01 -1.49668428e+00 2.29274711e-01 -7.12933461e-02 -1.16763407e+04 1.36933632e+01
 -2.37601302e+00 -2.31599052e-01 1.16583109e+00 2.14067686e-01 3.92831316e+03 1.36833372e+01
 -7.02389237e-01 3.34238140e-01 -1.21141201e+00 -5.15227049e-01 2.61226838e+04 1.36884893e+01
 7.79486715e-01 4.81640204e-01 3.74973455e-01 -6.14426790e-01 -2.61691165e+04 1.37030770e+01
 5.24525063e-01 9.27535866e-01 5.44496274e-01 -9.00250907e-01 -7.09173406e+03 1.37090850e+01
 2.65144017e-01 4.44820908e-02 1.38353833e+00 5.88517888e-01 3.05579943e+03 1.37010146e+01
 7.37940804e-01 -3.60942486e-02 5.69836374e-01 -2.09605496e-01 9.10270772e+03 1.36862628e+01
 4.03501845e-02 -3.18776155e-03 -1.81259137e+00 2.40539007e-01 -6.56186053e+03 1.36990075e+01
 -9.38468626e-01 3.26456568e-01 2.03629602e+00 4.90864702e-01 9.99210011e+03 1.37023500e+01
 1.56771644e+00 5.75216949e-02 -1.47042520e-01 -4.42337184e-01 1.85741564e+04 1.36994763e+01
 3.66975697e-01 2.70435621e-01 6.16255779e-01 1.00191084e+00 1.83278916e+04 1.36911527e+01
 6.74819529e-01 1.83899361e-01 2.02192722e+00 1.59237141e-01 1.69765169e+04 1.37082245e+01
 9.71529860e-01 1.44888001e-01 -1.43330595e+00 1.90386058e-01 -9.59766304e+03 1.37069001e+01
 1.47509946e+00 -4.32163365e-01 -1.33811954e-01 4.69737790e-01 -1.48539793e+04 1.37010821e+01
 -6.36656741e-02 8.25909298e-01 -1.24616498e+00 1.94357723e-01 -2.26190810e+03 1.37042647e+01
 4.84498752e-01 -5.09270716e-01 7.62568119e-01 -2.65216579e-02 -5.19262295e+04 1.37044475e+01
 2.42893696e-01 -1.82807144e-01 -2.22231554e+00 -3.51434537e-01 -2.42762299e+03 1.36918749e+01
 1.50215223e-01 2.34325278e-01 1.05273109e+00 -1.85991672e-01 -3.55204576e+04 1.37077232e+01
 7.31278233e-01 -2.06484719e-01 3.98341778e-01 6.89098515e-01 -2.87782785e+04 1.36971978e+01
 7.56518770e-01 -4.35033234e-02 -4.22340592e-01 -1.98916044e-01 -7.52546183e+03 1.36941121e+01
 -7.57997932e-01 -6.91464704e-03 -5.67817629e-01 3.00292882e-03 -2.10018499e+04 1.36929144e+01
 4.17153508e-01 -5.93979167e-01 1.10431567e+00 -1.50875481e-01 3.59860859e+03 1.37086144e+01
 6.33335425e-01 9.87778700e-01 6.09067714e-01 3.04539896e-01 9.38509481e+02 1.36901826e+01
 1.65660001e-01 -6.38208476e-02 -1.04476245e+00 1.15690704e+00 -2.96260367e+04 1.37057068e+01
 -1.08490920e+00 -5.91333575e-01 -2.21143918e+00 -1.17814078e+00 -1.74049324e+04 1.36899166e+01
 1.30113420e+00 -3.19472603e-01 -6.75014548e-01 3.31380685e-04 -7.01025080e+03 1.37063509e+01
 -2.83354252e-01 6.68062303e-02 1.24173274e-01 -4.97602560e-02 -5.51734745e+04 1.37007649e+01
 9.47511597e-01 -6.45449653e-01 -1.45859758e+00 -6.79367575e-02 1.41433617e+04 1.36911313e+01
 3.06652610e-01 4.26425690e-01 -9.72571243e-01 -9.56505117e-02 -3.73225751e+04 1.37022429e+01
 -5.36164616e-01 -9.54041493e-02 -8.91139148e-02 5.11143246e-02 1.78306309e+04 1.36926637e+01
 -6.99643258e-01 2.32945719e-02 3.17716728e-01 3.94255487e-01 1.20480553e+04 1.36942230e+01
 1.14694973e+00 1.17496228e-01 7.01628634e-01 3.12843468e-01 6.84863052e+03 1.37012160e+01
 1.56775297e+00 8.75201288e-02 -1.33004532e+00 -4.07912230e-01 3.96621479e+04 1.37082787e+01
 1.66308073e+00 -2.47511365e-01 -9.23764086e-02 6.31056198e-01 4.15475948e+03 1.36896190e+01
 1.25206274e+00 8.60134117e-02 8.59388864e-01 -3.78573283e-01 9.86747029e+03 1.36964427e+01
 -1.81410403e+00 -4.90487477e-01 1.47648908e-01 3.75687971e-01 7.71818626e+03 1.36889476e+01
 -1.39841079e-01 -4.26840226e-01 2.50115728e-01 5.99900089e-01 -8.99513809e+03 1.36871124e+01
 -1.14558047e+00 -4.50872177e-02 -4.49175091e-02 1.64746573e-01 2.30720327e+04 1.36959452e+01
 3.05558019e-01 -8.62076733e-01 -4.58226225e-01 1.58193529e-01 -2.00931132e+04 1.36949042e+01
 -1.62378711e+00 -1.56521172e-01 9.96615108e-01 -2.26603131e-01 3.79023788e+03 1.36874425e+01
 -3.57230891e-01 8.96405944e-01 2.87638643e-01 -1.73481429e-01 2.86062259e+03 1.36952031e+01
 1.38420036e+00 -8.85773136e-01 -9.13887360e-01 -5.31528030e-01 6.70593903e+03 1.36981689e+01
 6.96907301e-01 2.86375737e-01 8.04090732e-01 1.25399103e-01 2.55302898e+04 1.37092827e+01
 8.04582706e-01 1.62418909e-01 -2.05095928e+00 -4.85472731e-01 -2.11529537e+04 1.36946095e+01
 -1.80181270e-01 9.85083484e-02 6.07545714e-01 -1.05764871e-01 2.70105537e+04 1.36976549e+01
 -1.19317065e+00 1.00086473e+00 -1.10968117e+00 -1.13306179e-01 -4.55707440e+03 1.36895316e+01
 2.81272838e-01 6.96574199e-02 3.97925990e-01 3.99864464e-02 -1.46888998e+04 1.37047438e+01
 5.67741475e-01 1.50715736e-01 4.26574488e-02 7.03681427e-02 3.13132595e+03 1.37042984e+01
 1.17899261e+00 -1.30846924e+00 -1.82457061e+00 8.68554381e-02 2.76297157e+04 1.36928806e+01
 6.35405482e-01 2.14768832e-02 2.15002088e+00 3.02759649e-01 5.64292711e+04 1.37032039e+01
 -3.28166459e-01 2.44325003e-01 3.57746291e-01 -4.67363324e-01 5.63698652e+03 1.37010168e+01
 -2.24862178e-02 2.27878587e-01 1.14148861e+00 5.26375145e-01 1.65119540e+04 1.36987923e+01
 8.63240901e-01 1.29865086e-02 -3.25536803e-01 -1.67984837e-01 1.51294178e+04 1.37023371e+01
 -1.00051872e+00 -2.88708652e-01 2.27650573e-01 1.26839261e-01 -1.13097575e+04 1.36958703e+01
 -1.98146589e-01 -4.50438602e-01 -2.99264331e-01 -7.61795173e-01 -2.13822401e+04 1.36963332e+01
 -1.18842311e+00 -2.01634279e-01 1.22996625e-01 3.56317280e-02 3.00279188e+04 1.36899095e+01
 1.49826273e+00 -9.13912467e-01 -2.20655651e+00 -4.13021362e-01 3.24376690e+02 1.37043769e+01
 -1.50703952e+00 3.52469354e-01 -2.24009861e-01 -9.33918387e-01 3.73194498e+03 1.36958336e+01
 -8.78865726e-01 -1.50950161e-01 -2.43095205e+00 4.08429629e-01 -8.01967469e+02 1.37024433e+01
 9.45379218e-01 3.17342656e-01 -3.46758619e-01 -3.52840941e-02 -9.28422524e+03 1.37065711e+01
 -1.35429572e+00 -5.28245773e-01 1.26558631e+00 -1.77747450e-01 -1.54905101e+04 1.36968311e+01
 -6.15243580e-02 -9.09257279e-02 7.14340320e-01 -6.27022093e-02 -4.99433185e+03 1.36804883e+01
 -6.12439023e-03 -1.19609205e-01 -1.81670994e-01 1.36706927e-01 3.62458214e+04 1.37019143e+01
 -4.65275693e-01 5.67754203e-01 -2.24519410e+00 6.63926735e-01 2.61401493e+03 1.36942453e+01
 7.00981319e-01 7.73890692e-01 -7.29409013e-01 -4.27861094e-01 4.07142735e+04 1.37080469e+01
 -1.33244689e+00 3.36670229e-01 -2.58907717e+00 -4.50752621e-01 -5.79860420e+03 1.36908944e+01
 -8.50634639e-01 7.52083633e-01 -1.70312747e+00 3.48930464e-01 -1.55731019e+04 1.37004452e+01
 1.28115389e-01 3.40209445e-01 -4.05871934e-01 2.98870961e-02 3.99313350e+03 1.37049642e+01
 2.85595239e-01 7.36503999e-01 8.86216953e-01 -3.26401641e-01 2.53103085e+04 1.36965989e+01
 -1.29110389e+00 5.79905217e-01 1.55602008e+00 -2.06451484e-01 5.89668617e+03 1.37021007e+01
 1.67603474e-01 -5.53495589e-01 1.26077210e+00 1.25538016e-01 -3.88510728e+04 1.37032279e+01
 1.82431619e+00 2.91980305e-02 5.34654179e-01 -9.22301790e-02 1.65824916e+04 1.37094834e+01
 1.56413353e+00 -1.99137739e-02 7.51506002e-02 -5.07110362e-01 4.53497769e+03 1.37080692e+01
 -1.30030063e+00 -8.63347787e-01 -1.11100694e+00 -2.67830644e-01 -3.22535211e+03 1.36943564e+01
 2.29667318e+00 -9.36834522e-01 -1.69643685e+00 -2.14346954e-01 1.78429858e+04 1.37041917e+01
 -1.52967099e+00 -5.36705665e-01 -8.01737552e-02 -2.60093765e-01 -4.72879409e+03 1.36943580e+01
 3.70585897e-01 -1.19526029e-01 -8.03329188e-01 -2.89277480e-01 -2.33216299e+04 1.36976794e+01
 1.73026175e+00 7.77403974e-01 -8.42724420e-01 -8.82979910e-01 -2.90968270e+04 1.36945500e+01
 -3.88207316e-01 -8.28203647e-01 -7.74743977e-01 -1.55245090e-01 -3.47185699e+04 1.37124793e+01
 -1.23749193e+00 -3.55785531e-01 -3.33969305e-01 -1.00345142e-01 1.74792691e+04 1.36936220e+01
 1.38391221e+00 -1.02296198e+00 1.95304608e+00 -1.39375359e-01 -1.80458578e+04 1.36990396e+01
 -1.51454632e+00 6.17103388e-01 6.05567707e-01 -2.26789254e-01 -6.87927481e+03 1.36968357e+01
 1.05292876e+00 7.87634852e-01 1.88960740e+00 -6.10449931e-02 1.12253517e+04 1.37090260e+01
 5.62300695e-01 9.29295715e-01 9.16836479e-01 3.47726643e-01 -9.44199215e+03 1.37063071e+01
 -7.10626675e-01 -2.74348681e-01 9.34477632e-01 3.06204348e-01 -4.43309957e+04 1.37009210e+01
 3.39578590e-01 3.82444360e-02 -5.73454822e-01 -3.74652400e-01 -2.52068351e+03 1.37110492e+01
 -2.69401028e-01 -6.44374408e-01 1.81359093e-01 3.38511112e-01 -1.49919412e+03 1.37011538e+01
 -2.80174682e-01 1.11632978e+00 -1.98464324e+00 1.62637925e-01 2.05657879e+03 1.37049927e+01
 8.78220096e-01 -8.19047190e-01 -7.71705307e-01 -3.33835580e-01 -1.12915739e+04 1.37045675e+01
 -3.94052273e-02 3.57434583e-01 5.73760960e-01 -3.87675131e-01 2.06428923e+04 1.37046784e+01
 2.04627213e+00 1.09290598e-01 -1.24457912e+00 -3.24620647e-01 3.03791318e+02 1.37022515e+01
 5.91546282e-01 -7.97561680e-01 2.03955661e-01 -3.83336946e-01 -2.84193183e+04 1.37009989e+01
 -8.24698659e-01 1.13591528e-01 8.29512166e-01 -5.87240505e-01 -1.54404306e+04 1.37010919e+01
 -1.97464998e-01 -1.70627915e-01 1.06383347e-01 -1.86133067e-01 -3.24834296e+04 1.37049979e+01
 -1.74210911e+00 -5.62250613e-01 5.39088434e-01 -7.94996917e-02 -5.82116690e+03 1.36963707e+01
 6.66923060e-01 -7.85049631e-01 -1.27023331e+00 -9.56584896e-01 5.79523449e+03 1.36998540e+01
 5.13508833e-01 6.21249547e-01 1.99870975e+00 3.72081733e-01 1.67478193e+04 1.36937058e+01
 3.59301728e-01 3.74354137e-01 2.10129394e+00 -4.60664926e-01 -1.59399407e+04 1.37021626e+01
 1.32984229e+00 -7.74535619e-01 -1.07288752e+00 -6.75994460e-01 2.24585279e+04 1.37082507e+01
 -1.46624588e+00 -2.23559281e-01 1.41853479e+00 1.35072726e-01 7.69143705e+03 1.36979268e+01
 1.85147200e+00 5.95500862e-01 1.38090052e+00 -6.84727894e-01 -5.01509745e+02 1.36969420e+01
 -6.52962775e-01 1.34580246e+00 -1.25465769e+00 -3.74087275e-01 -3.64100346e+04 1.36987517e+01
 1.63039874e+00 7.47863434e-01 2.48733198e-01 -5.23422687e-01 1.83062315e+04 1.37088315e+01
 4.69759161e-02 9.14749112e-02 -1.66674280e+00 -8.97587022e-02 3.72957346e+04 1.36992618e+01
 3.79406113e-01 -2.74848511e-01 -2.28769359e+00 -5.22111772e-01 -2.77021880e+04 1.37082979e+01
 1.16958189e+00 6.12578882e-01 6.33463038e-01 2.99964042e-02 -5.05412425e+03 1.37081212e+01
 -1.04462464e+00 -7.63059452e-01 1.26068564e+00 2.42580826e-02 4.16706964e+04 1.36945576e+01
 -7.59340086e-01 4.51447755e-01 1.45576425e-01 1.56612217e-01 2.01756856e+04 1.36909580e+01
 1.02643750e+00 1.47450542e-01 1.29658818e+00 1.31464184e-01 -2.49645950e+04 1.37074387e+01
 -8.68566788e-01 7.10197413e-01 3.27021774e-01 -1.70978046e-01 2.56699452e+04 1.36926124e+01
 -1.01959049e+00 1.67042205e-01 -3.17144184e-01 9.13290320e-02 1.37666640e+04 1.36890646e+01
 -6.50185370e-01 -2.70000816e-01 -7.92665595e-01 -8.50980155e-02 2.87075634e+04 1.36948921e+01
 9.97890277e-01 8.23247224e-01 9.54382839e-01 3.23695196e-01 1.52174835e+02 1.37018682e+01
 -9.85837147e-01 -1.48270427e-01 5.74941692e-01 -4.32229783e-01 -3.30649851e+03 1.36885808e+01
 -4.12899417e-02 4.76623922e-01 4.88135902e-01 6.26255122e-01 1.56317843e+04 1.36973431e+01
 -5.77814070e-01 6.37292578e-01 1.51044614e+00 -1.44549529e-01 2.51205766e+04 1.36943964e+01
 1.46630636e-01 -1.25342100e+00 -1.26078396e+00 7.64469904e-01 5.65597895e+02 1.37010326e+01
 5.21788654e-01 -1.50973713e-01 3.10270221e-01 -2.53538763e-01 -1.23241741e+04 1.37035771e+01
 8.82600498e-01 -2.44799185e-01 1.82027756e+00 -1.35473835e-01 1.23829995e+03 1.36981327e+01
 4.81137163e-01 -4.76713978e-01 1.31133978e+00 -8.13127402e-01 3.78502438e+03 1.37031642e+01
 -2.16021163e+00 -2.50143994e-01 5.93705182e-01 3.18917727e-01 2.48195739e+03 1.37003923e+01
 -2.84808923e-01 2.08603369e-01 9.00073023e-01 -5.14632855e-02 -3.48667955e+04 1.37089666e+01
 7.20187667e-01 1.55485491e-01 1.26510432e+00 -3.13535356e-01 -1.66008126e+04 1.37051878e+01
 2.45671774e+00 -6.61332216e-01 -4.13223685e-01 3.73598981e-01 2.71991425e+03 1.37171865e+01
 -1.22446514e+00 -1.36309883e-01 2.24068750e+00 1.78342522e-01 2.17014599e+04 1.36924402e+01
 1.36526350e+00 7.00655796e-01 5.90355289e-01 6.40416328e-01 1.48757868e+04 1.37136995e+01
 3.14262023e-01 8.42503091e-01 -1.67208448e+00 4.17370111e-02 -6.40861256e+03 1.37029420e+01
 1.91169787e+00 -2.75257790e-01 1.59807867e+00 3.66727047e-01 1.16056309e+04 1.37069052e+01
 -1.08017762e+00 5.39006082e-01 8.77470934e-02 -4.56570778e-02 6.81330948e+03 1.36949783e+01
 -2.32679736e-01 3.37769110e-01 -1.61904059e-01 -2.56997414e-01 -1.13380060e+04 1.36967692e+01
 6.32470901e-01 5.05959074e-01 -1.43562677e+00 1.35052904e-01 -8.52156519e+02 1.37081467e+01
 -1.14561022e+00 -1.16824891e+00 8.86231072e-01 -3.40661253e-01 -3.42121272e+04 1.36936340e+01
 4.39315480e-01 -7.44390146e-01 1.28117155e-01 8.16885778e-02 1.39307459e+04 1.37057262e+01
 -2.76527523e-01 1.56353601e-02 -7.62847234e-01 -9.47774853e-01 -1.96137937e+04 1.37069593e+01
 -2.01458745e+00 -5.15336189e-01 8.58845532e-01 -3.56144086e-01 -1.97208275e+04 1.36821794e+01
 1.24871070e+00 4.27199242e-01 -1.24828443e+00 -1.07548848e-01 -1.20944831e+04 1.37101155e+01
 -6.70411331e-01 -8.34466308e-01 1.34174454e+00 -5.03501014e-01 -2.47435202e+04 1.36906077e+01
 -2.17277753e+00 -3.61721707e-01 -1.85708625e+00 7.58551954e-01 4.61323384e+03 1.36888329e+01
 5.43739615e-01 -3.00464243e-01 -1.21685727e+00 -2.84938873e-01 9.42880654e+03 1.37098505e+01
 -8.25408841e-01 1.44129667e-01 -2.09324661e-01 1.59773430e-01 -1.48109882e+03 1.36945458e+01
 9.88462747e-02 -2.17296802e-01 1.06264957e+00 -6.68292952e-01 -1.67246929e+04 1.36977358e+01
 1.36288241e-01 -1.42126327e+00 -6.40198999e-01 -6.40726914e-02 -8.23775757e+02 1.37154135e+01
 -1.90375666e+00 -2.15484674e-01 2.13210047e-01 4.87909834e-01 3.17595049e+04 1.36894903e+01
 -2.53286438e+00 -3.19163728e-01 4.37644042e-02 -6.31916927e-01 -9.50441126e+03 1.36870207e+01
 1.17184182e+00 2.69134461e-01 8.17663880e-01 7.61141467e-02 2.25361987e+04 1.37026778e+01
 -1.72687815e+00 -1.99565002e-01 -1.77813427e-01 -3.37541190e-01 -4.86998655e+03 1.36922967e+01
 -5.83327730e-01 -1.17101675e-01 6.74452577e-01 -5.95195334e-01 -2.96695637e+04 1.37093475e+01
 -7.26086433e-01 -3.80221775e-01 -5.66601946e-02 -7.49323185e-01 -5.74006138e+03 1.36947457e+01
 -1.55856813e-01 -3.87362192e-01 5.10730435e-01 -3.11400753e-01 2.23622552e+04 1.37016443e+01
 -8.19681001e-02 -1.31545755e-01 -3.26577854e-01 7.53328174e-01 -1.52213796e+03 1.36940751e+01
 -7.30421633e-01 1.13538181e-01 -4.70285214e-01 6.37895706e-01 -1.50911226e+04 1.37030470e+01
 -2.22116480e+00 -1.22051168e-02 -2.22052824e+00 6.56267649e-01 2.32916317e+04 1.36985317e+01
 -1.90018909e+00 -3.14179024e-01 -1.20365494e+00 1.50833606e-01 2.70906969e+04 1.37055102e+01
 -6.07074708e-02 -3.52996663e-01 -3.80082909e-01 -6.28719544e-02 2.10562394e+04 1.37046669e+01
 -1.04096894e+00 -6.18451169e-01 1.32242812e+00 -6.17191861e-01 1.89513872e+03 1.36985195e+01
 -4.55712454e-01 8.13234836e-02 1.75674118e-01 -1.15452601e-01 1.09192382e+04 1.36981541e+01
 -3.85827572e-01 8.66078534e-01 1.25389754e+00 -9.38511937e-01 -2.08763120e+04 1.37054221e+01
 -1.78714757e+00 -1.45965271e-01 -2.03877933e-01 -7.11522072e-01 3.80846001e+04 1.36960902e+01
 -1.61963466e+00 7.88039255e-01 7.54081666e-01 -4.47824729e-01 1.74121127e+03 1.37060667e+01
 1.11779676e+00 4.30495055e-01 2.83786955e+00 -1.15842899e-01 -2.10484798e+03 1.36985063e+01
 6.41117694e-01 5.28138495e-01 1.09297628e+00 1.42251444e-01 -4.25725084e+03 1.37039151e+01
 -1.05811720e+00 -1.27527716e+00 6.40643277e-01 -3.47873523e-01 7.83251606e+01 1.36944017e+01
 3.90689550e-01 -1.29013205e-01 -6.76766396e-01 6.48285018e-02 -3.22474729e+04 1.36992867e+01
 1.12663640e+00 -5.16174209e-02 4.80597704e-01 1.22708443e+00 1.54026862e+04 1.37067002e+01
 1.27806834e-01 3.15823263e-01 -8.19532348e-01 -2.54957939e-01 -1.04107231e+04 1.37026033e+01
 4.26902385e-01 6.43774275e-04 -4.65555122e-01 7.92090289e-02 8.77716513e+03 1.37080955e+01
 -5.19473742e-01 -2.84241319e-01 4.19854957e-01 3.70470406e-02 1.08359162e+04 1.37123378e+01
 1.81526314e-01 4.93491521e-01 -9.02384612e-01 7.60791846e-01 3.58025467e+04 1.36856823e+01
 -1.07950704e-01 -2.31112933e-01 -3.25707469e-02 8.15521352e-01 -7.29545507e+03 1.36997489e+01
 3.33715166e+00 -2.16007280e-01 -1.10435077e+00 -1.62043830e-01 -1.20181929e+04 1.37079565e+01
 -1.01564182e+00 2.69935769e-01 -9.54715008e-01 -6.55638955e-01 6.17342118e+03 1.36962740e+01
 1.74888475e+00 -4.15129733e-01 8.30965084e-01 -6.55015336e-01 2.28869488e+04 1.37008881e+01
 -9.14088665e-01 1.15579009e-01 -1.44861890e-01 -1.08118407e-01 2.02289882e+03 1.36986859e+01
 2.00779988e+00 -5.98787137e-01 4.92145723e-01 3.10679859e-01 -3.04781636e+04 1.37085682e+01
 9.94053411e-01 -7.61127822e-02 -1.14722067e+00 9.45511428e-01 -5.21994956e+03 1.37133254e+01
 -7.58516365e-01 2.78439072e-02 8.71350530e-01 1.80514741e-01 2.22051716e+04 1.36909622e+01
 -1.03661531e+00 -6.14836508e-01 1.05290425e+00 -9.98346668e-02 2.07875912e+04 1.37024478e+01
 -2.64245633e+00 -2.58250528e-01 1.55253976e-01 -9.30543385e-02 1.57167311e+04 1.36970304e+01
 -2.77891250e-02 -4.13743321e-01 -1.80534683e+00 3.35215922e-01 -3.85041839e+03 1.37052412e+01
 9.56066051e-01 3.11098809e-01 -1.87194160e+00 1.02622034e+00 8.30215138e+03 1.37015607e+01
 -7.29824906e-01 8.87564989e-02 9.67407147e-02 2.28597526e-02 1.23932276e+04 1.36998031e+01
 -6.84438489e-01 -3.35686307e-01 -1.85415652e+00 -6.24034544e-03 1.79115570e+04 1.37019642e+01
 6.16277708e-01 -9.32403927e-01 -1.13041915e+00 -1.60565000e-01 2.55375576e+03 1.37055847e+01
 4.44526071e-01 -5.39005904e-01 -2.69700738e+00 2.52641777e-01 3.29991519e+04 1.37115019e+01
 1.51882692e+00 8.10365429e-01 -1.24306659e-01 -3.68196130e-01 1.19300863e+04 1.37052146e+01
 1.25692169e-01 6.75213273e-01 3.61958990e-01 -4.29395275e-01 -1.79527631e+04 1.37086298e+01
 1.85606965e+00 4.46769842e-01 6.02879053e-01 -1.78984785e-01 2.31450596e+04 1.37110071e+01
 5.71829922e-01 -5.91394854e-02 -1.10846322e+00 2.37051197e-01 -6.03991334e+03 1.36981218e+01
 -5.17140430e-01 -3.10419888e-01 2.39287520e-02 4.65395833e-01 -1.50100715e+04 1.36910532e+01
 -5.23942933e-01 5.84582964e-02 2.54869704e+00 1.29134458e-01 -1.51008492e+04 1.36943363e+01
 -2.18295046e+00 -7.26252613e-01 -2.69865007e+00 -1.28728852e-01 2.22756066e+04 1.36915570e+01
 -1.80261207e+00 8.93603212e-01 -5.25708377e-01 -1.44634664e-01 1.82870050e+04 1.36918180e+01
 1.46863523e-03 5.59072733e-01 2.64879062e-01 -3.53829551e-01 -1.45392928e+04 1.36952240e+01
 -1.23958604e+00 -1.88809553e-01 -9.16991076e-01 1.03142212e-01 1.72694560e+04 1.36944520e+01
 9.09044819e-01 4.20105264e-01 5.55707825e-01 2.62512343e-02 -3.23612395e+02 1.36898103e+01
 -6.44131547e-01 -1.97147632e-02 -2.09714026e-02 -8.39432551e-01 -2.82072632e+04 1.36988485e+01
 -4.08633207e-01 4.45317109e-01 1.67449487e-01 3.27683438e-01 -1.92115857e+04 1.37080418e+01
 -1.33307445e+00 1.30572729e+00 -2.28136611e-01 6.05861211e-01 -8.06095198e+03 1.37091603e+01
 4.95053621e-01 1.30095683e-01 7.71401232e-02 6.14398243e-02 -1.23414558e+04 1.36957527e+01
 7.23496485e-01 -2.58010803e-01 -1.77809876e+00 -2.91908982e-01 -1.07367016e+04 1.37018500e+01
 1.00663331e+00 2.00550614e-01 9.10652570e-01 -1.19949982e-01 -2.71710220e+04 1.37010589e+01
 -7.71688568e-01 1.84244583e-01 1.51719133e+00 -2.51325823e-01 -1.48799068e+04 1.37011061e+01
 -1.69704145e+00 9.50076578e-01 -2.72954619e-01 -7.64086480e-03 -2.34526977e+04 1.36926020e+01
 1.18684317e+00 1.88943206e-01 -1.39904468e+00 1.90841234e-01 1.47531646e+04 1.37083017e+01
 -4.35077100e-01 5.62660961e-01 -2.73196026e+00 -2.91088618e-01 -1.47246369e+04 1.37019374e+01
 -1.56645305e+00 7.77162859e-01 -1.97386733e+00 1.39039894e-01 2.02073780e+04 1.36931571e+01
 1.20348489e+00 4.74568194e-01 9.71507754e-01 4.98037373e-01 -3.54059980e+04 1.36999300e+01
 8.14253896e-01 1.83071020e-02 -1.24027231e+00 -2.09739691e-01 7.61280295e+03 1.36972675e+01
 -1.85641960e+00 5.34358243e-01 3.71707164e+00 7.29617747e-01 -6.55389426e+03 1.36930853e+01
 3.48837330e-02 1.08227865e-01 -1.43280545e+00 -1.77085230e-01 -7.34513377e+03 1.37037781e+01
 -8.06170371e-01 7.88180433e-02 -5.63269274e-01 3.81900212e-01 -1.79360288e+04 1.36973576e+01
 5.97329505e-01 -1.38525763e-01 -1.12110959e-01 -7.03778180e-02 -3.64071080e+03 1.37086134e+01
 -3.35097457e-01 -6.01550821e-01 1.17801823e+00 -3.73074721e-01 1.54659843e+04 1.36992446e+01
 -2.60262873e-01 -1.70625555e-01 6.37044060e-01 -5.32604658e-01 -2.41201563e+03 1.36924393e+01
 -2.97018850e-01 -2.79008791e-01 -1.73919296e+00 -1.34025964e-01 -1.83324263e+04 1.36996749e+01
 -1.08574475e-01 9.28868839e-01 5.20412250e-01 4.06645743e-01 -8.07632324e+03 1.36965637e+01
 -2.07325049e-01 1.07676543e+00 -1.60876942e+00 4.81709469e-01 6.86588519e+03 1.36905880e+01
 8.01798388e-02 8.71708986e-01 1.63326761e-01 3.35042792e-01 -5.80185192e+03 1.37031459e+01
 8.88286582e-01 6.32777253e-01 1.88919091e+00 4.48481671e-01 1.42523130e+04 1.37041332e+01
 -1.37515010e+00 -1.73646158e-01 1.27032071e+00 4.82775870e-02 -1.89665591e+04 1.36915700e+01
 2.07738878e+00 -8.94025814e-02 7.71428772e-01 3.15242672e-01 -3.30041656e+03 1.37191025e+01
 1.05639637e+00 4.97538037e-01 -3.16864257e-01 -1.60389208e-01 1.40212057e+04 1.36905710e+01
 1.03727213e+00 7.89671166e-01 -1.33207410e+00 -4.14273450e-01 -3.32475876e+04 1.37072409e+01
 9.91871418e-01 5.55933057e-01 4.70818300e-01 -5.51548744e-01 2.58320047e+04 1.36961820e+01
 2.08327676e+00 8.43850202e-02 -2.99414893e-02 8.40073192e-01 -3.12083310e+04 1.37075103e+01
 -4.01234627e-01 3.35697440e-01 -1.22424911e+00 -6.62617100e-01 -2.34849241e+04 1.37024636e+01
 -5.70339507e-01 -1.67648514e-01 -5.08763055e-01 1.26588460e-01 2.90731771e+04 1.36917644e+01
 -3.57628171e-01 4.84413257e-01 -7.18108925e-01 -1.23787430e-01 -1.33506463e+04 1.37039866e+01
 -1.49904676e+00 -5.89319380e-01 1.64113511e+00 -2.71332663e-01 3.47920568e+04 1.37046531e+01
 1.45077806e+00 -2.03746328e-01 5.47447866e-01 4.08583859e-01 1.15767125e+04 1.36975449e+01
 -5.15036283e-01 1.39956235e+00 -1.75944570e+00 2.27783833e-01 -1.85782699e+04 1.36978756e+01
 4.59394641e-01 -3.08077242e-01 6.56801735e-01 -7.35410007e-01 -1.23463131e+04 1.37017942e+01
 -4.76180829e-01 -2.48159057e-01 -2.62333851e-02 -1.32714308e-01 -3.14794192e+02 1.37077786e+01
 1.92561564e+00 -6.91886939e-01 -3.53762452e-01 6.58272208e-01 3.38317526e+04 1.37090294e+01
 2.33644640e+00 -3.99985378e-01 -1.38950611e+00 -2.90959961e-01 -6.41490789e+03 1.37118440e+01
 -8.25763476e-01 -6.18694460e-02 -2.31801942e+00 -6.84057923e-01 4.36138100e+04 1.36996855e+01
 1.02346311e+00 -8.06268013e-01 -1.97050383e-01 3.76174790e-01 1.51109693e+04 1.36943204e+01
 -1.74249183e-01 4.28336483e-01 5.18628845e-01 -6.23605661e-01 7.58201990e+03 1.36953350e+01
 -2.13745636e-02 -2.43677042e-01 -2.02599008e+00 -2.73210323e-01 8.07710719e+03 1.36939797e+01
 -1.76675688e-01 3.18610559e-01 7.85727056e-02 -2.27952909e-01 4.70787182e+03 1.37023780e+01
 6.80779643e-01 -9.18782039e-02 -1.08460009e+00 -2.41391900e-01 9.53897190e+03 1.37030334e+01
 1.74480781e-01 -4.22943604e-01 6.71033980e-01 1.59742847e-01 1.24003561e+04 1.37075391e+01
 1.49984436e+00 9.51112066e-01 2.23637168e+00 2.16418437e-03 -2.26428658e+04 1.37044227e+01
 6.90584626e-01 -1.55978625e+00 -1.98103691e-01 1.86552767e-01 4.29334952e+03 1.36932220e+01
 2.13471253e-01 -5.13941456e-01 -1.62698762e+00 -1.49164554e-01 -4.00395369e+04 1.37076816e+01
 -8.71567150e-01 9.03732311e-01 -5.84319883e-01 8.01218637e-02 5.09966078e+03 1.36921154e+01
 1.59952010e+00 -5.05888794e-01 7.62727096e-01 -1.26072236e-01 2.02135125e+04 1.36987140e+01
 -6.43019300e-01 -5.61717488e-01 6.46940860e-01 9.89249219e-01 1.58197613e+04 1.37015087e+01
 1.16863785e+00 1.23073667e+00 -4.59184424e-01 4.32282944e-01 -2.15675350e+04 1.37024684e+01
 1.05958733e+00 -5.99848599e-01 -2.82618908e+00 2.09996323e-02 5.46290806e+03 1.36954083e+01
 -2.66100442e+00 -4.78756189e-01 1.04119095e+00 -2.04482123e-01 1.60142656e+04 1.36990902e+01
 1.32149051e+00 -2.33841782e-01 -1.38184200e-01 3.87753017e-01 -5.10719004e+04 1.37083751e+01
 -1.48991624e+00 -1.78078046e-01 2.19696640e+00 -1.02752459e-01 -2.39814083e+04 1.36982876e+01
 -4.71448862e-01 -7.15410442e-01 -1.08688761e+00 8.52355561e-01 1.31087420e+04 1.36949406e+01
 -8.21310137e-01 4.11521841e-01 1.75602542e+00 -7.23452425e-02 -1.46256927e+04 1.36847533e+01
 -1.37085451e-01 3.52933528e-01 1.02523129e-01 -3.25329040e-01 -2.22660126e+04 1.36974726e+01
 -1.36044753e+00 5.13985190e-01 4.09302976e-01 2.60518029e-01 3.24640587e+04 1.36989115e+01
 -2.60196137e-01 -4.99332431e-01 6.17659913e-01 5.92021567e-02 -5.39039147e+03 1.36964034e+01
 -7.46278987e-01 1.82365243e-01 -1.83839177e+00 -1.56947264e-01 -1.08517688e+04 1.36980728e+01
 -4.79989304e-01 -7.11429701e-01 8.73832602e-02 -2.16600162e-02 -1.87457568e+03 1.36878207e+01
 1.48293440e-01 5.60776887e-01 -5.14233357e-01 2.87193420e-01 -2.27878888e+02 1.37008030e+01
 1.01761419e+00 -5.32296161e-01 -2.54460607e+00 -2.79878026e-01 6.01752799e+03 1.37035935e+01
 -1.22528206e+00 -4.16626393e-01 2.21578451e+00 -4.23141021e-01 -1.55411430e+04 1.36964546e+01
 -9.94905485e-01 6.85234636e-01 -8.12165544e-01 -4.25053085e-01 -4.02912128e+03 1.37130975e+01
 3.94440426e-01 -6.34314989e-01 1.07003505e+00 4.33531547e-02 2.77791289e+03 1.37055591e+01
 -8.11824886e-01 -2.56181463e-01 -7.74717301e-01 -1.09287186e-01 -2.09319855e+04 1.37022677e+01
 4.98722254e-02 -9.32997717e-01 4.87116456e-01 -3.60122279e-01 -6.27876393e+04 1.37002063e+01
 2.41233529e+00 3.76337577e-01 1.03523418e+00 3.48195157e-01 1.04719876e+03 1.37135860e+01
 -1.59127941e-01 3.47180257e-01 -9.89962373e-01 -6.33857776e-02 8.14324067e+02 1.36954852e+01
 1.15189091e+00 -4.33013823e-02 -6.11912274e-02 1.66094500e-01 -4.32009837e+04 1.37030423e+01
 4.38382875e-01 -2.64911426e-01 4.82399680e-01 5.45254571e-01 -2.80146449e+04 1.36960419e+01
 -1.49981323e+00 -1.10008654e+00 1.05557285e-01 -5.81126159e-01 -2.20275560e+03 1.36891233e+01
 2.81187172e-01 2.59473836e-01 -2.84008384e+00 7.24064599e-02 -3.60774202e+04 1.36980880e+01
 9.33486573e-01 -1.18349223e+00 -3.09255671e-03 -1.73500640e-01 -2.15007551e+04 1.36905526e+01
 6.22785415e-01 1.99056756e-01 1.92841270e-01 1.94183397e-01 -1.93021176e+04 1.36961315e+01
 1.18928118e-01 -4.56209147e-01 -1.10813314e+00 -5.86543217e-01 -2.84792034e+04 1.36941102e+01
 1.81168363e+00 -3.72098848e-01 -1.67344173e+00 2.52739721e-01 4.61430953e+04 1.36995333e+01
 1.36489584e+00 6.66168580e-01 -2.76899852e-01 -3.97941201e-01 1.74180300e+04 1.37098482e+01
 -3.90296029e-01 4.97111836e-01 1.49890501e-01 -1.22053288e-01 1.58117777e+04 1.36981411e+01
 5.25093570e-01 -5.96099326e-01 -2.04218362e+00 1.32429472e-01 -1.94138586e+03 1.36956835e+01
 -2.32287999e+00 -2.87762665e-01 3.92976008e-01 -8.36888933e-01 2.42235420e+04 1.36800248e+01
 5.10855877e-02 8.77723246e-01 -4.80294624e-03 -7.88541334e-01 4.41933660e+03 1.37017615e+01
 -9.67704305e-01 -6.64149019e-01 4.41459534e-01 7.17934038e-01 8.93181778e+03 1.36976073e+01
 1.44199256e-01 -2.62224712e-01 5.75577684e-01 3.95735102e-01 8.85611473e+03 1.36936076e+01
 1.28448902e+00 -2.23512549e-02 1.10972278e+00 4.88644423e-01 1.55495835e+04 1.37038972e+01
 1.14565531e+00 -5.69269130e-02 -1.11911290e+00 1.96055196e-03 -2.21262774e+04 1.37081216e+01
 1.08384568e+00 -2.88568965e-01 1.88967767e+00 -5.84764368e-01 3.71887812e+04 1.37052142e+01
 5.93761356e-01 4.16360748e-02 -9.19346478e-01 -2.92331834e-01 1.02667032e+04 1.37089489e+01
 6.83194895e-01 4.02983100e-01 2.93972669e-02 -2.17325608e-01 -5.61510415e+03 1.36947779e+01
 4.02973575e-01 -4.73558025e-01 3.08593562e-02 1.77419133e-01 -1.99403838e+04 1.37162371e+01
 1.37238998e+00 1.06564303e-01 2.21673036e-01 -5.99328635e-02 1.12565716e+04 1.37034665e+01
 1.89721407e-01 9.64340353e-02 4.75353298e-01 3.66352298e-01 -4.82465713e+03 1.36964281e+01
 -1.06638892e-01 8.39361884e-01 9.06406794e-01 7.74074520e-01 3.42585362e+04 1.36998221e+01
 -5.22724371e-01 -2.73460056e-01 -1.19029668e+00 5.86105559e-01 1.63102969e+04 1.37080802e+01
 -7.77949824e-01 6.53508077e-01 9.60545885e-01 4.32041088e-01 2.22830234e+04 1.36898779e+01
 -1.80057042e+00 9.57047485e-01 3.63056009e-01 -2.92792198e-01 1.59944655e+04 1.36938503e+01
 -1.69625423e+00 -1.68976719e-02 -1.41659277e+00 -1.66479642e-01 6.43816640e+03 1.37097972e+01
 -1.43943599e-01 3.53247748e-01 -2.10099123e-01 -1.66720837e-01 2.76246129e+04 1.36998349e+01
 -5.52912745e-01 1.23617792e-01 -1.07530892e+00 -6.81287697e-01 1.98828944e+04 1.37063861e+01
 6.33799179e-02 5.81268078e-01 5.46204220e-01 -3.10404371e-01 -2.10880996e+04 1.36953897e+01
 -8.85236210e-01 -1.34910951e+00 -8.57465423e-01 -3.24450275e-01 6.11182382e+03 1.36903034e+01
 3.18274607e-01 9.92309071e-01 -6.35404733e-01 7.26035475e-01 -3.46726844e+03 1.36946911e+01
 4.88923775e-01 3.45251378e-01 3.51297704e-01 3.35297851e-01 1.02760054e+04 1.37045261e+01
 -2.63223085e-01 1.55983645e-01 9.62263994e-01 7.36126234e-02 9.13250185e+03 1.36987544e+01
 1.37336164e+00 -1.00660934e-01 -1.22871032e+00 1.28583783e-01 2.16513104e+04 1.37061605e+01
 1.65683145e+00 6.18194318e-02 2.55942032e-01 -3.38328043e-01 4.63532981e+04 1.37208371e+01
 -9.33505890e-01 -1.24104873e-01 -4.54594366e-01 8.89710709e-01 -6.37535606e+03 1.36973623e+01
 -1.46602503e+00 -4.50169086e-01 2.65086724e+00 -2.55862235e-01 3.98336402e+03 1.36967078e+01
 6.06277505e-01 3.01657296e-01 6.48630130e-01 -6.04307099e-01 2.78413338e+04 1.37027993e+01
 3.65665824e-01 -6.90840639e-01 -5.87637515e-02 6.41552287e-02 -2.29550545e+04 1.36989671e+01
 1.10415952e+00 -1.14337565e-01 -6.88714351e-01 -4.83053458e-01 -1.36016276e+04 1.36964569e+01
 -5.09117859e-01 -5.55197525e-01 -6.74470604e-01 9.86303191e-02 4.34025105e+03 1.36843045e+01
 -1.43583333e+00 -2.14679338e-02 1.30677308e-01 -2.51593703e-01 -1.87292709e+04 1.37007439e+01
 -2.21436555e+00 3.98771228e-01 1.08902635e+00 8.86263028e-02 1.60219359e+04 1.37005883e+01
 2.03263727e+00 -4.54282852e-01 2.64248104e-01 2.42108768e-01 -1.00063012e+04 1.37037233e+01
 4.28927912e-01 2.64517591e-02 -6.32632546e-01 1.43149602e-01 1.94965491e+04 1.37148322e+01
 -1.76851586e-01 4.68157392e-01 2.61137392e-01 8.63119493e-01 1.87784720e+04 1.36959424e+01
 -2.57678128e-01 -6.51503102e-01 -9.51306034e-01 -1.82455809e-01 -1.34834601e+04 1.36985053e+01
 -1.58488244e-01 8.79528973e-01 -3.34863163e-01 -4.49151397e-01 3.74041700e+04 1.36967067e+01
 5.39356462e-01 -6.17906832e-01 5.03481429e-01 3.26522958e-01 1.63557515e+03 1.36968782e+01
 -3.00336937e-01 5.88642419e-01 7.54513346e-02 -4.76228225e-01 -5.19145022e+03 1.36997453e+01
 -2.29298489e-01 -1.04080237e+00 3.78645722e-01 -1.87687029e-02 -3.55763838e+04 1.37158384e+01
 -5.40812413e-01 -1.75755997e-02 7.01170221e-01 -2.26222354e-01 1.73259281e+04 1.37085618e+01
 2.76147338e-01 -2.48012686e-01 1.87253305e+00 -8.22607375e-01 -1.44729654e+04 1.36924009e+01
 1.05314655e+00 -3.47888770e-01 -1.15525453e+00 1.37523592e-01 8.74686111e+03 1.37076337e+01
 1.53192090e+00 -6.92105326e-01 -4.65755179e-01 -2.48350999e-01 -7.03575199e+03 1.37035848e+01
 5.55856943e-01 9.92501494e-01 9.50478792e-02 1.17124724e-01 9.68442123e+03 1.36977998e+01
 -3.75488161e-01 4.33696611e-01 1.57171988e-01 -1.01117059e-01 1.52617750e+04 1.36929272e+01
 -4.22901462e-02 -8.23890095e-01 9.28077592e-01 -7.02716967e-01 1.67971703e+04 1.37081706e+01
 2.01429371e-01 1.33174858e-02 -4.85466039e-03 4.36659947e-01 2.91790720e+04 1.36948228e+01
 -1.20631714e+00 -8.42182447e-01 -4.89770202e-01 5.54526990e-01 -1.87121667e+04 1.36859382e+01
 -1.19111007e+00 -1.24279031e-01 -7.45596643e-01 5.77102330e-01 1.70784828e+04 1.37043361e+01
 -5.29646583e-01 3.58948969e-01 -5.98718581e-01 7.56616706e-01 1.90844986e+04 1.36910272e+01
 -5.64602246e-01 -4.94013451e-01 -1.47461778e+00 -7.44736730e-01 -5.30345788e+03 1.37050744e+01
 7.38142908e-01 -9.67093860e-02 -4.67338385e-01 4.83702815e-01 3.03396793e+04 1.36869347e+01
 3.64036759e-01 -3.38632873e-01 -6.63150094e-01 -8.87218119e-02 -3.07921797e+04 1.37072538e+01
 -1.68000621e+00 8.35378190e-02 -1.40897923e+00 -2.42919997e-01 -1.38420019e+04 1.36825507e+01
 1.19185570e+00 -6.25213882e-01 -1.31364310e+00 6.43705283e-01 1.67435137e+04 1.37026790e+01
 1.81376626e-01 -3.08917331e-01 3.49099874e+00 1.41261725e-01 1.59516631e+04 1.37097027e+01
 2.10829637e+00 3.33821286e-01 1.98587668e+00 -4.62954285e-01 7.21330841e+03 1.37059600e+01
 -9.25322088e-02 4.74230832e-01 2.75174788e-01 -4.20763702e-01 8.56480319e+03 1.36994384e+01
 -1.00924740e+00 8.51043381e-01 -3.45128321e-01 1.92969284e-01 -4.41075554e+04 1.36968744e+01
 5.38545881e-01 -3.25579982e-01 -2.77218832e+00 4.55437381e-02 3.00103438e+04 1.37022275e+01
 6.17211999e-01 -8.55259104e-01 1.56752284e-03 -6.84126769e-01 1.68426612e+04 1.36996496e+01
 -1.15655485e-01 1.49657764e-01 9.56937425e-01 5.36513142e-01 -1.67722063e+04 1.37064517e+01
 2.51563217e-01 -6.97600906e-02 -1.03528011e+00 8.43459331e-01 -1.81686959e+04 1.37027178e+01
 -1.24046703e+00 3.33652125e-02 -3.20462673e+00 1.31917358e-01 1.03360250e+04 1.37042926e+01
 -1.01953731e-03 6.23121418e-03 3.22653560e-01 -1.45759595e-01 -2.47362673e+03 1.37004109e+01
 -7.88125892e-01 -1.36997445e-01 3.50232593e-01 -1.65920657e-01 1.37856631e+04 1.36960371e+01
 1.75255059e+00 -1.98625369e-01 5.91855619e-01 -5.68522667e-01 6.18860749e+03 1.37162113e+01
 2.15353787e+00 -1.35862557e-01 -3.80244373e-02 6.94571790e-01 -7.23369636e+03 1.37010803e+01
 -1.88934475e+00 1.54736495e-01 -9.83959903e-01 -2.26518377e-01 -1.81002381e+04 1.36829019e+01
 7.62002706e-01 8.83122201e-01 1.10804658e+00 -2.94718063e-01 -9.65950849e+03 1.37044260e+01
 8.17074707e-01 5.69228629e-01 3.54122900e+00 -1.08558358e-01 2.82604790e+04 1.37031799e+01
 -1.27126149e+00 4.25851284e-01 -2.03248877e+00 -3.98343693e-01 -1.24122218e+04 1.37055603e+01
 4.69930631e-01 -8.64080663e-01 -1.55393930e+00 6.78093571e-01 2.74420010e+03 1.36962734e+01
 1.54968709e-01 9.66042664e-02 -1.01492589e-03 2.27515863e-01 9.21322151e+03 1.36974138e+01
 -7.27785639e-01 9.67566339e-01 1.41373530e+00 3.02091240e-02 3.64291845e+03 1.37012379e+01
 1.20952543e+00 4.41782862e-01 -4.12973673e-01 2.77232798e-02 1.92237074e+03 1.37064662e+01
 1.88142551e+00 -1.43642253e+00 2.87913203e-01 -3.66271779e-01 6.68234265e+03 1.37235264e+01
 -3.46374364e-01 3.90332352e-01 -2.16151478e+00 -1.44710489e-01 -1.47592753e+04 1.36866251e+01
 -2.07648933e-01 -2.44692778e-01 -5.09469853e-02 -2.73526658e-01 -9.77407440e+03 1.36958260e+01
 3.45787037e-01 4.85001884e-02 8.61597261e-01 1.65318462e+00 -3.29593812e+04 1.36926191e+01
 -1.32027886e+00 -7.17497581e-01 -1.96469916e+00 2.76556223e-01 -1.41587868e+04 1.37017844e+01
 2.79353881e-01 -2.14193545e-01 -2.89905933e-01 -1.73104757e-01 -1.80957037e+04 1.36955811e+01
 -7.23201330e-01 4.91044751e-02 -7.72441325e-01 -5.53851859e-02 9.59747665e+02 1.36987002e+01
 2.83322882e+00 -2.12782592e-01 4.31186443e-01 9.90417534e-02 -4.46538265e+04 1.37146567e+01
 -1.26061391e+00 4.31316628e-01 1.96656283e+00 4.09690734e-01 -1.47125917e+04 1.36985829e+01
 6.30579366e-01 9.71798770e-02 -1.04598090e-01 5.15163439e-01 -2.75363371e+04 1.37025085e+01
 -1.14173310e+00 -6.22815353e-01 -7.87351013e-02 2.88448886e-01 1.22269235e+04 1.36950814e+01
 -4.37119323e-01 -6.59327318e-01 -7.66992730e-01 -2.55746228e-02 6.08611076e+03 1.37132569e+01
 -1.22529525e-02 9.30451528e-02 5.57265606e-01 1.96761315e-01 3.86338806e+02 1.37046403e+01
 2.16952676e-01 -1.14505448e+00 7.74306176e-01 3.16636056e-01 1.74226124e+04 1.37061402e+01
 1.76264292e+00 1.38447068e+00 3.80941881e-01 1.93542240e-01 -3.17076818e+04 1.37005686e+01
 -2.93391500e-01 4.22069177e-01 -4.34124737e-02 -6.98421333e-01 8.76979316e+02 1.36950400e+01
 5.98365900e-01 5.37835965e-01 5.99074989e-01 -3.48574248e-01 -1.52705350e+04 1.37000695e+01
 -5.19588880e-01 -3.47859298e-01 8.97183679e-02 -1.62121451e-01 -1.76584684e+03 1.37096123e+01
 4.25143873e-01 -4.23125733e-01 9.56614145e-01 4.80368580e-01 -6.52185567e+02 1.37043959e+01
 7.42657134e-02 1.62605537e-01 -3.42703185e-01 3.85711231e-01 -1.13352656e+04 1.36983142e+01
 -1.45700619e+00 -3.45044853e-01 1.07932353e+00 6.25184814e-01 -2.03796480e+04 1.36965831e+01
 -1.98133403e+00 1.30707893e+00 -2.20448966e+00 3.64894955e-01 4.36790579e+03 1.36911889e+01
 1.10862101e+00 -1.76639413e-01 -2.54710127e+00 -7.63332945e-03 -1.68931902e+04 1.37056874e+01
 3.25786403e-01 -5.72607850e-02 6.23209102e-01 -3.84272808e-02 -1.00234679e+04 1.36993082e+01
 -4.42353409e-02 -1.17283148e-01 1.72429768e-01 5.84750569e-02 7.67137544e+03 1.37113955e+01
 -1.00085735e+00 2.42126080e-01 1.10679995e+00 -2.51150717e-01 2.47366373e+03 1.36981306e+01
 -9.43372109e-01 -1.75270481e-02 -1.57336808e+00 -3.20693651e-01 -5.41980635e+04 1.36943200e+01
 -1.48191568e-01 -1.10760226e+00 -7.36196394e-01 4.17812499e-01 -9.76269661e+03 1.36944482e+01
 3.72215629e-01 -4.18583445e-01 -4.95083889e-01 3.85708740e-01 -2.15810956e+04 1.36922896e+01
 1.59807594e+00 -1.49905478e-01 3.53533307e-01 -2.93190786e-02 3.36974706e+04 1.36863875e+01
 -1.22232210e+00 2.95784823e-01 -7.50185455e-01 -2.04105605e-01 -1.53515129e+04 1.37006081e+01
 1.49484112e+00 -1.78524318e-01 1.19581837e+00 -2.56460014e-01 9.74481080e+03 1.37095230e+01
 -1.79169339e+00 -1.15353862e-01 -4.75029338e-01 3.22655075e-01 1.42702370e+04 1.36942670e+01
 -6.97085431e-01 8.31399184e-01 -1.87949695e-01 1.77900263e-01 -4.87057625e+03 1.37005108e+01
 -4.34178561e-01 -6.77173691e-01 -2.60868400e-01 -2.44624101e-01 5.52817743e+02 1.37014047e+01
 -8.16125390e-01 -1.61767890e-01 -1.15390605e+00 4.78898285e-01 1.10762994e+03 1.36977558e+01
 -7.68619179e-01 4.40706154e-01 -3.65094900e-01 -3.99684043e-01 -2.41889233e+04 1.37039716e+01
 1.29337582e+00 -4.20487797e-01 -2.00056375e+00 -3.98960321e-01 -1.05788315e+04 1.36982431e+01
 6.63653540e-01 -3.60262941e-01 -1.72345871e+00 -8.86902557e-01 -7.60357864e+03 1.36936378e+01
 9.44106631e-01 5.06787448e-01 4.82870182e-01 -2.63397917e-01 2.97946615e+04 1.36953395e+01
 2.23815966e+00 1.04874970e+00 9.74235241e-02 4.65812008e-02 1.17756476e+04 1.37058999e+01
 -2.16193268e-01 -2.92347459e-01 -9.75292123e-02 -6.37429503e-01 2.40509298e+02 1.36998246e+01
 -4.81842427e-01 -7.18579858e-01 3.16974987e-01 -5.01919048e-01 -1.99504400e+04 1.36904743e+01
 -1.32968891e+00 1.03325758e-01 -1.20591585e-01 2.68366728e-01 -8.87142110e+03 1.36953098e+01
 4.75762804e-01 5.06014831e-01 -1.59453952e+00 1.58422650e-01 1.24485946e+04 1.36997972e+01
 -1.31416618e+00 -5.32517812e-01 7.03428721e-01 3.12836287e-01 2.18114831e+04 1.36865739e+01
 -1.06823820e+00 1.10449916e-01 -6.60977727e-01 -3.11701524e-01 -4.18007353e+03 1.36914321e+01
 7.75558621e-01 5.81261512e-01 -1.70661099e+00 -1.24424622e-01 -2.13804390e+04 1.37084310e+01
 1.26294182e-02 -1.13872825e-01 7.97991179e-02 4.99639611e-01 7.19531454e+03 1.37108035e+01
 -1.90542286e+00 6.67767863e-01 1.07823763e+00 2.68324473e-01 -1.11039936e+04 1.37025498e+01
 -1.85562387e+00 4.70580839e-01 3.63116537e-01 -3.01509445e-01 -9.94680132e+03 1.36987944e+01
 9.62456482e-01 6.04196661e-01 -1.15592306e-01 1.12888361e-01 5.39400271e+03 1.37088256e+01
 1.40425222e+00 6.88154696e-02 1.23527582e+00 4.04052339e-01 -4.93585767e+03 1.37057949e+01
 1.62247417e+00 -6.06346420e-01 3.03870301e+00 -7.16930308e-02 4.05140351e+03 1.36985593e+01
 -1.97276371e+00 1.28885194e+00 2.23985180e+00 -8.79464478e-01 6.88078980e+03 1.36887918e+01
 4.24144557e-01 6.09887799e-01 -9.28355411e-01 -1.08184246e-01 -3.88728445e+04 1.37012660e+01
 -5.23108142e-01 -9.88148717e-02 1.72899676e+00 8.33968652e-01 4.76449987e+02 1.37059364e+01
 5.61595796e-01 -1.06789679e+00 -1.08580641e+00 2.14243312e-03 -6.78799768e+03 1.36998938e+01
 -5.14106915e-01 3.46318756e-01 1.36628987e+00 -3.76847768e-01 -3.13348500e+02 1.36985024e+01
 -2.51932087e-01 2.61004732e-01 1.13527717e-01 2.55107046e-01 3.01421604e+04 1.36957147e+01
 1.00000477e+00 5.49818029e-01 -4.30988697e-01 -9.78770364e-01 -2.17010652e+04 1.37020527e+01
 2.04457666e+00 -6.77702567e-01 9.44586047e-01 8.81693017e-02 1.29208746e+04 1.37121030e+01
 -6.12329596e-01 8.24569673e-02 2.14405541e+00 -1.58784387e-01 2.15412062e+04 1.37048618e+01
 2.11635617e+00 -2.00139166e-01 6.34081381e-01 2.94365218e-01 -3.72558896e+02 1.37018997e+01
 -1.50731532e+00 -1.53077682e-01 -1.42443396e+00 -6.48107290e-01 1.53891784e+04 1.36948034e+01
 1.45260077e+00 3.52716724e-01 1.34395623e+00 -7.33256863e-01 -1.01222100e+04 1.37120866e+01
 1.03158291e+00 1.87713153e-01 -3.49185223e-01 6.32932635e-01 1.03120787e+04 1.37085703e+01
 -6.09975107e-01 6.82691611e-01 1.86097416e+00 -9.16594940e-02 -2.26568172e+04 1.36965398e+01
 -1.44521535e+00 2.80552476e-03 -2.44448431e-01 -2.58531156e-02 -1.18986713e+04 1.36962957e+01
 3.67287179e-01 -4.92880867e-01 -2.56977211e-01 -3.02605152e-01 4.89016405e+03 1.36951798e+01
 8.39576123e-01 4.52631926e-01 -6.75206697e-01 -4.92385928e-01 6.75118562e+03 1.37083156e+01
 -5.49377893e-01 3.45717874e-01 1.05365291e+00 -1.87453225e-01 2.05703043e+04 1.36925527e+01
 -5.16419806e-01 3.47439452e-01 2.74490258e+00 -2.25143313e-01 1.26778362e+04 1.37023115e+01
 -7.23257070e-01 -5.60558344e-01 5.73015717e-02 -2.11172059e-01 2.18172196e+04 1.37039461e+01
 -6.65090280e-01 -1.63905271e+00 4.66406988e-01 -2.11298281e-01 4.13979422e+02 1.37030739e+01
 -1.14075025e-01 -4.99748314e-01 9.98594825e-01 1.69593830e-01 -4.69311296e+03 1.37088955e+01
 -7.09102975e-01 2.66672129e-01 1.74551898e+00 1.68376782e-01 -3.46464612e+04 1.36905299e+01
 9.76376308e-01 -1.27849973e-01 1.29220168e-01 8.13477097e-01 -3.35788694e+04 1.37045944e+01
 3.56011206e-01 -4.76313704e-01 -2.53318233e-01 1.43861473e-01 -6.96348660e+03 1.37015242e+01
 -2.44385230e-01 7.70696784e-02 2.97460207e+00 4.36062825e-01 1.88055923e+04 1.36969201e+01
 -1.42658408e+00 -5.90301924e-01 4.33072782e-01 -3.47109763e-01 -7.21168762e+03 1.36950814e+01
 1.22281955e+00 4.73924568e-01 -1.20155637e+00 -5.21005559e-01 2.14693639e+04 1.37076515e+01
 7.54132412e-01 -3.61114751e-02 -7.52273595e-01 -4.43291546e-01 5.26590027e+04 1.36968669e+01
 6.03975653e-01 2.41566778e-02 -3.40243331e-01 -2.09342375e-01 4.35108361e+04 1.37085194e+01
 -5.23804497e-01 6.36553206e-01 4.39141114e-01 5.18545233e-01 1.33521670e+04 1.36912198e+01
 -5.03512625e-01 -1.27063368e-03 1.25077820e-01 5.35482121e-02 -1.16550799e+04 1.37089809e+01
 -8.68846733e-01 4.22492714e-01 2.04453663e+00 -2.39550922e-02 3.70516531e+03 1.37000251e+01
 6.43699971e-01 3.79429449e-01 5.32128773e-01 1.34978407e-01 1.08805627e+04 1.37066006e+01
 -1.28863862e-01 -3.31061812e-01 1.57559520e+00 -1.80852343e-02 2.87781894e+03 1.36948648e+01
 -5.09256527e-01 -3.29919365e-01 1.20014441e+00 4.31930873e-01 -6.74266846e+03 1.36938502e+01
 -4.40800931e-01 -7.97250590e-01 5.34947246e-01 4.87316709e-01 -1.43816182e+03 1.37019900e+01
 -2.13221104e-01 -2.95573897e-01 -4.55160673e-01 -1.08220682e-02 -6.95325847e+03 1.37045035e+01
 8.29995945e-01 -4.13696147e-01 -7.54289798e-01 3.39480011e-01 -5.46912213e+03 1.37036222e+01
 6.07168976e-01 -3.16965980e-02 -4.47918153e-01 3.22201131e-01 -1.81423388e+04 1.37015980e+01
 -9.68537401e-01 5.90906720e-01 -8.00234584e-01 1.44518119e-01 2.53519644e+04 1.36941327e+01
 4.11207528e-02 6.60108738e-01 -2.79896488e-01 -3.29736112e-01 9.59998137e+02 1.36998148e+01
 -2.04608442e+00 1.91959570e-01 6.39999367e-01 1.44323076e-03 1.26599100e+03 1.36963621e+01
 -1.34927589e+00 -1.07760752e+00 -4.06315594e-01 4.52225810e-02 -2.81545819e+04 1.36928547e+01
 -2.03606683e+00 6.36087950e-01 1.14428875e-01 -1.95750520e-01 -2.62830805e+04 1.36894394e+01
 -3.09985049e-01 3.32972593e-02 7.25260849e-01 -2.95791987e-01 -2.59913358e+04 1.36892264e+01
 2.30829751e-01 1.20892045e+00 -4.52298546e-01 -4.21361484e-01 -2.96475940e+04 1.36966606e+01
 7.65112481e-01 -5.42782975e-02 1.42237454e+00 -6.25820732e-02 -1.25378900e+04 1.37053623e+01
 -1.07523364e+00 -3.60790849e-01 -5.08170009e-01 -1.04168008e-01 1.09319647e+04 1.36992871e+01
 -4.66856198e-01 -4.66173590e-01 8.50263831e-01 -5.75388552e-01 -2.32666270e+04 1.36888365e+01
 9.61721623e-01 -4.82339763e-01 2.01356470e+00 7.90408651e-01 -1.21092724e+04 1.37007084e+01
 8.62859217e-01 4.33930888e-01 2.19424221e-01 -6.85533990e-01 -1.80831986e+03 1.36920053e+01
 2.53949877e-01 2.99983635e-01 5.35271911e-01 5.32582742e-01 6.55816094e+03 1.36994082e+01
 -2.39578112e-01 7.15431572e-01 -2.53012037e+00 -7.68672038e-01 -3.58450751e+03 1.37005103e+01
 1.80205232e-01 3.05882858e-01 2.99727035e-01 -4.52303713e-01 2.05404290e+04 1.37023455e+01
 -1.46583873e+00 2.72605619e-01 6.68835934e-01 -9.66326653e-02 2.07549008e+04 1.37027185e+01
 1.48976386e-01 -2.17767197e-01 -1.46125301e+00 -5.17226768e-01 1.62016921e+04 1.37009243e+01
 1.48633686e+00 4.89093675e-01 3.62458346e-01 1.72528912e-02 -4.19759205e+04 1.37132822e+01
 -6.30626340e-01 2.97925038e-01 1.09291139e+00 -2.99735811e-02 5.18961251e+04 1.37036063e+01
 1.55884178e+00 -3.83245841e-01 1.11465717e+00 -4.83084618e-02 1.86119032e+04 1.36950257e+01
 1.50355029e+00 3.39813783e-01 -5.54152237e-01 3.18680495e-01 -2.16121535e+04 1.37046499e+01
 -1.17601813e+00 7.45311210e-01 4.63027711e-01 7.71819277e-01 -2.88473497e+04 1.36995690e+01
 -5.24495702e-02 -8.04440485e-01 8.00628662e-01 1.48331420e-01 5.13969527e+03 1.37038067e+01
 4.97088866e-01 -3.44731939e-01 -1.22920868e+00 -1.88934698e-01 -1.37229555e+04 1.36972404e+01
 1.29288149e+00 1.32969011e+00 -4.79951150e-01 -2.83412493e-01 -2.70728370e+04 1.37110165e+01
 -2.07416945e-01 -1.12064976e-01 -7.95771087e-01 -5.62950623e-01 -1.99337933e+04 1.37057811e+01
 -1.12650594e+00 2.17631578e-01 9.58959990e-01 1.41390984e-01 -9.45855025e+03 1.36956586e+01
 7.28145869e-01 -2.02180399e-01 -5.38088166e-01 -2.87874248e-01 1.31809582e+04 1.36912989e+01
 -8.30437934e-01 2.79462419e-01 -5.43923106e-02 4.59550031e-01 5.99652526e+03 1.37003562e+01
 2.89488893e-01 -2.87512774e-01 4.09168268e-03 4.36589780e-02 -3.41140091e+03 1.36940772e+01
 1.65852627e+00 4.81336691e-01 6.98903225e-02 2.92335339e-01 3.21919834e+03 1.37032505e+01
 -2.10846658e+00 -7.56597929e-01 6.55932309e-01 -3.75545069e-02 -2.71426848e+04 1.36819472e+01
 -1.03340753e+00 -5.00638375e-01 1.06335614e+00 5.84592070e-01 -5.43622500e+03 1.36972942e+01
 -2.27418262e+00 5.43270301e-01 4.39018635e-01 3.16179218e-01 -1.17991133e+04 1.36862475e+01
 -9.98359612e-01 7.36871356e-01 -5.82525147e-01 -4.15134186e-02 -8.03015656e+03 1.36893332e+01
 1.75499116e+00 1.16641029e+00 1.36282836e+00 -1.27635164e-01 1.55979902e+04 1.36967865e+01
 5.32482341e-01 5.35253448e-01 -1.93872469e-01 3.10673344e-01 -2.15948674e+04 1.37024497e+01
 -1.45982186e+00 5.02909914e-01 -1.45323333e+00 -2.03315025e-02 2.61117477e+03 1.36996676e+01
 1.43232851e+00 2.50334925e-01 1.93862352e-01 -4.01520658e-01 2.38650420e+04 1.37087994e+01
 9.55967823e-01 6.74619775e-01 1.76233115e+00 -6.38883018e-02 3.98274629e+04 1.37043670e+01
 -8.21876706e-01 1.82026587e-01 2.84165114e-01 2.13868978e-01 -4.21465603e+03 1.37052752e+01
 3.61724649e-01 -2.01580204e-01 1.70195836e-01 1.18668707e-02 -1.95935295e+04 1.36968029e+01
 5.61331591e-01 9.00341512e-01 -2.64495911e-01 -3.78067289e-01 1.35615782e+04 1.36989750e+01
 -6.14222019e-01 -1.69704954e-01 1.09416165e+00 -1.21759126e-01 -6.06930393e+03 1.37013004e+01
 -3.48608668e-01 -4.47153809e-01 -9.84382737e-03 1.16850933e+00 4.00756412e+04 1.37038625e+01
 1.92309258e+00 -2.71940787e-01 7.97555044e-01 -7.37724846e-01 -3.22078126e+04 1.37119640e+01
 2.27333429e-02 4.23485115e-01 -2.44700595e+00 -4.36803811e-01 -3.25262074e+03 1.36958407e+01
 -1.10890944e+00 4.98543295e-01 8.25639173e-01 1.86595931e-01 -1.91951516e+04 1.36918141e+01
 -1.69088162e+00 3.04902195e-01 1.97479444e+00 2.59931603e-01 3.06776870e+04 1.36987666e+01
 1.12347008e-01 3.79618247e-01 -3.25557540e-01 -8.97901742e-03 -2.00407717e+04 1.36979530e+01
 1.34605271e+00 -8.50386121e-01 1.18771187e+00 1.03771178e+00 -6.54962444e+03 1.36963507e+01
 3.20009790e-01 -8.30018882e-01 1.59039745e-01 2.10526944e-01 -1.46280475e+04 1.37042385e+01
 1.03127489e-01 -5.90030611e-03 -8.08118287e-02 -5.51197513e-01 -4.06636438e+04 1.37020597e+01
 1.85221941e+00 1.89757738e-01 6.57561263e-01 1.72037861e-01 2.46463156e+04 1.37119363e+01
 -8.71661972e-01 -1.38016095e+00 2.47959796e-01 -7.68225448e-02 1.64868709e+04 1.37024975e+01
 1.27669350e+00 -1.75043793e-01 -4.57430424e-01 -2.10978871e-01 -1.43259553e+04 1.37041404e+01
 -9.16784758e-01 5.59258510e-01 -2.20739012e-01 1.68453981e+00 4.89070578e+04 1.36943749e+01
 -5.04093528e-02 3.00346802e-01 -4.52233081e-02 -2.15789253e-01 -2.04305466e+03 1.37035115e+01
 -7.05833060e-01 3.35251869e-01 9.48728099e-01 -7.91090346e-01 2.35898535e+04 1.37016134e+01
 -7.33968490e-01 -9.12756661e-02 -1.76246675e+00 4.55340982e-02 1.13007233e+04 1.36928016e+01
 -1.92989757e-01 -7.15389286e-01 -1.05826858e-01 -4.73675960e-01 -1.93646894e+04 1.36885864e+01
 -1.59118955e-01 2.40678454e-02 -1.13915461e-01 -6.73153523e-01 3.44211108e+02 1.36982466e+01
 -8.29199842e-01 8.02545201e-01 -2.68684920e-01 -3.29904726e-01 -2.09968876e+04 1.36930088e+01
 9.10521802e-02 -4.76617819e-01 8.78549023e-01 8.66497674e-01 -1.03345863e+04 1.37032369e+01
 8.84889418e-01 -1.25686757e-01 1.50223747e+00 1.82231409e-01 7.90064831e+03 1.37163875e+01
 8.36348048e-01 7.98957915e-01 -9.98179678e-01 4.16261698e-01 1.87011117e+04 1.37082528e+01
 2.82196733e+00 8.25424230e-01 1.74959673e+00 7.01203521e-03 -3.24400855e+04 1.37112156e+01
 7.63895254e-01 5.74186052e-01 -2.28090834e+00 -1.24987762e-01 -2.28041175e+04 1.37044014e+01
 -5.10031185e-01 -2.81717887e-01 3.60165461e-01 5.69498450e-01 1.93768584e+04 1.36929278e+01
 6.54621117e-01 4.64178677e-01 -1.04458380e-01 -7.99223364e-01 3.22150590e+04 1.37089362e+01
 -1.14484770e+00 5.87725781e-02 -7.27585453e-01 5.71111207e-02 -1.74187572e+04 1.37062066e+01
 1.32578600e+00 -4.72364068e-01 -1.53655608e-01 -2.20060665e-02 1.49913252e+04 1.37010479e+01
 9.75798542e-01 6.49787102e-01 -5.38540035e-01 -6.04126751e-01 1.94323361e+04 1.37168536e+01
 1.61314823e+00 1.59325243e-01 -2.20334354e+00 -5.54715224e-01 4.04800004e+04 1.36962181e+01
 -2.42072322e+00 -1.92454306e-01 6.85664786e-02 -8.38712787e-01 8.62870048e+03 1.36898443e+01
 -3.86233854e+00 5.98752371e-02 -7.47248525e-01 5.98872048e-01 -8.30432804e+03 1.36877075e+01
 -1.61040654e+00 -8.17042130e-01 -2.23829890e+00 -1.73629426e-01 2.23636643e+04 1.37007343e+01
 1.21542744e+00 3.60982451e-01 9.77062035e-01 5.72649992e-01 -4.27204012e+04 1.37047948e+01
 -7.99429898e-01 1.22308856e-01 1.46735780e+00 8.39631835e-02 -2.84505256e+03 1.36981578e+01
 -2.72197623e+00 -8.12021201e-01 1.17078114e+00 9.98879732e-02 1.80062616e+04 1.36970338e+01
 -6.51756026e-02 -5.06949914e-01 1.43916292e+00 1.62837562e-01 4.15906607e+04 1.37025237e+01
 7.16525689e-01 -2.21067460e-01 1.56146836e+00 -7.04987941e-01 1.08465454e+04 1.37062700e+01
 8.28599870e-01 4.96828254e-01 -9.57936382e-01 -9.58664054e-02 9.53854778e+03 1.37012158e+01
 -1.68301576e+00 6.94936624e-01 -6.29657771e-01 -3.87034059e-02 -1.76582112e+04 1.36914905e+01
 -1.89814106e+00 -1.91884531e-01 1.39594975e+00 1.47180417e-01 1.16456292e+04 1.36900547e+01
 2.23483227e-01 -1.28427598e-01 -5.71962411e-01 -6.79732200e-01 -2.22456851e+04 1.37077563e+01
 -6.05768494e-01 1.48477047e-01 -6.20095603e-01 1.01151038e+00 -7.35633447e+03 1.36969740e+01
 -1.73878406e+00 -8.44040725e-02 -9.74693298e-01 7.83543711e-02 1.56918589e+04 1.36941326e+01
 -9.28937739e-02 -4.22420609e-02 -3.72292565e-01 6.33511526e-01 -6.30342045e+03 1.37027155e+01
 5.31472431e-01 7.23869336e-01 -2.34734884e+00 -8.96496270e-01 -1.23381386e+04 1.37058998e+01
 7.24066184e-01 -2.66426612e-01 2.56650860e-01 -2.35846499e-01 -1.90556931e+04 1.37085539e+01
 2.48766181e-02 5.60825201e-01 -2.04632684e+00 -5.24321986e-01 -1.87455696e+04 1.37005531e+01
 -9.96321301e-01 2.30914858e-01 -8.54974071e-01 2.42060010e-01 -4.22890855e+03 1.36911316e+01
 1.23237213e+00 1.06827105e-01 -1.90587269e-01 2.40190156e-01 7.44071021e+03 1.37139594e+01
 2.77225571e-01 4.88424364e-01 -5.03567958e-02 9.81393611e-01 1.11458894e+04 1.37036015e+01
 -1.25466244e-01 -5.05868540e-01 4.30704424e-01 3.23265763e-01 1.33296599e+04 1.36961548e+01
 1.34664844e+00 4.45710593e-01 -5.96022605e-01 -4.74510192e-01 -8.12417453e+03 1.37019366e+01
 8.02534701e-01 -6.71245381e-01 -1.07145799e-01 6.05937585e-01 3.29743346e+04 1.36932200e+01
 1.39001779e-02 -2.00302635e-01 1.06107686e+00 2.86519802e-01 8.24162402e+03 1.36987983e+01
 -4.81734938e-02 6.14953549e-01 -9.48144444e-01 1.64260048e-02 -2.04143026e+04 1.36951123e+01
 4.64331066e-01 3.60282189e-02 -3.91469731e-01 3.90289394e-01 4.03357009e+04 1.36960672e+01
 -1.95172164e-01 -3.68940391e-02 2.94577295e-01 -2.00136287e-02 1.77016050e+04 1.37037196e+01
 6.37519401e-01 -8.11455829e-01 -4.03748117e-02 3.48484399e-01 3.25956395e+04 1.36899427e+01
 9.04336944e-01 -9.96633382e-03 -3.34052046e-01 -2.65242640e-02 -2.59755294e+04 1.37019156e+01
 8.16011167e-01 -9.80186703e-02 -1.24011243e+00 9.78070649e-01 -1.72166387e+04 1.37068640e+01
 -4.12092095e-01 -2.26424729e-01 -1.12669329e+00 6.81558450e-01 1.48015418e+04 1.36990921e+01
 -1.96819586e+00 -5.58334175e-01 -7.05645707e-01 5.42341335e-02 -1.29031466e+04 1.37001552e+01
 1.87247890e+00 1.26816394e-01 -5.89726188e-01 -1.51868004e-01 4.41257857e+03 1.37027420e+01
 5.30248956e-01 1.26253172e-01 4.94435032e-01 4.19064679e-01 -1.87029364e+04 1.37055640e+01
 3.52739426e-01 1.61999993e-01 -8.15363381e-01 -1.83398595e-02 -3.24082447e+04 1.36942977e+01
 -1.39058922e+00 3.92747464e-01 1.46415718e+00 5.18398618e-02 9.72124827e+03 1.36996778e+01
 2.91028675e-01 5.31151952e-01 5.53977952e-02 -2.75345832e-01 -6.16529510e+03 1.37077103e+01
 1.26366057e+00 -1.12963461e-02 2.73099513e+00 -7.30144536e-01 1.13302424e+04 1.37012314e+01
 7.13926889e-01 7.76377438e-01 -1.30696247e+00 -2.64417573e-01 -5.45615135e+03 1.37089155e+01
 -1.21536545e+00 1.01772086e-01 5.24205102e-01 6.24973255e-01 8.70932057e+02 1.37036008e+01
 -5.64893410e-01 2.61273894e-01 1.92163415e+00 5.28090675e-01 -1.08171234e+03 1.36948113e+01
 -4.67809530e-01 6.14666530e-01 1.09709349e+00 2.38507631e-01 1.05590201e+03 1.37036107e+01
 -4.36703378e-01 3.08026632e-01 -1.27109048e+00 -5.36236651e-01 -8.50943988e+03 1.37012754e+01
 -5.69811236e-01 -8.49729483e-01 -1.17905668e+00 -9.41030759e-01 -1.64601199e+03 1.36924989e+01
 2.09785989e+00 4.56192246e-01 1.02060810e-01 -7.77474834e-01 -8.43872605e+02 1.37121541e+01
 6.49438772e-01 4.23875755e-01 -2.80624304e-01 4.23953007e-02 -1.37249053e+03 1.37052782e+01
 3.64122252e-01 3.25229433e-01 -7.03848209e-01 -1.30041983e-01 8.09472071e+03 1.37119030e+01
 1.77727923e+00 -2.09820778e-01 1.10940591e+00 -4.40683511e-01 2.05770223e+04 1.37015269e+01
 -4.19103403e-01 4.13963158e-01 -4.97181624e-01 -3.88452327e-01 1.25577954e+04 1.37031524e+01
 -2.29837078e-02 3.88952078e-01 2.85939373e-01 -3.91113164e-02 1.17406954e+04 1.37022431e+01
 -7.06420732e-01 1.00237550e+00 -6.66895683e-02 -2.49968699e-01 1.18462948e+04 1.36983193e+01
 -6.89315489e-01 -9.31341866e-01 -6.94045965e-02 7.10754469e-01 7.66803924e+02 1.36918182e+01
 -1.05472028e-01 6.88387448e-01 2.80380621e+00 3.62696840e-01 9.97492485e+03 1.36923279e+01
 6.46898624e-01 -3.83936455e-02 -1.08604973e+00 7.84743578e-01 -2.38150636e+04 1.37012351e+01
 1.23876639e+00 -8.87338055e-01 -2.42562835e-01 -1.45345631e-01 -1.45381885e+04 1.37070783e+01
 -1.33490582e+00 -9.10214950e-02 6.50234356e-01 2.65476610e-02 4.83395881e+03 1.36868640e+01
 6.23105456e-01 3.65454918e-01 -1.04487906e+00 4.63984008e-01 5.83388858e+03 1.37014963e+01
 -8.81291340e-01 4.65286603e-01 5.71243308e-01 -7.62615124e-01 1.95931487e+04 1.37092056e+01
 8.03848110e-01 -2.70712479e-01 6.56139241e-01 4.47663782e-03 -5.06124060e+03 1.37074234e+01
 1.92776586e+00 -3.98072153e-01 -6.44988691e-01 -2.88149493e-01 -1.84434566e+04 1.37056030e+01
 -8.85847507e-02 -6.23814205e-03 6.51108844e-01 -2.75337809e-01 2.26308114e+04 1.37000651e+01
 4.44845339e-01 -5.10747150e-02 1.25162628e+00 -7.18255669e-01 2.87458774e+03 1.36925438e+01
 -1.74283089e-01 -6.42711521e-01 2.00049337e+00 8.26743918e-01 -2.45028365e+04 1.37009766e+01
 -1.75062726e+00 1.08512776e-01 1.05089271e+00 1.35995010e-01 2.35282818e+04 1.36971001e+01
 -5.83905166e-01 -4.09973750e-02 7.22271163e-01 8.30600689e-02 -2.08062308e+04 1.36960909e+01
 -1.38055701e+00 5.00604117e-01 -1.05700977e-01 6.40161662e-01 -1.26652942e+04 1.36968706e+01
 6.56536224e-02 -5.64336443e-02 -9.52787670e-01 1.99180607e-01 1.19237260e+04 1.36909669e+01
 -2.19271211e-01 1.18577576e+00 6.42931191e-01 -2.13252700e-01 -9.40800910e+03 1.36962686e+01
 -4.39614208e-01 -3.18454168e-01 -1.28296834e+00 1.03007829e-01 2.91197437e+04 1.36986975e+01
 -3.08585962e-01 2.42517522e-01 -1.27070486e+00 3.76660567e-01 -1.53844873e+04 1.36966396e+01
 9.77109065e-02 -6.00532840e-02 -1.06713601e+00 -1.57521536e-01 4.17356179e+03 1.37046447e+01
 4.80466114e-01 -5.85690098e-01 2.04732665e-03 1.40690091e-01 -3.84855289e+04 1.37088212e+01
 -2.23517094e+00 3.32778920e-01 -1.12584260e-01 3.88298817e-01 1.34907471e+04 1.36898244e+01
 -1.06942709e+00 8.81508801e-01 9.82867949e-01 5.29994880e-01 -1.30277909e+04 1.36921734e+01
 1.00840031e-01 5.67088876e-01 -1.56247281e-01 -2.04826647e-01 2.52803263e+04 1.36923007e+01
 -6.38802443e-01 -1.87460521e-02 -1.53550967e-01 6.89793694e-01 -1.38026325e+04 1.36860147e+01
 -1.87643319e-01 -5.36618720e-01 1.65952276e-02 -1.57101024e-01 1.88625079e+04 1.37111336e+01
 1.70000553e+00 1.31342778e-01 -1.34145962e+00 4.99362287e-01 2.93655331e+04 1.37016866e+01
 5.25710357e-01 1.70734471e-01 -1.69599312e+00 4.25372896e-01 -2.64036963e+04 1.36928717e+01
 -7.05597885e-01 5.54155131e-01 6.71983296e-01 2.08385954e-01 1.32312868e+04 1.36999370e+01
 -7.00490021e-01 1.55573126e-01 -8.03106520e-01 9.06425103e-01 -2.82639155e+04 1.36933498e+01
 -1.07477725e+00 -3.58275112e-01 -4.23723873e-01 7.78443219e-02 -1.95748277e+04 1.36940872e+01
 8.32322800e-01 -2.25533202e-01 -1.70800101e+00 3.51667449e-01 -2.03300725e+04 1.37177969e+01
 7.79274497e-01 2.81122220e-02 -7.52010043e-01 3.31647801e-02 -2.95321939e+04 1.36952240e+01
 7.29438761e-01 1.06212898e+00 -1.56277520e+00 -4.15660862e-01 -1.96509889e+04 1.37041490e+01
 5.38474794e-01 -1.38665419e-01 -7.62824256e-01 3.73884142e-01 -1.00065097e+04 1.36948704e+01
 -1.44841609e+00 -6.02510169e-01 5.27855188e-01 4.35754412e-01 -4.30222986e+03 1.36889644e+01
 2.46263228e+00 -1.15666195e+00 2.45425696e-01 -8.97801174e-02 4.79547419e+04 1.37009376e+01
 1.49693933e+00 -1.77424893e-01 -6.96889960e-01 -3.07494295e-02 1.46139514e+03 1.37048089e+01
 8.14489808e-02 8.65381811e-02 -8.72245591e-01 1.42986026e-01 -2.70427257e+04 1.36973633e+01
 1.63584109e+00 5.40300320e-02 -1.03261076e+00 -1.76049516e-02 2.91188422e+04 1.36983118e+01
 -6.56503607e-01 1.07685071e+00 -1.02243286e+00 1.43645503e-01 -6.58460374e+03 1.37128614e+01
 6.96765078e-01 8.06045462e-01 6.22534628e-01 5.87996184e-02 -3.10104799e+04 1.37055241e+01
 2.67920275e-01 4.15084119e-01 -3.88606283e-01 1.15023137e-01 -2.45294530e+04 1.36986518e+01
 -3.65038623e-01 5.60472128e-01 -1.12259098e+00 -1.27496588e-01 1.00527416e+04 1.37005620e+01
 4.28153918e-01 -9.43878434e-01 -2.43565844e-01 1.34553828e-02 -1.92123378e+04 1.36900159e+01
 3.82038214e-01 2.59633506e-01 1.42906977e+00 3.10718735e-01 7.11338594e+03 1.36967147e+01
 -5.97641030e-01 1.10259161e+00 1.97651700e+00 3.72325496e-01 3.88894662e+04 1.37019603e+01
 -8.93458705e-01 1.48207712e+00 3.99515036e-01 3.13669725e-01 2.32394863e+04 1.37035925e+01
 6.82346128e-01 -3.17651578e-02 6.10458879e-01 -4.35713209e-01 -6.54767543e+03 1.36998836e+01
 1.35995795e+00 -6.28037199e-01 -1.86521014e-02 -3.23268946e-01 4.55753223e+03 1.37075265e+01
 1.71256618e+00 -2.50610308e-01 -6.86738406e-01 7.03738141e-01 -5.59260256e+03 1.37022688e+01
 -3.29065247e+00 -8.39686649e-02 1.62781812e-01 -3.67553040e-01 1.53555513e+04 1.36998996e+01
 -4.64100055e-01 7.13182942e-01 -2.41490924e-01 7.44581742e-01 8.64626344e+03 1.37011862e+01
 1.59823153e+00 -1.40267149e-01 -9.24684812e-01 3.81385257e-01 -1.57551614e+04 1.37055659e+01
 1.21543079e+00 -1.32720737e-01 -1.53256316e-01 -1.15577307e-01 2.84765273e+03 1.37033771e+01
 -4.26542988e-01 -6.50250349e-02 1.11804124e-01 -6.10592640e-01 2.16242966e+04 1.37052028e+01
 1.87587364e-01 -4.29209385e-01 -4.43557841e-01 -3.84316196e-02 6.67339809e+03 1.36884673e+01
 7.51105497e-01 4.87126863e-01 1.51661914e+00 3.27610545e-01 7.38486002e+03 1.36927778e+01
 -5.41220414e-01 7.78849194e-01 -5.02351264e-01 -1.75714637e-01 -7.76501164e+03 1.36970730e+01
 3.71972512e-01 8.49261832e-03 7.97715806e-01 -5.75461139e-01 -3.37789629e+03 1.37064888e+01
 8.54404327e-01 -1.32739456e+00 -7.06127732e-01 -3.76544480e-01 -1.20537633e+04 1.36995544e+01
 9.24260017e-02 3.14371202e-02 -3.60067496e-01 -1.75960045e-01 -1.26387452e+04 1.37048600e+01
 1.12465336e+00 -5.47124769e-01 1.89727752e+00 -1.64281803e-01 -8.68270105e+03 1.37122271e+01
 3.57785829e-01 -9.58634448e-01 -1.05004275e+00 -1.68535903e-01 -2.03151255e+04 1.37047612e+01
 -9.19866362e-01 1.02255158e+00 9.61803936e-01 8.79613259e-01 -3.30481077e+04 1.36990849e+01
 -3.83373113e-01 3.28713817e-01 3.39890199e-01 2.36895459e-01 -2.84357121e+04 1.37007372e+01
 -5.73201114e-01 7.73748159e-01 3.02672004e-02 -9.65030126e-01 1.19367835e+04 1.37004995e+01
 1.47743423e+00 -1.22734764e-01 -2.25685369e+00 -3.76846300e-01 -2.27300889e+04 1.37005274e+01
 -9.49489016e-01 8.22701781e-01 8.90166519e-01 4.43726553e-01 2.37745520e+04 1.37065743e+01
 -6.00358880e-01 -1.69924166e-01 5.24590931e-01 5.92127065e-01 2.79685867e+04 1.36913614e+01
 -6.52787254e-01 -2.10941917e-02 4.65584017e-01 1.39961938e-01 1.82885834e+04 1.36981910e+01
 -6.67822356e-01 -7.88774666e-03 9.62395118e-01 -9.91727133e-02 -1.95754132e+04 1.37053281e+01
 1.08666505e+00 6.67148525e-01 9.99706078e-01 7.96993088e-01 -6.76781619e+02 1.36911923e+01
 1.59545693e-01 8.69613215e-01 -6.63496369e-01 8.84528578e-02 -1.28477127e+04 1.37075522e+01
 -4.42334525e-01 2.59455453e-01 -8.32965995e-01 -2.43736463e-01 -2.34553832e+04 1.36994352e+01
 1.06819899e+00 -2.46437910e-01 9.19191878e-01 -2.48476158e-01 -2.17143300e+04 1.37023815e+01
 -6.61338265e-01 -1.56600539e-01 6.93362712e-01 -1.64008729e-01 2.29446449e+04 1.36958935e+01
 -3.32679223e-01 2.50631842e-01 1.43961688e-01 -7.89859267e-02 2.07719679e+04 1.37108259e+01
 1.36121210e+00 8.05473956e-01 -2.50128305e-01 3.01108647e-01 1.99159369e+04 1.36985638e+01
 7.81430960e-01 -5.84626803e-01 -1.57660074e+00 -1.37786097e-01 -2.27861066e+04 1.37004446e+01
 2.01945388e+00 -3.62747675e-01 -3.18779010e-01 2.38872713e-01 -1.58289596e+04 1.37099616e+01
 -5.13802949e-02 -1.10882743e-01 4.71535262e-01 3.00307194e-01 2.45165071e+04 1.37018954e+01
 -2.64752235e-01 1.05238020e+00 3.47471466e-01 6.98249478e-01 -6.24287687e+03 1.37007187e+01
 1.64557514e+00 1.35794656e+00 1.26751444e+00 -7.95847436e-01 2.19930767e+04 1.36966035e+01
 2.47281239e+00 1.33498411e-01 6.20853291e-01 -2.97982500e-01 2.63761788e+04 1.37082215e+01
 1.26448413e+00 -2.54193406e-01 -8.78820492e-01 4.19120616e-01 -1.92685636e+04 1.37121770e+01
 8.50831537e-01 8.12092349e-01 3.73291263e-01 -5.87607197e-01 1.11969069e+04 1.37006894e+01
 4.30119126e-01 -4.86958813e-01 -3.42268463e-01 -2.35454215e-01 2.45693479e+04 1.36924415e+01
 -5.36993527e-01 3.82937514e-01 1.97111918e+00 6.45491720e-01 -1.66668151e+04 1.37079065e+01
 -3.71327017e-01 -8.68553530e-02 -5.70638260e-01 2.30194034e-01 4.46047318e+03 1.37079935e+01
 -8.80619547e-01 1.37716355e-01 1.25039530e+00 -4.79850703e-02 9.72589629e+03 1.36964182e+01
 6.82287962e-01 -1.15802758e+00 -4.32597167e-01 -4.52157042e-01 -5.40619826e+03 1.37056249e+01
 -1.14992772e-01 1.67544536e+00 -1.00855384e+00 3.35519523e-01 -6.53029216e+03 1.36985377e+01
 4.15196924e-01 4.81510854e-01 2.37811799e+00 1.39256173e-01 3.69465686e+04 1.37058066e+01
 -5.46498486e-01 3.79378968e-01 1.18343384e+00 3.10798589e-02 -2.59656223e+04 1.37087600e+01
 7.83646702e-02 -4.53216176e-01 -5.03062171e-01 -1.03698533e+00 1.22905747e+04 1.37036293e+01
 -1.73571929e+00 -3.25782219e-01 -5.40243184e-01 -1.49105483e-01 2.38577136e+04 1.36951995e+01
 2.84444615e-01 6.00162698e-01 2.88963746e-01 2.58530452e-01 -3.51927461e+03 1.37100385e+01
 8.38505695e-01 1.39864155e-01 -2.81778705e-01 4.42730338e-01 1.03161085e+04 1.37102993e+01
 1.99812675e-02 5.65347456e-01 -5.51226547e-01 -5.23025231e-01 1.27260592e+04 1.37090167e+01
 1.62325244e+00 -8.23767672e-01 5.48094566e-01 -4.67436790e-01 2.02354082e+04 1.37165723e+01
 -1.04066028e+00 -2.06086438e-01 4.41638451e-01 6.51910071e-01 -1.90880537e+04 1.37028540e+01
 -1.88564373e+00 2.73020151e-01 -5.76402676e-01 2.80164454e-01 1.29970079e+04 1.36985674e+01
 7.53080450e-01 4.48035867e-01 -9.05275932e-01 -1.00769087e-01 -2.99327968e+04 1.37008850e+01
 6.83612506e-02 2.72646412e-01 -7.90293130e-01 5.57125302e-01 -1.47640225e+04 1.37062128e+01
 2.18147615e+00 3.43353395e-01 -6.80752623e-01 -2.43434400e-01 4.77582861e+03 1.37010263e+01
 2.53374645e-03 -3.40188327e-01 5.31392434e-01 2.75770743e-01 -4.88859440e+04 1.37011504e+01
 6.92489638e-01 -3.50010096e-01 4.85547485e-03 2.02156303e-01 2.15732104e+04 1.36969073e+01
 2.44723041e-01 -5.68801927e-01 1.45546909e+00 -1.67049262e-01 1.88307058e+04 1.37013846e+01
 2.07937160e+00 2.05777399e-01 9.39710985e-02 2.52965982e-01 -1.35208893e+04 1.37058838e+01
 1.73211333e-01 8.46056020e-01 -1.81331849e+00 1.05283843e-01 -1.64802157e+04 1.36928579e+01
 3.49049294e-01 1.14606563e-01 -5.00155924e-01 3.42806332e-01 6.26206849e+03 1.36909849e+01
 2.51330652e-01 -4.99462699e-02 -1.08491181e-01 -7.45367921e-01 -4.49436525e+03 1.36998581e+01
 -6.29377553e-01 1.68603851e-01 -1.24933237e+00 2.01496669e-01 -3.58134107e+03 1.37079876e+01
 -4.46275311e-01 1.62804421e-01 -1.40440306e+00 -9.90507977e-02 4.46842493e+03 1.37003518e+01
 -1.70046783e+00 -2.26745280e-01 4.71226395e-01 -3.67419340e-01 -6.60059374e+03 1.36978011e+01
 3.66184445e-01 -2.01209544e-01 8.72181329e-01 1.41969868e-01 1.21493663e+04 1.36920872e+01
 -7.63403932e-01 2.20851514e-01 1.56482447e+00 3.05215687e-01 8.01757866e+03 1.36928259e+01
 -1.19956837e+00 2.42740563e-01 1.68293413e+00 -2.78997919e-01 -2.82854127e+04 1.36974120e+01
 5.78191896e-01 6.17347739e-01 1.11193730e+00 -3.86934708e-02 2.45945634e+04 1.36905109e+01
 2.40373660e+00 2.25201374e-01 1.40243135e+00 -2.65064237e-01 1.97271714e+04 1.37052791e+01
 6.24848743e-01 6.21890230e-01 -4.02689221e-01 -4.96291426e-01 -1.09932512e+04 1.37016273e+01
 1.41400274e+00 -1.03818055e-01 -2.45675045e+00 4.45068423e-01 -4.29384614e+03 1.37086219e+01
 -4.74770632e-01 5.38356744e-01 -8.31143870e-01 -1.63864281e-01 8.99697793e+03 1.36948597e+01
 7.27102336e-01 -7.35827152e-01 -2.41421437e-01 -2.34662945e-01 1.43891519e+04 1.37097160e+01
 1.77141021e+00 2.52025329e-01 -3.74045331e-01 2.16563641e-01 2.89457542e+03 1.36989559e+01
 -1.65483660e+00 1.48427506e+00 1.27216800e+00 1.00140788e+00 -2.22671961e+04 1.36760163e+01
 -2.85783949e-02 2.94354692e-01 -8.03706517e-01 3.97718037e-01 -5.52006784e+02 1.36981624e+01
 6.64696706e-01 2.53705379e-01 9.45913651e-01 -9.13821090e-01 -2.72775745e+04 1.37010399e+01
 -4.61108506e-01 7.90097015e-02 6.70693793e-01 -4.50566236e-01 5.86996624e+03 1.37073453e+01
 -4.12306846e-01 -5.86703790e-01 -2.22619618e+00 5.59936756e-01 -1.84645209e+04 1.37060818e+01
 6.65939510e-01 9.09144322e-01 -9.21841265e-01 3.19856065e-01 1.03938930e+04 1.37021878e+01
 -2.48232538e-01 -8.00612683e-01 2.65921901e-01 2.49019928e-01 9.79498750e+03 1.37172656e+01
 1.27095102e+00 1.31410245e-01 -1.51944839e+00 1.64409196e-01 2.50777951e+04 1.37047336e+01
 -4.18663267e-01 3.75289501e-02 1.01173423e+00 -4.19669003e-02 -1.87531829e+04 1.37095300e+01
 -3.03738923e-01 -9.24325349e-02 -2.14867529e+00 -5.52085499e-01 -2.56459207e+03 1.37027117e+01
 -1.14263854e+00 -3.79660930e-02 2.94374626e-01 -4.22571266e-02 3.36409691e+04 1.36983618e+01
 -1.38090812e+00 1.74140775e+00 2.09824095e-01 2.66095521e-01 2.72300958e+03 1.36987039e+01
 -1.00682416e+00 8.50569210e-02 -1.26060283e+00 2.13793338e-01 -8.21187414e+03 1.37021193e+01
 -2.77525392e-01 -1.37718042e-01 3.13318197e-01 4.11255407e-01 -2.00060262e+04 1.36963428e+01
 5.37405048e-01 9.21244477e-01 4.28148080e-01 1.16106003e+00 1.65156613e+04 1.36890447e+01
 1.31267095e+00 4.22085191e-01 -5.58990111e-01 -8.17205278e-01 1.18056703e+04 1.37017802e+01
 -1.53705299e-01 -1.74157115e+00 -6.48952376e-01 7.07498711e-01 1.48294373e+04 1.36941883e+01
 -6.74395320e-01 -2.93790088e-01 -1.64156051e-01 -1.34405874e-01 -1.87930421e+04 1.36962733e+01
 8.90758754e-01 -5.72387155e-01 1.62442793e+00 -2.69131036e-01 -3.85051877e+04 1.37011364e+01
 1.35373496e+00 8.86475468e-01 2.52023917e-01 1.72426410e-01 4.84936716e+03 1.37019188e+01
 5.02431218e-01 1.74590734e-01 -6.01976509e-01 1.30329669e-01 -3.28095445e+04 1.36944296e+01
 -1.55777530e-01 -3.13151011e-01 -1.39008881e+00 2.34804668e-01 3.69890715e+03 1.36947221e+01
 1.17360674e+00 2.48521204e-01 3.01377142e-01 4.43074447e-01 2.01484548e+04 1.37003922e+01
 9.23563614e-01 -3.07403557e-01 2.16196923e-01 4.07877711e-01 -9.40853879e+02 1.37048331e+01
 6.70704273e-01 5.52111299e-01 1.93921325e+00 -4.99648208e-01 1.92182714e+03 1.37061677e+01
 -1.00905607e+00 -2.99230932e-01 -5.06170639e-01 -1.83149098e-01 -1.01096554e+04 1.36938000e+01
 -5.66310706e-01 7.17063908e-01 -1.79551598e+00 -2.89979685e-01 -1.40553857e+04 1.37017965e+01
 -2.42705016e-01 -7.91913298e-01 -5.48784002e-01 5.19475866e-02 -2.59856881e+03 1.36962801e+01
 -8.59057101e-01 -5.58528989e-01 -1.14806708e+00 4.84864484e-01 2.60453668e+04 1.36899197e+01
 7.80273085e-01 3.73995620e-01 1.42655541e+00 7.15863080e-02 1.30243664e+04 1.36952098e+01
 3.05789043e-01 -3.48052260e-01 -1.08360332e+00 -6.42295612e-01 -2.51193881e+04 1.37174272e+01
 -2.63130018e+00 -7.41953682e-01 -1.24357375e+00 5.30564772e-02 -2.93168968e+04 1.36947545e+01
 2.26138313e-01 -5.95751209e-01 -1.53670763e+00 -5.45570015e-01 6.32171498e+03 1.37021642e+01
 -1.67866901e-01 -6.82759945e-01 4.09620840e-01 3.32344453e-01 1.29274723e+04 1.36985239e+01
 8.47885334e-01 8.34910930e-01 5.07000131e-01 6.08628535e-01 -2.59936817e+04 1.37057575e+01
 1.87290797e-02 7.47754755e-01 -1.64021989e+00 8.81615651e-01 -9.92467508e+03 1.37001051e+01
 1.32519421e+00 -7.23864675e-01 -5.31404943e-01 2.41465524e-01 1.24149020e+04 1.37046278e+01
 -8.38824805e-01 2.86693268e-01 -3.12027067e+00 -1.45956916e-01 -3.47572578e+03 1.36921440e+01
 9.91909393e-02 -8.83176589e-01 3.72226085e-01 -2.75688872e-01 1.23013647e+04 1.37022135e+01
 -1.95270293e+00 -1.56128513e-01 -1.05643572e+00 -2.53721169e-01 -3.15614513e+04 1.36997863e+01
 -1.56761628e-01 1.56182020e-02 1.43183201e+00 -7.02323813e-02 1.32287294e+04 1.36952337e+01
 1.04439990e+00 2.52516247e-01 -1.21979229e+00 -3.18235169e-01 1.78695841e+04 1.37028866e+01
 -1.59914537e+00 9.77437097e-02 -2.17347342e-01 2.36669174e-02 -1.28972977e+04 1.37023180e+01
 2.45246047e-01 2.05659955e-01 -1.37990216e+00 -7.57057814e-01 6.95506514e+03 1.37011745e+01
 1.39879382e-01 4.42620908e-01 -2.09805344e+00 -7.54590728e-02 3.96176927e+03 1.36940585e+01
 -6.71532241e-02 -5.53206130e-01 -1.41938167e+00 -1.14042806e-01 4.42910651e+03 1.36884942e+01
 6.74457280e-01 4.08673607e-01 1.79349613e+00 6.21580071e-01 5.87276515e+03 1.36962409e+01
 3.61063694e-01 4.43194123e-01 -1.23625094e+00 -2.11454939e-02 7.41868705e+03 1.36902241e+01
 4.74273850e-01 1.27099046e-02 1.03467973e+00 4.39523047e-03 3.35380702e+03 1.37077808e+01
 8.59596187e-01 -9.22736037e-01 1.41942602e+00 -6.34306390e-01 4.69755815e+04 1.36979846e+01
 1.27070318e+00 5.52733307e-01 1.00613947e-01 -1.63357041e-01 3.65798430e+04 1.37102860e+01
 1.57306670e+00 -3.67221068e-01 -7.46771595e-01 7.95551452e-01 1.52173332e+04 1.37071077e+01
 -3.89702703e-01 3.67327058e-01 4.98970600e-02 -6.43466298e-01 1.19201213e+04 1.37013373e+01
 -3.46617698e-01 -4.67138800e-01 -8.41032119e-01 1.52211857e-01 8.16174252e+03 1.36917454e+01
 -2.06340587e+00 5.49430722e-01 2.52248483e-01 4.37660482e-01 1.10098764e+03 1.37002872e+01
 8.12252803e-02 3.77944661e-01 9.17425224e-01 -5.59806998e-01 5.00154860e+02 1.37058549e+01
 -9.67269638e-01 2.35818775e-01 -1.79363371e+00 1.36104666e-01 4.14460739e+04 1.37006201e+01
 1.90211165e-01 3.99985668e-01 -4.56666427e-01 -4.01340842e-01 3.15526989e+04 1.36994006e+01
 -3.07484913e-01 1.84419705e-01 2.49562572e+00 1.00272121e+00 2.23950240e+03 1.36922768e+01
 5.47847899e-01 -4.68645041e-01 2.81171485e+00 -9.07790442e-01 -2.34659894e+04 1.37015509e+01
 2.69545540e-01 9.01443237e-02 -1.46300373e+00 3.34377928e-01 -1.15916572e+04 1.36914714e+01
 -8.37018361e-01 7.07002816e-01 3.40833999e-01 -1.42715244e-01 2.91881790e+04 1.36992238e+01
 1.55456093e+00 2.79097150e-02 9.66249918e-01 1.72024904e-01 1.28782239e+04 1.37020784e+01
 -7.96315289e-01 1.03731359e+00 -1.71385130e+00 5.66321937e-01 -2.58534510e+04 1.36977573e+01
 -1.14711823e+00 -1.05297413e+00 2.49881576e-01 -3.41793198e-01 1.11563681e+04 1.37045658e+01
 -3.22600805e-01 -5.66989818e-01 1.85488833e-01 3.71572702e-01 9.41315546e+03 1.37045285e+01
 -3.09607213e+00 7.14933217e-01 -4.01516950e-01 -3.70925865e-01 3.84465188e+03 1.36854200e+01
 -4.35598785e-01 -1.51698297e-01 2.14374064e-02 -1.88665898e-01 2.70008427e+02 1.36997993e+01
 -4.03219525e-01 -3.19113936e-01 -4.70350367e-01 -2.31053624e-02 2.28823830e+03 1.37074297e+01
 -7.84099164e-01 -5.65091584e-01 -9.16450361e-01 1.54453825e-01 8.55639131e+01 1.36926207e+01
 1.33248310e+00 -2.03143741e-01 -2.51136537e-02 -4.95591031e-01 -8.58558904e+03 1.37061115e+01
 1.24514304e-02 8.48147051e-02 8.83779280e-03 6.08281765e-01 -6.03842622e+03 1.37005975e+01
 -2.76641016e-01 3.31927035e-01 -4.99683979e-01 4.15931837e-01 -1.92762573e+04 1.36954556e+01
 -8.71883063e-01 4.32025266e-01 7.42428318e-01 7.29349490e-02 2.89353842e+04 1.36843452e+01
 1.23559179e+00 -5.23026100e-01 4.34482817e-01 -5.97023421e-02 4.28759007e+04 1.37043705e+01
 1.09547415e+00 2.55577849e-01 -1.51542397e+00 -5.42266416e-01 1.82984828e+04 1.37030126e+01
 2.75897318e-01 -1.00327757e+00 5.89889301e-01 8.19765547e-02 -1.20530306e+04 1.37042887e+01
 -1.77255623e+00 3.37240826e-01 9.06548095e-01 3.31464056e-01 1.59252607e+04 1.36933723e+01
 -1.41147963e+00 6.74760876e-01 1.90203720e+00 6.02653911e-02 2.39073000e+04 1.36973726e+01
 -6.14129767e-01 -4.60419201e-01 -3.27743422e-01 -6.09600143e-01 8.35788228e+03 1.36903291e+01
 1.14988472e+00 -2.35505591e-01 1.73618094e-01 7.98266205e-01 2.36710777e+04 1.37097640e+01
 -1.07343207e+00 7.20199725e-01 -2.76006888e-01 3.40959563e-01 3.09148211e+04 1.36944980e+01
 4.53350052e-01 -5.47360840e-01 -3.28455230e-01 2.31442353e-01 -1.59454099e+04 1.37113824e+01
 1.97209795e+00 3.79041344e-01 1.75896716e-01 3.89285847e-01 -1.80365956e+04 1.37050003e+01
 1.19636649e+00 1.10826048e+00 2.68415756e-01 -5.10801490e-01 -2.18328600e+04 1.37131393e+01
 3.11902938e+00 3.45840523e-01 1.07342765e+00 5.98114442e-01 -2.60553439e+04 1.37119331e+01
 -2.98292916e-01 1.57809105e+00 4.90550450e-01 4.74605518e-01 2.24209793e+04 1.37012287e+01
 -9.69316683e-01 -6.78257989e-01 9.21518761e-01 -3.88608013e-01 -8.56463148e+03 1.36904997e+01
 3.24216233e-01 2.67304544e-02 4.25019896e-02 -2.27989208e-01 3.23719438e+02 1.37019510e+01
 1.37935962e+00 4.06145038e-01 -5.37908927e-01 -1.89878365e-01 -2.26397945e+04 1.37168943e+01
 -5.08933669e-01 -1.38983463e-02 1.66845839e-01 -4.89849791e-02 -6.00128527e+03 1.37042370e+01
 -1.16123197e+00 8.45395576e-03 -1.86723273e+00 4.59702369e-01 1.70462122e+04 1.37047456e+01
 -1.53563106e+00 8.53794698e-01 -8.94685963e-01 8.84776540e-02 -3.72206447e+03 1.36952618e+01
 -1.31200329e+00 2.26819762e-02 9.21172787e-03 1.06587854e-01 5.98999498e+03 1.37037786e+01
 1.41199970e+00 5.10869866e-01 6.07347827e-01 -1.65367314e-01 -1.73341036e+04 1.37103277e+01
 9.55196732e-01 7.56494130e-01 -4.97253672e-01 4.28240558e-01 -4.73369308e+02 1.37078143e+01
 8.11907163e-01 3.34071382e-01 1.45786760e+00 1.85539644e-01 -2.65449421e+04 1.37064775e+01
 -5.07149135e-01 4.77311747e-01 9.69146043e-01 3.45134501e-01 2.69583301e+03 1.36945499e+01
 -1.34292586e+00 1.40045039e+00 -8.47021861e-01 -6.39820021e-01 7.17044939e+03 1.36927913e+01
 -1.10915338e+00 -4.91567899e-01 -6.39285753e-01 3.17296871e-01 3.83853078e+03 1.36925141e+01
 9.54857870e-02 -7.28006935e-01 -2.43884240e+00 3.64953427e-01 8.79247621e+03 1.37025027e+01
 1.66322879e+00 -6.22689264e-01 -1.72482935e-01 1.63012001e-01 2.97734202e+04 1.37091134e+01
 -1.68540794e+00 -9.27506461e-01 -3.17234086e-01 -2.04499734e-01 -3.21578683e+04 1.37010506e+01
 -4.10367703e-01 -8.71819981e-02 1.18177228e+00 -5.63804676e-01 -3.54980695e+04 1.37127392e+01
 3.05572485e-01 3.05534358e-01 1.47712545e+00 7.47770391e-03 2.19875217e+04 1.37072013e+01
 3.04780623e+00 -3.95567330e-01 6.64109372e-01 -3.93085062e-01 -8.77924317e+03 1.37200358e+01
 -6.51306287e-01 -4.88107046e-02 9.59219395e-01 7.04859600e-01 -1.34867835e+04 1.36960673e+01
 -9.98553580e-01 -6.06208382e-01 -1.00057438e+00 -7.71787542e-01 3.95122300e+02 1.36917665e+01
 2.59241126e-01 -7.74065603e-02 -7.78288178e-01 -3.75258768e-01 2.54613473e+04 1.36895556e+01
 -9.54704030e-02 -4.89386762e-01 1.01103826e+00 -1.33646633e-01 -6.85891991e+03 1.37009721e+01
 1.33766606e+00 -2.27633278e-01 -2.19944029e+00 -3.18773630e-01 7.11753665e+03 1.37059257e+01
 -2.83659154e-02 2.39171110e-02 -7.87623040e-01 -1.89367404e-01 -2.98171550e+04 1.37068670e+01
 -1.04566592e+00 1.12868687e+00 -1.70817640e+00 -1.57557901e-01 -6.41183838e+03 1.36986785e+01
 7.82466056e-01 4.50696066e-02 1.09472444e+00 -6.05626126e-01 2.24078875e+04 1.36961114e+01
 2.19474501e-02 3.97391938e-01 -5.58541304e-01 3.13174087e-01 4.02878038e+04 1.36913808e+01
 1.69705314e+00 1.86910556e-01 -5.41540471e-01 4.48010324e-01 -1.78555830e+04 1.36963184e+01
 -6.06532208e-01 -5.23923209e-01 3.43787611e+00 -2.67445063e-01 2.11206319e+04 1.36954582e+01
 -9.42992783e-01 -4.45616993e-02 3.23784383e-01 -3.48263434e-01 -2.12944621e+04 1.36966795e+01
 5.66502497e-01 3.28303129e-01 2.20425689e+00 3.55932385e-02 8.91742956e+03 1.36979567e+01
 -3.58849097e-01 7.53912941e-01 -1.43780161e+00 -2.44985228e-01 -3.34108272e+04 1.36932543e+01
 1.90133149e-01 7.65263972e-01 1.30780826e-01 -4.36455957e-02 -1.23712802e+03 1.36885027e+01
 1.98282862e-01 -1.90318535e-01 2.35644262e+00 3.62749716e-01 2.00278086e+04 1.37007378e+01
 4.58477701e-01 2.75831627e-01 1.32579570e+00 5.35903170e-01 1.16397850e+04 1.37079004e+01
 -9.05580164e-01 -5.86729655e-01 -1.13521157e-01 1.14470828e-01 4.09972268e+04 1.37022147e+01
 6.89558732e-01 7.26404978e-01 3.58119209e+00 1.68670638e-01 3.22737793e+04 1.37010993e+01
 -3.76851259e-02 9.82936034e-02 9.24269219e-01 -2.56563096e-01 1.05264134e+04 1.37017609e+01
 4.39899613e-01 5.00671406e-02 5.57049791e-01 -4.43846015e-01 -1.16457850e+04 1.37067710e+01
 6.00622204e-01 1.98055723e-01 -5.82420592e-02 -4.18528247e-02 1.14479470e+04 1.36941009e+01
 7.44827723e-01 -1.77885387e-02 2.28875335e+00 -1.59734427e-01 -1.53141145e+03 1.37046078e+01
 1.96010793e+00 9.43649900e-01 -3.81183788e-01 -5.98701700e-01 -8.78924585e+03 1.37078473e+01
 -2.62810081e+00 -2.23400495e-02 -2.44386415e+00 -3.01287754e-01 3.55495784e+03 1.36898347e+01
 3.31527829e-01 3.05800752e-01 -3.43376641e-01 3.45230536e-01 1.91474948e+04 1.37135706e+01
 -1.42163022e+00 -4.25570396e-01 9.70232582e-01 6.46644961e-01 -2.13254267e+04 1.36923487e+01
 -5.71834054e-01 5.25776118e-01 -5.13156786e-01 -1.08720793e-01 2.04916607e+04 1.36918772e+01
 1.90999499e+00 -2.93349784e-01 -8.10621815e-01 -3.21920139e-01 1.28663036e+04 1.36965438e+01
 -7.82601209e-01 3.71241750e-01 -2.02682545e-01 2.06348184e-01 -1.47016157e+04 1.36954739e+01
 1.52961524e-01 -6.12641924e-01 8.61203254e-01 -2.72776162e-01 6.50235590e+03 1.36857561e+01
 3.01926826e-01 4.00614498e-01 7.25960566e-01 -3.96505829e-01 -2.66908757e+04 1.36921858e+01
 6.42664927e-01 -4.55647837e-01 -1.59507455e+00 -6.47995635e-01 2.48615672e+04 1.37008951e+01
 -7.73573072e-01 -5.83186088e-01 -4.97420586e-01 8.06189805e-02 8.07184587e+03 1.36858412e+01
 -1.80812275e-01 -1.35692424e+00 9.00208001e-01 2.74643134e-01 5.15726964e+04 1.37014759e+01
 1.45669253e+00 -4.82395765e-01 7.35479583e-01 -1.43093266e-01 -1.93596541e+04 1.37099563e+01
 -1.75867061e-01 -8.29562737e-01 -1.89385792e+00 -1.16936499e-01 -2.16935294e+03 1.37034594e+01
 -4.18749138e-01 8.57647945e-01 -1.08119625e+00 2.64780969e-01 2.75004000e+04 1.37061647e+01
 4.05521502e-01 -3.22463426e-01 1.24599133e+00 4.22039451e-01 -1.50489209e+04 1.36977071e+01
 1.12102982e+00 1.82315559e-01 -1.30403960e+00 1.20814587e-01 1.24291931e+04 1.37072280e+01
 -3.14298655e-01 3.76072762e-01 1.44168472e+00 9.72664903e-02 1.76324298e+04 1.37035198e+01
 1.80408113e-01 -9.69043878e-02 -2.03422479e+00 -7.18789826e-01 1.88643287e+04 1.37008314e+01
 3.04668604e-01 -4.93993462e-01 -1.36728814e-01 -2.04819929e-01 2.77916508e+04 1.36917219e+01
 -1.32325374e+00 8.04087225e-01 1.20110963e+00 3.02582586e-01 -1.53796012e+04 1.36859904e+01
 -2.45636262e-01 -9.80340484e-02 -1.59558648e+00 2.24288780e-01 4.45745632e+03 1.37006903e+01
 -5.95189078e-01 -4.67823031e-01 -5.29918219e-01 -3.72578074e-01 -5.58411690e+03 1.36986642e+01
 1.02264221e+00 -5.10586497e-01 4.18741694e-01 -3.27420689e-01 1.26368209e+04 1.37063178e+01
 1.08151700e-01 -2.24945092e-02 1.09746750e+00 -3.32490121e-01 9.31903607e+03 1.36992375e+01
 -1.06445228e+00 2.47762055e-01 -1.67183892e+00 6.35590504e-01 -1.14356415e+04 1.36938639e+01
 3.24932153e-01 -1.31370051e-01 -1.32244276e+00 2.12700536e-01 -4.85355698e+03 1.36940908e+01
 8.72298166e-01 -6.13459672e-01 -6.36918965e-01 -5.92459453e-03 -2.01682733e+04 1.37066880e+01
 -3.47034680e-01 4.09798118e-02 4.15293611e-02 3.19803585e-02 3.63292712e+04 1.36961521e+01
 -2.14413696e+00 -1.04933145e+00 3.01450693e+00 1.37218666e-02 -2.13738745e+04 1.36951765e+01
 1.37189163e+00 6.46722026e-01 8.11532253e-01 -1.59142617e-01 -2.48485565e+04 1.36994325e+01
 -3.87878154e-02 1.16651936e-01 -2.11596657e+00 -5.88641031e-03 -1.16541480e+04 1.37045937e+01
 -3.46481634e-01 -1.97275024e-01 -9.59205366e-01 -1.85240623e-01 2.10998326e+04 1.36972744e+01
 5.92199570e-01 -7.46700764e-01 -1.66691461e+00 -2.53584444e-01 5.93232600e+02 1.36993585e+01
 1.12968389e+00 3.56597742e-01 1.52457648e+00 -3.50691313e-01 3.29627399e+04 1.37056246e+01
 9.16624984e-01 -1.08750031e+00 1.36196700e+00 -3.95646082e-03 4.10900968e+04 1.37116117e+01
 5.55516925e-01 -4.48595763e-01 -1.63528948e+00 -4.14734911e-01 -3.22302068e+03 1.37051907e+01
 1.24812736e+00 -2.05669656e-01 6.75719796e-01 -3.28649059e-01 -9.14739634e+03 1.37055366e+01
 8.75181882e-01 -2.77504134e-01 -2.76551042e+00 4.66378662e-01 -1.22638246e+03 1.37056210e+01
 -8.45423938e-01 5.52422364e-01 -1.62076941e+00 4.53061920e-01 -5.55998202e+04 1.36901075e+01
 5.61490177e-01 2.01329258e-01 -1.16998924e+00 9.98584552e-02 3.88919495e+04 1.37022581e+01
 1.80522979e+00 -3.63298536e-02 1.16575940e+00 6.77939495e-02 3.36547145e+04 1.37178423e+01
 2.01204863e+00 4.28694830e-01 -8.61398544e-01 -4.07400517e-01 6.59142437e+03 1.36940348e+01
 9.15902710e-01 -1.70368685e-01 1.31425639e+00 -4.24828468e-01 2.79706353e+04 1.36959932e+01
 -2.29194874e-01 7.26683439e-02 -2.77651204e-01 -2.04174487e-01 -3.45105899e+03 1.37029349e+01
 -1.02774543e+00 -9.89465763e-01 1.04853700e-01 -1.74522935e-01 -5.49022190e+03 1.36915749e+01
 1.71993983e-01 6.81935465e-01 -1.94633960e+00 -6.04373573e-02 -2.48898457e+04 1.36976023e+01
 8.28724265e-01 -8.73608080e-01 4.92749285e-02 1.01147691e+00 3.84712029e+04 1.37002894e+01
 -4.38358018e-01 -8.61690824e-03 -2.24637444e+00 6.39196816e-01 8.53349025e+03 1.37042980e+01
 1.54297707e+00 4.05439520e-01 -1.25339840e+00 -4.45193129e-01 -1.65041829e+04 1.36995323e+01
 5.91962609e-01 1.02170301e+00 -1.99532645e+00 -3.79116086e-01 -1.58384015e+04 1.37018732e+01
 9.93196306e-01 -2.72552635e-01 -1.23190963e+00 -5.39661560e-02 2.18547467e+04 1.37038365e+01
 -1.63096018e+00 8.74826135e-01 -1.08942868e+00 -3.16344031e-01 -3.57454114e+04 1.36887696e+01
 -3.79089641e-01 4.01567450e-02 1.84186553e-02 -1.89486038e-01 5.77182949e+03 1.36937229e+01
 -1.19067668e+00 -3.42167198e-01 1.36250313e+00 -3.95036958e-01 -2.32666452e+04 1.36815476e+01
 -5.75377112e-01 4.35314693e-01 3.33105796e-01 2.43795463e-03 4.05863861e+03 1.37051154e+01
 -3.44961183e-01 -4.73201117e-01 2.68538454e+00 7.88861829e-01 4.36197299e+03 1.37013647e+01
 -2.72798291e-01 2.08423705e-01 -1.46477598e-03 -4.36327630e-01 6.40919375e+03 1.37011086e+01
 3.90159972e-01 5.85891288e-01 -1.03219278e+00 -2.57658489e-01 3.15723595e+04 1.36953990e+01
 7.48077069e-01 -1.17592636e+00 -6.32657430e-01 2.17211111e-01 -3.29551270e+04 1.37052078e+01
 6.16939925e-01 -7.63595151e-04 -1.38468051e+00 4.72792492e-01 4.70973000e+03 1.37055099e+01
 1.56475987e+00 7.55991864e-01 -7.48072529e-02 -2.87280881e-01 -8.44888966e+03 1.37037111e+01
 1.04267930e+00 5.03701313e-01 3.28269392e+00 1.02099346e-01 -2.17396599e+04 1.36943719e+01
 -4.32416790e-01 -1.72212853e+00 -2.45838123e-01 -3.02566928e-01 1.20471436e+03 1.36932468e+01
 -7.21918441e-01 1.46342420e-01 -1.71055947e-01 1.68721556e-01 -6.49783401e+03 1.36944746e+01
 -3.25298504e-01 7.24852467e-02 3.52737392e-01 7.82815215e-01 -2.69300471e+04 1.37058686e+01
 3.14733139e-01 1.93879657e-01 9.49186544e-01 8.36122539e-02 -2.54239477e+04 1.37062545e+01
 -7.02187020e-01 -2.60215007e-01 1.30270556e+00 2.14878352e-01 3.93368549e+04 1.36963954e+01
 5.95409076e-01 5.84046020e-01 -1.32174099e+00 1.93033756e-01 -2.24511902e+04 1.37036218e+01
 -1.14339200e+00 -6.64915683e-02 1.62453071e+00 -4.13544372e-01 -9.68172130e+03 1.36972688e+01
 6.04266796e-01 2.70588545e-01 4.16738110e-01 -4.74030155e-01 -3.21923975e+04 1.37008312e+01
 3.45590585e-01 2.65505588e-01 -4.59986835e-01 -6.10329605e-02 1.69746051e+04 1.36914309e+01
 -3.14522701e-01 9.25543579e-01 9.38506312e-02 -4.48690042e-01 3.82849303e+02 1.36931885e+01
 1.11432938e+00 3.49649415e-01 1.09615266e+00 7.58824485e-01 8.73001657e+03 1.37009535e+01
 -4.36710339e-01 -3.95043406e-01 -8.11824636e-01 6.18834343e-01 4.31902070e+03 1.36941611e+01
 1.57565718e-02 -1.25755463e+00 3.07748793e-01 -2.90474634e-01 4.24904736e+04 1.36927849e+01
 3.19776956e-01 2.02585319e-01 1.26603649e+00 5.51751347e-04 4.34758778e+03 1.37066036e+01
 -1.71021573e-01 3.75662140e-02 5.58941905e-02 -1.93721773e-01 4.86433310e+03 1.36967683e+01
 2.52778788e-01 -3.58466990e-01 -1.03339582e+00 6.67266735e-01 -2.22541788e+04 1.37028610e+01
 7.23889469e-01 -8.10529595e-01 -6.04525656e-01 1.20981757e-01 -2.58054507e+03 1.37051703e+01
 -6.52337993e-01 5.71239745e-01 7.41794604e-02 1.20884300e-01 3.05951551e+04 1.37039910e+01
 -1.06001538e+00 3.76112681e-01 6.08207634e-01 1.80365190e-01 -1.82552401e+03 1.37030754e+01
 1.16580848e+00 -8.95976320e-01 1.68443235e-01 2.17362484e-01 -1.37457591e+04 1.37058217e+01
 6.45137980e-01 -1.11504432e-01 -4.21560175e-01 -2.33695000e-01 5.73486954e+03 1.37046932e+01
 7.77725423e-01 -6.24799149e-01 1.27777279e+00 3.97139729e-01 6.70572070e+03 1.37076251e+01
 -9.11880148e-01 -9.67979076e-01 2.06583980e+00 1.27627610e+00 -2.97058519e+03 1.37027980e+01
 -6.33862843e-01 -1.87758974e-01 -1.28229208e+00 -4.08293265e-01 -6.66787445e+03 1.36932063e+01
 8.20331373e-02 -1.50419614e-01 2.82831062e-01 8.87312657e-01 5.26775849e+03 1.37039550e+01
 -1.21500581e+00 2.87525808e-01 -4.02311933e-01 2.27050764e-01 1.74180673e+04 1.36960056e+01
 -2.79098579e-01 3.07740458e-01 -9.72837973e-01 -6.71211406e-01 2.50402042e+04 1.36915206e+01
 -4.32937016e-01 -1.67225488e-01 -1.27218407e+00 5.26137412e-01 -6.20589800e+03 1.36914983e+01
 -2.66979409e+00 8.25159202e-02 2.44862347e-01 -5.85066842e-01 -6.59998811e+03 1.36994869e+01
 8.69811841e-01 -2.49391291e-01 -1.07863295e+00 7.02372318e-01 1.89256771e+04 1.37148418e+01
 1.93945333e-01 -6.10060665e-02 -1.19537192e-01 2.07590102e-03 -1.78848202e+04 1.37052855e+01
 1.31562421e+00 2.13097867e-01 -4.36289818e-01 3.27740966e-01 2.25523207e+04 1.37174974e+01
 2.26056804e-01 4.00012175e-01 -9.73776966e-01 -1.27888184e-01 -1.79286006e+04 1.36978317e+01
 -1.35466319e+00 -1.32886956e-01 4.39026049e-01 6.20463752e-01 4.04024089e+03 1.36892364e+01
 2.83258255e-02 1.91522221e-01 9.54956568e-02 -9.98850594e-02 -7.77464980e+03 1.36964271e+01
 -9.34788200e-02 -8.78723585e-01 7.55245833e-01 -6.77563928e-01 -1.62311195e+04 1.36897266e+01
 8.20880964e-01 -3.47570393e-01 3.12618087e-02 2.61447659e-01 -1.96627168e+04 1.37003535e+01
 2.11821869e+00 3.11909565e-01 -2.39989834e+00 7.80490054e-01 -9.00901649e+03 1.37107591e+01
 -1.16700355e+00 -4.09707522e-01 4.98309935e-02 -2.40930735e-02 -1.84830093e+03 1.36899018e+01
 7.34391485e-01 -3.93289674e-01 -1.65576014e+00 5.64965870e-01 2.42187210e+04 1.37082668e+01
 -1.51314530e+00 2.01182486e-01 3.97132719e-01 -2.08928695e-01 5.74910262e+03 1.37050776e+01
 -1.26052303e-01 -9.49978435e-02 -1.16752731e-01 4.91798414e-01 -6.62049556e+03 1.37014792e+01
 -1.03339818e+00 -1.05821768e+00 8.26756387e-01 6.33467190e-01 -2.56870298e+03 1.36969673e+01
 -7.78957965e-01 1.30786988e-01 1.30118975e+00 7.94572666e-01 8.57200417e+03 1.36969025e+01
 8.78154908e-02 -2.06026458e-01 1.74007723e+00 -4.55101441e-01 8.07209606e+03 1.37022576e+01
 3.57878897e-02 9.93555761e-01 8.23674170e-01 -2.81838733e-01 -7.07175426e+03 1.37073218e+01
 -1.39853849e+00 -2.95282484e-01 -1.28817914e-01 2.62866450e-02 1.07098290e+04 1.37029210e+01
 2.07172358e+00 -7.45243875e-02 9.95356752e-01 3.18908321e-01 3.11124717e+04 1.37100733e+01
 -2.50541013e-01 -7.17735907e-01 2.21525073e-01 1.95056058e-03 2.84862028e+04 1.36947290e+01
 1.69519327e+00 3.30042734e-01 1.16379472e+00 -4.09761822e-02 1.00999151e+04 1.36956550e+01
 4.32382118e-01 -1.28487996e-01 2.52049689e-01 -4.87265956e-01 3.21636928e+02 1.36958050e+01
 1.89830534e+00 6.54681274e-01 -2.64060605e-01 1.59673948e-01 1.56857780e+04 1.37046143e+01
 9.51956159e-02 -9.10131111e-02 3.37939110e+00 -5.27770312e-01 1.70051201e+04 1.36944814e+01
 -8.47388691e-02 -1.79824854e-01 -5.45452557e-01 5.58253301e-01 -1.55216315e+03 1.37094887e+01
 -6.84131603e-01 -2.48399575e-01 -6.32347356e-01 -2.28674940e-01 -1.23178819e+04 1.37054546e+01
 1.13461000e+00 1.15578046e+00 2.08034775e+00 -4.16439453e-01 -1.20515138e+04 1.37099991e+01
 4.48092688e-01 -1.03919807e+00 -7.77997940e-01 1.75906623e-01 -1.03784729e+04 1.36976796e+01
 -1.72186592e+00 1.89603851e-01 -5.50009099e-01 -2.40940188e-01 -1.50468713e+04 1.36959159e+01
 4.45975372e-01 -2.71023123e-01 -5.56970670e-02 -5.18356754e-01 -4.49434996e+03 1.37080554e+01
 9.39904012e-02 -7.74357447e-01 -1.95663003e+00 4.08337351e-01 1.83938463e+04 1.36924358e+01
 6.53079150e-01 -1.49353117e-01 1.16469683e+00 1.29579435e-02 3.20391308e+04 1.37103293e+01
 -1.95223256e+00 6.13233601e-01 7.37407046e-01 5.86320326e-01 -5.80785699e+03 1.36877240e+01
 -3.32490705e-02 -2.34737432e-01 1.45300810e+00 2.56419502e-01 5.92798704e+03 1.36981308e+01
 9.07090519e-01 6.22960341e-01 -3.52379811e+00 7.90734113e-01 4.58524510e+03 1.37030088e+01
 8.85572484e-01 4.62085874e-01 1.87186246e+00 6.20653904e-02 -1.94708029e+04 1.37082091e+01
 1.71006714e+00 -1.75413333e-01 -1.40235214e+00 -2.69250238e-01 -8.73580074e+03 1.37097528e+01
 -3.45697418e-01 -7.11457090e-02 -1.09946363e+00 7.89668893e-01 1.19979909e+04 1.36929476e+01
 6.67486244e-01 9.06001368e-01 -5.04902216e-01 -3.66499327e-01 5.86220566e+03 1.36937472e+01
 1.74952595e+00 5.64179720e-01 8.59975428e-01 6.80799602e-02 -8.05413529e+03 1.37119102e+01
 -1.11749291e+00 -8.51065175e-01 -8.31145377e-01 -7.73231356e-01 -1.99785688e+03 1.37103772e+01
 4.12421478e-01 -1.34399284e+00 1.38930423e+00 8.43511291e-01 -2.93686112e+04 1.37061231e+01
 -5.57706147e-01 -4.54862161e-01 1.79966479e+00 4.78288514e-01 -2.01776265e+04 1.36966692e+01
 -3.38838357e-02 2.61396487e-01 1.05075512e+00 2.16321916e-01 3.60771982e+04 1.36980614e+01
 2.93976201e-01 7.44779066e-01 6.73174351e-01 -7.47144642e-01 1.23737697e+03 1.37080997e+01
 -8.58360047e-01 -6.81866892e-01 1.71755101e+00 2.93891127e-02 3.04069422e+04 1.36828484e+01
 -2.91673440e+00 1.42488641e-01 3.69509078e-01 -7.92043475e-02 1.29930164e+03 1.36871316e+01
 6.87668593e-01 -1.02127043e+00 3.81206814e-01 2.45173996e-01 -1.09578270e+04 1.37067214e+01
 -4.06905157e-01 -8.94491212e-01 -4.54271798e-01 6.28811524e-01 -1.25068548e+04 1.37015142e+01
 -1.20587972e+00 -8.84849237e-02 -1.27016261e+00 -4.36374595e-01 -1.59442847e+04 1.37044498e+01
 -1.62400727e-01 8.63190552e-01 -2.16118345e+00 8.34236675e-02 -3.73309707e+04 1.37042503e+01
 -2.15140766e+00 3.70660564e-02 -1.59365364e+00 6.09725554e-02 -1.45044179e+04 1.37022685e+01
 -9.21019774e-01 6.40513243e-01 1.01894285e+00 8.90982809e-01 -1.07288043e+04 1.36973161e+01
 -5.54704944e-02 7.50258032e-02 7.58038167e-01 1.87746896e-01 -8.94046401e+03 1.36915512e+01
 -6.83950313e-01 -6.69060220e-02 6.69701407e-01 -2.81269388e-02 -7.53115126e+03 1.36910847e+01
 -1.00328833e+00 -1.49115158e-01 -1.21233095e+00 3.47897384e-01 -4.18218110e+04 1.36990231e+01
 7.48417126e-01 1.35252138e-02 1.63827360e-01 -1.65924511e-01 8.49265115e+03 1.37067608e+01
 -4.76591880e-01 5.57558197e-01 4.01097683e-01 1.22348734e-01 1.77649786e+04 1.37019504e+01
 3.10436314e-01 3.50974908e-01 8.83568326e-01 1.29377625e-01 -1.49970896e+04 1.36995599e+01
 -1.56578103e+00 3.01118022e-01 1.46185319e-01 -1.03264962e-01 2.73658513e+04 1.36961230e+01
 -1.87528904e+00 -1.00297932e+00 6.02880105e-02 5.56562158e-01 -1.74269891e+04 1.36987199e+01
 -4.52913955e-01 9.90856606e-01 3.29311732e-01 9.90180911e-01 1.33894709e+04 1.37061475e+01
 -7.59634283e-02 -4.09193096e-02 9.87845444e-01 -6.16255150e-01 3.06370796e+04 1.37083311e+01
 -2.23274104e-01 9.12354202e-01 1.29146066e-01 -7.71716176e-01 2.52074364e+03 1.37062485e+01
 -8.29941588e-01 3.09976049e-02 -1.15207976e+00 1.00394588e+00 -1.48766189e+04 1.37001822e+01
 1.11681471e+00 -1.10425163e-01 7.60875969e-01 -3.02392143e-01 2.36393620e+04 1.36955073e+01
 1.22831849e+00 9.82182027e-01 -1.82997880e+00 -3.34554271e-02 3.27958045e+04 1.36994150e+01
 -2.01831445e-01 -8.16533490e-01 -1.25606042e-01 -3.06447768e-01 5.56039284e+03 1.37038563e+01
 -6.60167101e-01 4.52616547e-01 -5.52459391e-01 5.55921627e-01 7.84182141e+03 1.36990566e+01
 -2.04430635e+00 -1.90769143e-01 4.19500629e-01 1.38374348e-01 -2.62819558e+04 1.36991424e+01
 -1.52868340e+00 -2.16382789e-01 -5.83510920e-01 3.16696954e-01 -1.79931406e+04 1.37039086e+01
 -2.15953312e-01 -6.21527071e-01 1.30115314e+00 -4.18206877e-01 5.09254498e+03 1.37007560e+01
 -7.16454714e-01 -6.65736398e-01 7.49769383e-01 1.31962299e-01 1.41192592e+03 1.36972034e+01
 1.44226866e+00 -1.76293076e-01 7.88115636e-01 -3.40739777e-01 1.29704005e+04 1.37065939e+01
 3.86385638e-01 7.09130094e-01 6.88059534e-01 5.91219351e-01 -1.58734076e+04 1.36983758e+01
 -5.98087355e-01 -2.75041653e-02 5.47337206e-01 1.14724733e+00 -4.75270299e+03 1.36903339e+01
 7.45022239e-01 -6.28012140e-01 1.77200904e-01 6.42177318e-01 4.11165787e+04 1.37047060e+01
 1.13551555e-01 -1.59595221e+00 2.67754473e-02 2.78924092e-01 1.09970292e+04 1.36986877e+01
 2.12890145e-01 -5.48623215e-01 3.23361307e-01 3.15516766e-01 -6.30649424e+03 1.36891907e+01
 -8.92514869e-01 -5.98636077e-01 -7.10008237e-01 3.69481578e-01 1.64987735e+03 1.36959558e+01
 -1.87706681e+00 6.11420822e-01 -1.32552572e-01 1.99517159e-01 4.29768096e+04 1.36952176e+01
 -1.20686971e-01 -1.54579296e-01 9.76498876e-01 -9.72230376e-02 -3.42936325e+04 1.36887504e+01
 3.49854365e-01 1.26884997e-01 -2.14066381e+00 -8.00819738e-01 8.97082485e+03 1.36990179e+01
 6.36242159e-02 3.47053312e-01 -1.76222247e+00 2.97007275e-02 -9.37131447e+03 1.36986503e+01
 -1.31960809e+00 -5.10866289e-01 1.11376173e+00 -1.65534203e-01 -9.72865704e+03 1.36988366e+01
 -1.20954683e+00 1.14399269e-02 -3.77279423e-01 8.09162475e-01 1.34022643e+04 1.36941590e+01
 9.81635973e-01 -6.42487780e-01 -1.17903249e+00 -2.03902162e-01 1.27386083e+04 1.37005552e+01
 -1.23763568e+00 -1.39537565e-01 -8.53914304e-01 -8.54227969e-02 -1.58265701e+04 1.36963195e+01
 2.91967920e+00 5.67899261e-01 2.87299279e+00 6.18076508e-01 2.96133890e+04 1.37123558e+01
 3.96057267e-01 -7.76400915e-01 -1.41938496e+00 -1.91370349e-01 1.84425448e+04 1.36973604e+01
 -6.71968373e-01 -8.82188640e-01 1.77675936e-01 4.02563468e-01 8.62501765e+03 1.37047756e+01
 2.22332440e+00 -6.52751999e-01 1.84274641e+00 5.77952418e-01 -7.83294363e+03 1.37081250e+01
 2.00168685e+00 -3.67384223e-01 -2.08948186e+00 4.28756045e-02 1.90044071e+04 1.37018440e+01
 8.55816776e-01 -5.45984607e-01 -1.17709394e-01 -3.16129174e-02 -5.71565563e+03 1.36999392e+01
 3.60244131e-01 -1.14324807e-01 4.02196698e-01 -3.40693326e-01 -5.02032317e+03 1.36967976e+01
 -1.44843825e+00 -8.79147156e-01 3.99040975e-01 1.82059934e-01 8.69568611e+03 1.36899335e+01
 -2.99633175e-01 -7.14886890e-01 -1.89078964e-01 -6.25765648e-02 1.08964864e+04 1.37110928e+01
 -1.51308057e+00 -9.05504616e-02 -8.02152449e-01 -2.94854228e-01 -9.25007204e+03 1.36911567e+01
 -6.81233143e-01 2.56381728e-01 7.04454583e-01 9.65508868e-02 1.75506195e+04 1.36992860e+01
 1.13174643e-02 2.43528220e-01 6.52610797e-01 -8.14447855e-01 -2.06126241e+03 1.36926675e+01
 4.59896487e-01 1.15400143e-01 7.32220913e-01 3.73191500e-01 3.53210578e+04 1.37017002e+01
 -2.22787220e-01 -4.17230250e-01 5.62120976e-01 6.63252056e-01 1.57292362e+03 1.36945415e+01
 9.25091170e-01 4.56631881e-01 6.34609533e-01 -3.26632462e-02 1.87264667e+04 1.37060718e+01
 -1.08195986e+00 5.40179079e-02 6.64769608e-01 -4.95565965e-01 -1.38790930e+04 1.36932019e+01
 -6.17517024e-02 7.38237508e-02 -7.15924490e-01 -5.27350235e-01 -2.15043680e+03 1.37020308e+01
 -5.12168593e-01 -3.84134119e-01 5.28670522e-01 -2.31780330e-02 9.43295303e+03 1.36972875e+01
 -9.73278673e-02 -1.21715843e+00 -1.05512665e+00 8.10297209e-02 -2.18077374e+03 1.37026135e+01
 1.64624182e+00 3.42495165e-01 -3.16413562e-02 3.29680245e-01 4.53360232e+03 1.37146721e+01
 -5.88894734e-02 -5.34662280e-01 -1.88623642e+00 -1.76769373e-02 -7.52586685e+03 1.36964877e+01
 4.49173984e-01 -2.45102820e-01 -1.67980438e+00 -5.01199173e-01 3.97804772e+04 1.37057643e+01
 -1.76042187e-01 1.44481372e-01 1.58818758e+00 1.99494609e-01 -9.54882222e+03 1.37006430e+01
 -2.08016230e+00 -9.07016880e-02 -3.51496579e-02 3.26471094e-01 -7.17528213e+03 1.37017237e+01
 8.97015563e-01 -1.76938533e-01 1.52553633e+00 5.15726337e-02 1.62037398e+04 1.36967788e+01
 -7.15430534e-01 3.66586439e-01 7.87809142e-01 -2.38358148e-01 2.97427149e+04 1.37064004e+01
 -4.73798175e-01 -9.48697271e-01 -1.21452417e+00 -1.14170158e-01 -2.41752484e+04 1.36916160e+01
 -2.30644978e+00 -1.38023804e-01 -6.04111870e-01 -2.91711279e-01 2.22895658e+04 1.36873149e+01
 -3.32267919e-01 -6.85995530e-01 5.97877245e-01 2.65512451e-01 1.57543681e+04 1.36974918e+01
 1.25375493e+00 5.34055126e-02 4.11139916e-01 2.64719501e-01 -1.62333885e+04 1.36952709e+01
 1.50739352e-01 1.19470176e-01 -6.24142614e-02 -1.16924829e+00 -1.60464861e+04 1.36931062e+01
 -8.63058472e-01 8.14427975e-01 1.38930306e+00 8.02720457e-03 -1.05537521e+04 1.36965122e+01
 1.50101286e+00 -9.92064453e-02 1.73491107e+00 -9.93421328e-02 3.85966925e+03 1.36995092e+01
 1.82076911e+00 3.95715972e-01 2.10184142e-01 1.17531438e-01 1.08410181e+04 1.37008553e+01
 3.75138835e-01 -6.27363936e-01 5.40082632e-01 -6.73020746e-01 3.70593157e+02 1.37028109e+01
 7.85900919e-01 -2.71379596e-01 -4.72002158e-01 -8.00138569e-02 1.07721421e+04 1.37073431e+01
 -4.11843171e-01 -3.25043589e-01 -3.21746989e-01 5.58506053e-01 -1.91788080e+04 1.36926278e+01
 -3.86170111e-01 2.07210361e-01 -9.95597988e-01 3.02817663e-01 -2.92160180e+04 1.37007316e+01
 8.14011846e-01 -2.58056011e-01 9.62694857e-01 1.47882110e-01 -1.50567853e+04 1.36923810e+01
 4.78680400e-01 -7.51534746e-02 -2.80541847e-01 8.04235247e-01 3.66354635e+04 1.36958638e+01
 -5.00688062e-01 -5.90549185e-01 3.13622098e-02 -1.16829626e+00 2.17699131e+04 1.36969524e+01
 3.46725216e-01 2.39196877e-01 1.38545105e+00 7.07532870e-01 -4.21258823e+04 1.36952066e+01
 2.73724525e-01 3.99303881e-01 -2.72328514e+00 3.17975950e-02 1.42518110e+04 1.36956111e+01
 1.25371590e+00 6.29814667e-01 -4.84866611e-01 4.26401246e-01 -1.13685348e+04 1.37163151e+01
 -2.13086310e-01 -3.81939469e-01 -6.11621886e-01 2.73341330e-01 -1.61156539e+04 1.37025089e+01
 1.59356125e+00 -6.04847847e-02 1.44907355e-01 7.93453209e-02 1.23648968e+04 1.37018299e+01
 -2.76387397e-01 -6.54933976e-01 -2.03809899e+00 -7.32947139e-01 -2.02832882e+04 1.36957408e+01
 1.27663571e+00 -1.07730374e-01 8.89259400e-01 -6.43490417e-02 -1.57957836e+04 1.37037341e+01
 -1.95114726e+00 4.07579316e-01 -8.70820969e-01 5.23529872e-01 -2.66888710e+04 1.36979810e+01
 4.24881664e-01 3.92702516e-01 -6.89255585e-01 2.10101312e-01 -2.96760663e+04 1.36956872e+01
 -1.79821337e+00 5.27531847e-01 -2.23155042e+00 -7.17894221e-01 -4.30850829e+03 1.36972837e+01
 -1.33954914e+00 -8.47483815e-01 2.86751225e-01 4.96012130e-01 -6.49059456e+03 1.36837288e+01
 -8.10263213e-01 1.47346284e-01 1.09898056e+00 4.43470928e-01 1.56398026e+03 1.36946862e+01
 2.40552762e+00 -4.07954206e-01 -1.08042316e-01 -6.52705822e-01 -1.56360314e+04 1.37090365e+01
 -1.21052054e-01 -5.47638396e-01 -1.72863895e+00 -7.46721550e-01 -3.35968773e+04 1.37049684e+01
 1.30128952e+00 1.04046498e-01 1.12195028e+00 -7.36279784e-01 -1.49736460e+04 1.37128275e+01
 6.33576589e-01 -8.11386272e-01 5.03563325e-01 -1.62839074e-01 -1.53823115e+04 1.37095351e+01
 -4.27962351e-01 3.23088461e-01 -1.34423804e+00 1.78574481e-01 2.71251146e+04 1.36960748e+01
 1.49198268e+00 3.49543459e-02 -1.35394503e+00 2.12114058e-03 -1.02893885e+04 1.37023368e+01
 4.66004981e-01 -9.23428277e-02 -8.60080859e-01 4.57820628e-01 7.85047703e+03 1.37050415e+01
 -1.92156400e-01 -1.30914700e+00 -7.13108156e-01 1.41065435e-02 -1.85537981e+04 1.36888608e+01
 -5.33025617e-01 -6.62268098e-01 -1.12073369e+00 2.34557636e-01 3.66936645e+04 1.36907364e+01
 -6.00791368e-01 -1.70263029e-01 -1.20797296e+00 -2.73900027e-01 -1.20039868e+03 1.37061457e+01
 7.79383908e-01 -3.00989217e-01 1.53208974e+00 1.50032761e-01 -1.56505319e+04 1.36938413e+01
 7.86582433e-01 2.69740881e-01 5.84039719e-01 7.13679617e-02 -3.20927929e+04 1.37024116e+01
 2.03010794e+00 1.05760345e+00 1.56798526e+00 -7.11855000e-01 2.03348902e+04 1.37096064e+01
 1.17276196e+00 2.74587416e-01 1.90555072e-01 3.18477862e-01 2.86546594e+03 1.37023650e+01
 -1.71819444e-02 1.10126018e-01 -1.38596341e+00 6.30778330e-01 -5.72093959e+04 1.36980314e+01
 1.18628638e+00 -3.70176704e-01 7.60433616e-01 -6.73110241e-01 -1.93207821e+04 1.36955637e+01
 -1.10313088e+00 -7.89489170e-01 -7.79404455e-01 -7.35799435e-01 1.91738601e+04 1.36964609e+01
 9.41679764e-01 -2.93860798e-01 -8.85712735e-01 9.81512500e-02 1.08295728e+04 1.37084278e+01
 6.22189195e-01 7.15360589e-01 7.98506976e-02 -1.87180539e-01 1.10141512e+04 1.37026349e+01
 1.21701772e+00 7.90098192e-01 6.40657440e-01 6.05794833e-01 2.02637281e+04 1.37089768e+01
 1.94019900e+00 -2.73248791e-01 1.87872608e+00 2.61927556e-01 -1.58339659e+04 1.36951927e+01
 -6.68991379e-01 -1.94425116e-01 -2.06435946e+00 -6.46305012e-01 1.16793455e+04 1.36975476e+01
 1.18035451e+00 2.03674594e-01 -4.50043280e-01 -3.48890439e-01 1.01272771e+03 1.36938769e+01
 -5.30703167e-01 4.71441812e-01 1.31613383e+00 -1.72356202e-02 -1.57006076e+04 1.36984294e+01
 1.04216835e+00 -6.04477666e-01 -1.69343573e+00 2.75427693e-02 1.58125566e+04 1.37120559e+01
 -1.53616140e-01 5.37618593e-01 8.26967379e-01 3.10919926e-01 8.07285875e+03 1.36978633e+01
 4.30936933e-01 4.67772113e-02 1.27836771e+00 -3.97506107e-01 3.49231086e+03 1.36852891e+01
 3.03434592e-01 -3.32921520e-01 -1.15888459e+00 -2.94767792e-01 2.52419059e+04 1.37074766e+01
 -6.68818920e-01 -2.12101636e-01 3.11227866e+00 -1.08290917e-01 -1.02922190e+04 1.36968864e+01
 -1.68444073e+00 -4.35359829e-01 2.30425023e+00 1.76947305e-01 2.29526743e+04 1.36913347e+01
 1.37180767e+00 -2.92267817e-01 -6.39331475e-01 -1.77290845e-01 -1.89280708e+04 1.37057035e+01
 1.36310672e+00 4.13172507e-01 -3.32484402e-01 -2.57932074e-02 4.64911460e+01 1.37084591e+01
 -3.41652066e-01 4.42800683e-01 5.82438324e-01 5.73986125e-01 2.15125527e+04 1.37044477e+01
 -8.32412229e-01 -3.82137881e-01 -1.93831921e-01 -2.41054305e-01 1.90197961e+04 1.36918149e+01
 -2.03494603e+00 -5.04946015e-01 -1.31541108e-01 1.19891831e-01 -6.32227662e+04 1.36891052e+01
 -1.41913102e+00 -4.85562387e-01 1.39989260e+00 -2.68513955e-01 -1.69010951e+04 1.36993701e+01
 -2.10310158e+00 -3.13520632e-01 2.53061799e+00 9.23512139e-01 -1.52354649e+04 1.36892875e+01
 2.60261309e-01 2.60321969e-01 3.05732227e-01 -8.20089007e-02 2.78930745e+04 1.36968847e+01
 -5.23723914e-01 1.58288201e-02 -3.89502222e-02 3.77720189e-01 -3.74214036e+04 1.36997864e+01
 -6.33096998e-01 -2.65055228e-01 -1.77506752e-01 -3.75595864e-01 2.40666243e+04 1.36992659e+01
 -1.28042880e+00 -1.29563210e+00 -1.45468247e+00 -1.10953182e-01 2.19091345e+02 1.36955623e+01
 1.29513783e+00 -5.44324793e-01 -5.90916148e-01 -1.08077409e-01 6.32503263e+03 1.37075756e+01
 -1.53420535e-01 1.00916574e-01 1.90333326e+00 8.19715787e-01 1.66471769e+04 1.37142687e+01
 -4.50572766e-01 1.08206777e+00 2.47049378e-01 -5.48578526e-01 6.10578767e+03 1.36981389e+01
 8.16117848e-01 3.57609286e-01 4.39105075e-01 2.47675946e-01 -1.89072046e+04 1.37030283e+01
 1.18127474e+00 -5.43355309e-02 1.04323873e+00 -1.42660444e+00 1.05002301e+04 1.36927874e+01
 -1.01142881e+00 -3.52532319e-01 -1.80362735e+00 1.28131091e-01 -3.68571997e+03 1.36860479e+01
 1.46184160e-01 1.01545880e-01 7.85979399e-01 -1.51135051e-01 -3.89219581e+04 1.36999532e+01
 5.21487048e-01 2.72621195e-01 9.51244698e-01 3.01487900e-01 -1.49152031e+04 1.37038542e+01
 1.02046510e+00 -2.41723386e-01 3.93283790e-01 -3.94123341e-01 1.62480594e+04 1.37013373e+01
 -7.22361815e-01 6.09547295e-02 -6.08658437e-01 -4.00740885e-01 -2.90407470e+04 1.36947825e+01
 -5.65969843e-02 -1.10223116e-01 5.66807143e-02 -5.72211583e-01 3.81119910e+03 1.37005759e+01
 9.21171498e-01 -1.20108119e+00 3.82578792e-01 7.20139574e-02 -2.87266321e+04 1.37034102e+01
 -1.52208041e+00 4.38576685e-01 -2.75667846e-01 -9.51080680e-01 4.01560103e+04 1.37013462e+01
 1.49234616e+00 -1.02896391e-01 1.16742922e+00 4.23088074e-01 1.69798426e+04 1.37045499e+01
 -4.59206937e-01 3.21567007e-01 1.48575249e-01 3.18075266e-01 1.09726930e+04 1.37018207e+01
 1.46245650e+00 -6.79715564e-01 7.98107913e-01 9.51357581e-03 3.12784110e+03 1.37002068e+01
 4.35810195e-01 -3.29439804e-01 -8.56246537e-01 4.39399010e-01 1.59801037e+04 1.37094884e+01
 4.80269820e-01 2.70969417e-01 5.06709291e-01 -4.57562649e-01 2.39763236e+04 1.37067195e+01
 5.25252331e-01 -1.56040036e-01 1.12608577e+00 1.91690193e-02 1.88197258e+03 1.37014461e+01
 -2.65019011e+00 1.56797700e-02 -9.32480378e-01 2.28300015e-01 1.47408283e+04 1.36873348e+01
 4.65415872e-01 -7.23510868e-01 5.30912727e-01 1.18084829e-01 -9.82635677e+03 1.37018568e+01
 -3.08016246e-01 -3.54657110e-01 1.71458533e+00 -2.22940904e-01 2.46897178e+03 1.37024835e+01
 -1.90361715e+00 -3.53114782e-01 -7.85903542e-02 -3.33267386e-01 -8.38798141e+03 1.36907820e+01
 -8.13198927e-01 2.13555627e-01 1.03215372e+00 1.39436403e-01 -1.93251751e+04 1.36919505e+01
 1.00332039e+00 -2.88356664e-01 -1.17354319e+00 4.08588335e-01 1.36937254e+04 1.37017047e+01
 5.99203382e-01 6.93744014e-01 -2.50322707e+00 3.39242412e-01 -1.00649936e+04 1.37131889e+01
 -1.25204548e+00 -6.50719072e-01 -2.88905727e-01 1.27396502e-01 8.78938416e+03 1.37011694e+01
 9.29943161e-01 4.44242402e-01 5.04743401e-01 -1.47559891e-01 -8.55341039e+03 1.37030592e+01
 -5.32975552e-01 -2.65694374e-02 1.62049535e-01 -9.21536962e-01 -1.41647358e+04 1.36988932e+01
 3.38033798e-01 -7.24555435e-02 -9.17850007e-01 -3.79574728e-01 -1.45490334e+04 1.37013057e+01
 -6.12450975e-01 -3.79005234e-01 -1.91220138e+00 -4.50685212e-01 -3.62906326e+03 1.36881422e+01
 -9.27635968e-01 -1.89249492e-01 -7.38228616e-01 -1.82178562e-01 1.13684842e+04 1.36988412e+01
 -2.05243326e-01 6.61224085e-01 1.65839896e+00 3.62661641e-01 -4.47265422e+03 1.37147018e+01
 1.20884945e+00 2.48447171e-02 -2.35429980e-01 -7.70891272e-01 -2.66077088e+04 1.37064258e+01
 2.20036640e-01 4.53076924e-01 -1.79911044e+00 3.62969172e-01 2.94798736e+03 1.37051689e+01
 1.58928952e+00 5.58131964e-01 3.60538917e-01 3.43930582e-01 2.11488115e+04 1.37079491e+01
 -3.46016574e-01 -8.33404531e-01 -2.62487980e+00 -8.15829863e-02 4.45214014e+04 1.36942162e+01
 1.58861687e-01 3.44632778e-01 9.69624965e-01 1.26396158e-01 -8.63849713e+03 1.37118421e+01
 -1.39849521e+00 -1.26172230e+00 -2.62407373e+00 -1.56305590e-01 9.48634590e+03 1.37075271e+01
 -9.51563579e-01 7.49966001e-02 7.02438946e-01 5.61131217e-01 -8.86945545e+03 1.36978651e+01
 -1.68515811e+00 3.96711599e-01 -1.91495128e+00 3.30117163e-01 1.95699066e+04 1.36924324e+01
 -1.32443572e+00 -7.12324777e-01 -3.16241601e+00 -2.71493796e-01 -1.43580305e+04 1.36898823e+01
 3.90356724e-01 -9.94289498e-01 1.84014139e-01 1.96641340e-01 1.99074426e+04 1.37014580e+01
 -6.02179577e-01 -5.91170399e-01 -7.20374037e-01 2.90046866e-01 2.50357508e+04 1.37009843e+01
 2.28878675e-01 8.23997081e-01 2.26411831e+00 -4.94057876e-01 1.95878674e+04 1.36992587e+01
 -3.18170078e-01 -3.45732031e-02 1.36896352e+00 3.94010628e-02 1.74569269e+04 1.36903708e+01
 -9.56379699e-01 6.14942920e-02 1.36835597e+00 -7.96476513e-01 -2.58418566e+04 1.36912368e+01
 -3.77191748e-01 -2.62957412e-02 5.54976079e-01 4.47722743e-02 9.02714181e+03 1.37040955e+01
 -6.02602785e-01 9.97141919e-02 -2.26134222e-01 5.82137563e-01 -5.79630872e+03 1.36950221e+01
 -1.38912585e+00 -7.67967611e-01 1.18947592e+00 8.29409626e-02 -1.21287365e+04 1.37022698e+01
 -1.94721454e-01 2.32355181e-01 -3.86599646e-02 1.27614176e-01 3.86035190e+04 1.36893308e+01
 -2.13955079e-01 -1.27432684e+00 1.93402905e-01 3.50428162e-02 -5.30192737e+03 1.37085805e+01
 2.11478085e+00 -9.54288068e-01 2.31743562e-02 -1.80753223e-01 1.47926033e+04 1.36993004e+01
 -1.71825705e-01 1.14501268e+00 9.35419004e-01 4.36504373e-01 -6.38432597e+03 1.36986403e+01
 -1.38314487e+00 -3.21528418e-01 1.59034905e+00 1.70827839e-01 -7.91098204e+02 1.36964543e+01
 -4.17330342e-01 2.36303654e-01 2.68983254e-01 -1.53745046e-01 -9.00063186e+03 1.36993219e+01
 1.33203760e+00 -3.49162059e-01 1.84936276e+00 -3.44068611e-01 2.53580658e+04 1.37101865e+01
 -1.95512421e+00 3.37860200e-02 -6.33946949e-01 1.33318657e-01 -4.33784651e+04 1.36923249e+01
 -1.34711401e+00 -7.14352962e-02 -8.66376629e-01 4.01216256e-01 4.63470337e+03 1.36965049e+01
 1.14801152e+00 2.37129055e-01 -3.31404185e-01 4.52296067e-01 -8.63005626e+03 1.37021409e+01
 5.84119397e-01 2.08725190e-01 -6.16693757e-01 1.10904595e-01 -1.02778117e+04 1.37116989e+01
 -1.32068778e+00 4.73918305e-01 -9.60727335e-01 -6.76217279e-01 -2.41669493e+04 1.36961550e+01
 6.51845258e-01 -6.68235834e-01 2.49130742e-01 2.50789696e-01 -4.92966031e+03 1.37051456e+01
 1.11286260e+00 -5.25509327e-01 -8.81879106e-01 4.10261218e-01 -1.73400845e+04 1.37050305e+01
 -1.55679986e+00 -3.78403413e-01 3.80892508e-01 1.65928202e-01 -4.04881781e+03 1.36978552e+01
 -9.11988815e-01 -2.43101121e-01 4.28365761e-01 -9.43895484e-02 2.50629607e+04 1.36930335e+01
 1.24202233e+00 3.47396649e-01 1.58098870e+00 -3.22597499e-01 -6.35772093e+03 1.37077298e+01
 3.27076519e-01 -3.48895208e-01 -8.51547951e-01 -9.13820737e-01 -1.28440067e+04 1.37021434e+01
 -1.71488561e-01 1.47140083e+00 1.42554066e+00 9.42460560e-02 -4.31432939e+03 1.37049686e+01
 -7.99000037e-01 -1.71384493e-01 3.12644343e-01 -5.41677131e-01 9.62879430e+03 1.36910444e+01
 -2.01771460e-01 5.46544949e-02 4.92785863e-01 -8.76993341e-02 -2.99004057e+04 1.37058528e+01
 2.89022471e-01 -4.47835960e-01 2.81240880e+00 -3.91531992e-01 -3.94623556e+04 1.37016925e+01
 1.05272475e-01 -2.68676427e-02 8.85744482e-01 4.24242889e-01 -1.68657347e+04 1.36987822e+01
 4.82023321e-01 -1.11629449e+00 -3.73719185e-01 1.69221182e-01 -1.70750253e+04 1.36989057e+01
 1.79585917e-01 -3.92868082e-01 7.10182620e-01 -3.42715016e-01 6.77961693e+03 1.36939856e+01
 1.19087315e+00 -2.22631391e-02 1.10617345e+00 5.24451800e-01 -3.38364723e+04 1.37062965e+01
 -1.50073668e+00 -3.19090405e-01 1.50426331e+00 -6.99019040e-02 8.86007555e+03 1.36949967e+01
 7.97338227e-01 -1.06332256e-01 -2.45014987e-01 -3.38262544e-01 -1.86325754e+03 1.37133684e+01
 -1.04461667e+00 -1.93569118e-01 -2.66086122e-02 -2.22499520e-01 -1.07914977e+04 1.36935888e+01
 -1.19086432e-01 -6.72114977e-01 1.86969978e+00 -2.48827991e-01 -3.82935330e+04 1.36941831e+01
 -1.10754762e+00 -3.82421322e-01 -7.56995518e-01 5.08027464e-01 -2.27416997e+04 1.37053342e+01
 9.60693951e-01 -8.64657241e-02 -3.50659648e-01 -4.92990380e-01 -2.93834118e+04 1.36946089e+01
 -1.11708321e-01 -1.69533557e-01 7.91239061e-01 3.83447678e-01 1.14683368e+04 1.37112757e+01
 -2.91861339e-01 4.88025196e-02 3.47864484e-01 -9.15834999e-01 -3.63332751e+04 1.37076510e+01
 -1.84990828e-01 8.08688000e-02 -1.92689050e+00 -6.79596426e-01 1.33496239e+04 1.36994294e+01
 -1.38918523e+00 -1.05178681e+00 6.00499994e-01 8.26293183e-02 -2.95264863e+02 1.36971764e+01
 -1.68147050e-01 -5.91158872e-02 -2.33755400e+00 -7.31957566e-02 -2.36520799e+04 1.37096611e+01
 1.72631062e+00 -3.72164798e-01 -2.91766405e-01 2.09569216e-01 2.28934859e+04 1.37048792e+01
 9.97483870e-02 -7.01095454e-01 -4.14613620e-01 -3.41886180e-01 3.66461256e+04 1.37038802e+01
 1.41813375e+00 -6.85124482e-01 -1.29242324e+00 -1.38983090e-01 -4.51935617e+03 1.37042998e+01
 1.69819778e-01 -4.48932453e-01 4.65888308e-01 4.58053858e-01 -1.65493215e+04 1.37119854e+01
 1.06464849e-01 2.43054173e-01 -2.02639144e+00 8.37542728e-01 -1.29808606e+04 1.37044473e+01
 -1.85768685e+00 2.55475323e-01 -6.69296346e-01 -5.00455947e-01 1.27712689e+04 1.36860514e+01
 7.67314093e-01 6.44316024e-01 -2.84715066e-01 2.49805928e-01 -7.69677573e+03 1.37153793e+01
 8.17103157e-01 6.78246168e-02 -9.66856465e-01 -5.36127903e-02 -9.50154803e+03 1.36971403e+01
 1.23922528e+00 -2.88746289e-01 -3.45550360e+00 -5.09886524e-01 -1.34906863e+04 1.36960167e+01
 1.78577554e+00 -6.56837484e-01 -1.04627612e+00 6.22783659e-01 -1.77350128e+04 1.37070742e+01
 2.37772120e-01 1.10844734e+00 -1.19168380e-01 -6.29758161e-01 2.78815458e+04 1.36970316e+01
 6.13015492e-01 1.20453169e-01 -1.26261425e+00 3.73647376e-01 3.12163732e+04 1.36975088e+01
 -6.65698050e-01 4.76264037e-01 -9.93519599e-01 -4.32229403e-01 -4.99485251e+02 1.36904041e+01
 5.48630101e-01 -3.28158652e-02 -1.96732490e-01 4.80401301e-01 1.50624421e+04 1.37028942e+01
 1.63769191e-01 3.52203237e-01 -9.46422864e-01 -3.86830787e-02 9.46010111e+03 1.36980937e+01
 -9.61894391e-01 -5.35213915e-01 -7.01324793e-01 6.33974165e-01 -6.33126500e+03 1.36924846e+01
 -1.45350687e+00 2.14734605e-02 -3.02714851e-02 -4.29676828e-01 -1.21769585e+04 1.36858451e+01
 5.29330285e-01 6.78239593e-01 1.05474967e-02 4.13231996e-01 1.20522076e+04 1.37065992e+01
 5.51974324e-01 6.14514998e-01 -2.25382926e+00 2.24813725e-02 -3.28616275e+04 1.37086810e+01
 -3.24564216e-02 5.21750214e-01 -1.79684531e+00 1.72633572e-01 -1.00957466e+04 1.36993949e+01
 -1.37977146e+00 -5.73842357e-01 4.72329237e-01 -3.70771367e-01 7.52424000e+03 1.36974175e+01
 -5.27332700e-01 8.40458619e-01 2.76632852e+00 -2.35083634e-01 -1.35171862e+04 1.37057205e+01
 1.23312564e+00 4.28364143e-01 -1.37409967e+00 7.24710750e-01 8.06694242e+03 1.36973512e+01
 2.47085887e-01 2.91671861e-01 8.43005154e-01 5.53078182e-02 7.88106269e+03 1.37018267e+01
 -8.32704557e-02 3.56212505e-01 2.28532306e+00 -4.77117885e-01 2.45532895e+04 1.37057570e+01
 -1.35359831e+00 -1.53844657e-01 -1.28893266e+00 1.66944764e-01 -1.58131036e+04 1.37013524e+01
 2.12179481e+00 -2.89474852e-01 -1.06719672e+00 -3.24054364e-01 4.92473164e+03 1.36968266e+01
 5.23043926e-01 -1.71355753e-01 5.47670664e-01 -1.71929974e-01 2.91043705e+04 1.37091478e+01
 1.40208439e+00 1.09558153e-01 -4.09783786e-01 3.56702722e-01 1.65313750e+04 1.37144214e+01
 2.04723123e+00 1.05681448e-01 -1.36313575e+00 5.90208787e-01 -8.67525699e+02 1.37066540e+01
 -1.72013666e+00 -2.95392148e-01 4.11441953e-01 5.31401249e-01 3.20961432e+04 1.36940107e+01
 -8.82558470e-01 -5.11253249e-02 -4.62949492e-01 3.60562906e-01 1.36579875e+04 1.36979714e+01
 -7.83557914e-01 -4.59604881e-01 -6.30553018e-01 1.54063519e-01 -4.98066555e+04 1.36964150e+01
 3.47840455e-01 -7.08638529e-02 4.94177233e-02 -7.88553413e-01 -1.48183128e+04 1.36976479e+01
 -1.01333086e+00 -7.79182244e-01 -4.19684077e-01 -3.97390616e-01 -4.67286085e+03 1.36950365e+01
 -1.61186213e+00 -5.55280066e-01 -1.12551970e+00 -1.47332737e-01 -1.30467516e+03 1.36958046e+01
 6.78323125e-01 5.71842858e-01 -1.24978487e+00 5.08075259e-01 2.66013531e+04 1.36989989e+01
 2.22612820e-01 -5.65070502e-01 1.37867898e+00 6.84621662e-02 4.75928943e+03 1.36962266e+01
 3.63857103e-01 6.43693246e-01 3.08829634e-01 -7.21371174e-01 -1.27925702e+03 1.36932675e+01
 -7.47770542e-02 -3.52898046e-01 1.32059678e+00 -1.54603740e-01 1.01269346e+04 1.36980162e+01
 7.81413058e-02 -2.28361519e-01 8.33941634e-01 6.15540077e-01 9.43538058e+03 1.36870798e+01
 1.85566916e-01 -8.06831799e-01 -5.08755600e-02 -7.25568121e-01 -8.31246060e+03 1.37158943e+01
 -5.58171821e-01 9.14572180e-01 1.41260066e+00 -1.07435172e-01 6.03443920e+03 1.37091586e+01
 -2.06523425e-01 7.78549177e-01 -2.40149640e+00 9.91998310e-04 -2.44936728e+04 1.36874607e+01
 -5.94860240e-01 2.43827113e-02 -1.13426564e+00 3.44078433e-01 -3.19277232e+04 1.37080883e+01
 -9.74472398e-01 -1.91727632e-01 -7.23062448e-01 -2.16428704e-01 -1.94740164e+04 1.37007452e+01
 -1.68407693e+00 6.04827785e-01 -2.13522981e-01 -4.07791381e-01 -2.79527737e+04 1.36926110e+01
 1.21766591e-03 -7.03555173e-02 7.94899676e-01 -3.85963611e-01 3.36182398e+04 1.37006949e+01
 8.90077774e-03 -1.56389672e-01 5.56139435e-01 -2.50414254e-01 4.38031743e+04 1.36987247e+01
 -1.38084591e-01 5.57682487e-01 3.01537434e-01 -7.18143588e-02 -2.44564490e+04 1.37024868e+01
 -2.30534612e-01 7.26302728e-01 7.64304221e-01 -5.34354813e-01 3.98600037e+02 1.37049343e+01
 -1.79081477e+00 6.71434593e-01 -1.44327362e+00 6.55300136e-01 -4.81697915e+01 1.36958842e+01
 5.92595070e-01 1.14728003e+00 1.03456792e+00 4.68435951e-01 -9.99185311e+03 1.36967926e+01
 3.04780658e-01 4.54494834e-01 -6.21469135e-02 4.80518861e-01 -1.94867045e+04 1.37018450e+01
 -3.46684034e-02 3.19574669e-01 1.10707532e+00 3.16964215e-02 -2.47411209e+04 1.36982670e+01
 4.07471036e-01 -7.28770494e-01 5.58794447e-01 6.26478800e-01 3.73337968e+03 1.37004334e+01
 -1.30350212e-01 6.96552246e-01 -1.58059631e+00 -4.23429475e-01 6.17328054e+03 1.37062665e+01
 4.66900859e-01 5.89907858e-02 -8.91542629e-01 9.32785370e-02 -3.73800124e+04 1.36917415e+01
 1.17281487e-01 -3.75844134e-01 -3.79576568e-01 3.37225025e-01 -5.77797366e+03 1.37125566e+01
 -7.18593322e-01 -4.23514429e-01 1.00337870e+00 2.78017560e-02 9.20850727e+03 1.37024815e+01
 2.90439777e-01 -2.07087282e-01 2.28452180e+00 4.31173979e-01 -4.55672848e+03 1.36969041e+01
 4.95200185e-01 5.92313534e-01 2.51465307e-01 -2.38385885e-01 -4.89523023e+03 1.36949545e+01
 -2.49141088e-01 -7.61572963e-01 1.79680585e+00 3.16399625e-01 -1.88741077e+04 1.37000487e+01
 8.11186984e-01 -1.80471206e+00 1.76552457e+00 -4.46157343e-01 -7.48229855e+03 1.36960858e+01
 -1.43342903e+00 9.64324823e-02 7.59001686e-01 -4.42837976e-01 7.84298336e+03 1.37064484e+01
 2.70539551e+00 -1.31408803e-01 6.39150240e-01 4.81822812e-01 -2.00424411e+04 1.37045637e+01
 7.67901496e-01 -1.35163627e+00 -6.44527285e-01 1.26375822e-01 -9.96228630e+03 1.36943889e+01
 -6.70693077e-01 -1.42744696e-01 3.01798308e-01 -4.57063611e-01 2.48603582e+04 1.36851815e+01
 6.86229417e-02 -1.08691928e-01 7.02526107e-01 -3.82806207e-01 6.83713686e+03 1.36995139e+01
 3.64383259e-01 3.59640623e-01 2.02126656e+00 3.95837205e-01 4.67298965e+04 1.37008242e+01
 1.05450251e+00 5.00668363e-01 -2.44797997e+00 5.70249820e-01 2.57386371e+03 1.36993877e+01
 8.36102554e-01 1.49281619e-01 1.54679397e+00 -1.45146234e-01 -9.00474808e+03 1.37122047e+01
 -6.44031083e-01 -1.72742797e-01 -1.94398380e+00 1.57334157e-01 1.01936010e+04 1.37175007e+01
 -3.61773787e-01 -9.21334047e-01 -9.67919963e-01 2.88419068e-01 1.01024976e+04 1.36959356e+01
 -8.06585099e-02 2.03155589e-01 -5.69461325e-01 -6.03005173e-01 1.00199323e+04 1.37018366e+01
 -9.04933021e-01 1.70469504e-01 -4.20084848e-02 -7.64523940e-01 -1.72276840e+04 1.36972044e+01
 1.07311380e+00 -3.99254906e-01 -2.21692297e+00 5.70111152e-02 -1.35967324e+04 1.37006538e+01
 1.21154095e+00 4.06492175e-01 1.17953330e+00 1.08123647e-01 -2.11989713e+04 1.36989297e+01
 -1.49447331e+00 2.24060382e-01 -1.06879178e+00 3.30435602e-01 1.16781830e+03 1.36872793e+01
 -1.07409519e+00 -6.97585658e-03 -9.28914956e-01 -1.14549918e+00 1.06428967e+04 1.37006431e+01
 -9.96894758e-01 -7.34559979e-01 -5.18493923e-01 7.95075456e-01 1.81701499e+04 1.36939591e+01
 7.61440504e-01 8.23234665e-02 -2.12972765e+00 -1.83534604e-01 -2.29124706e+04 1.37101656e+01
 2.39123183e-01 1.42702207e-01 1.97041195e+00 4.63186255e-01 1.23436353e+04 1.36977403e+01
 -1.22296990e+00 -9.15838450e-02 -2.35268310e+00 -5.82421171e-01 1.05443418e+04 1.36911522e+01
 4.89402251e-02 -7.66138865e-01 8.52805254e-01 -5.11169136e-01 6.05816658e+02 1.37035932e+01
 2.22820411e+00 3.58378513e-01 -8.56686447e-01 -1.23841973e-01 6.58226498e+03 1.37118965e+01
 -1.44987360e+00 -2.30803893e-01 1.62999843e+00 1.08336067e-01 1.36846576e+04 1.36913671e+01
 -7.16550838e-01 -8.10180911e-02 -3.94714259e-01 -3.96386369e-02 -3.04029415e+04 1.36970422e+01
 1.86358059e+00 -1.64802349e-01 -1.34050931e+00 6.63151053e-01 -3.70659310e+04 1.37137246e+01
 -3.18462902e-01 1.14882411e+00 -6.70108860e-01 -5.99285444e-01 3.86488954e+03 1.36974039e+01
 3.71109662e-01 -6.22557292e-01 -1.50248653e+00 -3.93516679e-01 -2.94784140e+04 1.37077080e+01
 -8.76783436e-01 -5.35417857e-02 -3.23180871e-01 -3.23047105e-01 -2.38512391e+04 1.36992924e+01
 1.17817591e+00 7.39161654e-02 3.63111870e-01 -1.15412371e+00 1.46158935e+04 1.36957611e+01
 -1.78832986e+00 -9.68763304e-01 1.16717906e+00 -1.97042764e-02 -8.47602942e+03 1.37014131e+01
 1.85134136e-01 9.58452698e-01 -1.45447323e+00 -3.63689628e-01 2.56506520e+04 1.37064831e+01
 1.12076780e+00 -1.38213781e-01 4.89697892e-01 2.82294619e-03 1.58905056e+03 1.36987592e+01
 3.56158761e-03 -3.66414273e-01 -1.71632626e+00 -6.62744377e-01 -1.03117116e+04 1.36995968e+01
 4.51862246e-01 4.03653384e-02 1.47709822e+00 2.57434960e-01 3.26233516e+03 1.36982877e+01
 -5.35034228e-01 -4.76710097e-01 7.46612290e-04 -7.05265696e-01 -3.28177235e+03 1.36980004e+01
 -3.98369904e-02 1.21973859e-01 -1.33436319e+00 3.32667382e-01 -7.00823554e+03 1.36977713e+01
 6.97509473e-01 8.53275761e-01 -2.06917577e+00 2.15155579e-01 -2.94552989e+04 1.36989494e+01
 -7.23243807e-01 -1.90209995e-01 -1.36219017e-01 4.49961228e-01 8.44346581e+03 1.36931394e+01
 5.36480655e-01 -3.42872590e-01 7.84454392e-01 3.50852199e-01 2.48322301e+04 1.36993819e+01
 1.08464776e+00 -6.78500661e-01 4.08578681e-01 -1.48390439e-01 -1.44456992e+04 1.37037230e+01
 -4.24991882e-01 -1.08599350e-01 7.02710801e-01 3.22454061e-01 6.61820136e+03 1.36940486e+01
 3.51181870e-01 -2.82557930e-01 2.73046907e-01 -1.61504354e-01 -1.56652624e+04 1.37033788e+01
 4.10303730e-01 1.28170867e+00 1.34994512e+00 3.55564620e-01 -1.46205965e+03 1.36981426e+01
 2.46997369e-01 3.76613144e-01 2.65633557e-01 -3.68180221e-01 1.31483825e+04 1.37053656e+01
 8.26107854e-01 8.53291181e-02 -1.69899362e+00 -8.02905629e-02 -5.95293015e+03 1.36972744e+01
 3.85936958e-01 -1.03726596e-02 -5.15917706e-01 1.93592933e-01 -5.34299642e+03 1.37097768e+01
 -2.68624166e-01 -5.02074661e-02 -1.19657113e+00 -2.57489954e-01 1.79718230e+04 1.36870345e+01
 1.50298266e-01 -6.47437226e-02 6.60266347e-01 7.82835422e-01 5.07776149e+03 1.37042923e+01
 -3.19553237e-01 -5.54274320e-01 1.08854239e+00 -7.63746131e-01 1.13313889e+04 1.36934659e+01
 -1.24596930e+00 -2.36373212e-01 -8.67128468e-02 -4.86880858e-01 -1.49873150e+04 1.37058163e+01
 7.05730576e-01 7.26200204e-01 -7.62582270e-01 3.13446953e-01 -1.57995143e+04 1.36911793e+01
 7.45301010e-01 -2.79672171e-01 -4.25832257e-01 -2.55315354e-01 -1.58105278e+04 1.37003282e+01
 -4.92503481e-01 6.03193032e-01 -5.88810084e-01 -6.34350466e-01 6.92343024e+03 1.37052530e+01
 9.31923786e-01 1.70197577e-02 8.59050752e-01 5.53842669e-01 4.54487721e+04 1.37098225e+01
 -1.15370456e+00 9.97611873e-02 4.10232956e-01 -1.05287176e-01 -6.24897514e+03 1.37069179e+01
 8.75217577e-01 -3.57393128e-01 -6.36507490e-01 3.23445361e-02 -9.93916600e+03 1.37037374e+01
 1.04786310e+00 -7.12172054e-01 -1.50703897e+00 4.07798074e-01 -2.78254184e+04 1.36996609e+01
 -5.76113075e-01 -4.44626915e-01 -2.50453547e-01 -1.73409826e-01 5.95440545e+03 1.36918282e+01
 6.82712904e-01 -9.54645195e-01 1.82069711e-01 4.52919872e-01 -1.35863929e+04 1.37017042e+01
 2.80469044e-02 -2.57492616e-01 -1.24161145e+00 -2.28268713e-01 2.48598157e+04 1.37020147e+01
 -1.09208812e+00 -1.37303673e-02 -2.70056389e+00 9.13458567e-02 -3.30064322e+03 1.36879224e+01
 2.30576213e+00 -4.60347999e-01 1.31676935e-01 -4.27722663e-01 -1.69263258e+04 1.37131714e+01
 -3.41524814e-01 -9.91405863e-01 -2.45485520e-01 -8.76284031e-01 8.22312412e+03 1.36886970e+01
 9.10339289e-01 -4.23749434e-01 -1.73392620e-02 3.09264165e-01 1.19841923e+04 1.36946389e+01
 -1.24417141e+00 3.84858850e-01 1.70070015e+00 3.68914169e-01 8.07489123e+03 1.36912034e+01
 -7.25369164e-01 -4.29433058e-01 -2.09163301e+00 -4.80949481e-01 6.51397011e+03 1.36905137e+01
 -6.11176960e-01 -9.20854351e-01 3.39608112e-02 -5.17380345e-01 1.11847517e+04 1.36941709e+01
 -3.63859024e+00 1.14729517e-01 -1.86360027e+00 4.48802539e-02 7.79156680e+03 1.36861609e+01
 -8.97306154e-02 -4.37637961e-01 -7.01589773e-01 3.99489735e-01 -1.37427663e+03 1.37015182e+01
 1.17988505e+00 -4.69183529e-01 1.34823590e+00 8.17634248e-02 1.48816224e+03 1.37033708e+01
 1.12410094e+00 -4.07278067e-01 -2.16201548e+00 -3.60179656e-01 -4.67753952e+03 1.37027108e+01
 9.43832170e-01 2.73663579e-01 7.46058962e-01 -9.17289289e-01 2.11238879e+03 1.36990133e+01
 9.98198099e-01 3.72242264e-01 9.11770202e-01 1.02752902e+00 -1.87205589e+04 1.37035850e+01
 -3.75983165e-01 -4.14064983e-01 7.15410232e-01 -9.49143997e-02 -9.74157430e+03 1.37095555e+01
 -1.88109848e-01 -2.15371488e-01 9.25854445e-01 5.55345696e-02 -1.22039110e+04 1.37075463e+01
 1.12116203e+00 -1.72046015e-02 -8.09492885e-01 -1.06786992e-01 1.40592461e+04 1.37004969e+01
 -4.67128463e-01 -7.72519620e-01 -2.80938820e-01 2.92727929e-01 1.49249752e+04 1.36995256e+01
 -1.37693417e+00 -1.65075038e-01 -1.41758730e+00 -1.06498647e-01 1.82580998e+04 1.36946797e+01
 5.97041562e-01 -5.51020495e-02 1.51660981e+00 1.42740365e-01 1.04458414e+04 1.36951590e+01
 8.51556057e-01 3.31157198e-01 2.63397263e-01 5.05926160e-01 8.61572324e+03 1.37012604e+01
 -1.32146431e+00 -4.72989667e-01 -2.27313470e+00 -1.13343168e+00 1.89818785e+04 1.36817758e+01
 1.13543234e+00 7.58983914e-02 6.25296257e-01 5.11106383e-01 -1.04925361e+04 1.37067034e+01
 -1.25269198e-02 3.08108998e-01 -3.24018718e-01 3.15608982e-01 -1.58863405e+04 1.36961004e+01
 -2.91436801e+00 -5.22402235e-01 8.86381938e-01 3.57289097e-01 -7.71720560e+03 1.36892497e+01
 5.43277974e-01 -4.26728300e-01 1.71485273e+00 -1.69415933e-01 -1.74694202e+04 1.37006540e+01
 -5.47414776e-01 -5.68724604e-02 1.76098101e+00 8.52338356e-01 -1.50491917e+04 1.36960886e+01
 -2.17015339e+00 -4.64517245e-01 8.32459909e-02 5.01626592e-01 -4.90372789e+03 1.36826621e+01
 1.75898592e+00 5.86075582e-01 -3.21144991e+00 4.33088818e-01 1.90434708e+04 1.36950799e+01
 -1.03315291e+00 2.38751419e-01 9.78435768e-01 -5.74722829e-01 4.23104724e+03 1.36935116e+01
 -2.38720470e-01 9.90372774e-01 3.85753460e-01 -4.80023140e-01 9.36658002e+03 1.36941978e+01
 2.65150866e+00 -2.39812491e-01 -6.32356475e-02 -1.48837274e-01 -8.32675052e+02 1.37081377e+01
 -7.43585209e-02 -7.08401047e-01 7.58912013e-01 4.11130721e-01 1.74318031e+04 1.37009821e+01
 8.76480097e-02 9.23429382e-01 1.27839984e+00 1.00374362e-01 2.76900987e+04 1.36978161e+01
 -7.59719530e-01 -4.57919411e-01 1.54612556e+00 -4.98766537e-01 -7.80408838e+03 1.36969751e+01
 7.57967270e-01 -2.99994476e-01 1.59874091e+00 -5.83718241e-02 2.95456315e+04 1.36901003e+01
 -5.57682087e-01 -5.30945358e-01 -8.39333317e-01 1.35825511e+00 2.82899650e+04 1.37077508e+01
 -1.34035181e-01 5.30811015e-02 2.07643650e+00 3.73874313e-01 -1.97546005e+04 1.36937465e+01
 1.08100559e+00 -1.94605990e-01 -1.10224853e+00 -1.02866971e+00 1.29186097e+04 1.36934336e+01
 5.22213621e-01 5.74528057e-01 -3.34849509e-01 1.89178678e-01 1.52264234e+04 1.37013088e+01
 -1.01484721e+00 -8.08868219e-01 -1.01968752e+00 -8.89212325e-02 -7.96222866e+03 1.36968147e+01
 1.34628974e+00 8.74950457e-02 1.33550128e+00 -5.52252293e-02 -1.80752190e+04 1.37008541e+01
 7.47882216e-02 4.01554044e-01 -1.40405678e+00 5.43096990e-02 -7.92134162e+03 1.37051192e+01
 -3.72901289e-01 -2.11227657e-02 -2.87911113e+00 -8.13813427e-01 -1.29894039e+04 1.36938252e+01
 -4.01251698e-01 6.02814197e-01 5.24963221e-01 1.17262226e-02 -8.90058440e+03 1.36942440e+01
 -1.51660582e+00 1.41561546e-01 2.47746044e+00 5.20490716e-01 2.05188776e+04 1.36986730e+01
 1.29607341e+00 4.28758862e-01 -5.96359651e-01 -2.64538152e-01 8.38165558e+02 1.37010594e+01
 8.79063171e-01 6.93570582e-01 1.45513525e-01 2.73539447e-01 -1.50299958e+03 1.37031008e+01
 -1.29080698e-01 5.67672212e-02 3.22409382e+00 2.84294192e-01 1.74180479e+04 1.36995157e+01
 5.99375882e-01 1.27788603e+00 -1.13267127e+00 2.64318295e-01 1.72355971e+03 1.37086310e+01
 1.27086765e-02 -4.97140277e-02 -4.80369503e-01 2.22204954e-01 3.08433666e+04 1.37069379e+01
 2.07342745e-01 -1.61371814e-01 -5.46402910e-01 3.49408199e-01 4.54974131e+02 1.36919388e+01
 1.32627904e-01 -4.88595694e-02 -3.62329740e+00 8.15728427e-01 6.98479033e+03 1.36921427e+01
 -1.06204456e+00 -8.56089257e-01 -9.79666333e-01 5.01492767e-02 -1.88524490e+04 1.37061673e+01
 -1.43707558e-01 -1.60977540e-01 3.28689202e-01 -1.12646705e-01 2.85615381e+04 1.37058590e+01
 -9.26323682e-02 3.67477341e-01 1.07745729e+00 -3.93392836e-01 8.61531120e+03 1.37008208e+01
 4.33506292e-01 7.05941737e-01 6.99385283e-01 -6.90599004e-01 1.18663726e+04 1.37120482e+01
 9.83702995e-01 -1.64446495e-01 5.32431103e-01 -4.56226932e-01 2.01613069e+03 1.37001358e+01
 1.13407965e+00 -5.73617502e-01 -4.29863742e-01 5.75590240e-01 1.21399963e+04 1.37072586e+01
 1.81288217e+00 9.77857598e-02 -9.06597640e-01 -1.89059900e-01 1.68993735e+04 1.37143347e+01
 2.06720645e+00 4.62323721e-01 -1.17842175e+00 -1.79801214e-01 -1.20613526e+03 1.37047638e+01
 -6.75107252e-01 -1.75982862e-01 -2.18114361e+00 -2.41482922e-01 3.34849914e+03 1.36925063e+01
 -1.62228874e+00 1.19342538e-01 7.44221055e-01 -7.38731015e-01 -9.00544596e+03 1.36952712e+01
 -7.05306589e-01 -2.26316667e-01 -4.77237362e-01 6.97226971e-01 -5.18788980e+04 1.36959381e+01
 1.27258016e+00 -2.30833271e-01 -1.81715185e+00 -9.86144085e-02 -7.30349982e+03 1.37078070e+01
 -1.05714380e+00 3.29578080e-01 2.39708925e+00 7.21014440e-01 -1.14928193e+04 1.36981954e+01
 -6.31416701e-01 1.35416093e+00 2.69819602e+00 1.42570460e-01 -1.55429315e+04 1.37002282e+01
 4.23227185e-02 -8.20884282e-01 -1.96528211e+00 -3.37573576e-01 -4.92213242e+04 1.36900706e+01
 -1.21202478e+00 -9.24613049e-01 -6.30533442e-01 4.54900920e-01 6.58642955e+03 1.36905445e+01
 -8.39044914e-01 -1.57395246e-01 -5.90124241e-01 -2.94298629e-01 -1.84253679e+04 1.36971725e+01
 -3.89423086e-02 2.17053479e-01 7.89272944e-01 -2.98442217e-01 -2.47536213e+04 1.37059805e+01
 -9.07541716e-02 -3.27639176e-01 -1.08373371e+00 3.07936822e-01 3.05046633e+04 1.36984129e+01
 -9.47133948e-01 1.59867668e-01 -8.53967085e-01 8.95580506e-03 -1.58652700e+04 1.36963603e+01
 1.85496783e+00 7.19060938e-01 -1.16446601e+00 1.68571372e-01 -4.40973235e+03 1.37110680e+01
 1.47542765e+00 -5.81777513e-01 2.13631869e-01 3.53222176e-01 -2.90423683e+03 1.37081175e+01
 -2.17409109e+00 -1.40583620e-01 1.12245384e-01 -5.05679094e-01 -7.66791502e+03 1.37038913e+01
 4.85577248e-01 -5.63097398e-01 8.61680988e-01 3.60288231e-01 -1.56517015e+04 1.36978535e+01
 -1.71637788e+00 -6.03474425e-02 -2.93793446e+00 -3.36358871e-01 2.25524459e+04 1.36963794e+01
 -9.31977413e-01 -9.25277814e-02 -7.88107656e-02 -1.95581712e-01 -2.46196759e+03 1.37083076e+01
 1.28599929e+00 1.46449533e+00 -1.27460507e+00 -4.51702040e-02 -1.84360714e+04 1.37117787e+01
 4.66907152e-01 -3.99478191e-01 -1.31740407e+00 3.87929033e-01 -1.80384884e+04 1.37077970e+01
 4.71311817e-01 -8.77885372e-02 6.77711693e-01 -7.84160631e-01 2.84873318e+04 1.36981141e+01
 5.21284084e-01 -2.17961625e-01 1.59922614e+00 -1.04465559e-02 -1.91672679e+04 1.37095880e+01
 -1.54268557e-01 5.03588102e-01 -1.37141407e+00 -5.74636352e-01 2.62421848e+03 1.37048767e+01
 2.41818671e-01 -6.52829401e-01 -5.17890357e-01 1.20461368e-01 -1.94048217e+04 1.36976119e+01
 -4.49019642e-01 -8.33516909e-02 -3.23419724e+00 1.13759286e-01 -1.33913004e+04 1.37032886e+01
 1.02207786e+00 8.04460142e-01 3.85829750e-01 2.34487195e-01 -5.51526031e+03 1.37069751e+01
 -1.13871612e+00 -7.83435599e-01 -2.13992011e-01 8.89591970e-01 -3.62584824e+03 1.37061118e+01
 -1.54278282e+00 5.60854694e-02 -2.17454267e+00 -5.26302229e-01 1.01919611e+04 1.36988058e+01
 9.81074058e-01 1.52698359e+00 1.65318641e+00 -2.36227145e-02 1.54116395e+04 1.37075660e+01
 -7.53875667e-01 -1.12989601e-01 -1.09654741e+00 7.53561160e-01 -1.73821115e+04 1.36876238e+01
 1.42101664e+00 5.46465138e-01 -1.27647819e-01 -1.76732867e-01 9.29791952e+02 1.37126864e+01
 1.90720477e-01 -6.53084412e-01 5.00110198e-01 5.64399187e-01 -2.38956266e+04 1.37006167e+01
 1.91983725e+00 -1.48656661e+00 1.45798001e+00 -2.52260292e-01 3.11098710e+04 1.37061972e+01
 -1.17052349e-02 -9.94848080e-01 9.73759138e-01 -3.25617122e-01 2.16035132e+04 1.36913725e+01
 -4.86753481e-01 4.97375766e-01 -1.13349996e-01 -1.83354172e-01 2.36929067e+04 1.36995907e+01
 1.28704102e+00 -9.40009594e-02 -1.26855508e+00 1.10431633e-01 -2.43378279e+04 1.37033208e+01
 6.49979573e-01 7.32878637e-01 -2.16205731e+00 7.28153112e-01 -2.68454326e+04 1.36973718e+01
 4.91549121e-01 -4.63946438e-01 -5.98322074e-01 3.79134979e-02 -1.17917397e+04 1.37004861e+01
 8.56936184e-01 -2.19835520e-01 1.05466073e+00 -1.43172085e-01 -9.90353675e+03 1.36980027e+01
 1.77947115e+00 4.64366984e-01 -1.40428122e-01 8.36872080e-01 -1.44267352e+04 1.37170279e+01
 -8.40075659e-01 9.40000540e-01 2.77759633e+00 2.51403751e-03 1.52051366e+04 1.36985222e+01
 7.94694673e-01 -1.18274530e-02 -1.63721998e+00 -7.31418847e-01 -2.12036379e+04 1.37158779e+01
 -8.23860741e-01 4.47707705e-01 2.14969128e-01 -2.09494833e-01 2.05292226e+03 1.36958744e+01
 -1.21033106e+00 -1.59982260e-01 -1.27783703e+00 -1.44159840e-01 3.03825067e+04 1.36940405e+01
 1.58125620e+00 -4.44574923e-01 -1.76293523e+00 -1.72897244e-01 3.73596094e+04 1.37160621e+01
 -2.94644362e-01 4.92340624e-01 1.87121640e+00 3.49351855e-01 -2.50225712e+04 1.36907973e+01
 -1.06493948e+00 -1.47766807e-02 1.77116020e+00 -7.26105844e-01 6.24103612e+03 1.36955847e+01
 -6.06880789e-01 -1.09812308e+00 1.54181597e+00 1.91655861e-02 -8.19777784e+03 1.37055231e+01
 6.37240603e-01 -4.97769142e-02 5.41042649e-01 6.03090053e-01 -3.83119825e+03 1.37019081e+01
 -9.56210036e-01 3.97835797e-01 -1.56826057e+00 2.58231639e-01 2.55043797e+04 1.37000017e+01
 9.50746080e-01 5.33380112e-01 -1.80963023e-02 -3.27014997e-01 -1.73214206e+03 1.37050699e+01
 -1.61510741e+00 2.76892514e-01 4.62007199e-01 3.33882591e-01 -1.49623987e+04 1.37029960e+01
 1.58922467e-01 -3.45230831e-01 1.32016177e+00 8.11144214e-02 -1.84132067e+03 1.37007237e+01
 -8.28135807e-02 -6.08552216e-01 3.22366031e-01 3.82461398e-01 4.76170057e+04 1.37088498e+01
 1.57953619e+00 -1.15221953e+00 7.33565754e-01 -3.66627315e-01 -1.20912021e+04 1.37057182e+01
 -4.91877384e-02 -1.75878745e-01 4.45839952e-01 1.54641872e-01 -1.08279022e+04 1.36932903e+01
 -7.14739388e-01 6.42135492e-01 -1.29520845e+00 2.42754831e-01 -4.96196874e+01 1.36983228e+01
 -1.11146007e+00 -1.99447538e-01 -2.03075592e+00 6.51866199e-02 3.50624092e+03 1.36936391e+01
 -1.73019567e-01 -1.27166429e-02 3.03310957e-01 4.64587554e-01 -2.48865800e+04 1.36926202e+01
 3.62404851e-03 1.02147887e+00 -7.49084170e-01 3.11727425e-01 2.95419851e+04 1.36986712e+01
 -2.24768050e+00 -2.07947270e-01 -1.49030037e+00 -9.69233026e-02 -2.26009325e+04 1.36971759e+01
 -1.41180308e-01 5.47185748e-01 4.42343163e-01 -3.73040015e-01 5.62690332e+03 1.36908619e+01
 2.17237045e+00 6.58429256e-01 -2.65050694e-01 -2.36018168e-01 2.35912609e+04 1.37076164e+01
 -8.79806020e-01 3.48621853e-03 5.67826374e-01 -1.06862472e-01 5.01609092e+03 1.36974486e+01
 -7.21149977e-02 1.55963182e-01 -1.22327292e+00 2.69816060e-01 -1.53854251e+03 1.37052035e+01
 8.03396910e-01 -7.22574050e-01 1.18574954e+00 1.41612692e-01 -1.24875973e+04 1.37079974e+01
 -7.13194244e-01 -6.48675201e-01 -1.17385617e+00 5.27334568e-01 -1.47143032e+04 1.37128169e+01
 -1.85465476e+00 -4.32798720e-01 -2.89570978e-01 1.81274116e-01 2.23161469e+04 1.36890770e+01
 4.08489500e-01 -3.34324763e-01 1.95133844e+00 9.60567656e-02 -6.06193056e+02 1.36905141e+01
 -4.19260107e-01 -4.22063643e-01 -3.28090808e-01 7.58409643e-02 2.76007933e+04 1.36943693e+01
 2.41697187e+00 -5.91271347e-01 -8.26517370e-03 -7.61953025e-01 6.18036948e+03 1.37096190e+01
 1.01087246e-01 1.53321266e-01 1.85469137e+00 2.71836753e-01 -2.15271077e+04 1.37081018e+01
 1.07808139e+00 -4.51261728e-01 1.61007369e+00 3.04013079e-01 -2.95480687e+04 1.36969838e+01
 -3.64062735e-01 -4.31527415e-01 -1.38932220e+00 -7.44830335e-01 1.57537550e+03 1.37076925e+01
 8.20544193e-01 -1.57346699e-01 -1.23891358e+00 3.58299488e-01 8.63926506e+03 1.37006026e+01
 -2.19949489e-01 3.14926244e-01 -1.33649416e+00 -1.57155855e-01 -1.20732861e+04 1.36884958e+01
 2.30900146e+00 -2.57107101e-01 3.66745508e+00 -3.35745404e-01 -1.64253322e+04 1.37064876e+01
 -1.22836924e+00 7.49699109e-03 5.16044818e-01 1.47575209e-01 1.40754442e+04 1.36990339e+01
 -1.60073142e+00 -6.36481110e-02 -9.28855330e-01 8.67592006e-01 1.42207217e+04 1.36951079e+01
 2.21442551e-01 1.01875504e+00 2.19901376e+00 1.22982279e-01 3.91750961e+04 1.37078629e+01
 -8.79920912e-01 -8.28677620e-01 1.13011773e+00 4.46640237e-01 -1.25728887e+04 1.37003841e+01
 5.89616910e-01 -5.33058225e-01 -1.16184551e+00 4.70417622e-01 -1.96285267e+03 1.37088503e+01
 -7.27141142e-01 3.70042674e-01 2.98512036e+00 -4.14116826e-01 1.90332770e+04 1.36944140e+01
 -3.82679097e-01 6.46476025e-01 1.16947771e+00 1.15705227e-01 -7.37818372e+02 1.36989890e+01
 1.18502338e-01 9.63128520e-02 -1.65060030e+00 8.94678063e-02 -3.08514654e+04 1.37042884e+01
 1.40471458e+00 -5.78065295e-02 5.31079311e-01 -4.91129353e-01 -3.29490727e+03 1.37175597e+01
 2.58737259e+00 2.39782941e-01 6.29155938e-01 1.08620929e-01 -2.17425340e+04 1.37021107e+01
 -2.98026013e-01 4.39397459e-01 -1.01009939e+00 3.06113619e-01 -2.92781711e+04 1.37103771e+01
 2.14925571e+00 6.95687232e-01 6.81580331e-01 2.51464902e-01 1.18821932e+04 1.37024758e+01
 -1.17863945e+00 -3.15355597e-01 1.34748661e+00 -1.45481934e-01 1.62138237e+04 1.36937370e+01
 -9.66070426e-01 6.72279500e-01 -9.66106811e-01 1.18445685e-01 -1.91811278e+04 1.36903921e+01
 4.57786744e-01 -5.75835195e-01 7.98935426e-01 -3.22496881e-01 8.70365457e+03 1.36923963e+01
 -9.17210713e-01 -1.85418038e-01 8.91838694e-01 -8.20950008e-01 -2.88929385e+03 1.36970968e+01
 -1.77562476e+00 6.43389608e-01 3.66149203e+00 4.75991953e-01 1.04346111e+04 1.36926642e+01
 -9.43782488e-02 -2.94749221e-01 7.44878874e-01 5.57312089e-01 1.18020375e+04 1.36983115e+01
 -1.18657011e+00 1.41706301e+00 -1.74562949e-02 6.37806194e-01 4.24137360e+03 1.36905591e+01
 6.97478500e-01 -4.62098284e-01 -6.99549877e-01 1.86550705e-01 3.60499749e+04 1.37071722e+01
 -3.90677156e-01 -6.88261972e-01 -4.16206385e-01 -1.87303902e-01 -6.10579999e+03 1.37031684e+01
 1.14171168e-01 -3.68386850e-02 6.93937764e-01 -3.55273687e-01 -2.84104448e+04 1.36894310e+01
 -3.89721562e-01 2.87818910e-01 -9.82288124e-02 8.02355537e-01 -2.48892175e+04 1.37051199e+01
 -4.79705340e-01 6.58197764e-01 8.65747655e-02 6.96732187e-02 -9.06473587e+03 1.36953143e+01
 -6.36687287e-01 4.26677131e-01 2.87490916e-01 4.28583842e-01 -2.27571517e+04 1.36901840e+01
 9.87312102e-01 3.97961772e-01 4.06594205e-01 -7.34335668e-01 4.80544235e+04 1.36991494e+01
 -4.70107022e-01 -5.55197507e-02 -4.57374640e-01 2.98830084e-01 -5.81910747e+03 1.36935928e+01
 -5.68836332e-01 4.04568562e-01 -1.06572254e+00 -8.43685646e-02 -1.13178848e+04 1.37053039e+01
 -3.85616379e-01 -6.33059436e-02 -3.05878421e+00 -2.79951847e-01 -3.42454007e+04 1.37018155e+01
 -7.59104489e-01 9.17703799e-01 1.74132458e+00 -1.43900464e-01 -1.38714871e+03 1.36961804e+01
 -1.19372932e+00 -3.82108510e-01 1.95923244e+00 -4.33580960e-01 5.34196559e+03 1.37026756e+01
 -1.79213520e+00 -4.51342188e-01 -1.57041199e+00 5.89859580e-01 3.99360446e+03 1.36942597e+01
 1.12511937e+00 6.76757413e-01 -9.55311574e-01 -6.62043689e-01 -4.11140323e+03 1.37177629e+01
 -1.42692244e+00 -3.30587337e-01 -3.09157822e-01 -5.44266118e-01 1.00699527e+04 1.36799796e+01
 -1.16567188e+00 5.92672965e-01 -6.04642329e-01 1.06892860e+00 -5.40741586e+04 1.37067044e+01
 4.25295792e-02 -1.42278716e-01 3.12711071e-01 -4.77500781e-01 2.35055023e+04 1.37042258e+01
 4.65729464e-01 -6.02225389e-01 -9.45021103e-02 2.86636145e-01 -2.14473193e+03 1.37037492e+01
 1.03443901e+00 2.13882354e-01 7.70379786e-01 -2.25402978e-01 -2.40196224e+04 1.36997224e+01
 -3.29865195e-01 6.69716635e-01 -1.17272994e+00 2.05473249e-01 -1.53219734e+04 1.37069830e+01
 3.93172613e-01 8.07703648e-01 8.79747056e-01 4.21397964e-01 -1.45842098e+04 1.37080736e+01
 -1.31288694e+00 5.25381976e-02 5.93787598e-02 4.52391451e-01 1.68672981e+04 1.37029486e+01
 -2.25680244e+00 7.47924060e-01 -2.39321296e+00 5.04546286e-01 -3.84905546e+04 1.36850916e+01
 -1.18245178e+00 7.56942244e-01 2.34197694e-02 9.15510845e-02 1.39105883e+04 1.36989298e+01
 -1.43953684e+00 3.48365419e-01 -7.67627977e-01 2.99400113e-02 8.79978366e+03 1.36868144e+01
 1.06024496e+00 -1.20054101e-02 2.10021295e+00 8.11125307e-01 9.74274770e+03 1.37100770e+01
 -6.90687827e-01 -6.41378687e-01 -7.28530180e-01 -8.46050528e-02 -1.62053158e+04 1.37014649e+01
 1.14106858e+00 6.68626822e-01 -6.04179527e-01 5.59746177e-01 2.04393962e+04 1.37038877e+01
 -3.49566712e-01 -1.92349353e-01 1.93855913e+00 -1.53767642e-01 1.98369505e+02 1.37020989e+01
 1.19817971e+00 -3.96343974e-01 1.50830730e+00 -6.83926675e-01 2.20794656e+04 1.37073559e+01
 2.28106895e-01 2.18452941e-01 4.21732344e-01 7.49264525e-01 -1.05465308e+04 1.36919060e+01
 -1.15845952e-01 6.30942631e-01 8.96997374e-01 -4.74056692e-01 -3.59002312e+04 1.36838982e+01
 1.41054990e-02 -2.31462362e-01 -6.71659550e-01 -4.40591580e-01 -1.04528959e+04 1.37020117e+01
 3.75227841e-01 4.21674132e-01 7.74625770e-01 1.90882934e-01 2.14360470e+04 1.37042781e+01
 -1.25188062e+00 8.74349244e-01 9.68664100e-01 -3.16718216e-01 2.18977148e+04 1.36988205e+01
 1.04411625e+00 8.97785561e-01 6.65567422e-01 6.01563977e-01 1.93218197e+03 1.37023529e+01
 5.75228799e-01 -1.44810105e-01 -3.70164269e-01 1.19092598e-01 1.23566927e+04 1.37081303e+01
 -5.64993454e-01 -1.19872566e-01 -5.25545125e-02 7.89256273e-01 -4.89589451e+02 1.36958152e+01
 -1.01387124e-01 2.38706986e-01 9.79943707e-01 -2.21393019e-01 4.37182986e+03 1.37043152e+01
 -1.28372547e-01 -2.30843047e-01 9.66872196e-01 3.33148219e-01 1.66491772e+04 1.36945912e+01
 -4.98382267e-01 -9.71930514e-01 -8.36868888e-01 2.70211296e-02 -2.13976341e+04 1.36875500e+01
 -5.79114831e-02 4.51255904e-01 -6.96782775e-02 2.15340117e-01 -1.42049879e+04 1.36908978e+01
 -1.12759963e-02 4.07082274e-01 6.95515019e-01 -3.28856641e-01 -1.66787101e+03 1.36975267e+01
 5.12452593e-01 -7.36320792e-02 1.44320950e+00 1.36202454e-01 -1.53234446e+04 1.36973713e+01
 -8.80133413e-01 5.29461407e-01 -1.12418673e+00 5.59626978e-01 -1.10482929e+04 1.36981386e+01
 1.21134400e+00 -4.00573864e-01 -3.08092868e-01 -6.11805344e-01 -1.45499990e+04 1.37068574e+01
 -1.78257654e+00 9.70792964e-02 2.38966603e+00 -2.18061520e-01 -8.49001370e+03 1.36997836e+01
 1.03989431e+00 -1.06497141e+00 3.77768024e-01 -1.54747371e-02 6.83852085e+03 1.37033816e+01
 1.52744768e+00 9.79691683e-01 1.69006239e-01 7.92902127e-03 3.95838573e+03 1.37076581e+01
 -3.56134700e-01 -8.71417886e-01 -1.80615004e+00 1.91154131e-01 -2.01310347e+03 1.36980430e+01
 -4.77043213e-01 1.75936177e-02 -1.75818645e-01 7.35381653e-03 -2.00435822e+04 1.36919518e+01
 -1.65715558e-01 6.35554554e-01 2.48711170e-01 2.84522663e-01 5.24211665e+03 1.36916961e+01
 -5.17285435e-01 -8.44438798e-01 9.66630128e-01 6.48297636e-01 1.08824426e+04 1.37020625e+01
 5.63023227e-01 -4.48709480e-01 -2.00694451e-01 -7.71026898e-01 -2.00908181e+04 1.36999002e+01
 1.48759984e+00 -1.08608933e-01 1.33440669e+00 -7.76232286e-01 5.71257132e+03 1.37077354e+01
 -6.80981807e-01 8.13513138e-01 -4.39432645e-01 7.46810867e-01 -3.01280685e+04 1.36999775e+01
 2.41535763e+00 -1.56205774e-01 -5.71006790e-01 -3.62037810e-01 -2.47499410e+03 1.37157995e+01
 -3.21854486e-01 -9.49009528e-03 3.64169685e-01 -1.30157458e-01 -1.01664716e+04 1.37001029e+01
 9.48612034e-01 1.07496303e-01 3.78733358e-02 -6.04789702e-01 -8.27335630e+03 1.37061845e+01
 4.72198962e-01 4.15575230e-02 2.69573688e-01 -1.20478453e+00 2.12412256e+04 1.37041905e+01
 -3.31611693e-01 -1.03296029e+00 5.57721885e-03 -4.73173039e-01 -2.55643587e+04 1.36996157e+01
 -1.40977309e+00 -2.27022623e-01 6.78801615e-01 -4.73681077e-01 -8.97780963e+03 1.37006926e+01
 3.31532456e-01 -7.38661724e-01 4.76879666e-01 5.44863045e-01 -2.57472502e+04 1.37050126e+01
 -9.79314763e-01 7.93394532e-02 1.42302135e-01 -4.51414546e-01 -1.66006640e+04 1.36924855e+01
 1.04556179e+00 2.56870138e-01 1.00298389e-01 5.30889546e-01 -1.41821246e+04 1.36983260e+01
 7.63385624e-01 2.82219365e-01 -3.73393070e-01 -3.59615985e-01 2.74764247e+04 1.36980382e+01
 -2.67094605e-01 1.86475228e-01 -2.21065371e+00 -1.57798075e-01 -1.07997156e+04 1.36831338e+01
 9.17285278e-01 3.46348085e-01 4.89609243e-01 -2.73169934e-02 -1.48722777e+04 1.36940982e+01
 1.14160057e+00 -3.01724382e-01 7.34500385e-01 2.26174646e-02 -1.81928661e+04 1.37148373e+01
 1.29396425e+00 -3.31745040e-01 -4.30818040e-01 5.33844460e-01 2.73707730e+04 1.36996898e+01
 2.36443652e+00 -3.60707917e-01 -1.66577368e+00 1.08206951e-01 1.84379708e+04 1.37017952e+01
 6.92968134e-01 3.39448083e-02 8.94269190e-01 -6.47826800e-01 -1.36395224e+03 1.36953322e+01
 1.79408946e+00 6.52773047e-01 -3.05748165e-01 -9.53758700e-02 -2.73934835e+02 1.37097027e+01
 1.52084633e+00 -1.79674312e-01 3.82883662e-01 -1.13716049e-01 -1.02299917e+04 1.37039399e+01
 -1.51481610e+00 5.82662616e-01 2.70617468e-01 1.92706851e-01 -2.96674904e+04 1.36837982e+01
 -5.75855824e-02 -1.00688966e+00 2.64566711e+00 -6.58505759e-01 -4.27592761e+04 1.36920171e+01
 2.68471435e-01 -1.58511032e-02 1.44187669e-01 2.17071816e-01 -2.24837077e+04 1.37095910e+01
 1.32923975e-01 1.07763799e-01 3.07892962e+00 2.53651022e-01 8.18914418e+03 1.37005894e+01
 -1.32085828e-01 3.00657816e-01 2.93934451e+00 1.34468121e-01 -1.86816713e+04 1.37065632e+01
 -7.76652261e-02 -4.82609684e-01 -4.17636339e-01 3.38800875e-01 1.48130559e+04 1.37034620e+01
 -8.54608844e-01 -1.36295118e-01 -4.63488271e-02 5.20740784e-01 -7.01454736e+03 1.36957460e+01
 -2.78430154e+00 -8.08231535e-01 -6.95790376e-01 -4.95815228e-01 -4.58046715e+04 1.36987851e+01
 4.37760276e-01 1.91780922e-01 -2.11224034e+00 -4.49091123e-01 1.16197949e+04 1.36933912e+01
 -5.38283990e-02 -1.41348852e-01 -6.97029904e-01 -1.42728331e-01 2.64674680e+04 1.36943988e+01
 -6.59057666e-01 -4.95448879e-01 4.55797469e-01 -6.13755329e-01 2.68920101e+04 1.37025337e+01
 -1.04857900e+00 5.15012283e-01 -1.78587893e-01 -5.38301445e-02 8.25029317e+03 1.36956914e+01
 6.25508723e-01 1.72724849e-02 -1.20319125e-01 6.35942864e-01 -1.75150996e+04 1.36954357e+01
 -1.60741890e+00 1.17391351e-01 3.41265253e+00 1.61775923e-01 -4.26607992e+03 1.36912926e+01
 3.85804269e-01 1.05421279e-01 -1.21992843e+00 3.97745398e-01 -2.07112677e+04 1.37008304e+01
 2.24871479e+00 5.96002941e-01 -1.88289683e+00 3.17303411e-02 -1.75859111e+04 1.36970146e+01
 -1.27306036e-01 -1.68882926e+00 1.11537172e+00 -9.66162332e-01 -7.63033650e+03 1.37078880e+01
 -8.40059646e-01 4.44947431e-02 2.04433649e+00 3.79846947e-01 5.21059765e+03 1.37019087e+01
 2.21137739e+00 1.35761675e-01 -7.63481370e-01 1.01275467e-02 -8.40827324e+03 1.37113094e+01
 5.23317347e-01 -1.92428548e-01 -2.51755852e-01 1.89615206e-01 2.69310125e+04 1.37021613e+01
 -2.63830679e-01 -7.13345466e-01 -1.64926561e+00 -3.35229977e-01 -1.96148586e+04 1.36975176e+01
 -7.24506414e-01 1.28795800e+00 -9.95981049e-01 -2.14683917e-01 1.14050445e+04 1.37037565e+01
 7.14296139e-01 3.02535274e-01 1.22687327e+00 -4.52750746e-01 -5.24249463e+03 1.36957672e+01
 1.01495000e+00 -1.74218296e-01 -1.50171788e+00 -2.51627060e-01 1.43291954e+04 1.37046064e+01
 -4.46066864e-01 -6.17033139e-01 9.54463400e-01 8.07625404e-02 -2.80441800e+04 1.36942820e+01
 4.54882222e-01 -2.79140784e-01 1.13394118e+00 -3.90984971e-01 2.95442804e+04 1.36949530e+01
 -1.18940018e+00 4.75577168e-01 -1.72499133e+00 1.10340864e-01 -1.19211834e+04 1.36973150e+01
 2.94594046e-01 -4.51530732e-01 -2.42068303e-01 -2.32137639e-02 -4.05437085e+03 1.36961742e+01
 -1.01703806e+00 -3.11489054e-01 6.40356101e-01 3.26245717e-01 2.82770643e+04 1.36915362e+01
 -1.66575478e+00 4.00504940e-02 -1.12627091e+00 1.21794726e-01 1.54273242e+02 1.36859920e+01
 5.03911661e-01 -2.22128934e-01 -2.45989035e+00 2.18272989e-01 -1.91034305e+04 1.37040072e+01
 1.09523110e+00 4.62713234e-01 -4.06940263e-01 -1.62886181e-01 -3.69342344e+04 1.37010106e+01
 -1.88808091e+00 2.56393109e-01 -7.99865376e-01 -6.18987323e-01 1.15209055e+04 1.37149772e+01
 -7.58411530e-01 1.50260425e-01 -1.11368516e+00 4.68217669e-02 3.26374478e+04 1.36954240e+01
 -5.91585101e-01 -8.23772563e-01 -1.37411120e+00 2.16998590e-01 4.94452913e+03 1.37037993e+01
 1.10757385e+00 -6.76084531e-01 1.58927009e-01 -3.40686124e-01 -7.53178545e+03 1.37121481e+01
 -8.71851598e-01 -1.78543135e-01 -8.76528296e-01 -2.10082839e-01 1.56426759e+04 1.36932555e+01
 1.52393446e+00 -4.25723103e-01 2.14064079e-01 -3.44965914e-02 -1.08213017e+04 1.37126127e+01
 -8.35707680e-01 -5.48110729e-01 -1.09258725e+00 -6.52351334e-02 9.66391578e+03 1.36997875e+01
 1.42202514e+00 -3.63974771e-01 1.40062772e+00 5.15504727e-02 1.42939672e+04 1.37042629e+01
 -1.02177823e+00 -1.78945324e-02 9.68819284e-01 -1.30886844e-01 -1.25388366e+03 1.37080933e+01
 -1.46728311e+00 1.66967604e-01 9.88382010e-02 -1.11925826e-04 1.55869363e+04 1.37020413e+01
 -1.68530498e+00 -4.37817256e-01 -1.59165358e+00 -2.40243564e-01 4.96791403e+02 1.36854092e+01
 7.70788740e-01 -1.80462446e-01 -5.07968387e-02 7.96876008e-03 8.89491061e+03 1.37040525e+01
 -2.04698687e+00 5.07261551e-01 -2.37750094e-02 9.34302490e-02 -3.30848970e+04 1.36896680e+01
 1.32696503e-01 3.08743906e-01 -1.11331146e+00 -1.57132582e-01 -2.02751295e+04 1.37010429e+01
 7.56223285e-01 5.77255210e-02 -4.88204877e-01 -3.93455850e-01 -2.65068011e+04 1.37012858e+01
 -5.30913794e-02 5.09289534e-01 -1.51733852e+00 -1.49598514e-01 -3.63737303e+04 1.36888514e+01
 -7.80075898e-02 -8.68979355e-02 3.48666482e-01 -3.54745839e-01 -8.21200250e+03 1.37022168e+01
 5.22083862e-01 -1.04460434e-01 -1.69524005e+00 -1.31600498e-01 -2.48004177e+04 1.37153426e+01
 1.19407227e+00 3.94561613e-01 1.11306696e+00 -1.76710597e-01 -1.32429211e+04 1.37051823e+01
 1.80689408e+00 -2.97834033e-01 1.16736254e+00 -9.36697199e-01 6.69515861e+03 1.36960167e+01
 -1.98403989e+00 9.09794252e-01 -1.03085964e+00 -1.47142284e-01 1.84699561e+04 1.36899471e+01
 6.96826264e-01 1.24222621e+00 1.56339385e+00 -4.29912596e-01 2.20807282e+04 1.37079695e+01
 7.11390409e-01 -2.56333421e-01 1.13770971e+00 2.66857082e-03 1.96669103e+04 1.37054119e+01
 -2.47637877e-01 5.70146795e-01 -1.14213612e+00 -6.01062527e-01 -3.09182587e+03 1.37016321e+01
 1.81369434e+00 1.90044697e-01 -2.81522631e+00 -6.59434020e-01 -4.82210901e+04 1.37074798e+01
 -4.64946484e-01 -3.55191350e-01 4.71349718e-02 -1.99416921e-02 3.72608158e+04 1.37001908e+01
 3.24456966e-01 4.46511906e-01 1.23556893e+00 1.82904703e-01 -3.24784527e+04 1.37068260e+01
 -1.26503452e+00 5.75349806e-01 1.06977982e+00 -5.20471595e-01 2.29299868e+04 1.36987047e+01
 -1.04033711e+00 -2.26499602e-01 -2.57268535e+00 -5.29921526e-01 3.18479565e+03 1.36991258e+01
 -1.83304354e+00 4.99528263e-01 -1.13589546e+00 -1.61461648e-01 2.38086112e+02 1.36925049e+01
 -8.17846643e-02 -2.84881447e-01 1.10269019e-01 -9.49430471e-01 1.90381416e+04 1.37093390e+01
 3.94528147e-01 -8.54329892e-01 -1.38249944e+00 6.25699578e-01 -2.91668916e+04 1.37018504e+01
 -1.14911805e+00 4.26925291e-01 -1.46894474e+00 8.34077558e-01 -3.38794575e+04 1.36933659e+01
 -6.88763872e-01 -4.53922618e-01 -6.72294261e-01 -4.31319465e-01 2.61287165e+04 1.37083943e+01
 -6.87417367e-01 -9.10097891e-01 8.31422397e-01 3.39324485e-01 8.19026652e+03 1.36895133e+01
 5.06649902e-01 1.91182044e-01 2.33155291e+00 9.48811104e-02 6.20853326e+03 1.36886713e+01
 -1.87148363e-01 -2.04190874e-02 5.63182321e-02 -2.44344968e-02 -4.24303731e+04 1.36957646e+01
 1.25742235e+00 8.51678636e-02 -5.83395423e-01 5.95543743e-02 -2.77811371e+04 1.36949694e+01
 -1.38311777e+00 -8.06079136e-01 -2.81074390e-01 1.22475329e-01 -5.83256431e+03 1.36914055e+01
 -1.06771878e+00 4.38048499e-01 -1.29557587e-01 8.56263751e-01 1.80973143e+04 1.36949860e+01
 -3.87877724e-01 -1.97667147e-01 -3.70900427e-01 -3.21856619e-01 -2.33691646e+04 1.37096907e+01
 -2.89925626e-01 -3.15533757e-01 1.54950373e-01 1.08846772e-01 -8.81850859e+03 1.36901582e+01
 3.12448369e-01 7.62359708e-01 1.51824212e+00 6.26393833e-02 -2.31986421e+04 1.37031695e+01
 4.55179476e-01 -6.04803911e-01 1.62521409e+00 3.42725220e-01 -1.99276163e+04 1.36960177e+01
 -1.44870671e+00 -1.47678758e-01 -6.21482934e-01 2.26464167e-01 1.41784032e+04 1.36894829e+01
 -7.57671917e-01 5.27597282e-01 -1.22500764e+00 -3.53004826e-01 8.00510162e+03 1.37057142e+01
 8.09484471e-01 2.19147960e-01 -5.37186048e-02 8.76353437e-02 -4.23262872e+04 1.37014779e+01
 1.28359460e+00 1.93456795e-01 8.49335557e-01 8.59443271e-01 -4.56930519e+03 1.37062671e+01
 1.69942921e+00 1.53763829e-01 -9.60191011e-01 8.87817367e-02 -4.40068720e+04 1.37193460e+01
 1.98077418e+00 -1.92877938e-01 6.83877649e-01 -8.06483288e-01 -3.09509050e+04 1.37190609e+01
 -1.11116925e+00 -3.32307218e-01 -4.50465647e-01 -4.67065522e-02 4.16662402e+04 1.37004372e+01
 1.90044223e+00 4.02833435e-02 -5.20489533e-01 -2.30836141e-01 -2.40498768e+04 1.37046699e+01
 -4.83335332e-01 1.62126312e-02 -1.11054458e+00 4.17102470e-01 1.77576965e+03 1.37051336e+01
 2.44426634e-01 2.63889000e-01 1.66254292e-01 4.39780635e-01 1.34068967e+04 1.37051773e+01
 -9.13068612e-01 -1.33470237e-01 1.55680156e+00 -6.12302574e-01 2.19871001e+04 1.37056790e+01
 -9.65762658e-01 2.73481188e-01 3.57034933e-02 1.08004748e-03 3.14534700e+04 1.36949699e+01
 9.98088987e-01 1.10280341e-01 -7.00973540e-01 -5.88258296e-01 2.73637171e+04 1.37065557e+01
 -1.10629728e+00 1.78335913e-01 1.67658940e+00 -2.96119173e-01 -4.72249137e+03 1.36900958e+01
 6.38180666e-01 6.62609729e-01 5.80289953e-01 3.90219942e-01 2.19995694e+04 1.37012980e+01
 4.97850196e-01 7.62430428e-01 1.48274768e+00 4.93383505e-01 -1.78704818e+03 1.37058799e+01
 -1.64882939e+00 3.73730867e-01 -1.49486413e+00 -3.89655141e-01 -3.65699836e+04 1.36821623e+01
 1.13255227e+00 -4.53474992e-01 -7.35966508e-02 3.58474756e-01 -4.24973378e+03 1.37092299e+01
 -3.17367769e-01 6.91576431e-01 9.39077371e-01 1.32741150e-01 -3.47608662e+03 1.37066032e+01
 6.67528393e-01 6.67459000e-02 -2.28162770e+00 -2.96748654e-01 -5.36057896e+03 1.36824741e+01
 1.66144160e+00 -6.65295923e-01 8.21149401e-01 1.55294568e-01 1.00026962e+04 1.36952628e+01
 1.26572118e+00 7.85596593e-01 -6.56010873e-02 -2.29601619e-01 3.82368868e+04 1.37017410e+01
 3.79258065e-01 2.14937641e-01 -1.06188484e+00 2.81902133e-01 2.25673921e+04 1.37057713e+01
 6.46929540e-01 -2.84608303e-01 1.57582837e+00 -3.49789294e-01 -3.66557001e+04 1.37118715e+01
 -9.48839458e-01 -7.37331998e-01 -1.01659618e-01 -7.10007748e-01 3.49619537e+03 1.36906388e+01
 3.41977450e-02 1.07822344e+00 1.30538877e+00 -1.96838444e-01 1.42981500e+03 1.36995287e+01
 -1.18640166e+00 5.49219973e-01 1.53750549e+00 -5.90601103e-01 -1.59169856e+04 1.37035478e+01
 1.92548906e+00 -6.78293994e-01 1.09323987e+00 1.17105449e-01 -2.35274859e+04 1.37066418e+01
 -5.13603019e-01 -5.07008979e-01 9.60774687e-01 5.54647082e-02 -3.37724102e+04 1.36902172e+01
 1.24459267e+00 6.72463690e-01 -1.18856112e+00 4.27138871e-01 -2.43751247e+03 1.37091850e+01
 1.41345179e-01 5.11101831e-01 -8.96016356e-01 -2.99970758e-01 4.11729477e+03 1.37038928e+01
 -1.52380924e+00 6.67971103e-02 -4.10327481e-02 1.22913656e-01 2.28482827e+03 1.36908178e+01
 -1.50299996e+00 -7.17081087e-01 3.64214790e-01 -1.26017731e-01 5.86329977e+03 1.36904768e+01
 -1.07840135e+00 -3.44332806e-01 2.07454253e+00 -2.35406967e-01 -2.76504379e+04 1.36931815e+01
 4.16182793e-01 3.51500473e-01 4.57193321e-01 -4.16997388e-03 3.10453119e+04 1.37070549e+01
 -1.32567613e+00 -2.75877746e-01 -9.93167002e-01 -1.32494461e-01 3.44716733e+03 1.36964546e+01
 -2.00487981e+00 -6.43004849e-01 1.41330439e+00 4.31068421e-02 -1.86216144e+04 1.36963558e+01
 -1.30223291e+00 -2.17002417e-01 -1.29336186e+00 -3.82636467e-01 2.00582406e+04 1.37070664e+01
 3.08232429e-01 -1.96593531e-01 -1.35881953e+00 -3.77079480e-01 -3.95904815e+04 1.36977791e+01
 3.66182541e-01 1.82763315e-01 -1.23507951e+00 4.81263959e-01 -3.40859490e+04 1.37177411e+01
 -6.42326932e-01 3.51799126e-02 -7.09879767e-01 -8.43908309e-02 -2.58456333e+04 1.36932137e+01
 8.88149013e-01 -2.27598566e-02 -5.71939575e-01 2.05507042e-01 4.64416715e+04 1.37062335e+01
 -2.09173726e+00 -5.62025020e-01 1.07683545e+00 8.43197167e-02 -1.41928115e+04 1.36872823e+01
 1.67947007e+00 -1.39673608e-01 -7.43385091e-01 1.98961922e-01 3.29462454e+03 1.37090632e+01
 -3.31629001e-01 -1.21195172e+00 -9.97218128e-01 -4.15304584e-01 1.14104263e+04 1.37080208e+01
 -2.52522457e+00 4.52278474e-02 8.55548317e-02 -1.19033015e+00 2.55162230e+04 1.36823487e+01
 -1.21515456e+00 1.00197061e+00 -5.66699688e-01 3.70534058e-01 -2.34887147e+04 1.37037113e+01
 1.08834579e+00 -1.37146947e-01 -2.77930220e+00 -9.11715728e-01 -3.15872528e+04 1.37059551e+01
 2.09203113e+00 5.06188469e-01 -4.11207330e-01 -1.23378249e-01 1.16831058e+04 1.37050132e+01
 -3.78696795e-01 1.36276681e-01 3.28499766e-02 1.63640944e-01 -1.63197426e+04 1.37011058e+01
 -1.65456121e+00 2.79868930e-01 3.24933480e-01 -2.52572943e-01 2.90516937e+04 1.36940332e+01
 1.65658425e+00 1.29694093e-01 8.61405291e-01 -1.15601648e-01 2.08138401e+04 1.37056254e+01
 -4.54892302e-01 1.71438832e-01 2.92301831e-01 -1.18596078e-02 3.45513138e+04 1.36909464e+01
 -2.00452441e-01 -7.06278548e-01 -8.24721492e-01 -2.94011625e-01 3.36319952e+04 1.36857517e+01
 5.73450529e-01 -6.51193619e-01 -2.28020581e+00 -3.66361535e-01 -7.72040685e+03 1.36950920e+01
 -8.60542628e-01 -7.77174213e-01 1.14934395e+00 6.42268257e-01 -1.25730315e+04 1.36895604e+01
 4.08402267e-01 8.77931256e-01 -6.44669386e-01 9.39673996e-02 1.56882089e+04 1.37021448e+01
 9.45019534e-01 1.18992913e-01 -3.53146779e-01 -4.35668422e-02 2.21642110e+03 1.37056349e+01
 -6.10764015e-01 2.52919851e-01 -3.08487646e+00 1.93299452e-01 3.28247691e+04 1.36980685e+01
 1.21786290e+00 -4.11226331e-01 9.27078594e-01 -4.89798439e-01 1.66700620e+04 1.36936827e+01
 8.04714781e-01 -3.56738095e-01 -1.37158016e+00 3.43002448e-01 -7.22147488e+03 1.37135383e+01
 6.97546213e-01 6.20488701e-02 -7.66820929e-01 7.81793140e-01 2.13416788e+04 1.37066026e+01
 5.96657440e-01 -2.80409759e-01 1.07558048e+00 -3.93607200e-01 -2.47027860e+04 1.36926570e+01
 -1.28597698e+00 -1.47140409e-01 1.06743728e+00 1.52558114e-02 -1.29535185e+04 1.36873738e+01
 8.24035896e-02 1.62412457e-01 -1.22610231e+00 7.52667240e-01 -1.62458268e+04 1.37027554e+01
 -4.27909634e-01 -5.95044677e-02 5.63095746e-01 2.46302495e-01 -6.93321182e+03 1.36883922e+01
 4.57078422e-01 7.53850675e-02 3.64526341e-01 1.77427977e-01 1.64280378e+04 1.37147747e+01
 -6.80737856e-01 -8.30804059e-01 1.54860767e+00 -1.16868567e-01 1.63707132e+03 1.36961458e+01
 3.45403631e-01 4.93841278e-01 -5.12697869e-02 5.27131693e-01 3.28572502e+04 1.36943766e+01
 -2.24403321e+00 -2.04726449e-01 6.78180619e-01 2.35402939e-01 -7.92284663e+03 1.36936230e+01
 6.49002018e-01 -8.92965086e-01 -3.04076478e-01 -6.87909725e-01 -2.76425079e+04 1.36994064e+01
 1.44525652e+00 -1.53802317e-01 1.77764014e+00 -2.67179632e-01 6.39199003e+01 1.37078441e+01
 1.24161788e+00 7.16808364e-01 -3.50014621e-01 1.41898101e-02 -9.22247518e+03 1.37029984e+01
 -2.26655786e-02 -3.59005131e-01 1.26623046e+00 -1.25032188e+00 1.19482451e+04 1.37013283e+01
 2.02011048e+00 -4.24466355e-01 -1.34126051e+00 2.33390028e-01 5.85370318e+03 1.36995187e+01
 9.90318507e-01 7.73649014e-01 2.37384615e+00 -1.00956880e+00 1.12026886e+04 1.37145805e+01
 -1.40483971e-01 5.32790311e-01 8.92725292e-01 -7.28266185e-01 -1.89778476e+04 1.36965140e+01
 -2.90524510e-01 -3.34464287e-01 1.79922228e+00 5.55160794e-01 -1.77303733e+04 1.37000259e+01
 -7.23761510e-01 -3.91430717e-01 -1.21375845e+00 6.96675467e-01 2.02013849e+04 1.36945567e+01
 1.21017756e-01 -6.44874574e-01 -8.93635731e-01 2.02285714e-01 -1.37473559e+04 1.36949250e+01
 1.64696863e+00 1.03074011e+00 -1.38470249e+00 -4.56640489e-01 2.10749042e+04 1.37055004e+01
 -1.51578054e+00 2.32833334e-01 9.44236257e-01 -3.62380402e-01 -1.19538649e+04 1.36997969e+01
 6.50253606e-01 9.43832652e-01 7.28187515e-01 1.58663286e-01 -8.65994039e+03 1.36924570e+01
 -1.46786657e+00 1.16339829e+00 -9.67411655e-01 8.59386503e-01 1.99878245e+04 1.36913095e+01
 4.95077904e-01 -1.68569390e-04 -7.37304488e-01 -4.97689687e-01 7.09219864e+03 1.37060162e+01
 1.79722752e+00 1.35154595e-01 -2.18479839e-01 1.53939354e-01 3.99484678e+04 1.37042660e+01
 6.20107741e-01 5.22524279e-01 -4.49180012e-01 -3.80669632e-01 -3.49190967e+03 1.36997390e+01
 1.81563776e-01 9.99213652e-01 6.94574514e-01 -1.85543127e-01 1.97624110e+04 1.37022453e+01
 -1.33727510e+00 -2.90127915e-01 3.29221243e-01 -5.36619334e-01 2.21201448e+04 1.37043201e+01
 6.41501009e-01 -5.02199212e-01 -2.54713389e-01 -4.97790476e-01 -2.67572425e+04 1.37034559e+01
 7.48253854e-01 4.05460193e-01 1.50934342e+00 2.81687932e-01 -2.51433924e+04 1.36955285e+01
 5.49291433e-02 5.00414220e-01 2.99058165e-01 7.61574766e-02 -1.64809449e+04 1.37012137e+01
 -1.19825432e-01 -8.56533549e-02 4.70241446e-01 3.52672149e-01 7.98912605e+03 1.37022817e+01
 1.22719390e+00 -8.66591156e-02 5.23186730e-01 -1.58531166e-01 -2.12897487e+04 1.37036502e+01
 -2.02940596e-01 1.51901290e-01 3.27855621e-01 -1.64774382e-01 3.87981996e+04 1.36955849e+01
 -9.62065052e-03 -3.15739968e-01 1.28238389e+00 4.93031124e-01 3.51094423e+04 1.36921141e+01
 1.29669103e-01 -3.63944854e-01 -3.48760098e-02 -5.31862021e-01 -9.60144233e+03 1.36951875e+01
 -4.19684898e-01 2.87272535e-01 5.95241725e-01 -7.31970391e-01 1.75553539e+03 1.37008170e+01
 9.30933596e-01 7.40217591e-01 -1.13251636e+00 -3.56802028e-01 1.54900601e+04 1.37016487e+01
 -1.55291695e+00 2.25581212e-01 6.07970482e-01 3.33175378e-01 -2.95895356e+04 1.36914042e+01
 -5.15791887e-01 5.80172546e-01 -2.47139142e+00 3.07243945e-01 2.73951121e+04 1.36946845e+01
 -1.55820011e+00 -4.07762441e-01 -1.23337736e+00 -9.17563149e-02 1.98474094e+04 1.36924074e+01
 1.60430711e+00 1.36970243e+00 -2.01164345e+00 -2.02413367e-01 1.26465858e+04 1.36928636e+01
 1.43046221e+00 -3.10348610e-01 6.14211530e-01 2.45135735e-01 -1.02917998e+04 1.37014804e+01
 -3.20961216e-01 -1.17139949e+00 1.64203051e-02 -3.02951011e-01 1.58563026e+03 1.37052973e+01
 2.83230926e-01 -4.52516852e-01 -2.40138638e+00 -2.28913701e-01 -1.71685475e+04 1.37036743e+01
 -2.63960776e-01 2.41030492e-01 -7.69782241e-01 -7.21485448e-01 8.29860370e+03 1.36972550e+01
 -1.61031962e-01 2.83793511e-01 5.05109119e-01 6.55324295e-01 -1.14122329e+04 1.36951812e+01
 -5.06847542e-01 2.75490472e-01 -1.29557068e+00 -1.25822259e-01 -4.65832437e+04 1.36998589e+01
 -3.45189719e-02 6.68856829e-01 2.73386799e-01 -7.20256664e-02 7.51437994e+03 1.36888298e+01
 1.75573979e+00 2.98627538e-01 -2.95207568e+00 -5.13379763e-01 1.77474374e+04 1.37128895e+01
 3.56387106e-01 7.91001611e-02 1.03993939e+00 8.90979366e-02 -2.21080653e+03 1.37087677e+01
 -1.36875770e+00 -1.91236157e-01 -1.06411489e+00 2.35681879e-01 -5.05824893e+04 1.36925190e+01
 -1.94035783e-01 -2.80210423e-01 1.19955634e+00 1.82825015e-01 3.64380168e+03 1.36858649e+01
 1.24006496e-01 1.35305869e-01 -4.99651163e-01 -3.71912394e-01 3.09602047e+04 1.36987017e+01
 9.57613553e-01 5.23298530e-01 1.15052349e+00 -6.06823659e-01 -9.09356020e+03 1.37014353e+01
 1.00009181e+00 4.37713361e-01 3.78841416e-01 3.65609598e-01 1.65853955e+04 1.37100799e+01
 -5.85720149e-01 -9.59434222e-01 1.63179107e+00 5.03365162e-02 7.74884840e+03 1.37057586e+01
 7.63764467e-01 3.47964397e-01 -8.09419400e-01 2.09945644e-01 -1.54656163e+04 1.37082691e+01
 1.38091490e+00 1.38820715e-04 2.45412699e-01 -1.79030667e-02 -5.54555062e+03 1.37039545e+01
 -1.12152346e+00 -2.49765155e-02 1.72386498e+00 -1.16765384e-01 1.42782078e+04 1.36983577e+01
 2.97117450e-01 -3.19615577e-01 5.93442999e-01 -3.76839730e-01 -1.67470998e+04 1.37070204e+01
 -2.48940494e-01 1.22938677e+00 -7.59246661e-01 -2.05199120e-01 -1.39965622e+04 1.36945967e+01
 -9.52562915e-02 7.61613958e-01 7.74495760e-01 -1.53498547e-01 -1.47515865e+03 1.36967798e+01
 5.52565962e-01 7.13132720e-01 1.01067569e+00 3.72316516e-01 -3.10964670e+03 1.36967330e+01
 1.45718419e+00 2.33936679e-02 7.58687113e-01 -6.12348257e-01 1.00008104e+04 1.37089918e+01
 -1.20858871e+00 1.97696874e-02 9.11228292e-01 -2.63705547e-01 -3.46358739e+04 1.36944828e+01
 1.78804620e-01 -6.03283358e-01 4.09555224e-01 -3.39702520e-01 1.85772272e+03 1.37021327e+01
 -3.22270556e+00 6.51761011e-01 -6.26907046e-01 1.93068043e-01 -1.28284208e+04 1.36931763e+01
 -3.48062077e+00 2.03098828e-01 -4.83999843e-01 -5.33892243e-01 5.07139472e+03 1.36951637e+01
 9.04183008e-01 -5.27082778e-01 -1.28661960e+00 2.66911122e-01 2.04190831e+04 1.37071144e+01
 -1.43316290e+00 1.16895571e+00 5.57893803e-01 -4.06086554e-01 -2.52285909e+04 1.36980894e+01
 1.35548701e+00 2.82167514e-01 -7.03034676e-01 7.36738777e-01 -2.48858649e+03 1.37046569e+01
 -3.45569538e-01 -7.51256070e-01 -3.53775702e-02 5.89374766e-01 2.71575502e+04 1.36960700e+01
 1.44370381e+00 3.84461830e-01 -2.79399721e-01 5.92376782e-01 1.21361081e+04 1.37103259e+01
 3.31430731e-02 8.01115967e-01 2.60454017e+00 -5.40589642e-02 -1.29493191e+04 1.36997771e+01
 1.20601921e+00 -1.58819217e-01 5.68907695e-01 -5.44489436e-01 -2.51499262e+04 1.37012714e+01
 8.44470529e-01 -2.17790861e-01 6.56979970e-01 -4.80096400e-01 -6.57720916e+03 1.37020630e+01
 7.44352308e-01 -7.00404825e-01 -7.75462006e-01 1.13185240e+00 -4.99650110e+03 1.37014109e+01
 -4.05788131e-01 3.25469712e-01 -2.81994183e-01 -2.51351116e-02 -5.19111711e+03 1.36983647e+01
 8.10647384e-01 4.41841226e-02 3.56027736e-01 2.72302353e-01 -2.52017701e+04 1.36985897e+01
 -1.97132652e-02 2.16152669e-01 1.53180504e-01 4.61801635e-01 -2.01646567e+04 1.37084143e+01
 9.30636703e-01 1.09839763e+00 -1.04128556e+00 -4.07364549e-01 3.81199655e+04 1.36986082e+01
 -1.98950227e+00 -6.69441902e-01 8.41244104e-01 9.10900373e-02 1.88520157e+03 1.36955157e+01
 9.42424226e-01 -7.57631346e-01 7.56374743e-01 -8.71263618e-01 3.58559268e+03 1.37020296e+01
 8.15561849e-01 -7.91201823e-02 -8.10223975e-01 1.53628269e-01 -1.88932417e+04 1.37058184e+01
 -2.33953591e-01 8.41328538e-01 1.59127179e+00 6.50218985e-01 1.00900977e+04 1.36950627e+01
 -2.01983376e-02 2.84017703e-01 -1.27868945e+00 -9.09585003e-01 -8.47856005e+03 1.37066655e+01
 2.39555249e-01 -2.31183459e-01 -6.57371174e-01 -3.11202306e-01 2.90526663e+04 1.36998884e+01
 6.63293287e-01 5.90384898e-02 -1.00041322e+00 -1.01740495e-01 2.25076925e+03 1.37009012e+01
 -5.98356763e-01 -2.53248683e-01 -1.55946748e-01 -1.83845399e-01 -1.86727722e+04 1.36995038e+01
 -4.66866024e-01 -5.05518529e-01 -2.09400057e+00 -1.11142665e-01 2.37135152e+03 1.36964192e+01
 -8.04942445e-01 -2.12543221e-01 -2.07068490e-01 1.76021741e-01 2.74938064e+03 1.36891778e+01
 5.61920912e-01 -8.31265389e-01 -7.06085889e-01 8.20374845e-02 -1.77177238e+04 1.37056230e+01
 -5.57330426e-01 9.80997813e-01 -1.65825025e+00 1.42982904e-01 -1.16989809e+04 1.36988856e+01
 1.91442296e+00 2.76940322e-01 1.75270820e-01 -2.13704882e-01 1.25215106e+04 1.37088396e+01
 -9.08146487e-01 4.72135543e-01 -1.75620495e+00 -3.92944814e-01 -3.88626756e+03 1.36992834e+01
 -2.92962511e-01 9.58741168e-01 3.27927571e-01 1.40404555e-01 2.48364892e+03 1.36958183e+01
 4.05982013e-01 3.70638996e-01 9.06462401e-01 8.79601670e-02 5.40039553e+03 1.37013742e+01
 4.33082435e-01 2.42217120e-01 4.26500857e-01 6.19422963e-01 -3.56632228e+04 1.37005805e+01
 4.39369997e-01 1.15308984e-01 -5.94429027e-01 3.70947690e-01 -9.71131715e+03 1.36930775e+01
 -1.17729658e+00 1.03945921e+00 -5.28641282e-01 -1.78369874e-02 -3.55971342e+03 1.36967116e+01
 -1.09695502e-01 5.71290591e-01 3.53586960e-01 -6.81422589e-02 3.57885915e+04 1.37002793e+01
 1.14598866e+00 -5.85953023e-01 9.10144282e-01 -4.62863035e-03 -4.35769435e+03 1.36964063e+01
 1.33200436e+00 -6.87883889e-01 3.68520555e-01 1.43722191e-02 -8.96188575e+03 1.37101896e+01
 -1.70067518e+00 -6.21343320e-01 -3.75691639e-01 -5.81938849e-02 1.01021718e+04 1.36976252e+01
 -2.16260808e+00 -4.80270649e-01 -6.66384385e-01 -3.99060517e-01 -5.81005888e+03 1.36880003e+01
 5.01440297e-02 -3.70695482e-01 -9.11047848e-01 8.27320722e-01 -6.96794226e+03 1.37008008e+01
 9.71233751e-01 -4.01533984e-01 1.62634814e-01 3.91739173e-01 5.81245346e+03 1.37136177e+01
 -1.47534328e+00 6.10962972e-01 -1.09002440e+00 6.23583520e-01 2.42789173e+04 1.36972188e+01
 -1.41103712e-02 -1.57933836e-02 -2.88465049e-01 -5.90291542e-01 -1.61350235e+04 1.37035808e+01
 9.35029160e-01 -3.49299226e-01 8.24563356e-01 7.87332938e-01 -1.12212109e+04 1.37025597e+01
 -9.21057450e-01 1.22540907e+00 -5.90463907e-01 5.14364391e-01 7.51561418e+03 1.36823970e+01
 1.14255516e-01 -2.86475017e-01 -1.97964102e-01 6.39406710e-04 2.21990281e+04 1.37081984e+01
 -5.97771052e-01 7.35796113e-01 1.43098025e+00 3.45059011e-02 -4.15568148e+03 1.36919334e+01
 -6.96041025e-01 1.86389744e-01 2.28707017e+00 -5.40722504e-01 -2.00062861e+04 1.36966790e+01
 -1.45520261e+00 -3.55961810e-02 1.30850175e+00 -1.80213300e-01 3.65780373e+03 1.36903847e+01
 1.40551443e+00 -3.91948015e-02 -7.18019206e-01 -5.60972586e-01 -5.72237752e+03 1.36976914e+01
 -1.10269033e+00 -1.63871554e-01 -8.81542689e-01 -1.06063639e-01 1.58388849e+04 1.36998541e+01
 -7.62245719e-01 -8.02895037e-01 1.53285515e+00 5.16188492e-02 3.75881476e+03 1.36973516e+01
 -7.00591067e-01 -9.22183633e-02 -3.06025064e-01 1.76721065e-01 -1.98595449e+04 1.36989083e+01
 4.69495885e-01 -7.57767160e-01 -2.76341645e-01 -2.13360150e-01 -8.05324573e+03 1.36997837e+01
 1.22710995e-01 -1.07993736e+00 1.38818106e+00 -3.63842859e-01 -2.32057596e+02 1.37042685e+01
 -6.83805919e-01 6.98247048e-01 8.26440463e-01 4.50381968e-02 -2.23091097e+03 1.37013362e+01
 4.26913758e-02 -6.20384418e-01 -1.79663160e+00 -2.55574652e-01 2.17567467e+04 1.36950023e+01
 -9.94150324e-02 -1.08449956e+00 1.48007670e+00 5.28058956e-01 1.83470698e+04 1.36950082e+01
 7.54885590e-03 2.71287703e-01 -1.37827634e+00 -3.50605091e-01 1.06340910e+04 1.37033519e+01
 -2.87119911e-02 -7.74278164e-01 9.72817010e-01 -1.87657003e-01 1.96150246e+04 1.37004729e+01
 -8.46030925e-01 3.48371438e-01 -4.66164599e-01 -5.72893001e-01 -1.38290912e+04 1.36938727e+01
 -5.54984643e-01 -1.01573303e+00 -1.95874022e-01 -5.26161624e-02 2.63457596e+04 1.36915001e+01
 -4.55134702e-01 -5.72619666e-01 7.56577365e-01 6.30166766e-01 1.17917365e+04 1.37017509e+01
 2.21002438e-01 1.15901538e-01 -4.50885213e-01 4.45536271e-01 -1.48089657e+04 1.37008670e+01
 -1.41865780e+00 3.68375182e-01 -1.05130676e+00 7.72719752e-02 1.10397369e+04 1.36954410e+01
 6.39264910e-01 7.19499382e-01 9.74416720e-01 -4.67641064e-01 -1.90762955e+04 1.37050578e+01
 -7.66130151e-01 -8.88835980e-01 1.36661739e+00 3.75269268e-01 -1.52592445e+04 1.36995164e+01
 -9.22218102e-01 5.43266595e-01 -1.56816738e+00 -7.53983762e-01 -1.63932827e+04 1.36947975e+01
 -3.10203337e-01 5.05603880e-01 -7.07153295e-01 -6.79468641e-01 1.84878101e+04 1.37008953e+01
 1.07618491e+00 -4.24359600e-01 -5.61950543e-01 1.23524177e-01 1.10114026e+04 1.36993498e+01
 6.69662017e-01 1.94077675e-02 -4.48202462e-01 -7.16826242e-01 2.05014253e+04 1.37063982e+01
 -1.47722673e-01 -8.08571399e-02 1.69854494e-01 7.93060947e-01 -5.11264160e+03 1.36872727e+01
 -5.87452971e-01 -1.10732105e+00 -5.18031529e-01 -1.24813377e-01 4.96793364e+04 1.36991928e+01
 4.16128832e-01 -9.11825690e-01 -1.23191519e-01 -7.07323369e-01 -2.08715538e+04 1.37003648e+01
 9.50708163e-01 8.93394342e-02 2.17955738e-01 3.55539914e-01 1.04855220e+04 1.37111938e+01
 6.75539487e-01 8.85236858e-01 8.99556196e-02 -4.86372831e-01 1.35729481e+04 1.36972422e+01
 -4.12942988e-01 -2.99346989e-01 1.71467702e+00 -4.37491387e-01 2.92706847e+03 1.36874165e+01
 2.23886330e-03 -6.20981142e-02 3.47089863e-01 -1.65059240e-02 2.80282809e+04 1.36962326e+01
 1.33325661e+00 -1.23199003e+00 -4.52476158e-01 -9.59581205e-01 -1.24860419e+04 1.37039256e+01
 3.46554929e-01 5.31538627e-01 1.42809974e+00 -6.98879361e-01 -1.81173425e+04 1.37029271e+01
 1.03819019e+00 4.06719504e-01 -1.30861776e-01 5.09753486e-01 -3.08684246e+03 1.36980347e+01
 -1.86961447e+00 7.48993889e-01 -3.43998576e-01 1.94313989e-01 -1.79782329e+04 1.36912230e+01
 -9.27282937e-01 4.17379226e-01 1.25121427e-01 -1.31048697e-01 -4.42345294e+04 1.37030569e+01
 3.46903290e-01 -4.67390257e-01 1.14748548e+00 4.02984852e-01 2.95602057e+04 1.37054104e+01
 -5.02691782e-01 -2.60257410e-01 -1.17197100e+00 9.56804657e-02 1.13076400e+04 1.36988103e+01
 1.12369601e+00 -3.14748226e-01 5.17360577e-01 8.99070747e-02 -4.01372367e+02 1.36981967e+01
 -1.08667798e-01 -7.89166552e-01 7.52380831e-01 9.00563742e-02 2.85048347e+04 1.37007441e+01
 7.44358731e-01 3.66964440e-01 8.02052860e-01 -5.44777084e-01 -8.25243211e+02 1.37037641e+01
 -1.11322764e-01 -5.90219439e-01 2.81603192e-01 -4.89439952e-01 2.40453393e+03 1.36966086e+01
 2.18457385e+00 -1.72497290e-01 -1.77298607e+00 6.00522494e-01 -4.00825538e+04 1.36980141e+01
 7.01219678e-01 -7.71241216e-01 1.04203603e+00 4.24398400e-01 -6.31556754e+03 1.36956306e+01
 6.55375537e-01 -9.11322061e-01 9.23580533e-01 -4.85342367e-01 -1.85911461e+03 1.37012042e+01
 1.27220801e+00 3.95439878e-01 5.86270333e-01 4.66492603e-01 1.09398528e+04 1.37106913e+01
 -9.52463933e-01 3.27546379e-02 1.82939346e+00 -2.31512988e-01 -2.05218187e+04 1.37032620e+01
 4.01239691e-01 1.40145109e-01 8.18442447e-01 2.97333174e-01 3.20783183e+04 1.36968621e+01
 6.53509995e-01 -9.00344250e-01 1.38113820e-02 -4.18914467e-02 -3.86930152e+03 1.37029448e+01
 -2.00251574e+00 -8.90859558e-01 1.25110756e+00 -2.34366282e-01 1.86855476e+04 1.36915668e+01
 -3.73621113e-01 7.72473343e-01 -1.14114178e+00 1.34004733e-01 -3.21241175e+04 1.36968342e+01
 -9.07553746e-01 3.68897305e-01 -2.85095744e-01 -5.32803474e-01 -4.56471889e+03 1.37010288e+01
 -9.87669001e-01 3.37427710e-01 1.27072246e+00 -3.89484833e-02 -1.00115488e+04 1.36833861e+01
 -8.59130300e-01 -7.57014131e-01 2.85255917e+00 1.21736980e-01 -2.60216854e+03 1.36963836e+01
 8.26843983e-01 -5.91478720e-01 3.60011430e-01 2.50727928e-01 -2.30706945e+04 1.36931848e+01
 -1.38004078e-01 7.72809608e-02 3.10060296e-01 2.31052154e-01 -5.12170854e+04 1.36996846e+01
 -8.58536456e-02 -3.22275718e-01 3.04103983e-01 5.12323624e-01 -2.83227789e+04 1.36929138e+01
 1.40086780e+00 -3.46319319e-01 -1.91031760e-01 -4.03913829e-01 9.92312160e+03 1.36967173e+01
 -1.65794272e+00 8.47589946e-01 3.58281672e-01 3.12159398e-01 4.17046617e+03 1.37052216e+01
 -2.42165238e-01 5.60917698e-01 9.48782178e-01 9.80274225e-02 5.56747575e+03 1.37029635e+01
 -1.66171507e+00 1.49023679e-01 -6.33712366e-02 1.68292986e-01 -1.48350826e+04 1.36917677e+01
 -1.45143643e+00 1.16117779e+00 -9.70535641e-01 6.42326676e-01 1.27704231e+04 1.37017130e+01
 1.30141033e+00 -2.08286722e-02 1.05226299e+00 7.51696800e-01 1.83593565e+04 1.37085102e+01
 1.03130122e-01 -2.42777092e-01 1.04063593e-01 -2.60155643e-01 -2.23364730e+04 1.36981071e+01
 8.07468635e-01 7.56332323e-02 -5.62139251e-01 3.57378336e-02 5.40127327e+03 1.36976383e+01
 1.38765719e-01 2.47879159e-01 -1.33647123e+00 7.70713842e-01 -2.06723703e+04 1.36917440e+01
 -1.18871122e-01 3.75127698e-01 6.28271319e-01 -1.28517796e-01 1.33319936e+04 1.37047092e+01
 3.71869395e-01 -1.89171679e-01 -1.08129752e+00 -3.15677258e-01 2.20853185e+04 1.36952804e+01
 1.09937390e+00 -3.84424967e-01 4.13613703e-01 -3.47433521e-01 -6.93031874e+03 1.37120370e+01
 7.97190789e-01 -3.98751789e-01 -1.16978439e+00 6.15088040e-01 2.03952111e+04 1.37025515e+01
 7.13888501e-01 5.27202233e-01 -6.87888966e-01 -4.05662008e-02 1.06626508e+04 1.37129425e+01
 -1.37495887e+00 3.38787061e-01 7.32613723e-01 4.65123029e-01 -1.85048812e+03 1.36975827e+01
 3.12809141e+00 3.03200889e-01 3.88204318e-01 -2.17941303e-01 -2.20837528e+04 1.36981987e+01
 -1.50888189e+00 -3.71513193e-01 -7.23475873e-01 1.07203874e-01 2.11239266e+03 1.36983133e+01
 -1.22718533e+00 1.10899397e+00 -2.67405928e-01 1.02229034e+00 8.22119261e+03 1.36925860e+01
 8.56040261e-02 -3.77651998e-01 2.49005150e+00 -3.22232718e-01 1.25337206e+03 1.36950734e+01
 -3.80865415e-01 3.10942102e-01 5.98320625e-01 -5.58839970e-01 -2.69475017e+03 1.36921545e+01
 -4.21864714e-01 -1.73708305e-01 2.74121343e-02 -4.45431735e-01 9.03547669e+03 1.36980734e+01
 -1.23895683e+00 1.03529538e+00 5.74334076e-01 1.97864186e-01 2.82665977e+04 1.36959449e+01
 8.43592669e-01 4.93509006e-01 -7.95049267e-01 -8.17496182e-02 -4.05934569e+03 1.36996785e+01
 -2.01731510e+00 -1.32303120e-01 2.10236180e-01 -1.06836378e-01 1.61551223e+04 1.36917885e+01
 7.34037401e-01 -3.65554495e-01 -1.48192621e+00 -1.53468245e-01 -2.92258827e+04 1.37106909e+01
 -9.75137746e-01 1.86370174e-01 -1.87425189e+00 -7.93498560e-01 -3.60184657e+04 1.36977119e+01
 6.88076786e-01 -8.52380015e-01 -1.62948605e+00 6.99173780e-01 -1.07709886e+04 1.37004271e+01
 6.84468931e-01 -4.76047691e-01 -4.11470339e-02 4.75263796e-01 -1.71773283e+04 1.37025681e+01
 8.99326156e-01 -1.42998151e-02 -6.81362048e-01 -2.98344634e-01 7.19365787e+04 1.36993041e+01
 2.06664488e+00 1.12493365e+00 2.88347291e-01 5.78363690e-01 7.77726268e+03 1.37060075e+01
 9.26456300e-01 2.60739678e-01 9.17897158e-01 2.70858933e-01 -2.65379906e+04 1.37015894e+01
 5.14359195e-01 -4.70079820e-01 -4.08255442e-01 -2.48857498e-01 4.08841531e+03 1.37022288e+01
 -1.05493734e+00 6.51084891e-01 -5.61631576e-01 -6.23395768e-01 1.81311310e+03 1.37005642e+01
 1.66676569e+00 -5.91346462e-01 2.09679462e-01 -3.92889230e-01 5.25487182e+02 1.37034421e+01
 -2.17742280e+00 4.72226605e-01 -1.18713324e+00 6.68078953e-02 -9.43903134e+03 1.36944546e+01
 -4.25326080e-01 5.01650792e-01 -4.52892454e-01 2.26831734e-01 1.77674385e+04 1.37028009e+01
 -6.82624071e-02 -9.70357066e-01 6.93217055e-01 6.23771019e-01 -1.43171857e+04 1.37079840e+01
 1.89696510e+00 -4.15705234e-01 9.74263421e-01 -2.57931304e-01 -1.46997226e+04 1.36974648e+01
 -8.22383762e-01 -2.32735111e-01 7.60337218e-01 -6.17465278e-01 -1.86425441e+04 1.36870952e+01
 -1.02014470e-01 2.10307575e-01 -2.38962189e+00 -1.16740681e-01 -2.42986214e+04 1.36933571e+01
 1.45249381e+00 6.73690758e-02 8.54353654e-03 3.43312603e-01 2.42818404e+04 1.36943836e+01
 -1.33174391e+00 -2.48795267e-01 1.15498642e+00 -5.32809997e-01 -3.32613748e+04 1.36999282e+01
 -3.06311202e-01 2.86734951e-01 -5.36196700e-01 3.06235915e-01 1.71268116e+04 1.36904900e+01
 -2.51288876e-01 -4.80104810e-01 2.17335898e+00 -1.51386780e-01 -4.33722460e+04 1.36981159e+01
 5.31597817e-01 5.20635276e-01 -1.51157615e+00 2.08053548e-01 -1.11861898e+04 1.37049224e+01
 9.20168788e-01 5.75661372e-01 1.21125804e+00 2.53223366e-02 -3.96412821e+03 1.37046828e+01
 1.01572032e-02 4.48968128e-01 -1.05713245e+00 -3.86173826e-01 1.39086488e+04 1.37088555e+01
 1.87626578e+00 3.83886077e-01 5.04998554e-01 6.04801446e-01 -3.00414114e+03 1.37220822e+01
 1.46849016e+00 -4.28366713e-01 3.21413245e-01 8.40723352e-01 -9.99660469e+03 1.36952994e+01
 1.20525816e+00 -2.61296977e-01 5.90499566e-01 -1.56061879e-01 2.26022024e+04 1.37033708e+01
 4.03819145e-01 -8.17134803e-01 1.21627436e+00 3.07521483e-01 2.38174064e+04 1.36942280e+01
 -5.67450784e-01 2.34482229e-01 8.77489694e-01 -7.01994044e-01 -4.12022289e+04 1.36939277e+01
 1.23021307e-02 -7.61839704e-01 -4.51998656e-01 4.43108188e-01 1.78969749e+03 1.37051546e+01
 -6.09195812e-01 -1.38668455e-01 5.19672107e-02 -1.50552517e-01 7.70425847e+03 1.36889571e+01
 -2.45159178e-01 3.57017423e-01 -2.59138437e+00 -1.96772027e-01 9.73457563e+03 1.36842654e+01
 2.22901073e-01 4.55979015e-01 -1.47182148e+00 1.40387077e-01 9.42904641e+03 1.36994326e+01
 8.23391012e-01 5.71427028e-01 -9.62374743e-01 -1.13450274e-01 1.21524931e+04 1.36977949e+01
 -5.12019747e-01 -1.71385631e-02 1.44408957e+00 -2.32449273e-02 9.83676310e+03 1.36950874e+01
 -2.58312787e+00 1.10248211e-01 -8.87068866e-01 6.72499699e-01 -2.11477976e+03 1.36936579e+01
 1.59898483e-01 -4.43004012e-01 6.51261323e-01 3.02098692e-02 -2.74163876e+03 1.36964093e+01
 6.38439157e-01 -3.17545156e-01 -2.86270393e-01 -2.06761894e-02 -3.90507626e+04 1.37150098e+01
 6.18532727e-01 8.68896673e-01 -1.20291704e+00 5.93829586e-01 -2.51168681e+04 1.37017427e+01
 5.36584832e-01 2.19194971e-01 -1.20147981e-01 -1.30938350e-01 1.29170973e+04 1.37000479e+01
 -2.32590505e+00 1.65089582e-01 1.50909350e+00 3.88729784e-01 -2.59087135e+04 1.37017278e+01
 1.76914428e+00 2.40572233e-01 1.37791423e+00 6.13350479e-01 -1.21225267e+04 1.36957027e+01
 4.28301477e-01 -1.53005777e-01 5.60935407e-01 6.43397260e-02 4.48796599e+03 1.37084096e+01
 -7.94140227e-01 -4.23269875e-01 7.24963497e-01 5.26169838e-01 -9.89648387e+03 1.37158690e+01
 -7.35866088e-02 6.60068420e-01 5.78904365e-01 4.03021622e-01 -2.13729188e+03 1.36901608e+01
 8.18793907e-01 8.98966447e-01 -1.33299868e+00 -2.27170804e-01 8.21665696e+03 1.37046450e+01
 -5.50719595e-01 5.42017484e-01 2.75001800e-01 -1.11209267e-01 -1.53378720e+04 1.36967439e+01
 6.48616281e-01 6.28051871e-01 1.59966101e+00 5.75205117e-01 3.01364352e+04 1.37010457e+01
 5.39928224e-01 -5.35766378e-01 3.29791968e-01 -1.23065315e-01 5.37103638e+02 1.37033288e+01
 1.88948357e+00 -1.03545793e-01 1.39518284e+00 -5.40275393e-02 6.10300070e+03 1.37125973e+01
 1.58977380e+00 -3.82571595e-01 -1.49390167e+00 4.24631469e-01 -2.51448760e+04 1.37086319e+01
 -1.76667310e-01 -2.21149822e-01 8.26742198e-01 -3.22690083e-01 -3.11987158e+04 1.36912533e+01
 8.40140406e-01 -6.14422425e-01 -5.00358729e-01 3.45200449e-01 5.79074843e+03 1.37011264e+01
 1.29085794e+00 -7.09521208e-02 -1.12508408e+00 1.17666794e-01 -5.58427315e+03 1.37004982e+01
 -1.36172396e-01 -1.24118860e-01 1.12377287e-01 -1.77904905e-02 2.49395700e+03 1.36855087e+01
 -4.89754630e-01 -1.01132823e+00 -4.20865480e-01 5.50840131e-01 -6.48971994e+03 1.37004924e+01
 -1.32249025e+00 1.12079179e+00 6.90471015e-01 -6.70916497e-01 9.88725632e+03 1.36918548e+01
 4.73213061e-02 5.20897991e-01 -1.10113947e+00 6.38515981e-01 1.78215078e+04 1.37069203e+01
 -6.91301932e-01 -8.49641551e-02 -2.26667054e+00 -5.21527525e-02 -1.78353065e+04 1.37087082e+01
 4.15338167e-01 6.78018515e-01 -6.11481487e-02 2.77158483e-01 -4.59716070e+04 1.37072497e+01
 1.75245829e+00 -7.61486622e-02 1.36831130e+00 6.21816930e-02 2.04433301e+04 1.36998370e+01
 -5.14527831e-02 -2.83025968e-01 -7.58443171e-01 1.10629891e-01 -4.81385012e+03 1.36968032e+01
 -1.42905211e+00 2.62438936e-02 -1.32342596e+00 1.24074474e-01 1.36882646e+04 1.36987404e+01
 1.22199269e+00 5.45063308e-01 1.31586979e+00 -1.10409886e+00 2.54795561e+04 1.37104664e+01
 -6.58824283e-01 2.98662457e-01 -7.24125732e-01 7.45648484e-02 -1.56322303e+04 1.36913981e+01
 -2.27321044e+00 7.00355192e-01 1.91807845e-01 1.00826480e+00 -6.51247743e+04 1.36795345e+01
 -1.13165147e+00 5.75874285e-01 -3.35793347e+00 4.23789995e-02 3.69075243e+04 1.36979781e+01
 -1.74422974e+00 -4.57076020e-03 -1.26276769e+00 4.07403195e-02 -8.63027642e+03 1.37028050e+01
 -1.12408186e+00 -1.04495793e-02 9.21832789e-01 -3.12141890e-01 1.70934487e+04 1.36987277e+01
 1.64475235e+00 2.83485843e-02 -2.54732037e+00 -1.50929053e-02 4.54026139e+03 1.37027669e+01
 -2.87938216e-02 -2.34385974e-01 1.90937163e+00 2.77354020e-01 3.41563550e+04 1.37017727e+01
 1.12803415e+00 2.41277152e-01 1.09863328e+00 1.44923426e-01 1.23543298e+04 1.37225630e+01
 4.54294776e-01 7.00016203e-01 -1.44943122e+00 5.83545495e-01 -2.63392616e+04 1.37020702e+01
 1.26051702e+00 6.01398761e-02 -2.24558386e+00 1.19591633e-01 7.93206591e+03 1.36963944e+01
 1.93407388e+00 1.42392829e-01 -8.12841492e-01 -7.82465210e-01 -3.21272828e+03 1.37099137e+01
 -7.60676283e-01 -4.10049660e-01 -1.78947816e+00 -1.20921078e-01 1.48045532e+04 1.37036358e+01
 -2.41325212e-01 -1.11373154e-01 -1.29414160e+00 5.83564671e-02 -4.09342125e+03 1.36929791e+01
 -9.90169748e-01 -6.91866657e-01 -1.30119425e+00 -7.66889255e-01 8.00987983e+03 1.36888521e+01
 3.31806391e-01 -6.17252429e-01 -3.00153129e+00 2.88317874e-01 -1.51071403e+04 1.37032322e+01
 -5.89020404e-01 1.44781171e-01 -2.98477627e-01 -3.72731909e-01 4.88367291e+03 1.36933848e+01
 -1.08665768e+00 3.70412507e-01 -1.20911460e+00 4.48533761e-01 -2.71586444e+04 1.36999326e+01
 -6.45302543e-01 -2.11588198e-01 -2.25901853e+00 7.17365822e-01 -1.66143419e+04 1.37015564e+01
 2.61127841e-01 -3.44599484e-01 -1.14504355e+00 -9.73723185e-02 -8.00147472e+03 1.37040582e+01
 -9.46707153e-01 -5.44630228e-01 1.18023208e+00 -2.23657609e-01 -4.10305739e+03 1.36911795e+01
 8.29323526e-01 -5.27349643e-01 -5.32923727e-01 -2.49585644e-01 -1.62088765e+04 1.37102016e+01
 -2.73694531e-01 -5.70345661e-01 -7.12577681e-02 3.41142659e-02 1.44024770e+03 1.37023582e+01
 1.86317986e-01 4.20510858e-01 1.26909676e+00 -4.81985316e-01 -2.46646344e+03 1.36977275e+01
 1.37285866e+00 -9.23468158e-01 -1.32650523e+00 1.90643963e-01 -1.60613194e+04 1.37074215e+01
 1.42710911e+00 -5.58749005e-02 -1.17739062e+00 2.28329270e-01 3.13471959e+04 1.36944031e+01
 -5.80563268e-01 -7.13127939e-02 1.22345370e-01 -2.94644809e-02 2.50399804e+04 1.37056903e+01
 -9.45060822e-01 3.68255782e-01 -8.46469905e-01 -4.42279672e-01 2.28452366e+04 1.36997852e+01
 -2.58378755e+00 1.38540582e-02 2.01248615e-01 -4.19028344e-01 -2.06009022e+04 1.36828824e+01
 7.71660419e-01 -4.30009283e-01 1.17077804e-01 4.47964147e-01 -2.64219638e+03 1.37058525e+01
 -8.88366307e-01 -9.24680053e-01 -2.66357119e-01 3.02799913e-01 -1.06285310e+04 1.36853300e+01
 7.58831346e-01 -5.74006731e-01 -1.50397017e+00 -5.33057809e-01 1.10766620e+04 1.37034719e+01
 2.93415093e-01 1.08663170e-01 2.76980188e+00 -2.45935413e-01 9.04830935e+03 1.36913003e+01
 -6.10090777e-01 4.98053674e-01 -1.57032145e-01 -2.58309502e-02 3.80924452e+03 1.36948122e+01
 8.68219856e-01 1.04789894e+00 9.33538218e-01 -5.20011285e-01 1.24640537e+04 1.36950304e+01
 1.82947822e+00 -3.13123031e-01 1.25880947e+00 1.71398751e-01 3.64078676e+03 1.37006182e+01
 5.84237223e-01 -1.25396734e-01 3.86867459e-01 2.40815416e-01 -6.94268052e+03 1.37070888e+01
 2.21110435e+00 4.47624706e-01 1.88600415e-01 -9.47114959e-02 1.67050141e+04 1.36887193e+01
 -1.16962321e+00 -8.29811819e-02 1.14819259e+00 1.12989260e+00 -8.08014244e+02 1.36998807e+01
 8.74203936e-01 1.70633180e-01 1.87638084e+00 2.36423208e-02 -4.82977915e+03 1.36815063e+01
 -1.63999277e+00 -4.01168298e-01 5.42149470e-01 -6.53776418e-01 -8.51756185e+02 1.36965749e+01
 -1.80723686e+00 5.31965091e-03 -6.28089817e-01 1.27112580e-01 -3.22750580e+02 1.36866395e+01
 -8.61690597e-01 -6.48074657e-02 -1.93913018e+00 3.67558364e-01 2.55432197e+04 1.37022865e+01
 5.70619881e-01 -4.64708328e-01 4.71785585e-02 -7.57798768e-01 -1.73863684e+04 1.36996714e+01
 -5.34521395e-01 -3.61083599e-01 7.45229686e-01 -1.93463600e-02 -8.46166058e+03 1.36956263e+01
 2.18627586e+00 -4.01152999e-01 3.53252386e-01 -3.45655981e-02 -3.32284973e+04 1.37029622e+01
 7.21904234e-01 1.75734463e-01 -1.70757982e-01 1.16183826e+00 -6.14777772e+03 1.37008061e+01
 -2.71713021e-01 -9.99232383e-01 1.16350478e+00 -1.29062682e-01 -4.61346232e+02 1.37008958e+01
 1.64682761e+00 -8.13330744e-01 8.34396274e-01 8.41598586e-01 1.57682190e+04 1.37023845e+01
 -1.92710133e+00 -5.93654619e-01 1.78285568e+00 -2.84685050e-01 -2.60963001e+03 1.36971550e+01
 -2.93774144e+00 6.89613979e-01 -1.63574652e-01 -2.39235799e-02 2.44998949e+04 1.36865469e+01
 5.82711272e-01 4.23586129e-01 -8.02552941e-01 3.56781666e-01 -1.65264310e+04 1.36980788e+01
 8.73568400e-01 -9.29912140e-01 1.15068711e+00 5.97603130e-02 3.94025349e+04 1.37075061e+01
 -6.96152734e-01 -5.18224122e-02 1.32126485e+00 -4.75591091e-01 4.69203002e+04 1.36926218e+01
 -8.03087421e-01 -6.27838323e-01 2.24983752e-01 -1.15905205e-01 -4.40090419e+03 1.36910691e+01
 2.67492938e-01 7.10376873e-02 -2.28929277e+00 -3.49530107e-01 1.95570958e+04 1.37048448e+01
 -1.46489007e+00 -1.81770121e-01 -4.12285642e-01 -4.47603635e-01 -3.71533337e+03 1.36828191e+01
 -4.37721641e-01 -3.06127017e-01 -4.25209849e-01 3.39887327e-01 -7.59383300e+03 1.36932928e+01
 -1.74412876e+00 -7.93391434e-01 -1.57147439e+00 -8.94168624e-01 1.28220465e+04 1.37057543e+01
 1.58051146e+00 5.69481166e-01 -1.14541698e+00 -2.46641038e-01 4.18496569e+03 1.37187182e+01
 -2.99369396e+00 -1.30003922e+00 1.22732599e+00 -1.92723205e-01 -8.31639527e+03 1.36784892e+01
 -1.22073263e+00 3.82683849e-01 -2.05199567e+00 -4.20616550e-01 1.52293375e+04 1.36923622e+01
 8.31255004e-01 -2.70384192e-01 -1.18065389e+00 -7.97156735e-02 3.31563726e+04 1.37073538e+01
 5.30325512e-01 -7.59742215e-01 1.71664433e-01 -2.99405197e-01 3.59036663e+04 1.37003997e+01
 4.53619826e-01 3.37364499e-01 -2.53226208e+00 -4.79365730e-01 2.92321227e+04 1.36923263e+01
 -1.40282368e-01 5.04193881e-01 -9.78175043e-02 3.73402120e-02 -1.04439263e+04 1.37054252e+01
 1.26184516e+00 -2.78543080e-01 -3.05659319e+00 2.14338196e-01 1.60668968e+03 1.37007178e+01
 -1.16800069e+00 -3.20124476e-01 2.22466776e-01 2.39364424e-02 1.01885502e+04 1.37010489e+01
 1.13070738e-01 -5.32282707e-02 -7.79363894e-01 -8.27160629e-01 3.12326869e+04 1.36900553e+01
 2.33342123e-01 8.19117947e-01 2.62374939e-01 4.61184073e-01 -1.15168349e+04 1.37082288e+01
 -2.21551001e-01 -4.28389873e-02 1.32379643e+00 4.24989758e-02 -2.31793399e+04 1.37018088e+01
 3.04983495e-01 -3.78844322e-01 9.47558481e-02 8.41785310e-01 -2.18745250e+03 1.37064554e+01
 1.52925018e+00 -9.08288843e-01 -1.21340752e-01 -4.44962985e-01 -8.88903049e+03 1.37081157e+01
 1.18821305e-01 4.54044067e-01 4.41127851e-01 6.66158135e-02 -1.15271266e+04 1.37106773e+01
 3.35829525e-01 5.65669675e-01 6.83076104e-01 -8.49355672e-01 3.96769179e+03 1.37045508e+01
 9.53735035e-01 -6.65886893e-01 -2.67220673e-01 -4.09574772e-01 9.96485630e+03 1.37048009e+01
 7.89006087e-01 9.28329672e-01 1.32554268e+00 4.26072841e-01 1.83743764e+04 1.37086025e+01
 7.98900436e-01 3.01127831e-01 8.12983031e-01 -5.85984596e-01 -5.17748607e+04 1.36932114e+01
 7.08735540e-01 3.60920438e-01 -1.28026100e-01 -1.99780159e-01 -5.01845911e+03 1.37121199e+01
 6.94019446e-01 -1.10362919e-01 -8.64375763e-02 -3.43824957e-01 2.63840774e+03 1.37090426e+01
 1.62733939e-02 1.01782866e+00 -1.36555190e+00 -5.78858987e-02 1.13010110e+03 1.37009507e+01
 6.70970265e-01 -1.37120919e+00 3.55453544e+00 3.80012687e-01 1.01247765e+04 1.36935348e+01
 -5.55379502e-01 2.97161873e-01 -1.42760863e+00 -4.66362531e-01 -1.03932260e+04 1.37006218e+01
 -2.48039848e-02 -1.41216203e-01 -1.33626549e-01 6.42536451e-01 -9.24865611e+03 1.37064913e+01
 -1.77862269e+00 5.28399608e-01 -8.03991737e-01 -4.47519087e-01 -1.25440161e+04 1.36957886e+01
 -6.56409839e-01 2.08104794e-01 2.60454740e+00 -5.15798893e-01 7.38010440e+01 1.36967265e+01
 -5.81507439e-01 -2.83546909e-01 1.58693676e+00 -3.68421872e-01 2.38495906e+04 1.36867323e+01
 -3.49649046e+00 -3.94071552e-01 -6.64194931e-01 8.89257127e-01 4.13059195e+03 1.36894409e+01
 4.44838194e-01 -3.42323965e-01 4.45641999e-01 3.67021183e-01 1.05266570e+04 1.37016527e+01
 3.86632767e-01 -4.18014116e-01 -1.10950738e+00 3.07770955e-01 -1.01605070e+04 1.37009688e+01
 -1.49895747e-01 -3.85817795e-01 1.18956371e+00 3.25744591e-01 -1.47430806e+04 1.37058867e+01
 9.70698466e-01 2.05131151e-01 1.35087260e+00 -8.11047907e-02 -2.68689433e+04 1.37071004e+01
 -3.15151949e-01 8.43542928e-02 1.14743909e+00 2.57436158e-01 -1.76393247e+04 1.36929721e+01
 9.71415211e-01 -1.04922177e-01 -7.81547929e-02 -4.18553026e-01 1.89498839e+04 1.37120748e+01
 5.34162264e-01 1.17617656e+00 1.08061086e+00 4.51521004e-01 8.02552490e+03 1.37166560e+01
 -1.31563030e-02 -3.61865733e-01 -1.13609956e+00 7.74688665e-02 1.53385942e+04 1.36962377e+01
 3.06202743e-01 -9.55332227e-01 3.60396146e-02 1.66959989e-01 1.35954459e+04 1.36979436e+01
 -8.28699664e-02 1.27760519e-01 4.81331891e-01 2.95542978e-01 1.10502918e+04 1.36980163e+01
 -1.28383350e-01 -1.16926580e+00 9.55265903e-01 -3.88777365e-01 -4.26723811e+04 1.36848791e+01
 2.47680967e+00 -1.80044015e-01 -5.20623677e-01 -7.67147220e-01 6.63579008e+03 1.37118847e+01
 -6.84839476e-01 -3.39494053e-01 5.43522183e-01 3.31041219e-01 -5.80461887e+03 1.36949448e+01
 -2.00807771e-01 -4.66208854e-01 -1.94060741e+00 7.54978665e-01 -1.77355827e+04 1.37029935e+01
 1.34664234e+00 -8.91483592e-01 2.33078022e-01 6.33557578e-01 2.26550794e+04 1.37018607e+01
 5.37966304e-03 -1.10825090e-01 -1.63545554e+00 -9.10605847e-01 -2.58568142e+04 1.37024758e+01
 -9.04114139e-01 1.25095109e-01 -4.22622812e-01 -1.92213551e-01 2.73202924e+04 1.37042377e+01
 -2.46868732e-02 -7.11229450e-03 6.96747168e-01 -3.02678241e-01 -3.15316079e+03 1.36982870e+01
 1.21559378e+00 -3.31361515e-01 -1.13203611e+00 2.04413345e-01 -2.08058526e+04 1.36966269e+01
 1.26652339e+00 -4.10428365e-01 1.10884666e+00 1.74225297e-02 -1.50471009e+04 1.37016486e+01
 1.55675557e+00 9.91808112e-01 1.54058883e+00 -2.60171796e-01 -3.35964086e+04 1.37034748e+01
 2.48997571e-01 -5.41872782e-01 -2.52624674e+00 -2.43482731e-01 1.66491708e+04 1.37057896e+01
 -6.05204383e-01 9.82448750e-02 5.04086359e-01 -5.19743214e-01 9.96184225e+02 1.37026237e+01
 3.90825427e-01 -2.16593833e-01 3.67070634e-01 -1.90970003e-01 -3.91331724e+04 1.36931505e+01
 1.51837435e-01 4.51938572e-01 -3.88495018e-01 6.03993030e-01 -9.97595323e+03 1.36928683e+01
 -1.21651741e+00 2.81405167e-01 1.26863766e+00 1.17599490e-01 -1.57729842e+04 1.36895335e+01
 -1.80616926e+00 -1.97771289e-01 -1.68053450e+00 2.60281433e-01 1.53033236e+04 1.36932101e+01
 3.12171942e-01 9.93656271e-01 9.94740204e-01 8.14611231e-03 -1.42385545e+04 1.36995477e+01
 3.79786849e-01 -6.37778770e-02 1.16382680e+00 1.71138842e-01 1.63904077e+04 1.37004299e+01
 1.38931783e-01 -1.07303046e-01 -5.81471377e-01 3.61046705e-01 1.45495979e+04 1.36994946e+01
 1.99854724e+00 5.43297609e-01 4.54641505e-01 -2.03014902e-01 -3.49802308e+04 1.37114653e+01
 7.18083714e-01 -2.36727086e-02 -3.75495885e-01 2.03233477e-01 8.91576985e+02 1.37061707e+01
 -5.38018320e-01 7.47921093e-01 4.80618604e-01 1.09616291e-01 1.80781317e+04 1.36896898e+01
 -1.01448919e+00 7.30737070e-01 -8.01158394e-01 -6.90086987e-01 -1.26656603e+04 1.36998978e+01
 1.21576576e+00 -1.15323001e+00 2.05002896e+00 1.63028598e-01 8.23027789e+03 1.36952166e+01
 -4.87842760e-01 -5.32597220e-02 2.44166108e-01 -1.91151238e-01 1.50377222e+04 1.37097738e+01
 -5.31912102e-01 2.08908797e-03 1.35713413e+00 -7.96332940e-01 1.01093327e+04 1.36931408e+01
 -6.69311536e-01 6.10074962e-02 1.12946622e+00 -4.64650595e-01 4.69558625e+02 1.37081462e+01
 -4.85504111e-01 3.77179775e-01 1.54938427e+00 -1.48325834e-01 1.27582162e+04 1.36902110e+01
 7.55126297e-01 -2.74666140e-01 4.06996508e-01 -1.43542267e-01 1.27408854e+04 1.36921855e+01
 -9.48059360e-01 2.49931686e-01 -8.90965728e-01 1.56745647e-02 -1.02306744e+04 1.37010026e+01
 -3.14825950e-01 -2.14790373e-01 -8.67701452e-01 2.21149044e-01 -2.90362414e+03 1.36970820e+01
 3.42954011e-01 -1.58341832e-01 -4.10426614e-01 5.62674784e-01 -2.01575831e+04 1.37027396e+01
 5.03942623e-02 2.09803629e-01 -7.22768443e-02 2.50109648e-01 -1.22870467e+04 1.37137475e+01
 9.48897069e-01 -1.00679339e-01 5.17489580e-01 1.56731056e-01 7.96881203e+03 1.36980214e+01
 5.59284187e-01 2.26684939e-01 -2.03605217e+00 -3.89520862e-01 -1.44218564e+04 1.37001555e+01
 6.85830451e-01 2.43523629e-01 -6.92792929e-01 -2.36379727e-01 5.09816931e+04 1.37072271e+01
 1.25593010e+00 -4.16206799e-01 -1.13209270e+00 -2.77848017e-01 9.96290780e+03 1.37025864e+01
 -1.08601246e+00 6.20800359e-01 -5.00915859e-01 -6.79341226e-02 -2.64051952e+04 1.37006923e+01
 1.14476172e-01 -6.15483276e-01 2.34708081e+00 3.11714983e-01 -1.05346174e+04 1.37060441e+01
 5.86592922e-01 -2.17103305e-02 5.83412568e-01 -6.03013430e-01 1.32549664e+04 1.37005763e+01
 -3.01871226e-01 -1.12708947e-01 -2.58338944e-01 3.41183319e-01 3.43570818e+04 1.37047786e+01
 -9.97346224e-01 9.39451483e-01 1.20811001e+00 -3.32331011e-01 -2.60210383e+04 1.36976493e+01
 -4.33359408e-01 4.00913433e-01 1.55953244e-01 -1.55094761e-01 -4.88867817e+04 1.37054255e+01
 2.31803083e-01 -1.07393599e-01 -1.13128130e+00 2.07642056e-01 -1.01466415e+04 1.36941114e+01
 -1.85814125e+00 3.32111592e-01 -2.64471908e-01 2.76355551e-02 3.47255307e+04 1.36934257e+01
 -2.76484776e-01 3.66686386e-01 1.35269439e+00 1.33959510e-01 -5.29035409e+03 1.36979850e+01
 -7.96678966e-01 -3.81029271e-01 6.66856541e-01 7.83617878e-01 -9.18845142e+03 1.36989662e+01
 -1.56254915e+00 3.50062271e-01 8.30503184e-01 -1.27738126e-02 3.17813804e+04 1.36865220e+01
 3.99763955e-01 1.20989317e-01 -1.65859105e+00 -8.91431823e-02 -7.09424320e+03 1.37061424e+01
 9.12477057e-02 -5.08712123e-01 -9.61220397e-01 -6.88093757e-01 1.35320302e+04 1.37017742e+01
 -6.30971128e-01 -2.38061155e-01 6.02572637e-01 4.07096774e-01 -8.38650833e+03 1.36971052e+01
 -6.89877883e-01 4.50914617e-01 2.48735133e-01 -6.66481570e-01 -2.00619593e+04 1.36952267e+01
 1.01150301e+00 5.41898687e-01 -1.45480507e+00 -5.62054326e-01 -1.62435425e+04 1.37132499e+01
 -1.12253774e+00 -7.57409555e-02 1.25967913e+00 3.22906814e-02 -2.64202840e+04 1.37003703e+01
 2.98027973e-01 7.06537295e-01 -2.37320494e-01 3.49878374e-01 -1.65152792e+04 1.36975589e+01
 -8.80023013e-01 9.71945511e-02 -1.20287836e+00 2.56085381e-02 -2.16889509e+03 1.36861885e+01
 -1.15311755e-01 5.05285131e-01 -1.31185658e+00 -6.29417734e-03 5.92896401e+03 1.37048281e+01
 1.18896551e+00 -1.22206469e+00 5.80059837e-01 2.46619363e-02 -7.79661155e+03 1.36993407e+01
 -7.35360158e-01 5.49918505e-01 6.32727573e-02 1.07510344e-02 3.38577953e+01 1.37049284e+01
 -3.48871614e-01 8.81906532e-01 3.82636789e-01 -6.38408746e-01 9.63990982e+03 1.36984929e+01
 8.94900458e-01 -7.30385942e-01 3.12118986e-01 2.59204584e-01 8.61944067e+02 1.37049747e+01
 -6.01629540e-01 -1.66280296e-01 5.23402989e-01 -3.71870836e-01 -3.53597784e+03 1.36999179e+01
 2.58271087e-01 1.65320995e-01 2.77991288e+00 -1.82712003e-01 4.24825960e+04 1.37109842e+01
 8.67556263e-01 -9.57834858e-01 5.02287881e-01 2.77678601e-01 7.52862062e+03 1.37035558e+01
 4.06294060e-01 2.20460144e-01 -2.64848243e-01 -9.48414901e-01 -8.61681264e+03 1.37070581e+01
 -4.88961453e-01 2.09749724e-01 -7.67048392e-01 7.65821378e-02 -1.83657831e+04 1.37064984e+01
 3.39457411e-02 3.95799913e-01 -1.76272939e+00 -3.78225814e-02 -1.23987006e+04 1.36996516e+01
 1.21013779e+00 2.19855942e-01 2.46103107e-01 -1.01737185e+00 3.44053342e+04 1.37059204e+01
 1.33054900e+00 5.49334273e-01 1.01986633e+00 2.55786318e-01 2.47768406e+03 1.36995721e+01
 -4.10707627e-02 -4.14346523e-01 1.72409796e-01 2.08213944e-01 1.55409532e+04 1.37034557e+01
 -1.23309840e+00 -3.02989723e-01 -1.02975362e+00 7.86812608e-01 -9.86069855e+02 1.36902251e+01
 1.28583849e-01 4.81923836e-01 -2.93296868e+00 -4.47866363e-01 3.01557243e+04 1.37026758e+01
 -1.83719161e+00 -7.24271454e-01 -7.05775131e-02 3.65617999e-01 -1.22816090e+04 1.37087065e+01
 -6.34366769e-01 2.95471930e-01 -2.12421990e-01 8.35432549e-02 -1.04134903e+03 1.36936602e+01
 7.03218582e-01 -2.09728349e-01 -5.40884226e-01 -8.12599250e-01 6.01155860e+03 1.37102405e+01
 -1.10475047e+00 -3.33770598e-02 3.43330017e+00 7.37087103e-01 6.03883950e+04 1.36916084e+01
 9.57774338e-01 5.09625818e-01 -2.73324692e+00 1.98197165e-01 -3.30986317e+03 1.37122261e+01
 -2.36790957e-01 8.31861857e-01 2.46725362e+00 -5.88996805e-02 1.59973779e+04 1.37044443e+01
 -8.95827825e-01 -5.23153821e-01 -1.04168361e-01 5.26506501e-02 9.56212882e+03 1.37108562e+01
 1.12562947e-04 8.64807519e-02 -1.54643654e+00 3.78479455e-01 8.57559704e+03 1.37031269e+01
 2.65273715e-01 -8.21574126e-01 1.04008738e+00 -2.96121298e-01 -1.28947629e+04 1.36966874e+01
 -8.84534292e-01 -3.65863485e-01 4.71764911e-01 1.48717384e-02 -2.70829196e+03 1.36871524e+01
 1.39824196e+00 -3.33830063e-01 1.10338997e-02 -2.57532522e-02 -3.29416811e+03 1.36920764e+01
 2.11399333e+00 8.00952181e-01 3.63258029e-01 1.16406697e-01 3.30710910e+04 1.37075957e+01
 1.42678223e+00 2.86699108e-02 9.88516575e-01 -3.79122787e-01 -1.13983853e+04 1.37002392e+01
 1.24937772e+00 1.61728840e-01 -2.53530050e+00 5.33402879e-02 2.54232830e+04 1.37004078e+01
 -8.75707475e-01 -1.48815393e+00 -1.83146718e+00 5.02803840e-01 1.96507882e+03 1.36872951e+01
 -1.00576770e-01 8.06455801e-02 -2.16038508e+00 -1.87524727e-02 -4.09990232e+03 1.37017673e+01
 -1.27291871e+00 1.53447683e-01 1.71623024e+00 2.50097552e-01 -9.06800362e+03 1.36908409e+01
 -7.98000543e-03 7.68725937e-02 -7.77582513e-01 -1.86973973e-01 -1.70457850e+04 1.36904860e+01
 -1.33946057e+00 5.84560658e-01 1.49611991e-01 3.94013634e-01 -1.77650380e+04 1.36906836e+01
 -1.47462136e+00 3.17836556e-01 9.85495921e-02 -1.35892160e-01 -2.70878954e+04 1.36920649e+01
 1.88886876e+00 9.41732793e-02 -3.93742460e-01 -1.78440339e-01 1.51425152e+04 1.37028963e+01
 9.28398426e-01 -9.89522803e-01 4.79159053e-02 -9.61628281e-01 -2.97607928e+04 1.36970307e+01
 8.80294203e-01 -1.04498745e-01 -3.35131411e+00 1.58859302e-01 -8.20919488e+03 1.37056611e+01
 -4.54963729e-01 3.94030076e-02 1.34578652e-01 2.18112282e-01 -3.97544527e+04 1.36926432e+01
 1.04080824e+00 2.03521118e-01 -1.12968898e+00 3.38591491e-01 2.51179446e+04 1.37009767e+01
 -1.32252554e+00 -7.11715444e-01 -7.46990524e-01 1.92463507e-01 1.14786764e+04 1.37074051e+01
 -4.35398339e-01 3.00843322e-01 7.17018552e-01 -7.11734426e-02 -1.29753214e+04 1.36879659e+01
 3.78188363e+00 -4.84356913e-02 -1.24880264e-01 -3.67729692e-01 3.48990518e+04 1.37023038e+01
 7.66515742e-01 -1.92048198e-01 8.95384613e-01 2.60615661e-01 -8.44638353e+03 1.36945603e+01
 -9.27063045e-01 -9.36342098e-01 9.61734651e-01 6.44767891e-01 4.84150956e+03 1.36950986e+01
 -1.68730092e+00 1.85871801e-01 -1.93600621e+00 6.48974914e-03 1.68531431e+03 1.36943653e+01
 7.66786140e-02 6.86357621e-02 9.17547009e-01 4.88395090e-01 -2.51326971e+04 1.37042267e+01
 1.33985897e+00 -1.41188014e-01 -1.35060359e+00 5.37094377e-01 2.59359452e+04 1.37119706e+01
 -8.31251006e-01 4.37312928e-01 -1.00331532e-01 -1.80395832e-01 -1.97455131e+04 1.36935079e+01
 1.01938048e+00 2.57468516e-01 -4.21711243e-01 -1.26843864e-01 -3.02927411e+04 1.37058356e+01
 -1.76022628e+00 1.85517118e-01 -1.75653859e-03 -1.64525901e-02 -6.11609153e+03 1.36932401e+01
 -8.30673168e-01 2.01213433e-01 1.37394258e-01 -9.47475527e-02 2.19139911e+04 1.37047168e+01
 1.67410943e+00 -2.13737805e-01 -9.45227922e-01 3.59038667e-01 4.84622227e+04 1.37095668e+01
 -1.36862203e+00 -8.90433051e-01 1.15078823e+00 -7.70717259e-01 -2.67963302e+01 1.36912342e+01
 -4.77818882e-02 -1.34338329e-01 -1.12847628e-01 1.33281216e-01 -2.98715345e+04 1.37083663e+01
 3.05382545e-01 -3.14400873e-01 2.35333457e-01 2.27573858e-01 1.77763596e+04 1.37053317e+01
 -6.67454565e-01 1.27601206e-01 9.80979147e-01 5.11437143e-01 1.95765280e+04 1.36916117e+01
 -1.28402441e+00 4.87339909e-01 5.66239202e-01 5.77222410e-01 4.42400469e+04 1.36967317e+01
 1.38774288e+00 1.31371316e+00 -1.88021812e-01 -1.27337407e-01 -6.56118807e+03 1.36989027e+01
 -1.77284662e+00 6.74410247e-01 -1.39253643e+00 3.21787302e-01 -1.37387128e+04 1.36964677e+01
 -6.87391287e-01 7.77713103e-01 -1.11677222e+00 6.06285126e-02 2.14102627e+04 1.37032531e+01
 -7.23708974e-01 -3.82395929e-01 -7.59972646e-02 -8.63321018e-02 -2.23732182e+04 1.36910945e+01
 4.09089808e-01 -5.75385716e-01 -3.64433270e-01 -1.46686464e-01 2.55309621e+04 1.37061669e+01
 5.24789110e-01 -1.97679466e-01 3.19753094e-01 -1.52040624e-01 1.89630663e+04 1.37022915e+01
 -1.15704708e-01 4.08942916e-01 -8.93494080e-02 3.39262898e-01 2.56565175e+04 1.36925568e+01
 -5.49050210e-02 7.77243309e-01 -1.30655299e+00 9.18874681e-01 -2.11379829e+03 1.37088081e+01
 -1.16502945e+00 7.13602009e-01 1.14855804e-01 -9.68261928e-02 -5.95247747e+03 1.36948918e+01
 9.46713531e-01 -2.75874809e-01 -5.15694014e-01 4.25375577e-01 2.44680005e+03 1.37028313e+01
 -7.59459441e-01 5.19509305e-02 4.76293897e-01 1.58989537e-02 -7.58451554e+03 1.36975964e+01
 -3.80530499e-01 -9.42270196e-01 1.87824080e+00 -2.22012327e-01 3.60044081e+04 1.37071166e+01
 -1.18365257e+00 2.13350539e-01 2.58460483e-01 -5.63327676e-01 -2.51968426e+04 1.37020342e+01
 4.69604166e-02 -2.39697054e-01 -8.62331157e-02 1.53401170e-01 -1.16710276e+04 1.37046785e+01
 -1.21404105e+00 4.60702199e-01 4.73595541e-01 -8.34070307e-02 -1.37143272e+04 1.37005019e+01
 9.06430545e-01 -1.05164320e-01 -1.91840263e+00 3.26047313e-01 -6.74981379e+03 1.37043346e+01
 -4.64013463e-02 5.12160352e-02 1.09526102e+00 -8.41244271e-01 -4.40183508e+03 1.37036622e+01
 6.17682487e-01 -9.94390323e-01 2.90104918e+00 -7.52311714e-01 1.19204057e+04 1.37017343e+01
 -3.79651919e-01 9.28574258e-03 -2.51367570e+00 -1.62530160e-01 1.88276898e+04 1.37017735e+01
 1.24249607e+00 1.93949183e-01 8.76244772e-01 -2.68812002e-01 -2.18985231e+04 1.37037630e+01
 1.63850436e+00 -7.48758217e-02 -1.52512593e+00 -3.13271186e-02 3.10040982e+04 1.36946182e+01
 4.29549798e-01 -6.88843925e-01 5.98071798e-01 2.79348672e-01 3.08940438e+04 1.36999626e+01
 7.10292767e-01 -8.35795397e-01 1.62466658e+00 -4.72523312e-01 -3.14214246e+04 1.36980079e+01
 -1.46113868e-02 3.78577819e-01 1.41656260e-02 2.28952555e-02 -2.42758331e+04 1.37021103e+01
 1.41673435e+00 -5.05891486e-01 1.12048569e+00 -1.75260452e-01 1.43552201e+04 1.36941015e+01
 9.44767318e-01 -4.08979377e-02 1.68437913e+00 3.62700628e-01 1.01471711e+04 1.36950399e+01
 -2.14889461e+00 9.75611772e-01 2.73119373e-01 -5.30165744e-01 -1.28535210e+04 1.37031334e+01
 -1.25925316e+00 -3.84829804e-01 9.90842358e-01 -5.18056835e-01 2.60645867e+04 1.36980792e+01
 8.27088882e-01 9.06458699e-01 -3.95790487e-03 8.71016787e-01 -7.12567406e+03 1.37054359e+01
 -2.83014388e-02 -5.22285543e-01 9.21617341e-01 -3.76226236e-01 -6.23418539e+03 1.36935106e+01
 -1.52936069e+00 4.09996398e-02 -2.46313762e-01 -4.19481255e-02 -2.82836482e+04 1.37040176e+01
 6.57487203e-02 6.60756538e-02 5.78398747e-01 -2.26381177e-01 -1.92443984e+04 1.37009398e+01
 2.00338381e+00 -2.59339475e-01 1.77104140e+00 -5.30828308e-01 1.35275960e+04 1.37141205e+01
 -1.78433225e-01 -4.93064447e-01 -9.24522507e-01 5.07460299e-01 8.35757778e+03 1.37145511e+01
 1.13834546e+00 -6.98382675e-01 7.26484829e-01 -4.18042050e-02 -6.50085633e+03 1.37031466e+01
 -2.99627251e-01 9.12754524e-01 9.13500509e-01 1.46765927e-02 3.44638606e+04 1.36950620e+01
 8.32447004e-01 -1.61221481e-01 5.44863588e-01 4.01388619e-01 -2.03335613e+04 1.37115153e+01
 2.54075767e-01 -3.97861333e-01 -1.04043197e+00 -2.68664967e-01 -4.38207659e+04 1.37093718e+01
 3.84014123e-01 3.32113036e-01 -3.75654867e-01 1.63531632e-01 1.15609186e+04 1.37026912e+01
 -6.24549082e-01 -7.13510939e-01 5.66461689e-01 -3.59758210e-01 3.32702603e+04 1.36977033e+01
 5.42061296e-01 -2.12146768e-01 -1.91963609e+00 1.26432514e-01 -1.01071816e+04 1.37048862e+01
 2.26897361e-01 5.26294818e-01 -9.25713767e-01 2.79328422e-01 -9.44231257e+03 1.36980062e+01
 -8.57502979e-03 -2.23327354e-01 -3.56329718e+00 2.96826939e-01 -9.53921371e+03 1.37027017e+01
 -1.55138506e-01 4.55614328e-01 3.32295787e-01 8.44481515e-01 2.82943984e+04 1.37144070e+01
 6.98024037e-01 -2.04837554e-01 -1.04563436e+00 2.26799043e-01 5.71739736e+03 1.36935137e+01
 -3.18280953e-01 -2.59369364e-01 -3.81002737e-01 -3.57804536e-01 -3.35215811e+04 1.36878303e+01
 8.58415031e-01 6.40189771e-01 -1.89661816e-01 7.11703248e-01 -1.28755540e+04 1.37109408e+01
 -2.02021919e+00 -5.12151114e-01 -8.38790851e-01 -4.17442832e-01 9.70437247e+03 1.36952506e+01
 -1.11398658e-01 -1.24425942e+00 1.54059952e-01 -5.11094059e-01 -1.07134775e+04 1.36975806e+01
 6.67662769e-01 -3.79435806e-01 1.43437100e-01 4.65727632e-01 3.70892351e+03 1.36910898e+01
 7.17421945e-02 -5.28099437e-02 7.96714793e-01 -1.99625451e-01 2.00539574e+04 1.37036467e+01
 1.45511839e+00 -5.90334827e-01 -1.00923025e+00 -5.67733122e-01 1.75617457e+04 1.36987940e+01
 1.93669262e-01 -7.86570691e-01 -6.04130709e-01 2.61675427e-01 7.99297725e+03 1.37043637e+01
 8.79496335e-01 3.08471078e-01 -1.48484483e+00 -4.41526349e-01 5.28688893e+03 1.37008765e+01
 8.25966338e-02 1.47835161e-01 2.18995529e+00 5.96606504e-01 7.37849137e+02 1.36999975e+01
 2.70424517e-01 -5.25523370e-01 -1.04892533e+00 2.01161767e-01 -5.41976161e+04 1.37007523e+01
 8.37056101e-01 5.31345209e-01 -1.47033295e+00 -1.48127620e-01 -2.74887273e+04 1.37008387e+01
 -5.09371970e-01 -1.64046619e-01 -1.08651592e+00 2.53694215e-01 -8.95519689e+03 1.36965824e+01
 1.73332432e+00 3.90915726e-02 -5.92681443e-01 -2.14028183e-02 -3.71835589e+03 1.37065087e+01
 -3.69744656e-01 -3.44201988e-01 7.91371384e-02 -2.72920481e-02 -5.29942720e+03 1.37035241e+01
 -7.27747181e-01 1.42911194e-01 1.29492272e+00 -7.76789637e-02 1.83879803e+04 1.37074242e+01
 -3.92380934e-01 -8.85600574e-01 -2.01493994e-01 6.03288947e-02 -1.28120956e+04 1.37006426e+01
 1.28616178e+00 -2.36525148e-02 2.14126884e+00 3.75422012e-01 7.09811082e+03 1.37115155e+01
 3.89753055e-01 -4.92617044e-01 -3.34964555e-01 -6.03156798e-01 -3.95215033e+04 1.37010296e+01
 -2.62779331e-01 1.57899766e-01 -5.46953999e-01 6.13081929e-01 -2.34005145e+04 1.37027224e+01
 -5.25121691e-01 -5.11013553e-01 -2.34995964e+00 5.88303219e-02 -2.86493229e+03 1.37030284e+01
 -1.58801303e-01 4.07794587e-01 -8.79821417e-01 2.09622253e-01 3.88755463e+04 1.37055132e+01
 4.62672720e-01 8.39339808e-01 -3.20622314e-02 -2.48721950e-01 3.52335816e+04 1.36957891e+01
 -2.63747210e-01 -2.38911045e-01 -6.05905664e-01 1.27799967e-01 4.05841636e+04 1.36955248e+01
 -5.01787576e-01 2.92263351e-02 4.24613752e-01 -7.45859087e-02 -1.63108224e+04 1.36916540e+01
 1.25170750e+00 -1.09226252e-01 -1.80557983e+00 -3.16904424e-01 1.00006540e+04 1.37018868e+01
 -1.45540903e+00 -4.32830663e-01 -5.05946982e-01 4.46351050e-01 2.74997521e+04 1.36952800e+01
 7.92754600e-01 1.96647289e-01 1.31047893e+00 -3.96274984e-01 1.84300954e+04 1.37046281e+01
 5.54336943e-01 -4.50335142e-01 -8.27097881e-01 -7.94616546e-02 -2.18661346e+04 1.36918101e+01
 1.54561530e+00 -3.68916518e-01 1.12289520e+00 2.32663327e-01 1.20000936e+03 1.37035499e+01
 -7.41888724e-01 5.25271181e-01 -1.57386199e+00 9.04711283e-02 -2.06040597e+04 1.36983520e+01
 8.68861909e-01 -5.36030085e-01 1.40436444e+00 8.64833095e-01 -1.40207311e+04 1.36916224e+01
 5.22037142e-01 1.23392629e+00 -5.72898625e-01 1.99292535e-01 7.40593873e+03 1.37003502e+01
 -2.12984908e-01 -1.35749691e-01 1.47275248e+00 5.66297973e-02 -3.77846504e+04 1.36962178e+01
 -2.60860410e+00 -2.47396147e-01 3.02503059e-01 -5.67282472e-01 -1.84704595e+04 1.36897953e+01
 -8.84114839e-01 -4.20655616e-01 -5.38938102e-01 3.28394867e-01 -3.95846792e+04 1.37025738e+01
 -1.08777699e+00 5.81497069e-01 1.41528407e+00 -2.94486474e-02 -1.10447778e+04 1.36974145e+01
 -1.09227853e-01 -3.24572714e-01 -1.01221053e+00 -4.56366626e-01 1.91668322e+03 1.36899477e+01
 1.08970105e+00 2.76544979e-01 -7.90960572e-01 -6.73979557e-01 -5.21934636e+03 1.37129337e+01
 5.04630380e-01 -1.01396299e-01 8.58017326e-01 -1.25611578e-01 1.06658072e+04 1.36988757e+01
 -2.58300420e-02 6.26256901e-01 -2.93055522e+00 7.68992375e-01 4.20768714e+03 1.37031625e+01
 7.63648854e-01 2.66037803e-01 -1.21870516e+00 3.17540018e-01 1.96195807e+04 1.36903466e+01
 5.33115521e-01 1.02749139e+00 -2.16884831e-02 2.37182962e-01 -2.31424682e+04 1.36976186e+01
 1.46105912e-01 3.60591600e-01 4.25771569e-01 6.31892748e-01 2.28964474e+03 1.36913518e+01
 5.67879166e-01 2.45585412e-01 2.29788906e+00 2.46953867e-01 -9.28580922e+03 1.36980343e+01
 -6.41203746e-03 7.59653997e-01 2.66626319e-01 1.78279215e-01 1.63774086e+04 1.36980735e+01
 3.32319806e-01 3.60401459e-01 -1.11775587e-01 -8.57785023e-01 1.36802273e+04 1.37065508e+01
 -1.56151014e+00 5.14980089e-01 -1.18844331e+00 -7.04452024e-01 -2.66027896e+03 1.36900670e+01
 2.73252947e-01 -6.42638659e-01 -1.45813509e-01 2.72822559e-01 -3.03490563e+04 1.36902703e+01
 1.51915590e-01 2.64321251e-01 -1.59530903e-01 8.00211037e-02 -1.94839708e+04 1.36924940e+01
 1.00145635e+00 1.38539226e-01 -1.50384149e+00 -8.34020877e-02 -2.74140014e+04 1.36987705e+01
 -4.22958404e-01 -1.07315835e-01 8.44431388e-01 -3.35355984e-01 1.36438659e+02 1.36902056e+01
 1.36631667e+00 -1.00964718e+00 2.43605171e-01 5.74936338e-01 -4.49859953e+04 1.37030313e+01
 -1.45469244e+00 -5.86455370e-01 -4.95629909e-01 1.93263884e-01 -1.11523248e+04 1.36894316e+01
 1.39139841e+00 7.55386686e-02 7.50158042e-01 -5.94230432e-01 -2.90961312e+03 1.37130914e+01
 5.56727713e-01 3.17532159e-01 -9.43051658e-02 3.39737706e-01 -1.64303988e+03 1.37009380e+01
 -2.15231416e-01 -2.61029558e-01 1.99229083e+00 -1.29770430e-01 1.02042294e+04 1.36988471e+01
 1.07626990e+00 -5.06646389e-01 1.26672562e+00 4.08494898e-01 1.73720430e+03 1.36965810e+01
 -1.13765536e+00 -4.54944489e-01 1.28769655e+00 -1.11119990e+00 -3.26861656e+03 1.36883319e+01
 2.81273633e-01 1.39452208e-01 2.30048926e+00 -6.10364070e-01 2.15146095e+04 1.37008666e+01
 -2.36399339e-01 -2.30079906e-01 1.61252964e+00 -3.53896616e-01 6.69366763e+03 1.36939815e+01
 -4.96761732e-01 6.78788111e-01 1.33316164e+00 2.90330759e-02 4.21289697e+04 1.36973754e+01
 -2.53531695e-01 4.53584874e-01 -9.60673900e-01 -1.01800281e-01 -4.28009258e+03 1.37047572e+01
 1.05473958e+00 -5.41747965e-01 2.24515575e-01 -8.20766000e-02 -7.07676246e+03 1.37125924e+01
 -2.87720769e-01 -2.10287218e-01 1.41471090e+00 -6.25606540e-01 -1.44418712e+04 1.37033519e+01
 -2.91897991e-01 -2.73686798e-01 -7.85803683e-01 -7.46586595e-01 1.89923040e+04 1.36907967e+01
 1.07173988e+00 5.53680983e-01 1.05216585e+00 -9.98115405e-01 1.89662485e+04 1.36990734e+01
 -2.93007752e-01 -3.04244969e-01 -2.51747709e-01 -3.88886576e-01 -3.21125539e+04 1.36987124e+01
 -2.51223539e+00 -2.13988895e-01 1.38136610e+00 -3.23828599e-01 -8.86724693e+03 1.36925957e+01
 1.32547709e-01 4.05175370e-01 2.53974238e-01 -6.67222734e-01 -1.93664246e+04 1.36990787e+01
 3.55198382e-01 -2.82659237e-01 1.32087844e+00 5.72160734e-01 2.85577523e+04 1.37077740e+01
 -2.08744983e-01 -7.80949649e-01 -7.14715166e-01 5.47735899e-01 4.80831217e+04 1.36990866e+01
 -1.12707499e-01 -9.42410917e-01 -1.71866284e+00 2.70221693e-01 -8.93857639e+03 1.37053126e+01
 -6.38708508e-01 1.34372176e+00 -1.56463808e+00 4.01091874e-01 2.42826088e+04 1.36913885e+01
 -9.55533070e-01 -6.44251088e-01 -7.70901518e-01 5.40613440e-02 -1.12222821e+04 1.37005870e+01
 -1.19565772e+00 4.27942121e-01 3.03056955e-01 2.21344551e-01 8.20254761e+03 1.37042878e+01
 1.28789089e+00 -3.80589695e-01 -1.33102598e+00 -2.67922328e-01 -1.58602207e+04 1.36961760e+01
 -2.86875416e+00 -5.72663877e-01 2.33838191e-01 -1.03423254e-01 -9.55088168e+01 1.36983997e+01
 -4.29636781e-01 7.11281801e-02 -6.90989906e-01 4.62149025e-01 8.98983821e+03 1.36939507e+01
 3.79019638e-01 3.33664954e-01 -1.09531950e+00 -5.63975538e-02 9.71531142e+03 1.37101688e+01
 -1.52313260e+00 -4.31618727e-01 -9.81130366e-01 4.50728476e-01 -3.59107669e+04 1.36898525e+01
 -1.18812530e+00 3.21764892e-01 3.32178784e-01 5.99386289e-01 -3.36343508e+04 1.36909001e+01
 6.89869817e-01 -1.09423331e+00 3.54740925e-01 -2.77461212e-01 1.60491457e+04 1.37002835e+01
 1.36357307e+00 -6.57780740e-01 -4.44306128e-01 2.66913204e-01 8.78870339e+03 1.37089408e+01
 1.73260986e-01 -1.19863530e+00 -9.23011775e-01 8.85441922e-01 1.62074139e+04 1.37119626e+01
 -1.61546485e-01 1.83033766e-01 -5.81596066e-02 3.87190563e-01 -9.21111903e+02 1.36970117e+01
 7.63727472e-01 -4.71604333e-01 2.32515471e-01 3.93179319e-01 5.16665455e+03 1.37089968e+01
 2.52202262e+00 4.68878197e-01 2.17293730e-01 3.12399588e-01 -2.54217934e+02 1.37017571e+01
 1.32661345e+00 4.47981035e-01 1.35390050e+00 1.47166776e-01 -1.21435186e+03 1.37088972e+01
 -6.37057449e-02 6.15468856e-01 -8.04805196e-02 7.01378094e-01 -5.71540487e+03 1.36986461e+01
 3.40131798e-01 -1.07694513e+00 3.88836395e-01 1.35856613e-01 -4.72324750e+02 1.37018456e+01
 3.99259434e-01 2.34961148e-01 4.23886649e-01 -9.25174334e-03 -9.47226149e+02 1.36978007e+01
 8.90180801e-01 -5.59369101e-01 7.41806670e-01 2.83118325e-01 -2.25993645e+04 1.36977477e+01
 7.38842155e-01 -2.48552236e-01 1.06494651e+00 1.20916132e-01 8.91582547e+03 1.36977280e+01
 -1.41271671e-01 -1.75199737e-01 -1.12517063e+00 1.88217017e-02 -1.46627936e+04 1.37026524e+01
 9.99858524e-01 4.83349534e-01 -1.64644430e+00 5.72713585e-02 7.38657503e+03 1.37053826e+01
 5.53415657e-01 -1.22209587e+00 -1.13104199e-01 -2.47284222e-02 1.48277011e+04 1.36946527e+01
 -9.75119369e-02 -4.15477672e-01 1.23149931e-01 -1.17093020e+00 -1.68157529e+04 1.37029463e+01
 1.35673765e+00 1.28297910e-01 1.47867703e+00 -3.47368100e-01 1.69222770e+04 1.36975749e+01
 -1.01049739e+00 4.41211527e-01 -8.17534091e-01 -5.01884167e-01 1.13911529e+04 1.36933093e+01
 -6.17601510e-01 -9.06162573e-02 1.34206115e+00 -1.36914082e-01 -1.72620200e+03 1.37109897e+01
 1.18254960e-01 -1.16418343e-01 8.64206176e-01 2.97037472e-02 -1.33592652e+04 1.37060270e+01
 1.43912836e+00 1.16065457e+00 4.47260322e-01 -7.39838700e-01 2.94729927e+03 1.37085868e+01
 1.43630075e-01 3.24524600e-01 5.43040492e-01 -2.45193529e-01 -5.22787717e+03 1.37044151e+01
 6.52321817e-01 -1.26998578e-01 7.06363921e-01 -3.11310118e-01 1.01769911e+04 1.36998028e+01
 -2.88156724e-01 7.13712946e-02 1.77690268e+00 -4.46856454e-01 -1.54861940e+03 1.37041975e+01
 -9.95227768e-01 -9.16173288e-01 -1.83990651e+00 1.60635912e-01 -3.12691662e+04 1.36910875e+01
 -1.51922073e+00 8.72619410e-01 -2.48528267e+00 7.97184408e-01 -1.33184652e+04 1.36976685e+01
 1.12007191e+00 -1.03713655e-01 5.47296892e-01 5.45077372e-02 -2.45965770e+02 1.37091927e+01
 -1.71947302e-01 -1.90218073e-01 2.61699957e-01 -3.76502433e-02 -3.45977368e+04 1.37019162e+01
 1.20415304e+00 -3.48866763e-01 -1.91977968e+00 4.51170886e-01 -1.74398842e+04 1.37077106e+01
 -4.86779321e-01 7.46617274e-01 7.94393467e-01 3.33571790e-01 2.75465969e+04 1.36994751e+01
 -1.41316671e+00 -4.89811294e-02 1.34146899e+00 1.04260809e-01 8.96859362e+03 1.36927524e+01
 1.01067621e+00 -1.74927988e-01 -4.18515208e-01 -1.39535895e-01 1.63562482e+04 1.37016973e+01
 -8.08822850e-01 -4.97736612e-01 -8.42640344e-01 -3.79625932e-01 8.37347681e+03 1.37023920e+01
 -1.37012730e+00 4.53417765e-01 1.96283157e+00 -1.07205172e-01 8.29902490e+03 1.36924933e+01
 -4.81782190e-01 2.55548599e-01 7.08635738e-01 8.02183405e-01 -6.96757743e+03 1.37067882e+01
 -1.14827012e-01 4.71716014e-01 1.72053996e+00 3.42084944e-01 -1.20497812e+04 1.36995165e+01
 -4.70439684e-01 -3.11614102e-01 6.41642749e-01 8.82668349e-02 -9.86957911e+03 1.37025655e+01
 -2.21686029e+00 -1.22537747e-01 2.77551824e-01 -3.46544934e-01 -1.07047911e+04 1.36877493e+01
 9.27751512e-01 6.25006554e-01 8.35855860e-01 -2.19506182e-01 -5.36555163e+03 1.36957609e+01
 1.40915194e+00 -5.26665591e-01 -1.09515632e+00 -9.20729288e-01 1.96176066e+03 1.37029645e+01
 -1.94234253e-01 -5.25069741e-01 -1.31472123e+00 -1.59314317e-01 5.82177188e+03 1.37000240e+01
 6.39250163e-01 -2.31392029e-01 -4.46187504e-01 -1.58097237e-01 -1.22100400e+04 1.36988755e+01
 1.64399069e-01 -2.20964853e-01 -1.46424906e+00 -5.63955254e-01 -4.91853147e+03 1.37026693e+01
 5.94032466e-01 -5.53757807e-02 2.44886189e-01 -7.06077793e-01 3.82835850e+04 1.37073910e+01
 1.44276376e+00 7.62564195e-02 2.66236580e-01 -1.31526557e-01 -2.34519113e+04 1.37042073e+01
 -6.31906955e-01 -2.88147940e-01 1.37765128e+00 -2.04006573e-01 2.29023001e+04 1.36994853e+01
 9.53839026e-01 -2.63006757e-01 8.15227137e-01 5.18972665e-01 -3.80503759e+03 1.37029446e+01
 1.06576429e+00 3.08048879e-01 5.20759651e-01 2.22615299e-01 1.65802056e+04 1.36983840e+01
 -9.87288232e-02 6.36103390e-01 3.58400410e-04 -3.86195660e-01 -1.01708506e+04 1.37042390e+01
 -2.58686881e+00 2.12816964e-01 -1.06531648e+00 1.47407917e+00 1.44578996e+04 1.36983941e+01
 -2.16359744e+00 3.29929757e-01 -2.53622573e-01 3.76149542e-01 1.83861898e+04 1.37000155e+01
 -5.27217883e-01 2.54866326e-02 1.60561317e-01 -6.45751783e-01 -4.24957125e+03 1.37047985e+01
 -1.69641373e+00 2.12526596e-02 -4.63460932e-03 -4.57542298e-01 1.16437375e+04 1.36898671e+01
 -9.78500651e-01 2.21891510e-02 1.09972433e+00 -5.55002449e-02 2.51451245e+04 1.36980730e+01
 1.42835659e-01 -2.73863297e-01 4.70351153e-01 3.88931462e-02 5.63188204e+03 1.37051669e+01
 7.48659996e-01 -6.11530755e-01 -3.77203300e-01 -1.96687194e-01 -3.45020393e+04 1.37011531e+01
 4.20635162e-01 -5.65482974e-01 9.23459342e-01 -5.47988104e-01 2.14679602e+04 1.36943690e+01
 -1.24728216e+00 2.97210374e-01 4.96589442e-01 -8.36606641e-01 1.48695281e+04 1.36903416e+01
 1.77128631e-02 -1.82586441e-01 1.07593144e+00 2.00867017e-01 2.17455828e+04 1.37116596e+01
 -1.57432027e+00 5.84436870e-01 5.87267257e-01 1.49440147e-03 -6.02652815e+03 1.37030836e+01
 1.80040083e-01 8.56087826e-01 1.26593661e+00 -2.94957503e-01 1.45839604e+03 1.37025885e+01
 8.67243894e-01 4.09541944e-01 1.27022457e+00 4.69375747e-01 8.09964530e+03 1.37040981e+01
 7.15081761e-01 -4.93696386e-02 -5.00391525e-01 7.44683223e-02 2.75071775e+04 1.37078334e+01
 -3.26840330e-01 -1.11253257e+00 1.59655416e+00 6.13909795e-01 -1.86931029e+04 1.37030674e+01
 7.66175347e-01 -9.22981537e-01 2.09621220e-01 -5.06956386e-01 -2.00750041e+04 1.36974328e+01
 -4.38142276e-01 -3.13145209e-01 2.01037489e+00 -1.20172682e+00 4.04133258e+04 1.37021402e+01
 -6.23081083e-01 -3.77964320e-01 9.20416576e-02 -8.85624359e-01 3.02815771e+03 1.36968299e+01
 -1.24448439e-01 -6.68825662e-01 2.22583235e-02 -7.45505760e-01 1.19871001e+04 1.36992351e+01
 -2.51548808e-01 6.33290992e-01 -7.78145975e-01 -8.31790342e-01 -7.81958334e+03 1.36996052e+01
 -1.41831038e-01 -6.30622457e-01 -5.21899838e-01 -1.25921046e-01 -3.93228475e+03 1.36997151e+01
 -5.01062980e-03 -6.76038184e-02 1.66801641e+00 -1.50199422e-01 -2.29289419e+04 1.36916393e+01
 -3.40788888e-01 2.72491067e-01 7.67105321e-01 -5.46254968e-01 1.23665993e+04 1.37006584e+01
 1.28695033e+00 1.81889973e-01 2.01372326e+00 -2.89915673e-01 3.10013438e+03 1.37026365e+01
 -1.38323498e+00 -2.57608178e-02 -1.23834498e-01 2.02698628e-01 -6.01568992e+03 1.36937287e+01
 1.47582111e+00 1.43011083e-01 6.39630146e-01 8.22616764e-01 2.19925863e+04 1.37050620e+01
 1.13878069e+00 1.08828694e-01 4.76996732e-01 -5.44217692e-01 1.64094137e+04 1.37003147e+01
 -1.18708481e-01 -4.68333389e-01 5.08290574e-01 4.97026134e-01 -1.50039754e+03 1.36984348e+01
 1.35031756e+00 3.11386050e-01 8.59448475e-01 4.39097837e-02 -5.16895834e+03 1.37060139e+01
 -9.18832103e-01 9.43612661e-02 -5.75475543e-01 -3.43106272e-01 7.35323467e+03 1.36998941e+01
 1.33209343e-01 -4.96831351e-01 -2.91227319e-01 -2.49850609e-01 2.92350942e+04 1.36955926e+01
 -8.44328480e-01 -1.44922649e-01 8.40917038e-02 -5.83545622e-01 -9.88130663e+03 1.36942400e+01
 -7.00940252e-01 -6.64792265e-01 -1.37877839e+00 2.68657453e-01 3.56042916e+03 1.36971481e+01
 1.58722650e-02 4.96851583e-01 -8.78232328e-01 2.93922948e-01 6.73328295e+03 1.37026126e+01
 5.18285392e-01 3.06496876e-01 7.35358266e-01 -3.88595096e-01 -5.03249666e+03 1.36964950e+01
 1.30327609e+00 -7.81885881e-02 -8.86351985e-02 3.29594623e-03 2.43147815e+03 1.37159469e+01
 3.05459877e-01 -2.18872714e-01 9.92069279e-01 -4.81439794e-01 3.20082156e+04 1.37067752e+01
 -2.53038568e-03 -4.07106872e-01 1.00655249e+00 -6.56952106e-01 -9.62480356e+03 1.36945855e+01
 -2.69937579e-01 -5.12974944e-01 -1.04214324e+00 -2.48879620e-01 1.40572468e+04 1.36980766e+01
 -2.15303480e-01 3.94517143e-02 1.57246885e+00 -1.21515604e+00 1.42134430e+04 1.37087992e+01
 2.82992670e-01 -1.42818699e-01 5.26942746e-01 -4.02421280e-01 -2.08896401e+03 1.37005123e+01
 8.02999097e-02 -1.57305798e-02 1.43161431e+00 -4.42328130e-02 6.41745878e+03 1.37100705e+01
 2.05243348e+00 -1.04357571e+00 -9.76078904e-01 4.55640603e-01 1.03621744e+03 1.37045607e+01
 -5.37274348e-02 4.32281898e-01 -1.17595808e+00 3.74779497e-02 -8.86273057e+03 1.37005594e+01
 -1.70755896e+00 -7.48770146e-02 -3.47844802e-01 -3.74226791e-01 -7.17067947e+03 1.37004900e+01
 2.78950903e-01 -1.05194797e-01 5.32719577e-01 2.09353802e-01 -7.59030300e+03 1.37040872e+01
 5.41157444e-01 -6.77277067e-01 -9.96904879e-02 2.72160160e-01 2.57393062e+04 1.36947471e+01
 5.25921099e-01 7.28764248e-02 -1.73804220e-01 2.53970681e-01 -5.89237424e+03 1.36996940e+01
 -8.05142478e-01 -4.91623225e-01 -7.69422467e-01 -8.34429203e-01 -3.21263677e+03 1.37159385e+01
 -2.60187812e-01 3.59253080e-01 -5.80775526e-01 6.02769008e-01 -1.64093356e+04 1.37051448e+01
 -4.59355667e-01 9.21582251e-01 1.73107213e+00 -2.48517703e-01 9.41969924e+03 1.37072392e+01
 -2.98559521e-01 -7.07350328e-01 7.86129930e-02 -7.13147799e-01 -4.62468914e+04 1.37019986e+01
 6.97242833e-01 -2.05823345e-01 -3.38720579e+00 2.08053109e-01 2.99893499e+03 1.36930264e+01
 -3.79058038e-01 -8.81823844e-02 -8.38790531e-01 -2.44265962e-01 5.04810378e+02 1.36969204e+01
 6.18916053e-01 -3.64098137e-01 7.59201788e-01 3.95021935e-01 -1.97973457e+04 1.37070395e+01
 2.93279150e-01 3.23718874e-01 -1.34955684e+00 4.38140541e-01 1.58641853e+04 1.37141819e+01
 1.01629526e+00 -5.55146547e-02 -2.10171824e-01 1.98007689e-01 1.14548882e+04 1.37066088e+01
 6.04183433e-01 -4.63922780e-01 7.82522750e-01 7.98011316e-01 -2.05108846e+04 1.37081003e+01
 -8.06536774e-01 7.37128816e-01 -1.47493106e-01 1.48172314e-01 1.94009222e+04 1.37000492e+01
 1.83818476e+00 -6.39536372e-01 -3.22126397e+00 6.18215921e-01 1.56443231e+04 1.37006149e+01
 7.42212943e-01 6.02851384e-01 -9.74341107e-01 1.82364613e-02 4.25533609e+04 1.37056806e+01
 -5.05769160e-03 5.00253862e-01 1.42086661e+00 4.68199101e-01 3.29838040e+04 1.36991751e+01
 1.11279391e+00 -5.99002551e-01 -1.61905404e+00 -1.32420640e-01 3.44430086e+04 1.36997081e+01
 6.15513205e-01 -6.53864459e-02 -6.13638055e-01 8.28256180e-01 4.50121815e+02 1.36939448e+01
 -5.86254464e-01 2.31547634e-01 -1.42298832e+00 2.90363334e-01 -4.87606771e+03 1.36930605e+01
 -2.30645815e-01 -1.09188368e-02 2.90884700e-01 2.27831230e-01 -3.67041797e+04 1.36986202e+01
 1.69826715e+00 -4.61770445e-01 -1.31992249e+00 6.79580919e-01 -1.04349721e+04 1.37095057e+01
 -8.50388957e-01 -1.40491293e-01 5.55705197e-01 -5.53398865e-01 3.89633761e+04 1.36963332e+01
 6.93812703e-02 1.11064543e+00 1.42838422e+00 -2.65831610e-01 -3.06284983e+03 1.36925170e+01
 2.27673749e+00 4.83136239e-01 1.97610896e-01 -3.28783613e-01 4.47907581e+04 1.37034099e+01
 -2.18114044e-01 5.11833328e-01 -7.79640300e-01 -2.68146614e-01 -2.07874268e+04 1.36959268e+01
 3.56665996e-01 3.58701705e-01 -8.78022203e-01 -4.81057047e-01 9.10186666e+03 1.36825038e+01
 1.62641216e+00 4.91282681e-01 -9.25600273e-01 -4.35007789e-01 -2.70630873e+04 1.36861628e+01
 -1.77477092e+00 2.81851327e-01 2.36714941e-01 -7.46627619e-02 -4.71729369e+03 1.37021690e+01
 5.84718927e-02 -1.79748815e-01 1.03552106e-01 2.36270438e-01 4.26374866e+02 1.37039333e+01
 -5.42006085e-01 4.64809135e-01 -8.18247472e-01 -3.25161933e-01 1.06477764e+04 1.36934908e+01
 -2.21151734e-01 3.18638813e-01 1.05232690e+00 -6.55122110e-01 -3.38927357e+04 1.36992416e+01
 -5.24940778e-01 -2.21312010e-01 -1.21647307e+00 4.07816739e-01 -1.40623471e+02 1.36947681e+01
 3.87545990e-01 -4.78644370e-01 2.10012808e+00 1.16795072e+00 1.42948660e+04 1.37031350e+01
 -2.07824913e+00 -3.11017866e-01 -3.00735459e-01 -4.80876496e-01 3.21454578e+03 1.36988826e+01
 -1.67804100e+00 6.83250985e-01 2.92398248e-01 -3.88315119e-01 3.26108920e+04 1.36989950e+01
 -1.16817676e+00 -7.36142069e-01 1.08932001e+00 1.59617832e-01 9.44617922e+03 1.36961482e+01
 3.85437953e-01 1.57739607e-01 -6.23612847e-01 -7.35995173e-02 1.54329212e+04 1.36950420e+01
 -7.34696495e-01 7.83057302e-01 1.08608682e+00 7.69798348e-01 -3.87445113e+03 1.37030076e+01
 -3.00532871e-01 5.51500945e-01 -3.81374650e-01 1.50491698e-01 1.01712360e+03 1.36994302e+01
 8.44798334e-01 -1.01305774e+00 -1.03574903e+00 3.01173534e-01 1.52482985e+04 1.37134339e+01
 5.93260922e-01 9.40855469e-02 -2.50934991e+00 5.32004682e-02 1.84666141e+03 1.37013974e+01
 3.37000978e-01 -4.85140538e-01 -8.45158835e-01 1.14286988e+00 -3.11806952e+04 1.36961852e+01
 8.86179055e-01 -8.72778143e-02 7.65042809e-01 2.14058921e-01 -1.07296508e+04 1.36990950e+01
 1.01656041e-01 -4.48326394e-01 -2.45501517e-01 -2.55965627e-01 -2.34885606e+04 1.36950690e+01
 -6.37997929e-01 -3.46432815e-02 -3.54309431e-01 6.24605111e-02 -1.81619975e+03 1.36976647e+01
 -1.02543936e-01 6.25108883e-01 -5.30637065e-02 9.41108353e-01 1.15613732e+04 1.36921052e+01
 5.57136248e-01 2.42931714e-01 8.13856366e-01 1.34880275e-01 2.54231378e+04 1.37137222e+01
 -8.71342337e-01 3.92002294e-01 -2.21717102e-01 -6.38962719e-01 2.37495878e+04 1.36939599e+01
 1.05874946e+00 1.83051581e-01 -4.98889667e-01 5.78693399e-01 -7.24224681e+03 1.37097335e+01
 4.05880205e-01 -8.48757195e-01 -1.37113344e+00 4.20337686e-03 -5.97298676e+03 1.36968636e+01
 7.20552936e-01 -1.24410120e-01 1.14285337e+00 -6.65652137e-01 -2.22285198e+04 1.36943459e+01
 7.09725726e-01 -4.39037963e-01 9.22736295e-01 -4.08199303e-01 -2.88984940e+04 1.37026097e+01
 -1.98036502e-01 6.47584114e-01 -1.01403641e+00 8.11811816e-03 -2.20397700e+04 1.36904133e+01
 8.83859889e-01 2.70857544e-01 9.43770418e-01 -1.14180581e-01 3.91085616e+04 1.37030950e+01
 -1.03497097e+00 -6.12121639e-01 4.98920372e-01 6.78425949e-01 2.23848534e+04 1.36941534e+01
 -6.28224125e-01 8.05904562e-02 3.79469691e-01 5.69959449e-01 -3.96071156e+04 1.36927224e+01
 -1.96600283e-02 -6.93155268e-01 1.27161116e+00 -4.35719535e-01 1.06700741e+04 1.36944931e+01
 -9.09512475e-01 -5.79927935e-01 -3.39896440e-01 3.18559949e-01 2.52441920e+04 1.36882753e+01
 8.65776986e-01 -3.55678721e-01 3.67353011e-01 1.06532166e-01 -1.70862375e+04 1.36992372e+01
 1.13410503e+00 3.37279121e-01 -3.53960238e-01 -3.11604346e-01 -4.75294132e+03 1.37051094e+01
 -3.34372128e-01 4.76477185e-01 1.58050458e-01 3.41987271e-02 -1.33987599e+04 1.36972186e+01
 -2.35796688e-01 -6.33416825e-01 3.39080933e-01 4.28324821e-01 1.38140049e+04 1.37097648e+01
 -1.25704808e+00 8.16613682e-02 -1.71386941e+00 -3.54363884e-01 -1.72030061e+04 1.36934430e+01
 -2.54894297e-01 -1.31448027e-01 8.60096040e-01 4.41686096e-01 2.02393296e+04 1.37035090e+01
 1.07628352e-01 -1.38771226e-01 -9.46347054e-02 -7.44401729e-01 5.83675354e+03 1.36969165e+01
 3.83980735e-01 -3.54690324e-02 1.72630275e-01 -2.03547800e-01 -2.92242922e+04 1.36922543e+01
 7.13131039e-02 1.08239104e+00 9.45217476e-01 1.63644844e-01 1.28552514e+04 1.36987746e+01
 2.63072517e+00 -1.38355430e-01 8.10614614e-01 2.12736016e-01 -2.13469811e+03 1.37103731e+01
 1.45315816e+00 8.77036025e-01 2.38452950e+00 -7.01079037e-02 1.81051550e+04 1.37137164e+01
 1.33809156e+00 -5.24422955e-01 2.26374646e+00 -8.00478602e-01 -1.61377482e+03 1.37029952e+01
 -1.44808485e+00 -3.06066052e-01 1.63813937e+00 5.66435888e-01 -9.51084237e+03 1.36980068e+01
 4.25420609e-01 -1.94930380e-01 9.56210397e-01 1.63488531e-02 -3.74391744e+03 1.36993777e+01
 -1.42923674e+00 -2.05164979e-01 -6.57210263e-01 5.10140137e-02 -1.93590316e+03 1.37001690e+01
 -5.93929963e-01 -2.13928515e-01 -3.70292639e-01 7.74208522e-01 1.63148876e+04 1.36854428e+01
 3.94001473e-01 -1.01023187e+00 -1.73850113e+00 3.47541816e-01 -9.75266319e+03 1.37050362e+01
 -1.77341302e+00 4.72035654e-02 -1.28346792e-01 9.26199082e-02 -2.11438568e+04 1.36979434e+01
 -1.78121077e+00 -4.53996339e-01 -7.08031632e-01 -5.64809613e-01 -6.65922480e+03 1.36916738e+01
 -6.10815895e-01 -3.38429149e-02 2.57949163e-01 2.06916054e-01 -2.24994744e+04 1.36985072e+01
 -2.16602874e+00 1.17680033e-01 6.94185627e-02 -1.97306613e-01 1.93949142e+03 1.36885373e+01
 4.72463778e-02 -4.29933058e-01 6.51381883e-02 -6.91472179e-01 2.54323633e+04 1.36970391e+01
 -7.27152499e-01 -5.33087228e-01 -3.61788415e-01 -6.22600870e-02 -2.34347515e+04 1.36962463e+01
 -5.09999288e-01 4.13021093e-01 6.07890842e-02 2.93744647e-01 3.67732031e+03 1.36939114e+01
 2.39560560e-01 4.71897921e-02 3.85212762e-01 4.63124751e-01 -2.85083413e+04 1.36913421e+01
 -6.26284359e-02 2.85531016e-01 1.05052459e+00 -2.99085294e-01 -1.39027807e+04 1.37011073e+01
 -1.28570240e-01 -6.70274035e-01 -2.80667938e-01 -2.33703144e-01 2.85392792e+04 1.37032214e+01
 -1.22900495e+00 -4.27063276e-01 9.20207138e-02 5.94123628e-02 2.75005517e+04 1.36943243e+01
 1.24561931e-01 -1.33742613e-01 -3.07156278e-01 6.12791524e-01 8.99799037e+03 1.37060206e+01
 2.15312098e+00 -1.87974375e-01 -1.82674483e+00 1.10953313e-01 -1.78871922e+02 1.37046126e+01
 1.08763434e+00 1.73841468e-01 -1.30808929e+00 4.61741475e-02 -9.09269331e+03 1.36938317e+01
 -1.65017152e+00 1.22142470e-01 8.71211159e-01 1.94885568e-01 -1.33250698e+04 1.36943399e+01
 5.43494486e-02 2.23816676e-01 2.31513510e-01 1.83507495e-01 1.16479613e+04 1.36970715e+01
 7.45213467e-01 -1.93696366e-01 2.18924883e-01 3.27335908e-01 -1.52586878e+04 1.36959443e+01
 -1.29489219e-01 1.15251731e-01 1.94792381e+00 -2.86489432e-01 2.82124587e+03 1.37013269e+01
 -1.84221323e+00 -2.64761329e-01 3.63741197e-01 7.19027195e-02 -3.41325795e+03 1.36920477e+01
 -4.84839316e-01 5.69007839e-02 -2.63475228e-01 5.95448947e-01 -2.90419217e+04 1.36911433e+01
 -2.06926283e+00 -1.37805077e-01 2.43078828e-01 -5.09033805e-01 2.13994914e+04 1.36962359e+01
 -2.36694032e-02 8.53610341e-02 3.41368384e-01 -6.62624462e-01 3.02520226e+04 1.36900162e+01
 -1.14779707e+00 -1.45505566e-01 2.76467535e-01 2.18919216e-01 1.83685638e+04 1.36826152e+01
 4.31569325e-01 -3.50047694e-01 -1.14538262e+00 -9.02548792e-02 -1.74482670e+04 1.37084800e+01
 6.82871510e-01 9.33518396e-02 -1.79000104e+00 -5.08154236e-01 4.02902512e+03 1.36954824e+01
 -2.40516626e-01 -2.29686964e-01 4.11426340e-01 5.31247002e-01 -1.95878839e+04 1.37019580e+01
 -1.50208730e-01 -2.74169195e-01 1.38448302e+00 -7.17458747e-02 3.45369440e+04 1.37035407e+01
 -6.16037459e-01 3.65289686e-01 1.51057602e+00 3.51441117e-01 -7.22430810e+02 1.36873961e+01
 2.81687523e-01 -2.26149865e-01 -1.08640390e+00 5.55910552e-01 -1.07845177e+04 1.37069979e+01
 1.65075090e+00 7.95996611e-01 2.07336229e+00 4.41502186e-01 -4.06768630e+04 1.37082540e+01
 -3.11192282e-01 1.28285453e-01 1.08310072e+00 -1.48502131e-01 -3.28990554e+04 1.36955473e+01
 1.42236779e+00 -1.20880385e-01 -1.10155891e+00 4.50240584e-01 1.03664899e+04 1.37248479e+01
 -5.39289923e-01 -1.83943288e-01 5.92079231e-01 6.47268751e-01 1.81208264e+04 1.36971483e+01
 -3.27339300e-01 8.97043408e-01 -2.70188222e+00 1.31747644e-01 7.90386719e+01 1.37032935e+01
 1.94731528e+00 7.53029156e-01 4.38514729e-01 -1.24714377e-01 -3.95863394e+03 1.36970371e+01
 6.06804455e-02 -5.53230431e-01 1.24379461e+00 4.91245450e-01 -1.27960908e+04 1.37025177e+01
 1.76469094e+00 -3.05434117e-01 -9.38206512e-01 -5.02976829e-01 -2.93865737e+03 1.37174467e+01
 1.06305207e+00 3.53459681e-03 -5.22692645e-01 4.51704476e-02 7.17509923e+03 1.37059983e+01
 -4.06483212e-01 6.60362688e-01 -4.04747548e-01 5.25107037e-01 1.85768260e+04 1.37018023e+01
 7.18593424e-01 2.60969124e-02 -6.72320949e-01 6.07135044e-01 9.75955458e+03 1.37020187e+01
 1.46963605e+00 3.69933910e-01 4.34241562e-01 -2.62174246e-01 1.23544238e+04 1.37023821e+01
 1.36604662e-01 7.43670412e-01 7.94113006e-01 2.48810254e-01 -2.66252383e+04 1.36946714e+01
 2.10393637e+00 2.35509336e-01 -1.09230508e+00 1.06295424e-01 1.34245985e+04 1.37050331e+01
 6.97890969e-01 -3.95238833e-01 -1.13021544e+00 2.03164713e-01 4.79145739e+03 1.36973479e+01
 -1.11077504e+00 -3.93698545e-01 1.42537975e+00 -4.60051653e-01 9.25955549e+03 1.36948824e+01
 -5.20463248e-01 -2.02220849e-01 -1.98757081e+00 -1.20836714e-01 -5.08628479e+03 1.36931258e+01
 -5.80496434e-01 5.16280187e-01 7.80341929e-01 -2.55236122e-01 -3.14979797e+04 1.37123344e+01
 9.05974400e-01 4.05484850e-01 -1.47871702e+00 -1.44440226e-01 9.25892869e+03 1.37021054e+01
 -1.64900980e-01 -2.77231085e-01 8.21183696e-01 6.20490935e-01 -1.05809878e+04 1.36989099e+01
 9.00726365e-01 6.15826676e-01 1.01585743e+00 -2.53445744e-01 6.57452643e+03 1.37099423e+01
 7.77154371e-02 -2.04384285e-01 1.35694035e-01 2.53481228e-01 -3.54990954e+04 1.37014563e+01
 2.92296888e-01 1.47194490e-01 -1.62739476e+00 9.36187849e-01 7.18817635e+03 1.37036682e+01
 1.14076180e+00 2.73148017e-01 -3.95965057e-01 3.07664189e-01 -1.06429244e+04 1.37105719e+01
 9.21914195e-01 -2.99075328e-01 1.07412229e-01 -8.12994452e-01 1.11160478e+04 1.36981697e+01
 1.43024053e-01 3.46851214e-01 4.30422245e-01 -1.16594512e-01 1.46863962e+03 1.36969491e+01
 8.51490081e-03 -1.25607633e+00 -4.71054412e-01 1.88487005e-01 -2.42644081e+04 1.37084976e+01
 -1.07012882e+00 7.85658988e-01 5.02129879e-01 3.65018781e-01 -3.67643301e+04 1.36993170e+01
 9.58380972e-01 3.69816681e-01 -6.89463483e-01 -2.53642468e-02 1.21026353e+04 1.37090764e+01
 -9.09160261e-02 4.98476698e-01 1.74654020e-01 1.80187003e-01 2.61444528e+04 1.36892700e+01
 -7.58142099e-01 -6.76042392e-02 -2.04722594e-01 4.72000933e-01 2.91335013e+04 1.36986217e+01
 3.54331533e-01 8.07746405e-01 -5.49943204e-01 -1.06350221e-01 -1.06348050e+04 1.37008033e+01
 6.02534803e-01 2.35614101e-01 -1.48490395e+00 6.42813774e-01 1.17339614e+04 1.37152669e+01
 6.76861302e-02 4.21717730e-02 3.75416607e-01 -7.78067864e-01 4.82799471e+03 1.36932066e+01
 -6.51713222e-01 2.50472004e-01 1.35703244e+00 -5.90095115e-01 -2.11773665e+04 1.37031909e+01
 1.09499760e+00 6.31513022e-01 -2.72638383e-01 2.00118622e-01 -6.93784281e+02 1.37152262e+01
 -2.49300271e-01 1.00658487e+00 -1.03270362e+00 8.36888397e-02 -2.02692563e+04 1.36934068e+01
 -7.51189931e-01 -1.16495377e+00 -3.04876826e-01 8.31820144e-02 7.44136068e+03 1.36926086e+01
 -1.41125842e+00 1.40177405e+00 8.93993309e-01 -2.63795405e-01 -1.24803708e+04 1.36845209e+01
 7.09767608e-01 -1.57689819e-01 6.45026161e-01 2.80661874e-01 7.35565217e+03 1.37050938e+01
 2.17798126e+00 9.44172256e-01 -6.96411566e-01 -2.45867814e-01 5.34326288e+04 1.37107810e+01
 6.74101742e-01 -4.93416166e-01 4.37664119e-01 -2.16876677e-01 5.36300327e+03 1.37111179e+01
 -1.63786048e-01 6.04935904e-01 1.15773802e+00 -3.50526130e-01 6.75469508e+03 1.36894020e+01
 3.73819943e-01 8.36553070e-02 -5.14505126e-02 -8.86124118e-01 -2.01760785e+03 1.36970708e+01
 -1.84632538e+00 1.36478895e-01 6.52864133e-01 7.77989145e-02 1.29368188e+04 1.36989979e+01
 -8.96982629e-01 3.88728110e-01 3.06213298e-01 4.33368363e-02 -7.17144243e+03 1.36925998e+01
 -2.98917332e-01 -5.30805967e-01 2.03821318e-01 6.63989656e-01 7.95126962e+03 1.37015836e+01
 4.90642550e-01 -3.00134701e-01 -8.53869203e-02 -7.00131663e-01 3.86139808e+03 1.36972065e+01
 4.93877613e-02 4.54129289e-01 2.04192877e-01 4.20368540e-01 -1.26259631e+04 1.36959656e+01
 1.83703740e+00 1.36308462e-01 1.95702954e+00 5.59324595e-01 2.74618997e+04 1.36984600e+01
 -2.08785412e-01 -1.09005689e-01 -1.14883565e+00 -1.06900198e+00 -1.96584804e+03 1.36987610e+01
 -1.70122886e+00 3.92522061e-01 -3.25406061e-01 -2.09651527e-01 1.87141285e+03 1.36974396e+01
 1.66727406e-01 -4.83618786e-01 -6.11223646e-01 1.88240114e-01 -7.38577705e+02 1.36987482e+01
 -2.49732719e-01 2.33205201e-01 1.26540342e+00 2.59177351e-01 -1.06407799e+04 1.37209683e+01
 1.37572957e+00 1.38107758e-01 9.68766228e-01 8.00963616e-01 9.82934831e+03 1.37095887e+01
 -1.31062102e+00 4.10391467e-01 6.21314883e-01 -2.36295907e-01 1.48782229e+04 1.36932149e+01
 1.61354293e-01 4.86173656e-01 3.46208744e-01 -2.76987272e-01 -2.62155545e+04 1.37108890e+01
 6.37463497e-01 -1.12061685e-01 -5.71198605e-02 7.48181434e-01 7.37073427e+03 1.37014783e+01
 -2.12818450e+00 3.22246707e-01 -8.58675096e-01 -6.85346301e-02 1.81935647e+04 1.36957095e+01
 -1.55498881e-01 7.78423394e-01 -1.06477951e-01 -5.62456455e-01 8.28396739e+03 1.36961611e+01
 -1.77608892e+00 -5.38892268e-01 -1.13642383e+00 -6.66685243e-01 2.29444666e+04 1.36942096e+01
 -1.53356572e-01 -9.25395139e-02 -6.54840959e-01 -7.65803998e-01 1.93912079e+04 1.37020088e+01
 3.34232331e-01 2.49971309e-01 1.07330743e+00 -6.50677341e-02 -2.89979547e+04 1.36909512e+01
 -1.06704798e+00 -3.31370376e-01 -2.55160852e-01 -1.54932747e-01 7.13645081e+03 1.36964994e+01
 6.03219260e-01 9.80243678e-02 2.28624876e-01 -2.77371836e-01 2.27204561e+04 1.37011751e+01
 1.30238862e+00 -1.15969631e+00 9.46566509e-02 -2.38134104e-01 1.94344636e+04 1.37055707e+01
 -9.81465609e-01 8.21299347e-01 1.31912667e+00 -1.62780393e-01 -1.53246490e+04 1.36929874e+01
 9.56886996e-02 3.17923564e-01 -1.34647664e+00 -1.31178726e+00 -1.52076682e+04 1.36997345e+01
 1.13315041e+00 -4.94945194e-01 -1.99545975e+00 2.30021988e-01 -7.18586460e+02 1.37112355e+01
 5.96727890e-04 9.60016668e-01 1.97093602e-01 -9.51513563e-01 -2.14295630e+04 1.37002548e+01
 -1.35829620e+00 2.34605730e-01 -7.16075894e-01 3.29927609e-01 -2.89588503e+04 1.36985429e+01
 -1.39447948e+00 6.65115531e-01 -1.08017632e+00 4.88118461e-02 1.59362224e+04 1.37044619e+01
 8.51617377e-01 -5.54943008e-01 3.53453758e-01 9.67071466e-01 1.69138486e+04 1.36981691e+01
 -1.46530483e+00 -9.05552201e-01 -2.16061255e+00 8.05195628e-02 1.87817068e+04 1.36917889e+01
 -1.25513718e+00 5.34203050e-01 -4.52981593e-01 4.26853880e-01 3.04504482e+04 1.36816098e+01
 3.95705829e-01 6.35522077e-01 -5.10979776e-01 3.17669259e-01 8.15109260e+03 1.37115452e+01
 -1.12672804e+00 5.96900452e-02 1.42936552e+00 -4.86819862e-01 2.07797924e+04 1.36938408e+01
 2.06522797e-01 3.29939979e-01 -7.68249029e-02 -1.28288365e-01 1.82048734e+04 1.37148331e+01
 9.88462661e-01 -5.95477302e-01 1.17595677e+00 6.62916968e-01 -2.20472638e+04 1.36998127e+01
 1.48033048e+00 -2.79620042e-01 1.02578926e+00 3.21208939e-01 -4.51106939e+03 1.37031459e+01
 -5.64301365e-02 6.87837180e-02 -5.11657699e-01 8.50858550e-01 1.27630862e+03 1.36907604e+01
 5.65904046e-01 1.17618615e-01 6.18176950e-01 -4.88032545e-01 -1.12073145e+04 1.37007568e+01
 9.92283689e-01 6.88970241e-01 9.36670606e-01 -3.53388548e-01 -1.79835731e+03 1.37136118e+01
 1.02288935e+00 -1.19119964e-01 -2.94668621e-01 -3.81140150e-01 1.67359978e+02 1.37020726e+01
 4.87557368e-02 -2.42819930e-01 1.96958169e-01 3.20023533e-01 -8.68301182e+03 1.37035861e+01
 2.86720274e+00 2.87661208e-01 1.43957782e+00 -6.68110130e-01 -9.74531730e+03 1.37171206e+01
 -1.72259842e+00 4.14321794e-01 3.01263676e-01 3.94016246e-01 2.12106750e+04 1.36882193e+01
 9.28261573e-02 -8.00522469e-01 -5.87349199e-01 5.01685466e-01 1.05390040e+04 1.36958974e+01
 -1.50053062e+00 8.99397985e-01 2.24695610e+00 2.95802315e-01 -1.42291515e+04 1.36830209e+01
 1.49456124e+00 8.48980073e-01 1.01235796e+00 7.53887748e-01 -4.05675113e+04 1.37066432e+01
 2.42338977e-03 -8.33166432e-01 -5.99908583e-01 7.79307391e-01 -3.29507490e+03 1.37089549e+01
 -1.64713028e+00 -6.52017449e-01 9.09320881e-01 -5.06972031e-01 2.15898413e+04 1.36918624e+01
 1.26332418e+00 -2.85981918e-01 -8.36577352e-01 7.24564313e-02 1.57459748e+04 1.37015996e+01
 -4.95977808e-01 5.30904252e-01 1.65565522e+00 9.58349571e-01 1.90566229e+04 1.37042146e+01
 -8.99758271e-02 2.40708549e-02 -4.33349927e-01 -4.53843317e-01 2.57723429e+04 1.36978852e+01
 -4.06390711e-01 -1.47622371e-01 6.66495358e-01 -1.65209582e-01 1.40715304e+04 1.37005282e+01
 2.72017571e+00 6.61885365e-01 1.76972252e-01 1.03734893e+00 4.33074904e+03 1.36932206e+01
 -1.95799337e+00 -6.86100595e-01 1.84054278e+00 4.56914999e-01 4.10219502e+04 1.36892085e+01
 -1.18930689e+00 -2.44885583e-01 -7.53017549e-01 6.25494017e-01 -7.53807339e+03 1.37019072e+01
 6.00768561e-01 9.45982864e-01 -2.11297620e+00 -4.06352253e-02 -3.72088766e+04 1.37036960e+01
 -2.24968374e+00 4.62304321e-01 -4.32741183e-01 8.32406532e-01 6.73812239e+03 1.36898946e+01
 2.25672399e-01 -3.70151981e-01 1.66348414e-01 -1.11768572e-01 1.12898315e+04 1.36984710e+01
 1.16462454e+00 7.40145447e-01 1.28745160e+00 -3.80035419e-02 7.08650457e+03 1.37155717e+01
 -2.26535556e-01 8.93743748e-02 -1.05724655e+00 -1.78774146e-01 9.31421510e+03 1.36922023e+01
 2.26649443e+00 9.45528954e-01 6.93112325e-01 3.48285511e-01 2.09702641e+04 1.37018672e+01
 -2.29948798e+00 2.12705254e-01 9.35516324e-02 -1.42328787e-01 5.70554203e+03 1.37037181e+01
 -2.81668444e-01 -6.82567894e-01 -7.89800096e-01 -8.90369722e-04 -3.23622205e+04 1.36968172e+01
 -4.36482635e-01 2.49624348e-01 2.29268476e-01 6.58104941e-01 1.45783373e+04 1.36931919e+01
 -9.58665363e-01 7.38128185e-01 -9.89480762e-01 2.10800625e-01 -1.51164818e+04 1.37020453e+01
 -1.36462100e+00 1.25761853e+00 -2.55136338e+00 1.68075968e-01 -4.65636830e+04 1.36974731e+01
 -4.65394984e-02 9.82612576e-02 9.47956727e-01 -3.79802515e-01 -1.85381586e+04 1.37024887e+01
 1.27585785e+00 -1.91044717e-01 1.83009591e+00 -4.68994149e-02 3.31786790e+04 1.36992225e+01
 8.87860273e-01 2.66423981e-04 -1.37994315e+00 4.35764132e-01 2.41198112e+03 1.37072413e+01
 -9.50423854e-01 -6.31521807e-01 -3.95385994e-01 2.92003931e-01 2.92084670e+04 1.36894152e+01
 -4.58795617e-02 1.39852283e-04 2.22049642e-01 8.96564082e-02 -5.43082207e+03 1.36955421e+01
 8.28948997e-01 5.39911209e-01 -1.45561179e-01 2.25537010e-01 -1.92233889e+04 1.37095158e+01
 -5.36262416e-01 2.43313225e-01 -1.49327572e+00 4.88946554e-01 8.18850057e+03 1.37007321e+01
 5.15831247e-02 -1.23003375e+00 -1.35358093e+00 -1.54999300e+00 -1.40201396e+03 1.37087609e+01
 1.02862671e+00 -2.51033634e-01 -6.21711968e-02 -1.68495753e-01 6.68179798e+03 1.37071797e+01
 -3.18918104e-01 -6.93413503e-01 -1.67020498e+00 6.01865606e-01 2.25984908e+04 1.36990777e+01
 -8.33908600e-01 -4.13289025e-01 -1.99867876e+00 1.97213008e-01 -1.82274511e+04 1.36968012e+01
 1.48160224e-01 1.84567161e-01 2.47238360e+00 3.46989659e-02 -5.14133698e+03 1.37017398e+01
 1.56290769e+00 2.64402458e-01 -1.14649366e+00 1.42453418e-01 5.82566684e+03 1.37092703e+01
 -4.40039101e-01 8.32541836e-01 7.22969610e-01 -8.24788642e-01 1.16900744e+04 1.37040486e+01
 1.31376498e+00 5.13901195e-02 6.75155541e-01 -1.49013842e-01 -1.40758345e+04 1.37019860e+01
 -1.66957951e+00 -1.04457316e+00 1.63462997e+00 -9.75092800e-01 2.24451065e+04 1.36939891e+01
 -2.35495361e+00 -2.73848342e-01 9.05266616e-01 -3.73141315e-01 3.23576899e+04 1.36934956e+01
 1.29946384e+00 2.12826623e-01 -3.56826168e-01 1.05339041e-01 3.57062511e+04 1.37124023e+01
 9.71363898e-01 -1.58766453e-01 1.34267928e+00 1.17727394e-01 3.63590889e+04 1.37079302e+01
 -1.03596665e+00 3.91836621e-01 -4.66967016e-01 4.38167754e-01 7.24457877e+03 1.36969934e+01
 -5.97699503e-01 -7.74326340e-01 -2.92943193e-01 -1.11115449e+00 -1.24859485e+04 1.36911036e+01
 1.54184992e+00 -1.00188616e-01 2.93005529e+00 -8.97487500e-01 -4.25624671e+03 1.37093363e+01
 -1.37753652e+00 2.91520413e-01 -1.23855673e+00 2.14500698e-01 -1.16901943e+04 1.36916112e+01
 4.26142518e-01 -1.99592495e-01 8.98543484e-01 1.21195847e-01 -2.25506315e+04 1.36974717e+01
 2.43158124e+00 -2.39941849e-01 -7.24973249e-01 -4.13030450e-02 7.46912419e+03 1.36970473e+01
 7.63998486e-01 -5.51357589e-01 -3.32139370e-01 9.30375159e-02 -1.81147946e+04 1.36978317e+01
 -1.52924766e+00 -2.93791652e-01 7.15582068e-02 -4.26248661e-01 -1.45467115e+04 1.36904221e+01
 1.31686991e+00 2.55728226e-01 -9.78198472e-01 1.12380594e+00 -3.78769598e+04 1.37049925e+01
 7.99815933e-01 1.21492345e-01 3.65174456e-01 -1.43251035e-01 -3.68673988e+03 1.37125067e+01
 -7.79126574e-01 1.52204957e-01 -1.61111657e-01 2.24017763e-01 -2.30856061e+03 1.37087508e+01
 1.99283264e-01 6.11014270e-01 -1.57449541e+00 -1.72071823e-01 -8.07560433e+03 1.36971962e+01
 -1.62356504e-01 -7.65174632e-01 -1.16195057e+00 -4.47687253e-01 -2.70944249e+04 1.37114102e+01
 7.24011216e-01 -5.48081390e-01 -1.82304717e+00 -4.80573294e-01 1.14592084e+04 1.37015697e+01
 8.21546878e-01 6.14506647e-01 9.37492663e-01 5.07428229e-01 5.07751812e+03 1.37046511e+01
 -1.09283496e+00 5.55063775e-01 1.26777029e+00 -5.30377210e-01 1.06491089e+03 1.37035106e+01
 -6.27066478e-01 -2.97820277e-02 -1.47243214e+00 -2.80544474e-01 -2.18692078e+04 1.36967858e+01
 1.55410564e+00 3.17133734e-01 -1.73604174e+00 2.41076104e-01 8.64498289e+02 1.37041269e+01
 -2.57489810e-01 9.66037984e-02 1.98750308e-01 -7.22997038e-01 -3.15207938e+04 1.37045811e+01
 7.21075119e-01 2.80682451e-01 -4.67030060e-01 -2.43015669e-01 8.77991476e+03 1.36979402e+01
 1.33902258e-01 4.77731545e-01 4.98981941e-01 -1.25065246e-01 -2.83110958e+04 1.37074279e+01
 2.40268966e+00 8.09275474e-02 6.69681126e-01 6.42996646e-01 1.44273197e+04 1.37033380e+01
 -4.03530915e-01 -5.07882095e-01 -1.81445683e+00 9.54795035e-03 -8.61205315e+03 1.36941145e+01
 -6.68919093e-01 -2.12848469e-01 1.70667499e+00 4.92851956e-01 3.89528871e+04 1.37048990e+01
 1.58017360e+00 -3.81740411e-01 2.45379664e-01 7.60050991e-01 -4.00965753e+04 1.37067406e+01
 -1.38587978e+00 -1.40740770e-02 -7.11394452e-01 5.50556292e-01 1.08115316e+04 1.36993145e+01
 4.97164866e-01 -6.24449215e-02 -7.79504001e-01 3.72429149e-02 4.31151470e+03 1.37000046e+01
 -7.15018955e-01 3.09543519e-03 3.34805621e-02 4.17005916e-01 -1.31173018e+04 1.36924621e+01
 6.52322394e-01 -1.91858966e-01 -1.43620760e+00 1.94890676e-01 -1.49731622e+04 1.36984390e+01
 4.99375861e-01 4.48669443e-01 -9.96823875e-01 -4.00085220e-01 1.74980084e+04 1.36949794e+01
 1.57354142e+00 1.13155114e-01 -5.15542474e-01 8.34625458e-02 1.58811328e+03 1.37013527e+01
 -1.65456407e+00 -3.80713217e-01 -3.92667614e-01 -8.72546443e-01 -4.31269904e+03 1.36996768e+01
 5.10782225e-01 -1.02504392e+00 5.34916824e-01 1.05270597e+00 1.22882313e+04 1.37141540e+01
 -4.01449374e-01 -3.19019396e-01 6.57364976e-01 3.60302740e-01 -1.46746807e+04 1.37040370e+01
 -5.06788825e-01 -2.93077568e-01 -1.13474223e+00 5.31085773e-01 -7.92765525e+03 1.36953577e+01
 1.44521178e-01 4.79488646e-01 -2.77740311e-01 -3.14245561e-02 -1.55198380e+03 1.37003816e+01
 8.16551790e-01 9.29282506e-01 1.97253551e+00 5.43008042e-01 -1.04306925e+04 1.36976982e+01
 -1.41024575e+00 2.59950677e-01 -8.84438409e-02 -2.45177304e-01 1.34119187e+04 1.37050503e+01
 1.38672827e-01 -8.62404607e-02 -7.12814789e-02 -4.22383290e-01 -5.35997078e+04 1.36932864e+01
 2.54630353e+00 -6.00465416e-01 2.83029366e-01 3.58644663e-01 -2.77712010e+04 1.37003322e+01
 -2.66001588e+00 -2.31901973e-01 -6.61975417e-01 -1.28776075e-01 4.50165688e+04 1.36881918e+01
 1.15845911e-01 6.51430212e-02 -3.10828196e-01 -1.59700224e-01 2.46782981e+02 1.37056637e+01
 1.87861930e+00 -2.76939501e-01 -1.92380497e+00 -4.06694467e-01 2.75620509e+03 1.37063950e+01
 -9.69945622e-01 -6.18084208e-02 -1.54802591e+00 -1.10571787e-02 -4.10328359e+04 1.36908671e+01
 2.54454632e-01 -1.82215106e-02 8.52832190e-01 4.80670828e-02 -3.10632582e+04 1.36968349e+01
 6.94612668e-01 1.44286933e-01 -2.78828159e-01 4.41674944e-01 -6.27743800e+03 1.36995057e+01
 -9.88942778e-01 -3.04537472e-01 -1.35191241e+00 3.02796628e-01 -2.02062265e+04 1.36903693e+01
 -5.94058362e-01 5.09715587e-01 -6.51761107e-01 -4.15396360e-01 -1.65091701e+04 1.37029020e+01
 1.39933164e+00 -5.88448559e-01 -1.52877159e+00 3.15099359e-01 -2.82856170e+04 1.37051587e+01
 4.92684929e-02 -4.05548171e-01 1.55734532e+00 4.93590203e-01 -5.01463023e+03 1.37013643e+01
 5.53152161e-01 1.64706591e-01 -8.99000033e-01 1.25465314e-01 -2.00083266e+04 1.37058840e+01
 -5.65613565e-01 -9.85881318e-01 1.64423138e-01 -8.38982564e-01 5.52580708e+04 1.36922815e+01
 -1.05461327e+00 -2.88749796e-01 2.46250778e-01 -1.88232869e-01 3.99707960e+04 1.36943176e+01
 1.00447310e+00 -3.23816279e-01 -6.62624299e-01 4.07255974e-01 2.49241359e+03 1.37048118e+01
 -1.84509063e+00 -1.34570736e-01 -5.07665595e-01 6.82189762e-01 1.46977313e+04 1.36913076e+01
 1.12703423e+00 2.64693483e-01 1.17643280e+00 -7.25446189e-02 4.87330961e+04 1.37071231e+01
 -8.14497176e-01 -1.73706556e-01 -2.88571232e+00 5.77248735e-01 3.02278219e+03 1.36914573e+01
 9.91065721e-01 5.45441989e-01 -1.39423119e+00 -2.61260548e-01 2.81487781e+04 1.36999369e+01
 8.25075540e-01 8.58486473e-01 -6.89551682e-01 -4.17397821e-01 2.13981223e+04 1.37038034e+01
 5.42449029e-01 3.00232289e-01 -8.88623915e-01 -2.91413398e-01 -2.65575350e+04 1.36979608e+01
 -9.45458762e-01 -1.22986382e+00 1.27439848e+00 3.61905499e-01 -7.60550186e+03 1.37026474e+01
 -1.91028631e+00 4.71612561e-01 3.67853595e-01 5.78545602e-02 -1.77075183e+04 1.36994095e+01
 6.15738081e-02 1.16309527e+00 2.83052899e-01 2.57945988e-01 -6.45389587e+03 1.36957936e+01
 1.09839078e-01 5.94908411e-01 2.04169003e-01 -3.93525541e-01 -2.62518604e+04 1.37099741e+01
 -2.01238331e+00 4.34602765e-01 -1.58290926e-01 1.73681522e-01 -3.05687268e+04 1.36813993e+01
 2.78925364e+00 -9.43981332e-01 -6.78462008e-03 -4.56377485e-01 9.95928186e+03 1.36981864e+01
 -2.49366671e-01 2.72561188e-01 1.25403231e+00 1.33270126e-01 1.43701895e+02 1.37104667e+01
 -3.22380274e-01 -6.93795803e-01 -5.04504404e-01 -2.63382263e-01 -1.96023527e+03 1.36956772e+01
 -7.84720155e-01 -4.54163889e-01 -1.93130951e+00 6.14213206e-01 7.04705256e+02 1.37012577e+01
 1.18744416e+00 1.93435643e-01 1.82124170e+00 -8.38396989e-02 -1.50947764e+03 1.37044797e+01
 7.01747991e-01 4.39555906e-01 -1.87756820e+00 -1.61405999e-01 -8.44160987e+03 1.37051981e+01
 8.79115413e-01 -3.07780459e-01 1.37161905e+00 3.16967964e-01 -1.89464848e+04 1.36986132e+01
 1.01369312e+00 -1.00954637e+00 -4.07808744e-01 4.87996806e-01 -1.83997173e+04 1.36951880e+01
 1.32202944e+00 -8.06843582e-01 -1.48753387e+00 5.84174603e-01 3.13601755e+03 1.37109513e+01
 5.61801641e-01 4.42704836e-02 1.14592405e+00 -3.42510401e-01 -1.91565891e+04 1.36918957e+01
 -2.18854772e+00 1.39253497e+00 9.04310495e-01 4.26099710e-01 -1.65802208e+04 1.36865042e+01
 -1.14565477e-01 4.36353342e-01 -1.67317270e+00 1.75863739e-01 -1.41869265e+04 1.37000328e+01
 5.43093407e-01 4.98551658e-01 -1.33037683e+00 -2.75642754e-01 2.97987246e+04 1.37164052e+01
 1.66275404e+00 -6.20105112e-01 -7.34755130e-01 -3.15750291e-01 -9.03842478e+03 1.37074962e+01
 1.34727506e+00 6.55606671e-01 -1.48666719e+00 1.49911457e-01 -1.33496216e+04 1.37086360e+01
 6.03828900e-01 1.92127482e-01 -1.21358982e+00 -3.71685446e-01 -5.95717166e+03 1.37046519e+01
 3.73398720e-01 7.29886269e-01 3.55103815e-01 1.94681107e-01 -9.54335352e+03 1.37067178e+01
 -2.43735659e+00 -1.36881808e-01 -1.97279685e+00 4.63262942e-01 3.34577882e+04 1.36945414e+01
 2.86347217e-01 -1.56546284e-01 -7.81244478e-01 -5.03365317e-01 3.06249315e+04 1.36963717e+01
 4.50206099e-01 1.18208515e-01 6.72372043e-01 -3.08030269e-01 -3.34189964e+02 1.37075533e+01
 1.06500340e+00 -1.50049233e-01 1.67649823e-01 2.68619897e-01 2.37159572e+03 1.36935448e+01
 3.86939318e-01 -2.38326538e-01 3.68885567e-02 -1.59268175e-01 2.88308212e+04 1.36991052e+01
 1.14678230e+00 -3.03255714e-02 1.63305592e+00 3.01867018e-02 1.74419538e+03 1.37109357e+01
 -1.02268414e+00 8.56220409e-01 1.69854623e+00 -4.13337825e-04 -2.38213301e+04 1.37108940e+01
 -4.31029053e-01 2.75744345e-02 1.33554675e-01 -3.44500222e-02 -7.97028563e+03 1.36962741e+01
 1.90984671e+00 4.70842976e-01 -4.88012031e-01 1.60250330e-01 -3.67390321e+03 1.37142460e+01
 -1.23249690e+00 -5.13341299e-01 -7.86305265e-01 1.95096750e-01 1.47942560e+04 1.37015103e+01
 -1.45900842e+00 -2.81556822e-01 1.19545308e+00 -8.96463522e-02 7.19196034e+03 1.36893808e+01
 2.73249505e-01 -3.08332972e-01 -5.40181919e-01 2.28443372e-01 2.60270151e+04 1.37005133e+01
 -1.24830430e+00 -3.67798328e-01 -3.91377262e-01 -4.21885737e-01 1.15803459e+04 1.37117194e+01
 3.29884227e-01 1.53784170e-01 -1.76382591e-01 5.24704236e-02 -4.61553102e+02 1.36992574e+01
 3.66435802e-02 -4.24002962e-01 -8.02970061e-01 2.54971461e-01 3.19545849e+03 1.37017627e+01
 2.40399537e+00 -5.29741818e-01 5.89052749e-01 -2.87242130e-01 1.15464543e+04 1.37145673e+01
 -2.26463482e-01 5.27385671e-02 2.81793943e+00 5.62742387e-01 1.61333772e+04 1.37035548e+01
 -1.26568695e+00 5.02098426e-02 4.99611606e-01 7.12745262e-01 -1.45431078e+04 1.36961964e+01
 -1.56774361e+00 4.37807716e-01 1.71054010e-01 5.07343312e-02 8.33408975e+03 1.36926359e+01
 1.05969947e+00 4.45547921e-01 -3.31871502e-02 -1.07110385e+00 6.19552496e+03 1.37157069e+01
 -2.02824765e+00 -5.13204000e-01 -7.45505323e-01 7.48435363e-01 -6.01817335e+03 1.36883844e+01
 1.09235795e+00 3.25368090e-01 2.08012404e-02 4.11154079e-01 -2.35410730e+04 1.37092677e+01
 -3.01761041e-01 -2.25301703e-01 2.72416100e+00 -2.13259615e-01 3.15157306e+03 1.36915655e+01
 2.05014740e+00 1.13947245e-01 2.06505819e+00 -3.30398375e-02 -1.47896891e+03 1.37055696e+01
 -6.12921823e-01 -3.03162535e-02 -1.31440763e+00 6.72139794e-01 -8.62434590e+03 1.36867456e+01
 -4.43412644e-01 1.36268660e+00 1.71602574e+00 -5.01088334e-02 1.81236938e+04 1.36979448e+01
 -9.83983068e-01 -7.90805275e-01 7.03400909e-01 -1.65061888e-01 6.47236704e+03 1.37039364e+01
 3.76076298e-01 -1.72335412e-01 -1.24361056e+00 -2.47631429e-01 -9.65967399e+03 1.37024878e+01
 -7.75593468e-01 -3.46087312e-02 6.07264141e-01 5.18924977e-01 2.64519184e+04 1.36860640e+01
 -7.17406973e-01 5.69421185e-01 -1.33059582e+00 2.16321903e-01 -6.08069099e+03 1.36963550e+01
 8.45445117e-01 -2.72581495e-01 -2.26807982e+00 -3.34715410e-02 9.99113864e+03 1.36992266e+01
 1.60451712e+00 -4.45919274e-01 -6.81323328e-01 3.57686571e-01 1.92587079e+03 1.36965202e+01
 -1.15840104e+00 -4.27777792e-01 2.64933093e+00 -1.99052592e-01 -1.64387361e+04 1.36960977e+01
 4.02584986e-01 5.49147256e-01 -9.42342711e-01 -2.70070294e-01 -3.04787853e+04 1.36994921e+01
 1.08816717e+00 6.12737306e-01 -6.43705775e-01 -7.70275169e-01 -1.36656707e+04 1.37066824e+01
 2.63361886e-01 -1.10843053e+00 -9.18795253e-01 1.69842470e-01 2.73552358e+03 1.36933652e+01
 4.26047309e-01 6.33233674e-01 1.69859900e+00 4.40186340e-01 -1.65952070e+04 1.37033002e+01
 -3.25442424e-01 -6.26256133e-01 -2.19344268e+00 -2.13711432e-02 9.85026405e+03 1.36890819e+01
 -9.05419419e-01 1.05431664e-01 8.82396875e-01 -3.60034487e-01 -2.44706183e+03 1.36908755e+01
 -9.27231363e-01 -9.81602649e-01 -1.57453106e+00 3.87170698e-01 -2.75604160e+04 1.36919294e+01
 -1.91805584e-01 4.33826092e-01 -1.30348584e+00 -3.91538360e-01 -1.06332105e+03 1.36982246e+01
 5.00914360e-01 6.31265462e-01 -4.64500429e-01 1.17209903e-01 3.76683376e+03 1.37016398e+01
 1.89105307e-01 -5.02646972e-02 1.57513941e+00 3.25472572e-01 -1.04700694e+03 1.37015952e+01
 1.31942416e+00 5.45169828e-01 2.43791652e+00 4.22082731e-01 -7.14876952e+00 1.37082428e+01
 2.93049366e+00 9.05084296e-01 3.00618637e-01 -5.99058980e-02 7.87597132e+03 1.37044664e+01
 1.66818158e+00 4.60474963e-01 -1.28453367e+00 2.94056430e-01 -2.94329351e+03 1.37071770e+01
 -1.79009086e+00 -7.08145446e-01 -5.11443152e-01 -3.57844925e-01 -2.55906002e+04 1.36984531e+01
 2.04580539e+00 -2.81869367e-02 8.10215777e-02 -6.30862839e-01 2.17708124e+03 1.37013481e+01
 -6.51300984e-01 -3.97133882e-01 2.10431300e-01 -4.34726421e-02 2.19003104e+03 1.36928286e+01
 7.82692555e-01 3.36500510e-01 1.19705456e+00 -1.18185609e-02 -4.66217341e+03 1.37066034e+01
 -1.18238699e+00 -2.86660532e-01 -6.14951639e-01 -2.04789363e-01 2.49570615e+04 1.36918725e+01
 -7.65326509e-02 7.98132138e-01 -5.30130386e-01 3.16845817e-02 6.43373423e+03 1.36929250e+01
 -1.12454508e+00 -6.40670077e-01 -1.53630154e+00 6.14085606e-01 -4.29720439e+03 1.36901235e+01
 -6.42519429e-01 6.61073897e-01 -1.30852847e+00 -8.07641426e-01 2.94497400e+03 1.37039239e+01
 -2.40741617e+00 -4.00003792e-01 -2.23285634e+00 -4.73990821e-01 -2.08231017e+04 1.36871559e+01
 8.44569946e-01 -1.32365417e+00 1.42575790e+00 -5.02460026e-02 7.86769598e+03 1.37115879e+01
 -7.11359785e-01 -4.50852171e-01 7.11521915e-01 7.01098288e-02 -1.93291448e+03 1.36999319e+01
 5.39196122e-01 7.74997545e-04 -4.49231931e-01 1.82620569e-01 2.76579834e+04 1.37018937e+01
 3.43218046e-01 -1.08107515e+00 1.97094571e+00 -4.05215206e-01 1.99357273e+04 1.37005297e+01
 -4.72361692e-01 -2.10798890e-01 1.29745911e+00 1.48312208e-01 4.46853466e+02 1.36980576e+01
 -3.92641147e-01 -5.95041354e-01 -1.29854485e-01 1.87949535e-02 -2.50484561e+04 1.36991141e+01
 -5.43803228e-01 -1.92694409e-01 1.59565166e-01 4.77101468e-01 -5.10443687e+03 1.36990778e+01
 -2.62660140e-01 -6.37681362e-01 1.49768631e-01 6.34148416e-01 -6.54660868e+03 1.37042634e+01
 -1.19616729e-01 -1.80624147e-01 -3.89365241e-01 3.50652451e-01 -9.70681030e+03 1.37051704e+01
 1.25903725e+00 -7.21508394e-01 -1.40058014e+00 5.37372690e-01 1.88438531e+04 1.37071853e+01
 1.08235839e+00 4.09569789e-01 -1.19899927e+00 3.06059445e-01 -5.18072634e+02 1.37101467e+01
 -1.34787203e+00 9.11464988e-02 7.09862270e-01 1.15473483e-01 -1.18392837e+04 1.36882362e+01
 1.84854506e-01 -2.13306192e-01 5.93488511e-01 -1.93817123e-01 -1.60884452e+04 1.36934800e+01
 -7.97967445e-01 2.44083909e-01 4.39109286e-01 2.01362198e-01 -8.94162700e+03 1.36891712e+01
 -4.37828118e-01 -5.86853907e-01 -1.15788868e+00 5.63096412e-02 1.17610239e+04 1.36921078e+01
 2.22620405e+00 1.40144979e-01 -1.19798602e+00 6.26657186e-02 -4.20334788e+03 1.37011520e+01
 6.39988483e-01 -4.18035251e-01 -2.18412738e+00 4.46096920e-01 7.30205232e+03 1.37064612e+01
 -1.53578903e+00 -2.46802795e-02 8.32069051e-01 -2.53974803e-03 1.12709816e+04 1.36846256e+01
 5.59696129e-02 -5.74544139e-01 9.01894272e-01 1.03967588e+00 1.61655385e+04 1.36913519e+01
 -2.38279909e+00 6.25712727e-01 9.69410594e-01 2.38727266e-01 -1.40804725e+04 1.36895126e+01
 1.38132306e+00 -5.88282394e-01 1.67512112e-01 -1.52387883e-01 -1.38171101e+04 1.37175749e+01
 5.41642330e-01 -2.27248314e-01 -1.86419073e+00 7.06620091e-01 -2.06415526e+04 1.37096631e+01
 1.50476814e+00 2.18630609e-01 1.48935851e-01 -1.45795397e-01 -7.47248616e+03 1.37080034e+01
 3.47779313e-01 -8.18891303e-01 -9.04895075e-02 -5.34251795e-01 -1.95714270e+04 1.37044733e+01
 2.66958432e+00 -3.64512098e-01 7.35482479e-01 4.60580149e-01 -5.17625025e+03 1.37052676e+01
 4.10020625e-01 1.86144334e-01 2.36032107e+00 -3.88261938e-01 -9.20679277e+03 1.36973601e+01
 4.54527531e-02 -8.15791507e-01 -1.21933545e+00 7.06593181e-01 1.26723844e+04 1.37018551e+01
 -6.67520510e-01 -1.50741938e-01 5.25320010e-01 6.09485914e-02 8.84697736e+03 1.36993794e+01
 -4.01364280e-01 2.78176513e-01 7.19698782e-01 -5.64053483e-01 -4.33007362e+04 1.37012531e+01
 7.50027871e-01 8.89705777e-01 -6.88737035e-01 7.79357402e-02 1.73497145e+04 1.36988428e+01
 -7.58612210e-01 -7.54688700e-01 -9.27783693e-01 4.10269705e-01 2.58357097e+04 1.37003675e+01
 1.92858759e+00 4.33143130e-01 -5.09300144e-01 -5.60085417e-01 3.24455646e+04 1.36962248e+01
 8.59580152e-01 -1.12330392e-01 1.63385449e+00 4.52530986e-01 -9.85874122e+03 1.37028501e+01
 2.93364422e-01 -2.90227467e-01 7.02727027e-02 -3.53307447e-01 3.54261580e+04 1.37033785e+01
 -2.39773087e+00 -1.09359807e+00 8.02845951e-01 -2.10812955e-01 -1.59149158e+04 1.36947122e+01
 5.73309008e-01 -6.84720945e-01 -7.79945500e-01 4.78692649e-01 4.02594462e+04 1.37082557e+01
 -1.37287769e+00 3.74455949e-01 -1.20302768e+00 4.46310697e-01 -2.03023425e+04 1.36981711e+01
 1.06792698e+00 -5.31143009e-01 -1.70757984e+00 5.16319349e-01 1.75085191e+04 1.37040856e+01
 3.08257359e-01 -1.15127693e+00 1.20018155e+00 -1.07864785e-01 1.41842297e+02 1.37037997e+01
 1.41291168e+00 -6.48900025e-01 -1.24889783e+00 -4.29460289e-01 -5.58331775e+03 1.37082067e+01
 5.09529192e-01 -2.96108671e-02 -6.56108302e-01 2.72312987e-01 1.30123656e+04 1.36855026e+01
 5.51918474e-01 -2.01462195e-01 -6.30943280e-01 -4.08923640e-02 -4.41474042e+04 1.37043387e+01
 -1.28199449e+00 3.40850338e-01 -1.73971752e-01 -6.71069219e-01 2.26515532e+04 1.36926413e+01
 -6.38072242e-02 -1.12303320e+00 -2.10466990e+00 -1.03796070e-01 -2.47362913e+04 1.36979230e+01
 -4.43150569e-01 5.04497759e-01 -6.22137421e-01 2.29543449e-02 -5.55692870e+03 1.36954233e+01
 3.97151262e-01 -6.91638362e-01 1.46564803e+00 -7.29373168e-02 6.36248894e+03 1.37019127e+01
 1.48558447e+00 -1.73222936e-01 -5.68443610e-01 -2.10982732e-01 1.84351177e+03 1.37125031e+01
 -1.04188158e+00 -1.13205561e+00 -6.60800045e-01 -7.11227611e-01 3.61715175e+03 1.36893143e+01
 2.29067195e+00 -9.21304892e-01 -1.02943502e+00 -9.51651552e-01 3.31993806e+04 1.37067169e+01
 6.58633821e-01 2.68456528e-01 -2.92751483e-01 -7.96646614e-01 3.30246724e+04 1.36931596e+01
 3.42037085e-01 1.46605749e-01 -9.38842088e-01 -2.36543479e-01 -9.82645964e+03 1.36920070e+01
 1.27496736e-01 1.44630560e-01 9.69817144e-02 -1.92478105e-02 -1.84481065e+04 1.36986418e+01
 -4.88759848e-01 -2.88243925e-01 -6.65307120e-01 2.41268261e-01 -2.52313724e+04 1.37020306e+01
 1.29153582e+00 6.89152122e-01 8.71186149e-01 9.95260671e-01 2.37023550e+04 1.37012297e+01
 -2.71226112e+00 -4.32358019e-02 1.98145040e-01 -6.67383795e-01 -1.23451256e+04 1.36901182e+01
 3.77291928e-01 -8.77705318e-01 -2.07799605e+00 -2.45394139e-01 3.12451422e+04 1.36859289e+01
 -3.16513725e-01 7.66666839e-02 5.34442984e-01 -2.19427111e-01 4.74027186e+03 1.37002668e+01
 2.11581816e+00 5.58055033e-01 1.41643717e+00 3.35249253e-03 1.56465385e+04 1.37048832e+01
 -4.51263626e-01 -3.89146494e-01 1.33396448e+00 2.18602119e-01 1.63876320e+04 1.37006357e+01
 -3.43136487e-01 2.24916273e-01 1.87628259e+00 9.13294910e-02 3.90481867e+03 1.36989027e+01
 -3.26996812e-01 -4.66950645e-01 -5.88874679e-01 1.56554485e-01 2.17222966e+04 1.36985844e+01
 -8.53341895e-02 -1.18747851e-01 4.47932370e-01 -1.04628455e+00 1.96964766e+04 1.36945457e+01
 1.83017627e+00 -9.12650327e-01 -4.39170859e-01 4.85061259e-01 -2.01476902e+02 1.36982408e+01
 1.80561766e+00 -1.23858943e+00 -1.24325370e-01 7.35791553e-01 -3.05395583e+04 1.36995289e+01
 1.15454742e+00 3.72542450e-01 4.56673853e-01 5.86247815e-01 -2.21981715e+04 1.37128679e+01
 1.20955895e+00 -3.83900106e-01 -1.05640408e+00 -2.65820614e-01 6.79119768e+03 1.37009000e+01
 1.35587654e+00 4.67444095e-02 -8.86096757e-01 6.69335706e-01 -1.89038459e+04 1.37157482e+01
 8.84094656e-01 2.14183279e-01 -4.32720675e-01 -3.34978080e-01 -2.51559003e+04 1.37007471e+01
 2.27945552e-01 5.41383621e-01 1.06977293e+00 4.18286270e-01 -1.18321027e+04 1.36948693e+01
 -2.35720201e+00 -1.01200936e+00 8.84980620e-01 -7.98255520e-01 1.47604616e+04 1.36888868e+01
 -2.50034648e+00 7.36946891e-02 1.33701253e+00 -6.30893759e-01 -9.90215642e+03 1.36979301e+01
 1.63831385e+00 -9.16089033e-02 2.77214302e+00 -5.71580392e-01 1.83860940e+04 1.37090194e+01
 3.28977505e-01 5.85821930e-01 3.09655398e+00 -4.17821586e-01 9.92705050e+03 1.37072815e+01
 9.37539010e-02 3.65227240e-01 -1.47254198e+00 -1.05929472e-01 -4.01056844e+04 1.36958603e+01
 -4.70373148e-01 -5.71925389e-01 -5.60760225e-01 -5.23483902e-01 1.79550150e+04 1.37026865e+01
 -4.03875706e-01 -4.36303181e-01 5.02485646e-01 -3.72400721e-01 1.03893588e+04 1.36861714e+01
 -3.96461338e-02 7.75719976e-02 -2.01098565e+00 4.09488751e-01 2.26325712e+04 1.36990563e+01
 -1.43399876e+00 -4.19823710e-01 1.21579831e+00 2.17159293e-01 1.61209712e+04 1.36948465e+01
 -2.54317877e-01 3.20083122e-01 1.26817069e+00 6.62997295e-01 -5.61233928e+04 1.37023746e+01
 -1.62411595e+00 7.60252306e-01 -5.06661025e-01 -4.12103030e-02 1.03320095e+04 1.36959822e+01
 -2.38934242e-01 9.04902506e-01 7.57669431e-01 -3.61102376e-01 -7.68538321e+03 1.37059212e+01
 -4.74800159e-01 9.07597525e-02 8.30386456e-01 7.16871726e-01 -9.55726214e+03 1.37021006e+01
 -3.03566306e-01 7.65872121e-03 1.39658492e+00 5.68053464e-02 1.17841396e+04 1.36925595e+01
 4.59434018e-01 -3.26261006e-01 -1.15103845e+00 6.72322630e-01 1.24365890e+04 1.37040158e+01
 2.86629514e+00 5.94281942e-01 -5.62492479e-01 -3.14665672e-01 -3.55118303e+04 1.37147427e+01
 -1.07145942e+00 5.44531033e-01 -1.10256887e+00 7.68997250e-01 -1.02528330e+04 1.36920214e+01
 4.95805810e-01 -7.36644916e-01 -4.41602415e-01 -4.24936074e-01 -1.19715061e+04 1.37015835e+01
 -5.71373461e-01 2.46577655e-01 7.79599519e-01 6.31710538e-01 -8.62382377e+03 1.36992189e+01
 -7.32846726e-01 5.50863810e-01 4.45038509e-01 -4.94666525e-02 -3.40277568e+03 1.36911403e+01
 -7.21293053e-01 4.65313871e-01 -8.11668208e-01 3.10290096e-01 7.00792115e+03 1.36953640e+01
 1.17607445e+00 -7.41093115e-01 1.96390481e-01 -4.37731487e-02 1.13569151e+04 1.37122348e+01
 2.67132188e+00 -2.68821021e-01 7.19126197e-01 -3.93589283e-01 -2.34449874e+04 1.37105535e+01
 -3.45558941e-01 -8.63809872e-01 -9.68217732e-01 3.11797853e-01 1.08896938e+04 1.36987625e+01
 -6.54474569e-01 6.48215671e-01 9.80666943e-02 4.38785519e-01 -1.24939064e+04 1.36914377e+01
 4.28807539e-01 9.41857058e-02 5.64577347e-01 -8.13619011e-01 -1.06300833e+04 1.36992369e+01
 1.45280096e+00 6.74894303e-01 1.52897482e+00 -6.55433567e-01 1.06963406e+04 1.36942483e+01
 -1.41313223e+00 3.10639608e-02 -9.01476068e-01 1.97451228e-01 -3.24144643e+04 1.36923813e+01
 7.39980443e-01 8.58575444e-01 -1.50070335e+00 -2.71423357e-01 -2.18775751e+04 1.37102852e+01
 -1.06742689e+00 3.39012528e-02 -1.85696019e-01 1.49533040e-01 6.89216922e+03 1.36899208e+01
 -1.79921118e-01 -8.80497817e-01 2.92675070e-01 4.59479329e-01 -5.68945772e+03 1.36907051e+01
 -1.93122714e-01 3.12229089e-01 3.27255969e-01 -1.20683065e+00 1.72597752e+04 1.36973219e+01
 -2.39840393e-01 -2.85978127e-01 -1.77470683e+00 -3.53528027e-03 -1.11052776e+04 1.37038473e+01
 4.97783753e-01 -1.03481802e+00 1.90158677e+00 3.62280480e-02 8.06365664e+03 1.37010014e+01
 -9.28332663e-01 1.70168827e-01 -5.57169766e-01 1.92694080e-01 -1.10549743e+04 1.37046266e+01
 6.16526121e-01 -8.57610565e-01 4.91667725e-01 -3.56889923e-01 5.83942798e+03 1.36932390e+01
 -9.15570665e-02 -4.48587719e-01 1.82659238e+00 -7.54941725e-02 2.25766638e+04 1.37001717e+01
 -8.36472810e-01 -6.89969367e-01 -9.62985507e-01 1.13238245e-01 -1.14428835e+04 1.36921998e+01
 2.84137785e-01 -4.78084775e-01 6.00901645e-01 -6.66914708e-01 3.85721722e+04 1.37019602e+01
 -2.64823368e+00 -2.82699192e-01 -1.62677490e-01 2.27571017e-01 -2.20564592e+04 1.36981062e+01
 5.62557012e-03 4.44301974e-01 1.33041060e+00 1.43138291e-01 3.63569864e+03 1.37083994e+01
 -9.13965476e-01 1.14699856e-01 1.29186647e+00 5.52661364e-02 1.16579644e+04 1.37052884e+01
 7.51274240e-01 1.65205532e-02 7.32897042e-01 2.71556619e-01 1.35800175e+04 1.37009916e+01
 -1.49551228e-01 3.15819213e-01 2.90355004e+00 5.82014634e-01 -2.77113410e+04 1.36971801e+01
 2.28092573e-01 -6.12262582e-02 1.93718622e+00 2.37242930e-01 3.07245677e+03 1.36971457e+01
 -1.36848110e-01 3.84647980e-01 -1.99490502e+00 4.02841507e-01 3.97852261e+04 1.36962456e+01
 3.47323144e-01 3.24247292e-01 -2.34968651e+00 5.76152437e-01 2.86632064e+04 1.36916843e+01
 -2.10914252e-01 4.86204599e-01 2.54137165e-01 3.53526896e-01 -5.92287590e+04 1.36999923e+01
 1.15395905e+00 7.89219707e-01 1.62604568e+00 9.09060927e-01 2.68294337e+04 1.37169651e+01
 -1.57621120e+00 -4.59010460e-02 5.23335945e-01 -2.21564615e-02 4.24109196e+03 1.37007505e+01
 -8.85578740e-01 2.46424794e-01 1.19379002e-01 -5.70797534e-01 6.89830385e+03 1.36993597e+01
 1.92064938e+00 3.37855289e-01 -1.26684595e+00 2.46363630e-01 -8.88404943e+03 1.37032164e+01
 5.79092191e-01 1.30498772e+00 -4.00847064e-01 -4.70717297e-02 -2.76605008e+04 1.36944514e+01
 1.15175679e+00 -9.90396928e-01 -1.26120005e-01 -9.37161794e-02 -3.86013832e+03 1.37151371e+01
 -1.78099691e-01 1.70031791e-01 7.50697514e-01 3.55992730e-01 -3.54391750e+03 1.37004339e+01
 -9.68071543e-01 1.85427285e-01 -9.56091212e-01 2.65970577e-01 7.43451873e+03 1.37048719e+01
 1.21439599e+00 -5.08379128e-01 1.51653225e+00 9.26396799e-02 -1.80609984e+04 1.36917607e+01
 6.51318813e-01 6.29213118e-01 7.45223151e-01 1.70859369e-01 -2.20365377e+04 1.36974521e+01
 4.16430836e-01 3.68384272e-01 3.32502973e+00 -5.54222462e-02 -1.13393103e+04 1.36959564e+01
 -7.52987510e-01 3.14895346e-01 -8.40408534e-01 4.50474262e-01 7.31455009e+03 1.37050083e+01
 5.31674596e-01 -1.24947915e-01 6.02120165e-01 -3.51487873e-01 2.34403537e+04 1.36996406e+01
 -4.67927805e-02 -7.62940477e-01 3.17784142e-02 3.77076644e-01 -2.74688363e+04 1.37019271e+01
 9.18789314e-01 8.31399058e-01 2.91948222e-02 1.92923398e-01 -1.59355760e+04 1.37062361e+01
 -9.51767586e-02 6.27268465e-01 -4.11240062e-01 -2.19860839e-02 2.48520406e+04 1.36982553e+01
 2.04019168e-01 9.65423028e-01 -3.14887723e-01 -3.29541985e-01 -2.08352717e+04 1.37030814e+01
 -2.05876276e+00 -9.71517526e-01 9.07231024e-01 3.56588800e-01 7.92210953e+03 1.36969076e+01
 -1.43941955e+00 -4.71464242e-01 -1.16353488e-01 2.46664148e-01 -6.89948460e+03 1.36907853e+01
 8.20067546e-01 1.44452112e-01 7.45365143e-01 -5.03861961e-01 -2.44614199e+04 1.37156522e+01
 -1.95279373e+00 -3.10660144e-01 -9.75270449e-02 -1.51855666e-01 1.08257385e+04 1.36976263e+01
 8.52698237e-02 1.84294582e-01 -4.89558599e-01 -5.44666264e-02 1.11133034e+04 1.37033082e+01
 8.27997720e-01 -9.70143718e-02 1.26576239e+00 2.30236887e-01 -3.81622615e+03 1.37119426e+01
 -1.04655596e+00 5.06330642e-01 7.49030148e-01 5.78741636e-01 -9.04781096e+03 1.36973280e+01
 -3.03527357e-01 -2.93816659e-01 6.79048914e-01 -6.70817266e-02 8.67383697e+03 1.36887922e+01
 -3.88570658e-01 9.14769919e-01 2.28346632e-01 4.89649171e-01 1.03768362e+04 1.36922480e+01
 -5.43180915e-01 5.23091645e-01 1.77871225e+00 -1.26110046e-02 1.37907657e+04 1.36988033e+01
 4.09447467e-01 -6.70785360e-01 1.37360456e-01 2.90972716e-01 -1.12408415e+04 1.37066157e+01
 6.34245881e-01 -3.85636845e-01 2.48022005e-01 -6.92034918e-01 3.01674001e+04 1.36971428e+01
 6.26130192e-01 4.32205489e-01 1.32227611e+00 1.22014171e-01 -2.31070774e+04 1.36950169e+01
 1.24490833e+00 9.92487678e-01 1.40873494e+00 4.61073924e-01 -5.22514778e+03 1.37115754e+01
 -3.78217622e-01 1.26668604e-01 -9.46969743e-01 1.56298434e-01 1.33366316e+04 1.36981740e+01
 2.48532202e+00 4.53270304e-01 3.63022466e-01 6.65133300e-02 5.05221682e+03 1.37031839e+01
 -4.87766113e-01 -5.99666928e-02 1.65322140e+00 -1.14627733e-01 -4.52702749e+03 1.36950140e+01
 5.63073923e-01 4.06736512e-01 -5.90133318e-01 -3.77016303e-01 -4.88265961e+03 1.36982191e+01
 -6.02355385e-01 -1.71671721e-01 -1.31742652e-01 -7.19434586e-02 1.72010739e+04 1.36902200e+01
 1.54919181e-01 7.26139505e-02 -2.34967268e-01 7.38239846e-01 -2.32947891e+04 1.37052301e+01
 -5.02577668e-02 4.83093133e-01 -3.02143978e-01 1.17733190e-01 -2.28262744e+04 1.37015305e+01
 7.64294157e-01 -9.58285090e-01 -4.90523737e-01 1.26696843e-01 2.09428955e+04 1.36916820e+01
 1.73484760e+00 1.74527707e-01 -6.41368851e-01 -6.33805789e-01 -3.81041803e+03 1.37046229e+01
 -4.52182281e-01 -3.07602083e-02 4.68620909e-01 3.01481581e-01 -1.30730494e+04 1.37028440e+01
 1.27314453e+00 3.98932929e-01 -9.18453110e-01 3.83025869e-02 2.62883681e+03 1.36954423e+01
 -1.30578682e+00 7.52940367e-01 -8.39173996e-01 4.51790429e-01 2.51872279e+04 1.36948055e+01
 -1.33259469e-01 -2.06721699e-01 -1.63397311e+00 -3.77734266e-02 -4.12311366e+03 1.37030241e+01
 -1.33535108e+00 1.02292061e-01 8.75621434e-01 -1.46865254e-01 -1.66150538e+04 1.36964133e+01
 7.41796582e-01 -9.41795426e-01 2.15110879e+00 3.19661149e-01 -2.23882496e+04 1.37099198e+01
 -2.29825210e+00 -4.75993397e-01 2.07280848e-01 -5.52258331e-01 4.43218718e+03 1.36995467e+01
 -1.82995119e+00 -4.86197646e-01 -2.15840907e+00 -3.36407745e-01 1.05366056e+04 1.36836886e+01
 1.08780122e-01 8.00567021e-03 4.56133027e-01 -5.97371068e-02 2.15652646e+04 1.36996971e+01
 -1.85120147e+00 -8.43477876e-01 -3.46008957e-01 -5.15114656e-01 7.37381447e+03 1.36980186e+01
 1.13261102e+00 -4.75963171e-02 -3.97711957e-01 7.19244740e-02 -2.06266376e+04 1.37042930e+01
 1.79369321e-01 2.04326028e-01 1.19163455e+00 4.53595273e-01 9.35445816e+03 1.36926753e+01
 9.45774083e-01 3.86118857e-01 8.72816491e-01 -5.24644166e-01 3.45376454e+04 1.36990623e+01
 -6.71130047e-01 2.98743472e-01 5.87285328e-01 7.77428442e-02 2.04079039e+04 1.36930088e+01
 1.06356148e+00 -6.81839897e-01 -1.51164409e+00 -2.42111713e-01 -3.08987541e+04 1.37062396e+01
 -5.09835321e-01 7.23713967e-01 -8.59526335e-01 -8.11452968e-01 -3.10171338e+03 1.37022840e+01
 -7.21760385e-02 2.28251347e-01 8.57308093e-01 6.37094399e-01 8.61419046e+03 1.37052857e+01
 1.77571760e-01 -3.09778826e-01 -4.37379515e-01 -4.23337631e-01 -2.63363488e+04 1.36953380e+01
 -4.28218514e-01 1.66200514e-01 7.85510521e-01 -4.40812175e-02 3.02002240e+03 1.37037260e+01
 3.94055153e-01 -4.73528006e-01 -1.16492894e+00 9.28080250e-01 1.28771335e+04 1.37065055e+01
 6.65329676e-01 4.14574402e-01 1.12253613e+00 -2.14817271e-02 -1.94027898e+04 1.37041311e+01
 9.27060215e-01 2.85657156e-01 5.73294789e-01 -5.95293907e-01 2.10987936e+04 1.37044877e+01
 5.51618969e-01 -1.43210227e-01 6.94922911e-01 -3.47636722e-02 -4.27296896e+03 1.37076250e+01
 8.34887618e-02 4.69706325e-01 1.53554455e+00 3.98222882e-01 -4.29926063e+03 1.36987442e+01
 9.66222867e-01 7.44870104e-01 2.63308157e+00 4.53314285e-01 -1.52973438e+04 1.36936032e+01
 -2.29022666e+00 6.42293386e-01 1.28450972e+00 7.67505905e-02 -2.35649651e+04 1.36921406e+01
 -6.19733585e-01 -1.32449332e+00 -1.09423736e+00 -1.71302099e-01 -1.49825853e+04 1.36887353e+01
 1.12766838e+00 2.65102358e-01 1.46319244e+00 -4.10831453e-01 5.97101960e+03 1.37106867e+01
 7.99146936e-01 -3.30273592e-02 1.02454227e+00 -4.28068440e-01 6.63302962e+03 1.37024708e+01
 -2.73631295e-01 -1.97290254e-01 9.93012198e-01 -4.29643526e-02 -2.03198823e+03 1.37010103e+01
 1.00498526e+00 -7.28489920e-03 7.05792944e-01 7.77048211e-01 -1.04716484e+04 1.37033484e+01
 -5.30291617e-01 8.50023831e-01 2.77853556e-01 -5.34298407e-02 1.29823897e+04 1.36982840e+01
 -3.93455208e-03 -1.58058304e-01 -5.73369680e-01 -4.27168884e-01 -3.93867125e+03 1.37050617e+01
 8.01715009e-01 -1.00858096e-02 -3.74641740e+00 6.45594630e-01 5.63220746e+03 1.37124344e+01
 -6.96501466e-01 -1.61270934e+00 -1.33527651e+00 -1.05234235e+00 1.73956335e+04 1.36962639e+01
 -9.49747574e-01 -2.45545314e-01 2.88623933e-01 4.62661358e-01 6.98693208e+03 1.36956986e+01
 -2.27620953e+00 -2.05548004e-01 3.63816172e-02 2.17917071e-01 1.94054959e+03 1.37051243e+01
 3.44492670e-01 3.83879608e-01 1.24572915e-01 -4.33914994e-03 -3.06461557e+04 1.37103977e+01
 2.53565276e-03 5.39742646e-01 -8.55877871e-01 4.08821189e-01 2.56081671e+04 1.37098208e+01
 6.30222467e-01 -2.58082436e-01 -4.25498929e-01 1.29175936e-01 7.64772859e+03 1.36972271e+01
 1.04614605e-01 -9.68800030e-02 1.11949703e+00 3.55571964e-02 1.33072365e+04 1.36927341e+01
 4.74361009e-03 -2.54355205e-01 1.63134168e+00 1.85194102e-01 -8.22407235e+03 1.37059142e+01
 3.30456949e-01 1.64805253e-01 1.57377106e+00 -5.44301822e-01 -2.15372470e+04 1.36997115e+01
 1.18820486e-01 -1.86187811e-01 -6.48068962e-01 3.78371120e-02 2.91411535e+04 1.37144357e+01
 1.30159615e+00 -7.72598496e-02 -7.92451770e-01 4.80015770e-01 2.19089854e+04 1.37068941e+01
 2.25652460e+00 5.87162228e-01 2.47281339e+00 -1.87015757e-01 1.95269608e+03 1.37124483e+01
 -9.02860988e-01 -5.78756612e-01 -2.05296106e+00 -3.45559087e-01 -1.68314470e+04 1.36979873e+01
 -9.85025081e-01 5.89526163e-01 2.47449929e+00 -1.05725560e-01 -5.64155724e+03 1.36975278e+01
 -3.22541611e-01 9.72778227e-01 -4.59627965e-02 -4.49308897e-02 3.24565911e+03 1.36993892e+01
 5.88696800e-01 8.58612877e-01 -1.56136149e+00 -3.88162073e-01 -1.40318616e+04 1.37063345e+01
 -1.59051289e+00 9.52408152e-01 1.55359382e+00 1.77634840e-01 -8.53301695e+03 1.36887385e+01
 -4.85066305e-01 6.30286623e-01 -7.89450844e-02 -2.95116144e-01 2.37443188e+04 1.36984943e+01
 -8.01729685e-02 -8.73866777e-01 -8.72327193e-01 -6.66980312e-01 1.01517018e+04 1.36865579e+01
 2.05899048e+00 -9.48587749e-02 2.47033972e-01 -5.04420585e-01 8.62886342e+03 1.37083904e+01
 -1.12945368e-01 3.96715299e-01 -1.01674977e+00 -4.71233285e-01 1.18629611e+04 1.37029553e+01
 1.39437242e+00 -3.78797704e-01 8.72628019e-01 -1.93068967e-01 2.71611111e+04 1.37192639e+01
 -3.34921334e-01 3.35161675e-02 1.61942908e+00 1.98301828e-02 -1.55937479e+04 1.37036498e+01
 -5.80662225e-01 -1.05378039e-01 3.21245495e-01 -6.34904288e-01 1.91689237e+04 1.37031012e+01
 1.08005251e-01 1.10620374e+00 -2.50736192e+00 3.67151291e-01 8.25414802e+02 1.36970063e+01
 2.20181947e-01 1.31711172e-01 -6.39416111e-03 4.38466223e-01 3.92887812e+04 1.37067196e+01
 6.99493478e-01 -2.82675830e-01 1.42271892e-01 -8.54629953e-02 2.73558553e+04 1.36944998e+01
 -2.69489349e+00 -5.70867149e-01 6.30685499e-01 -1.96575339e-01 -5.73128906e+03 1.36807407e+01
 1.21737096e+00 2.44788609e-01 1.33442835e+00 -5.22873067e-01 -4.37851431e+01 1.37115606e+01
 5.69214359e-01 4.91945409e-01 9.78314325e-01 -5.84712220e-01 -5.76973521e+03 1.37012713e+01
 1.43235120e+00 -1.51738504e-02 8.22721539e-01 -9.75664432e-01 -2.82926250e+02 1.37043221e+01
 1.29775642e+00 -3.14351576e-01 5.20425130e-01 -8.31091444e-01 -1.77959614e+04 1.37048232e+01
 -1.68414848e+00 -1.95233360e-01 1.14036342e+00 -1.66559901e-01 4.12913858e+04 1.36959124e+01
 -6.62596409e-01 1.25920157e-02 1.90277251e-01 4.47872373e-01 -2.18680006e+04 1.37033760e+01
 9.55059446e-01 1.22698679e+00 -8.65794188e-01 -4.18673734e-01 5.62017289e+03 1.36989585e+01
 1.79773290e-01 2.49754494e-01 -1.60780726e+00 3.93598460e-01 -1.96971845e+04 1.37029989e+01
 -6.33395872e-01 2.18355768e-01 1.31729337e-01 -5.25480492e-01 5.70014649e+03 1.37071988e+01
 -6.43890879e-01 5.71081831e-01 1.49144698e+00 -2.46377496e-01 -2.02972990e+04 1.36879761e+01
 -1.60121427e-01 8.11862734e-01 -1.28608454e+00 -8.20985484e-02 3.28999591e+03 1.37004195e+01
 2.38178703e-01 1.92898768e-01 1.32349173e-03 -1.14121059e-01 7.86444851e+03 1.37080652e+01
 8.82562374e-02 1.07175355e-02 -2.92794071e-02 3.04749928e-01 1.52126769e+04 1.37008603e+01
 -1.39487557e+00 6.92715744e-01 2.78509195e+00 -1.67728553e-01 1.50197722e+04 1.37024271e+01
 1.86163624e-01 -2.92378208e-01 2.31448953e+00 -2.59177033e-01 -7.65450668e+03 1.37027301e+01
 -1.43598666e+00 -3.29058618e-01 -5.28688143e-01 2.49076010e-01 1.60133179e+04 1.36926042e+01
 1.76716877e+00 -7.82627643e-01 1.20705502e+00 -3.97592879e-02 5.15981020e+04 1.37071356e+01
 1.18458725e+00 -4.28170079e-01 6.81490579e-01 -1.49612290e-01 6.63599569e+02 1.36953979e+01
 -8.75510424e-01 -4.36401075e-01 -9.43934889e-02 1.90093836e-01 -7.70048889e+03 1.37061122e+01
 -1.44350107e-01 -6.99754300e-01 5.73604934e-02 -1.88642875e-01 -4.60956092e+03 1.37055844e+01
 -2.32492797e-01 9.35557675e-01 -1.01956300e+00 -3.00764749e-01 -2.42082295e+04 1.37055110e+01
 4.51812555e-01 -1.35344986e-01 4.90572481e-01 -6.58293578e-01 3.32859269e+04 1.36981645e+01
 5.28827671e-01 -8.67254688e-01 3.74734098e-01 -8.49030849e-01 -2.32940179e+04 1.36900325e+01
 2.15095633e+00 -6.41007900e-02 1.43814112e+00 -2.07591878e-01 -2.13243539e+03 1.37153227e+01
 -1.58325847e+00 -6.06555774e-01 3.68247154e-01 -3.09708998e-01 -1.15211075e+03 1.36995535e+01
 1.69221187e+00 7.62364335e-01 -5.30571151e-02 1.16920604e-01 -1.25875769e+04 1.37043804e+01
 1.38805739e+00 3.06536429e-01 -1.46625605e+00 7.07461862e-01 2.63522818e+03 1.37029283e+01
 9.39639478e-01 -7.08396292e-01 -8.66928036e-01 3.18502725e-01 1.28212072e+04 1.37099558e+01
 -1.86637049e+00 -1.00635358e-01 -4.59761895e-03 -7.62055713e-01 1.82506745e+04 1.36899999e+01
 -6.50450426e-01 -3.20092662e-01 1.89201009e-01 8.78905520e-01 -1.27269886e+04 1.37066277e+01
 -1.20810796e+00 -1.07499203e-01 -1.16785923e+00 2.91901109e-01 -1.87681760e+04 1.36965633e+01
 -7.10943398e-01 7.88851621e-01 -1.12274239e+00 -2.44399504e-01 1.31595524e+04 1.37033753e+01
 8.07374459e-02 1.02426771e-01 1.13869794e+00 3.19651068e-01 1.08841733e+04 1.36937732e+01
 3.58807864e-01 2.06770146e-01 8.21485906e-01 1.03416786e-01 -1.32294637e+04 1.36981493e+01
 -6.52484753e-01 -4.65849435e-01 1.75545697e+00 5.92165917e-01 1.88053527e+04 1.37110489e+01
 7.71543119e-01 -7.25036797e-01 1.02206796e+00 3.67287005e-01 5.43839489e+03 1.37054842e+01
 -9.40597731e-01 -9.22410332e-02 -9.79522058e-01 2.82032705e-01 2.52841454e+04 1.36774330e+01
 1.18301915e+00 8.52527642e-02 -1.73951024e+00 2.85424745e-01 2.03402211e+04 1.37116537e+01
 -2.57759056e-01 8.90330825e-01 2.05446240e-01 4.75899050e-01 5.42151408e+03 1.37018142e+01
 8.11129928e-01 1.70118844e+00 -1.05081866e-01 5.71379574e-01 9.67209139e+03 1.36964972e+01
 -6.65680382e-01 4.60657199e-01 -3.26140262e+00 7.11591073e-02 -7.94113784e+03 1.36983483e+01
 -1.97589185e-01 9.49896694e-01 -7.12160042e-02 -5.21504021e-03 6.36868132e+03 1.37045465e+01
 -4.95486766e-01 -2.91220449e-01 -1.09709102e+00 8.03182924e-01 -1.53788485e+04 1.36999439e+01
 6.56786902e-01 1.21552783e+00 1.88301810e+00 3.14499604e-01 -3.22479978e+04 1.37019587e+01
 -1.52801023e+00 -2.58405648e-01 -1.40217816e+00 -1.34353421e-01 5.01735000e+03 1.36835773e+01
 1.95817489e+00 -9.32592655e-02 -7.76428068e-01 1.43230285e-01 1.07717133e+04 1.37059669e+01
 3.28905928e-01 2.91948695e-01 -6.58147041e-01 4.71722010e-01 8.13774966e+03 1.36970975e+01
 -9.13689199e-01 -5.36230343e-01 2.72599085e+00 -1.00179241e+00 2.16301330e+04 1.36920376e+01
 -2.26564045e+00 -3.41342373e-01 -1.89355319e+00 4.38007265e-01 3.09229179e+04 1.36959508e+01
 -2.39890219e+00 5.71007770e-01 -4.42482185e-01 -1.98285958e-01 -3.78105706e+03 1.36850644e+01
 2.53488075e+00 1.20874827e-01 9.80264166e-01 3.27961783e-01 1.05869364e+03 1.37123557e+01
 -6.16409032e-01 -3.09500220e-01 -7.50651607e-01 4.17732096e-01 7.76570335e+03 1.37048424e+01
 -2.41348942e+00 -4.02478600e-01 -1.10659861e+00 2.55958839e-01 -3.41888291e+04 1.36960103e+01
 -1.15519846e+00 8.04900249e-02 -2.10919067e+00 -5.49627329e-02 -6.38246203e+03 1.36967792e+01
 5.81939289e-01 7.04922027e-02 -7.86940608e-01 8.98365888e-01 -2.27633693e+04 1.37059370e+01
 1.38349286e+00 -6.91754455e-01 -3.62335488e-01 3.70302423e-01 -2.84679530e+04 1.37141788e+01
 -3.28901645e-01 -2.51144830e-01 1.04829201e+00 2.87950615e-02 4.61322637e+03 1.36974588e+01
 -1.16818341e+00 -6.88469127e-01 -1.24643860e+00 -1.48358763e-01 -1.18706576e+03 1.36928190e+01
 -7.42316996e-02 -1.24540421e+00 -2.54233478e+00 2.79151582e-01 -5.56595499e+03 1.36928376e+01
 -9.71471200e-01 7.79704961e-01 1.78323212e+00 1.16516397e-01 -2.26047059e+04 1.36970541e+01
 -1.94762385e+00 -1.80041975e-01 1.01567997e+00 7.96263505e-02 7.71310390e+02 1.36991526e+01
 1.35971790e+00 4.33192627e-01 -1.71193729e+00 -3.69977697e-01 -4.86150541e+02 1.37219907e+01
 2.86756132e+00 5.41182497e-02 -8.34060734e-01 -6.34017328e-01 3.25582646e+04 1.37176071e+01
 1.54334001e+00 8.82932282e-02 6.41039640e-01 -7.90990000e-02 2.97122594e+03 1.37084416e+01
 7.00691291e-02 -8.61599023e-02 1.47966302e+00 -1.69682706e-01 3.25832497e+04 1.37038831e+01
 -3.63425976e-01 4.43074459e-01 1.22237452e+00 6.03491027e-01 1.02950633e+04 1.36991001e+01
 -2.07392499e+00 -1.01438607e-01 2.43675322e-01 -3.02661847e-01 1.54375993e+04 1.37006266e+01
 6.45448827e-01 -2.58034022e-01 -2.03632362e+00 1.29443295e-01 -1.67097359e+04 1.36987676e+01
 1.10461199e+00 -1.64273032e-01 -3.03143098e-01 2.46122650e-01 9.48831249e+03 1.37060982e+01
 1.83662920e+00 5.61915049e-02 1.92813441e+00 1.29690349e-01 4.49805256e+03 1.37039292e+01
 1.77799347e+00 2.08117281e-01 -9.47885959e-01 -6.90832039e-01 6.22424035e+03 1.37081502e+01
 3.36919742e-01 2.93400524e-01 1.30098013e+00 -1.77723773e-01 9.58815851e+03 1.37052469e+01
 -4.12503056e-01 5.09647665e-01 -6.19331724e-01 9.99367182e-01 1.70197879e+04 1.36970747e+01
 3.76869131e-01 -9.50248911e-01 -6.10502181e-01 5.81812689e-01 -1.11267343e+04 1.37104640e+01
 -1.62773010e-01 -3.59301999e-01 1.83113324e+00 -6.77702736e-02 -1.56557417e+04 1.37033591e+01
 -1.70894875e+00 -6.98045956e-01 1.96437560e+00 6.08542726e-01 -1.13761206e+04 1.36889788e+01
 -4.47810175e-01 -7.13311786e-02 -1.25733176e+00 1.44925951e-01 -1.34886187e+04 1.36868058e+01
 1.51569654e+00 -9.07640730e-01 -3.37122751e-01 2.62340655e-01 -7.27198260e+03 1.36998566e+01
 -2.36740052e+00 1.26370336e+00 7.21525184e-01 5.36590690e-01 7.02315261e+03 1.37019716e+01
 -1.56975289e+00 -2.88403635e-01 1.36179914e+00 -5.16180227e-01 -1.01597165e+04 1.36983373e+01
 -5.29042467e-01 -3.19932615e-02 7.54331322e-01 -2.91619508e-01 -2.17276262e+04 1.37017486e+01
 9.78488455e-01 1.56177459e-01 -4.50900461e-01 3.38932972e-01 -9.62163285e+03 1.37033920e+01
 2.54841663e-01 -1.04094512e-01 -3.20489706e-02 -1.05359815e-01 -9.64270382e+02 1.36975072e+01
 -3.86248241e-02 7.71338029e-01 4.59779777e-01 7.20352676e-01 5.22578613e+03 1.37021810e+01
 -3.16523244e-01 5.88129420e-01 1.25535329e+00 -2.81601511e-01 -1.85366291e+03 1.36960266e+01
 1.38486702e+00 -1.85848822e-01 1.06506577e+00 7.20352515e-01 4.90745433e+02 1.37073658e+01
 -9.91653888e-01 -1.91266627e-01 -1.34110554e+00 -6.26765846e-01 -1.40804615e+03 1.36921301e+01
 -2.58148347e-01 1.50461728e-01 -2.07466889e-01 3.43216676e-01 3.23762352e+04 1.36935761e+01
 -7.54366921e-01 5.14641966e-02 -9.55169586e-01 9.52275040e-01 1.02278170e+04 1.36938033e+01
 -8.93071307e-01 8.60718699e-01 1.54771469e+00 5.43476750e-01 5.00642115e+03 1.37025985e+01
 -7.90471553e-01 -1.47527646e-01 1.04252787e+00 9.29307106e-02 1.51722553e+04 1.36932957e+01
 1.22863946e+00 -1.74364998e-01 1.22692143e+00 3.25482480e-01 -1.44069066e+04 1.36988222e+01
 1.56430473e-01 7.84785968e-01 3.18342833e-01 6.58798954e-02 2.01179815e+04 1.36922240e+01
 -5.80726361e-01 4.52849585e-01 1.02679733e+00 -1.79366956e-01 -5.29024265e+02 1.37047964e+01
 -5.97112563e-02 -5.36899374e-01 -6.47573013e-02 -3.70648794e-01 -2.19551278e+04 1.37096820e+01
 -1.41480031e+00 -9.83207094e-01 8.17235236e-01 6.95701471e-01 1.31480539e+04 1.36897800e+01
 -1.72617620e-01 -9.89701811e-01 1.56837873e+00 -3.51522153e-01 -6.93881342e+03 1.37018102e+01
 1.10895649e+00 1.21185711e+00 -5.06316955e-01 7.13167697e-01 3.35447725e+04 1.36874636e+01
 5.48185012e-01 2.72798113e-01 -1.35518154e+00 -4.74384658e-01 -4.42630013e+03 1.37094213e+01
 1.54362386e+00 -5.69098094e-01 -7.86449225e-01 2.20883725e-01 1.39713749e+04 1.37052773e+01
 -1.25731762e+00 -1.88019123e-01 -7.39815508e-01 -4.70781677e-01 -2.76547250e+04 1.36886048e+01
 -2.26722977e-01 4.30597450e-01 9.36136322e-01 -6.26909731e-01 3.25732142e+03 1.36960711e+01
 8.11921436e-01 3.73490806e-01 8.83448355e-01 8.63519065e-01 1.09833279e+04 1.37016158e+01
 6.19547765e-01 8.84913534e-03 -3.99784023e-01 4.21888785e-01 -2.08667137e+03 1.37026112e+01
 -2.32982195e+00 -7.95517537e-01 6.01049657e-01 -4.35261423e-01 -1.41899725e+04 1.36941165e+01
 -4.54258697e-01 -4.41466070e-01 1.71123936e+00 -1.21356811e-01 -5.42909712e+03 1.36935099e+01
 -9.27379192e-02 -6.11745006e-01 3.06303775e-01 -2.15661534e-01 -2.22991664e+04 1.36988538e+01
 -7.62450997e-01 1.12599077e+00 -1.60989199e+00 -2.14465130e-01 7.43670415e+03 1.36945485e+01
 9.62912810e-01 -2.49575431e-01 9.69339201e-01 -1.37265836e-01 3.71466582e+03 1.37105327e+01
 2.81300280e-01 -3.83673518e-01 7.63299209e-01 4.16621259e-02 2.50064201e+03 1.36970363e+01
 -1.80056404e+00 -7.57225038e-01 -2.02119175e+00 -1.08391493e+00 5.42016156e+03 1.36955080e+01
 2.14442245e-01 2.07903526e-02 1.73647400e-01 -3.48057065e-02 2.68170673e+04 1.37095558e+01
 -1.99149408e+00 2.47332558e-01 4.72157413e-01 -3.11977062e-01 3.03242153e+04 1.36936482e+01
 9.87059697e-01 -2.15778147e-01 5.79576246e-01 -1.13111203e-01 -1.35814161e+04 1.37119034e+01
 -1.12219153e+00 2.35668484e-01 4.61245817e-03 7.42146248e-01 3.80128370e+03 1.37049376e+01
 -1.03094788e+00 -7.12997662e-01 1.83968305e-01 -4.89921541e-02 3.25279987e+03 1.37000708e+01
 3.95684829e-01 1.41814080e+00 1.86343558e+00 -4.55926932e-01 2.41530031e+04 1.37027985e+01
 -5.67509107e-01 2.55997703e-01 2.07635767e+00 -1.53392280e-01 1.50181424e+04 1.37068934e+01
 -1.11540439e+00 4.84940540e-03 -1.21363133e+00 1.20901132e-02 1.42134148e+04 1.36936176e+01
 -1.83096465e-01 -9.90260532e-01 2.98958007e-02 9.68736248e-02 -1.48134242e+04 1.36960696e+01
 -7.12938085e-01 3.11565984e-02 -2.57911167e+00 -8.07854600e-01 1.86116585e+04 1.36949589e+01
 9.26357940e-02 3.30956331e-01 -2.23808315e-03 5.14321773e-01 4.35527281e+03 1.37055903e+01
 -8.86359455e-01 -7.97239312e-03 6.23216566e-01 3.66119907e-02 8.26238396e+03 1.37022463e+01
 -2.29482982e+00 -8.44141080e-01 -1.18919456e-01 -1.87599988e-02 6.51005161e+03 1.36880674e+01
 2.15647202e-01 -8.72487401e-01 5.04006423e-01 -3.46796543e-01 -1.28249196e+03 1.37088964e+01
 -5.21801736e-01 7.12543320e-01 -9.93280561e-01 -3.29262000e-01 2.28869472e+04 1.37039000e+01
 1.56863950e+00 3.72372031e-01 -4.82561404e-01 7.27283188e-01 1.70276323e+04 1.37080842e+01
 -6.20118993e-01 -3.36430572e-01 4.72275665e-01 6.88567780e-02 4.70034244e+04 1.37012584e+01
 1.30822657e+00 1.59634666e-01 1.16872438e-01 -1.07823237e-01 -9.95250376e+03 1.36953577e+01
 -4.71161495e-01 -1.79836584e-02 -1.33242589e+00 -3.85004435e-02 -1.17765537e+04 1.36910217e+01
 1.09527554e+00 4.19041843e-01 -7.52418353e-01 3.24626611e-01 4.72172883e+04 1.37147372e+01
 -3.83425926e-01 -5.77727783e-01 6.02144924e-01 -1.74570485e-01 -3.33386068e+03 1.37042602e+01
 -1.53430089e+00 -1.17097775e+00 -4.71209984e-01 -2.55737183e-01 -2.07368367e+04 1.36843152e+01
 -8.71157299e-01 -2.29174324e-02 -2.94594133e-02 -4.90965046e-01 1.00214483e+04 1.36884528e+01
 5.13912523e-01 -3.79604309e-01 -5.43274807e-01 4.58972825e-01 7.41874044e+03 1.36993802e+01
 -2.00785391e+00 -1.36917239e-01 8.96225188e-01 6.85065374e-02 -2.06258002e+03 1.36890543e+01
 1.12020950e+00 3.90473830e-01 9.47566631e-02 -2.30568142e-01 1.19522608e+04 1.36982771e+01
 8.41919581e-01 1.59678855e-01 -1.42740235e-01 6.81545702e-01 1.02503243e+04 1.37064399e+01
 -2.17726945e+00 -5.65526670e-03 5.21296807e-01 1.39893284e-01 -3.51955912e+04 1.36988281e+01
 -7.56549295e-01 3.05642497e-01 -6.48713669e-01 9.06121679e-01 1.40857360e+03 1.36993935e+01
 3.17950493e-01 -2.98585872e-01 -2.16624861e+00 -1.19830523e-01 1.58395936e+04 1.37048844e+01
 7.84368416e-01 -2.98603715e-01 -6.41245321e-01 1.38892568e-01 2.38963704e+04 1.37006065e+01
 -8.39958954e-01 4.55733360e-01 9.82140831e-01 -8.43352477e-01 5.39504757e+03 1.36900261e+01
 -1.23764277e+00 -7.02718001e-01 -7.17887762e-01 1.81182964e-01 1.86776716e+02 1.36970378e+01
 -1.12951985e-01 -1.40983792e-02 -1.51672245e+00 -1.72936204e-01 1.67567657e+04 1.36892342e+01
 -1.37881111e+00 -9.42448858e-01 5.20461329e-02 -5.54995776e-01 -2.05161077e+04 1.36917898e+01
 -1.40140499e+00 -6.24513360e-01 7.99437589e-01 5.22270414e-01 1.12726255e+04 1.37053970e+01
 -1.15200694e+00 -3.12150258e-01 1.47433675e+00 -1.27292806e-01 9.11918343e+02 1.36965879e+01
 -7.97344384e-01 1.19849187e-02 -2.84640441e-01 7.87418738e-02 -3.77439932e+02 1.37005983e+01
 -5.63412502e-01 -1.55873224e-01 -1.85877058e+00 -4.08856645e-01 -1.79895853e+04 1.37012859e+01
 2.50920860e-02 -5.86322498e-01 -5.01995430e-01 3.28527076e-01 5.80455056e+03 1.37066329e+01
 -1.57227780e+00 2.52759807e-01 -5.21635480e-01 -2.69634365e-01 -3.14417147e+03 1.36825362e+01
 8.77985700e-01 -8.08054481e-01 9.37303074e-02 2.37568158e-01 1.98067206e+04 1.37050564e+01
 1.48501868e+00 3.55510463e-01 -3.34763897e-01 1.08203648e-01 1.70995775e+04 1.36984954e+01
 -2.01260045e-01 1.06190071e+00 5.67087341e-02 -2.91918734e-02 -1.54545689e+04 1.36967422e+01
 7.03433559e-01 5.78807127e-01 -1.01020234e+00 -4.01925491e-01 1.56165435e+04 1.37009150e+01
 4.38931732e-01 -3.16273825e-01 -2.55648885e+00 6.88948174e-01 7.20517520e+02 1.37026642e+01
 1.08295115e+00 5.57960101e-01 2.44961875e-01 7.50703331e-02 -2.01447093e+04 1.37064327e+01
 9.79384760e-01 -5.40710356e-01 -1.71933654e+00 4.30929185e-01 4.04631972e+04 1.36960360e+01
 1.38262278e+00 7.41890231e-01 7.64069997e-01 7.96272230e-01 -1.23540219e+04 1.37048478e+01
 -8.33506837e-03 -6.27384056e-01 -2.46063369e+00 -2.41468142e-01 -6.30537893e+03 1.36867783e+01
 -8.76259212e-01 -1.86467898e-01 -6.48442306e-01 3.09375470e-01 -1.43905778e+04 1.37038499e+01
 1.13323293e+00 -4.03766662e-01 -2.29386019e-01 6.27046478e-02 -1.13100250e+04 1.37014805e+01
 3.20534438e-01 4.88598273e-01 4.12372132e-01 8.04234368e-01 1.90912172e+03 1.37067776e+01
 -8.77006899e-01 -2.93458591e-01 -2.88341380e+00 -3.82945245e-01 -1.06227716e+04 1.37054536e+01
 1.11640218e+00 -7.62165178e-01 3.25973222e-01 -4.84946491e-01 2.95545291e+03 1.36989447e+01
 -1.51798640e+00 -1.77480222e+00 -9.14185762e-01 -4.79185461e-01 1.83429754e+04 1.37074663e+01
 -1.14134057e+00 -1.88269602e-01 1.25538662e+00 4.52602276e-02 2.22506336e+04 1.37041318e+01
 7.94934782e-01 5.15527751e-01 -5.04662818e-01 -1.98398562e-01 -5.74906783e+03 1.37005657e+01
 5.36342724e-01 -3.45442487e-01 -5.34966595e-01 1.56347561e-01 1.37725083e+04 1.37033371e+01
 -2.77648056e-01 1.78177787e-01 1.92133205e+00 -1.83200093e-01 -2.46774320e+03 1.36982531e+01
 2.26534236e+00 4.73578058e-01 1.87344296e-01 -3.51000518e-01 2.24095063e+03 1.37098716e+01
 8.97069044e-01 1.22761102e-01 2.11894317e-01 5.78962729e-01 3.26624134e+04 1.37071106e+01
 1.59833841e+00 -2.30220015e-02 -8.66238002e-01 2.76052128e-01 7.44474248e+03 1.37003307e+01
 -1.56488538e+00 3.34756180e-01 -6.66924764e-01 -8.38732304e-01 -4.06341106e+04 1.36889124e+01
 4.94572618e-01 -1.32697943e+00 5.61396273e-01 4.24662284e-01 -1.19543903e+04 1.36996594e+01
 2.77615922e-01 -3.99516730e-02 4.58150765e-01 4.71938048e-01 -4.02922622e+03 1.37052202e+01
 8.87413962e-01 1.19326110e+00 -1.63705573e+00 4.29628682e-01 1.71601528e+04 1.37068616e+01
 -9.80414216e-01 1.66522473e-01 -9.68042075e-01 -1.56394598e-01 -2.00904136e+03 1.36995513e+01
 -7.07267410e-01 4.86878045e-01 7.05021733e-01 3.54503676e-01 -1.85260555e+04 1.36963026e+01
 9.26450956e-02 -5.74762239e-02 1.08149154e+00 2.44464687e-01 1.11149752e+04 1.36879520e+01
 -2.67230833e-01 -1.38873035e-01 1.11863283e+00 8.30507895e-01 2.60565774e+04 1.36965688e+01
 7.30622933e-01 3.56954203e-01 -6.23370777e-01 -2.94568167e-01 -1.21034532e+04 1.36974673e+01
 7.28637673e-01 -5.12306902e-01 8.12209611e-01 -3.37318904e-01 -2.37092593e+04 1.36976885e+01
 -4.49219661e-01 -1.18530985e+00 -4.41385924e-01 5.22676523e-01 2.89681155e+04 1.36990692e+01
 -5.12073634e-01 -3.54165992e-01 -4.43985669e-01 -4.24551939e-01 2.33203922e+03 1.36969786e+01
 1.05831304e+00 2.00665236e-01 8.92928521e-01 1.78916703e-01 -4.65165758e+04 1.36974386e+01
 -5.44758087e-01 -1.60068251e-01 5.33178564e-01 -7.11094220e-03 1.76672377e+04 1.37112197e+01
 4.02668709e-01 1.83382379e-01 3.52535705e-01 -3.01347399e-01 4.86201375e+04 1.36992922e+01
 -1.28147945e+00 7.23633396e-01 1.58924884e+00 -4.58320655e-01 -1.41079621e+04 1.37003215e+01
 -7.31812293e-02 -4.11329662e-01 5.74353088e-01 -5.41736353e-01 8.07015870e+03 1.37000224e+01
 -1.08859691e+00 -9.50300760e-01 1.85686244e+00 4.40098718e-01 1.22847934e+04 1.36994251e+01
 -1.06230157e+00 1.08853478e-01 -1.03585058e+00 -2.51031134e-02 -1.64736311e+04 1.36984210e+01
 -4.66010933e-01 3.24644474e-01 9.63280174e-02 -8.13984807e-01 -3.51433856e+04 1.37000685e+01
 1.38554153e-01 1.16074341e-01 1.56459423e-01 -5.29121456e-01 -3.02317187e+04 1.36918516e+01
 4.21567341e-01 1.49452106e-01 -7.04586813e-01 4.97959089e-01 6.23322404e+03 1.37036018e+01
 1.72359802e-01 4.46636696e-01 3.21813344e-01 -5.58208265e-01 -9.32889184e+03 1.36974775e+01
 1.56502768e+00 3.20241256e-01 7.26460190e-01 -3.79611000e-01 2.37495508e+04 1.37160975e+01
 1.40164055e+00 -1.56203480e-01 2.23000643e+00 -4.75930131e-01 -2.19934947e+03 1.37186992e+01
 1.25091084e+00 9.95541685e-01 -1.26763833e+00 -1.92282409e-01 -1.26547977e+04 1.37051276e+01
 -9.48156356e-01 -1.44872957e-01 -5.14684898e-01 9.89196786e-01 1.03129781e+04 1.36942103e+01
 1.98405296e+00 3.69114878e-01 1.17809985e+00 7.38992814e-01 -2.84370636e+04 1.37096963e+01
 -1.27607785e+00 -6.76121895e-01 2.42814151e+00 -3.75762242e-01 -8.18694378e+03 1.37010296e+01
 -3.53211798e-01 -1.82991189e-01 7.30073662e-01 4.26103472e-02 3.20523149e+03 1.36965176e+01
 -5.55745370e-01 1.69622502e-01 1.04417549e+00 2.59068994e-01 -1.86710599e+04 1.37008952e+01
 -8.74965063e-01 1.07744046e+00 -4.75498058e-01 2.25017754e-01 5.43818421e+03 1.36978595e+01
 1.69225175e+00 -1.99931913e-01 -3.31051361e+00 -2.27278864e-01 2.21892398e+04 1.37096018e+01
 -2.78910475e-01 3.87515635e-01 -5.45451222e-01 1.08771029e-01 -2.45468319e+03 1.36979932e+01
 -6.85630614e-01 5.31729000e-01 2.19229863e+00 -1.41444541e-01 -1.39701353e+04 1.37014027e+01
 -1.78391071e+00 -1.03121458e+00 -1.63418480e-01 -5.40601845e-01 -1.23534189e+04 1.36873331e+01
 1.90901517e+00 4.88008812e-01 -2.20512296e+00 -6.31285084e-01 1.39719561e+04 1.37065485e+01
 -1.00047365e+00 4.13167442e-01 2.10191981e+00 9.17434190e-03 -1.20782026e+03 1.36959434e+01
 -4.95364018e-01 1.76381698e-01 2.49884356e-01 1.05075894e-01 -1.63917539e+04 1.36895005e+01
 5.10613827e-01 5.64824163e-01 5.28499386e-01 -4.07659686e-01 5.02315653e+02 1.36947560e+01
 2.14187940e-01 7.42117657e-02 -4.42336208e-01 -3.51396500e-01 1.56551640e+04 1.36999390e+01
 1.46455603e+00 7.69320574e-01 -2.52334981e-01 8.53294556e-01 -8.30528604e+03 1.36967295e+01
 2.12383368e-02 -1.16497032e-02 -1.61016809e+00 -4.18273803e-01 8.78779780e+03 1.36932329e+01
 -9.17674101e-01 2.21723362e-02 -3.40553259e-01 6.75856640e-01 1.11839534e+04 1.37026772e+01
 -9.43544190e-01 -2.97609186e-01 1.09045569e+00 8.44640033e-01 -1.17677867e+04 1.37122426e+01
 9.03480327e-01 -9.93825011e-01 -4.76356489e-01 2.35231582e-01 3.68801684e+03 1.37134826e+01
 -8.06719829e-01 -8.68608976e-01 -5.60367183e-01 5.17145569e-01 -1.97987057e+04 1.36890191e+01
 1.35907647e+00 -3.95250386e-01 8.25445445e-01 8.62058639e-01 3.17559094e+04 1.37052406e+01
 2.90555306e-01 -2.24538492e-01 1.62239569e+00 -1.09409222e-01 3.28354251e+04 1.36956038e+01
 2.22926217e-01 3.95966951e-01 6.19035453e-01 6.21330872e-02 -1.11030989e+04 1.37051216e+01
 7.58904917e-01 -5.35352380e-01 -3.13125318e-01 -1.43963700e-01 -2.01219582e+04 1.37029207e+01
 -1.93361155e-01 -2.94219925e-01 -1.63169096e+00 6.09420093e-01 2.31479625e+04 1.36949589e+01
 6.72296120e-01 -5.55691418e-01 -1.06329072e+00 1.14545356e+00 -2.97978282e+04 1.37086675e+01
 -1.49271999e+00 5.99939784e-01 -1.07491053e+00 -1.65214089e-01 -9.81188235e+03 1.36944921e+01
 1.25351640e+00 -3.05614619e-01 -4.53409075e-01 4.15978835e-01 -3.66710331e+03 1.36937359e+01
 -7.07132219e-01 -9.16964016e-01 1.14633585e+00 2.78400448e-01 9.03502422e+03 1.36922170e+01
 1.34992650e+00 5.68648334e-02 -2.00493109e+00 -3.55263100e-01 -8.05909512e+03 1.37024368e+01
 -1.70832065e+00 -5.61156574e-01 1.23400398e+00 7.17904053e-01 9.36959078e+02 1.36903458e+01
 -7.45216585e-01 -7.45816539e-01 4.82727780e-01 -1.92060049e-01 1.79757331e+04 1.36998384e+01
 6.57224617e-02 -2.93145817e-01 9.69405384e-01 3.77888975e-01 2.83203283e+03 1.36938161e+01
 -9.21562419e-01 2.49600696e-01 -2.22623086e+00 -6.60257849e-01 5.18713125e+04 1.36949181e+01
 -1.42622548e+00 -3.03962568e-01 -6.37783521e-01 -4.34619843e-01 -6.17914910e+02 1.36917059e+01
 -3.12577655e-01 1.28893440e+00 3.05899269e-01 -4.13999230e-01 -2.16192990e+02 1.37093459e+01
 2.51990389e-01 -4.23683204e-02 5.58703932e-01 -7.15007178e-02 -1.17342550e+04 1.37039006e+01
 -1.26442335e+00 -2.79279895e-01 3.45094661e-01 -1.60930471e-01 -2.77464645e+04 1.36983294e+01
 -1.33299582e+00 -3.83564239e-01 -2.76474951e+00 -1.98785775e-02 1.55532796e+04 1.36996536e+01
 4.11100935e-02 -2.61033955e-02 7.88914037e-01 -9.78760850e-01 2.64153379e+03 1.36949785e+01
 -7.72735025e-02 -3.94854663e-01 1.83949055e+00 -1.11417701e-01 -2.12770557e+04 1.37021164e+01
 8.32991816e-01 -2.42747040e-01 -2.50033839e+00 1.22368156e-01 4.62264018e+04 1.36991473e+01
 1.39271787e-01 -1.67116864e-02 -6.04889376e-01 -2.32869571e-01 9.38980731e+03 1.36996242e+01
 1.01362172e-01 -4.54855381e-01 2.45750391e-01 2.25300363e-01 -3.12903889e+04 1.36934280e+01
 -3.06309101e-01 1.24998521e+00 -8.13425384e-02 8.89757268e-01 3.83825346e+04 1.36980461e+01
 3.89485100e-01 -8.63293275e-01 4.89058005e-02 3.67336617e-01 -9.87210297e+01 1.37074174e+01
 -8.44604614e-01 -1.58203489e-01 -1.76057921e+00 -1.14553758e-01 -3.97487941e+04 1.36938829e+01
 -3.14058313e-01 6.33677779e-01 2.65479677e-01 -3.15494013e-01 -1.78328750e+04 1.37043665e+01
 2.96843933e+00 3.83139434e-01 1.88331714e-01 3.59385434e-01 5.36463657e+03 1.37160880e+01
 4.91282436e-01 -1.28632570e+00 1.28213262e+00 2.23587877e-01 -1.47582216e+04 1.36924522e+01
 2.74724173e-02 -6.33760747e-03 -1.29988938e+00 -1.20637870e-01 3.09234821e+04 1.37082446e+01
 7.43392770e-01 -6.21854816e-01 1.05609337e+00 3.51245449e-01 2.41491334e+04 1.37040114e+01
 3.68274175e-01 -1.08869048e-01 1.52465442e+00 2.48188987e-01 5.39808170e+03 1.36992391e+01
 6.03997630e-01 1.15759785e+00 1.44179270e+00 6.23903750e-01 -1.01338042e+04 1.37004841e+01
 9.64264547e-01 -6.50008249e-01 -1.43507521e+00 -3.98467848e-01 -1.21913668e+04 1.36985476e+01
 8.16431102e-02 6.98701743e-01 -1.34171097e+00 1.25780410e-01 -3.93342307e+04 1.37082010e+01
 1.00493551e+00 -3.77380736e-01 1.22473679e+00 -1.39010309e-01 -1.37410876e+04 1.36987524e+01
 -1.23230506e+00 6.61987636e-03 -7.43092932e-01 5.48712229e-01 -4.63907812e+03 1.36981665e+01
 -1.51520619e+00 2.67197609e-01 1.34825580e-02 2.56806446e-01 1.17118555e+04 1.36992755e+01
 -1.51072375e+00 8.91342703e-01 2.82958198e-02 1.00856644e-01 -1.96560618e+04 1.37004523e+01
 3.39293792e-01 -7.07100251e-01 -1.46983040e+00 2.14515936e-01 1.49630775e+04 1.36991713e+01
 -7.57123156e-01 3.56613039e-01 1.92380777e+00 -8.61655702e-01 -1.71788955e+03 1.37000885e+01
 -6.47866858e-02 1.93355650e-01 -3.34999748e-01 -3.19793915e-01 3.83747833e+04 1.36997339e+01
 3.00171789e-01 1.08445446e+00 -1.09043947e+00 1.97759215e-01 1.86721495e+04 1.36967630e+01
 -1.27318231e+00 -6.99368075e-01 -1.85761507e+00 3.12394888e-01 -3.63862888e+03 1.37045574e+01
 -1.11250049e+00 -8.29736434e-01 7.16262292e-01 -3.82627782e-01 2.25699534e+04 1.36988660e+01
 2.72652242e-01 -2.51687178e-01 1.01460700e+00 -1.23734269e+00 -2.26555182e+04 1.36984404e+01
 -9.21131360e-01 -3.11256675e-01 6.21424069e-01 -6.08268368e-01 -2.60435768e+04 1.36937086e+01
 -9.64054348e-02 -1.63487302e-01 1.19516690e+00 -2.69797030e-01 9.94726779e+03 1.37031266e+01
 -2.07045901e+00 -9.34496676e-01 -3.19295501e-01 1.96271082e-01 -2.03609987e+02 1.36928901e+01
 5.45375265e-01 -5.31783542e-01 -1.38286571e+00 -6.97331937e-01 3.52395131e+04 1.37112718e+01
 -4.65984048e-01 -1.67801879e-01 1.37198374e+00 1.53530707e+00 -1.86680199e+03 1.36955519e+01
 1.76039035e+00 2.02500213e-01 -7.28459797e-01 -2.49359045e-01 1.94686765e+04 1.36955038e+01
 7.95978800e-01 -1.19149916e-01 -4.40955834e-01 -5.89679886e-01 1.73189545e+04 1.36944146e+01
 -1.12148718e+00 1.58250995e-01 1.94730471e+00 2.36887853e-01 1.44213872e+04 1.36928413e+01
 -1.97725229e-02 5.74056446e-01 -3.34517528e-01 6.70841728e-01 2.66746097e+04 1.36824401e+01
 -4.35707598e+00 1.47088167e+00 -1.70074391e+00 -4.68601530e-01 2.12117593e+04 1.37019510e+01
 -7.85176205e-01 -2.09451079e-01 1.34792730e+00 7.28261516e-01 1.00419632e+04 1.36870872e+01
 -7.03955932e-03 5.94104845e-01 -1.06073877e+00 -5.33099443e-01 8.74276032e+03 1.37027644e+01
 2.58894970e-01 -4.59338998e-01 -1.70711675e+00 8.18167022e-01 1.43096753e+04 1.37051340e+01
 1.32525699e+00 -5.29944933e-01 7.61956457e-01 -8.19399262e-01 -1.03615252e+04 1.37122914e+01
 3.06401488e-01 -6.26721731e-01 8.04846142e-01 1.52369786e-01 -1.30594006e+04 1.36968872e+01
 -2.20538220e+00 4.42069191e-01 7.73748312e-01 -1.80128177e-01 -3.06395810e+03 1.36926466e+01
 2.10974665e+00 4.62173136e-01 -7.99346880e-01 -6.74118912e-01 -5.77959741e+03 1.37026674e+01
 5.02330545e-01 1.27855810e+00 2.24318020e+00 -6.72967824e-01 8.34172716e+03 1.36915010e+01
 -6.15059535e-01 -3.93074505e-01 -1.73049930e+00 1.05402776e+00 1.98535969e+04 1.37013052e+01
 1.00209962e+00 -1.30357076e-01 -2.31468796e+00 -1.53716283e-01 -1.22800805e+03 1.36977372e+01
 -7.66880028e-03 -2.40173795e-01 2.80515805e-01 -1.03170720e-01 1.16460944e+04 1.36997771e+01
 2.27392828e-01 2.45681597e-01 -1.24931168e+00 8.32672360e-01 -2.30335699e+04 1.36970914e+01
 3.49731818e-01 2.34723767e-01 -8.39430809e-01 4.96701704e-01 1.91087480e+04 1.36917384e+01
 6.72309411e-01 3.16350241e-01 1.67898031e+00 3.88128362e-01 -2.87741387e+03 1.36966988e+01
 -8.00489718e-01 2.02718150e-01 2.20368515e-01 -1.68245993e-01 1.82386006e+04 1.36912470e+01
 3.23579111e-01 7.89441526e-01 -1.54784200e+00 -4.88589011e-01 2.31778882e+04 1.37142838e+01
 1.17906453e+00 4.51933570e-01 2.30018464e+00 -3.10644167e-01 3.48501373e+04 1.36993926e+01
 3.36180390e-01 -2.93673985e-01 3.33859413e+00 6.13180398e-02 -6.54727323e+03 1.36924591e+01
 -2.02125797e-01 -4.13213836e-01 -1.63887001e+00 5.88325344e-01 -1.91165364e+04 1.36998204e+01
 -1.64492135e+00 -2.56506538e-01 -4.17361020e-01 2.83076284e-01 -1.00119195e+04 1.36948484e+01
 2.48854726e-01 -2.72706794e-01 1.47158891e-01 1.20542781e+00 -9.70453894e+03 1.36961071e+01
 -7.77328204e-01 4.37981036e-01 -9.28911273e-01 3.40356335e-02 -2.62218530e+04 1.36930029e+01
 -6.15446919e-01 3.80841862e-01 4.42735703e-01 -5.56356958e-01 9.65982582e+03 1.37047478e+01
 -8.62247709e-01 3.13000800e-01 4.11136869e-01 1.49688066e-01 -1.97548491e+04 1.36919739e+01
 -1.00153102e+00 5.05805847e-01 -7.05426217e-01 5.00647434e-02 -3.04600021e+04 1.36969314e+01
 -1.75901757e+00 7.30191266e-01 -4.87809098e-01 1.11103031e-01 1.99130296e+04 1.36939232e+01
 -2.76646456e-02 -2.11773905e-01 -7.27829624e-01 -3.33208799e-01 2.24471556e+04 1.37050615e+01
 -4.22817469e-01 -5.18062266e-01 -7.72730342e-01 -1.39246623e-01 1.75117335e+04 1.37014407e+01
 -1.34813289e+00 1.48076342e-01 -1.28815039e+00 -1.24546310e-01 -8.32464791e+03 1.36928232e+01
 9.15219453e-01 1.41819545e+00 -4.71249007e-01 4.87282751e-02 -1.10595394e+04 1.37039352e+01
 2.02000650e+00 -8.12770290e-02 -1.80555035e+00 -3.35811759e-01 -9.65635002e+03 1.36965855e+01
 7.28080147e-01 -5.65807296e-01 4.85932858e-01 -1.29106619e-01 -2.13864602e+02 1.37039769e+01
 -8.80458939e-01 6.22108733e-01 1.47089353e+00 -5.28256764e-01 1.64980088e+04 1.36969440e+01
 5.06771348e-01 -8.70701186e-01 2.30056155e+00 -2.93375016e-01 1.27708465e+04 1.37077618e+01
 -6.40369670e-01 3.37504993e-01 -6.97595705e-01 -1.67543165e-01 2.44299164e+04 1.37054035e+01
 1.05347608e+00 -6.97449247e-01 -1.19752866e-01 2.76042369e-01 1.13362078e+04 1.37074803e+01
 -1.38748956e-01 -7.99110343e-01 -9.69105146e-01 5.89116624e-01 7.77276641e+03 1.37071917e+01
 -1.36490712e+00 -6.53200996e-01 6.80413609e-01 -2.85428579e-01 2.51944234e+03 1.36978468e+01
 -6.51022110e-02 -5.30031793e-02 9.46060518e-01 2.53930897e-01 -1.11851352e+04 1.37045167e+01
 -6.36950495e-01 1.80948776e-01 7.22778872e-01 2.06085853e-01 2.02691214e+04 1.36925114e+01
 -1.05333369e+00 -1.78138047e-01 -2.25142229e+00 -1.89327605e-01 1.15110851e+04 1.36956032e+01
 -1.48066371e+00 1.48442897e-01 5.53032965e-01 -1.25385010e+00 1.80982907e+04 1.36972508e+01
 1.07203618e+00 -2.00422517e-01 1.64554144e+00 6.42097248e-01 5.20670509e+03 1.37078119e+01
 2.40458233e-02 6.18910344e-02 1.56276956e+00 5.46956343e-01 -1.36027973e+04 1.36985293e+01
 -5.25854017e-01 -4.17113102e-01 -1.61987261e+00 4.57693202e-01 8.88226895e+02 1.37022181e+01
 2.36134977e-01 -4.04356500e-01 -6.30206731e-01 -2.55612053e-01 4.45046797e+04 1.37009390e+01
 1.26608528e+00 -3.06316506e-01 2.01638003e-01 -1.71800610e-01 1.55736894e+04 1.37103377e+01
 -5.65134268e-01 -3.52380883e-01 1.31253952e+00 1.22618910e-01 -3.73310988e+04 1.37008440e+01
 1.60983861e+00 5.21553496e-01 7.93643598e-01 3.71587321e-01 1.90121285e+04 1.37035061e+01
 4.32618866e-01 -1.67350221e-01 -9.33906090e-01 -5.02097440e-01 -7.06721764e+02 1.37013864e+01
 -5.02972670e-01 -1.23365870e-01 -1.76794619e-02 1.01612921e-01 -1.44747575e+04 1.37006362e+01
 -1.70377969e+00 7.11545000e-02 -1.09687688e+00 1.05902236e-01 -3.76308736e+04 1.36900517e+01
 -1.63998547e-01 -2.09264975e-01 -1.56970125e+00 -5.82895803e-01 -1.84167675e+04 1.37026252e+01
 3.05120272e-01 3.51354304e-01 1.08927484e+00 3.40049193e-01 2.88926092e+04 1.36979051e+01
 -1.73289345e+00 4.02656293e-01 1.31735447e+00 -1.49455692e-01 -3.14195272e+04 1.36927691e+01
 -7.75481303e-02 -5.50646903e-01 3.38628106e-01 3.76498397e-01 -3.26845061e+04 1.36972046e+01
 4.65734376e-01 5.44899821e-01 2.27881088e+00 6.41425935e-01 -5.83166005e+03 1.36925982e+01
 -2.17672140e+00 -5.92604769e-01 1.33104127e+00 -7.87633416e-01 1.90220390e+03 1.36890277e+01
 -1.00607132e+00 2.12224374e-01 -3.54938069e-01 4.06388412e-01 -1.72116489e+04 1.36936465e+01
 2.76121515e-02 -1.36938937e+00 -1.39822869e+00 3.03887025e-01 -9.05175016e+03 1.36978865e+01
 1.55664170e+00 -5.19219988e-01 -6.89899207e-01 -6.01252582e-03 2.10182004e+04 1.37119132e+01
 5.18445373e-03 6.02407688e-02 1.15528268e+00 4.38319280e-01 -4.20146423e+04 1.37038832e+01
 1.97641215e-02 -4.12574901e-02 4.16749227e-01 3.00104363e-03 7.07980316e+03 1.36889985e+01
 -1.95145849e-01 2.03870615e-01 -1.09076454e+00 9.56054891e-02 -1.23300077e+04 1.37035124e+01
 -1.07459744e+00 5.28853217e-01 -1.42521694e+00 -4.60939907e-02 5.20179362e+03 1.37012643e+01
 -1.15151345e+00 -3.54994186e-01 -8.10361293e-01 -1.14454606e-01 -7.20461661e+03 1.36950232e+01
 -9.31478896e-01 -2.42528508e-01 -6.93306814e-01 -3.64223177e-01 3.24625725e+04 1.36948790e+01
 1.67660981e+00 7.11292486e-02 -2.53003468e-02 -4.34485386e-01 -5.59628517e+03 1.37004806e+01
 4.30473459e-01 4.30840540e-02 -1.57399507e+00 4.73209134e-01 1.34350192e+04 1.36998288e+01
 -3.10195757e-02 -2.55336055e-01 1.08641080e+00 -8.58361209e-01 2.74676596e+04 1.37046747e+01
 -5.85440946e-02 -1.64000390e+00 2.09315905e+00 6.55647592e-01 -7.92162916e+03 1.36998062e+01
 5.14115498e-01 3.25565709e-01 -3.29909930e-01 5.15530576e-01 6.67527900e+03 1.36869961e+01
 1.48767161e-01 2.27965641e-01 -7.54553795e-01 3.37496217e-01 1.54353374e+04 1.37104973e+01
 2.25130554e+00 1.08332258e-01 -9.13846943e-01 4.27974824e-01 6.42431229e+03 1.37124028e+01
 8.07004261e-02 7.26796817e-01 1.29072592e+00 -1.67972746e-01 1.47394504e+04 1.36988823e+01
 -1.73239231e+00 2.09115376e-01 -2.32638816e+00 1.78835062e-01 1.67278828e+04 1.36893405e+01
 -2.07218076e+00 1.33512086e-01 2.33542229e-01 -2.92739425e-01 -1.59569764e+04 1.36891925e+01
 -1.32329378e+00 3.99598319e-01 1.33597375e-01 -7.67682638e-01 -1.28808492e+04 1.36881151e+01
 1.08059467e+00 1.79383088e-01 2.35436582e+00 -4.08351892e-01 -2.85994094e+04 1.37098481e+01
 1.23984375e-01 -5.39295757e-01 -6.37366898e-01 1.30731450e-02 9.76449268e+03 1.36933308e+01
 4.54502423e-01 -5.70438976e-01 6.20575891e-01 2.70557602e-02 3.68195769e+03 1.37020465e+01
 -6.26689536e-01 1.52990284e-01 9.58740532e-01 8.91180447e-01 -1.66682622e+03 1.36976790e+01
 -1.83833606e+00 2.08784262e-01 -1.04499613e+00 3.49690812e-01 -2.74302687e+03 1.36928583e+01
 5.62000463e-01 -2.31566957e-02 -1.13565809e+00 -1.10509981e-01 -1.04334906e+04 1.36959460e+01
 3.52815611e-01 1.71981359e-01 -1.25111620e+00 3.03556263e-02 1.00927542e+04 1.36859188e+01
 1.69681147e-01 1.44765519e-01 -1.55317438e+00 -5.76027055e-01 1.49908085e+04 1.36936348e+01
 9.68085002e-01 -1.02885076e+00 -6.79428489e-01 -1.96344618e-01 1.39829011e+04 1.36909774e+01
 -4.23130987e-01 -6.36737233e-01 1.35786381e+00 7.67921344e-02 -2.36020233e+03 1.37020295e+01
 -1.11113964e+00 3.79341440e-01 -4.82860933e-01 7.78991494e-01 -1.03703127e+04 1.36869845e+01
 -1.29627284e+00 9.35889103e-01 -1.17626347e+00 2.02886078e-01 -1.54149536e+04 1.36998810e+01
 7.03955117e-01 2.50970049e-01 -1.38781557e+00 -4.52088099e-01 4.57023655e+03 1.37074032e+01
 1.49482938e+00 5.24975440e-01 1.07551760e+00 2.32026330e-02 -1.17806808e+04 1.37176250e+01
 6.65545107e-01 1.38275151e-01 -3.70203813e-01 3.96330253e-01 -1.02388588e+04 1.37060166e+01
 5.84212151e-01 3.85025750e-01 -9.58844558e-01 -7.18884844e-02 -3.39213492e+04 1.36955719e+01
 1.25621886e+00 -2.06148313e-01 -1.05610911e-01 2.98567933e-01 2.03307662e+04 1.37072279e+01
 2.78946902e-01 -1.37405478e-01 7.42898751e-01 1.52465264e-01 -1.46907875e+04 1.37095305e+01
 1.22866753e+00 2.43995719e-01 -6.71002995e-02 6.61468062e-01 1.76540980e+03 1.36947315e+01
 1.46431386e+00 5.95053018e-01 3.67315096e+00 8.65734847e-02 -1.25656020e+04 1.37072249e+01
 -4.39415024e-01 -7.27527162e-02 9.81828852e-01 -8.36199066e-02 1.48340566e+04 1.36971065e+01
 8.54623677e-01 -3.67509981e-01 -6.42478565e-01 -6.78819795e-01 -4.31877777e+04 1.37025959e+01
 -1.04444796e+00 -1.62282920e-01 -1.41980504e+00 -2.42805657e-01 -9.00006864e+03 1.36934911e+01
 3.84640323e-01 4.43249266e-01 -1.29515740e+00 -6.30643128e-01 4.40509402e+04 1.37029620e+01
 3.51233811e-02 -6.62755995e-01 1.12517892e+00 6.61074058e-01 -1.03791599e+04 1.37017626e+01
 8.07994581e-01 -3.78100997e-01 3.35235618e-01 -3.38215526e-01 3.34920788e+03 1.37059861e+01
 4.46097832e-01 5.26444632e-02 -4.13198575e-02 -7.15430740e-02 1.59362167e+04 1.36902543e+01
 -2.09826262e+00 -2.13925129e-01 9.86947875e-01 -1.73596977e-01 -1.71754018e+03 1.36882593e+01
 -5.12371661e-02 -3.28818118e-01 1.98205769e-01 8.45673665e-01 9.13622794e+03 1.36964919e+01
 -3.23799458e-01 -1.54060081e-01 -8.78638190e-01 -9.54557535e-01 -7.86495939e+03 1.37024082e+01
 1.71108680e+00 5.10804113e-01 3.35422506e-01 -2.19265141e-02 1.28739401e+04 1.36934935e+01
 1.04062238e+00 6.39792061e-01 -2.69825694e-01 3.93553588e-02 5.36070504e+04 1.36860164e+01
 7.34954237e-01 -9.61893678e-02 -8.68079077e-01 -6.22289767e-03 1.51965086e+04 1.37074076e+01
 -1.42731636e+00 -9.53671193e-02 2.17371527e-01 9.40318330e-02 -4.48085325e+03 1.36989362e+01
 -1.31068611e+00 1.85397531e-01 -4.82797389e-01 -1.76339810e-01 -2.62798812e+04 1.36927473e+01
 -1.29341348e-01 -8.57821322e-01 6.23220862e-01 -4.84409660e-01 4.93787602e+04 1.37100862e+01
 7.97189030e-01 7.99744314e-02 8.77111862e-01 -1.81362803e-01 -3.38903158e+04 1.37031377e+01
 -3.24407596e-01 2.39055934e-01 2.00443396e+00 7.40686309e-02 -1.11758224e+03 1.37003350e+01
 1.62735560e+00 -2.73727335e-01 1.46977009e-01 2.68408841e-01 -7.29701233e+03 1.37052341e+01
 3.78310599e-01 -6.76028515e-01 2.01905470e+00 -7.64630329e-01 -1.68170672e+04 1.36944386e+01
 -1.02514240e+00 4.13579757e-01 -8.46963215e-01 -3.99124952e-01 3.47057836e+03 1.37052929e+01
 -1.14511045e+00 -5.30729274e-01 -8.89794722e-01 -5.49713868e-01 -3.12996116e+04 1.37050136e+01
 -9.82909315e-02 2.51022973e-01 -3.24128539e-03 6.28849575e-01 3.50577986e+03 1.37131736e+01
 1.20322321e+00 5.07330688e-01 3.58745063e-01 -7.16034754e-01 -2.76915509e+04 1.37006107e+01
 9.08714844e-01 1.19950458e-01 1.38304076e+00 -6.20754128e-01 -2.51436940e+04 1.37097756e+01
 -2.38169139e-01 -3.75477963e-01 1.41444774e+00 -1.68444593e-01 -1.97256847e+04 1.37062684e+01
 1.02443216e+00 -1.27091962e+00 -1.81977185e+00 1.07021856e-01 -2.85721553e+04 1.36946984e+01
 1.30562140e-01 -1.93387837e-01 -5.11899096e-01 6.06672564e-01 -5.69629236e+03 1.37120342e+01
 -1.17619972e+00 -2.37027616e-02 -2.17270017e+00 -2.08588820e-01 8.73231257e+03 1.36970481e+01
 -1.63098932e+00 3.97909683e-01 1.15439441e+00 5.56072109e-01 -1.82002932e+03 1.36969942e+01
 -5.05275589e-01 1.60665971e+00 1.66969138e+00 8.97958706e-01 -1.42387670e+04 1.36925209e+01
 8.70571123e-01 -1.03146452e+00 3.78836770e-01 -5.65309347e-01 3.48491914e+04 1.37011552e+01
 8.28253019e-01 1.91769790e-01 1.35000358e+00 1.29608454e-01 1.10307501e+04 1.36944484e+01
 -5.08726955e-01 -5.85396137e-02 -6.69493738e-01 5.19263955e-01 4.93220515e+02 1.37103641e+01
 2.05666695e-01 6.18275166e-01 -2.24444249e+00 4.02910518e-01 2.31039855e+04 1.36998835e+01
 -9.13119498e-01 -3.14602614e-01 -3.84497256e+00 4.16305768e-01 3.45811176e+03 1.36999083e+01
 7.55660290e-01 4.51237820e-01 -3.38361114e-01 -3.97176529e-01 -3.45296437e+03 1.36967498e+01
 -4.39454098e-01 8.11732960e-01 3.59245171e-02 4.46426380e-01 -1.83713591e+04 1.36923936e+01
 1.05678495e+00 8.12178699e-01 1.64786049e+00 1.67846995e-01 -1.35181690e+04 1.37036666e+01
 -1.23822654e-01 -5.78848005e-01 -8.07292504e-01 3.05825667e-01 9.30870383e+03 1.36860657e+01
 9.28739066e-02 1.11832461e+00 -1.25015450e+00 1.19597739e-01 3.82005325e+04 1.36891695e+01
 5.01183948e-01 -5.57864431e-01 -9.28814959e-01 -2.39398050e-01 4.28427126e+02 1.37005487e+01
 3.07692176e-01 -1.35383314e-01 -6.04463763e-01 -9.05632330e-01 -6.29507721e+03 1.37008798e+01
 -7.78024951e-01 -7.90040624e-01 -2.03377201e+00 5.41394279e-02 -1.20390495e+04 1.36828984e+01
 -1.40913223e+00 5.15755575e-01 -1.85034128e+00 2.96164557e-01 1.08286620e+04 1.36939183e+01
 3.07587205e-01 -1.36345505e-01 -1.29071780e-01 6.22919763e-01 -9.66824352e+03 1.36993822e+01
 -3.23833044e-01 -4.49537534e-01 1.31051272e+00 -2.35353568e-01 8.25312310e+03 1.36968333e+01
 9.36467029e-01 -2.90971783e-01 -5.51106980e-02 -1.82483078e-01 6.89671941e+02 1.37026383e+01
 -1.16256375e+00 -6.79752037e-01 1.26220912e+00 -4.96141778e-01 -1.63614283e+04 1.36976183e+01
 -1.43621764e+00 9.16310919e-02 6.18555804e-01 -1.40738393e-01 -1.00895537e+03 1.37095311e+01
 9.95639236e-01 2.74796257e-02 2.62644458e+00 -1.06931251e+00 -3.70533920e+04 1.37058405e+01
 -3.32283596e-01 3.88798630e-01 -5.81411017e-01 -1.64583054e-01 -2.09000003e+04 1.36894571e+01
 2.56045448e+00 2.79093494e-01 -1.98404817e+00 1.84520859e-01 -3.08600506e+04 1.37189983e+01
 1.31119584e+00 -2.09984051e-01 -7.78341519e-01 7.34462934e-01 4.44641882e+04 1.37068160e+01
 2.07981634e+00 -1.88083017e-01 -6.74450763e-01 2.14860931e-02 -2.75673274e+04 1.37017938e+01
 8.03454143e-01 -1.49655079e+00 7.33155494e-01 3.71717119e-01 6.08048625e+03 1.37003206e+01
 5.06820169e-01 -2.01914352e-03 1.08757838e+00 -9.90373306e-02 1.35587345e+04 1.36950985e+01
 1.38176150e+00 -5.17017353e-01 -4.54830803e-01 -5.83357523e-01 2.49490419e+04 1.37041182e+01
 -9.29169830e-01 1.07158625e-01 -6.79727241e-01 -9.48258545e-01 2.10558009e+03 1.37081079e+01
 -4.71607023e-01 -5.89002736e-01 -2.81626468e-01 6.66678893e-02 -6.62217274e+03 1.36948257e+01
 -1.86172644e+00 -9.38193212e-01 4.85991042e-01 7.71807425e-01 -8.39553734e+03 1.37003467e+01
 -2.42826006e+00 1.59306990e-01 4.67031678e-01 1.19741376e-01 9.43674256e+03 1.36934893e+01
 -2.31586526e-01 -3.93037107e-01 -2.16607754e+00 7.80845792e-01 6.11605415e+03 1.37002522e+01
 6.55318118e-01 -3.36898684e-01 5.22351882e-01 5.60951055e-02 9.96641439e+03 1.36995873e+01
 3.30564861e-01 5.55900637e-01 -4.23104579e-01 -1.59441665e-01 8.48263606e+03 1.36988264e+01
 1.23655636e+00 -9.22253946e-03 -2.10991628e+00 -5.75386405e-01 2.97754710e+04 1.37060101e+01
 3.35991186e-01 -1.24354157e+00 -1.74793097e+00 4.18566955e-01 -2.39545484e+03 1.37033642e+01
 -2.26051495e-01 7.34531613e-01 3.62328734e-01 8.32252280e-01 -1.73237798e+04 1.36959589e+01
 -4.68734571e-01 4.48572688e-02 3.65878811e-01 -7.46808764e-02 3.46948830e+04 1.36944304e+01
 1.86585107e+00 -4.90020985e-01 1.26151363e-01 3.16460374e-01 -2.75267398e+04 1.37142867e+01
 -2.93994781e-01 3.28009043e-01 -2.89799960e-01 4.47819122e-01 -1.15322026e+02 1.36993165e+01
 -9.69605587e-01 -1.93175900e-02 -8.22540866e-01 1.74487908e-01 9.18408587e+03 1.36953211e+01
 -1.81787644e+00 2.82526494e-01 -1.32964644e+00 1.65708361e-01 3.00043700e+03 1.36938521e+01
 1.30711652e+00 -2.61728230e-01 -3.10689148e-01 1.90165853e-01 1.66418011e+04 1.36998568e+01
 -7.53517299e-01 -2.52815680e-01 -7.88481075e-01 -4.11996761e-01 -4.57642507e+03 1.37054414e+01
 -1.73696642e-01 -1.28951524e-01 6.47703558e-01 -2.57004833e-01 4.39717246e+02 1.36929866e+01
 -6.90605500e-01 1.88130509e-02 -1.58017364e+00 -5.89924473e-01 2.05373785e+04 1.37100912e+01
 -1.87608347e-01 -2.57564781e-02 4.60438134e-01 -2.54064087e-01 -1.63087181e+04 1.37060920e+01
 6.85168651e-01 3.42301928e-01 -1.39208283e-02 -1.04095516e-01 3.56032675e+04 1.37049096e+01
 1.22088927e-01 -7.29307978e-01 1.04847107e-01 -4.23100498e-01 -1.22627225e+04 1.37057938e+01
 1.82979065e+00 -1.10870306e-01 -7.46074090e-02 -8.62240918e-02 -9.77606239e+03 1.37075243e+01
 9.58253074e-01 -1.51383214e-01 -8.02041377e-01 2.62738855e-01 -1.13889343e+04 1.36913315e+01
 7.62670203e-01 -5.46603654e-01 -7.49317305e-01 3.41546492e-01 9.92304959e+03 1.36882969e+01
 -2.02917208e+00 1.91349931e-02 -8.89916199e-01 2.69973274e-01 2.29509621e+04 1.36914450e+01
 -8.39791259e-01 -9.17618469e-01 2.28296369e+00 7.04265768e-01 -1.43080290e+04 1.36984788e+01
 -5.45375352e-01 2.44872128e-01 -4.66560352e-01 -6.35949406e-01 5.48470792e+03 1.36922930e+01
 3.69567178e-01 9.01919347e-02 -1.13067910e+00 -2.20529753e-01 1.89517278e+04 1.37072391e+01
 6.44722168e-01 7.82469082e-01 1.63050076e+00 2.56572200e-01 -8.90919110e+03 1.37110624e+01
 -4.39573663e-01 3.53523092e-01 -6.81649576e-02 2.00947660e-01 3.26778012e+04 1.36872334e+01
 1.82012456e+00 -1.21839442e-01 -1.77393884e+00 8.84436056e-02 1.69708224e+04 1.36977499e+01
 1.00044623e-02 -3.34201013e-01 7.89452299e-01 5.21690871e-01 -7.60449051e+03 1.37013908e+01
 -7.13669460e-02 1.42386157e-01 -1.01476191e+00 -5.24277341e-01 1.66979809e+04 1.36965093e+01
 5.10505129e-01 2.69282448e-01 2.93472612e-01 -2.08365714e-01 2.10348983e+04 1.36956422e+01
 6.36934624e-01 4.93666128e-01 -6.05567450e-01 1.34536156e-01 -2.97211657e+04 1.37046526e+01
 -1.29083488e+00 3.07910601e-01 1.18278390e+00 1.39678679e-01 1.02235317e+04 1.37048055e+01
 1.17101949e+00 -4.73380924e-01 6.62980561e-01 1.61802721e-01 -3.64791207e+03 1.37012497e+01
 -2.19397684e-01 -1.01096800e-01 -2.04307128e-01 -1.65237466e-01 9.03617739e+03 1.37037893e+01
 -1.32900092e+00 3.62779612e-01 1.09467941e+00 2.36083723e-01 1.95469808e+04 1.36982668e+01
 1.94033307e-01 -1.18445742e-01 -9.71748376e-01 -5.76234876e-01 3.35228191e+03 1.37013855e+01
 -1.03140921e+00 2.89789861e-01 2.12546645e+00 4.69729365e-01 3.13762137e+03 1.36900653e+01
 7.96211816e-02 1.15362440e-01 4.54612038e-01 -8.74375054e-01 1.61070598e+04 1.36845137e+01
 -2.45233036e-01 -6.15791129e-02 2.25936293e+00 -4.48352444e-01 8.64490858e+03 1.36949834e+01
 1.96325302e+00 -8.90228481e-01 1.07488178e-01 7.03515976e-01 1.15639173e+03 1.37085103e+01
 -1.24462489e+00 6.02926718e-01 -5.71801992e-01 -3.26421170e-01 -4.31588870e+03 1.37025278e+01
 3.38525239e-02 2.80044865e-01 4.02729854e-01 9.88893703e-02 2.42337312e+04 1.37082372e+01
 1.27474334e+00 -2.34625517e-01 -2.21152191e-01 -2.05774511e-01 7.45105141e+02 1.37065020e+01
 5.89686958e-01 -3.50600470e-01 1.05361216e+00 -3.20152206e-01 2.38512413e+04 1.37167472e+01
 1.25146767e+00 1.32449888e-01 -1.91212819e+00 -5.63536429e-01 -2.31065152e+04 1.37073338e+01
 1.62454194e-01 2.34069551e-01 -1.52230809e+00 5.00526129e-01 -2.08122151e+04 1.37022286e+01
 -1.21614565e-02 1.66026486e-01 -3.57712990e-01 2.31947047e-01 -9.81681649e+03 1.36921391e+01
 -8.55454668e-02 3.72798034e-01 -4.94375464e-01 -1.78119700e-01 -1.00342143e+04 1.37071432e+01
 -5.45079557e-01 -7.23516747e-01 -1.78340106e+00 4.62129812e-01 -7.85924999e+03 1.37001079e+01
 -5.80752597e-01 2.86118710e-01 2.28522252e+00 -1.42828354e-01 -1.81745940e+04 1.36908440e+01
 1.85861421e+00 1.62487668e-01 -2.17625929e+00 4.25986027e-01 1.37212778e+03 1.37016214e+01
 -9.85397110e-01 4.88889450e-01 2.54008575e+00 -1.21809007e+00 1.78095316e+04 1.36981067e+01
 -1.31219617e+00 9.31872583e-01 -1.75141783e+00 9.46646297e-02 -1.81315484e+04 1.37009306e+01
 1.10319867e+00 4.16915197e-01 -1.19482714e+00 8.50242295e-01 1.85966015e+04 1.37016047e+01
 1.39514417e+00 -1.21329236e-01 -1.35260776e+00 -2.05328158e-01 2.09700181e+04 1.37062516e+01
 3.08163219e-02 2.11500386e-01 -2.61309517e-01 7.10279965e-01 -2.74469230e+03 1.36984349e+01
 1.79973937e+00 -5.50414106e-01 -1.34903211e+00 -9.22873735e-01 1.82457793e+03 1.37039440e+01
 -6.92775444e-01 2.61076254e-01 -1.80178502e-01 -6.18482420e-01 -2.88392200e+04 1.37035209e+01
 1.85630965e+00 -3.00517333e-01 -1.12286661e+00 4.24433665e-01 2.60324164e+04 1.37067026e+01
 -6.66120704e-01 4.43138576e-02 3.40006420e-01 -1.75075368e-01 -8.51410373e+03 1.37035329e+01
 -4.32825231e-01 1.26637365e-01 1.33565300e+00 7.14633186e-01 -9.42756660e+03 1.37048796e+01
 3.67942056e-01 2.29856762e-01 -9.07295995e-01 4.43542882e-01 -2.48032623e+04 1.37120912e+01
 -2.81900535e-01 -2.61515581e-01 -2.10096589e+00 6.96311167e-01 2.15748539e+04 1.36967023e+01
 -1.18834397e+00 1.02855191e-01 -4.07837280e-01 -2.28621484e-01 -6.72746122e+03 1.36915906e+01
 -1.14107074e+00 -2.64855568e-01 2.61007565e+00 -2.37347667e-01 -1.70216906e+03 1.36968620e+01
 1.38428473e+00 -2.46120876e-01 -1.11981606e+00 7.99620417e-03 2.66226851e+04 1.37067779e+01
 -1.51365853e+00 -2.17249413e-01 -5.29681429e-01 -6.28940095e-02 -1.30487018e+04 1.36941503e+01
 7.84318518e-01 4.04453491e-01 -3.20935753e-01 2.76106639e-01 -1.17194397e+04 1.36962269e+01
 9.65942906e-01 -7.88149051e-03 -1.71932163e+00 -9.88300052e-02 1.93509031e+03 1.37096030e+01
 -1.65514441e-02 6.58949706e-01 -8.74669041e-01 1.13050918e-01 -1.47954641e+04 1.37044841e+01
 -9.20032576e-01 -6.05769435e-01 9.65117846e-01 1.51352705e-01 2.74634591e+04 1.36967600e+01
 1.00189139e-01 -8.17271166e-01 -9.67953882e-01 7.38294026e-01 -4.23333343e+04 1.37003554e+01
 -1.08908985e+00 -3.61990124e-02 4.63457877e-01 1.70720294e-02 1.17596507e+04 1.36836023e+01
 -4.40991217e-01 1.67407671e-02 4.12610934e-01 2.37850109e-01 1.23714866e+04 1.36961407e+01
 -7.57213229e-01 2.19851115e-01 2.13826916e+00 3.83869225e-01 2.35915797e+04 1.37000688e+01
 -1.70039913e+00 -6.59893547e-01 -2.00279345e-01 -4.78879324e-01 -2.14543944e+04 1.36976392e+01
 5.03008710e-01 -2.45923702e-01 -1.93638070e-01 5.33678816e-01 3.71669793e+04 1.36974318e+01
 -1.95076573e-01 -5.19736746e-01 -8.06767933e-01 -7.09878061e-01 2.60500998e+03 1.36904040e+01
 4.01474067e-01 -7.12826317e-01 -2.58128824e+00 3.72068180e-02 2.87165429e+03 1.36944608e+01
 1.79250188e+00 6.98264471e-01 2.86792898e+00 -1.01990868e-01 -3.51666891e+03 1.37061417e+01
 6.22022986e-01 3.22918774e-02 4.31680406e-01 -6.29380324e-01 9.44559607e+03 1.36978490e+01
 -1.38262332e+00 -5.69343003e-01 9.41010473e-01 3.98651224e-01 1.52174567e+03 1.37059936e+01
 -1.08429898e+00 4.90350398e-01 8.21429756e-01 -2.39265359e-01 3.31323901e+04 1.37002491e+01
 -1.46734710e+00 1.71935937e-01 -2.76845911e-01 3.26323088e-01 -4.30894443e+03 1.36903404e+01
 -4.08396565e-01 3.57101695e-02 9.13333856e-01 3.07895138e-01 -1.89240211e+04 1.37044074e+01
 -2.15021807e+00 6.03567416e-01 -9.06213730e-01 2.50010728e-01 -1.44857212e+04 1.36976719e+01
 2.98645646e-01 2.65750478e-01 2.10465078e-01 -1.14287618e-01 -1.98616624e+04 1.37011031e+01
 -5.95729807e-01 9.56694968e-02 -9.88121796e-02 1.49196001e-01 1.89855777e+04 1.36902928e+01
 1.60209933e+00 -3.94054879e-01 7.79097181e-01 -4.19142887e-02 1.80876569e+04 1.37004000e+01
 2.24308175e+00 -5.09433713e-01 -7.70881074e-01 -6.71646414e-01 7.28401956e+03 1.37049314e+01
 4.21746557e-01 -6.53913034e-02 1.89243846e+00 7.36470939e-01 -9.74388128e+03 1.37074423e+01
 -3.03580016e-01 8.88825168e-01 -3.99249281e-01 -2.58620030e-01 -2.96146752e+04 1.36998539e+01
 8.03696060e-01 -6.89278825e-01 9.03791650e-01 5.97525014e-01 1.30378143e+04 1.37084881e+01
 7.81709979e-01 5.27844580e-01 2.32835823e+00 -2.11683688e-01 3.23348445e+03 1.37069451e+01
 2.63893344e-01 -1.99566927e-01 7.38786374e-01 -7.19193629e-01 -8.99116591e+03 1.37015745e+01
 -6.53963957e-01 1.14546553e+00 -2.42201392e+00 9.57663569e-01 1.11317279e+04 1.37010507e+01
 -3.14157972e-01 -2.45551798e-01 7.45841489e-01 -6.33307697e-01 2.28583866e+04 1.37013558e+01
 7.69543140e-01 -5.01323444e-01 -3.00489413e-01 -2.58365257e-01 1.13533087e+04 1.36984859e+01
 1.11513805e+00 5.86287609e-01 -1.05336498e+00 -1.06869519e-01 -8.51900016e+03 1.37138671e+01
 -2.13425177e+00 6.72057685e-01 1.91699537e+00 -8.12192404e-01 9.84994313e+03 1.36942198e+01
 1.96920124e+00 1.53334034e+00 1.04693285e+00 4.30969273e-01 9.20496440e+03 1.37049534e+01
 -1.05666898e+00 -5.12378671e-01 -1.51236365e+00 1.00056924e+00 1.00777212e+04 1.36856279e+01
 1.66728162e+00 -3.52802366e-01 -1.15959136e+00 4.04780419e-01 1.23769787e+04 1.37016881e+01
 7.36528771e-01 4.47479093e-01 1.25004434e+00 7.04406834e-02 2.99408361e+03 1.37005300e+01
 -1.84061831e+00 -3.66494013e-01 -1.43996798e+00 -2.52050298e-01 1.26906634e+04 1.37089220e+01
 -8.11853522e-01 -4.80768041e-01 -9.24560416e-01 2.09354677e-01 3.14407061e+04 1.36807836e+01
 4.71303343e-01 2.17526203e-01 1.98941083e-01 -1.07276076e-01 1.30688654e+04 1.37051605e+01
 -3.10785109e-01 2.06381803e-01 -1.05548608e+00 -3.88843038e-01 -1.65779074e+04 1.37005404e+01
 2.07402587e+00 -4.00557333e-01 -8.58518837e-01 1.72603488e-01 2.30487155e+04 1.36991728e+01
 -1.95736979e-01 -1.74261723e-01 1.57103655e+00 3.34596153e-02 1.53422537e+03 1.37033874e+01
 1.03951063e-01 6.80273328e-01 -7.66300958e-02 -2.30837529e-01 -1.44545994e+04 1.36983525e+01
 1.09192133e+00 -1.43969543e-01 -1.54265133e+00 -5.96471524e-01 -1.66384963e+04 1.36921252e+01
 7.77352801e-01 3.58497194e-01 -6.45221573e-01 -1.06163930e-01 -5.66869806e+03 1.37038470e+01
 1.95203960e+00 -6.44054454e-01 -1.36250831e+00 -1.42925431e-01 2.36233750e+04 1.36983296e+01
 -2.57996718e+00 -9.43130681e-02 -3.46896633e-01 -5.81466097e-01 -1.71120173e+04 1.37001061e+01
 6.92633780e-01 5.05409134e-01 -8.36663513e-01 2.83548873e-01 4.20512855e+03 1.37064079e+01
 -6.50231108e-01 -1.77961951e-01 1.11902601e+00 -3.61289778e-01 -1.89944284e+04 1.36908573e+01
 1.71692430e-01 -6.74907326e-02 -8.55571656e-01 8.52265179e-02 -1.67477425e+04 1.37028762e+01
 6.01405572e-01 9.81261651e-01 -1.39272748e+00 8.06363549e-01 3.56737704e+04 1.37040938e+01
 2.09056606e-01 2.21730296e-01 1.51943666e+00 6.24759686e-02 1.82043269e+03 1.37008942e+01
 1.85521151e+00 -3.38851889e-02 -5.07784583e-01 8.48589613e-01 -2.12826637e+04 1.37038898e+01
 -5.18848447e-01 5.63171164e-01 -5.17947320e-01 3.63105677e-01 1.04923405e+04 1.37072729e+01
 -1.60413876e+00 6.62675317e-01 -1.41850884e-01 -8.19266265e-02 6.26312550e+04 1.36856693e+01
 -8.77341278e-01 -7.51285069e-01 -1.38893029e+00 4.39972927e-01 3.36914371e+04 1.36968796e+01
 -3.96180264e-01 -1.39089976e-01 -1.29236671e+00 -3.74241731e-01 -4.23621837e+04 1.36955574e+01
 -1.50207091e+00 6.97767020e-02 -1.34027747e+00 -2.11008777e-02 -6.20645622e+03 1.36826049e+01
 -1.11146195e+00 3.43210174e-01 -3.76804356e-01 -5.33575480e-01 1.32448991e+04 1.36990579e+01
 -6.37418057e-01 -2.41529160e-02 7.71750237e-01 4.67653533e-01 9.93945305e+03 1.37019975e+01
 1.33784026e+00 -1.68550585e-01 2.68638095e-01 5.53306893e-01 -1.18267931e+03 1.37012230e+01
 5.57389518e-01 3.77059917e-01 -7.82598640e-02 2.93788926e-01 1.59821163e+04 1.36970835e+01
 -9.17836135e-01 -2.49752127e-01 7.88097087e-01 -4.06496135e-01 -6.49398582e+03 1.37075759e+01
 6.24797869e-01 1.40052878e-01 2.44122493e+00 -1.32904801e-01 -5.35017499e+04 1.37020017e+01
 -3.24952329e-01 -1.83072383e-01 2.55797855e+00 -1.00752697e-01 -4.47501582e+04 1.36934585e+01
 1.80224402e-01 4.48953703e-01 -1.19958790e+00 -6.07968804e-01 1.02781040e+04 1.37060906e+01
 -5.93648334e-01 3.32451283e-01 -2.24641764e+00 1.32571216e-01 8.73198489e+03 1.36944092e+01
 -7.92385305e-01 5.46749259e-02 2.85575379e+00 -1.96467758e-01 -1.07466834e+03 1.36925104e+01
 -1.04100289e+00 -8.57330201e-01 -6.73772651e-02 -6.89421933e-01 2.31166113e+04 1.37015257e+01
 1.22999641e+00 -5.78198364e-01 6.91859767e-02 4.91047400e-02 4.00324303e+03 1.37003538e+01
 -3.12802936e-02 -1.18966704e-01 3.59750823e-01 3.58616167e-01 -1.23211722e+03 1.36942917e+01
 -1.02407206e+00 -3.77271710e-01 -5.22741781e-01 -3.72664420e-01 -1.17650529e+04 1.37011829e+01
 -3.30852421e-01 -7.12128838e-01 -1.51149801e+00 -1.53502141e-01 -1.59421110e+04 1.36910200e+01
 1.66749549e+00 4.84277527e-01 -1.27353541e-01 -1.99538085e-01 -9.42586020e+02 1.37124168e+01
 -2.97472803e-01 1.06203671e+00 2.30874256e-01 2.54001039e-01 -2.15552784e+04 1.36955534e+01
 -1.07417231e+00 1.25821650e-01 7.70633540e-01 -7.62053851e-01 -1.59720250e+04 1.36988409e+01
 7.75506112e-02 -3.13525230e-01 1.37103175e+00 -5.55259482e-01 -2.17537457e+04 1.37081098e+01
 -6.56450523e-01 5.40344499e-01 -1.12705957e+00 -6.42902367e-04 2.58772109e+04 1.36991371e+01
 -1.33368593e-02 5.75184222e-01 -2.02898010e-01 -2.29159673e-01 1.48723314e+04 1.37020587e+01
 -9.00157651e-01 -7.18970680e-01 1.41809087e+00 -3.11544949e-01 2.85899118e+04 1.36960459e+01
 -2.74075338e+00 4.63561445e-01 1.24521401e+00 1.81451783e-01 -1.38964062e+04 1.36925892e+01
 5.65244974e-02 5.62971572e-01 -5.33542521e-01 -5.65247408e-01 1.22893507e+04 1.36929344e+01
 -5.80020907e-01 -2.18404646e-01 8.14773207e-01 -2.37312689e-01 -8.29476687e+03 1.37044478e+01
 -1.08689599e+00 1.25731733e-01 1.07023986e-01 -9.44764915e-01 1.00008340e+04 1.36983128e+01
 -9.19736683e-01 2.07316675e-01 1.24679691e+00 4.61789402e-01 -8.82421873e+03 1.37060151e+01
 -1.76476617e+00 1.07346098e+00 -2.31805048e+00 8.44045002e-01 2.57236430e+04 1.36860751e+01
 -6.02505645e-01 4.15146578e-01 -6.87467551e-01 -2.03669748e-01 9.35682585e+03 1.37011327e+01
 -5.66233923e-01 5.56180566e-01 -2.21665321e-01 -5.47497358e-01 -5.55967126e+02 1.36984464e+01
 -1.77784271e+00 2.68260431e-01 -7.62215173e-01 6.20223060e-01 1.27353940e+03 1.36901048e+01
 2.55299756e-01 -2.57072804e-01 1.56661876e+00 -2.85685046e-01 -1.14717378e+04 1.37033659e+01
 -7.19393898e-01 1.28113749e-01 1.89462610e+00 -5.52162285e-01 3.65396817e+03 1.36949814e+01
 2.96488468e-01 -4.33773314e-01 1.99732181e-01 2.06483290e-01 3.10541769e+04 1.37039722e+01
 -1.09555073e+00 -6.16928116e-01 7.39203701e-01 -4.33944014e-01 -7.39315355e+03 1.37088330e+01
 2.26373481e-01 -1.82025827e-01 4.85712774e-01 -4.69711273e-01 -2.26978720e+04 1.36947198e+01
 6.95323013e-01 -1.18191339e-02 1.13940683e+00 7.63827168e-01 -3.82171763e+03 1.36992640e+01
 -3.99217978e-01 -4.37394870e-01 -5.28756531e-02 -3.14170853e-01 -3.22232809e+03 1.36972224e+01
 1.22583264e+00 1.52547409e-01 -1.27513590e-01 -9.40965876e-02 3.45240176e+04 1.37018554e+01
 -1.56634876e+00 -6.56306023e-01 -9.91715970e-01 -1.53037636e-01 -7.58918372e+03 1.36997265e+01
 1.82245397e+00 3.42037085e-02 3.69783001e-01 -3.71430354e-02 -1.56779180e+04 1.37054423e+01
 8.13006981e-01 -9.13150095e-01 5.75866244e-01 -4.23762680e-01 2.44367795e+04 1.36960614e+01
 -9.67182046e-01 -3.53992131e-01 3.73993574e-01 -6.87089637e-02 8.09352799e+02 1.36849904e+01
 -6.01197535e-01 1.50439905e-01 8.95514222e-01 -3.70433118e-01 1.92302233e+04 1.36924126e+01
 -2.75031116e-01 3.08200613e-01 1.69823116e+00 1.27824642e-01 -6.32785518e+03 1.37045390e+01
 1.17283642e+00 -1.46982932e+00 1.18198316e+00 2.01585932e-01 -2.19998662e+04 1.37107961e+01
 -6.74860821e-01 -1.29952768e+00 8.33980650e-01 -6.71106928e-02 -5.74138543e+02 1.36949193e+01
 1.39579274e+00 -5.55503211e-01 -9.14124044e-01 -1.82007131e-01 -2.60678044e+04 1.36952352e+01
 -1.48149883e+00 -6.34499200e-01 -9.41090195e-01 1.24831118e-01 -1.08564285e+04 1.37031152e+01
 -4.95491695e-01 4.21975610e-01 2.02330982e-01 -2.93341655e-02 -7.25056869e+03 1.36971727e+01
 -1.32236658e-01 -1.07920010e-01 9.86256179e-01 -9.67058114e-02 4.16927953e+03 1.37006604e+01
 -6.81124116e-02 5.60532326e-01 1.85757108e+00 -5.30838901e-01 1.29552870e+04 1.37015850e+01
 5.01107262e-01 2.89346731e-01 1.34879345e+00 6.87934416e-01 -1.81013007e+04 1.37126185e+01
 -6.67537250e-01 -4.54245381e-01 -2.47610542e-01 -2.09953906e-02 2.36643173e+04 1.37024836e+01
 -1.93029468e-02 -1.34987872e-01 1.45601141e+00 -6.85382895e-01 -1.45859027e+04 1.37058916e+01
 -5.24109063e-01 4.98129535e-02 -2.38871809e+00 -6.43970910e-01 8.62187499e+03 1.36966835e+01
 1.70443061e+00 1.63954065e-01 -2.15546760e-02 -6.81571887e-01 1.03397429e+04 1.37126454e+01
 5.24511172e-02 3.13409217e-01 2.49699335e-01 -5.64007858e-01 -1.34693166e+04 1.36890647e+01
 2.24897244e-01 -4.41775377e-01 -8.50571367e-01 -1.15305515e-02 7.06904805e+02 1.37006522e+01
 1.42673724e-01 -1.81296133e-01 -4.24506030e-01 1.44016057e-01 -2.38261339e+04 1.36948200e+01
 7.76040009e-02 1.02871694e+00 -5.77213836e-01 4.06182164e-01 2.38592222e+04 1.36951236e+01
 -5.38961103e-01 4.01812682e-01 2.29945510e-01 2.33965470e-01 2.28945601e+04 1.37000934e+01
 -1.62505007e+00 7.90552039e-01 -1.66247899e-01 2.35339562e-01 -7.17720791e+03 1.37003839e+01
 -3.39721975e-01 1.21797716e+00 5.19243120e-01 4.78038969e-01 4.65449268e+03 1.37075745e+01
 -2.28302974e+00 -1.73223233e-01 8.22109035e-01 -7.72865410e-01 -2.41462545e+04 1.36934453e+01
 1.37312519e+00 1.20949769e-01 1.34788504e+00 4.60873933e-01 4.30319547e+03 1.37033330e+01
 -1.05311887e+00 1.72023712e-01 2.82980125e+00 1.04131501e+00 1.21343752e+04 1.36957787e+01
 -4.31759030e-01 -1.22628018e-01 -2.68779483e-01 4.20703990e-01 2.80459425e+04 1.36943204e+01
 8.61513836e-01 4.87565718e-02 2.73130669e-01 9.15871816e-02 -9.05323561e+03 1.37119102e+01
 1.03198318e+00 4.54667295e-02 -4.52438257e-01 4.26217629e-01 2.66419111e+03 1.36985092e+01
 1.03659915e+00 -7.02566555e-01 -6.28861119e-01 2.08171053e-01 1.64657542e+04 1.37096965e+01
 -1.17690991e+00 1.42330262e-01 2.02651448e+00 4.65357478e-01 -4.28024486e+03 1.36962482e+01
 1.30911948e+00 3.52566917e-01 5.08343490e-01 2.92277627e-01 1.60070454e+04 1.36939096e+01
 1.36910938e-01 -2.33390707e-01 -9.28132393e-02 6.99602609e-01 2.33177160e+03 1.37091861e+01
 6.84584862e-01 -9.05875361e-01 9.19571802e-01 -5.56268264e-01 -1.12430538e+04 1.37005468e+01
 -1.46190820e+00 1.95505438e-01 8.57449261e-01 1.57835695e-01 2.08208350e+04 1.37065570e+01
 9.21073099e-01 -2.28591326e-01 2.79909218e-01 2.06550168e-01 2.54545781e+04 1.36954144e+01
 -1.78514332e-01 -4.54369267e-01 -1.59148309e+00 -2.84211328e-01 9.12515448e+03 1.36913499e+01
 -5.87325130e-01 -1.10728387e+00 -7.04743127e-01 2.13619340e-01 2.70718562e+04 1.37012637e+01
 2.29351714e-01 -7.19979872e-01 -3.90337000e-01 6.28432490e-01 -6.67064270e+02 1.36857300e+01
 -4.33674180e-01 -3.01629819e-01 9.13027854e-01 1.02561006e+00 2.58297253e+04 1.36971003e+01
 -5.72983810e-01 3.58811029e-01 2.21810805e-01 3.45373838e-01 -1.92095626e+04 1.36999724e+01
 -7.52833966e-01 -1.02208092e+00 -1.46570610e+00 -6.57534142e-01 2.24354330e+03 1.36913608e+01
 -3.20749928e-01 -8.23423512e-01 -9.39388042e-01 -7.37435727e-02 1.51762053e+04 1.36920892e+01
 -5.29267823e-01 -1.54089341e-01 -2.15921261e+00 8.74507971e-03 -5.06789628e+03 1.37057970e+01
 -6.18209366e-01 1.18533743e-01 -8.46447052e-01 1.70562638e-01 -8.80182027e+03 1.36932377e+01
 6.43622270e-01 -3.54103881e-01 -2.01399069e-01 -1.25452527e-02 -2.33525916e+04 1.36967092e+01
 3.35400005e+00 -4.19631218e-01 -6.21346386e-01 -2.97426317e-03 -2.19181942e+03 1.37104303e+01
 7.72946844e-01 2.70016977e-01 7.92921479e-01 -7.13283938e-01 -1.27767850e+04 1.37025044e+01
 -8.24667932e-01 7.49738129e-01 -1.72574230e+00 6.35999859e-01 1.05612454e+04 1.36973489e+01
 -1.90832091e-01 -3.93422548e-01 2.34575831e+00 -9.60961421e-01 1.15741219e+04 1.37020357e+01
 -1.16059377e+00 -1.16076893e-03 3.94323827e-01 1.03008782e-01 -3.16313419e+04 1.36969428e+01
 4.76456990e-01 -2.45238822e-02 -6.42890316e-01 3.53457006e-02 1.82529117e+04 1.37048359e+01
 9.24106694e-01 -3.31392519e-02 -2.65816441e+00 -3.56385925e-01 1.16377888e+03 1.36948953e+01
 -1.02895428e+00 3.97084979e-01 -7.52141662e-02 -2.45081149e-02 8.41618088e+03 1.36970124e+01
 2.66854265e-01 1.15538528e-01 -4.25185887e-01 3.20004122e-01 3.09219878e+04 1.36993125e+01
 7.88097383e-02 2.64820716e-01 -3.70447216e-01 -5.71858531e-02 1.48153766e+04 1.37020423e+01
 -4.81170028e-01 -2.95928137e-02 2.48768917e+00 -3.02565039e-01 -3.11067051e+04 1.36953086e+01
 7.99821507e-01 1.93643669e-01 5.53729578e-01 -5.66355034e-01 -1.22249518e+04 1.37054232e+01
 -4.86864581e-01 -5.50744689e-01 3.05853810e-01 -1.27064983e-01 2.05520465e+04 1.36887233e+01
 -2.61054375e-01 3.36197510e-02 -1.06339967e+00 2.47749315e-01 -1.10906416e+04 1.36957009e+01
 4.56346717e-01 5.19586566e-01 2.11634754e-01 -2.28559662e-01 -1.56866276e+04 1.37111048e+01
 -2.50260941e-01 3.97184132e-01 7.53503973e-02 -2.82427250e-01 -1.15195581e+04 1.36994188e+01
 -1.53883653e-01 4.28055023e-01 -1.50619271e-02 2.42575091e-01 2.52497762e+01 1.36893554e+01
 1.03574653e+00 -2.08739713e-01 -6.56598698e-01 -1.32683135e-01 4.21539533e+03 1.36904639e+01
 1.25719156e+00 -3.64917152e-01 -1.15542122e+00 1.28283243e-01 3.05386569e+04 1.37083896e+01
 1.48317956e+00 -1.53069185e-01 2.16986566e+00 -7.49060353e-01 4.66722217e+04 1.37062934e+01
 6.25223887e-01 -5.47873431e-02 9.00656497e-01 -2.50232049e-01 -5.37377254e+03 1.37003027e+01
 2.41134202e-01 -2.30167425e-01 -1.44718123e-01 -5.66500289e-02 3.11832506e+03 1.37057879e+01
 9.74016475e-01 2.87827408e-01 5.33581125e-01 2.57766134e-02 1.29740260e+03 1.37008830e+01
 5.82602420e-01 2.96089037e-01 1.23531627e+00 4.89735561e-01 1.42051058e+04 1.37045343e+01
 -3.94998139e-01 9.63198788e-02 2.13228740e+00 -2.21673499e-03 -2.30897314e+04 1.36980383e+01
 -1.22098490e+00 1.08806100e+00 1.06559619e+00 -1.73500269e-01 1.07417356e+04 1.37029025e+01
 1.17891848e+00 5.50547142e-01 -1.31473556e+00 -1.12201402e-01 -2.64078779e+04 1.36983760e+01
 2.78332620e+00 1.55358786e-01 -6.50265862e-01 1.90422042e-01 9.94067648e+03 1.37092402e+01
 5.73581743e-01 -1.68484686e-01 -3.67790300e-01 5.71456277e-01 1.02606321e+04 1.37033599e+01
 -7.65709486e-01 -5.34130096e-01 2.28143656e-01 8.55147712e-01 4.65383633e+03 1.37042621e+01
 -2.31859076e+00 -5.49216327e-01 -9.66074276e-02 1.06008303e+00 3.68433516e+04 1.36963511e+01
 -4.15413134e-01 9.39317490e-02 5.48078796e-01 -5.75698028e-01 -1.13377351e+04 1.36939346e+01
 -1.93954436e+00 5.29434746e-01 -1.69278693e+00 -7.38570964e-02 -3.84506087e+03 1.36826026e+01
 -1.51525884e+00 -5.90964430e-01 3.42635375e-01 5.39798248e-03 -3.19860880e+04 1.36949585e+01
 -1.04655024e-01 -7.73324665e-01 2.73402616e-01 -5.51328993e-01 -3.37497094e+03 1.36965236e+01
 -3.79183275e-01 3.57064242e-01 1.99570239e+00 3.26830951e-02 2.12888442e+04 1.36974812e+01
 -1.56003542e+00 8.01272377e-01 -7.63619141e-01 2.00561101e-02 -1.84393515e+04 1.36932281e+01
 -1.36650802e+00 1.81520401e-01 -4.70830593e-02 6.28275869e-04 -2.63028701e+04 1.37049361e+01
 -1.16778363e+00 5.16351418e-01 -1.55500863e+00 -6.54119667e-01 -2.36099810e+04 1.36986206e+01
 -3.19706153e-01 4.01091269e-01 -8.80693683e-01 -5.95426019e-01 -2.26180844e+04 1.37047424e+01
 -5.07747554e-01 -1.37883377e-01 -1.86424088e+00 -4.70981990e-01 -2.81508916e+03 1.37045778e+01
 3.40247472e-02 -3.23764830e-01 3.60820373e-01 2.64556309e-01 4.30408930e+03 1.36869926e+01
 7.15263180e-01 1.76212648e-01 2.86665950e-02 3.57828051e-02 5.80747894e+03 1.37028457e+01
 4.78912506e-01 -1.12769213e-01 1.22509088e+00 -2.06424688e-01 2.16492598e+04 1.37008474e+01
 1.56494210e+00 1.70307525e-01 1.33512654e+00 4.55769155e-01 5.95451012e+03 1.37004068e+01
 -7.57779664e-01 -7.72537630e-01 -1.89909347e+00 -5.93977157e-01 5.20021233e+03 1.36985956e+01
 -8.66114118e-01 8.24386737e-01 3.19076158e-01 -2.77836461e-01 -1.78330954e+04 1.36893486e+01
 -6.33485470e-01 1.85055596e-01 -1.72702540e-01 1.50898412e-01 2.58566829e+04 1.36927644e+01
 1.22323887e+00 2.59287877e-01 7.00628136e-01 4.07407913e-01 1.40016163e+04 1.37081268e+01
 -1.49318477e+00 1.04758090e+00 9.98626386e-01 -6.04108951e-01 3.11477843e+04 1.36874768e+01
 -8.16085962e-01 -2.69354388e-01 -2.05990182e+00 -9.34961188e-02 -2.87805128e+03 1.36941772e+01
 -3.90035372e-02 -3.21033468e-01 -2.07089387e-01 -6.06401568e-01 -8.55821805e+03 1.37057468e+01
 9.06753686e-01 -6.40352055e-01 7.66178043e-01 -6.74725291e-01 1.97704569e+04 1.36900179e+01
 4.30037293e-02 -5.43732269e-01 2.68972410e+00 3.42913023e-01 -4.48166396e+04 1.36964083e+01
 1.11983230e+00 3.70051766e-01 -1.08893553e+00 1.72981734e-01 -7.17806996e+03 1.36971784e+01
 -1.05066623e+00 -4.02749655e-01 1.53173442e+00 8.65932959e-02 3.37649910e+03 1.36871891e+01
 4.20845997e-01 1.06488548e+00 -2.64776183e+00 -1.73063723e-01 5.31846925e+03 1.36995073e+01
 2.24116725e+00 2.97288979e-01 1.10400958e+00 3.17249101e-01 2.17350807e+04 1.36992092e+01
 -5.59611161e-01 6.27289072e-01 -1.73901853e+00 2.94441491e-02 -4.40547217e+04 1.36874349e+01
 -6.09031824e-01 3.32913438e-01 7.74191090e-01 -5.60351683e-01 -1.02428486e+03 1.37021238e+01
 1.71040138e+00 -4.40498282e-01 -7.10483590e-01 2.90403367e-01 -2.54866704e+04 1.37055400e+01
 1.83484962e+00 -1.34876067e-01 1.74590554e+00 -1.84284890e-01 4.83954818e+03 1.37029324e+01
 -3.87934371e-01 -7.46585661e-01 -3.60205586e-02 6.25735586e-02 2.21084941e+04 1.37044588e+01
 -8.80340851e-01 4.08048369e-01 -1.15407638e+00 -6.43178735e-01 -5.98310624e+03 1.36932983e+01
 -5.45953924e-01 4.71800739e-01 -9.61445801e-01 4.68139263e-01 -2.48861824e+04 1.37003079e+01
 4.42667004e-01 1.07031837e+00 6.47305347e-01 4.43613177e-01 -2.62081259e+03 1.36928007e+01
 1.42429906e+00 -1.74664567e+00 -9.42744043e-01 -4.99244130e-02 -4.78192448e+03 1.37083896e+01
 1.80056163e-01 4.72885995e-01 8.17929213e-01 3.79681741e-01 1.74993802e+04 1.36980792e+01
 -1.31567994e+00 -1.29182038e+00 2.24862965e+00 3.18335849e-01 8.77907134e+03 1.36929613e+01
 7.31712597e-01 -1.37317178e-01 8.40993072e-01 4.31601753e-01 -1.13306766e+04 1.37003079e+01
 9.06884671e-01 -8.93578081e-01 1.64280038e-01 -1.28155044e-01 -3.15335529e+03 1.37007646e+01
 6.19406357e-01 -1.06404072e+00 -1.22710302e+00 -4.68383712e-01 6.34172455e+03 1.36971882e+01
 1.06157148e+00 -7.85161281e-01 -1.74682175e+00 -3.52878125e-01 -1.93332693e+03 1.37011063e+01
 -9.07559013e-01 -8.43852614e-01 1.72707222e-01 1.39250577e+00 1.68974408e+04 1.36903198e+01
 2.63973646e+00 2.53525126e-02 1.22378258e+00 9.21641685e-01 2.65193650e+04 1.37094200e+01
 8.58951203e-01 2.01614726e-01 8.25362063e-01 -5.16258091e-01 -5.47786207e+04 1.36937151e+01
 -1.66427016e+00 -3.75686203e-02 1.19167822e-02 -3.05347608e-01 2.59122533e+03 1.36896883e+01
 8.33578932e-01 -1.21757485e-01 -1.41549168e+00 4.82812646e-01 -5.60782565e+03 1.36997893e+01
 1.86806929e+00 9.28397812e-02 1.37019050e+00 -4.77280290e-02 -2.19300970e+04 1.36999959e+01
 -1.30787238e+00 -2.23823896e-01 -8.42965832e-01 5.30435417e-01 -4.18905611e+03 1.36882875e+01
 -1.29141397e-01 -1.27405074e-01 3.79646298e-01 -1.56779677e-01 -5.01250169e+02 1.36952077e+01
 -1.27836308e+00 -1.67081886e-02 1.40133025e+00 2.10070650e-01 -1.69587170e+04 1.36877225e+01
 8.08350795e-02 1.22747748e+00 -8.74125520e-02 8.01993488e-02 1.41952023e+03 1.36951271e+01
 1.34352362e+00 -2.33148913e-02 9.35161853e-01 3.57221783e-01 1.79319485e+04 1.37062416e+01
 8.93396667e-01 -5.60018278e-01 3.47321045e-01 -1.80608622e-01 -6.51093651e+03 1.36961947e+01
 2.18911694e+00 4.89513296e-01 -1.18531796e+00 -2.37456725e-01 -1.99011582e+04 1.37155389e+01
 -7.59589782e-03 3.93326355e-01 -2.45561784e-01 -7.99486048e-01 -1.84301927e+04 1.37091844e+01
 8.88934695e-01 2.41035271e-01 2.01578594e+00 4.76629312e-02 1.22590399e+04 1.37042679e+01
 1.13606316e+00 -1.54336518e-01 1.24443558e+00 -5.19460985e-01 -5.56953311e+03 1.37010370e+01
 -5.87361732e-02 -3.37586050e-02 -5.36581828e-01 -2.35999186e-01 3.48022005e+03 1.37064039e+01
 6.68199875e-01 -4.90997438e-01 -2.70566410e-01 1.88548330e-01 1.64508892e+04 1.37046973e+01
 -1.57076255e+00 7.67259933e-01 -9.02340895e-01 -5.49233813e-01 -1.70126007e+04 1.36830364e+01
 9.25467524e-01 1.63625683e+00 2.14446629e+00 3.33373802e-01 1.21813368e+04 1.37138356e+01
 8.90573115e-01 -5.97879796e-02 2.76407699e-01 1.59658797e-01 8.32925227e+03 1.37017056e+01
 -5.11278417e-01 2.49727722e-01 3.98803273e-01 -5.83772520e-01 1.94776322e+04 1.36986691e+01
 9.28866471e-02 1.00952824e+00 1.37546060e+00 1.85852032e-02 2.81409572e+03 1.36909193e+01
 -7.26320447e-02 -3.97501063e-01 -1.62024524e+00 -1.32656148e-01 -2.68447019e+04 1.36973714e+01
 -1.80629052e+00 -1.26399994e+00 -5.11979116e-01 6.79127528e-01 -1.95124891e+04 1.36984380e+01
 9.45636155e-01 -4.84682677e-01 3.48091780e-01 -2.45455969e-01 1.73499227e+04 1.37046413e+01
 -1.72770849e+00 5.06249200e-01 -1.83121304e-01 4.31037517e-01 1.01482438e+04 1.36942881e+01
 4.29180889e-01 9.98818643e-01 -5.17967560e-01 1.75185715e-02 2.56897554e+04 1.36922526e+01
 -4.50047827e-01 -1.50781781e-01 5.26181374e-01 5.33854715e-01 -1.15659137e+04 1.36995485e+01
 -3.53129091e-01 1.34208444e-01 -7.82343991e-01 -6.51909528e-02 -5.36291947e+02 1.36920618e+01
 -8.10651067e-01 -2.82223365e-01 7.03700009e-01 5.01094591e-01 -1.17115881e+04 1.36975484e+01
 -5.81198755e-01 2.08464888e-01 -2.37521116e+00 8.84011552e-01 3.66970644e+04 1.37028247e+01
 -9.43738612e-01 2.09158594e-01 5.78688199e-01 -4.30317794e-02 -8.93942711e+03 1.37024097e+01
 6.64820107e-01 -2.45075487e-01 -7.54286705e-01 4.36245488e-01 1.78474485e+04 1.36939379e+01
 3.11937488e-01 3.72422510e-01 9.72856438e-02 -4.08633154e-01 -1.20299054e+04 1.37002475e+01
 1.02121528e+00 -4.75813959e-01 1.27995819e+00 5.74323483e-01 -2.55726529e+04 1.37023902e+01
 -2.77271554e+00 7.13630146e-03 5.49975847e-01 -2.40197725e-01 8.50197631e+03 1.36792389e+01
 -8.37783778e-01 -1.00739043e+00 5.56056913e-02 3.64829806e-01 2.41794735e+04 1.36885338e+01
 -1.81454593e+00 1.29688762e+00 -4.47723374e-01 -2.45377648e-02 -3.29446317e+03 1.37039640e+01
 2.79867095e+00 -5.32992820e-01 5.75508615e-01 -1.18422266e-01 -1.33589792e+04 1.37112853e+01
 2.86051690e-01 -5.63988876e-02 6.73689424e-01 4.38490167e-01 -3.65541083e+04 1.37048248e+01
 -1.32770618e+00 2.05074011e-02 -1.96423431e+00 -3.23499581e-01 3.57530969e+04 1.36934034e+01
 9.06036690e-01 8.72980306e-01 2.38196539e-01 -2.47135306e-01 -2.90116004e+03 1.36969128e+01
 6.77570011e-01 -3.58039879e-01 1.84875900e-01 4.55266472e-01 -8.60649634e+03 1.37010308e+01
 4.86003276e-01 2.59401392e-01 5.59107288e-01 -9.68071393e-01 4.92655377e+03 1.37032337e+01
 -1.34657713e+00 -3.94348054e-01 2.31339949e-01 3.99057418e-01 7.35170071e+03 1.36958282e+01
 5.65826430e-01 -5.79425824e-01 -5.95179014e-01 4.05896234e-01 -4.48080476e+03 1.37066215e+01
 7.41633972e-01 -3.35776160e-01 -6.60947732e-01 7.17646659e-01 2.20481149e+03 1.37026367e+01
 3.08260779e-01 -6.72891235e-01 7.05647458e-01 -7.35992328e-01 1.86717540e+04 1.36904396e+01
 -7.79253333e-01 -1.11851928e+00 -1.30274956e+00 -7.73938358e-02 2.65963448e+03 1.36829777e+01
 -1.36934542e-01 2.19050085e-02 -2.64002281e+00 9.69580527e-02 -8.86957638e+03 1.37060914e+01
 1.54357996e-01 4.82097051e-01 7.40429338e-01 -2.47490081e-03 -8.01560468e+03 1.37083663e+01
 3.38997497e-01 9.53201836e-01 8.45478942e-02 2.98112765e-01 -2.15941641e+04 1.36926887e+01
 -1.96607395e+00 -9.12884634e-02 -1.10237237e+00 8.66225692e-01 -1.85409752e+03 1.37019201e+01
 4.78770423e-01 -1.30072396e-01 -6.94889840e-01 4.33125223e-01 1.48485547e+04 1.37052016e+01
 -8.87530870e-01 6.05766549e-02 1.53770496e+00 -6.80434187e-01 5.99341167e+03 1.36908401e+01
 4.72230173e-01 4.58747265e-01 -4.64931667e-02 9.94086642e-01 -7.14735583e+03 1.36943163e+01
 2.89626011e-01 4.41408224e-02 -1.41053615e+00 2.88536515e-01 1.64558009e+04 1.37001307e+01
 1.39787204e-01 7.83562781e-01 2.32568241e+00 -3.20187514e-01 1.02837147e+03 1.36988937e+01
 -2.10670881e+00 1.16260761e-01 -4.51410066e-01 6.90540314e-02 -5.63070769e+03 1.36955276e+01
 2.97950402e-01 -2.16800364e-01 1.43614222e-01 -9.56587606e-01 -2.70447191e+04 1.37048005e+01
 -8.62755268e-02 4.33876648e-01 5.89727589e-01 6.67292138e-02 -2.17420954e+04 1.36935411e+01
 -2.48198967e+00 -6.45409677e-01 -4.27367628e-01 2.54252381e-02 -5.98257633e+03 1.36906477e+01
 -1.83659040e+00 -7.92648494e-01 8.03280447e-01 5.97835561e-01 -2.76192088e+03 1.36848963e+01
 8.55760206e-01 4.26496893e-01 -3.64289758e-01 4.11969704e-01 4.49080166e+03 1.37025139e+01
 -1.44554953e+00 -5.20944174e-02 -1.11836682e+00 -2.22801000e-01 -5.82002084e+03 1.37013988e+01
 -5.12136821e-01 1.75406976e-03 5.04807198e-01 1.54718234e-01 2.29374055e+04 1.37012582e+01
 -1.76259542e-02 2.45005596e-01 -4.61039290e-01 3.91086024e-02 -1.07537467e+04 1.37053054e+01
 1.36750537e+00 1.22547947e-01 7.16962251e-01 4.37279955e-01 3.97464277e+03 1.37012585e+01
 -7.85040780e-02 -1.22820025e-01 -1.11367322e+00 1.51267542e-01 -3.05517397e+04 1.37009679e+01
 -2.16453780e+00 -5.63869807e-01 1.76186431e+00 3.02424995e-01 -1.21407728e+04 1.37015390e+01
 7.30430988e-02 -4.79810515e-01 -1.24295300e+00 3.87772139e-01 -3.15986828e+04 1.37053361e+01
 -5.56672986e-01 -7.32591693e-01 -1.47914159e+00 8.01738381e-01 -1.21189201e+03 1.36968803e+01
 -1.99301816e-01 1.73094913e-01 -1.38734858e+00 -3.65771868e-01 3.66979422e+04 1.37034660e+01
 -2.29368412e-01 4.23101518e-02 1.66004408e+00 -3.09228451e-01 -1.43471130e+03 1.36950627e+01
 -5.62771513e-01 3.15603724e-01 -5.29077078e-01 2.61733915e-01 2.04735787e+04 1.36978181e+01
 -3.05113895e-01 -3.89858572e-01 1.73246542e-01 -4.47190925e-01 1.87628182e+04 1.36934576e+01
 2.35170842e+00 4.21390812e-01 -8.75734063e-01 3.23458976e-01 -1.06666698e+04 1.37067614e+01
 1.37796050e+00 -8.73564791e-01 -3.00873269e-01 5.45833603e-01 -3.93188367e+04 1.37027909e+01
 5.08507809e-01 -3.05872723e-02 1.62174599e+00 1.82738669e-02 2.97997548e+03 1.37054791e+01
 7.69521418e-01 2.93240977e-01 1.21426899e-01 1.56485855e-02 1.07803464e+03 1.37058829e+01
 1.19424334e+00 6.55929348e-02 7.37737122e-01 6.91384878e-01 6.72485417e+03 1.37047170e+01
 -1.13263615e+00 -1.58534121e-02 -8.02847588e-01 -1.64614536e-01 -1.11340054e+04 1.36946310e+01
 4.80797090e-01 2.03812957e-01 1.16215096e+00 2.62654974e-01 6.07314151e+03 1.37032194e+01
 -1.24710137e+00 -4.85858310e-01 2.97825865e+00 -7.43528580e-01 -2.08601704e+03 1.37011241e+01
 -1.09427623e-01 -5.81742074e-01 7.30491282e-01 -3.20783072e-01 3.93847671e+03 1.37005453e+01
 2.76711595e+00 -5.84163149e-01 -4.18524940e-01 -1.60962033e-01 -2.09734498e+04 1.37021671e+01
 -9.87872558e-01 7.76339800e-01 -1.04684225e+00 4.16852390e-01 1.60796712e+04 1.36983504e+01
 -1.24350612e+00 7.27358146e-01 1.80801249e+00 6.35891669e-01 2.44826506e+04 1.36954997e+01
 -3.04663777e-01 8.41085592e-01 -1.69345774e+00 -4.44334506e-01 -1.37929722e+04 1.37082931e+01
 -7.05996022e-01 -1.86551615e-01 -3.80253149e-01 -5.42444462e-01 8.26870405e+03 1.36969072e+01
 -1.89831154e+00 -4.37725330e-01 -2.27858051e-01 7.94612321e-01 7.95784296e+03 1.36984620e+01
 -2.06710801e-01 2.72365167e-01 -4.73325791e-01 -1.24701679e+00 1.28457560e+04 1.36902919e+01
 -7.78947039e-01 -2.80457440e-02 1.40566513e+00 -1.56590102e-01 -2.35598463e+04 1.37033045e+01
 1.92577471e+00 -1.13193360e+00 -3.57458885e-01 -9.93805557e-01 -3.48531088e+04 1.37028266e+01
 -1.36852636e+00 4.74989729e-01 5.50111455e-01 -5.10717793e-01 2.39593832e+04 1.36949078e+01
 -1.13274829e-01 2.51468985e-02 5.20679662e-01 5.57260358e-01 6.35597201e+03 1.37055381e+01
 5.68323273e-01 1.44589228e-01 -2.19601759e+00 5.35151394e-01 1.82193683e+04 1.37048377e+01
 1.21792864e+00 6.97500614e-01 1.54862319e+00 -6.29738402e-01 1.85127913e+04 1.37085582e+01
 1.02100666e+00 4.28343797e-01 -1.28067345e-02 -1.86570934e-01 1.39397330e+04 1.37058514e+01
 -4.55798413e-01 8.89487297e-01 1.92087198e-02 -1.43656808e-01 1.27882725e+04 1.37005296e+01
 -6.27587412e-01 -1.59461437e+00 1.20258439e+00 5.02688705e-02 5.94955111e+03 1.36960849e+01
 -3.16872814e+00 2.94613519e-01 5.23958868e-02 6.57593611e-01 4.29661790e+02 1.36921790e+01
 -1.04941610e-01 -3.51529133e-01 5.03820695e-01 2.03328170e-01 1.51970002e+04 1.37089230e+01
 9.58750779e-01 4.97675922e-01 -1.58262865e+00 -2.27214826e-02 7.69056696e+03 1.37062763e+01
 -5.97662186e-01 -3.33279574e-01 -1.56405538e+00 2.40708315e-01 -1.94672653e+04 1.36949817e+01
 -1.60170816e+00 6.53688134e-01 6.70134622e-01 1.69345719e-01 -5.81524754e+03 1.36963099e+01
 1.33693850e+00 -8.32589113e-01 -2.55329978e-01 -8.73287455e-01 -7.25333167e+02 1.37055959e+01
 -4.38644707e-01 -7.79866431e-01 -1.21953842e+00 4.07045651e-01 -2.62490533e+04 1.37003145e+01
 -1.61974607e+00 -3.37536551e-01 1.71022503e+00 -4.12011891e-02 -2.58100279e+04 1.36927849e+01
 5.52484413e-01 9.34560540e-02 6.96114801e-03 -4.76090930e-01 5.25102305e+03 1.37010098e+01
 -2.29186875e+00 -1.16094536e+00 1.81037445e+00 -1.28224551e-01 -5.27114029e+02 1.36839879e+01
 -4.86669698e-01 -5.54089527e-02 7.92791473e-01 1.74233405e-01 -7.98689921e+02 1.36977494e+01
 -1.28694629e+00 3.66831663e-01 2.46681099e-01 1.48248782e-01 2.36382136e+04 1.36971071e+01
 -6.80518462e-01 -4.03820741e-01 -1.56045383e+00 -4.97504134e-01 8.08837284e+03 1.36947076e+01
 -1.30494014e+00 -1.67952976e-03 1.55804256e+00 -8.67673297e-01 1.77097162e+04 1.36902750e+01
 2.85350431e-01 -1.63300487e-01 3.61236560e-01 1.77218435e-02 -2.42533170e+04 1.37089971e+01
 -8.39867591e-01 -6.22984937e-01 -4.24546301e-01 1.19603136e-01 -1.19458361e+04 1.37036421e+01
 -1.01183644e+00 -5.17044180e-01 -1.00321166e-01 -4.98997941e-01 -5.53452454e+03 1.36895279e+01
 3.47327162e-01 -1.35134241e-01 -8.43931158e-01 7.03867294e-01 6.33721581e+03 1.37069866e+01
 1.13047247e+00 6.11429059e-01 2.16034433e-01 -2.71661062e-01 -1.13377594e+04 1.36967346e+01
 -1.18595880e+00 6.89662693e-01 3.81671429e-02 -1.02422631e+00 -2.14832877e+03 1.36842177e+01
 6.71332020e-01 1.05816203e+00 5.73408533e-01 -2.67593829e-01 -4.62482724e+03 1.36997383e+01
 -1.90110290e+00 -3.96812901e-01 1.72427131e+00 -1.28340774e-01 -1.25763004e+04 1.36939073e+01
 1.31731636e+00 5.52906375e-01 7.85971237e-01 1.73213608e-01 1.01552431e+04 1.36919036e+01
 -1.40018246e-01 -3.52657987e-01 -1.05006304e+00 -9.15335680e-02 2.50028703e+04 1.37072733e+01
 8.05314649e-01 1.88296855e-01 -4.91689268e-01 -5.89432359e-01 5.68813631e+03 1.37137838e+01
 4.13575449e-02 -7.49676572e-02 1.83442327e+00 -9.05576339e-02 2.29567365e+04 1.36984138e+01
 -2.01016855e+00 -8.13794593e-01 5.52037558e-01 -3.44404804e-01 -3.86669196e+03 1.36858351e+01
 7.40018552e-01 1.83341406e-02 1.19834203e+00 8.03874368e-01 1.19163387e+04 1.36974090e+01
 1.97662844e+00 -6.20829472e-01 3.88997500e-01 -2.46158277e-02 1.85434676e+03 1.36972282e+01
 1.34991899e-01 1.74019578e-01 4.20557981e-01 1.02023194e-01 -1.02512592e+04 1.37043231e+01
 1.40512586e+00 8.39574328e-01 9.08891441e-01 3.32999742e-01 -1.67044784e+04 1.37105745e+01
 -2.79662332e+00 6.42575970e-01 -3.65847229e-02 -8.78618638e-01 -1.52495896e+04 1.36969732e+01
 -1.02247694e+00 5.54889651e-01 1.09235303e+00 -3.08857816e-01 7.30732632e+03 1.36944018e+01
 1.33940050e+00 4.48107071e-01 1.04680681e+00 2.10873856e-01 2.60668336e+04 1.37055482e+01
 1.73933605e-01 1.24075332e+00 1.74540759e+00 -5.60163839e-01 -7.35808168e+03 1.36966612e+01
 8.00593777e-01 3.35915816e-01 -7.06085005e-01 -6.73176391e-01 1.37030686e+04 1.37024290e+01
 -8.11587891e-01 5.43988489e-02 -3.65033535e-01 5.04512499e-02 -5.48396195e+04 1.37020493e+01
 2.18588655e-01 4.30215331e-03 -3.21363701e-01 -3.69127601e-01 1.61387421e+04 1.37021021e+01
 -1.77874932e-01 5.79052826e-01 -1.64806500e+00 -9.49301912e-03 3.14563892e+04 1.37060840e+01
 -2.13045875e+00 3.49373537e-01 -8.29935474e-01 2.63124258e-01 6.77945151e+03 1.36868274e+01
 -4.16977790e-01 -2.58606072e-01 1.11770842e+00 2.05895234e-01 2.21304685e+03 1.37052825e+01
 -5.05387418e-01 1.49162035e-01 -6.99964900e-01 -4.16827464e-01 -3.75074322e+03 1.37101113e+01
 2.06878583e+00 6.60558341e-04 -1.25591739e+00 9.96991345e-01 -1.75877608e+04 1.37046048e+01
 4.95412948e-02 -6.98156165e-01 -9.11577735e-01 -4.77060764e-01 -4.35196832e+04 1.37015532e+01
 -5.00051023e-01 1.02877372e-01 -9.15117398e-01 4.89970747e-01 -1.80015684e+04 1.36851343e+01
 1.14336138e+00 -2.70572726e-02 2.45079497e+00 9.41112304e-02 1.94168241e+04 1.37021721e+01
 8.20545621e-01 -8.68241262e-02 -4.86689434e-01 1.65753891e-01 2.63736535e+04 1.37103508e+01
 -3.36078184e+00 8.29051267e-02 7.69394999e-01 5.49530131e-02 1.69560738e+04 1.36923092e+01
 -8.41298996e-01 5.38954535e-01 6.57272496e-01 -6.00840059e-02 3.64981940e+03 1.36911600e+01
 6.60161915e-02 -1.28702139e-01 2.00940981e-01 3.89431961e-01 -1.24010929e+04 1.36949910e+01
 -1.31096168e+00 3.98213752e-01 8.40261435e-01 2.96943310e-01 -1.19287475e+04 1.36801967e+01
 -3.37456915e-01 -2.60040458e-01 1.26001200e-01 5.67433624e-01 -1.87817785e+04 1.37150285e+01
 3.30727322e-01 6.16483785e-01 -7.36025300e-01 -5.12103204e-01 9.92294124e+03 1.37015319e+01
 -1.42558789e+00 -8.44497876e-01 -1.16501651e+00 7.22451875e-02 -5.75685790e+03 1.36950000e+01
 1.53544792e-01 -1.62475958e-01 -4.22403184e-01 -4.46201808e-01 -1.58202572e+04 1.36983747e+01
 -8.86655957e-02 8.61871448e-02 5.40801438e-01 5.85254602e-01 8.46145145e+03 1.37085790e+01
 -7.16447745e-01 -2.56578681e-01 1.45169159e+00 5.99014583e-01 -3.28247703e+04 1.36870094e+01
 -4.23543701e-01 -5.72951216e-01 1.72117239e+00 -9.08130756e-01 2.75975474e+03 1.37100629e+01
 -7.01473743e-02 -3.29908918e-02 -2.25117018e-01 -4.83152875e-01 2.21157776e+03 1.37040272e+01
 8.13700858e-01 5.85515864e-01 8.62893597e-01 2.26354740e-01 4.13093384e+04 1.37018999e+01
 -3.87999353e-01 -2.46083824e-01 -7.67722401e-01 -4.89287379e-01 2.21938784e+03 1.36973464e+01
 -1.36514383e+00 -4.39133036e-01 -1.63352120e-01 2.60032844e-02 -9.66827236e+02 1.36969983e+01
 1.05594778e+00 8.06433314e-02 -9.85803308e-02 -1.42644354e-02 2.40805297e+04 1.37091566e+01
 2.39460443e-01 -7.19710338e-01 2.43767240e+00 -6.27656499e-02 1.63768400e+04 1.36993252e+01
 1.49153754e+00 -2.90837110e-01 5.80306586e-01 -1.87928678e-01 -2.79898090e+04 1.37095368e+01
 -1.11340129e+00 9.60206577e-01 7.76612449e-01 -1.27813566e-01 6.18551783e+03 1.37013547e+01
 -1.98376937e+00 6.46427958e-01 -1.72866171e-01 -1.21563388e-01 2.48312827e+04 1.36983773e+01
 -1.32588614e+00 -6.99351585e-02 -2.88143824e-01 -5.24938953e-01 3.12008718e+04 1.36902985e+01
 1.36803239e+00 -1.57854446e-01 -6.84087867e-01 3.24695838e-01 1.11599565e+04 1.36978356e+01
 1.38100419e+00 4.28282143e-01 1.01784716e+00 1.08563307e-01 2.18182086e+04 1.37070842e+01
 1.05376251e+00 -5.22918826e-01 -5.35455578e-01 1.27028388e-01 -8.04985275e+03 1.37075673e+01
 -1.36969744e+00 -1.74566421e-01 -2.82298889e-01 3.02686430e-01 9.21157695e+03 1.37017121e+01
 4.09159195e-01 -2.49106789e-01 5.30670266e-01 -2.79026974e-01 1.38146572e+04 1.37031731e+01
 4.47970407e-01 1.88129088e-01 4.58436086e-01 4.56103947e-01 4.60356604e+04 1.37004643e+01
 -2.21418266e+00 -1.40350255e-01 -2.39732056e+00 3.35887967e-01 1.37610530e+04 1.36845442e+01
 -1.27314090e+00 -1.00996286e+00 7.71894688e-02 -5.78562107e-03 -1.58290185e+04 1.36955670e+01
 6.10527128e-01 -6.28131804e-01 1.40724256e+00 -3.67273082e-01 5.32161634e+03 1.37006658e+01
 -1.45036774e+00 1.44289346e-01 7.43304660e-01 -4.10047472e-01 -3.65584569e+04 1.36949355e+01
 -6.73619348e-01 -2.32100381e-01 -8.29345556e-01 -5.04347921e-01 8.79893507e+02 1.36895263e+01
 -1.28259862e-01 -2.46281108e-01 -8.16169743e-01 -4.58206042e-01 -1.81081161e+03 1.36909942e+01
 -1.27591267e+00 -3.42651541e-01 2.82228304e+00 3.16588774e-01 3.86468989e+03 1.36897851e+01
 -3.52458857e-01 -3.03303873e-01 -1.21381689e+00 -7.02729531e-02 1.14624996e+04 1.36987527e+01
 2.25243128e+00 2.48778555e-01 6.80579876e-02 2.42943443e-01 6.69755220e+03 1.37060211e+01
 -7.77487017e-02 -3.88195566e-01 2.96472815e-01 -2.99546227e-01 1.38907086e+04 1.37004557e+01
 -1.93730326e+00 1.62495178e-02 2.43219247e+00 -1.54284885e-01 9.79897250e+03 1.36889172e+01
 8.20703776e-01 1.35895382e-01 -8.85969615e-01 8.43526628e-01 -2.20781747e+03 1.36984267e+01
 -1.46520462e-02 4.85580926e-02 8.17585890e-01 -2.45188687e-01 2.03834142e+03 1.36998185e+01
 1.01235645e-01 -2.87456740e-01 -1.57993768e+00 1.88956958e-01 -4.97545413e+03 1.37014435e+01
 1.41110126e-02 3.60283647e-01 1.36232214e+00 6.66745490e-01 -1.51318568e+04 1.36969713e+01
 -1.58757464e+00 3.24472929e-01 -1.65089964e+00 6.05563892e-01 -4.32500023e+03 1.36820104e+01
 -1.29651408e+00 1.25013035e+00 -1.25942116e-02 2.84802262e-01 -4.50143697e+04 1.36937893e+01
 -5.29250823e-01 -6.26762110e-02 -8.07069653e-01 2.71155084e-02 -1.75148705e+04 1.37033965e+01
 -7.34810289e-01 -6.39973837e-01 1.67161412e-01 6.68163252e-01 7.44854648e+03 1.36996897e+01
 -3.39055447e-01 1.29195780e+00 -1.04858279e+00 -5.14278639e-01 -2.00867942e+03 1.37030234e+01
 -4.15441002e-01 2.48993657e-01 -1.67181327e+00 2.64316609e-02 3.45705466e+04 1.36949965e+01
 -5.29061532e-01 -6.81574139e-01 5.70383468e-01 -2.41293938e-01 7.05157328e+03 1.37135783e+01
 -8.65822569e-01 1.28517952e-02 -7.35359905e-03 -3.53587823e-01 -9.66298289e+02 1.36911210e+01
 2.22348999e+00 -4.40116828e-01 -1.38102044e+00 -2.81613276e-02 -1.56347665e+04 1.37131101e+01
 5.38014704e-01 -5.00447803e-01 4.78587101e-01 4.46490264e-01 2.00380355e+04 1.36979698e+01
 -8.35374621e-01 -4.54010234e-01 -1.20603801e+00 -2.73808061e-01 -1.01330077e+04 1.37009215e+01
 -2.48091681e+00 2.67740122e-01 2.27853377e+00 -2.18358339e-02 1.40782927e+04 1.36925977e+01
 -2.71994440e-01 -6.42736625e-01 -2.84659643e-01 -2.48740355e-02 3.33099104e+03 1.37035735e+01
 3.16329651e-01 6.25653689e-03 -5.59971368e-01 -7.92450906e-02 -1.80800667e+03 1.37056576e+01
 1.66461876e+00 -2.43360704e-01 -1.30774602e+00 1.04493771e-01 1.81306223e+04 1.37020200e+01
 -1.40455137e+00 -5.83521271e-01 -5.84203846e-01 2.08094513e-01 7.19524882e+03 1.36974827e+01
 -1.67110500e+00 1.08250617e-01 2.15989939e-01 -7.28047582e-02 3.26997221e+02 1.37009360e+01
 -4.93805646e-01 -5.04014635e-02 -1.79889551e-01 -2.42387929e-01 5.28532327e+03 1.37008235e+01
 -8.26790702e-01 2.39538784e-01 1.40224213e+00 4.62826186e-01 3.14537701e+04 1.36989337e+01
 -1.46520678e-01 -4.82657100e-01 2.69089998e-01 -1.07362582e-01 5.98898802e+03 1.37152325e+01
 1.13424878e+00 -3.68334381e-01 -1.03130261e+00 2.19713569e-01 -1.86340859e+03 1.36908042e+01
 4.78159262e-01 1.29279433e+00 -6.54169605e-01 -8.31398175e-02 -2.35751762e+04 1.37046542e+01
 4.82924673e-01 5.76910038e-01 -2.99098705e-01 -3.61512402e-01 -6.07092356e+03 1.36982644e+01
 1.25458284e-01 -5.56134600e-01 2.52538777e+00 -1.04179163e-01 -1.37694676e+02 1.36986313e+01
 1.39352930e+00 6.23375201e-01 1.60680784e+00 -3.24549054e-01 -3.46511983e+04 1.37169869e+01
 9.28275505e-01 -2.88347083e-01 4.07850285e-01 9.63471653e-02 2.85197767e+04 1.37051791e+01
 -4.46686984e-01 3.87674067e-01 -1.53671435e+00 6.90023998e-01 2.13727570e+04 1.37077859e+01
 -6.22366469e-01 -2.95628746e-01 2.04873484e-01 4.06270704e-01 -1.41228678e+04 1.37041323e+01
 1.11480446e+00 7.92771295e-02 1.07810291e+00 -2.32460743e-01 9.76556501e+03 1.36961389e+01
 8.88862727e-02 1.57074149e-01 -3.78183045e-01 4.25900950e-01 2.07501115e+03 1.37007979e+01
 -1.16409283e+00 -2.36567471e-01 -3.72331370e-01 1.07469262e-01 -2.09822640e+04 1.36904083e+01
 6.43774314e-01 -2.19548863e-02 -2.14957853e-01 1.08772138e+00 1.05271366e+04 1.37037843e+01
 1.66431338e+00 -1.03704164e+00 -4.39476524e-01 -5.12699619e-01 2.30176967e+04 1.37094188e+01
 4.99559494e-01 -3.44699823e-01 1.23847812e+00 1.08974892e-01 -6.12632952e+03 1.36914730e+01
 -1.80261129e+00 -3.72571747e-02 9.83836893e-01 5.96740506e-01 -2.13629718e+04 1.36925577e+01
 6.74327120e-01 7.94394064e-01 -1.49181789e+00 6.03715457e-02 -1.83218397e+04 1.37021640e+01
 -1.67070925e+00 3.68671517e-01 -8.57083899e-01 -5.22850038e-01 -2.30254561e+04 1.36992199e+01
 3.56068344e-01 3.39699809e-01 -2.95223071e-01 -3.22040739e-01 5.26713928e+03 1.37073269e+01
 1.93263221e-01 -2.28048636e-01 -2.11314989e+00 -5.00984898e-01 5.96575553e+03 1.36924372e+01
 -1.09226776e+00 5.10948150e-02 -8.82410053e-01 6.99283190e-01 -3.39192183e+03 1.36975127e+01
 -8.19569274e-01 7.26160534e-01 2.65131695e-01 -1.14657005e-02 8.20033641e+03 1.37033619e+01
 -2.08142504e+00 -2.20164405e-02 -9.43087790e-02 9.23377312e-01 2.94985274e+04 1.36963328e+01
 -5.96830109e-01 -2.58866540e-01 -1.88509682e+00 2.94919389e-01 9.05667145e+03 1.37062855e+01
 -2.39925716e-01 2.01210829e-01 8.41590597e-01 -2.85062164e-01 -1.11835985e+04 1.37018197e+01
 4.68626261e-01 3.39493888e-01 5.59028431e-01 1.55675526e-01 -1.16832386e+04 1.37045262e+01
 -1.10454003e+00 1.24559304e+00 2.53132538e+00 4.51610925e-02 5.28933217e+03 1.36998998e+01
 1.94204952e+00 -3.08810437e-03 9.65243025e-01 6.75634372e-01 -9.82402951e+03 1.36996311e+01
 -2.59244572e+00 2.65230016e-01 2.04185024e+00 1.86281768e-01 4.30677593e+03 1.36884006e+01
 1.75050802e+00 6.24726850e-01 -6.27517282e-01 -7.87849486e-02 -1.41240447e+04 1.37079027e+01
 1.79811295e-01 7.39868450e-01 -1.88805013e+00 4.16788681e-01 -4.21248109e+04 1.37033359e+01
 -3.84297655e-02 -4.76222592e-01 -2.47983255e+00 2.98409829e-02 1.04124903e+04 1.37040325e+01
 -1.69535831e-01 -8.30495434e-01 2.11467752e+00 -5.47903280e-01 -8.69017199e+02 1.36906901e+01
 6.76866291e-01 3.42235321e-02 2.31669737e+00 6.94732881e-02 1.60218725e+04 1.37124489e+01
 -1.17938718e+00 -7.99227356e-02 -2.53969619e+00 2.45469392e-01 -1.33820615e+04 1.36926520e+01
 5.73705503e-01 -2.02883873e-01 1.15426922e+00 6.42836637e-02 -3.23581065e+04 1.37098396e+01
 2.72749791e-02 9.67479448e-01 -2.46139376e+00 7.55216092e-01 1.49957594e+04 1.37077952e+01
 1.90732660e+00 -5.86369819e-01 6.06934009e-01 5.11996897e-02 -1.59099815e+04 1.37050582e+01
 -3.53529803e-01 7.70900383e-01 3.85884535e-02 -3.65023175e-01 3.24215051e+04 1.36978841e+01
 -1.33517626e+00 -7.81676054e-01 -6.88717612e-01 5.05306059e-01 -2.38513554e+04 1.36910543e+01
 -9.73687860e-01 2.62086028e-01 2.06866445e+00 1.14315598e-01 1.95417193e+04 1.37026077e+01
 3.84905335e-01 5.36320714e-01 -5.05981333e-01 -6.30601233e-01 -1.43538430e+03 1.36961107e+01
 7.01808573e-01 -6.60214181e-01 6.37732224e-01 -5.86147153e-01 -1.63412326e+04 1.37029605e+01
 8.51474497e-01 -1.97165625e-01 6.12635893e-01 6.11545400e-01 6.27552278e+03 1.37114774e+01
 5.48697059e-01 -1.40644783e-01 -6.37085287e-01 -4.75317727e-01 1.36823077e+04 1.37004065e+01
 -6.06997405e-01 -7.24812639e-01 -3.66768969e-01 -3.00050294e-01 -9.27695562e+02 1.37013164e+01
 1.44638542e+00 -4.17324688e-03 -1.45696230e+00 3.21758591e-01 5.35575431e+03 1.36963560e+01
 -2.51432131e-01 6.64522041e-01 2.39642719e+00 2.55535211e-02 1.91604455e+04 1.36961384e+01
 -1.49139789e+00 3.93303694e-01 3.51442706e-01 1.26328978e-01 -3.32204865e+04 1.36993145e+01
 6.79924813e-01 1.01149648e-01 -1.25599914e-01 1.82955924e-01 -2.26641010e+04 1.37043973e+01
 -1.53571537e+00 -2.78427168e-01 1.81902502e+00 -5.79767708e-01 2.46708497e+04 1.36916576e+01
 -3.99786121e-02 -5.32632996e-01 2.13142369e+00 4.12230521e-01 -4.84798658e+04 1.36920623e+01
 1.41337658e+00 1.85526053e-01 4.05547685e-01 -3.59124138e-01 -2.92473157e+04 1.37187237e+01
 -1.90697085e-01 6.16613164e-01 3.61330552e+00 -7.19471811e-01 3.25026525e+04 1.37021149e+01
 -4.30157346e-01 7.15862884e-01 2.36360809e+00 -1.29934836e-01 -9.72261733e+03 1.37027436e+01
 -9.27510280e-03 6.56878153e-01 -2.12202527e+00 4.15322628e-03 -4.78989511e+03 1.36953147e+01
 -9.74607697e-01 4.13990097e-01 5.93067874e-01 2.68828139e-01 -5.75496418e+04 1.36990212e+01
 1.09245799e+00 -5.90664456e-01 2.82576265e-01 4.22659074e-01 -4.69129003e+02 1.37102435e+01
 -1.81714749e+00 5.62766693e-01 7.63772986e-01 -4.72034098e-01 1.17421873e+03 1.36870176e+01
 5.27651292e-02 -5.05498408e-01 2.11014853e+00 6.35522565e-01 1.17245814e+04 1.36983816e+01
 2.60354384e+00 6.74392205e-01 -3.42675576e+00 4.69654704e-02 2.07686845e+04 1.37040173e+01
 -2.68602224e-01 2.29314479e-02 1.99960361e+00 1.97294374e-01 2.24188689e+03 1.36957460e+01
 -1.07643461e-01 -4.91381011e-01 3.70392617e-01 7.40357561e-01 7.42534087e+03 1.37022161e+01
 9.09349477e-01 -1.59240869e-01 -1.47703935e+00 -3.70072728e-01 -1.29453177e+04 1.36935099e+01
 -4.32974381e-01 -7.31644671e-02 1.01891041e+00 -3.63562917e-01 -5.65262227e+03 1.37021618e+01
 9.59399079e-01 -8.88237885e-01 -1.00513379e+00 3.31818773e-01 -2.57561735e+04 1.37075990e+01
 -1.82972005e+00 1.22447899e+00 -2.25913963e-01 -2.16474844e-01 -6.66042799e+03 1.36973238e+01
 -1.51002605e+00 -2.61027144e-03 -1.57213240e+00 -1.00199566e-01 1.35232621e+04 1.36875705e+01
 -1.54453522e-01 1.01840307e+00 -2.81266235e+00 3.05593547e-01 3.99618297e+03 1.36944909e+01
 -5.57589191e-01 -2.15428122e-01 -7.78150581e-01 -1.77914919e-03 -6.91356308e+03 1.36984730e+01
 7.37397070e-01 -1.13574399e+00 2.86734775e+00 -9.15094037e-02 3.11959370e+03 1.37055916e+01
 2.70359848e-01 -1.07558519e+00 -4.24912794e-01 -8.26175672e-02 -5.50685659e+04 1.37042057e+01
 3.30355751e-01 -5.30857652e-01 -2.60211503e-01 4.29508374e-01 4.04765401e+03 1.36991406e+01
 -4.44230831e-01 6.16704374e-01 -1.07000738e+00 5.64757969e-01 1.08119767e+04 1.36986383e+01
 -1.94309172e-01 3.54161810e-01 -1.30495213e+00 -4.64390274e-01 -1.89919000e+04 1.36997857e+01
 -1.43181140e-03 -2.25849514e-01 5.89105348e-02 3.39611416e-01 -3.20107319e+04 1.36994280e+01
 -6.07779324e-01 -7.43416998e-01 2.79425558e-01 1.57322852e-01 2.59817117e+04 1.36989518e+01
 -3.31809735e-02 5.80507711e-01 -2.39499115e-01 8.32393178e-01 -3.00572089e+04 1.37082710e+01
 -1.22612487e+00 -4.39860370e-01 1.34992441e+00 6.53320293e-01 4.98415952e+04 1.36883295e+01
 2.75346589e-02 -3.68028402e-01 6.38958446e-01 4.45702413e-01 3.13747743e+04 1.37038473e+01
 -7.75862941e-01 -5.71291559e-02 -1.81672342e+00 3.35353037e-02 2.63782846e+04 1.36980331e+01
 3.96686746e+00 2.57146787e-01 -1.90514886e+00 3.98324182e-01 -3.39807231e+03 1.37125946e+01
 -1.98115548e-01 6.46033302e-01 -1.01008547e+00 1.24469940e-01 -3.73658417e+03 1.37010654e+01
 2.51250269e-01 -3.25997272e-01 -6.21051499e-01 6.00568468e-03 -6.28983360e+03 1.37119668e+01
 -5.10727094e-01 -3.53662551e-02 1.00803557e+00 9.43842053e-02 2.65837283e+04 1.37039878e+01
 -1.28466019e+00 -5.52066569e-01 1.27087716e+00 -2.04058216e-01 1.10680653e+04 1.37014701e+01
 -5.55323799e-01 -1.14560837e+00 6.15451298e-01 4.84184315e-01 1.27007913e+04 1.37069662e+01
 1.41213358e+00 -1.19621536e-01 -2.61568604e+00 -3.63368212e-01 -2.73556709e+04 1.36929670e+01
 8.33554327e-01 -1.53640335e-01 -6.29197633e-01 1.45869202e-01 1.25413839e+04 1.37024513e+01
 -7.28308970e-01 4.83541822e-02 -1.53915806e+00 1.82101785e-01 1.09613372e+04 1.36859726e+01
 -8.58017286e-01 -2.40339066e-01 -1.62227024e+00 -2.42595874e-02 1.34895975e+04 1.36989352e+01
 -5.16147988e-01 1.35847434e+00 -1.17703087e+00 2.19620874e-01 1.60566527e+04 1.36919807e+01
 2.10145492e-01 -1.49727719e-01 -1.18644196e-01 -6.73275427e-01 1.01278726e+04 1.36878073e+01
 9.54028125e-01 -5.17761378e-03 6.04520527e-01 -5.25086115e-01 8.14165296e+03 1.37096912e+01
 -2.22461609e-01 5.74229853e-01 -7.49952283e-01 2.23526201e-01 -2.33938878e+04 1.36999151e+01
 -7.30754478e-01 1.07152166e-01 -9.14056238e-01 -4.23380808e-01 1.99619333e+04 1.36979257e+01
 -1.66107499e+00 -1.13708415e+00 1.19649208e+00 -2.22379643e-01 -3.90495557e+03 1.36893945e+01
 -2.18130442e-01 6.54311935e-01 1.40186588e-01 2.90626192e-02 -1.03188416e+04 1.36957647e+01
 2.24333815e-01 2.83783311e-03 1.16517218e+00 3.05871363e-01 -2.27182865e+04 1.37112646e+01
 -1.13015250e+00 6.42583103e-01 -3.69999297e-01 2.10167116e-01 -1.71895205e+04 1.36953457e+01
 -1.29559338e+00 -5.79648685e-01 1.55002582e-01 5.46860264e-01 -3.99725333e+03 1.37008791e+01
 2.64013291e+00 -1.77740754e-01 -9.17438414e-01 1.52898046e-01 -2.60379005e+04 1.36984486e+01
 -1.55837515e+00 1.12734638e+00 -6.78033321e-01 -1.99636721e-02 -7.35856386e+03 1.37034130e+01
 3.65355885e-01 -8.58648011e-01 1.10267557e+00 -7.26885241e-01 1.25013661e+04 1.37050617e+01
 8.34935389e-01 -2.29210286e-01 3.42008082e-01 -6.25245269e-01 9.82009561e+03 1.37021072e+01
 -8.74490005e-01 -3.03201021e-01 -9.77379810e-01 3.30605847e-01 -1.08857695e+04 1.36929638e+01
 2.51846136e-01 -2.12486371e-01 1.45857810e-01 -2.51237696e-01 -3.87551426e+04 1.36991227e+01
 1.59579303e+00 -8.09369342e-01 -6.36832347e-01 -9.27553747e-01 -2.35468664e+04 1.37068877e+01
 -1.62219120e-02 -5.52287991e-02 -7.12546252e-01 3.73257001e-01 9.96304626e+03 1.36886951e+01
 1.80942449e+00 5.42956637e-01 -1.85874599e+00 2.50658064e-01 1.66936681e+03 1.37156781e+01
 1.53609405e-02 6.07957917e-01 5.64823166e-01 -5.63499979e-02 9.78991033e+03 1.36981348e+01
 -8.11511340e-01 -2.25206552e-01 7.66835926e-01 -1.50658127e-01 -9.65089856e+03 1.36996940e+01
 1.78806188e-01 -5.10693368e-02 3.29665987e-01 -1.79635250e-02 2.91024845e+03 1.37030081e+01
 -4.76855405e-01 1.88857660e-01 2.89508873e-01 3.48299216e-01 1.32011552e+03 1.36945844e+01
 -1.36298573e-01 8.27152275e-01 -1.31646201e+00 4.62811451e-01 -3.65530045e+03 1.36910094e+01
 1.12327714e+00 1.01787764e+00 1.45870995e+00 1.17435507e-01 1.32006055e+03 1.37041165e+01
 -1.07199058e-01 6.00403981e-01 1.05812028e+00 -3.76296070e-02 -9.19714928e+03 1.37041846e+01
 -1.45590637e+00 -4.71957241e-02 1.89188520e+00 -3.33092193e-01 -1.48232660e+04 1.36934303e+01
 1.83013376e-01 5.72399721e-01 -9.69580941e-01 -1.00681148e-01 -3.18367282e+04 1.36966662e+01
 3.71770803e-02 2.55597643e-01 1.13805892e+00 -2.34478497e-01 -1.66769801e+04 1.37049021e+01
 -7.11945023e-01 -1.81754707e-01 8.96475386e-01 -4.85737001e-01 5.36181039e+03 1.36953729e+01
 -5.12158697e-01 4.60209818e-01 -1.81559120e+00 -3.24484424e-01 -3.20386073e+03 1.36978743e+01
 7.02456849e-01 1.69202632e-01 1.18111391e-01 2.41457615e-01 -2.19924926e+04 1.37079101e+01
 -1.45984605e+00 8.28926389e-01 -5.11781183e-01 -1.53714739e-01 3.52075524e+04 1.36893275e+01
 -3.29497214e-01 4.80369256e-01 -7.59477886e-01 5.27327547e-01 6.52329334e+03 1.36980747e+01
 -6.43415906e-02 -7.04878892e-02 -1.37936946e+00 4.01636421e-01 3.87854378e+03 1.36944772e+01
 -1.62078821e-01 -1.57955583e-01 -5.26689190e-01 2.46743103e-01 -3.62913376e+03 1.37013907e+01
 -2.31739983e+00 -6.30393500e-01 -4.08205071e-01 1.18229870e-02 -2.68445801e+03 1.36947430e+01
 -6.53833682e-01 -5.44047524e-01 1.40764631e+00 1.27629877e-01 -1.85036114e+04 1.36998403e+01
 -4.53519813e-01 -1.52432847e-02 1.34809193e+00 3.41464327e-01 1.42109547e+04 1.37003585e+01
 -1.40374580e+00 5.45136237e-01 7.14239228e-01 9.57587406e-01 -7.54052703e+03 1.36855378e+01
 2.70018845e-01 5.61686204e-02 -1.00017430e+00 7.27063452e-01 -3.01815310e+03 1.37054140e+01
 -2.14664319e+00 -2.00587253e-01 2.38267819e+00 2.57255236e-01 -3.37001064e+04 1.36880975e+01
 4.24477157e-01 5.06675628e-01 -1.09476015e+00 -1.47407265e-01 3.13100436e+04 1.36953815e+01
 -1.24762039e+00 4.48404258e-01 1.13374188e+00 -4.35831977e-01 8.03147302e+03 1.36914438e+01
 4.25146857e-02 -1.37914611e+00 -2.23544886e-01 -2.74958600e-01 -1.43708521e+04 1.36983072e+01
 1.58148170e-01 5.13541984e-02 -1.50948585e-01 8.14592656e-01 9.34599025e+03 1.36978023e+01
 -1.98237845e-01 7.84837047e-02 3.95361676e-01 -1.13032568e-01 -5.00033223e+03 1.37019668e+01
 -1.95859302e+00 5.28275013e-01 4.92389887e-01 -1.49532805e-01 9.09244793e+02 1.36943401e+01
 9.98496516e-01 2.05927232e-01 9.24688132e-01 4.18140625e-01 -8.07054904e+03 1.36978570e+01
 7.83778044e-01 -4.09275658e-02 -5.51879503e-03 -2.81939940e-02 -2.15624891e+04 1.37017957e+01
 -1.10190379e+00 -7.69479638e-02 -1.41634024e-01 4.39903554e-01 -1.66817904e+04 1.37100842e+01
 6.17773817e-01 5.57621610e-01 2.08647934e+00 2.40312482e-01 3.03015057e+04 1.37040527e+01
 1.28098223e-02 -6.02512846e-02 3.09329109e+00 2.23803220e-01 -2.57201836e+04 1.37035197e+01
 2.32085601e-01 -5.68482565e-01 -1.59739440e+00 -3.67976022e-02 8.76106237e+03 1.37004131e+01
 5.26623224e-01 4.39439444e-01 -1.27215800e+00 -3.56773937e-02 -3.03763376e+04 1.36982341e+01
 -7.79122335e-01 -5.28412553e-01 -1.89579188e+00 6.25672691e-01 -6.81820557e+03 1.36955853e+01
 -4.40163214e-01 7.25619884e-01 -1.24803459e-01 3.74680944e-01 -1.91925093e+04 1.37111103e+01
 -8.48416866e-02 4.35946881e-01 1.04413264e+00 -3.50726963e-02 3.77607584e+03 1.36999972e+01
 8.30246935e-01 1.02033172e-01 -6.51208899e-01 2.13903348e-01 2.15507500e+04 1.37061763e+01
 -7.88730087e-01 3.02996899e-03 -2.07017659e+00 -1.09621522e-01 4.65575987e+03 1.36974808e+01
 1.29962220e-02 4.77853763e-02 -1.13864868e+00 -3.93288920e-01 5.64687988e+03 1.36980883e+01
 -4.95356796e-01 3.77380806e-01 8.62889736e-01 -3.23394964e-01 -9.07667463e+03 1.37069357e+01
 -2.11959913e-03 -1.07138927e+00 1.13707799e+00 -4.13393398e-02 -8.74107854e+03 1.37111830e+01
 -6.96918016e-01 1.85903751e-02 -1.92628428e+00 4.97148038e-01 9.48217795e+03 1.36847317e+01
 1.88176801e+00 -7.42025816e-01 -8.64850695e-01 1.47406367e-01 3.18297853e+04 1.36917818e+01
 3.35414261e+00 -4.31940898e-01 1.55476558e-02 -1.22439419e-01 1.66892461e+04 1.37128005e+01
 1.39902038e+00 3.66814884e-01 6.38893641e-01 4.17950998e-02 -3.78003982e+03 1.37121608e+01
 1.29026808e+00 6.10489620e-01 -4.14891823e-01 -7.90558441e-01 -4.32339909e+03 1.37209139e+01
 8.48787826e-01 4.15904082e-01 -2.50647052e+00 -4.68967207e-02 -1.15126527e+04 1.37013126e+01
 -1.72631414e+00 -9.83823598e-01 1.43883677e-01 6.74112586e-01 -7.01836493e+03 1.37000187e+01
 -5.11839286e-01 9.06696226e-01 4.47257166e-01 8.04566410e-02 1.03288116e+04 1.36929014e+01
 1.88460647e+00 -5.25613518e-02 -1.15413587e+00 2.86216672e-01 -3.17701309e+03 1.37136215e+01
 -4.01661144e-01 -2.50435090e-01 3.32008032e-02 2.12953296e-01 1.78457494e+03 1.36993150e+01
 -1.24861693e+00 5.20331385e-01 7.66594139e-01 8.07353291e-02 -1.59816067e+04 1.37029191e+01
 -6.76977710e-01 -9.42320295e-02 1.22636048e+00 4.83544604e-01 -3.87771472e+04 1.37026813e+01
 5.34749477e-01 6.89357974e-01 -1.57017191e+00 5.68318256e-01 3.51973400e+04 1.37004429e+01
 2.19225559e-01 -6.00628343e-01 -5.20462227e-01 -5.36486970e-01 -3.75381638e+04 1.36887476e+01
 9.33350214e-01 4.56654474e-01 -2.48819802e+00 -2.04650859e-01 -3.91586366e+03 1.37025638e+01
 9.33049202e-01 5.97192804e-01 1.37929673e+00 2.45469195e-01 2.09244550e+02 1.37138404e+01
 6.90158707e-01 6.51540489e-01 2.61691771e+00 -4.27174149e-01 4.17485173e+03 1.37087242e+01
 -7.16269394e-02 -2.50831915e-03 -2.78177462e-01 -4.69509689e-01 -1.00015144e+04 1.37052404e+01
 -8.85594788e-01 -5.79216054e-01 -2.24816357e+00 -3.89783166e-01 -7.42554513e+03 1.37021460e+01
 2.42914286e-01 -2.71757042e-01 1.72962067e+00 5.16715275e-01 -6.04614645e+03 1.37079895e+01
 -3.21295147e-01 -1.02729304e+00 2.35316281e+00 -2.15812026e-01 -1.47612845e+04 1.36953462e+01
 -3.20035451e-01 -3.80719289e-01 -5.86694202e-01 -2.92158489e-01 -6.69183408e+03 1.36899814e+01
 2.38387507e-01 4.10032567e-01 2.74825253e-01 1.29436344e+00 -2.95476675e+03 1.37145603e+01
 -2.80140983e-01 6.42707026e-01 -1.46670551e-01 9.13501181e-01 -3.56205356e+04 1.36984316e+01
 1.25469665e+00 6.85525218e-02 2.69518502e+00 7.98729494e-02 -7.61536616e+03 1.37025000e+01
 9.85924684e-01 1.84557019e-01 -4.48336908e-01 -5.56416702e-01 -2.23544563e+04 1.37012030e+01
 -2.46792009e-02 -7.97481944e-01 -1.21106892e+00 -6.53167557e-01 1.95220578e+04 1.36991872e+01
 -1.87340245e+00 2.82210577e-01 1.92523911e+00 5.50303871e-01 -2.30176924e+02 1.36899288e+01
 1.42736064e+00 -7.34114744e-01 -2.69567076e-01 6.43284695e-02 -1.06922612e+04 1.37066493e+01
 -3.19761762e-01 -1.82415663e-01 -2.63724483e+00 4.79926038e-01 -9.57294569e+02 1.36996499e+01
 9.18667556e-01 2.59907253e-01 -1.41555180e+00 1.12635685e-01 -1.69542687e+04 1.37093821e+01
 8.25425561e-01 2.11185603e+00 -8.08845230e-01 -1.37926842e-01 1.19214268e+04 1.37013904e+01
 -3.74414573e-01 1.84974098e+00 1.60912367e+00 -2.14022635e-01 3.26849212e+04 1.36996102e+01
 5.64325153e-01 3.24198884e-01 -5.71823307e-01 -1.95035598e-01 4.38022215e+04 1.37042170e+01
 -2.84778619e+00 7.73153639e-02 1.22576339e+00 1.11215271e+00 5.60244786e+03 1.36800394e+01
 9.40051129e-01 1.30627537e+00 -6.48512272e-01 5.74483717e-02 2.91997249e+04 1.36950821e+01
 1.29051598e-01 -4.40245389e-01 2.27528877e-01 -1.45939389e-01 2.08076411e+04 1.37043361e+01
 1.23480825e-01 8.80823365e-01 1.81972100e-01 -5.47392603e-01 -1.14632193e+04 1.36987576e+01
 9.26740232e-02 -1.70895444e-01 8.44464941e-01 2.14219971e-01 4.82593649e+03 1.36985496e+01
 1.39543054e+00 -2.36072805e-01 2.22473539e+00 -8.31893570e-01 1.96088802e+04 1.37090791e+01
 -1.80411093e+00 -4.63452398e-01 1.41538993e+00 -3.36446375e-01 1.92650035e+04 1.36930887e+01
 -1.14923770e+00 -3.16912890e-01 -3.24009510e-01 1.48135185e-01 -3.30283978e+04 1.36958189e+01
 -1.07939666e+00 8.74188232e-01 -2.20650788e+00 1.67120958e-01 1.99754485e+04 1.36950514e+01
 7.75361822e-01 -5.84253364e-01 1.42056321e+00 3.07771886e-01 -5.95622288e+04 1.37072226e+01
 1.28595785e+00 6.49199986e-01 -1.12067710e+00 4.12188459e-01 1.17637934e+04 1.37051879e+01
 -8.25814062e-02 2.74778810e-01 -2.50340876e+00 5.35654230e-02 -2.79817597e+04 1.36968676e+01
 -1.13754534e+00 4.03840860e-01 -4.03552582e-01 -2.00133818e-01 -5.35944638e+03 1.36986405e+01
 -1.31307355e+00 9.97493051e-01 -8.66099315e-01 -4.59484748e-02 1.72067597e+04 1.36948504e+01
 1.57242262e-02 -2.88690404e-01 -8.85362929e-03 1.16708584e-01 3.80150488e+03 1.36892012e+01
 1.26355692e+00 1.76702018e-01 -5.41932009e-01 8.45578411e-03 -1.00156150e+04 1.36990134e+01
 2.21386050e-01 4.87800766e-01 -1.86586631e+00 5.73335872e-01 -1.07265321e+04 1.37006714e+01
 -4.25242258e-01 -2.98304167e-01 -1.23080132e+00 -3.68948832e-01 8.25758011e+03 1.36954018e+01
 1.10951670e+00 -8.33711234e-01 1.21095059e-01 -5.66293569e-01 7.17794477e+03 1.37099443e+01
 -1.22867098e+00 -2.53394161e-01 -1.17671133e+00 4.57603828e-01 -1.29941383e+04 1.36881098e+01
 4.53926758e-01 -9.22882640e-03 -2.50471028e-02 5.24364908e-01 -1.08949833e+04 1.37098494e+01
 1.32045938e+00 9.35074716e-03 7.85374544e-01 -4.23656028e-01 2.24084730e+04 1.36910004e+01
 1.25336756e+00 3.51785640e-01 1.06508416e+00 4.47876866e-01 3.07183656e+04 1.37045287e+01
 -7.18993789e-01 -2.92908724e-01 -3.29787388e-01 -7.87387237e-01 -1.42016611e+04 1.36981212e+01
 -1.07383660e+00 -3.11874618e-02 -2.04216975e-01 -5.21269978e-01 1.20052369e+04 1.36966959e+01
 1.42246549e+00 -5.92158065e-02 -1.24573485e+00 4.83671300e-01 -8.88546721e+03 1.36872599e+01
 8.43088093e-02 3.39514709e-01 -3.63494770e-01 -9.93990041e-02 5.41093075e+04 1.37031546e+01
 7.96421797e-01 7.63248270e-01 -2.26970999e-01 -5.69439746e-02 -3.66505741e+04 1.36972483e+01
 4.69238463e-01 3.63888883e-01 -5.83885049e-01 -1.37945077e-01 1.33295047e+04 1.37047688e+01
 -8.04884301e-01 -2.33178392e-01 -6.48016873e-01 1.12246675e-01 -1.04674396e+04 1.36860748e+01
 -2.11430315e-01 -4.21056625e-01 -2.45062423e+00 5.74186253e-01 -2.41165211e+04 1.37076126e+01
 1.27584904e+00 -4.99955233e-01 4.35428290e-01 -1.69051149e-01 4.77117365e+03 1.37033818e+01
 5.57951087e-01 -4.05443690e-01 1.14478656e+00 9.13066633e-01 1.66611848e+04 1.36950044e+01
 1.29402043e+00 4.73186603e-01 6.83548261e-01 8.85033872e-02 -1.94553345e+04 1.37070485e+01
 -2.23609811e+00 -8.04648112e-01 -2.04260755e+00 -6.49818801e-01 1.23395206e+03 1.36927336e+01
 8.35944228e-01 -3.69609067e-01 -1.62601313e-01 4.66041287e-01 1.21996019e+04 1.36945427e+01
 1.10009225e+00 1.22990449e-01 2.01043127e+00 6.29375476e-01 -1.46992265e+04 1.37047453e+01
 -1.09044391e+00 2.22756381e-01 8.52946341e-01 6.06346281e-01 1.44817463e+04 1.37034362e+01
 1.11115544e+00 -1.60863406e-01 -1.66384581e-01 1.77604093e-01 -6.97222041e+03 1.37066798e+01
 1.33523709e-01 1.42009419e-01 -1.61506413e-01 7.67969344e-01 -2.96393549e+03 1.36979171e+01
 1.24382201e+00 -6.60529898e-01 -1.32030324e+00 1.91872126e-01 1.38375889e+04 1.37125060e+01
 -1.26090995e-01 4.47025749e-01 -1.98410143e+00 -4.82217850e-01 6.30706506e+03 1.37021191e+01
 -1.11533472e+00 5.62244622e-01 -1.74887864e+00 -2.46520404e-01 -2.54138202e+04 1.36946982e+01
 4.69225983e-01 -2.48015403e-01 1.66077232e+00 4.87094521e-01 -1.01802240e+04 1.36964404e+01
 1.95890312e+00 2.91804349e-01 -1.61930283e+00 8.34815880e-02 -1.25295336e+04 1.36999632e+01
 -1.72076368e+00 -3.61418413e-01 8.45047979e-01 -2.36471098e-01 4.54799922e+03 1.36944258e+01
 -1.28643492e+00 2.78576740e-01 1.62197404e+00 6.02641103e-01 2.18553320e+04 1.37038378e+01
 3.73081918e-01 5.84757158e-01 9.75636111e-01 -3.37595409e-01 -8.18635921e+03 1.37031479e+01
 4.13209104e-02 -3.58495206e-01 1.57678929e-02 -3.57206868e-01 -2.96251635e+04 1.37043422e+01
 1.22696661e+00 -1.77057889e-01 1.36951017e+00 9.66326507e-02 -3.68661793e+04 1.37021522e+01
 -2.28860997e-01 -5.55880774e-01 1.49278265e+00 -5.00254468e-01 7.35063628e+03 1.37096216e+01
 9.65983187e-01 5.90015663e-01 3.48160069e-01 -4.15280859e-01 -3.14990313e+04 1.37046217e+01
 5.04658037e-01 -3.97523262e-01 5.21664407e-01 -3.61992665e-01 7.77782075e+03 1.37087487e+01
 -1.39741969e+00 1.33821951e-01 -2.19019135e-01 -4.51659213e-01 3.56266435e+04 1.36938447e+01
 -4.09631258e-02 -1.37333758e+00 -1.15616255e+00 1.07763173e+00 -1.94892055e+04 1.36927692e+01
 2.81490121e-01 2.53750043e-01 1.20254260e+00 -3.28085252e-01 -2.60541439e+04 1.36975007e+01
 -8.51923017e-02 -2.50693549e-01 -6.01845180e-01 1.98122184e-01 1.79964480e+04 1.36984776e+01
 1.91189400e+00 2.67580786e-01 1.82998240e-01 2.19642448e-01 -3.24732911e+04 1.37098069e+01
 1.23174537e-01 6.02652175e-01 4.12230476e-01 -5.42566880e-01 1.83886465e+04 1.37023039e+01
 -1.14159848e+00 -3.14754092e-01 3.08879385e-01 4.34513488e-02 -9.43267394e+03 1.36937246e+01
 -1.94079100e+00 3.17619716e-01 1.84177633e-01 -2.31513628e-01 -2.08238607e+03 1.36954993e+01
 6.98242025e-01 -1.57214190e-01 -1.60881992e+00 8.83618827e-02 4.51683000e+04 1.36971506e+01
 8.81668678e-02 1.72418507e-01 6.60187326e-01 -4.51332144e-01 -4.22323230e+04 1.37037680e+01
 2.05671524e+00 8.97295778e-01 1.11880521e-01 7.04943703e-01 -8.09282531e+03 1.37063178e+01
 -9.66797582e-02 -2.18769852e-02 8.99256385e-01 -2.61626775e-01 2.84345545e+04 1.37071608e+01
 8.27722217e-01 1.39173955e-01 -1.85326472e+00 -8.97641149e-01 1.29791199e+04 1.37063164e+01
 -2.45381873e+00 2.76922103e-01 3.84920602e-01 -8.05802461e-02 4.57035412e+03 1.36823411e+01
 8.38090514e-01 -1.04550378e-01 -2.36039597e-01 -1.55667205e-01 8.04303307e+03 1.36853876e+01
 -6.32704221e-01 4.22365447e-01 -7.20140806e-01 -1.38040841e-01 4.36607477e+03 1.37021640e+01
 1.44222614e+00 -3.80099865e-01 -7.77295213e-02 5.15878080e-01 1.11132110e+04 1.37036586e+01
 -2.75295992e-01 1.96057111e-01 5.87265542e-01 1.96442635e-01 6.63185580e+03 1.37004753e+01
 2.73427273e-01 1.99390614e-01 -3.58563294e+00 -6.23570918e-01 5.03066081e+03 1.36900780e+01
 -1.19327297e+00 2.16027474e-01 -4.69501396e-01 -3.62626720e-01 -9.18460530e+03 1.36929704e+01
 -8.30784463e-01 -2.42396543e-01 1.97351465e+00 7.52687998e-01 -2.05472423e+04 1.36937152e+01
 -1.15208716e+00 4.21607203e-02 -1.78673145e+00 6.17058374e-01 5.29973035e+03 1.36990300e+01
 -3.20777813e-01 6.31102935e-01 -1.39478804e-01 7.27963962e-01 -1.03424542e+04 1.37029922e+01
 -2.98614422e-01 6.17828973e-01 1.10747647e+00 -2.30690505e-01 3.56488787e+04 1.36991895e+01
 4.78478496e-01 8.89209967e-01 4.21415759e-01 -9.15604032e-01 -8.41879351e+03 1.37004910e+01
 2.51464659e+00 4.61841748e-01 -5.85568362e-02 5.79119808e-01 1.52544307e+04 1.36958947e+01
 -1.71550529e+00 -1.04643961e-01 5.96916516e-01 2.72110405e-01 -3.09735312e+04 1.36978483e+01
 1.27261607e-01 -2.43524573e-01 -7.58518824e-01 3.20336753e-01 -5.88740513e+04 1.37012829e+01
 -5.01057906e-01 -5.63881853e-01 -3.54363219e-02 -4.28595223e-01 4.94697347e+03 1.36911133e+01
 1.31226986e+00 3.58494068e-01 -4.39259368e-01 -3.05744268e-01 4.94345660e+04 1.36995264e+01
 1.26719372e+00 4.63377876e-01 -3.85564888e-01 3.38177682e-01 1.20447556e+04 1.37108744e+01
 6.08922287e-01 7.65914048e-01 5.20403086e-01 1.28850262e+00 -1.48069332e+04 1.37055804e+01
 4.63933584e-01 4.01257537e-01 3.28883276e-01 -1.51776886e-01 -3.56897794e+03 1.37025692e+01
 -1.45360067e+00 -2.03999778e-02 4.81040148e-02 4.39631418e-01 1.23889724e+04 1.36931058e+01
 -6.53959341e-01 1.99138973e-01 -6.66843297e-01 -1.31623264e-03 4.01919399e+03 1.37009176e+01
 6.62118857e-01 -2.21598574e-01 -1.20858668e+00 -5.45119427e-01 1.14038894e+04 1.37055376e+01
 -2.22259092e+00 -8.19744670e-01 1.90167238e+00 -4.42798724e-01 4.29346132e+04 1.36932891e+01
 -9.22980517e-01 -6.36564515e-01 3.07245634e+00 2.93817479e-02 -1.58897775e+04 1.36966752e+01
 5.55293449e-01 -6.49280934e-02 2.92824696e-01 -5.93268021e-01 2.95698846e+04 1.37034191e+01
 -7.69919305e-01 -7.26120992e-01 -1.33900794e+00 6.04727587e-02 -6.36708452e+03 1.36939323e+01
 1.27531804e+00 -1.19830295e-01 -5.46624230e-02 3.79603810e-01 -2.50553274e+04 1.36979446e+01
 7.19581748e-01 3.17743293e-01 -1.62544771e+00 -5.67388186e-01 1.89042828e+04 1.36986757e+01
 2.40287323e-01 -4.99016172e-01 -8.91952595e-01 -6.40740625e-01 1.97410733e+03 1.36960470e+01
 3.59854413e-01 2.50206490e-01 1.70900929e+00 -9.82883474e-02 8.77930069e+03 1.37063993e+01
 1.07700158e+00 2.72125019e-01 1.63837994e+00 2.75168937e-02 5.37117428e+03 1.37012349e+01
 6.48965724e-01 6.69912756e-01 6.14943410e-01 -7.31047296e-01 -4.89695987e+04 1.36968859e+01
 -2.45504592e+00 -3.63580456e-02 -1.69582381e+00 2.02047290e-01 7.97270583e+03 1.36927100e+01
 -2.55591548e-01 -6.88212324e-01 9.83586466e-01 3.58760173e-01 6.17288746e+03 1.37067959e+01
 3.94391918e-01 9.07432043e-01 3.76043061e-02 -7.03843760e-01 -1.56305934e+04 1.36999859e+01
 2.65679407e-01 1.72333627e-01 -1.33434221e+00 -3.12343117e-01 -2.01797436e+02 1.37132262e+01
 4.49559139e-02 -8.82258232e-02 3.28970566e-01 1.08839383e-01 -2.53446599e+03 1.37085466e+01
 -6.34812849e-01 4.82640642e-01 -9.08677395e-02 -4.28249933e-01 6.24856179e+04 1.37049593e+01
 1.36781111e+00 -1.26934557e-01 8.92069298e-01 -3.93453376e-01 -2.58354552e+03 1.36982034e+01
 3.52937830e-01 -1.49327765e-01 6.35676975e-01 -4.34231863e-01 -4.19753070e+03 1.37022911e+01
 1.57445993e+00 1.02357583e+00 1.49683056e+00 -2.60078636e-01 -2.34645565e+04 1.37026465e+01
 7.57730643e-01 -1.29689448e-01 -6.34028124e-01 -1.58531085e-01 3.59532234e+04 1.37063812e+01
 8.95510903e-01 1.29120472e-01 4.07519165e-01 -1.51545113e-01 -3.29799020e+04 1.36958918e+01
 3.11275610e-01 5.31892213e-01 4.36125159e-01 -8.93877321e-02 1.26246131e+04 1.37030368e+01
 1.21542978e+00 1.78950099e-01 6.85417256e-01 3.08264816e-01 -1.89723857e+04 1.37103137e+01
 -2.20573246e-01 -1.46222527e+00 1.86650597e+00 3.00002496e-01 6.53488804e+03 1.37017116e+01
 -1.42574828e+00 2.00431295e-02 2.43802372e-01 5.75271243e-01 1.40850217e+04 1.36975612e+01
 1.42763350e+00 4.99421607e-01 7.69174214e-02 3.35542146e-01 1.93851029e+04 1.37208390e+01
 6.41288971e-01 -6.00326890e-01 2.28191026e-01 -8.40732618e-02 2.18016585e+03 1.36967265e+01
 -5.71876358e-02 2.76220832e-01 1.15546714e+00 5.34328614e-01 9.86528452e+03 1.36852462e+01
 1.24145626e+00 5.15513134e-01 4.60092070e-01 5.46794125e-01 1.37640813e+04 1.37109473e+01
 -1.88053981e-01 8.27548802e-02 -3.48245326e-01 2.69960569e-01 7.16292098e+03 1.36930385e+01
 8.87908397e-01 1.98741195e-01 -1.05180605e+00 1.60477237e-03 -8.49964086e+03 1.37010092e+01
 1.36694481e+00 -6.98156915e-01 -5.14511332e-01 -7.79064820e-02 3.79094968e+04 1.37053525e+01
 5.22908414e-01 -5.21353871e-01 1.08357310e+00 -3.40529907e-01 1.35458633e+04 1.36975749e+01
 -1.27620073e+00 -1.06595910e+00 -1.10816956e-01 -5.97908413e-01 3.98662207e+04 1.36859657e+01
 1.20422896e+00 3.87792013e-01 1.68286288e+00 -4.07490365e-02 8.55962124e+03 1.37065282e+01
 -6.57187520e-01 -1.98213956e-01 5.42793207e-01 -2.01781219e-01 -1.27616605e+04 1.36955912e+01
 2.01652508e+00 1.01196600e+00 -1.61190695e+00 -2.11163292e-01 3.50752360e+04 1.37199919e+01
 -7.03341153e-01 4.33999189e-01 -6.31190879e-02 -1.70650062e-01 1.60798144e+04 1.36996600e+01
 2.35360560e+00 3.40035886e-01 2.30822679e-01 1.38717089e-01 5.27256848e+04 1.37053469e+01
 5.66668065e-01 3.04109042e-02 1.61286517e+00 2.55656255e-01 -1.52579021e+04 1.37034905e+01
 -2.02264062e+00 4.18810109e-01 -4.31897448e-01 1.82126518e-01 -4.80775822e+04 1.36783172e+01
 -5.64408540e-01 -5.86618188e-01 -3.04511911e-01 -1.05017912e-01 -4.77686693e+03 1.37097246e+01
 1.61349629e+00 -3.88699402e-01 1.34324626e-01 -2.24331805e-01 -7.47568596e+03 1.36981827e+01
 -7.00536635e-01 4.67185241e-01 6.08197760e-01 -5.98081139e-01 2.80691127e+04 1.36896124e+01
 -7.24779134e-01 -1.62841598e-01 -1.78787445e+00 -2.65010959e-01 1.84370811e+04 1.37095078e+01
 -1.38897429e+00 4.20951243e-01 1.32454361e+00 1.54338772e-01 -1.41421690e+04 1.36934392e+01
 7.26801258e-01 4.03412205e-01 -3.09870433e-01 -3.34646108e-02 -1.62300800e+04 1.37072695e+01
 -1.55843357e+00 -3.13073265e-01 1.69535314e+00 -3.81577940e-03 -9.38173177e+03 1.37039298e+01
 -2.14283486e+00 -5.66313586e-01 1.29090400e+00 -2.82780916e-01 1.57618863e+04 1.36886502e+01
 -4.03884721e-02 -6.55174995e-01 7.79166912e-01 4.52775662e-01 2.94556917e+04 1.37005592e+01
 1.99554405e+00 -1.42873207e-01 1.58941131e-01 2.92989663e-01 1.25806296e+04 1.37156929e+01
 -1.20439787e+00 8.32481540e-01 1.34695263e+00 -3.08471087e-01 1.47059143e+04 1.36905203e+01
 -4.50846692e-01 3.56998432e-01 -2.10153151e-01 7.76055287e-01 3.56436055e+04 1.37005573e+01
 -1.24092148e+00 -1.36156129e-01 1.76398993e-01 -1.91005142e-01 3.04308725e+03 1.36963761e+01
 -3.00998749e-01 4.30230796e-01 -5.15076796e-01 -4.48687646e-01 -3.29017258e+04 1.36997851e+01
 -3.70609362e-01 4.91337943e-01 1.28496011e+00 -1.84976876e-01 -1.66108166e+04 1.37059651e+01
 -5.74823742e-02 -1.80541897e-01 -6.31520378e-01 9.23305946e-02 2.03825769e+04 1.37023557e+01
 2.98225097e-02 8.24105757e-02 -1.36569951e+00 1.00112842e-01 -1.52137985e+04 1.36993097e+01
 6.60323386e-01 -5.63375145e-01 -6.71244659e-02 2.24827816e-01 2.28232189e+03 1.37039995e+01
 -1.09768541e-02 -1.50315986e-01 -3.24593159e-01 -5.68413726e-01 1.08169165e+04 1.36958282e+01
 -9.69932235e-01 -3.01373549e-01 1.69115693e+00 1.33814416e-01 -8.82548493e+03 1.36989670e+01
 1.26581844e+00 5.40191901e-01 5.56081782e-01 -4.83556727e-01 1.69684952e+04 1.37097617e+01
 -5.50714426e-01 -5.48668074e-01 3.43361973e-02 -2.30991705e-01 -1.25663657e+04 1.36920726e+01
 -1.04679733e+00 -1.18885176e-01 -5.81525121e-01 1.38706849e-01 4.51898311e+03 1.37023828e+01
 -1.44685135e+00 -4.19601950e-01 7.03121297e-01 -2.10355294e-01 -4.86726203e+03 1.37018935e+01
 -2.75473245e+00 4.44918749e-01 1.64170267e+00 2.05505250e-01 -1.35918615e+04 1.36942106e+01
 -6.34601485e-01 -1.98670636e-01 -4.34103300e-01 -1.27158662e-01 3.28231689e+04 1.36923018e+01
 2.61689332e-01 -2.73599742e-01 2.83117595e-01 8.21864951e-02 1.34004171e+03 1.36938654e+01
 6.22903547e-01 6.18852796e-02 -7.98276651e-01 1.62798850e-01 4.27043355e+03 1.37091639e+01
 7.60597164e-01 -3.28062489e-01 -3.96095694e-01 -3.54961359e-01 -4.12897056e+04 1.37006589e+01
 -2.19816976e-01 4.87010024e-01 6.65154191e-01 9.02743716e-02 2.53350254e+04 1.36965336e+01
 -1.67114787e+00 1.95755960e-02 2.33455809e-01 2.48986913e-01 3.82434082e+03 1.36863456e+01
 5.20876089e-01 -1.67864297e-01 6.76795869e-01 1.19958739e-01 1.72373882e+04 1.37000799e+01
 -2.37374338e-01 1.76834174e-01 -7.34667322e-01 6.29686842e-01 -3.48996869e+04 1.37013072e+01
 3.25830191e-01 3.99424763e-01 1.20163279e+00 4.08105698e-01 1.85293925e+03 1.36977791e+01
 1.34147083e-01 -1.40136434e-01 -1.01597207e+00 7.64339598e-02 -3.10995679e+04 1.36917223e+01
 1.25196192e+00 1.28619332e-01 -8.32424222e-01 -4.31529205e-03 -1.30273451e+04 1.36970811e+01
 -5.85617075e-01 6.52134279e-01 -1.59112551e+00 -2.03000686e-01 3.48377179e+04 1.36965828e+01
 -7.08037987e-01 5.46672953e-01 -1.34634642e+00 -8.88597531e-01 4.32679127e+03 1.36946739e+01
 -9.62809417e-02 -1.54941617e-01 -1.01130341e+00 3.52761427e-01 -1.75130891e+04 1.37043501e+01
 -1.72203656e+00 -2.26194452e-01 -3.71576846e-01 1.62083701e-01 -1.36188761e+04 1.36994891e+01
 -1.05557920e+00 -3.33182720e-01 -3.99861619e-01 -6.81889477e-01 2.08928503e+04 1.36879510e+01
 1.83235247e+00 -5.47177953e-01 -2.13260930e-01 1.22755839e-01 2.09872168e+04 1.37051216e+01
 -2.58099868e+00 3.45430491e-01 -1.16027284e+00 1.74517186e-01 -4.09054394e+03 1.36930256e+01
 1.93500122e-01 1.44587777e-01 -6.80146810e-01 -8.23306083e-02 -3.32683069e+03 1.36893702e+01
 -4.82511417e-01 1.98878463e-01 -9.35696258e-03 -3.70798587e-02 1.10551277e+04 1.37081414e+01
 -2.13640329e+00 4.06688635e-01 7.21926162e-02 -3.27511387e-01 -1.76270658e+04 1.36999592e+01
 -1.33411739e-02 -7.56642280e-01 -5.80062221e-01 1.14641325e-01 1.75170211e+03 1.37048837e+01
 -4.18144510e-01 3.44853676e-02 9.25071595e-01 -5.58606262e-02 -2.51244098e+04 1.37010391e+01
 -2.07206504e+00 2.48600423e-01 1.35161979e+00 -8.93570872e-02 -8.11036740e+03 1.37053281e+01
 1.00004152e+00 6.03019000e-01 -4.50688927e-01 1.31547980e-01 -8.75911595e+03 1.37058776e+01
 -2.66705612e+00 6.51759409e-01 1.04475475e+00 4.86315487e-02 2.54646292e+03 1.36972912e+01
 -1.09323454e+00 2.45299588e-01 -1.33188738e-01 -7.23565346e-01 -1.61150001e+04 1.37023023e+01
 -1.17435920e+00 1.15421833e-01 2.37867491e+00 2.00751024e-01 4.96839467e+03 1.36957753e+01
 1.58015796e+00 -9.79458040e-01 -2.78032432e+00 2.79927481e-01 1.25149110e+04 1.37083037e+01
 2.31249321e-01 -5.40155383e-01 1.69627859e+00 6.97541376e-01 -3.84190493e+04 1.36939037e+01
 1.25090963e-01 3.09877622e-01 -2.38634299e+00 -7.75891601e-01 8.26956476e+03 1.37001940e+01
 -2.34821165e+00 -5.43803110e-01 8.42957789e-02 -5.39113983e-01 -3.00769795e+04 1.36941756e+01
 3.94094695e-01 -9.93474618e-01 3.37736114e-01 2.90828377e-01 -2.39720526e+03 1.36962742e+01
 9.97215277e-01 -5.73229854e-01 6.07307634e-01 3.06058250e-01 1.77302275e+04 1.36993943e+01
 6.65607243e-01 3.51775153e-01 -5.30566896e-01 -5.13347894e-02 -2.04069266e+04 1.37022238e+01
 -1.77068654e-01 2.90551334e-01 8.37420615e-01 4.38123499e-01 -2.74902275e+04 1.36886956e+01
 3.25576480e-01 -3.35677679e-01 -5.10913770e-01 1.45639877e-01 2.47914742e+03 1.37086292e+01
 7.56003857e-01 -3.15252930e-02 6.01001715e-01 2.24621791e-01 -7.29999817e+03 1.36918900e+01
 -5.52060546e-01 1.01657006e+00 5.24691686e-03 7.41460450e-01 1.88811440e+04 1.36953688e+01
 -5.99841861e-01 1.02376060e+00 3.07169613e-01 -8.04597245e-01 -1.35956838e+04 1.36968165e+01
 5.99458505e-01 -4.57498742e-01 3.85337645e-01 3.08324911e-01 8.66701501e+03 1.37058861e+01
 9.11632022e-01 5.92217783e-01 -1.75020181e+00 -3.03296320e-01 -3.52544140e+03 1.37101432e+01
 7.17618807e-01 -4.91745398e-01 5.89262606e-01 -5.05246920e-01 -8.63766951e+03 1.37004033e+01
 -6.63982261e-01 -5.99251822e-01 -2.77821022e+00 -5.29168888e-01 -1.43674522e+04 1.36906535e+01
 8.76302442e-01 -7.11398249e-01 -5.31713394e-01 -5.30709043e-01 1.97673150e+04 1.36989444e+01
 -1.38880400e+00 3.12272108e-01 -1.17754634e+00 1.15836245e-01 -1.69860577e+04 1.36864822e+01
 -1.14160241e-01 1.73340541e-01 -8.22264783e-01 -4.64901368e-01 4.47163165e+04 1.36967171e+01
 -9.95926273e-01 8.72728288e-01 -5.20776759e-01 7.74615462e-01 -8.83006532e+03 1.37056686e+01
 -2.32870829e-01 -6.59955745e-01 -5.17798155e-01 1.37373465e-01 -5.63484101e+02 1.37036510e+01
 1.12380558e+00 -3.25245729e-01 7.27117102e-02 5.86074524e-01 8.39083253e+03 1.36981254e+01
 9.27840596e-01 3.07658205e-01 4.03206611e-01 -4.47198708e-01 -2.18985487e+04 1.37012124e+01
 5.23555632e-01 1.34229995e-02 -1.36205903e+00 -5.00391767e-02 -1.82841351e+04 1.36947902e+01
 1.43575941e+00 7.90483941e-01 -2.00756942e-01 -2.12390751e-01 -3.07753776e+04 1.37104912e+01
 -1.69331181e+00 -2.64875431e-01 2.25322574e-01 1.69566927e-01 -1.23196086e+04 1.36969656e+01
 -1.22030385e-01 1.25407952e+00 2.07830914e+00 5.81675276e-01 -8.63201693e+03 1.37024110e+01
 2.32228964e-01 -6.49441957e-02 1.66964039e+00 -5.15737771e-01 -3.85334532e+03 1.37040272e+01
 -1.43882591e+00 4.87017617e-01 9.88039075e-01 -2.92242327e-01 3.65020581e+03 1.36983140e+01
 9.43515802e-01 -3.21109080e-01 -1.09579565e+00 1.23288546e-01 2.23593603e+04 1.36917709e+01
 1.58486351e+00 -5.43467308e-01 -4.04497804e-01 3.81418665e-01 -3.71359622e+03 1.37060570e+01
 -1.54352766e+00 -1.03930988e+00 -2.99484470e+00 3.58904666e-01 -1.19563078e+04 1.36914926e+01
 -2.50237042e-01 -1.47077903e-01 4.31584028e-01 -4.47028467e-01 -9.16580771e+03 1.36957464e+01
 1.43337208e+00 6.82233397e-01 -6.51452245e-01 2.40237156e-01 8.87753244e+03 1.37042144e+01
 1.65288515e+00 -9.07788957e-01 1.65081434e+00 -2.52613623e-01 9.77906709e+03 1.37052099e+01
 3.58539236e-01 -9.27012374e-01 -1.19072132e+00 3.59028176e-01 2.20324717e+04 1.37028330e+01
 -1.29141423e+00 2.08680245e-01 -1.49786230e+00 -6.36029016e-01 -2.37938413e+04 1.36918857e+01
 5.66551195e-01 1.76325460e-01 -3.33684391e-01 -1.11799662e+00 2.01375767e+04 1.36984477e+01
 -3.03581928e+00 -2.59092603e-01 -2.05317905e-01 -1.95620407e-01 -2.58442547e+04 1.36844846e+01
 -2.44628723e-01 2.22591418e-02 7.86066081e-01 2.59465820e-01 -6.38076512e+02 1.36956889e+01
 6.87781753e-01 -3.88602858e-01 -2.19123453e+00 -2.42388682e-01 -1.18733448e+04 1.36976304e+01
 7.87921817e-01 4.83182573e-01 -1.11410343e+00 4.29279811e-01 1.49219275e+04 1.36985795e+01
 8.22011240e-01 -1.18871677e-01 7.63888388e-01 1.10737859e-01 1.09965317e+04 1.37023239e+01
 5.74582007e-01 3.51110464e-01 2.10825873e+00 -3.01421893e-01 -1.06182113e+04 1.37075470e+01
 -1.18600646e+00 5.23758577e-01 -6.77721105e-01 5.13825174e-01 3.58766046e+03 1.36874885e+01
 2.41112038e+00 -1.20599775e-01 9.06791337e-01 -9.89422883e-01 2.14307095e+04 1.36999152e+01
 -9.86893490e-01 -2.54992395e-01 -7.49659975e-01 -5.31557987e-01 9.52893635e+03 1.36961577e+01
 -1.40034720e+00 -6.64709360e-01 -8.34784216e-01 1.45994947e-01 2.50895936e+04 1.36876580e+01
 4.83379866e-02 -5.38969889e-01 -9.04936018e-01 -1.02557740e-01 -9.75385129e+03 1.36936093e+01
 -1.35805845e-01 -3.21189888e-01 -2.88743073e-01 -2.80390845e-01 1.61857597e+04 1.37001044e+01
 -5.14807149e-01 1.52187226e+00 1.21392659e-01 -6.53061053e-01 -8.57333178e+03 1.36969282e+01
 -6.98249117e-01 -1.06330029e-01 -3.84019001e-01 -1.70122453e-01 1.04362569e+04 1.37070937e+01
 7.77833989e-01 6.81281887e-01 -3.04475250e-01 1.79405017e-01 -2.44287144e+04 1.37092524e+01
 1.36892280e-01 3.42906906e-01 1.53707629e-01 5.62489504e-01 1.67167423e+04 1.36990654e+01
 -2.12418675e-01 -3.61519487e-01 1.93975167e+00 6.98801297e-01 -1.11071817e+03 1.37011094e+01
 -5.75006639e-01 2.13432006e-01 9.18108737e-01 -3.80926789e-01 1.62409665e+04 1.36983285e+01
 -1.32190449e-01 1.50624834e-01 1.62312373e-01 -3.36533423e-01 -2.15803377e+04 1.37063909e+01
 -3.00327401e-01 -2.99672834e-01 -1.42094809e+00 9.12470136e-02 2.26296968e+04 1.36945202e+01
 1.30841962e+00 2.47959220e-01 -3.31298757e-01 -2.49852677e-01 4.13079422e+03 1.37152056e+01
 -4.56958407e-01 1.05287150e+00 -6.96956642e-01 -4.95800987e-01 -1.82993304e+04 1.36942027e+01
 1.40339798e+00 7.99657263e-02 1.29444388e+00 3.97207463e-02 -2.78793955e+04 1.37058459e+01
 -1.32907779e+00 6.05407750e-02 -7.17420651e-03 -5.76211725e-01 -1.67003824e+04 1.36986546e+01
 1.54422672e+00 -8.45535473e-01 8.86688673e-01 5.39976488e-01 1.91864280e+04 1.37007955e+01
 -1.36985496e+00 1.21034084e-01 1.32083051e+00 -5.91555235e-01 -3.30462958e+03 1.36924659e+01
 1.96170032e-01 -2.97974925e-01 -2.49831996e+00 2.27026312e-01 1.64571344e+04 1.37107197e+01
 -6.43736351e-01 -7.70180163e-01 -1.31166289e+00 2.33423137e-01 2.58399753e+04 1.36975398e+01
 1.42034802e+00 -8.86197244e-01 -2.55511291e+00 -2.39446265e-01 -4.55246006e+03 1.36995961e+01
 1.45676033e+00 1.54467856e-01 9.97779987e-01 -3.70520155e-01 -2.66460690e+04 1.37023166e+01
 -1.08885847e+00 7.73260476e-01 2.23188704e-01 -5.11883510e-01 -2.58851463e+03 1.36979305e+01
 -8.08280927e-02 -2.13515724e-01 5.53328147e-01 2.18327164e-01 1.17965097e+04 1.37025573e+01
 1.57589884e+00 4.14464184e-01 -7.29378066e-01 -1.83235052e-01 -1.18082473e+04 1.37133396e+01
 5.51076431e-01 -4.23081950e-01 1.56358831e+00 -3.73857811e-01 6.12204344e+03 1.36982503e+01
 -1.35337116e+00 2.09654087e-01 1.01512140e+00 8.01898391e-01 -1.48704860e+04 1.36963808e+01
 -1.52069504e+00 4.38841479e-01 -2.13762211e-01 4.80708471e-01 1.18742289e+04 1.37054063e+01
 -4.03629632e-01 -2.67665800e-01 3.76583274e-01 -4.64627151e-01 1.02545095e+04 1.37073308e+01
 -1.93779706e-01 -4.06399928e-01 -2.37044631e+00 -3.10917456e-01 5.62860500e+02 1.37021024e+01
 1.04785353e+00 7.13733492e-01 -7.54788474e-02 1.55270633e-01 2.68173805e+03 1.37019793e+01
 6.30269549e-01 -1.84680007e-01 4.81347411e-01 8.94935349e-02 1.80014182e+03 1.37108585e+01
 -2.12733309e-01 -4.15701180e-02 -1.35820908e+00 3.21733345e-01 -8.47958508e+03 1.37101234e+01
 -7.07522382e-01 -7.55600680e-01 1.27548626e+00 -1.61273705e-01 -2.02437486e+04 1.37037824e+01
 -5.64524407e-01 -5.63059409e-01 -8.53306584e-01 -6.11285018e-01 -1.64427230e+04 1.36952101e+01
 9.02236508e-03 -7.69432595e-01 7.56556331e-01 1.42469351e-01 -1.49398394e+03 1.37112964e+01
 -2.36683891e+00 -4.57377646e-01 9.40475122e-01 3.07554384e-01 2.05928071e+04 1.36922159e+01
 2.20574006e+00 2.31084825e-01 -1.24171615e+00 1.48131357e-01 1.98700360e+04 1.36938057e+01
 2.63011195e-01 4.50448651e-01 4.09408586e-01 6.81062358e-01 1.71798963e+04 1.36999851e+01
 -1.12673960e+00 5.15492373e-01 -3.32193925e-02 -5.86028471e-01 -2.36557465e+04 1.37086598e+01
 1.07601005e+00 -5.38568713e-01 -2.05349090e+00 6.30346460e-02 -1.15006543e+04 1.37089212e+01
 -1.47934750e+00 -4.71744478e-01 1.52731061e-01 1.58787333e-01 -2.85203907e+03 1.37021425e+01
 -5.37089717e-01 -5.22639907e-01 -9.31807940e-01 4.02960243e-01 7.29277603e+03 1.36906529e+01
 3.55764276e-02 -9.89891437e-01 7.70633574e-01 4.40613192e-01 -8.39901291e+03 1.36933788e+01
 -1.06855572e+00 -3.68551737e-02 1.51936063e+00 -3.24679969e-02 7.34044500e+03 1.36971018e+01
 1.32134292e+00 8.34437445e-02 5.31891133e-01 -6.10652686e-01 -1.49155471e+04 1.37025289e+01
 1.17350110e+00 4.78527373e-01 2.16801250e+00 -4.91788139e-01 2.17245875e+04 1.37019745e+01
 -1.58906135e-01 6.83880380e-01 -2.22829128e-01 -1.20223114e+00 1.49223995e+04 1.36902356e+01
 -8.69131625e-01 2.03761330e-01 2.00398024e-01 1.16290407e+00 -4.17457065e+03 1.37082787e+01
 -1.90955276e+00 2.27705813e-01 1.61195765e+00 7.88894904e-02 1.11775934e+04 1.36821096e+01
 -2.03773532e+00 -2.83392449e-02 -6.18542217e-01 -6.17115201e-01 4.54799453e+03 1.36968459e+01
 -3.97021734e-01 1.24079120e+00 1.50695784e+00 -4.42317588e-02 3.17952001e+04 1.36946880e+01
 1.77790692e-01 -3.90112275e-02 -2.10429052e+00 1.36922314e-02 1.15239141e+04 1.36976049e+01
 -2.21185109e+00 2.85790309e-01 1.18964035e+00 6.88613133e-01 1.11998793e+04 1.36977347e+01
 2.76568615e+00 -7.43887084e-01 4.00453153e-02 -4.35921306e-01 -4.70935898e+03 1.37013905e+01
 6.98300888e-01 5.84383757e-01 2.39776305e-01 3.15522898e-01 -5.83557683e+04 1.37004859e+01
 -2.48367365e-01 -1.02404807e+00 -3.38771252e-01 -4.50569221e-01 2.26401218e+04 1.37012793e+01
 1.81612550e-01 7.99341612e-01 1.03238927e+00 7.40105371e-01 -2.62719062e+04 1.36971985e+01
 -1.27790326e+00 -5.23506719e-02 7.01969766e-02 -2.66611072e-01 -1.12385103e+04 1.37021208e+01
 -6.21288474e-01 -1.28720701e+00 6.09268172e-01 -1.57110288e-01 1.36556882e+04 1.36972336e+01
 -1.68621490e+00 5.58603119e-01 -1.40531567e+00 5.38385341e-01 -3.89061479e+03 1.36904244e+01
 6.93049640e-01 2.96974625e-01 9.67322309e-01 4.05213757e-01 5.10544402e+03 1.37070162e+01
 1.46548423e-01 2.29130209e-01 6.23415727e-01 5.74148258e-01 1.44439470e+04 1.36994099e+01
 -1.85051281e+00 3.86159453e-01 8.21900031e-02 -4.40412925e-01 1.64068731e+04 1.36946096e+01
 2.61272426e+00 -2.38922790e-01 -1.05676382e+00 -1.60918977e-02 -1.16871293e+04 1.37089967e+01
 -6.94441522e-02 3.37739684e-02 -7.48031320e-01 -3.36893965e-01 1.92074064e+04 1.37055405e+01
 2.59181050e-01 1.37914178e-01 -8.61156465e-01 -5.03809150e-01 1.40979178e+03 1.37089627e+01
 1.11556070e+00 1.86767029e-01 1.33196712e+00 4.12705202e-01 -3.27161203e+04 1.37035428e+01
 9.63939202e-01 5.53922904e-01 3.91417524e-01 -4.63442546e-01 2.37937315e+04 1.37067951e+01
 9.56495295e-01 -3.58196346e-01 -1.37884656e+00 -2.31486943e-01 8.58509993e+03 1.36971406e+01
 -2.68068767e-01 -1.90199319e-01 -6.14233958e-01 6.95766824e-01 -9.69415320e+03 1.37028069e+01
 2.01333928e-01 1.37717001e-01 -2.34767163e+00 -3.62413118e-01 -2.09448223e+03 1.37041045e+01
 2.53909396e+00 7.78332046e-02 -1.53312526e+00 -5.57283865e-02 -2.94124341e+03 1.37131460e+01
 -1.43510404e-01 -4.56957713e-01 -2.93819727e-01 4.86626025e-01 -2.98103566e+04 1.36942142e+01
 1.99396908e+00 7.29522657e-01 -1.46169059e+00 -4.33571620e-01 -3.98418359e+04 1.37091650e+01
 2.90850192e-01 1.33226395e-02 1.19289535e+00 -4.39629255e-01 -4.53265234e+04 1.37017061e+01
 -3.11644626e-01 -2.17012687e-01 -1.29127297e+00 1.41433340e-01 1.13946509e+04 1.36930094e+01
 -1.88050960e+00 -1.20371185e-02 2.55777837e+00 -2.43393926e-02 -1.86948377e+03 1.37084208e+01
 -1.15524821e-01 2.08117018e-01 1.38996879e+00 4.01719789e-01 5.78499123e+03 1.37028313e+01
 1.00247210e+00 -6.08763340e-02 -1.10556745e+00 -8.20163220e-01 -6.62192695e+03 1.36982256e+01
 -7.91146753e-01 -8.64490501e-03 -1.11720233e+00 1.68593067e-01 1.67385000e+04 1.37006100e+01
 1.52632245e+00 -5.23256173e-02 -1.62975773e-02 -2.32712965e-01 -3.34204826e+03 1.37139947e+01
 7.61669807e-01 1.46712140e-01 1.36239325e+00 5.01297287e-01 -2.10594315e+04 1.37082220e+01
 9.98083791e-01 3.42377405e-01 6.99355609e-01 2.20714112e-01 -5.96737984e+03 1.37058822e+01
 1.09482560e+00 5.53269732e-02 -1.79244304e-01 1.12899026e-01 2.24856690e+04 1.36985011e+01
 8.26599157e-01 6.21986482e-02 7.61340776e-01 -5.57201225e-01 1.46172409e+04 1.36938092e+01
 -1.16093538e-01 3.69167833e-01 -8.05768730e-01 -3.50258867e-01 1.11847889e+04 1.37054259e+01
 1.22591742e+00 7.59844697e-01 2.21847297e+00 2.04314364e-01 -2.22861418e+03 1.37062419e+01
 1.36436085e+00 1.39893538e+00 2.75804171e-01 2.28992584e-02 2.66398886e+04 1.37065220e+01
 -1.11272223e+00 -1.15983444e+00 1.01710217e+00 -5.67640956e-01 -3.74120052e+04 1.36988321e+01
 -7.55895490e-01 6.81509076e-01 3.93598620e-01 1.50813927e-01 1.66018160e+04 1.37025304e+01
 8.36582535e-01 -6.76952185e-01 7.88574191e-02 -4.24783743e-01 1.24827418e+03 1.37036148e+01
 3.29904759e-01 -7.25374166e-01 8.42794916e-02 3.09531641e-01 -1.57193541e+04 1.36959842e+01
 -6.99412927e-01 -4.60451054e-01 -9.12536009e-01 -4.03739284e-01 -1.83402658e+04 1.37151596e+01
 -2.89893420e-01 -9.01377039e-01 -1.18161338e-01 4.70404473e-02 1.57368450e+04 1.37012396e+01
 6.52858946e-02 -1.25189216e-01 1.65906759e-01 -2.63585440e-01 2.36774738e+03 1.37103912e+01
 9.14092416e-01 4.15574974e-01 -1.53669651e+00 1.84527331e-01 -1.95123253e+04 1.37065463e+01
 5.93926911e-01 -2.38759786e-01 9.25805122e-01 -1.43019580e-02 1.22448598e+04 1.37047969e+01
 -9.73142031e-01 -2.04172472e-02 -1.17195839e-01 -1.43179735e-01 3.92757753e+03 1.37008141e+01
 -1.32632237e+00 8.90126470e-02 -9.70012770e-02 -5.72661557e-02 1.18298988e+04 1.36958982e+01
 2.16386023e+00 3.70108513e-01 -1.52116236e+00 2.88101726e-01 8.01879642e+03 1.37062907e+01
 1.02244311e+00 1.70325370e-02 4.20199839e-01 1.75307145e-01 2.94045234e+02 1.37023915e+01
 5.46861259e-01 -8.99684553e-02 1.41777991e-02 -4.68905594e-01 6.86732112e+03 1.37067346e+01
 -6.98647431e-01 2.44897819e-01 9.01632772e-01 -2.59918260e-01 -1.40568556e+04 1.36995075e+01
 -1.41156428e+00 -6.68573029e-01 7.43265939e-02 5.16098253e-01 1.36868847e+04 1.36927986e+01
 -3.86051752e-01 2.73708263e-01 1.08755895e+00 1.60612000e-01 5.40162217e+03 1.37041111e+01
 -1.17944564e+00 -3.74413092e-01 -6.06698526e-01 -2.68355770e-01 1.55856725e+04 1.36971230e+01
 -9.91065630e-01 -1.33856892e-01 5.26680868e-01 8.75701547e-01 -1.23463134e+04 1.37139594e+01
 -9.40524645e-01 1.31001305e+00 -3.14353380e-01 -2.05003212e-01 1.96598186e+04 1.36970535e+01
 2.14382197e-01 7.98708162e-02 -1.21949418e+00 -6.04714528e-01 -1.73743074e+04 1.37046847e+01
 7.91436275e-02 2.33601540e-01 -1.76199959e-01 -2.28247415e-01 -2.26153001e+04 1.36951845e+01
 5.66056091e-01 -1.04002529e-01 5.26562834e-01 2.64478935e-01 9.34281350e+03 1.36922223e+01
 9.94518878e-02 2.60112294e-01 8.92910161e-01 1.36686654e-01 2.69226955e+04 1.36920937e+01
 -1.15037705e+00 2.82968717e-01 -1.18402977e+00 1.10905190e-01 -1.61998676e+04 1.36956487e+01
 -1.31321087e+00 2.73881397e-02 5.47467143e-01 -1.73757689e-02 3.83614677e+03 1.37013701e+01
 -1.13707734e+00 7.64288434e-01 3.19995578e-01 9.43111518e-02 1.14300728e+04 1.36971162e+01
 3.31914526e-01 1.62783628e-01 8.96741556e-01 1.79565929e-01 -2.71162579e+04 1.37008516e+01
 -1.98584564e+00 -8.94879796e-02 2.20460355e-01 3.98755327e-02 3.95936697e+03 1.36950053e+01
 1.65308844e+00 -3.57614357e-01 3.26160515e-01 2.81588718e-01 1.27382074e+04 1.37169201e+01
 -2.58036535e-01 4.05066527e-01 3.03533191e-01 -4.61320716e-01 -8.73270937e+03 1.37017229e+01
 -7.16940093e-01 4.97659034e-01 -7.30919369e-01 6.77401230e-01 9.01461910e+03 1.36979371e+01
 1.76642039e+00 -3.80407183e-01 1.12928982e+00 -7.57202031e-01 -1.87459943e+04 1.37127360e+01
 -1.64243868e+00 -1.21485466e-01 -9.22411391e-02 -1.49110822e-01 2.53160163e+03 1.36903858e+01
 -4.71662774e-01 -7.71413367e-02 1.61410739e+00 1.68859258e-01 2.11359834e+04 1.36945387e+01
 1.36437062e+00 7.96286266e-01 -1.04584691e-01 -7.93180691e-01 -8.38860388e+03 1.37055749e+01
 -8.57305607e-01 -4.69413243e-01 9.75817965e-02 -2.24228055e-01 1.18159436e+04 1.36967417e+01
 -2.50493613e-01 4.43961813e-01 -1.14714511e-01 -3.71496233e-01 8.80472913e+03 1.37002892e+01
 -1.15300484e-01 7.35151161e-01 3.71434363e-01 -4.46694360e-01 -2.83305871e+04 1.36941517e+01
 -1.73808830e-01 -1.04990447e-01 7.63796970e-01 -8.06071398e-02 -9.25431673e+03 1.36965290e+01
 -1.51434171e-01 -1.54752082e+00 -8.46706719e-01 3.06640296e-01 1.53891043e+04 1.37088307e+01
 3.63523726e-01 -6.49954297e-01 -3.15859510e-01 -5.73833685e-01 -1.44834585e+04 1.37017869e+01
 -7.61726946e-02 -3.90494241e-01 1.54059058e+00 8.09509946e-01 -1.90744749e+03 1.36904784e+01
 -2.68701041e-01 1.07065601e+00 1.01771728e-01 -1.05144376e-01 -2.18155896e+04 1.36962598e+01
 1.73277249e-01 4.63400636e-01 3.53977367e-01 -2.76043493e-01 -1.77487491e+04 1.36988447e+01
 1.71954754e+00 1.47630171e-02 -3.42045611e-01 1.28432767e-01 1.71997867e+04 1.37004722e+01
 -5.94650067e-01 2.77045465e-01 -2.41519021e+00 7.14890434e-02 -3.30267909e+04 1.37003571e+01
 3.90939938e-01 4.95764536e-01 -6.45571179e-01 -4.28476661e-01 -1.08570765e+04 1.36992023e+01
 -6.96427889e-01 -2.10725114e-01 -6.48166220e-01 1.32154560e-01 -9.98664256e+02 1.37011529e+01
 -1.23706058e+00 7.28035727e-02 8.73822733e-01 -3.00882873e-02 -5.19584216e+03 1.36959509e+01
 -4.13584700e-02 1.06342525e-01 1.03795889e+00 -9.31491304e-02 1.46442638e+04 1.37002912e+01
 -1.34450920e-01 5.90938946e-01 -3.28249703e-01 -1.77242768e-01 -2.91188787e+04 1.37000337e+01
 5.53346158e-01 -8.22751765e-01 9.62500670e-01 -2.65864101e-01 2.93791388e+04 1.37026707e+01
 -9.89093400e-01 -3.89372823e-01 -5.37052465e-01 -3.70696384e-01 3.61071956e+03 1.36883526e+01
 1.05078591e+00 1.09615879e+00 1.72065361e+00 3.62518239e-01 -2.74319187e+04 1.36949375e+01
 -8.69240204e-01 6.78673754e-02 8.43829040e-01 -4.26209369e-01 -4.26628978e+02 1.36972769e+01
 6.95342095e-01 -6.61784285e-01 3.69312232e-01 -4.39228299e-01 -3.94201981e+03 1.37055542e+01
 -2.24276207e-01 -3.98827936e-02 -4.08059564e-02 8.21057224e-01 3.90176766e+04 1.36911760e+01
 8.05088193e-01 -1.82622316e-01 7.71711498e-01 1.35712977e-01 -4.33973133e+03 1.37026058e+01
 1.35127325e+00 3.78898702e-01 -4.53696987e-01 9.98608088e-01 2.60014541e+03 1.37086190e+01
 -4.99619623e-01 7.12006165e-01 -1.28497543e-01 3.63322474e-02 -1.30872771e+04 1.37071657e+01
 6.37352948e-01 -6.69349229e-01 -1.85069215e+00 2.98636956e-01 -4.19099541e+04 1.36926970e+01
 8.02002356e-01 1.05284579e+00 -1.69084823e-01 -1.31137314e-02 -2.65589036e+03 1.37004597e+01
 -1.23371805e-01 -1.82405980e-01 -2.54198195e+00 -1.58136299e-02 -3.00273003e+04 1.36960945e+01
 9.85510416e-01 -1.07461469e-01 -2.20441012e-01 -1.07904827e+00 -9.07636858e+03 1.36976445e+01
 -7.66020216e-01 5.26208223e-02 7.62216546e-01 3.44367569e-01 -2.72989180e+04 1.36987329e+01
 7.44866824e-01 3.80060718e-01 2.06668310e+00 -9.69266011e-01 -1.19114600e+04 1.37028129e+01
 1.12803855e+00 -3.03955379e-01 1.70715160e+00 6.55158315e-01 -8.86141894e+03 1.36887888e+01
 -4.09680052e-01 1.97230305e-01 -8.02274638e-02 4.65229965e-01 -1.53692055e+04 1.36989077e+01
 8.91077234e-01 3.82602963e-01 -1.05562870e-01 8.60572594e-02 7.00796042e+03 1.37020587e+01
 9.02418130e-02 4.23150143e-01 3.15863733e-01 8.59188600e-02 -9.75382326e+03 1.36972632e+01
 -1.61698465e+00 2.67298859e-01 -1.44025824e+00 5.45371364e-01 2.10609167e+04 1.36910908e+01
 -9.32521709e-01 -3.30047410e-01 -1.72717727e-01 6.19102808e-01 -6.85933699e+03 1.36978104e+01
 1.07300856e+00 4.94022485e-02 5.61512212e-01 6.48407103e-01 8.45069730e+01 1.37030265e+01
 1.74277708e-01 -8.22078926e-01 1.51469016e+00 3.79388965e-01 -7.32925843e+03 1.37040990e+01
 -1.16934251e+00 -4.25770511e-01 3.95290049e-01 2.03432514e-01 -2.42792006e+04 1.36958411e+01
 -1.12652255e+00 -7.60794586e-01 1.46973696e+00 -1.99924945e-01 1.01201018e+04 1.36997784e+01
 4.84597166e-01 -2.07968732e-02 3.62222129e-01 -5.81280573e-01 1.29239200e+04 1.37113614e+01
 5.49417571e-01 -7.49242578e-02 -5.46000332e-01 1.89289095e-01 -1.79758997e+04 1.37019741e+01
 1.03177938e+00 3.14489085e-01 2.14482270e-02 -1.85550238e-01 -6.36360989e+03 1.37113880e+01
 5.07499952e-01 -6.82141585e-01 -8.40356656e-01 1.29541558e-01 -2.46525895e+04 1.37049691e+01
 -1.61199677e+00 -2.09844188e-01 2.49866433e-02 5.51556941e-01 2.33769599e+04 1.36959685e+01
 -3.46804554e-02 2.25586312e-01 -7.08994791e-01 1.35030865e-01 1.03209370e+03 1.36946612e+01
 4.79628497e-01 4.11745365e-02 -1.36821671e+00 -9.08649859e-02 1.55821863e+04 1.36971531e+01
 -1.03563962e+00 3.17620123e-01 3.86485506e-01 1.40571250e-01 1.31737626e+03 1.36942636e+01
 -5.74238182e-01 -1.41996096e-02 4.08227037e-01 3.16599422e-01 1.57751790e+04 1.36930770e+01
 -1.13701358e+00 1.17172169e+00 -4.24674103e-03 -3.41024883e-01 -2.08517570e+04 1.37008109e+01
 1.23457587e+00 1.48004549e-01 1.68163845e-03 -4.35432627e-01 1.93033074e+03 1.37150556e+01
 2.68071541e+00 -9.57130948e-01 -3.72821253e-01 2.27644965e-01 -1.72934441e+04 1.37114540e+01
 6.62863083e-01 -3.71061199e-01 -9.27008792e-01 -1.34530909e-01 -7.45501574e+03 1.36955837e+01
 4.34448319e-01 -2.77346360e-01 6.42278743e-01 -3.22978187e-01 3.45978147e+04 1.37018922e+01
 -4.18436735e-01 4.87996530e-01 -5.20066031e-02 -1.47166690e-01 -2.64697362e+04 1.36903896e+01
 1.42648312e+00 3.13838306e-02 5.75365660e-01 1.57614979e-01 -1.00031793e+04 1.37070402e+01
 9.80950271e-02 2.34601186e-01 5.85943040e-01 2.15267494e-02 2.35843569e+04 1.36992718e+01
 5.43768671e-01 -2.05368843e-01 -1.13232250e+00 -4.21476038e-01 3.78981388e+04 1.37010986e+01
 -6.88496970e-01 -5.52852606e-01 7.95570903e-01 -3.88719532e-01 2.22503623e+04 1.36985499e+01
 -2.15972727e-01 7.68263829e-01 3.02782215e+00 -5.79802802e-01 9.20380977e+03 1.37000345e+01
 -2.70349297e-02 6.63832469e-01 -6.67988569e-01 -6.92225809e-01 2.68177412e+04 1.36996350e+01
 -9.35201470e-01 -1.11436532e+00 4.28532422e-01 1.26100531e+00 -1.98904458e+04 1.37031052e+01
 -9.84921804e-01 -5.95072207e-01 -8.04311466e-01 -4.61661824e-01 3.96985463e+04 1.36999951e+01
 -1.25402870e+00 1.23433331e-01 -9.83219115e-01 -3.82200597e-01 -3.20290945e+04 1.37012693e+01
 4.67690189e-01 7.12403425e-01 -9.26203760e-01 5.89785677e-02 2.40577297e+04 1.37035814e+01
 -1.82703615e+00 4.21789339e-01 -3.79377593e-01 6.88898270e-01 -1.39969519e+04 1.36915685e+01
 8.95741507e-01 1.25041710e-01 -3.25048304e+00 -4.50942505e-01 -1.46079188e+04 1.37010517e+01
 6.64996893e-01 -5.43188661e-01 -3.34632430e-01 -1.73239130e-01 -1.38574022e+04 1.37013661e+01
 1.39364552e+00 6.46466142e-01 -3.54948891e-01 -1.19129990e+00 -1.42492797e+04 1.37027351e+01
 1.80487016e+00 2.19356504e-01 -4.58503750e-01 7.77490338e-01 -2.79003321e+04 1.37071873e+01
 6.81804488e-01 1.93754072e-01 -2.65848411e-01 -5.82534537e-01 7.57951588e+03 1.37080657e+01
 -2.26323941e+00 -1.68428497e-01 -1.15562495e+00 2.54598714e-01 -1.95716848e+04 1.36878409e+01
 1.60539614e+00 5.70765095e-01 -6.68708313e-01 -4.46262487e-01 4.29922019e+03 1.37096426e+01
 -2.26332337e-01 -1.29949827e-01 -4.01314932e-01 -4.23099911e-01 -1.41565735e+03 1.36986291e+01
 1.45777187e+00 -9.67779788e-01 1.72259231e-02 -5.43842707e-02 4.44459252e+04 1.37119421e+01
 1.84701653e-01 7.02355174e-01 -1.59911763e+00 9.28046641e-01 -2.37558212e+02 1.37051076e+01
 -5.18794702e-01 -6.46776754e-01 1.23004909e-01 3.79448786e-01 -2.51043771e+04 1.37024544e+01
 -8.70864687e-01 2.40412923e-01 -5.14330132e-01 -9.80761045e-01 4.42806674e+03 1.37001753e+01
 4.16023229e-01 3.70227909e-01 -2.28687575e-01 -2.16078227e-01 7.13591970e+03 1.37119462e+01
 -1.55335402e+00 -1.28685900e-01 8.00614445e-02 -2.56287582e-01 -5.71286360e+02 1.36919326e+01
 4.29875652e-01 -6.08429475e-01 1.11736475e-01 -5.94505609e-01 -1.88768518e+04 1.36958114e+01
 -1.33041043e+00 8.61745357e-02 -1.23084759e+00 -3.27070525e-01 7.26666302e+03 1.36973271e+01
 -8.81335578e-01 -1.91513017e-01 1.92674191e+00 1.72216634e-01 1.57200893e+04 1.36972703e+01
 7.54823696e-01 -9.36865381e-02 -1.44980375e-01 1.24344507e-02 -1.15892659e+04 1.36988717e+01
 8.45389099e-01 8.61144772e-02 -1.56048708e+00 -4.49069320e-01 2.78995108e+04 1.37078025e+01
 4.03812998e-01 1.68988333e-01 -1.82567511e+00 -1.81699670e-01 6.05090164e+03 1.36920579e+01
 -2.74789093e-01 2.17963997e-01 2.02801213e+00 4.91337812e-01 1.06119160e+04 1.37011424e+01
 -1.75533365e+00 -7.82017931e-01 -1.68702015e+00 3.14045707e-01 -1.44958170e+03 1.36964434e+01
 1.41310370e+00 5.48397036e-01 1.43695215e+00 8.83586420e-02 -1.11237961e+04 1.37135320e+01
 -5.82945435e-01 4.54810955e-01 -3.02428426e-01 2.73705329e-01 -1.25600798e+04 1.37073978e+01
 -1.29459577e+00 -2.43268458e-02 1.43467861e+00 4.12722593e-02 1.10502659e+04 1.37000202e+01
 -5.85749540e-01 2.93600871e-01 -3.46518337e-01 1.47360302e-02 -6.61104695e+03 1.36892597e+01
 5.02537191e-01 3.54391169e-01 1.84486591e-01 -4.40004557e-01 2.19264974e+04 1.37113156e+01
 2.04942343e+00 -4.21326142e-01 -5.07775503e-01 -2.47842344e-01 1.65777951e+04 1.37013165e+01
 -1.02447083e+00 -1.97044916e-01 -6.91419236e-02 -2.31859285e-01 -7.06623132e+03 1.36960809e+01
 1.77581046e+00 2.58165841e-01 2.53362254e-01 3.40135977e-01 1.07707338e+04 1.37059582e+01
 -4.63854113e-01 7.20238174e-01 2.02799486e+00 -1.08092915e-01 -1.13122448e+04 1.37056372e+01
 1.06062774e+00 1.59875133e-02 1.64084400e-01 -7.62220625e-02 -2.81392317e+04 1.37120217e+01
 2.36042011e+00 -3.24930935e-01 9.77342233e-01 9.65228510e-01 -9.14768269e+03 1.37080736e+01
 1.06559230e-01 -1.23763339e+00 9.63822077e-02 -1.40209676e+00 8.28764511e+02 1.37012980e+01
 1.40013484e+00 7.05599514e-01 1.56422897e+00 -3.81261397e-01 2.34466048e+03 1.37066658e+01
 1.10532861e+00 1.47369439e-01 -8.58060821e-01 -3.97693024e-01 2.83440359e+04 1.37021450e+01
 6.89805993e-01 -1.40850863e-01 -8.39676465e-01 -1.07301788e+00 7.54241947e+03 1.37130328e+01
 -1.09973034e+00 5.89343303e-01 -3.02333216e-01 2.74871903e-01 -2.53805165e+04 1.36938897e+01
 3.79507293e-01 -1.46200506e-01 1.29496103e+00 -1.75047234e-01 2.55742046e+04 1.37020761e+01
 -7.89176871e-01 -3.09689484e-01 8.71837434e-01 4.27652550e-01 -3.05454774e+04 1.37043844e+01
 -1.31979421e+00 7.89697436e-02 -4.92206294e-01 3.21460680e-02 1.76465051e+04 1.36941568e+01
 -9.68937003e-01 -3.59307503e-01 -7.15469599e-01 7.70518473e-01 2.12331426e+04 1.37021676e+01
 5.60703406e-01 1.18928309e+00 3.83240696e-01 -1.44135156e-01 6.52092148e+03 1.36993654e+01
 1.41943039e-01 2.95103774e-01 1.23177495e+00 -4.03925298e-01 -1.30494050e+04 1.37025807e+01
 5.42914964e-02 7.57400993e-01 -3.91234135e-01 4.87852204e-01 -1.14363731e+04 1.37020212e+01
 -9.88550575e-01 -2.18813439e-01 -7.52164012e-01 3.16157182e-01 -2.44547422e+04 1.36934499e+01
 4.08969689e-01 -5.20535670e-01 -1.14839381e+00 -6.02706952e-01 2.55148358e+03 1.36996318e+01
 -1.29900927e-02 3.70760774e-01 1.85580251e+00 -1.81519168e-01 1.35210718e+04 1.37032314e+01
 5.03669025e-01 -6.94938806e-02 -9.81281710e-01 4.31937690e-01 1.59682442e+04 1.37159894e+01
 -7.32627917e-01 -2.33698451e-01 2.80102582e-02 7.35636865e-02 1.72305466e+04 1.36927617e+01
 1.27796175e+00 5.66621361e-01 1.02288374e+00 -2.89929885e-01 -4.64349260e+04 1.36968087e+01
 3.70999204e-01 -4.56855699e-01 -6.55307415e-01 -2.35184349e-01 -1.72029888e+03 1.37026717e+01
 8.42346889e-01 7.38962625e-02 8.66516321e-01 -1.87206396e-01 -2.63759534e+04 1.37093576e+01
 -8.16515791e-02 1.21968470e-01 9.47314209e-01 -1.14404721e+00 2.25171979e+04 1.37042699e+01
 1.31693332e-01 -6.21044705e-01 4.14939410e-01 -1.16283239e+00 2.72655426e+04 1.36998389e+01
 1.85192174e+00 6.33033698e-01 -2.37108952e-01 4.98854080e-01 -2.20240699e+04 1.37089718e+01
 -1.28034967e+00 3.75675007e-01 2.63173234e+00 2.52664261e-01 -7.57385532e+03 1.37031987e+01
 -8.57255208e-02 1.51600372e-01 -2.51725089e-01 1.45027433e-01 -1.93616793e+04 1.37017340e+01
 2.64448696e-02 -4.65539281e-01 -1.59557508e+00 8.67879297e-02 7.40108149e+03 1.37020369e+01
 1.38013534e+00 4.27147793e-01 9.44137363e-01 2.84584324e-02 2.35693297e+04 1.37091043e+01
 6.67741250e-01 -2.03096237e-01 -7.57531478e-02 1.61254242e-01 -6.60268110e+03 1.36952606e+01
 3.98682952e-01 2.55066949e-01 7.06683321e-01 9.41498043e-02 -2.08642936e+04 1.36986953e+01
 -3.72288505e-01 2.71070509e-01 4.59740672e-01 -7.94406070e-01 -5.69798442e+03 1.36869394e+01
 3.50189287e-01 1.49771049e-01 -2.25463313e-01 1.92438799e-01 1.13553636e+03 1.37054636e+01
 -1.10745847e+00 -5.70688897e-01 1.60315606e+00 1.33328311e-01 1.03616018e+04 1.36994260e+01
 -1.20521567e-01 2.42400598e-01 5.59393762e-01 3.48785184e-01 -2.59214582e+04 1.37014951e+01
 2.13083793e-01 -2.60931365e-01 1.50675573e+00 -1.50842278e-01 2.05270441e+04 1.37009220e+01
 4.24607110e-02 -6.71192177e-01 -8.28919234e-01 5.58360991e-01 -1.12964799e+04 1.37039442e+01
 8.92622875e-01 9.08371006e-02 2.86262698e-01 2.85179708e-02 8.96227381e+03 1.36996867e+01
 2.32477145e+00 -3.17670104e-02 -8.12015066e-02 1.09194020e-01 -3.23403180e+04 1.37045087e+01
 6.92990872e-01 5.18270430e-01 1.21705831e+00 5.30922397e-01 1.17450452e+04 1.36954142e+01
 -1.35295135e-02 -4.93807099e-01 -2.05561295e+00 1.68707787e-01 1.75570419e+04 1.36901080e+01
 1.46377770e+00 -9.34945469e-01 -3.84139534e-01 3.25893368e-02 -6.76487470e+03 1.37022876e+01
 -1.44367576e+00 1.20673878e-01 1.76476716e+00 -5.92681581e-01 7.99469452e+03 1.37030247e+01
 -3.41818255e-01 -6.08191627e-01 -1.12334897e+00 2.68135118e-01 4.56539209e+04 1.36992917e+01
 -1.50544424e+00 -2.81164032e-01 -9.00826557e-01 -4.64731458e-01 2.53087982e+04 1.36922910e+01
 2.39397423e-02 -1.67359235e+00 -3.53220568e-02 3.37172145e-01 -4.90912345e+04 1.37062396e+01
 1.37437290e+00 -1.15146714e+00 -1.35385508e+00 -7.07022540e-02 3.20799621e+04 1.36999416e+01
 -1.69450696e+00 8.61302389e-01 -2.76386113e+00 -2.25428855e-01 2.82871645e+04 1.36803331e+01
 -3.07525857e-01 1.02060672e+00 6.65438784e-01 5.09386660e-01 -3.74153612e+04 1.36982893e+01
 -8.61719407e-01 -1.33450788e-01 1.00136515e+00 8.79382233e-02 -2.18473749e+04 1.36860289e+01
 -4.12122717e-01 -8.02610885e-01 -1.36942417e-01 -2.78316586e-01 2.70703628e+03 1.36879922e+01
 -1.26905049e-01 1.26600363e-01 9.67812316e-01 -4.43705039e-01 4.41535751e+03 1.36935731e+01
 -5.09323847e-01 -1.83209992e-01 -3.09179353e+00 -3.01245540e-01 6.81661435e+03 1.36937461e+01
 -5.71023547e-01 8.09063533e-02 1.52610522e+00 2.44115503e-03 -1.12308953e+04 1.36984754e+01
 -1.34816898e-01 -1.43648672e-01 -2.34768538e-01 5.96964802e-01 -1.18323682e+04 1.37057367e+01
 -6.92413032e-01 -5.94799580e-01 1.21968396e-01 -1.07198217e-01 2.07747463e+04 1.36975111e+01
 1.35706279e+00 1.96704489e-01 4.90745164e-01 1.72580522e-01 -2.09622374e+04 1.36956820e+01
 9.87595997e-01 -8.83832959e-01 4.76075403e-01 6.82661089e-01 3.54891261e+04 1.37088038e+01
 1.66778201e+00 -1.78686263e-01 -1.40466954e+00 -5.87513299e-01 8.63347997e+03 1.37079050e+01
 -1.43791970e+00 -4.51086940e-01 -1.41621323e+00 6.04896713e-02 -1.83142361e+04 1.37054083e+01
 -1.38025612e+00 4.19410142e-01 -1.74703047e+00 2.57726245e-01 -2.68533972e+04 1.36949041e+01
 5.29184463e-01 2.67193494e-01 -1.38474185e-01 9.30482191e-01 -3.36228113e+04 1.37048175e+01
 2.66859926e-01 -1.16976067e-01 6.77804070e-02 -3.55004297e-02 -1.76610441e+03 1.37108508e+01
 -1.03542366e+00 -2.80889788e-01 7.72010552e-01 2.38955737e-01 2.49555016e+03 1.37016407e+01
 -1.37852938e+00 -1.26939941e+00 5.78903526e-01 -1.01062624e+00 -1.46066264e+04 1.36932853e+01
 2.66327962e+00 2.61992407e-01 2.95803691e-01 3.98475711e-01 -6.82320356e+02 1.37025427e+01
 -1.33409817e+00 4.23552646e-01 1.02204811e+00 1.45771314e-01 -2.32604633e+04 1.37035769e+01
 1.35436648e+00 -3.29824344e-01 -3.55589893e-01 -3.18937873e-01 -1.61694342e+04 1.36991045e+01
 -3.64461281e-01 3.64355220e-01 -2.12497644e-01 -5.93965534e-01 -1.33792800e+04 1.37034214e+01
 9.42259379e-01 -2.99045589e-01 -2.35615796e+00 -7.61642647e-01 3.27781607e+04 1.37013167e+01
 1.45931104e+00 -8.78009298e-02 6.11097528e-01 -1.70110471e-01 1.79281515e+04 1.37009309e+01
 1.26119629e+00 -5.10561733e-01 -1.27459005e+00 -4.04435219e-01 6.29909222e+03 1.37020555e+01
 3.21995858e-01 -8.22378063e-01 8.40298633e-01 -9.14408432e-02 -2.06688766e+04 1.37005691e+01
 1.36040328e+00 4.70404298e-02 1.52343154e-01 1.89267725e-01 1.47311484e+04 1.37089679e+01
 1.47411278e+00 -7.34787485e-01 -6.79554813e-01 -3.70330879e-01 -2.77957769e+01 1.37056955e+01
 1.37124245e+00 -3.79920376e-01 3.74423966e-01 1.54869470e-01 1.64761808e+04 1.36986221e+01
 -1.65409671e+00 7.31535288e-03 1.56963936e+00 -1.11550963e-02 6.05563543e+03 1.36942541e+01
 -2.16783889e-02 2.04311245e-01 1.99069864e+00 1.47244202e-01 5.30455568e+04 1.37011191e+01
 1.74706522e+00 2.61280502e-01 3.05472820e-01 1.37628869e-01 2.64828359e+04 1.37044221e+01
 -3.37884472e-01 1.96844815e-01 -1.49336309e+00 2.28274658e-01 -2.10223561e+04 1.36927115e+01
 6.47438089e-01 1.37061118e-01 2.48358892e+00 -4.59465063e-02 -1.69379075e+04 1.37074608e+01
 -4.87531191e-01 1.70160371e-02 6.60158549e-01 -3.76044936e-01 1.81095315e+04 1.36946013e+01
 4.69471107e-01 -1.28542029e+00 -1.95463541e+00 1.14999031e-01 5.34405639e+02 1.37063814e+01
 1.60074333e-01 3.20342001e-02 -2.01352449e+00 7.74908918e-01 9.19505620e+02 1.37096781e+01
 7.96088223e-01 -9.86955929e-01 6.28233193e-01 -3.88778320e-01 -3.27182019e+04 1.37009001e+01
 -1.93063428e+00 3.92306406e-01 4.11191411e-01 2.88970417e-01 -1.31615062e+04 1.36972861e+01
 2.64327722e-01 3.05629967e-01 2.97192069e-01 8.04912057e-01 -1.04572460e+04 1.36929342e+01
 7.07294625e-01 2.03360590e-01 1.70295608e+00 -3.29996159e-01 -1.38340020e+04 1.37092754e+01
 -7.99475510e-01 2.10992011e-01 7.77287195e-01 2.52997002e-01 -8.70372366e+02 1.36820731e+01
 8.18828994e-01 1.57123420e-01 3.91047928e-01 3.73730243e-01 3.41065368e+03 1.37117278e+01
 -3.33427440e-01 1.08521317e-01 1.43107670e+00 4.57662237e-01 8.63993966e+03 1.36924520e+01
 1.48615011e+00 2.31148547e-01 1.75710618e+00 9.97097836e-02 9.45786833e+03 1.37045411e+01
 -7.19180198e-01 1.33906966e-01 -1.00593353e+00 -6.13799387e-01 -3.22690953e+04 1.37050580e+01
 8.29295460e-01 1.94584777e-01 1.18391675e+00 -1.00725452e+00 2.78092130e+03 1.37064091e+01
 -1.10051280e-01 -8.44875205e-01 -8.92407009e-01 7.03922718e-02 -7.70159178e+03 1.37052760e+01
 -1.16480988e+00 1.31235813e-01 -3.05190495e-01 3.76108722e-01 2.97615034e+04 1.36989195e+01
 -2.08816608e-01 1.42705377e+00 3.19691030e-01 -6.75959801e-02 -1.08161389e+04 1.37048384e+01
 -5.97401920e-01 5.17448462e-01 9.44200123e-01 5.87292030e-01 -1.18890362e+04 1.37009685e+01
 1.39293071e+00 -2.13940391e-01 -2.02753289e-01 3.75817434e-01 1.44462928e+04 1.37135649e+01
 9.63683664e-01 -1.96083886e-01 5.78967243e-01 4.41866211e-01 -1.91677598e+04 1.37043028e+01
 -8.60708435e-01 -1.77616454e-01 1.79316086e+00 4.57018882e-01 -3.97707769e+03 1.36942140e+01
 -1.59261020e+00 4.28849284e-01 -1.62092322e+00 -2.12547486e-01 1.63580946e+04 1.36852952e+01
 -9.42178227e-01 -7.92876363e-01 1.01688243e+00 -4.03502070e-01 1.26050436e+04 1.36966567e+01
 -3.40058717e+00 -8.43759034e-01 5.83431825e-01 -6.21984382e-01 -3.55758261e+04 1.36883809e+01
 -4.68838733e-01 -8.74599257e-01 -2.79264478e-01 -6.85918933e-01 -2.96738893e+04 1.36961489e+01
 -1.97511650e-01 1.58992443e-02 3.25450519e-01 -8.25763633e-02 -3.23146815e+04 1.37027746e+01
 2.16896569e+00 -2.88214740e-01 -7.08962258e-01 4.20941793e-02 9.35343044e+03 1.37120200e+01
 1.42640575e-01 -1.20830865e-01 -1.84707725e+00 4.12510756e-01 1.09418390e+04 1.37038840e+01
 8.94861336e-01 5.44771513e-01 1.27995526e+00 6.61026656e-01 -6.49347056e+03 1.36975588e+01
 4.71229346e-01 4.13746415e-01 7.81104255e-01 -2.89936110e-01 -1.39085800e+04 1.37032552e+01
 7.32392915e-01 2.82684361e-01 6.76992158e-01 -7.89736437e-02 -1.56608669e+04 1.37001976e+01
 7.15924889e-01 -8.94960664e-01 4.76599343e-02 -2.79152789e-01 -6.65285825e+03 1.36972139e+01
 -1.04940271e+00 2.26734479e-04 -3.11470657e-01 -3.28938820e-01 1.33028822e+04 1.37012126e+01
 -2.52507927e+00 7.73746228e-01 -1.00695830e+00 1.22415773e-01 -3.11456595e+04 1.36960993e+01
 -1.06951522e+00 -4.91502478e-01 -7.46493916e-01 6.46316749e-01 -7.43819670e+03 1.36937458e+01
 3.12934814e+00 1.77538987e-01 6.87066379e-01 3.40963627e-02 1.54729766e+04 1.37096797e+01
 -4.33705510e-01 -4.32099960e-02 2.07135675e+00 2.38295271e-01 -8.87037855e+03 1.36982380e+01
 1.10482200e+00 -2.54159731e-01 -5.72838626e-01 1.36421776e-01 1.99943854e+04 1.36989598e+01
 1.75775884e+00 1.26312290e-01 1.10429365e+00 -5.75809583e-01 3.59570212e+04 1.37006676e+01
 3.87802195e-01 -8.69200947e-01 -6.09989130e-01 2.32835016e-01 -6.19903514e+03 1.37005758e+01
 2.54313901e+00 -3.87758264e-01 -7.80817138e-01 5.78266075e-01 -1.85494201e+04 1.37063291e+01
 4.94273094e-01 1.06451660e+00 -3.78600541e-01 -8.52523770e-02 -1.05947337e+04 1.36883047e+01
 1.19124338e-01 -2.34249406e-02 -1.07547731e+00 -1.66968650e-03 1.89210800e+04 1.36947618e+01
 4.72109196e-01 2.06429324e-02 1.51308775e+00 4.09895054e-01 2.01447733e+04 1.37001629e+01
 -1.35433531e+00 6.72854167e-01 8.13333631e-01 -5.71613004e-01 9.18211608e+03 1.37012465e+01
 1.08993655e+00 7.99660067e-02 6.42682988e-01 -7.87521348e-01 5.12596483e+03 1.36994522e+01
 -8.06722861e-02 1.49514017e-01 -6.52314880e-01 5.50192458e-01 -1.64727277e+04 1.36946277e+01
 -7.99313521e-01 -5.48308300e-01 -1.18269259e-01 -1.56400438e-01 3.35331108e+03 1.36980297e+01
 -1.74496475e-01 -5.40871839e-01 -6.21778040e-01 3.78534209e-01 2.92207270e+04 1.37056462e+01
 -2.63587107e-01 4.75531165e-01 9.43011198e-01 -7.49631185e-01 1.16700522e+04 1.36963058e+01
 -6.09175208e-01 -4.48210272e-01 -1.20051409e-01 3.39358763e-01 3.04792299e+04 1.36944481e+01
 -7.19394040e-01 -8.77047319e-01 -3.38424600e-01 1.99967213e-01 -3.95891425e+03 1.36971055e+01
 -6.06156464e-01 -5.19245107e-02 -1.51271746e+00 -2.32214106e-01 1.05949637e+03 1.36999031e+01
 -1.67183785e+00 -8.22683026e-02 1.12883038e-01 -5.81590108e-01 -4.25204459e+03 1.37015531e+01
 1.41103276e-01 1.85691024e-01 -2.77576272e-01 -1.80775035e-01 -1.56801727e+04 1.36942832e+01
 6.96961950e-01 9.62688102e-01 -7.14543943e-01 5.82837473e-01 -2.12856405e+04 1.36916588e+01
 8.38306612e-02 4.99526083e-01 1.31899951e+00 -1.54941555e-01 -4.05705115e+03 1.37029357e+01
 -5.34062736e-02 -2.36712726e-01 5.09067434e-01 1.00147875e-01 1.04941830e+04 1.36977821e+01
 -5.20182649e-01 1.58424827e-01 5.45253756e-01 -9.93698179e-02 -1.46696869e+04 1.36895889e+01
 -3.88958468e-01 1.12481340e+00 2.00162792e+00 1.00610570e-01 1.61771092e+04 1.37027403e+01
 -2.22169078e-01 -4.74774169e-01 2.04129481e+00 5.46559063e-01 1.53792094e+04 1.36954781e+01
 -2.47487400e+00 -5.51313376e-01 2.73538065e-01 -1.55918387e-01 -7.53030294e+03 1.36935762e+01
 -1.48562089e+00 1.87384704e-01 2.13467124e-02 4.71849536e-02 -7.09399567e+03 1.36989105e+01
 -1.33284856e+00 4.76027921e-01 -2.71952189e-01 4.69203323e-01 -4.28090929e+04 1.36900206e+01
 -1.36630969e+00 -3.84169830e-01 -1.83468052e+00 9.05827765e-01 1.65898408e+03 1.36997515e+01
 -2.99535893e-01 5.60918478e-01 1.41782586e-01 3.73821604e-02 -3.22134914e+04 1.37019774e+01
 -1.19719063e+00 -5.16976625e-01 5.92423101e-01 -4.02390133e-01 3.10473563e+03 1.36926125e+01
 -2.99039077e-01 -5.62922823e-01 -3.03191062e-01 1.86490514e-01 1.58583421e+04 1.37014302e+01
 1.48895745e+00 -4.19433042e-01 -1.09211301e+00 8.04067660e-02 -1.37330814e+04 1.36994910e+01
 -1.91054425e+00 -5.05762026e-01 1.22849174e+00 -1.96870685e-02 -3.15789523e+04 1.36940995e+01
 9.65546718e-01 -7.55865306e-01 -1.52894248e+00 -3.24069363e-02 3.38483136e+04 1.37009956e+01
 -6.79967216e-01 -1.72618074e-01 2.48768235e+00 2.90798578e-01 -2.59515468e+04 1.36924685e+01
 1.01002450e+00 -8.47168587e-01 -1.72868203e-01 2.31082042e-01 3.77263319e+04 1.37022508e+01
 1.25851818e+00 -8.82515554e-01 4.01503658e-01 -5.31129394e-01 1.99112300e+03 1.37036065e+01
 1.20774643e+00 -5.03050721e-01 -1.79727056e+00 -4.90181506e-01 3.30593491e+03 1.37112137e+01
 2.35508704e-01 2.24550788e-01 3.37488449e-01 8.91270951e-01 -4.05388357e+04 1.37096742e+01
 8.03184890e-01 -5.75081339e-01 5.33055134e-01 -6.58397879e-02 2.03391241e+04 1.37029198e+01
 1.10946426e+00 -5.81472790e-01 -5.67076830e-01 6.25280615e-01 1.93567759e+04 1.37157262e+01
 -9.20265967e-01 -2.40476110e-01 4.77922401e-01 5.14489259e-01 -1.41542884e+04 1.36954500e+01
 -3.11355011e-01 -1.55581625e-01 -1.12873595e+00 2.99145601e-01 2.24149492e+04 1.37031388e+01
 1.87003924e-01 -1.37459347e-01 9.41760750e-01 -4.42727757e-02 4.86286472e+03 1.36966908e+01
 -5.05035995e-01 1.76733252e-01 7.87797356e-04 6.57021470e-02 -9.22295591e+03 1.36992944e+01
 -8.14011870e-01 1.45689688e-01 1.62428646e+00 4.89704263e-01 1.81431202e+03 1.37056397e+01
 -5.95218600e-01 -7.78010690e-01 7.09389609e-01 -5.90117226e-01 -3.05466873e+04 1.36997964e+01
 1.91213692e+00 -3.17945284e-01 -1.47721258e+00 2.60085218e-01 -4.50073620e+03 1.37124497e+01
 -1.83598402e+00 1.05432960e+00 9.80421091e-01 2.96453862e-01 -2.96800008e+02 1.37069317e+01
 1.06024213e+00 -5.93429823e-01 4.47290863e-01 3.26022574e-01 -9.36264518e+03 1.37110325e+01
 -1.53829327e+00 -5.47301283e-01 5.75580653e-01 4.76951642e-01 -2.25696007e+04 1.36960966e+01
 1.50327696e-01 -4.67427356e-02 -8.87036726e-01 7.64548942e-02 1.62898093e+04 1.37035717e+01
 -8.11859939e-01 1.01322758e+00 6.01131872e-01 -7.35921658e-01 4.05897662e+03 1.37006958e+01
 2.01691759e-02 -2.17665550e-02 9.18716395e-01 3.37197537e-01 -3.49774130e+03 1.37033119e+01
 6.77228158e-02 -1.41779096e+00 4.01868996e-01 6.96435259e-01 -1.04062167e+04 1.36982369e+01
 -3.89081135e-01 -2.70130115e-01 2.18249807e-01 -3.55373847e-01 4.99214467e+03 1.36914095e+01
 -1.78610020e+00 -7.40253952e-01 1.94687247e+00 -1.06535636e+00 6.78033274e+03 1.36882690e+01
 3.92660921e-01 9.81464136e-04 -5.21002637e-01 -5.75576137e-01 -3.50144071e+04 1.36998869e+01
 -5.21356822e-01 2.76949739e-01 1.67311830e+00 5.70660406e-02 8.40604269e+03 1.36899698e+01
 -1.94101993e+00 -1.57770150e-01 7.17216672e-01 -9.12153335e-01 -1.87231516e+04 1.36894944e+01
 -2.66075636e-01 -4.45729225e-01 -2.98288283e-02 4.80091789e-01 1.67098160e+04 1.37048750e+01
 7.16756604e-01 -4.05307734e-01 1.55569697e+00 -6.94265691e-01 2.40536243e+04 1.37085438e+01
 1.20858759e+00 4.19988276e-01 2.88228538e+00 -2.93724757e-01 -1.50292915e+02 1.36990351e+01
 2.81478093e-01 6.06963788e-01 5.70177477e-01 2.98264338e-01 1.43794547e+04 1.36957286e+01
 3.73645728e-01 -8.53741743e-02 6.04932770e-02 2.82436244e-01 -1.98517546e+04 1.37020692e+01
 1.28984635e+00 -7.16485017e-01 8.67282979e-01 -6.56155582e-01 -1.80486682e+04 1.37103323e+01
 9.70973848e-01 5.24492993e-01 1.22121076e+00 -3.12218728e-01 -5.22830650e+03 1.37118454e+01
 1.82845750e+00 2.69360708e-01 5.37583986e-01 1.11869415e-01 1.96349075e+04 1.36970861e+01
 -3.47624414e-01 -3.59778112e-01 -1.95753176e+00 1.01539148e-01 -8.83483492e+03 1.36975740e+01
 -5.71043363e-02 -8.99217852e-01 -8.13708667e-01 4.84729979e-01 2.55679190e+03 1.37014574e+01
 1.17524624e+00 2.32248593e-01 -1.23186976e+00 1.98394223e-01 7.27054176e+03 1.36955736e+01
 2.11581712e+00 -1.01954661e-01 6.87739235e-01 3.15387929e-01 -6.47725704e+03 1.37114801e+01
 -2.03449283e+00 1.17566276e-01 -3.37061172e-01 3.01236148e-02 2.47994005e+04 1.36967677e+01
 1.18267451e-01 -1.94889358e-01 -1.72056948e+00 1.21221376e-01 1.75939359e+04 1.37056632e+01
 -1.81000903e+00 -6.77907135e-02 -5.73085714e-01 4.61522214e-01 1.35033975e+03 1.36952387e+01
 1.17359898e-01 4.62967736e-01 -2.10128845e+00 3.67366265e-01 4.54251139e+04 1.37044494e+01
 2.58846890e-01 3.94598330e-01 -1.93765503e-02 2.06472686e-01 -2.17101356e+03 1.36976168e+01
 -5.14510146e-01 -9.44073975e-02 -1.26094034e+00 -2.02567019e-01 -4.94997278e+03 1.37008877e+01
 -1.17945412e-01 3.03095946e-01 -3.88218889e-01 -4.64682080e-01 -2.54649139e+04 1.36908801e+01
 -5.34386790e-01 -1.03600140e+00 1.28778741e+00 -2.33319919e-01 -1.37922711e+04 1.36840802e+01
 -2.16539309e+00 4.31848758e-01 -7.79417006e-01 -6.05102345e-02 -2.89493443e+04 1.36915809e+01
 -1.28113128e+00 -7.20742800e-01 -2.71021501e-02 -1.83674586e-01 -5.19503769e+04 1.36932558e+01
 9.29776113e-01 -1.75295199e-01 -4.21355150e-02 -4.16747622e-01 3.04115581e+04 1.37045299e+01
 -5.34316904e-01 2.07113565e-01 2.71186952e-01 -2.85035089e-01 2.62247003e+03 1.37021314e+01
 8.03175080e-02 -1.12872784e+00 -1.44073583e-02 -1.28141844e-01 4.94366194e+03 1.36943557e+01
 5.36701044e-01 -4.47449339e-01 2.01272552e+00 2.39428268e-01 2.89468806e+04 1.37023766e+01
 -1.37972018e+00 4.80244516e-01 2.88604677e-01 -1.21486754e-02 1.13750558e+04 1.36944863e+01
 1.28309085e+00 1.57411771e-01 -5.16987797e-01 6.67944949e-02 -1.62841347e+04 1.37020209e+01
 5.74279751e-02 -6.46843764e-01 -1.70731012e+00 -5.99403765e-01 1.76054845e+04 1.37117180e+01
 -5.71845370e-01 -7.23945314e-02 -1.39739522e+00 -2.76680022e-01 1.10405840e+04 1.37024115e+01
 -1.62335440e-01 -2.24220251e-01 4.82655621e-01 -8.28327212e-01 2.29251507e+04 1.37059123e+01
 -6.53919242e-01 -1.12827577e-01 1.58345375e+00 -8.40313535e-02 -8.37870198e+03 1.36996373e+01
 2.83948188e-01 -5.52198129e-01 9.66633455e-01 -6.37079291e-01 -4.40328657e+04 1.36987043e+01
 -2.04737320e-01 1.11992482e-01 -1.13258758e+00 3.68765992e-01 2.15457761e+04 1.36988563e+01
 -1.04873689e+00 -9.84977401e-01 -4.33991066e-01 -3.31461757e-01 6.69120114e+03 1.36951239e+01
 9.42195506e-01 2.94913465e-01 2.39692756e-01 5.60350286e-01 2.50375628e+04 1.36883782e+01
 1.06217403e-02 2.38453618e-01 7.55000749e-01 4.86909572e-01 6.47229029e+03 1.37027029e+01
 1.41235446e-01 4.24794315e-01 -3.77213757e-01 -9.68339955e-01 1.52453310e+03 1.37026807e+01
 9.76564723e-01 -1.25686739e-01 -9.17207493e-02 3.21211197e-01 2.20266918e+04 1.37049713e+01
 -7.68288248e-01 -3.23411591e-01 4.77466897e-01 -4.65152106e-02 -8.56089450e+03 1.37012029e+01
 -8.90229424e-02 -1.29244527e-01 1.77817038e+00 -3.74411543e-01 -6.63526531e+03 1.37066215e+01
 5.29472919e-01 -6.28283526e-01 -2.88791984e-02 -3.29550119e-01 1.26062216e+04 1.37022255e+01
 -7.83744685e-01 -6.72566715e-01 -2.09117944e+00 4.38437626e-01 7.36802037e+03 1.36968528e+01
 -4.07589464e-01 1.96169391e-01 2.00447835e-01 6.55594678e-03 2.40447726e+04 1.36920360e+01
 1.79123901e+00 -8.69568338e-01 -4.64489625e-01 7.69589762e-01 -1.82823398e+04 1.37139100e+01
 -1.63083231e+00 4.98692742e-01 7.32657661e-01 4.45861117e-01 -3.27207971e+04 1.36997511e+01
 -6.24907433e-01 -6.17573619e-01 -7.06516964e-01 -1.31847175e-01 -7.57921839e+03 1.36903576e+01
 3.89326774e-01 -8.17741662e-01 -6.02115558e-01 1.92819891e-01 1.05289807e+04 1.37029186e+01
 1.43646605e+00 4.22291484e-01 1.11222619e-01 -2.73309234e-01 7.79231899e+02 1.37101003e+01
 1.02852662e+00 8.92385974e-01 1.23482307e-01 3.52861843e-01 -5.50877174e+03 1.36961194e+01
 -2.18870513e-01 -3.54350881e-01 -3.19662352e-01 -2.78576712e-01 2.36841073e+04 1.36977066e+01
 -1.11953822e+00 -1.46371058e-01 1.14675894e+00 -6.65119620e-01 1.59953214e+04 1.36989801e+01
 -6.09058682e-01 6.47877293e-01 3.31145730e-01 2.21972297e-01 -6.33944221e+03 1.36986203e+01
 -2.76857119e-01 -6.86699947e-01 -1.61214299e+00 2.77984945e-01 -2.03300018e+03 1.36956506e+01
 6.68226365e-01 -4.75242097e-01 -8.85790259e-01 -2.26417316e-01 3.71420669e+04 1.37029400e+01
 -1.47981732e+00 -1.94052847e-01 -6.52860322e-01 -1.63630013e-01 1.56217038e+04 1.37045012e+01
 -5.89353343e-01 -5.05292359e-01 -1.49229067e+00 -3.68332313e-01 -1.65542401e+04 1.37060559e+01
 -4.72562183e-01 4.00299775e-01 1.62891606e+00 -1.13697562e-01 6.72124516e+03 1.37074253e+01
 1.46950047e+00 -7.81914375e-01 8.87860156e-01 8.21617180e-02 1.96806469e+04 1.37034244e+01
 1.34437954e+00 2.54694605e-01 5.74596521e-02 3.92749801e-01 1.31887436e+04 1.37062803e+01
 -1.28427490e+00 -9.33304799e-01 -1.10167914e+00 -1.45726924e-01 -4.51508575e+03 1.37043530e+01
 5.12181580e-01 1.84443554e-01 -3.03252578e-01 -4.40927137e-02 1.42905652e+04 1.36946084e+01
 1.99972144e-02 5.25785956e-01 9.25885554e-01 -3.96912188e-01 -2.20251935e+03 1.37005749e+01
 1.16909522e+00 1.06123886e+00 -3.59022507e-01 5.55609723e-01 6.88247817e+03 1.37127651e+01
 -9.99285582e-01 -2.69549280e-01 -1.62490791e-01 4.91335162e-01 -2.98820095e+04 1.36908175e+01
 4.00738953e-01 3.45459550e-01 2.61387570e-01 2.60976511e-01 -1.70694821e+04 1.36924692e+01
 -6.76077852e-01 7.53834798e-01 1.54407039e+00 3.08229234e-01 1.01276411e+03 1.37021590e+01
 -5.29469014e-02 -7.57955043e-01 8.93822727e-01 -1.00744640e-02 3.45970749e+03 1.36955395e+01
 -1.06763323e+00 -8.72131633e-01 5.57476997e-01 -1.82333439e-01 -4.97677682e+03 1.37049418e+01
 1.00878317e+00 -1.23088452e-01 1.61741691e+00 5.08021887e-02 -2.49695153e+03 1.36982416e+01
 -1.93813154e-01 2.83823604e-01 -6.98159881e-01 -2.89848829e-01 -1.25743164e+04 1.36988007e+01
 -2.75037275e-01 -1.41935466e-01 2.59136717e+00 -1.31087449e-01 -2.88563736e+04 1.37022249e+01
 -1.22335880e-01 -2.67450818e-02 1.95065093e+00 9.36331555e-02 -1.71024657e+04 1.36965280e+01
 1.93540714e-01 7.03505534e-01 5.55387622e-02 -1.78021696e-01 -4.08541414e+04 1.37075747e+01
 -4.32924895e-01 -3.31352628e-02 6.81889204e-02 4.25295683e-01 2.55192960e+04 1.37023887e+01
 -6.56774661e-01 1.12377505e-02 1.74062031e+00 1.48597644e-02 -4.15048342e+03 1.37034510e+01
 4.17369948e-01 7.72366876e-01 -1.07398459e+00 -2.28840600e-01 6.74894823e+03 1.36907451e+01
 -1.22891699e+00 -5.06267280e-01 -1.79698162e+00 -9.96432938e-02 -4.31451355e+03 1.36936132e+01
 8.29663570e-01 2.34064492e-01 -1.67700043e+00 4.08642340e-01 1.09977461e+03 1.37103338e+01
 4.39883667e-01 8.49196217e-01 1.82220567e+00 -4.47304071e-01 -6.77602278e+03 1.37046152e+01
 -1.83362088e-01 3.64455558e-01 6.25682858e-01 8.95724650e-02 -3.19246368e+04 1.36971495e+01
 1.53339917e+00 -2.48668125e-01 -1.69434465e+00 -1.05195635e-01 1.40577168e+04 1.36949442e+01
 4.62133022e-01 -8.14952034e-01 1.66070536e-01 -2.32715865e-01 2.11318980e+04 1.37007295e+01
 1.04175264e-01 -6.28673944e-01 -6.61545488e-01 2.93011331e-01 -4.20323204e+04 1.36876863e+01
 7.38938788e-01 9.39602224e-02 -1.26759366e+00 5.45845120e-01 2.92720355e+04 1.36932767e+01
 -6.73495162e-02 6.90418278e-02 2.74150116e+00 1.01607558e-01 -3.31761757e+04 1.37069612e+01
 -1.09467412e+00 1.57348560e-01 -6.94539657e-02 -4.99615954e-01 -2.34325667e+04 1.37056161e+01
 -4.84753859e-01 -1.18946715e+00 -6.24307286e-01 -9.35342165e-01 -1.03044669e+04 1.36997785e+01
 1.27858379e+00 -9.94666534e-01 7.88687669e-01 -3.61560619e-01 9.54633737e+02 1.37056809e+01
 -7.95974071e-01 6.44796135e-01 8.60278986e-01 4.74766787e-01 1.36957143e+04 1.36966860e+01
 -1.88023198e-01 1.82372067e-01 -2.13993026e+00 -2.61665301e-01 -5.17693049e+03 1.37122097e+01
 3.60082072e-01 -4.54619827e-01 5.90052938e-01 1.94131851e-01 -4.45656261e+03 1.37027544e+01
 1.77174485e+00 3.53028043e-01 5.07534859e-01 3.43851390e-01 1.77581752e+04 1.37032402e+01
 1.41314339e+00 3.85227688e-01 -9.31274204e-01 1.77050289e-01 1.46994446e+04 1.37064611e+01
 -1.40559440e+00 2.16600552e-01 -6.77389680e-03 -1.71385392e-01 1.50154721e+04 1.36967009e+01
 -1.50835623e+00 -2.96502482e-01 1.02912477e+00 -4.87918180e-01 2.08658253e+04 1.36916838e+01
 6.20836018e-02 -1.07545202e-01 -1.54175338e+00 1.25943599e-01 2.17344024e+04 1.36927424e+01
 9.15307013e-01 5.29345956e-01 1.37344445e+00 -3.48055187e-02 1.68361308e+04 1.37001632e+01
 -4.71751715e-02 -5.81937774e-01 -7.43467888e-02 3.17266116e-01 -2.51453651e+03 1.37037109e+01
 1.38318659e+00 6.70411653e-02 1.81519267e-01 5.29658067e-01 2.98074606e+03 1.37010684e+01
 -5.93462706e-01 7.26254734e-01 -3.71889726e-01 1.45928095e-01 -9.89817358e+03 1.37008536e+01
 -2.22708152e-01 -3.33882303e-01 -2.19168783e+00 -2.86595291e-01 -3.78693647e+03 1.37082280e+01
 -2.12128864e+00 1.70884843e-01 1.61171433e+00 -1.84724158e-04 1.75877882e+04 1.36901866e+01
 1.82951601e+00 -8.42841704e-01 1.13846132e+00 -1.74905742e-01 4.03231642e+03 1.37123509e+01
 -6.77809755e-01 -7.64295524e-01 1.12132442e+00 -3.95944865e-01 1.68440147e+04 1.36933552e+01
 1.67613268e+00 6.36634595e-01 1.00437761e+00 -1.04114892e-01 -1.39974678e+04 1.37006842e+01
 3.68507816e-01 7.59946347e-01 -8.13162751e-01 -3.98998365e-01 2.07493653e+03 1.36959657e+01
 -1.04427185e-01 -1.45498246e-01 1.10600109e+00 -6.19429220e-01 -9.30493943e+03 1.36972295e+01
 1.01638738e+00 1.64302391e-02 -9.40570068e-01 -1.02365643e-01 3.93623155e+03 1.37062626e+01
 -7.94862230e-01 -4.97273738e-01 2.83405349e+00 -4.08409129e-01 -1.35201918e+04 1.37002839e+01
 5.56368063e-01 9.92965223e-02 1.32845924e+00 4.39989458e-01 1.61416121e+04 1.37039801e+01
 2.13101980e-01 -4.64634016e-01 -1.04514704e-01 6.07863413e-01 9.57582540e+03 1.37022922e+01
 1.52255861e+00 -2.29984202e-01 -1.58405935e+00 6.38505332e-02 -4.94776129e+03 1.37031277e+01
 4.81822122e-01 -1.41619649e-01 -4.42506188e-01 1.29317633e-01 1.61836235e+04 1.36942807e+01
 -1.19333983e+00 -1.36290469e-01 1.14321008e+00 1.44530229e-01 -6.09778983e+03 1.36992602e+01
 -2.32151883e+00 7.33600640e-01 3.88013630e-02 -1.11664012e-01 -2.12046016e+04 1.36941850e+01
 3.52989655e-01 2.27853940e-02 2.33359790e+00 -2.85975421e-01 -2.06490157e+03 1.37021555e+01
 -7.27513104e-03 -6.53047653e-02 -1.27049081e+00 4.20031945e-02 2.10391778e+04 1.37010215e+01
 9.42090093e-01 -1.19247639e+00 5.90636698e-01 1.27727375e-01 9.82864893e+03 1.36949448e+01
 1.47956523e-01 -2.81409234e-02 2.20715300e+00 2.06711499e-01 1.94691477e+02 1.36946977e+01
 8.54207113e-01 3.57895331e-01 -2.23174841e-02 7.60722884e-02 2.41381411e+04 1.37189752e+01
 -8.17028140e-01 -6.88092083e-01 1.11323316e-01 2.38663490e-03 -3.60422634e+03 1.36907006e+01
 5.74492288e-01 -2.52265577e-01 1.53152744e+00 -3.82633478e-01 1.95247243e+04 1.37088048e+01
 2.16046233e-01 -2.77980336e-02 -2.72427196e-01 -2.42888167e-01 -4.39931112e+04 1.37011212e+01
 -1.06836919e+00 9.77662702e-01 3.67276443e-01 -5.19332945e-01 1.19198310e+04 1.36860627e+01
 -6.53287352e-01 6.02211413e-01 -2.11085288e-02 3.96199754e-01 3.89250452e+04 1.37053022e+01
 2.71105722e-01 7.80609505e-01 -1.44685499e+00 1.66042006e-01 -4.27466302e+04 1.37009390e+01
 7.77222243e-01 6.89107126e-02 -1.18164170e-01 -5.28582490e-01 4.68418286e+03 1.36968310e+01
 4.72006801e-01 1.32572916e-01 -6.86878724e-01 7.73618589e-01 1.13774772e+04 1.36968936e+01
 1.52755146e+00 -2.74378217e-01 -2.08660084e-01 2.40813333e-01 8.83305328e+03 1.37029596e+01
 3.54974389e-01 7.78670768e-01 1.49913923e+00 2.60482162e-01 -1.89399537e+03 1.37034522e+01
 -9.24701813e-01 -8.63088663e-03 9.75461539e-01 -8.05081211e-01 3.41726512e+04 1.36923196e+01
 -2.48899739e-01 7.61362837e-02 1.03162829e+00 -4.63569603e-02 -5.08770339e+04 1.37012900e+01
 -8.60186154e-01 1.13563652e-01 7.38582724e-01 -6.47181736e-02 2.31481441e+04 1.36975796e+01
 1.73931791e+00 -8.83921559e-02 -7.95056485e-01 1.15647402e-01 1.31581425e+04 1.36993443e+01
 -2.59773011e-01 6.91045259e-01 2.30539476e-01 8.44571316e-01 -5.53395726e+03 1.37031037e+01
 7.89157549e-01 1.05798309e-01 -1.60119507e+00 -8.83804882e-01 2.22359766e+04 1.37027638e+01
 -2.49733894e-01 2.93118267e-01 -1.29609963e+00 -3.93017959e-01 -4.86235525e+03 1.36930571e+01
 -1.36164940e+00 -4.96867458e-01 -1.27490163e+00 2.13833235e-01 -1.22863644e+04 1.37017319e+01
 -2.01499783e-01 6.48952332e-02 -1.50926788e+00 -3.79414181e-01 -4.27273542e+03 1.36951169e+01
 -1.14965747e-01 -4.64158523e-01 9.87767390e-01 -2.94688654e-02 -2.16950132e+04 1.37022641e+01
 -6.80449453e-01 -3.19550198e-01 -2.60671367e+00 -1.01382569e-02 4.73404570e+04 1.36914284e+01
 -1.18543721e+00 1.22594995e-02 -3.39008664e-01 -1.21386839e-01 -2.62198715e+03 1.37009347e+01
 2.84479518e-01 -2.22946144e-01 -5.21365560e-01 -9.55701735e-01 -3.26899725e+04 1.37064448e+01
 -5.38055205e-01 7.32108302e-01 -7.87831445e-01 4.13224535e-02 -6.64141100e+03 1.37093000e+01
 -9.27742270e-01 4.96806737e-02 -8.26053356e-01 7.24029130e-01 3.69075280e+04 1.36958036e+01
 7.00970295e-01 4.66634026e-01 2.00226816e-01 7.91447235e-02 -1.14082666e+04 1.37056410e+01
 -1.50153509e+00 -2.17644628e-01 1.30632889e+00 7.56774384e-01 2.31563875e+04 1.36851686e+01
 8.79918239e-01 1.88547747e-01 -1.94185455e+00 7.85408870e-01 -2.08210536e+04 1.36977559e+01
 -9.39273960e-01 -1.06001149e-01 3.47954169e-01 -6.22497876e-01 -1.49728445e+04 1.36957632e+01
 -1.19194004e+00 3.90260441e-01 -1.33358338e-01 -9.31335828e-01 -1.08259880e+04 1.36960260e+01
 8.92829744e-02 2.80949713e-01 9.49728937e-01 2.60062263e-01 8.30792229e+03 1.37011154e+01
 5.50102836e-01 -6.97118676e-02 9.71705785e-01 7.41933145e-01 1.37501834e+04 1.36881127e+01
 -5.26235900e-01 1.74913173e-01 -3.08276113e-02 3.42933768e-01 9.44885695e+03 1.36929837e+01
 -5.35574650e-01 -1.27274790e-01 -4.07564293e-01 -1.62279959e-01 -1.85437334e+04 1.37058924e+01
 -1.02220336e+00 1.81276932e-01 -1.92604957e-01 2.89074579e-01 -3.37475974e+03 1.37019844e+01
 -1.61558365e+00 -3.36708700e-01 -1.49085587e-01 -6.47404532e-01 1.17785788e+04 1.36926366e+01
 8.17804486e-01 -1.18585329e+00 -3.05177827e+00 9.75013828e-01 -2.34821956e+04 1.37009625e+01
 -1.06582729e+00 4.36337303e-01 -7.35233179e-01 -2.93221640e-01 5.63925929e+02 1.36976639e+01
 -5.00311989e-01 7.59007020e-01 -2.14179599e+00 2.63924526e-02 -1.64913834e+04 1.36966212e+01
 -1.92917612e+00 1.69532823e-01 -5.09266791e-01 -5.09524810e-01 1.01036252e+04 1.36952387e+01
 -8.93687660e-01 -4.51498992e-01 8.19778864e-01 3.57138937e-01 2.67541948e+04 1.37086506e+01
 1.41899789e+00 1.46122191e-01 -8.87863394e-01 6.00256152e-01 -4.20572979e+04 1.36977009e+01
 4.23442592e-01 -1.09247144e+00 -2.88055370e+00 -1.83022101e-01 2.23297601e+04 1.36988140e+01
 2.31781421e+00 1.85300394e-01 -1.46881616e-01 -3.81905761e-01 -6.55723718e+03 1.37085779e+01
 2.50303833e-01 8.79611515e-02 -9.92005346e-01 -6.45656838e-01 -1.39059478e+04 1.36998158e+01
 5.52779883e-02 -1.01670908e-01 1.43841730e+00 1.37090155e-01 -1.63196514e+04 1.37002718e+01
 -1.53087740e-01 -1.66160983e+00 1.74247728e+00 3.53613581e-01 3.28452865e+04 1.36888854e+01
 -9.50643156e-01 8.66750364e-01 1.02062862e+00 -5.64521599e-01 1.04005699e+04 1.36892378e+01
 1.36133292e+00 -9.61505989e-02 -2.44970845e+00 -2.84188602e-01 3.17784354e+04 1.37083729e+01
 -6.33313915e-01 7.12440624e-01 4.93902980e-01 6.29726132e-01 -5.47627566e+03 1.36912145e+01
 -1.06810159e+00 3.95786497e-02 -1.26388126e+00 -1.44806231e-01 1.46051607e+04 1.37089845e+01
 -7.23575660e-01 -1.58613287e-02 -6.21750897e-01 -3.05381202e-01 1.63157973e+03 1.36824318e+01
 -1.87348926e+00 5.48768111e-01 1.23480001e-01 5.54651042e-01 8.35022588e+03 1.36868087e+01
 7.06805704e-01 -1.85461209e-01 -3.19981196e-01 -1.36284254e-01 -1.08562040e+04 1.37023944e+01
 1.98763018e-01 -7.97221007e-01 4.30111963e-01 -9.03882618e-02 -2.66770684e+04 1.37007600e+01
 9.98960588e-01 -7.01261076e-01 7.42563383e-02 3.38441590e-01 9.94693987e+03 1.37024809e+01
 -2.44767476e-01 1.00072898e-01 -8.09076300e-01 -1.39678222e-01 3.06926329e+03 1.36970046e+01
 -1.53426874e+00 3.35215577e-01 1.83081951e-01 -5.12660269e-01 6.38152654e+03 1.37051431e+01
 8.98575861e-01 -9.35084520e-02 5.62869106e-01 4.61310553e-02 -3.19927682e+04 1.37091430e+01
 -2.30557019e-01 -2.21012405e-01 -7.02057840e-01 1.22678429e-01 2.08655502e+04 1.36929986e+01
 5.16177525e-01 1.89034361e-01 -8.41685674e-01 3.28866256e-01 -7.54313282e+03 1.37118628e+01
 9.96332404e-01 -4.23721216e-01 5.11339276e-01 -2.72885942e-01 -2.57541070e+04 1.37015348e+01
 2.57870290e-01 4.27810112e-01 -3.73271470e+00 3.24830312e-01 1.67494947e+04 1.36933200e+01
 5.08836162e-01 -2.83572766e-01 8.70898787e-01 -1.73958562e-01 1.14284164e+04 1.36921717e+01
 7.43519076e-01 5.07665165e-01 -3.97482905e-01 3.89204836e-01 -3.32995521e+04 1.36959939e+01
 2.51720822e-01 -9.44559254e-01 -1.00591731e+00 -1.92992838e-01 4.44002301e+03 1.37061240e+01
 -6.15722998e-01 1.39268604e-01 1.07291559e+00 5.35431756e-01 1.17277567e+04 1.36891767e+01
 -1.01884192e+00 4.20285765e-01 -1.42048139e+00 -1.05638314e-01 -2.30523859e+04 1.36968829e+01
 1.59981313e+00 1.01555487e-01 -1.19995826e+00 1.22056772e-01 -3.11078889e+04 1.37064724e+01
 -1.27273949e+00 -1.82099577e-01 6.58566785e-01 3.60948981e-01 -1.44005033e+04 1.36924581e+01
 4.59705247e-03 -3.04073008e-01 7.80368726e-02 7.88742751e-01 -1.08580553e+04 1.36965315e+01
 -2.94475748e-01 -5.38183239e-02 8.56389087e-01 6.63483321e-01 3.61941300e+04 1.37004947e+01
 -5.83436764e-01 4.99400629e-01 -8.79082122e-01 5.02543326e-01 2.58927634e+04 1.36956074e+01
 6.37003449e-01 -2.85648495e-01 7.31379809e-01 1.69397458e-01 2.72606969e+04 1.36908191e+01
 -1.95170027e+00 -3.76179987e-01 -5.37862700e-01 -8.10643711e-02 -1.11738939e+03 1.36860394e+01
 3.91340797e-01 6.73206673e-02 1.77033981e+00 1.10738411e-01 1.34721644e+04 1.37101336e+01
 -1.85191051e+00 -1.74822729e-02 -6.03766158e-01 -1.70504704e-01 3.89736279e+03 1.37091893e+01
 -1.54476295e-01 6.31936780e-01 -4.34380687e-01 2.88568165e-01 4.33507976e+03 1.37137232e+01
 6.11832886e-01 -4.85075826e-01 2.06976791e-01 -2.97760696e-01 1.70836223e+04 1.36978528e+01
 -1.43863642e+00 -3.66164037e-01 2.84375813e+00 -1.43023556e-01 -3.77138100e+04 1.36995030e+01
 1.58396091e+00 -4.81255027e-01 -1.32894593e+00 -8.91498951e-02 -2.08248222e+04 1.37035626e+01
 1.10391751e+00 -5.07833858e-01 -8.38099693e-01 -1.85096982e-01 1.20007070e+04 1.37076185e+01
 8.08941607e-01 5.21740642e-01 4.73883447e-01 -1.33324494e-02 -9.91543816e+03 1.37106848e+01
 -8.06926128e-01 -5.36777101e-01 -1.76343381e-01 1.58461228e-01 -1.40494170e+03 1.36916441e+01
 3.99116712e-01 8.20586064e-01 -6.35211067e-01 2.40049159e-01 1.98376960e+04 1.37030631e+01
 2.12023040e+00 -8.53453138e-01 8.24881973e-01 -9.53798596e-02 1.59583288e+04 1.37104291e+01
 -5.15139373e-01 -2.04117298e-01 8.28388728e-02 -6.40757836e-01 1.08751587e+03 1.37034745e+01
 -8.81087872e-01 3.82603272e-01 8.57051733e-01 -7.58924476e-01 -2.32816127e+04 1.36987225e+01
 1.26366465e-01 -8.12630690e-01 6.66099002e-01 2.46941084e-01 -9.28130464e+03 1.37060330e+01
 -6.91914139e-01 -6.42607365e-02 9.54082808e-01 1.72596040e-01 -1.60473381e+04 1.36970306e+01
 2.95617592e-01 -1.88727983e-01 -6.18531219e-01 -6.19649193e-01 1.28437712e+04 1.36910528e+01
 1.02441058e+00 -3.81225489e-01 4.87833384e-01 -5.97511893e-01 -2.28327731e+04 1.36951531e+01
 -1.17274641e+00 4.24362265e-01 9.55348586e-01 -5.66858706e-01 -8.90897060e+03 1.37026003e+01
 -1.21716131e-01 -1.68941598e-01 2.25132708e+00 -3.75932819e-01 1.90011972e+04 1.36944044e+01
 -1.30346280e+00 2.69996745e-01 -1.75002437e-01 -5.78192349e-02 -3.22313157e+04 1.36946335e+01
 -1.13163429e+00 -3.80386807e-01 3.36962727e-01 8.22356427e-01 -7.78777089e+02 1.36992743e+01
 1.21314487e+00 5.42651610e-01 2.79457706e-01 -2.12869431e-01 7.11339136e+03 1.37076907e+01
 -7.39399266e-01 4.53443597e-01 8.03717210e-01 7.32441969e-01 -1.91014732e+04 1.37156646e+01
 1.98626551e-01 2.83224593e-01 6.34781792e-01 -4.19768409e-01 -2.23161647e+04 1.37074955e+01
 -2.20405290e-01 6.91123492e-01 1.73895566e-02 -8.72849234e-01 9.66517929e+03 1.36988353e+01
 1.61611219e+00 -8.58899084e-02 2.53067615e+00 -2.08585498e-01 -3.24787029e+04 1.37148430e+01
 -1.23945687e+00 1.14636898e+00 -3.06401697e-02 1.61087660e-01 6.87588042e+02 1.36894020e+01
 -1.35678157e+00 8.81873112e-02 2.19990659e+00 -6.43151151e-01 -1.17455429e+04 1.37001220e+01
 -1.07021236e+00 -1.85567777e-02 2.07056844e+00 -4.76451925e-01 1.81114195e+04 1.37011009e+01
 8.18743020e-01 7.68137491e-01 1.32839904e+00 -6.37890094e-01 -1.39778187e+04 1.36971507e+01
 3.63072359e-01 -5.10598602e-01 4.98441122e-01 -8.17389659e-01 1.27147119e+04 1.36952999e+01
 -7.23158678e-01 1.37912285e-01 1.39313036e+00 -2.79630098e-01 1.61093338e+04 1.37026686e+01
 -1.54544650e+00 -2.02036232e-01 8.24319105e-01 -9.17050091e-01 2.60225592e+03 1.36918960e+01
 -2.23014236e+00 9.66626443e-03 5.93745429e-01 -3.35590467e-01 2.30068425e+04 1.36776243e+01
 -4.12532431e-01 -1.28670087e-01 1.69985101e+00 -8.30395147e-01 3.81966239e+04 1.37041122e+01
 -2.37609047e-01 -1.03321266e-01 1.08132039e+00 7.63210013e-02 2.64142664e+04 1.37000975e+01
 -1.45519357e+00 -7.16829674e-01 4.29386260e-01 -5.54948540e-02 -8.36659878e+03 1.36965672e+01
 -3.68543179e-01 1.03255187e+00 1.57322751e+00 -2.39594300e-01 1.91290899e+04 1.36950932e+01
 -4.03076686e-02 -3.77374490e-01 -4.76799265e-01 7.61154777e-01 -2.14435620e+04 1.37013197e+01
 -5.39905468e-01 7.80406094e-01 3.92346229e-01 4.38211478e-03 2.19893209e+04 1.37017760e+01
 -1.76618452e-01 -6.66779690e-01 -1.18016932e-01 -1.67947554e-02 3.43195218e+03 1.36959531e+01
 1.39854969e-01 -2.67512170e-01 -3.10354960e-02 -4.92758599e-01 -3.23504787e+03 1.36970595e+01
 -5.15626172e-02 -7.97186113e-01 1.62753823e+00 7.39137194e-01 7.00210223e+03 1.36946656e+01
 1.75067826e+00 -3.48769196e-01 2.30798683e-01 8.20997410e-02 -1.15459494e+02 1.37197523e+01
 -2.25214332e-01 -2.80883988e-01 3.11696857e-01 9.15375906e-02 9.57157610e+02 1.36941426e+01
 1.08706357e+00 -6.97166463e-01 1.40118579e+00 -2.31693762e-01 -1.62381371e+04 1.37006054e+01
 1.60506745e-01 -9.99405276e-01 4.90746280e-01 -2.44404790e-02 2.51034269e+04 1.36971613e+01
 1.29044894e+00 -4.60987241e-01 -1.26119579e+00 3.60604880e-01 -2.24244033e+04 1.37026516e+01
 1.87344411e+00 4.77247379e-01 -1.07363524e+00 8.44760878e-01 -9.68530766e+03 1.36995580e+01
 1.39790081e+00 -4.15971913e-01 -2.33730430e+00 -5.26115120e-01 -3.13055399e+03 1.37010697e+01
 3.70662101e-01 -2.23190782e-02 -1.12829270e+00 -1.89959694e-01 -1.63721404e+04 1.37075465e+01
 1.55127474e+00 -9.11969661e-01 -6.10107735e-01 5.53933798e-01 1.67821668e+04 1.37087535e+01
 -8.65924355e-02 5.54221886e-01 -2.71170906e+00 -7.24773159e-02 -6.92881766e+03 1.36960063e+01
 -6.06761479e-01 -6.05074548e-01 2.30393883e+00 -1.52533361e-01 9.80007932e+03 1.36971684e+01
 -1.19524434e+00 -1.34874156e-01 -1.61409108e-01 3.04569729e-01 -1.12825878e+04 1.36866530e+01
 1.32021283e+00 -1.43045157e-01 -6.74897451e-02 1.95671636e-01 1.23067180e+02 1.36960363e+01
 -1.43053301e-01 1.02597319e+00 -1.41340992e-01 -1.80267436e-01 -1.24048787e+04 1.36996518e+01
 1.30850782e+00 2.83317543e-01 -1.08992543e+00 -3.07204434e-01 -5.43056209e+03 1.37173750e+01
 -1.94164259e+00 2.59742025e-01 3.84579106e-01 4.73255443e-02 1.84837943e+03 1.37074498e+01
 -1.89865414e+00 1.29783510e-01 9.00927383e-01 2.27461105e-01 1.08863223e+04 1.36995504e+01
 2.23566422e-01 -1.03312912e+00 5.19285797e-01 3.86620544e-01 1.18236711e+04 1.36971700e+01
 -5.39453800e-01 -5.19781208e-01 -5.58676460e-03 -2.16157014e-01 -3.05346116e+04 1.36939901e+01
 -6.87910130e-01 7.54194773e-02 -6.43209289e-01 -9.49933836e-04 1.16303274e+04 1.37077841e+01
 3.57113825e-01 3.75876071e-01 8.83615188e-01 3.31900781e-02 1.12520082e+04 1.37036448e+01
 -1.89143503e-01 -6.61603955e-01 2.60650259e-01 -4.02519212e-01 2.25228918e+04 1.37056578e+01
 6.79475164e-01 -9.59564387e-02 -4.47762796e-01 -5.46027136e-02 3.27317694e+04 1.37182500e+01
 1.34860221e+00 -8.21319055e-02 1.39380219e+00 4.02899544e-01 -1.05983659e+04 1.36967906e+01
 2.06770537e+00 3.53505700e-01 2.50198869e-01 -3.98616038e-01 -1.20427745e+04 1.37101499e+01
 -3.60681197e-01 -9.34563685e-02 -1.65400509e-01 5.19815334e-01 -2.26514270e+03 1.37004681e+01
 1.93359400e+00 9.24475749e-01 6.63556148e-01 -4.45266497e-01 -2.69170584e+04 1.36941004e+01
 -2.05537225e-01 -1.69463178e-01 -1.30134683e+00 -2.57228145e-01 3.48274202e+04 1.36937634e+01
 1.05674819e+00 1.43696400e-01 -9.79591721e-01 -3.05046394e-01 2.99178077e+04 1.37113083e+01
 6.26362650e-01 5.60584334e-01 -9.34034293e-01 -1.78155459e-02 -1.24474009e+04 1.36943523e+01
 8.86208588e-01 -8.27219381e-01 4.51526313e-01 2.78178108e-01 -1.33524995e+04 1.36949552e+01
 -9.05657159e-01 4.09249503e-01 1.24209862e+00 -2.39385919e-01 3.35211716e+04 1.36848686e+01
 1.44410919e+00 -2.35122865e-01 1.86218254e+00 -3.18947122e-01 -3.47940064e+04 1.36986333e+01
 -2.40283392e+00 4.27217419e-02 9.78599511e-01 -1.74247844e-01 -4.59635469e+03 1.36869958e+01
 -4.10282830e-02 7.40057265e-02 1.57555995e+00 -4.63238236e-01 1.24285005e+04 1.37045093e+01
 -5.52705507e-01 4.75684124e-02 6.84540640e-02 3.51792656e-01 -6.39964624e+03 1.37017678e+01
 -1.21530755e-01 -9.60194078e-01 2.03307516e-01 4.34708647e-01 -1.34649144e+04 1.36968004e+01
 9.91660501e-01 -2.51653602e-01 1.24449515e+00 -2.21815978e-01 3.02500543e+04 1.37049609e+01
 1.34777120e-01 1.75728390e-01 1.43231684e+00 -1.50966625e-01 1.31566215e+04 1.36964714e+01
 -1.96625873e+00 -7.44234543e-02 1.12698834e-01 5.51605688e-02 4.34188855e+04 1.36860748e+01
 1.32186152e+00 -3.74182065e-02 -4.12719450e-01 1.91536276e-01 -2.16941666e+03 1.37054636e+01
 -3.13772136e-01 7.85154044e-01 1.70717530e-02 1.49075314e-01 -2.20153036e+04 1.36922187e+01
 2.24013827e+00 1.50331146e-01 1.68366014e+00 1.84776880e-01 1.89566431e+04 1.37027143e+01
 1.40885200e+00 1.00229410e+00 -1.31157008e+00 7.34141021e-01 -2.35877366e+04 1.37182983e+01
 -1.61609707e+00 4.89858206e-01 1.15065868e+00 2.87617711e-01 1.60361481e+04 1.36960384e+01
 -4.05097242e-01 -1.67892940e-01 9.51174887e-01 1.11652571e+00 3.17777999e+02 1.36913872e+01
 -3.24662727e-01 -3.75160219e-02 2.62514435e-02 3.17692560e-01 -6.75636477e+03 1.37028402e+01
 9.88901390e-01 -1.26495773e+00 3.85226511e-02 2.43395099e-01 -2.33232556e+04 1.37044408e+01
 -2.18708492e+00 5.31998069e-01 5.95511734e-02 2.16859368e-01 -1.14491641e+04 1.36954175e+01
 3.80343184e-01 -2.85853566e-01 7.76228433e-02 2.47747359e-01 1.75885481e+04 1.37048136e+01
 5.57301354e-02 2.15496004e-01 1.64278689e-01 2.71073902e-01 -3.75807343e+04 1.37008156e+01
 3.41038978e-01 4.38093017e-01 1.16744159e-01 9.76724563e-01 -5.55991464e+03 1.37088168e+01
 6.06882716e-01 1.59638541e-01 2.52135198e+00 5.91536430e-01 4.95922034e+03 1.37040331e+01
 2.80041249e-02 7.67446103e-01 -7.53597296e-02 7.61141851e-01 -1.21307691e+04 1.36905906e+01
 5.19679284e-02 -1.00419726e+00 2.30473756e+00 7.11252893e-02 -1.44793841e+04 1.36981762e+01
 6.33930363e-01 1.06726616e+00 -8.70085294e-01 -6.14649052e-02 -2.47596619e+03 1.36944547e+01
 -6.56131380e-01 5.38664169e-01 -2.67906226e+00 7.27821191e-02 1.08119133e+04 1.36951366e+01
 7.74317593e-01 3.44769533e-02 8.11489732e-01 -7.42545778e-01 1.96603996e+04 1.36975075e+01
 -2.54675496e-01 9.94046767e-01 8.49547986e-01 -6.79205342e-01 1.34392926e+04 1.36960831e+01
 -7.04026587e-01 2.47318406e-01 -9.16038807e-01 2.01327484e-01 -3.84766958e+04 1.36956175e+01
 4.09166671e-01 3.31294951e-01 2.13676714e-01 -1.02942739e-01 -8.43403813e+03 1.36975341e+01
 -8.49514417e-01 7.97623101e-02 8.07793495e-01 1.93047821e-01 -1.36251302e+04 1.36977004e+01
 -3.47310180e-02 3.07856680e-01 -3.39356724e-01 1.33391808e-01 -1.65839498e+04 1.37001110e+01
 4.95679603e-01 2.02343950e-01 -1.34875047e+00 -8.44979135e-01 1.77731598e+04 1.36915638e+01
 2.28833049e+00 -2.67794704e-01 -1.27760715e+00 3.41368400e-01 -1.97916980e+04 1.37027341e+01
 -1.34200996e+00 -1.10023922e+00 -1.26632967e+00 2.81957452e-01 1.65387679e+03 1.37077111e+01
 -3.37684634e-01 3.67321782e-01 2.25070896e-01 -5.99970069e-03 -1.40298998e+04 1.36970303e+01
 -1.86067187e-01 -3.23992469e-01 8.00629821e-01 -1.04791564e-01 2.61518484e+03 1.36943996e+01
 -1.27583495e+00 -5.37782384e-01 6.23028792e-01 5.33442618e-01 -4.22799160e+04 1.37000156e+01
 -3.61268706e-01 3.76320910e-01 4.32776515e-02 1.47412348e-01 -5.61089480e+03 1.36963835e+01
 2.95958081e-01 -7.64629103e-02 1.47420890e+00 4.23537101e-01 2.01204056e+04 1.37004802e+01
 4.84467161e-01 9.34613521e-01 2.04952430e+00 -5.07319470e-01 1.15462930e+04 1.36979498e+01
 -5.84377609e-01 3.10290680e-01 -7.18258995e-01 3.05754261e-01 -1.65099032e+04 1.36930629e+01
 2.56239423e+00 3.92981608e-01 5.86688273e-01 3.46975115e-01 2.37445275e+04 1.37143229e+01
 5.03837666e-01 -1.03184124e+00 3.19097309e-01 -3.44848354e-01 -1.04458022e+02 1.37026053e+01
 6.87916096e-01 -3.05875755e-01 3.75099330e-01 3.66595526e-01 2.91268613e+03 1.36981628e+01
 -1.87253554e+00 -6.88307242e-01 -4.73527474e-01 -1.26695586e-01 1.06451461e+04 1.36862572e+01
 1.63699163e-02 1.24527884e-01 1.20687984e+00 -5.49952565e-01 -5.24633246e+03 1.36964189e+01
 4.08184603e-01 2.81430002e-01 9.92510857e-01 -1.84593097e-01 -2.78255646e+04 1.36995429e+01
 1.83646715e+00 6.00544277e-02 5.80303895e-01 -9.06078350e-02 -4.53296695e+03 1.37109388e+01
 1.97804306e+00 6.77824944e-01 -2.43465095e+00 -7.01838703e-01 1.51992784e+04 1.37017235e+01
 2.72850532e-01 -3.83208348e-01 8.86603490e-02 -2.08542088e-01 -2.41565220e+04 1.36965756e+01
 -5.49529694e-02 4.69205360e-02 -1.26619463e+00 -6.73619899e-01 9.70504769e+03 1.36987797e+01
 7.54962344e-02 2.32072211e-01 1.64027733e+00 3.77590367e-01 1.48538172e+04 1.37062153e+01
 8.97226942e-02 1.33774218e+00 -5.77965241e-02 4.15437494e-01 -3.14845599e+04 1.37026132e+01
 -1.84365156e+00 3.35276328e-01 -1.44450709e+00 -5.03933829e-01 2.54510439e+04 1.36888363e+01
 -5.61981092e-01 -5.24252327e-01 -1.18631489e+00 2.69451417e-01 8.90443392e+03 1.37035680e+01
 9.13930922e-02 -1.95194159e-01 6.21527375e-01 -1.46574806e-01 2.95393125e+03 1.37019408e+01
 6.70511098e-01 8.27925031e-01 5.48452155e-01 2.86808077e-01 -1.20807469e+04 1.36990158e+01
 3.19593447e-01 1.86541248e-02 1.24834403e-01 1.95870574e-01 1.00369646e+04 1.36990294e+01
 -1.37724400e+00 3.83220623e-01 1.11204045e+00 -5.08509247e-01 7.54178719e+03 1.36946016e+01
 2.28031430e+00 1.02724889e+00 -6.70156337e-02 -1.73656704e-02 -2.51479378e+04 1.37145046e+01
 -1.85023426e+00 -3.98977113e-02 -1.05373417e+00 3.62124768e-01 1.44306884e+04 1.36952218e+01
 1.02431999e+00 -2.03183764e-02 6.46541508e-01 7.36220090e-02 4.66875856e+03 1.37192509e+01
 3.82004855e-01 1.88823319e-01 8.64438334e-01 -1.16157272e-01 -1.53691441e+04 1.36961341e+01
 -7.12928219e-01 5.79717300e-01 3.44284506e-01 1.00943409e-01 -5.55504038e+03 1.36937826e+01
 -6.54148538e-01 6.63194034e-01 7.35584191e-01 -6.12559763e-02 3.05681046e+04 1.37127733e+01
 4.15065921e-01 -2.39087790e-01 -2.41463972e+00 -5.68858872e-01 1.97621244e+04 1.36965928e+01
 1.06736196e-01 3.54382790e-01 2.44061580e-01 -6.69338597e-01 2.90543500e+03 1.36985815e+01
 2.27209208e+00 6.71404174e-03 -7.52914855e-01 -1.04853116e+00 -4.43424572e+04 1.37153041e+01
 1.97387555e+00 -1.67510006e-01 5.14278383e-02 -5.92324987e-01 2.72146264e+04 1.37054970e+01
 -1.61134055e+00 -5.16926014e-01 9.94829320e-02 -6.93655733e-01 1.31786983e+04 1.37027474e+01
 1.47008849e+00 -1.05772753e-01 1.23607798e+00 -7.54506219e-02 -6.83872100e+03 1.36998199e+01
 -1.11270569e+00 2.49479948e-01 -9.20601169e-01 1.99635817e-01 5.51913901e+04 1.36826614e+01
 1.26847419e+00 -6.74664457e-01 3.28693132e+00 6.32712546e-02 -1.51020002e+04 1.36938510e+01
 1.28895499e+00 -9.91224731e-02 -2.57941935e+00 -7.84846894e-01 -1.23256120e+04 1.37012611e+01
 -8.84304558e-01 6.81307637e-01 -1.55676894e+00 7.59760767e-02 1.55792878e+04 1.36902640e+01
 -2.93104582e-01 3.75918399e-01 1.34112597e+00 -1.58474784e-01 3.22973121e+04 1.36981443e+01
 1.59394482e+00 -1.75394047e-01 -8.24537714e-01 9.91108138e-01 -3.66177980e+04 1.37114721e+01
 3.94085554e-01 -1.61779483e+00 1.07297289e+00 7.67400245e-01 -2.78910010e+04 1.37006552e+01
 -3.16978783e-01 -2.36661912e-01 -1.36346340e+00 -5.88815281e-02 1.74236375e+04 1.36992957e+01
 1.48740231e+00 4.60793512e-01 3.17715749e-01 7.21128281e-01 -2.49341808e+03 1.37090546e+01
 1.95581432e-01 5.99611484e-01 -1.12958874e-01 2.71176082e-01 -3.48772412e+04 1.36982471e+01
 6.39758384e-01 -3.30286681e-01 8.13224048e-01 1.58670646e-01 7.22083040e+02 1.37054900e+01
 1.73381222e+00 5.29594194e-01 7.99221236e-02 4.41997795e-01 4.07500819e+04 1.37083579e+01
 -5.57270101e-02 -1.03909662e+00 8.99346398e-01 1.19762868e-01 8.47340612e+03 1.36953599e+01
 1.35595161e-01 1.94948202e-01 1.24611336e+00 2.04157501e-01 -3.10359885e+04 1.36898436e+01
 -4.97512259e-01 -2.31392155e-01 1.51555322e-01 1.29036656e-01 -3.74163905e+04 1.36911450e+01
 -1.25443687e+00 -1.17502248e+00 -1.02708926e+00 -5.79945387e-01 -9.81738295e+03 1.37022524e+01
 5.56798302e-01 3.09951098e-01 -1.70469176e-01 -4.42300183e-01 -1.83099486e+03 1.36995742e+01
 -3.34839295e-01 1.54526824e-01 -4.18062890e-01 -1.68622635e-01 4.22803302e+03 1.36983566e+01
 1.83393401e+00 8.37787221e-01 -5.95729122e-01 -6.00851673e-01 -2.61712757e+04 1.37090728e+01
 -3.05868610e-01 2.22684293e-01 7.83314621e-01 -5.38833464e-01 -1.03965026e+04 1.36995960e+01
 2.86214764e-02 -4.83896635e-02 4.79223908e-01 -3.70649036e-01 2.60334051e+04 1.37046499e+01
 -3.33466145e-01 -4.92420080e-01 -1.17875630e+00 2.74404305e-01 1.05076377e+03 1.37032363e+01
 6.26928181e-01 -9.13486579e-01 7.18119872e-01 -1.12800052e-01 2.14587151e+04 1.37057088e+01
 7.46552051e-02 1.06667643e+00 -1.21506995e+00 1.36684746e-01 -2.68993603e+04 1.36944438e+01
 -1.22665898e+00 -8.69514068e-02 9.83751644e-02 -2.18113465e-01 1.79529333e+04 1.36976321e+01
 -1.77629509e+00 -5.38370583e-01 -4.43770703e-02 -4.29283025e-01 -4.91933291e+03 1.36841423e+01
 -1.92017799e-02 2.01418250e-01 7.75835288e-01 1.44662878e-01 -6.13581970e+03 1.36993438e+01
 1.40694190e+00 -9.31344581e-01 6.43599997e-01 3.40537006e-01 9.91069399e+03 1.36993345e+01
 3.05295280e-01 -1.63448513e-01 -9.40766753e-01 1.06201070e-01 -1.16399913e+04 1.37018858e+01
 4.35626236e-01 6.97508300e-01 -8.56773400e-01 -1.00618207e-01 3.48018593e+04 1.37024141e+01
 5.01683494e-01 -3.07632099e-01 -1.80834792e+00 2.78736188e-01 2.42438841e+04 1.37112306e+01
 6.86471780e-01 -5.32442808e-01 -1.24923465e-01 2.87263909e-01 -1.42382164e+04 1.37001681e+01
 8.78425677e-01 -2.59823880e-01 -2.28688451e-01 -1.55123377e-01 1.87730512e+04 1.37074610e+01
 5.11854923e-01 -2.82624778e-01 2.44498410e+00 1.84371008e-01 3.37303268e+04 1.37047118e+01
 8.35338606e-01 4.56997492e-01 3.81530835e-01 -3.14983528e-01 1.31057910e+04 1.37035231e+01
 -1.36331681e+00 -1.08748981e+00 2.06643761e+00 -4.33973138e-01 1.26262468e+04 1.36965530e+01
 -3.37494785e-01 -2.12374569e-01 -1.48716893e-01 -2.95132610e-01 -2.19439796e+04 1.37039288e+01
 2.72769663e+00 1.08456851e+00 1.76202928e+00 -3.04609671e-02 -3.38067229e+03 1.37224163e+01
 -8.74214521e-01 -2.42422365e-01 1.94677157e+00 4.50659603e-02 -1.25880977e+04 1.36930045e+01
 -1.71576956e-01 3.34464651e-01 1.18452996e+00 -4.98378914e-01 -1.76462234e+04 1.37063948e+01
 -7.03093349e-01 -1.71090456e-01 1.17761776e+00 6.53494712e-02 -6.10578696e+03 1.36855733e+01
 -1.79771857e+00 1.09584848e+00 -7.24252915e-01 -6.87278160e-02 -9.03543341e+03 1.36896438e+01
 2.65167319e-01 3.20344931e-01 -6.51083239e-02 8.70842135e-01 8.57850818e+03 1.37084012e+01
 2.34909946e-01 -1.36359800e+00 -7.85892290e-01 4.21754606e-01 3.21719643e+03 1.37040499e+01
 -6.47242606e-01 -8.81306285e-01 3.88274204e-02 -4.01111029e-02 2.10833948e+04 1.36973397e+01
 -1.53413499e+00 5.44935912e-02 4.10135863e-01 -8.28724694e-02 -9.14257291e+03 1.36987567e+01
 1.07265698e+00 3.33001979e-01 1.02873134e+00 -5.55127242e-01 -1.85230209e+04 1.37002096e+01
 1.35865718e+00 4.39934230e-02 1.98953265e+00 -1.28443528e-01 -2.33472092e+04 1.37073919e+01
 4.39875286e-01 6.05441781e-01 -1.41870458e+00 -1.36600581e-01 6.54451846e+02 1.37067082e+01
 -1.31855411e-01 -4.44373975e-01 3.92809126e-01 2.44383295e-01 -4.66593689e+03 1.36908748e+01
 -1.49986246e+00 4.59178689e-02 1.38941328e+00 -3.71907572e-01 2.77052231e+04 1.37098587e+01
 -1.14964161e+00 -7.23068841e-01 -1.79084320e+00 -3.34288658e-01 1.27706809e+04 1.36979372e+01
 -2.11170575e-01 4.94654514e-01 -1.96515420e+00 -2.10260677e-01 -1.93126617e+04 1.36905262e+01
 4.62365859e-01 -6.16734533e-01 2.43636281e+00 1.26566868e-01 4.15441228e+03 1.37124971e+01
 -3.25530367e-01 2.32798339e-01 1.69557439e+00 8.58440993e-01 -1.26937059e+04 1.37054815e+01
 6.66802351e-01 3.69696055e-01 -1.75144025e-01 6.60033335e-01 -4.16238024e+04 1.37044920e+01
 7.78387534e-01 2.80868531e-01 4.83853579e-02 3.07193215e-01 -2.06802984e+04 1.37034944e+01
 3.08892973e-01 1.44989656e+00 1.80042422e-01 5.84250702e-01 -5.70329413e+02 1.37009629e+01
 2.30448542e-01 -9.05692009e-02 1.20802615e+00 9.46348823e-02 -1.09184875e+04 1.36918320e+01
 7.55216152e-01 5.12150169e-01 5.43488334e-01 6.83710842e-01 -2.83274901e+03 1.37006939e+01
 1.68061945e+00 2.10378367e-01 -1.84506400e-01 6.23311968e-02 1.50232973e+04 1.36959984e+01
 -1.21606629e-01 -6.21795432e-01 -7.26881846e-02 -1.63249720e-02 -1.89768484e+04 1.36948313e+01
 -7.09021589e-01 2.31795605e-01 1.98882392e+00 1.44538893e-01 -7.33140463e+02 1.37122366e+01
 -8.38384984e-01 8.60053604e-02 6.99230953e-01 3.61806802e-01 -1.57941278e+04 1.36928405e+01
 4.42219319e-01 3.47430615e-01 -1.67141714e+00 4.41363105e-02 2.40168680e+04 1.37076968e+01
 -9.98539299e-02 8.79105914e-03 2.14521813e+00 1.32161704e-01 3.71915478e+04 1.37110150e+01
 -1.55465797e-01 -6.39378067e-01 3.36001606e+00 -2.58481773e-02 3.19005327e+03 1.37059129e+01
 -8.36425115e-01 3.68025876e-01 3.90102819e-01 1.31982194e-01 -8.30257149e+03 1.36964198e+01
 -1.26126436e+00 7.26537390e-01 2.71392241e-01 5.66455259e-03 -7.23076163e+03 1.36934878e+01
 4.04423880e-01 5.21780108e-01 -1.99032783e-01 -3.89818832e-02 2.42615964e+04 1.37002266e+01
 1.91696554e+00 5.00131590e-01 -1.10197121e+00 1.19592462e-03 1.29283077e+04 1.37054182e+01
 8.43542912e-01 -1.02429308e+00 -3.78208551e-01 6.03327793e-01 5.23762680e+03 1.37144328e+01
 -1.50278051e-01 -5.68797451e-02 -8.33179212e-01 -3.73567825e-01 -3.08491620e+03 1.36895768e+01
 -7.03657735e-01 -2.45385586e-01 -1.05866249e+00 3.74634501e-01 2.20537858e+04 1.36975887e+01
 4.54808801e-01 6.01373854e-01 1.63540851e+00 3.18054994e-01 3.66509251e+03 1.37014467e+01
 -2.63283313e-01 7.49324427e-01 -7.91223577e-01 5.15359268e-01 -4.94693092e+04 1.37115602e+01
 -1.31438156e+00 8.63230749e-01 -1.67915293e+00 2.39552079e-01 -8.24130416e+03 1.36879471e+01
 -7.19550272e-01 9.22337339e-01 5.86576627e-01 5.72280354e-01 2.83347163e+04 1.37015867e+01
 -1.27403911e+00 1.24283530e+00 -5.06145049e-01 2.65796406e-01 -1.28389134e+04 1.36966959e+01
 5.64553102e-01 -6.32471465e-02 1.09089060e+00 -1.13646831e-01 -7.31629596e+03 1.37005936e+01
 4.36598570e-01 4.99842674e-01 1.37982637e-01 -4.90123259e-01 -6.27171407e+03 1.37032244e+01
 -7.84326138e-01 -9.66961502e-01 2.03703584e-01 -1.17246672e+00 4.41456527e+02 1.36994452e+01
 2.68294030e+00 -1.00201469e+00 7.41319874e-03 8.55581777e-01 -7.62394549e+03 1.37100559e+01
 -2.68531557e+00 -4.32966412e-01 3.54482411e-01 5.09934948e-03 7.05954060e+02 1.36951133e+01
 6.14796035e-01 4.27690911e-02 8.98120636e-01 -6.12491126e-01 5.04962496e+03 1.37009275e+01
 -2.46125933e+00 -3.58362033e-01 6.50936430e-01 3.52547504e-01 2.22730867e+04 1.36918729e+01
 4.31094135e-01 5.96460311e-01 6.13475988e-02 -2.92073010e-01 -1.84562954e+04 1.36997953e+01
 -2.80172213e-01 -1.27107447e+00 -1.32070602e+00 4.17716676e-01 1.43425231e+04 1.36965818e+01
 -1.35560006e-01 -2.57508073e-01 -8.80616018e-01 3.61492483e-04 3.38566485e+04 1.36946137e+01
 -2.94286733e+00 -5.92188807e-02 1.68306387e+00 5.78578791e-01 1.93244721e+04 1.36797348e+01
 -1.22214997e+00 4.58562330e-01 -6.41012786e-01 6.07420380e-01 -1.05498803e+04 1.36947216e+01
 -2.28363273e-02 5.53255906e-01 2.98596209e-02 -3.90415662e-01 -4.93545204e+02 1.37042219e+01
 2.68036013e-01 -1.34014376e-01 3.84700281e-01 1.62495318e-03 -1.86097482e+03 1.37078871e+01
 -1.43065279e+00 3.61522804e-01 -1.49656387e-02 4.44810746e-01 -3.12815172e+04 1.36971042e+01
 1.47183942e+00 4.54726204e-01 -2.74572567e-01 2.66049471e-01 -1.30614208e+04 1.37128024e+01
 1.89918053e-01 4.48647013e-01 -1.88205309e+00 3.67242323e-01 1.42548745e+04 1.36950607e+01
 3.45499560e-01 -8.12764363e-01 1.39311077e+00 3.68237906e-02 -4.55385948e+03 1.37057233e+01
 1.77243792e+00 -1.79978893e-01 -9.49997210e-01 4.09912928e-02 2.99436160e+03 1.37122099e+01
 6.44090081e-01 -2.20906583e-01 -1.06060590e-02 2.91439739e-01 1.01327212e+04 1.36911681e+01
 2.27164123e-01 2.11753051e-01 2.43820358e-01 1.44511069e-01 -4.18970151e+02 1.37013090e+01
 -8.83350425e-01 -6.73797512e-01 1.92819584e-01 7.23173161e-02 -5.71863114e+03 1.36854167e+01
 1.12483096e+00 4.96351000e-01 2.06018653e+00 -2.91665983e-01 -1.21410333e+04 1.37085152e+01
 -7.04273388e-01 -4.49024932e-01 1.99873853e+00 -4.90627706e-01 2.60153192e+04 1.36973721e+01
 6.92167000e-01 -4.56609614e-01 1.14049112e-01 5.73886499e-02 1.17977867e+04 1.37019902e+01
 -2.06155425e-01 3.52520064e-01 4.09969118e-01 -2.01669296e-01 -7.70852683e+03 1.36928924e+01
 4.44730030e-01 -8.01326886e-01 2.59265258e-01 5.28741502e-01 -1.89710310e+04 1.37019211e+01
 -5.33271131e-01 -1.35617779e-01 1.49418409e+00 -4.39516146e-01 1.67074286e+04 1.36987783e+01
 1.38739755e+00 -2.12662136e-01 2.67507658e-03 9.57556452e-01 2.73822894e+04 1.37129855e+01
 8.81970486e-01 5.68902588e-01 -4.05174755e-01 6.15276139e-02 6.31814915e+03 1.36958077e+01
 1.26928510e+00 -2.02537648e-01 -1.10988629e-01 4.25071804e-01 -2.00450235e+04 1.37002753e+01
 7.17487173e-02 -5.43707471e-01 9.14731632e-02 -4.53875812e-01 -7.45298944e+02 1.37054296e+01
 -5.14360399e-01 7.51491381e-01 -2.19712139e+00 -1.13212537e-01 1.59977955e+04 1.36928522e+01
 2.11746834e+00 -1.82690819e-01 -1.60234189e+00 9.50378426e-02 -2.70566495e+04 1.36992133e+01
 -1.61573644e+00 6.94095370e-01 1.05229063e-01 -3.36095904e-01 2.90664893e+04 1.36967247e+01
 1.21878137e+00 6.94182992e-01 3.23835886e-01 -3.69634501e-01 -1.81021151e+04 1.37021444e+01
 -3.12836646e-01 1.10347596e+00 8.18491550e-01 -3.14468485e-01 6.60114318e+03 1.37066214e+01
 2.60119907e+00 9.89816743e-02 1.56774950e+00 -1.98422506e-01 3.55936280e+04 1.37128934e+01
 -5.11078315e-01 7.79528837e-02 4.98551830e-01 3.84493010e-01 -6.48779072e+03 1.37132798e+01
 -1.79145290e+00 7.23139782e-02 -2.17383223e+00 -1.25822308e-01 -2.99181107e+04 1.36964303e+01
 2.06184339e-01 3.04754519e-01 -1.05330173e+00 -1.82709540e-01 -1.12632424e+04 1.36938826e+01
 6.01405871e-01 1.03109798e+00 1.43070180e+00 3.58135646e-01 1.07970945e+04 1.37056161e+01
 1.98164566e-02 -1.22304755e-01 1.06617815e+00 -2.59607147e-01 1.37727292e+04 1.36930314e+01
 -1.33823173e+00 2.82700119e-01 -1.16993056e-01 1.65833788e-01 -4.61286988e+04 1.37110909e+01
 2.19712765e-01 4.83417208e-02 1.67645384e+00 1.80897282e-01 -9.59947444e+03 1.36979404e+01
 6.85539426e-01 6.78777052e-01 1.63809503e+00 2.82671331e-01 2.13571244e+04 1.36944596e+01
 1.00583465e+00 -5.19969843e-01 -1.29615266e-01 6.38634249e-01 2.11248412e+03 1.36985044e+01
 -9.11877459e-01 -2.91619379e-01 -8.79555114e-01 1.81106206e-01 -7.51129642e+02 1.36904542e+01
 1.30294797e-02 -4.88083435e-01 2.90177359e+00 2.10671383e-01 1.38782300e+04 1.37069506e+01
 1.05186882e+00 9.04277267e-02 1.38383051e+00 -2.00726744e-01 -1.75224793e+04 1.36909745e+01
 5.60629375e-01 2.17186511e-01 -7.22696812e-02 -3.21057185e-01 1.43039999e+04 1.37025738e+01
 7.80646121e-01 3.40174684e-01 -2.45873592e-01 4.42144158e-01 2.91182943e+03 1.37052820e+01
 -1.30187383e+00 6.27883047e-01 -1.42909338e-01 -2.42396960e-01 1.80948171e+04 1.36920057e+01
 -5.09207536e-01 -1.82834655e-01 -4.51748759e-01 -1.59220634e-01 -3.47153310e+04 1.36952877e+01
 2.68039865e-01 8.77913191e-01 -6.31533934e-01 3.33179621e-01 9.21597999e+03 1.36983400e+01
 -1.02948730e-01 1.28801448e-01 3.39864839e-01 4.75377315e-01 1.62508504e+04 1.36942085e+01
 -1.27110777e+00 1.97685656e-01 1.40619231e-01 2.27607676e-01 -9.73082128e+03 1.36942519e+01
 6.81980399e-02 1.12735492e+00 2.18043479e-01 2.87717483e-01 6.80016357e+03 1.36950184e+01
 1.29890075e+00 4.38618794e-01 1.40095027e+00 7.13164851e-02 9.69217242e+03 1.37023391e+01
 -2.52704493e-01 5.34617298e-01 4.93271593e-01 -6.48337052e-01 2.01969523e+04 1.37017821e+01
 -1.82277032e+00 -6.38076275e-01 3.85809835e-01 2.99120607e-01 1.15191578e+04 1.37014722e+01
 1.36541509e-01 1.32508361e-01 8.48929132e-01 -6.57568539e-02 2.32155992e+04 1.37014343e+01
 1.00192463e+00 2.25625530e-01 8.19937565e-02 1.66557821e-02 6.23929295e+03 1.36996693e+01
 -2.62086842e-01 5.36639308e-01 1.32590007e+00 4.13521555e-01 -7.41436979e+03 1.37184533e+01
 2.91045064e-01 -7.67372157e-01 9.75940945e-01 1.49605838e-02 2.95176957e+03 1.36996384e+01
 8.74367055e-01 -1.03726763e+00 -1.97907072e-01 -3.62074729e-02 2.56859049e+03 1.37095857e+01
 1.20340475e+00 2.27738346e-01 -3.33767693e+00 2.93176594e-01 -1.49117515e+04 1.37135255e+01
 -6.83936845e-01 -1.07314764e-01 -1.47675110e-01 3.80873529e-01 8.54951683e+03 1.37050694e+01
 5.57758336e-01 1.45500531e+00 -8.65652234e-01 4.23374000e-01 1.89207359e+04 1.37036993e+01
 -2.52263560e-01 2.74271257e-01 -6.81824858e-01 4.31088427e-01 -1.36911204e+04 1.37054747e+01
 7.19570181e-01 2.11710002e-01 3.28133564e-02 5.41124911e-01 -1.42847301e+04 1.37067618e+01
 7.27018699e-01 -7.38330017e-01 1.59778249e+00 -4.13954860e-01 -3.39629065e+04 1.36927137e+01
 1.40772023e+00 3.20472843e-01 2.36664011e-02 1.08792800e+00 1.54177899e+04 1.37007164e+01
 -2.91886404e-01 -4.51250369e-01 9.99874236e-01 -1.18434446e-01 6.16435184e+04 1.36966314e+01
 8.53424693e-02 1.79719499e-01 -1.62286832e+00 7.52671249e-03 -2.49818360e+04 1.36959165e+01
 -2.02501036e-01 -7.16501589e-01 1.78865572e-01 7.00548010e-04 5.27121214e+04 1.37058599e+01
 -8.06250071e-02 3.02330092e-01 1.21092316e+00 5.97719747e-01 -4.25536095e+04 1.36979579e+01
 1.21884641e+00 -9.03594896e-01 1.54119102e+00 -7.69039704e-02 5.24044523e+03 1.37092607e+01
 1.34201751e+00 8.12541539e-01 -6.32809682e-01 -5.41838858e-02 -5.68200920e+03 1.37087357e+01
 -6.02795272e-01 -2.38867237e-01 1.50720481e+00 2.45137563e-02 2.54495855e+04 1.36963080e+01
 -1.58755887e+00 1.88784613e-01 1.94727084e+00 9.68410372e-02 -1.55269116e+04 1.36987219e+01
 1.00305380e-01 -1.24879054e+00 -1.03915261e+00 -3.71778637e-01 -2.90587391e+04 1.36920381e+01
 -1.51832276e+00 5.40475893e-01 -1.26563242e-01 1.62481396e-01 5.82717410e+03 1.37031567e+01
 9.99622182e-01 2.31692239e-01 1.01443029e+00 -1.80711903e-01 1.79705946e+04 1.37008085e+01
 1.28366277e+00 1.60573929e+00 -3.53615155e-01 6.97378738e-02 3.30105075e+04 1.37108127e+01
 -4.48590164e-01 -2.83023339e-01 6.64167869e-01 3.97150835e-01 6.70156760e+03 1.37064702e+01
 2.67318350e-01 2.26569123e-01 1.06384752e+00 2.61191959e-01 8.07498473e+03 1.36922972e+01
 1.07340851e+00 -5.19834095e-01 -2.79115383e-01 2.11356106e-01 -5.34516112e+03 1.37077283e+01
 1.33964178e+00 4.17824412e-01 8.80838931e-01 -4.94773286e-03 3.73132961e+04 1.37103643e+01
 -3.72730167e+00 -2.10420166e-01 -1.24277076e+00 -2.03046112e-01 1.40155725e+04 1.36939286e+01
 1.86481632e-01 -3.32371340e-01 -4.53445717e-01 -7.43660885e-02 -4.47026543e+03 1.36886529e+01
 7.74106358e-02 3.62931996e-01 -4.60099989e-01 -5.54092032e-01 2.62241668e+04 1.36905951e+01
 -1.55458779e+00 7.06350683e-01 5.41468675e-01 -5.50276311e-01 -1.84900616e+04 1.36935769e+01
 -9.87126990e-01 -3.18105103e-01 -8.63928145e-01 7.49285755e-01 5.40773667e+03 1.36925526e+01
 1.57076871e+00 -1.73849800e-01 -3.58866376e+00 7.48412077e-01 -1.50919667e+04 1.37084706e+01
 1.57454294e-01 4.27413628e-01 1.27916339e+00 8.12428683e-01 -2.75588997e+04 1.37080190e+01
 1.30901700e+00 3.07948695e-01 4.87957623e-01 6.57592298e-01 3.23568531e+04 1.37024077e+01
 3.29117023e-01 -4.91790823e-01 -7.07512422e-01 -9.34116373e-02 -1.18724478e+04 1.36978643e+01
 6.53219514e-02 1.29850514e+00 -7.33983188e-01 6.22305111e-02 -2.79566643e+04 1.37154241e+01
 1.96604616e+00 -1.77479726e-01 -8.95033855e-01 -4.31466832e-01 -3.52339949e+04 1.37124566e+01
 5.13666926e-01 -4.68610727e-03 1.91676170e+00 2.63508450e-01 1.16612582e+04 1.37081701e+01
 -2.40660961e+00 2.41693473e-01 -1.03623697e+00 5.25682469e-02 -1.48503863e+04 1.36869741e+01
 -8.74369366e-01 -4.40349369e-01 -3.33835472e-02 4.58309641e-01 -2.75395746e+04 1.36992471e+01
 1.65805149e+00 7.45271324e-01 -4.71979340e-01 -2.82977114e-01 -1.93272052e+04 1.37077570e+01
 5.07378341e-01 -8.71110123e-01 4.52965675e-01 4.62534577e-01 -1.29015476e+04 1.36982270e+01
 -5.53490021e-01 -1.45562703e-01 -4.98681863e-01 -4.41378541e-01 7.69648979e+03 1.37006401e+01
 -6.58708308e-01 3.89811635e-01 2.72963662e+00 4.27441568e-01 1.08651654e+04 1.37003914e+01
 1.42010156e+00 8.41218298e-02 1.17731446e+00 -6.19966035e-02 2.03929946e+04 1.37038158e+01
 3.46234457e-01 2.06577041e-02 1.59721490e-01 1.05966450e+00 -1.04158071e+04 1.36970447e+01
 -2.78990977e+00 2.45622521e-01 -2.60750156e-01 -1.38886824e-01 -4.32861468e+03 1.36982193e+01
 3.80067261e-01 9.34233986e-01 -1.05806221e+00 -8.19038404e-01 -5.93655296e+03 1.36988456e+01
 1.04561228e+00 4.39582216e-01 1.23321796e+00 2.77218361e-02 4.23793363e+03 1.36948266e+01
 1.46311809e-02 -7.35261918e-01 -8.42407746e-01 -5.17480269e-01 4.62942058e+03 1.36937769e+01
 1.40278876e+00 8.26695101e-01 -5.24768048e-01 8.59334035e-02 2.30330400e+04 1.37106298e+01
 -1.34081695e+00 2.97566632e-01 -1.62321489e+00 6.80141647e-01 3.78536538e+03 1.36944928e+01
 -1.20987294e+00 -1.22746407e-01 4.09371350e-01 4.97792990e-02 1.13183086e+04 1.36993149e+01
 -9.56118162e-01 -4.22498702e-01 1.73892027e+00 -2.60481562e-01 4.10546735e+03 1.37038407e+01
 -1.06584863e+00 -4.73377820e-01 5.10554208e-01 -2.43437419e-01 -9.45107372e+03 1.36973912e+01
 1.40941579e+00 5.04054854e-01 1.00042735e+00 2.13599530e-02 -2.04197014e+02 1.37107163e+01
 1.12988408e+00 3.79983222e-01 -9.79865393e-02 -1.42770877e-02 1.95088014e+04 1.37143117e+01
 -7.12476448e-01 -5.26543771e-02 4.10132391e-01 1.82705015e-01 -3.60484555e+03 1.37201265e+01
 -2.11886585e+00 1.75803575e-01 1.98238735e+00 -5.40887938e-01 -1.28834821e+04 1.36904677e+01
 -7.11283737e-01 -1.67042156e-01 1.02950010e+00 -1.60031355e-01 3.89632637e+04 1.36893185e+01
 6.75845757e-01 1.03471252e+00 1.87350242e+00 4.86825038e-01 -5.55438919e+03 1.37024103e+01
 9.94431733e-03 -4.54994561e-02 -4.77032732e-01 4.70754354e-01 1.64183531e+04 1.37033385e+01
 -1.59687947e+00 3.75110052e-01 1.20489551e-01 -6.81758815e-01 -2.65216514e+04 1.36973412e+01
 3.40073699e-01 -1.40023704e-01 -7.87383528e-02 5.46228342e-01 -1.40805803e+04 1.37068387e+01
 -3.03484603e-01 -4.48036059e-01 -1.11827616e+00 4.24751977e-01 -4.16699638e+03 1.37018687e+01
 8.60275365e-01 9.13923053e-05 -3.74363117e-01 -8.47487585e-02 5.63192151e+03 1.36942390e+01
 -7.96683087e-01 2.28580137e-01 1.70049708e-01 -3.44803414e-01 -7.12014211e+03 1.36920160e+01
 -2.08521343e+00 -6.06229825e-01 -9.85822451e-01 2.25927767e-01 7.54206141e+02 1.36887662e+01
 8.70471130e-01 2.15724421e-01 -5.62810182e-01 -2.84509175e-01 -7.66991869e+03 1.37166606e+01
 -4.61260036e-01 4.59805386e-01 1.40654770e+00 -4.63696639e-01 -2.28673219e+04 1.37007364e+01
 1.05851766e+00 2.35212920e-01 -1.66370618e+00 3.37153086e-01 5.36342232e+02 1.37190962e+01
 -3.05988359e-02 -7.05795079e-02 5.48562278e-01 -3.61459402e-01 2.23987316e+04 1.37019209e+01
 1.40186911e-01 1.20227882e+00 9.70902345e-01 7.30662800e-01 2.83368208e+04 1.36987002e+01
 -1.77950979e+00 1.04500894e+00 -1.78999695e-01 2.80525014e-01 -2.52329564e+04 1.36855507e+01
 2.44117683e+00 3.00105034e-01 2.30771040e-01 4.62059964e-01 -6.69055623e+02 1.37106446e+01
 1.14279315e-01 -8.77319974e-01 8.32903906e-01 1.33276587e-01 4.37167801e+04 1.36952567e+01
 -1.20972416e+00 2.76247252e-01 1.93756987e-02 4.44112193e-01 -3.46988272e+03 1.37069004e+01
 2.42826235e-01 8.54591486e-01 -8.53535737e-01 -4.17225020e-01 -1.36509550e+04 1.37065606e+01
 9.65659845e-01 -9.86264553e-02 3.46428116e-01 -7.32561203e-02 -2.01564228e+02 1.37024477e+01
 3.46531752e-01 2.55072479e-01 -8.38475262e-01 3.27979469e-01 -1.09309274e+04 1.36982530e+01
 8.71976698e-01 -6.75831904e-01 2.27933610e-01 4.20289241e-01 -3.95084464e+03 1.36969572e+01
 1.77203692e-01 1.00350910e-01 3.84510623e-01 1.24792256e-01 -4.48474674e+04 1.36909889e+01
 8.07308385e-01 -7.81972845e-01 1.80938629e-01 6.77289292e-02 2.54753536e+04 1.36984483e+01
 8.10874658e-01 8.73218760e-01 -2.49620198e-01 9.95878387e-01 1.99860267e+04 1.37015535e+01
 -7.91187494e-01 3.75942800e-02 6.86065637e-01 3.11220697e-01 -2.98064409e+03 1.36952253e+01
 3.45585285e-01 -1.02624133e+00 5.39005969e-01 -8.86810698e-02 5.59284549e+03 1.36969860e+01
 1.10488922e-01 4.68873240e-01 -1.41026352e-01 -1.64013954e-01 -1.32621112e+04 1.36978722e+01
 -2.16571445e-01 -5.67669129e-01 2.23777919e-01 1.37111218e-01 4.27972753e+03 1.37008969e+01
 -1.36506766e+00 8.55383239e-01 6.55263077e-01 8.62490184e-03 -2.89177745e+04 1.36830287e+01
 -1.59867676e+00 1.18646303e-01 -8.96150630e-01 6.57881757e-02 -1.46727992e+04 1.36919109e+01
 -1.50349445e+00 5.95568646e-01 1.15005259e+00 -1.23919594e-01 1.01294896e+04 1.37015328e+01
 -6.73583731e-01 -1.01034444e+00 -1.25598136e+00 -4.73935468e-01 2.27516926e+04 1.37017995e+01
 -9.54190684e-01 -1.04901789e+00 6.07624411e-02 -3.58004413e-01 -1.75251629e+04 1.37045657e+01
 -6.95721940e-01 -1.28207229e-02 5.82564486e-01 7.08569650e-01 4.35968957e+03 1.37041634e+01
 -2.10984687e+00 5.44050951e-01 -3.93502264e-01 1.93174465e-01 6.36334520e+03 1.36866631e+01
 1.79928880e+00 1.03238170e-01 -7.63699599e-01 -1.59222209e-01 6.00165486e+03 1.37015714e+01
 8.85363719e-01 -5.18393447e-01 -1.64371839e+00 6.77782329e-02 -2.51842965e+03 1.36875263e+01
 2.69377874e-01 4.58277478e-01 -1.72789571e+00 1.66146441e-01 2.60071149e+04 1.36812975e+01
 3.36300451e+00 1.22482708e-01 -4.14771342e-02 -4.84671219e-01 3.52417911e+04 1.37033636e+01
 -5.86701552e-01 3.11725871e-01 7.93397692e-01 4.97212349e-01 -8.62463003e+03 1.36985588e+01
 -7.78459258e-01 -3.94021053e-01 -1.07930509e+00 -8.83427212e-02 2.55968509e+04 1.36975973e+01
 -9.19875528e-01 -2.86865590e-01 1.47954394e+00 -1.50683722e-01 -1.57913566e+04 1.36909967e+01
 -9.12759054e-01 1.57165937e-01 3.25392469e-01 1.08226172e-01 7.39418175e+02 1.36927777e+01
 3.65121949e-01 -5.11159696e-01 -5.60490451e-01 2.79710098e-01 -2.51844546e+04 1.37027122e+01
 -1.49888514e+00 -1.15861580e-01 6.82515504e-01 -3.35721345e-01 -2.77309836e+04 1.37028156e+01
 2.68262316e-01 -4.77423987e-01 7.46209892e-01 -1.41594292e-02 2.45799924e+04 1.37007278e+01
 9.97253334e-01 1.66291388e-01 -6.72478296e-01 8.26794068e-01 -6.89622598e+03 1.37065701e+01
 4.33433676e-01 4.96341334e-01 -3.02807509e-02 5.50588079e-01 -2.11993999e+04 1.37025365e+01
 -5.54465097e-01 -4.41212545e-01 -1.29441882e-01 5.31495631e-01 6.57225627e+03 1.36988964e+01
 -5.86316356e-03 -4.98604956e-02 -5.61503194e-02 3.95883785e-01 -5.48180804e+03 1.37042503e+01
 -1.14977820e+00 1.39419614e-01 9.87141333e-01 -8.44703780e-01 1.29795330e+04 1.36938174e+01
 -5.95113745e-02 -4.85632064e-01 -1.80095428e+00 -1.70946493e-02 -2.60939977e+04 1.37045935e+01
 -1.40775254e+00 -2.80441939e-01 -1.07774159e+00 9.76675541e-01 -2.06017365e+04 1.36951283e+01
 -5.82428418e-01 -1.58582782e-01 -6.80069494e-01 -1.17650530e-01 -3.96132778e+04 1.36919998e+01
 -7.28757609e-02 -1.63395032e-01 -7.39781429e-01 5.87554221e-01 6.42638812e+03 1.37059121e+01
 -1.79279991e+00 1.64862420e-01 2.07468988e-01 -5.43265076e-01 1.20547512e+04 1.36935670e+01
 -1.38694626e+00 5.92749434e-01 -5.80164685e-02 -2.28454940e-03 8.86323781e+03 1.37008948e+01
 -9.67016732e-01 6.01019540e-01 -1.48695179e+00 2.03593194e-01 6.30386826e+03 1.37007753e+01
 -9.43158686e-01 6.63531982e-01 2.31869989e-01 -6.53061893e-01 8.13225449e+03 1.37020545e+01
 4.27211564e-01 -6.96784964e-01 -2.47388385e-01 -7.77647021e-01 2.45614986e+04 1.36965683e+01
 -1.73630358e+00 6.33248134e-01 -1.38377848e+00 -8.45024319e-03 -2.22592408e+04 1.37012247e+01
 1.71719224e+00 -1.22512598e-01 -1.76191660e-01 -3.97005200e-01 -2.22278318e+04 1.36978710e+01
 4.54695794e-01 4.82324620e-01 -2.64423514e-01 -2.71636761e-02 2.26627340e+03 1.37079149e+01
 8.71162870e-01 3.72000618e-01 -1.05947163e+00 3.17380745e-01 4.90701985e+04 1.37054582e+01
 -1.72548592e+00 -6.97847607e-01 -5.83358210e-01 -7.44246972e-01 -5.12438154e+03 1.36935599e+01
 6.73221917e-01 -1.73155002e-01 -1.54054855e+00 -3.22021011e-01 8.34027670e+03 1.37216940e+01
 3.92758866e-01 -3.70706901e-01 -1.17700318e+00 2.01933898e-01 -2.30823113e+03 1.37003041e+01
 -1.24956847e+00 5.95019825e-01 -6.28994537e-01 -7.64261186e-01 1.15787900e+04 1.37014987e+01
 4.55643290e-01 2.55153689e-01 -1.47519392e-01 1.00189224e+00 -5.70478610e+03 1.37039949e+01
 1.27508871e+00 4.26065192e-01 2.45172883e+00 5.85570273e-01 -2.52133393e+04 1.37033711e+01
 7.60950609e-02 1.05289806e+00 1.08648529e+00 -2.36112851e-01 2.85454047e+03 1.37014030e+01
 2.68407810e+00 3.84392736e-01 -5.73012053e-01 -2.34353549e-01 2.61110826e+04 1.36997728e+01
 6.10530838e-01 -7.19378511e-01 -3.73553593e-01 3.66521781e-01 2.83168401e+04 1.36999769e+01
 5.04159734e-01 -1.68876727e-01 1.76978987e+00 -2.32868478e-01 -7.08712381e+03 1.37019724e+01
 2.55573975e-01 9.77168074e-02 2.44689187e-01 1.27424062e-01 -7.88074353e+03 1.36964627e+01
 3.58944278e-01 3.99266644e-02 9.06245208e-01 -7.77038380e-02 1.22333031e+03 1.36959971e+01
 1.28198817e+00 3.43733108e-02 -1.35854750e+00 -3.28724552e-02 1.24569763e+04 1.37090366e+01
 1.02840572e+00 -5.42354969e-01 -2.25523160e+00 -3.67085288e-01 -4.60885215e+04 1.36917919e+01
 9.80755776e-01 -3.86522954e-01 -1.81793483e+00 4.00796261e-01 2.76684290e+03 1.37047405e+01
 1.36845116e+00 5.83109330e-01 1.51607847e+00 -4.41384936e-01 3.79889192e+04 1.36964615e+01
 -1.14778494e+00 1.57312347e+00 2.49419674e-02 3.71727105e-03 4.50089627e+04 1.36945801e+01
 6.82128620e-01 1.50156789e-01 -9.18804935e-02 3.08812740e-02 2.07226348e+04 1.36931847e+01
 1.35683884e+00 -7.61855703e-01 -1.73527832e-01 -7.30188501e-01 -8.29325540e+03 1.37163953e+01
 -2.02703402e-01 2.43306384e-01 3.11099007e-01 -8.78984961e-01 -1.28972920e+04 1.36900751e+01
 2.03578946e-01 2.98591245e-02 1.61962922e+00 2.31463167e-01 2.83489098e+04 1.36898455e+01
 2.50721443e-01 6.10147800e-02 -1.44129216e-01 7.24430738e-01 7.44372126e+03 1.37086792e+01
 5.50861326e-01 -3.70109714e-01 -6.96595884e-01 5.31906149e-01 -1.74333585e+04 1.37071085e+01
 6.05710309e-01 9.52368697e-01 -3.63690139e-01 -1.02405303e-01 2.20321373e+04 1.37034154e+01
 3.18139393e-01 -2.57051801e-02 -1.22135969e+00 8.78223574e-02 -4.78470134e+03 1.37032868e+01
 2.60965686e-01 1.11742763e+00 -1.51374489e-01 -1.50102007e-01 -1.74445520e+04 1.36917522e+01
 -6.11821841e-01 -8.29156792e-01 2.13548440e-01 3.32970712e-01 1.32066718e+04 1.36885066e+01
 2.96307359e-01 -1.20388668e+00 9.09492529e-01 -1.96876886e-01 -1.55845687e+04 1.36959480e+01
 6.41863236e-01 2.58039387e-01 4.07130169e-02 -3.86735501e-01 2.84402563e+04 1.37137420e+01
 1.37767870e+00 -2.48751971e-01 -4.99615735e-01 1.02989139e+00 2.90880125e+04 1.37146891e+01
 3.74551419e-01 4.03372003e-01 -2.50265027e+00 3.33935814e-01 6.71258072e+03 1.37071936e+01
 -1.41031419e+00 2.11768313e-01 5.81658335e-01 -4.48076946e-01 -8.03519477e+03 1.36965939e+01
 2.67836219e-01 9.68969384e-02 -6.76099910e-01 -6.86731040e-02 2.85144950e+04 1.37083874e+01
 6.16811346e-01 -1.24461683e+00 2.62756573e-01 -3.93875148e-01 6.32002441e+03 1.37091785e+01
 1.30355158e+00 -9.64521341e-02 3.55937283e-01 -1.57442899e-01 2.33501867e+04 1.37139979e+01
 -1.45854406e+00 1.16940777e-01 7.35475288e-01 1.36917862e-01 -1.16526779e+03 1.36983388e+01
 -4.62552318e-01 8.47504393e-01 2.98636037e-01 1.45631264e-01 1.05172977e+04 1.36940815e+01
 -1.57410720e+00 -3.21697884e-01 1.04332569e+00 -3.05607200e-01 -1.24748333e+04 1.36847235e+01
 4.10730952e-01 -3.73763538e-01 -1.11469684e+00 -2.89712877e-01 -4.25542860e+03 1.36925492e+01
 -1.13194841e+00 -1.66061427e-02 9.43136373e-01 -5.93888943e-01 1.60136035e+04 1.36983262e+01
 -5.82831907e-01 6.89241920e-01 1.12036765e-01 -6.49777810e-01 -3.60380977e+03 1.36915824e+01
 1.30140697e+00 -5.46110703e-05 1.73666431e+00 -3.58459869e-01 3.11097001e+04 1.37021584e+01
 -1.32873186e-01 1.27212656e+00 2.09300073e-01 3.63995886e-01 -7.63233555e+03 1.36957540e+01
 -1.85479664e+00 -3.90394350e-01 -1.73665496e+00 -4.50625128e-01 6.75905567e+03 1.36922374e+01
 -1.56543542e+00 -2.91255720e-01 9.31273886e-01 1.25904505e-01 1.50555298e+04 1.36839565e+01
 -1.31720939e-01 -1.04583753e+00 5.65563235e-01 1.38258157e-02 6.14032908e+03 1.36959521e+01
 -1.38041660e+00 1.30830553e-01 1.55543691e+00 -2.18821386e-01 -2.34141787e+04 1.37016242e+01
 -6.80340022e-01 -7.92234991e-01 -4.45807593e-01 2.64471328e-01 -2.44175741e+04 1.37026414e+01
 -4.15169194e-01 3.93921223e-01 -2.91499345e-01 1.03470128e+00 2.26532670e+04 1.36975731e+01
 -8.17713691e-01 6.48337655e-01 -6.92457011e-01 -4.17829091e-01 1.35773021e+04 1.36866328e+01
 1.01149964e+00 -1.01539438e-01 1.21873956e-01 -4.21232887e-01 -4.07797229e+02 1.36914619e+01
 1.24419984e+00 1.21974061e-01 -6.92989048e-01 -8.64381169e-01 -1.30589852e+04 1.36967539e+01
 -1.18198751e+00 -1.32405482e-01 5.44452561e-01 -1.90643319e-01 -5.80717491e+02 1.36960148e+01
 1.29502654e+00 -2.12530348e-02 2.83315048e-01 5.83690172e-01 -1.51594101e+03 1.36962741e+01
 5.08793594e-01 -2.57352138e-01 -2.73459997e+00 -6.08190827e-02 1.96003827e+03 1.37105569e+01
 6.03111906e-01 6.48110558e-02 -4.24601528e-01 6.99755556e-01 4.29764187e+04 1.36902933e+01
 -3.24505093e-01 3.50858713e-01 -7.51298009e-01 -2.09816367e-01 1.11906967e+04 1.37069877e+01
 -1.31176386e+00 -6.28482867e-01 -3.72548882e-01 -9.22165053e-01 -3.66773974e+04 1.36961869e+01
 -1.30879428e-01 2.22040849e-01 3.10344766e-01 -2.43026948e-01 6.42291827e+03 1.36971508e+01
 4.26566119e-01 4.51092388e-02 -9.99033103e-01 4.91387962e-01 -1.92399958e+04 1.36990512e+01
 7.35955808e-01 -2.99253407e-01 -1.05826362e+00 3.15011319e-01 -1.09352211e+04 1.37025199e+01
 -3.07391905e-01 6.30638993e-01 1.39585554e+00 -1.98757406e-01 6.19693665e+03 1.37134621e+01
 -2.27937392e+00 -1.54052342e-01 5.14497813e-01 5.25245123e-01 -9.64026059e+03 1.36930226e+01
 -1.36085580e-01 7.24022059e-01 4.13430398e-02 1.86940553e-01 3.16924099e+04 1.36948247e+01
 -4.21777273e-01 -1.03999580e-01 -1.51173056e+00 -4.30778225e-01 3.12730920e+04 1.36995430e+01
 -4.22316951e-01 -1.07845653e-01 -5.86208547e-02 3.08100053e-01 2.27364013e+04 1.36920755e+01
 4.19225658e-01 -1.08144383e+00 1.93781575e+00 -3.56243861e-01 2.18464845e+04 1.36871435e+01
 -1.23244713e+00 8.24304170e-02 1.39940203e-01 -4.55283964e-01 3.86940042e+03 1.36992615e+01
 -4.51266850e-01 6.34224634e-01 -1.11507485e+00 -1.38534644e-01 -3.59130944e+04 1.37058977e+01
 7.75703726e-01 6.63592025e-01 -4.52247604e-01 -1.53589165e-01 -7.66632375e+03 1.36987052e+01
 8.34603374e-01 4.77074519e-01 -1.51159798e-01 -5.99789011e-01 3.93206505e+03 1.37019910e+01
 -2.36039269e-01 4.31235690e-01 2.77700917e+00 -5.03131428e-01 -5.85282525e+03 1.36989639e+01
 -9.04659613e-01 1.94804972e-01 -6.04964537e-01 3.97708735e-01 -7.53434640e+03 1.36851327e+01
 -1.04291196e+00 1.03488526e-01 -1.16848077e+00 -5.05508135e-01 2.09873551e+04 1.37049774e+01
 9.17513361e-02 -4.48006089e-01 -1.10360087e+00 -5.00109805e-02 -1.51265932e+03 1.36986272e+01
 -1.81006986e-01 -7.93582784e-01 -1.40703221e-01 1.07933274e-01 1.11526064e+04 1.37071803e+01
 -1.32640910e-01 -7.38081803e-01 -1.97698243e+00 1.90256000e-01 1.18999998e+04 1.37041983e+01
 -1.57323622e+00 5.90860315e-01 2.65789413e-01 1.01509838e-01 3.39365929e+03 1.36900528e+01
 -1.53998122e+00 6.26770195e-01 1.67607398e+00 -1.38851280e-01 -3.19551202e+04 1.36970232e+01
 3.12039441e-01 1.05064750e-01 -9.91371234e-01 5.55100462e-01 2.38197692e+04 1.37021243e+01
 2.48152106e-01 2.74631473e-01 -8.29520725e-01 -1.71439295e-01 7.13376042e+03 1.36975221e+01
 2.33540346e-01 1.53182524e-01 -2.69772003e+00 4.30365693e-01 -2.44766676e+04 1.37019728e+01
 -3.21044394e-01 5.35895641e-01 1.01192863e-01 -4.14123161e-01 -2.25893975e+04 1.36969433e+01
 9.24793734e-02 -5.08168911e-01 1.49686745e+00 6.59886495e-01 2.20698644e+04 1.37052383e+01
 7.12624758e-01 4.84244991e-03 -2.35329147e+00 5.23098398e-01 -9.58129065e+03 1.37057143e+01
 1.18866202e+00 -3.31778127e-01 -1.65498992e-01 -2.56177356e-01 6.61554609e+03 1.36986031e+01
 -1.25292395e+00 -1.87980290e-01 1.04878296e+00 3.14689952e-01 -2.61912876e+04 1.37093913e+01
 1.09509654e-01 6.04900789e-02 5.52547496e-01 6.30374279e-02 -3.38197595e+04 1.37016053e+01
 -9.58753683e-01 4.76608261e-01 -1.42209162e+00 -1.44749078e-01 -3.72595361e+03 1.37049753e+01
 1.32976431e+00 5.06556766e-01 -2.41429559e+00 -6.53749293e-02 4.08594856e+03 1.37201882e+01
 1.55887518e+00 1.01187319e+00 1.39811456e+00 6.82790552e-01 2.08256854e+04 1.37006040e+01
 -1.12517885e+00 -2.41015985e-01 2.57097565e+00 -4.34104982e-01 -5.58329251e+03 1.37037173e+01
 -1.42894260e+00 1.44460728e-01 6.46842060e-02 -1.72046493e-01 -5.55690144e+04 1.36833809e+01
 6.87313599e-03 -9.15301243e-02 1.66346513e-01 8.59454910e-02 5.22071632e+03 1.37058145e+01
 5.17745226e-01 2.89741852e-01 5.92051434e-01 -1.62755246e-01 -1.73176163e+04 1.36958459e+01
 -1.83301553e+00 -2.76382096e-02 1.90741550e+00 -3.86680972e-01 3.67000816e+04 1.36944946e+01
 -1.71533269e+00 1.09448791e-01 -1.67211652e+00 -4.67560281e-01 2.00920152e+04 1.37017698e+01
 -6.16674497e-01 3.00491309e-01 1.65582347e+00 1.25335281e-01 1.57596015e+04 1.36903884e+01
 1.62663710e-01 2.40004976e-01 1.25906097e+00 -6.38855109e-01 -1.98412010e+01 1.36903994e+01
 9.01228307e-01 -4.00123630e-01 3.64247680e-01 -8.66237209e-01 -1.36328302e+02 1.37017983e+01
 1.24308878e-01 -1.08358711e+00 -9.55642484e-01 3.66435011e-01 -2.64476795e+04 1.37016794e+01
 1.78674815e+00 5.01209230e-01 -1.60379119e+00 2.36515389e-01 -1.37665783e+04 1.37095391e+01
 1.71472710e+00 6.81355559e-01 -3.27493484e-01 4.67579243e-01 -2.82507610e+04 1.37055887e+01
 3.60586538e-01 -4.28648197e-01 7.14791725e-01 2.58156178e-01 1.51081456e+04 1.37047976e+01
 3.51310203e-01 1.01195855e-01 -1.19930437e+00 3.14571090e-01 -1.37941485e+04 1.37022891e+01
 -3.77023082e-01 1.22499490e-01 -1.03091980e+00 -2.81261441e-01 -1.05626762e+04 1.36970550e+01
 2.26400366e-01 -7.05269712e-01 6.94245062e-01 4.83728889e-01 -1.58025867e+04 1.37034887e+01
 -3.32417705e+00 2.69364683e-01 -4.61356890e-02 3.35628137e-01 7.68102626e+03 1.36967147e+01
 -7.58708097e-01 -7.68931235e-02 -6.29965131e-01 1.09832603e-01 -7.10293895e+03 1.36953866e+01
 1.35234243e+00 -3.31032267e-01 2.66330414e-01 -5.03521946e-01 -3.13607462e+03 1.37065900e+01
 1.43213834e+00 6.88973718e-01 1.55228994e+00 7.30100723e-04 5.14372696e+04 1.37012132e+01
 -2.33612832e-01 7.30065095e-01 1.92198187e+00 2.28774393e-01 -2.64274803e+03 1.37049348e+01
 8.98317364e-01 -6.00026883e-01 1.98956673e+00 1.55414425e-01 -1.62111961e+04 1.37087117e+01
 -6.33713897e-01 2.40161994e-01 1.57658245e+00 6.75593134e-01 -3.05136436e+03 1.36996498e+01
 -7.39508680e-01 -7.15322127e-01 1.64834109e+00 4.01647431e-02 -1.45115007e+04 1.36903685e+01
 -4.28700073e-01 -1.55780588e-01 1.51196053e+00 2.08352427e-01 -5.34203850e+02 1.37071002e+01
 -2.45730038e+00 -4.81421875e-01 7.78255758e-01 1.64832959e-02 4.92642509e+02 1.36952828e+01
 7.95169941e-01 4.03606369e-01 1.08931139e+00 1.06558467e-01 -6.19609119e+03 1.37005394e+01
 2.47899558e-01 1.08861892e-01 1.53756091e+00 9.63846896e-01 -7.10611619e+03 1.36966352e+01
 -2.29439297e-01 5.92182507e-01 1.51920289e-01 -3.41232725e-01 1.12259112e+04 1.36898949e+01
 -4.53722754e-01 -5.90289802e-02 -1.21389753e+00 4.73437589e-01 4.74416064e+02 1.37038699e+01
 -7.08136017e-02 -1.28094090e-01 -7.49844762e-01 -9.62039841e-03 -1.31738388e+04 1.36974375e+01
 -1.62267756e+00 -6.76141265e-02 -6.10899815e-01 -6.79255190e-01 1.75022631e+04 1.36970170e+01
 1.97085986e+00 -1.44247337e-01 -2.74390114e-01 1.72886151e-01 1.63507057e+04 1.36982558e+01
 3.21826004e-01 -1.17022071e+00 -1.74570536e+00 -5.75450484e-01 2.82870511e+04 1.36983315e+01
 1.64337075e-01 -1.12012712e-01 -1.96928961e+00 -4.55334779e-01 -2.60643613e+04 1.36934622e+01
 -2.23845290e-01 -7.58338549e-01 1.73946533e-01 -1.00752879e-01 -1.68940820e+03 1.37011020e+01
 4.60092576e-01 -1.87097594e-01 1.05160927e+00 -1.19106461e-01 4.99648758e+03 1.36890518e+01
 -3.50876410e-01 -6.36515558e-01 4.49342823e-01 2.11043383e-01 1.38185856e+04 1.36981360e+01
 5.17487280e-01 3.96530310e-02 -4.84997973e-01 -2.11484319e-01 -7.13593521e+03 1.37042935e+01
 1.33683634e+00 -8.04159688e-01 1.95145226e-01 -1.92147376e-01 1.64437688e+04 1.37060304e+01
 -1.06316530e+00 -3.23444028e-01 -3.01774553e-01 -6.01436288e-02 9.53340723e+03 1.36995469e+01
 1.57949985e+00 -8.79163930e-01 -6.26234046e-01 -8.20611074e-01 -1.39267761e+04 1.37094508e+01
 3.21802727e-01 -2.10894626e-02 8.55589682e-01 -4.71372756e-01 -1.24185920e+04 1.36954222e+01
 2.69718813e-02 3.30068245e-01 5.27802799e-01 2.21215874e-01 1.01490958e+04 1.37007298e+01
 -1.06021776e+00 1.39749019e-01 1.58611339e+00 -5.25510412e-01 7.01387689e+03 1.36996757e+01
 -1.51177281e+00 -5.59099568e-01 7.11482689e-01 7.44828116e-01 2.86437022e+04 1.36942460e+01
 -1.82410771e-01 3.12449180e-01 9.61242504e-01 3.75777553e-01 -1.49914660e+04 1.36942870e+01
 -1.29761269e+00 -4.37991802e-01 -6.82548995e-01 2.32745106e-02 3.14181341e+04 1.36982066e+01
 1.19823534e+00 -1.05774361e+00 1.14314040e+00 9.88538667e-02 -6.43980792e+03 1.37066230e+01
 -2.66165769e-01 -5.56605202e-01 -8.55050080e-01 -2.71740077e-02 -2.28180037e+04 1.36940687e+01
 1.64046010e+00 -7.53128627e-02 2.04135459e+00 -1.31618000e-01 2.96626315e+04 1.37066642e+01
 -2.33018855e-01 -7.59730034e-01 1.27793026e+00 3.21043067e-01 -2.60930328e+03 1.36910953e+01
 4.31153693e-01 1.38245219e-01 -1.19257955e+00 3.29546418e-01 1.47514581e+04 1.36986586e+01
 -2.68979939e-01 1.69944104e-01 -9.83878362e-01 -4.49885731e-03 4.49315686e+04 1.36996450e+01
 4.12134682e-01 1.14036027e+00 -8.34664726e-01 3.25489457e-01 1.87960095e+04 1.36951219e+01
 8.39374036e-01 -3.48308476e-01 1.22925768e+00 -3.44628015e-01 -2.02725809e+03 1.37016761e+01
 -9.47913083e-01 -3.39705151e-01 1.23031088e+00 3.00233803e-01 -1.00273105e+04 1.36905136e+01
 -1.92006009e+00 -3.72880446e-01 1.26853259e-01 -1.39414195e-01 2.66338687e+04 1.36813304e+01
 -8.90422252e-01 -2.08176430e-01 5.33881159e-01 2.81273038e-01 1.23748370e+03 1.36899465e+01
 1.38783869e-01 2.20823595e-01 1.06979558e+00 -8.80339826e-02 1.85234184e+04 1.37010492e+01
 -1.42132145e-01 -8.97292951e-01 3.53786002e-01 -1.45082768e-01 -2.14883932e+04 1.37022591e+01
 -1.52632081e+00 -6.50408633e-02 1.59625360e+00 -4.98022391e-02 -1.48482648e+04 1.37035128e+01
 -5.37694295e-01 5.30940104e-01 -1.47625480e+00 5.00317808e-01 -1.90820098e+04 1.36971476e+01
 -2.48676866e+00 -4.72313225e-01 3.28106065e-01 6.32462051e-01 -7.81943759e+03 1.37014801e+01
 -4.80759041e-01 3.93494579e-01 -1.12794009e+00 -8.66156469e-02 -2.75348747e+04 1.37034969e+01
 1.28808846e+00 -5.72344543e-01 -1.29762987e+00 -1.25535141e-01 3.53821807e+03 1.36970982e+01
 3.48338281e-01 -4.27350927e-01 -1.68172075e+00 -1.94557101e-01 2.39295864e+04 1.37034317e+01
 7.23124187e-01 3.62529363e-01 1.48492636e+00 -3.50511291e-01 4.85217780e+04 1.37036529e+01
 -9.64184497e-01 -6.75189487e-01 -1.03608124e+00 2.53852294e-01 -5.08092725e+03 1.37012052e+01
 -1.15380888e+00 -1.77340331e-02 -1.09430531e+00 -9.29103935e-02 6.87588959e+03 1.36955651e+01
 -1.05878623e-02 -9.65171089e-02 1.03926434e+00 -6.60293326e-02 2.27101404e+04 1.36992929e+01
 1.63917844e+00 4.75224438e-01 8.90524429e-01 -3.86462920e-01 -3.01924484e+03 1.37051826e+01
 5.61970574e-01 -5.45027662e-01 -2.55055699e+00 -5.97900450e-01 1.26880485e+04 1.37098318e+01
 4.53160790e-01 -3.19046269e-01 1.27583006e+00 -1.87625540e-01 1.00209067e+04 1.36878316e+01
 -1.80917149e+00 -1.16578749e+00 -1.31508666e+00 -7.51776611e-02 -1.09498669e+04 1.36979812e+01
 -5.31066034e-01 -1.56379986e-01 7.88244268e-01 6.69850604e-01 4.95089444e+03 1.37108495e+01
 1.35684647e+00 -2.44990192e-01 -3.36531758e-01 1.32627717e-02 1.05696487e+04 1.37015952e+01
 -5.33756586e-01 -3.24055245e-01 3.17732127e-01 -5.57684438e-02 -1.71583096e+04 1.36966900e+01
 -1.75993586e-01 -1.06179964e-01 -2.15902070e+00 -3.38490814e-03 -3.15489172e+03 1.36929589e+01
 -7.79193074e-01 1.02619912e-01 2.64574292e-01 -2.85039075e-01 -1.09406433e+04 1.37037827e+01
 1.06596803e+00 2.35515081e-02 -2.13269179e-01 3.86543426e-01 1.89038928e+04 1.37007785e+01
 -8.56997554e-02 -2.55552140e-01 2.04857269e-01 -2.24813374e-01 1.16864962e+04 1.37042034e+01
 8.39058126e-01 -3.91295345e-01 -1.20298277e+00 1.98634165e-01 -9.03887029e+03 1.36870021e+01
 6.20861333e-01 -8.58497856e-01 6.02768738e-02 6.02004408e-02 1.46785821e+04 1.37082909e+01
 6.53915553e-02 5.22021404e-01 -1.33343869e+00 -2.04328008e-01 -1.04073516e+04 1.37041122e+01
 3.64719180e-01 2.45850295e-02 1.76540175e+00 5.55327519e-01 2.68086576e+04 1.36980457e+01
 -5.13709222e-01 -1.51684054e+00 -8.33822710e-01 2.14377708e-01 3.15140351e+04 1.36983313e+01
 -5.77193184e-01 3.27167796e-01 3.39473113e-01 5.25838274e-01 2.99905714e+03 1.37033192e+01
 -7.11169386e-01 2.72339516e-01 -7.59530085e-01 -2.49443485e-01 -7.13340344e+03 1.37067966e+01
 -3.53347277e-01 -2.65010698e-01 -9.20279183e-01 -7.22182918e-02 -1.81245338e+03 1.37101459e+01
 1.28760143e-01 -5.33303366e-02 -9.01121438e-01 -6.52960775e-01 -1.19373417e+04 1.37047816e+01
 -8.13969991e-01 1.40491002e-01 2.20380359e+00 6.48625310e-01 1.69152241e+03 1.37019826e+01
 3.56127615e-01 3.22618757e-01 1.73470248e+00 -1.55725400e-01 8.17403100e+03 1.37066431e+01
 -1.48342534e+00 1.66521150e-01 3.56935661e-01 9.95527206e-02 3.21513112e+03 1.37053269e+01
 1.12952561e+00 -5.63099231e-01 1.27611530e+00 6.79042129e-02 1.28402717e+04 1.37087300e+01
 -1.09096844e-01 1.16178720e-01 6.40631708e-01 3.56316716e-01 1.57020673e+04 1.36876806e+01
 -1.49451571e+00 -3.02388133e-01 -8.11973027e-01 4.95773909e-01 -2.19713132e+04 1.36916218e+01
 -3.61499674e-01 6.06370409e-01 2.84687668e-01 -4.84337284e-01 3.64336187e+04 1.37101052e+01
 7.07116036e-01 -3.02747857e-01 -1.01976445e+00 1.72301515e-01 4.34584566e+03 1.36939604e+01
 -9.48348940e-01 -4.99665655e-01 1.04184328e+00 3.31549809e-01 2.47442296e+04 1.36967676e+01
 1.30239812e+00 -4.91624353e-01 -5.90478428e-01 1.56613102e-01 -1.35854112e+04 1.37074477e+01
 8.76560782e-01 1.97272450e-01 1.57996892e+00 2.05861958e-01 1.83744191e+04 1.36998260e+01
 -2.29787377e+00 -1.70028896e+00 7.10582079e-01 -5.15405119e-02 -1.55206522e+04 1.36901993e+01
 -5.18925599e-01 7.55353514e-01 -7.08614539e-01 3.41259413e-01 -6.17422883e+02 1.36986143e+01
 9.57718470e-02 -9.43231058e-01 -1.87642195e-01 -6.00739467e-01 -1.74979341e+04 1.37067195e+01
 -9.79155725e-01 -1.93326708e-02 -1.45678047e-01 4.45179326e-01 1.95054411e+04 1.36956486e+01
 -7.54818553e-01 -1.01628142e-01 -4.94507312e-01 -2.38456583e-01 2.44659601e+03 1.36988885e+01
 -6.28946381e-01 -5.26485305e-01 -1.71508445e-01 9.59042605e-01 -2.08314540e+04 1.36909808e+01
 -2.35322849e+00 2.33049088e-01 -2.28152891e+00 -1.84363540e-01 -9.30658449e+03 1.36955386e+01
 1.80725007e+00 2.93209632e-01 1.06238580e+00 2.26575061e-01 2.47093895e+04 1.37051726e+01
 1.52367312e+00 8.32389307e-01 9.80032708e-01 1.24066272e-01 -2.46138293e+03 1.37001935e+01
 -2.10524113e+00 6.83925330e-01 1.31369816e+00 3.98399770e-02 -3.22159360e+03 1.36925635e+01
 -1.25119619e+00 -1.39257932e-01 3.27543404e-01 1.92468265e-01 -2.60884128e+04 1.37029082e+01
 2.99585275e-03 1.30013749e+00 7.90834390e-01 -3.19250684e-02 2.92843284e+04 1.37024091e+01
 2.86231697e-01 -4.94673727e-01 8.87576495e-02 -7.92841842e-01 7.30227274e+03 1.37081075e+01
 1.21151872e+00 3.36461120e-01 2.29189906e-01 -1.76013071e-01 -2.58396921e+04 1.37139298e+01
 6.87971693e-02 8.57675306e-01 -1.18810900e-01 -1.00153607e+00 -1.12978083e+04 1.37000038e+01
 1.48122257e+00 -1.28644995e-01 -1.53190874e+00 2.84057799e-01 -3.10294139e+03 1.36970580e+01
 1.18819683e+00 5.26402229e-03 -5.25111318e-01 -3.06666577e-01 -1.18136205e+04 1.37013978e+01
 -1.42675199e+00 3.03875045e-01 2.26244664e-03 6.90676432e-02 -2.22071820e+04 1.36995551e+01
 -2.00176883e-01 -4.50620167e-01 1.05812259e+00 -1.53349953e-01 -3.94420944e+04 1.36924851e+01
 7.62045225e-01 1.64364727e-02 -8.61742071e-01 1.19113392e+00 1.34985825e+04 1.37055556e+01
 6.92788278e-02 3.31763836e-01 -6.66705151e-01 -7.27426334e-01 7.26982510e+03 1.36949296e+01
 -9.80984486e-02 3.32156409e-01 1.17093490e-01 -1.33596053e+00 1.96561614e+04 1.37066326e+01
 -1.58984184e-01 6.15886932e-01 1.22103044e+00 5.54250544e-03 -6.30425893e+03 1.37055088e+01
 -3.51822530e-01 -2.11213332e-01 -8.68318259e-01 7.46228556e-02 3.43651972e+04 1.37079398e+01
 1.22553159e+00 1.73777069e-01 -2.26759017e+00 -3.51905339e-01 2.70274053e+04 1.37019126e+01
 -1.17649764e+00 -8.64695672e-01 6.71098945e-01 -3.29630619e-01 -4.51612695e+03 1.36908285e+01
 3.99201725e-01 -6.02227319e-02 2.91345185e-01 -4.87556719e-01 3.46994379e+04 1.37106528e+01
 8.29278474e-02 -3.11327468e-01 -7.79869234e-01 9.73855209e-01 -1.67713555e+02 1.37067220e+01
 8.46394880e-02 9.49616667e-01 -1.74361921e+00 4.09971605e-01 1.33534921e+04 1.37037834e+01
 -2.44057355e-01 -4.13552279e-01 -1.53917339e+00 2.31434515e-01 -3.41565227e+04 1.37016261e+01
 1.04074617e+00 1.79248556e-01 7.15873483e-02 -8.76347906e-01 -2.76101572e+04 1.36904629e+01
 -4.62088432e-01 -9.01919562e-01 -3.36051485e+00 -1.89333874e-01 -4.39334417e+04 1.37018936e+01
 -1.55607269e+00 -2.27080943e-01 -1.61410592e+00 5.97369207e-01 2.64216935e+03 1.36853718e+01
 -3.52032794e-01 -7.46033730e-01 1.67914229e-02 7.66974732e-01 -5.75100052e+03 1.37020449e+01
 7.88770412e-02 -6.78970844e-01 -1.45955304e+00 -1.35376397e-01 -8.12289520e+03 1.37067452e+01
 2.30777469e+00 -5.49014940e-01 8.20532299e-01 -4.14212063e-01 7.07633040e+03 1.37006980e+01
 5.45088044e-02 4.26139306e-01 -5.88065159e-01 -2.38467596e-01 -3.28412895e+03 1.36985694e+01
 5.20725035e-01 4.83142698e-01 3.40651292e+00 2.29242023e-01 -6.17274748e+02 1.37018764e+01
 3.26986227e-01 1.43507320e-02 6.29548562e-01 2.97262595e-01 -2.15981854e+04 1.36959661e+01
 1.06518892e+00 4.11254868e-01 -1.26694380e+00 4.10101957e-01 -1.71047122e+04 1.37109735e+01
 -8.45623890e-01 -1.48352710e-01 1.28697234e+00 -1.07702438e-01 -2.77427534e+04 1.36882009e+01
 -1.72779162e+00 4.83909962e-01 2.38534111e-01 -2.67346961e-01 4.60443018e+02 1.37036331e+01
 9.49861562e-01 -1.51748936e-01 -3.46277805e-01 -5.47127355e-01 -1.11764032e+04 1.36967442e+01
 -3.83237784e+00 4.52322763e-01 -2.01292373e+00 -9.29289210e-01 1.54042441e+04 1.36836507e+01
 6.03873203e-01 -1.21132287e+00 -1.47387947e+00 -2.91710306e-01 1.99988454e+04 1.37091032e+01
 -1.24661048e+00 1.28551258e-02 7.73008426e-01 -1.03883088e-01 -2.65744768e+04 1.36891869e+01
 3.11888843e-01 -1.29801549e-01 -6.44839705e-04 1.78325037e-01 -1.31933395e+03 1.37069160e+01
 -3.56338069e-01 -3.36550551e-01 1.56216761e+00 1.94154773e-01 -4.77325234e+03 1.36997139e+01
 -3.39117361e-01 6.80571323e-01 1.30505724e-01 -2.96727420e-01 -3.67348185e+03 1.36975929e+01
 -1.50338218e+00 4.57368408e-01 8.06796040e-01 -1.33993070e-01 3.66800446e+04 1.36948389e+01
 -4.36862315e-01 -4.79367222e-01 8.27565092e-01 -1.48816641e-01 3.71280734e+04 1.36920167e+01
 7.45181619e-01 6.16251840e-02 1.09480863e+00 3.11284327e-01 1.66831669e+04 1.37068986e+01
 1.53980525e+00 2.92037132e-01 -9.92053916e-01 3.09307751e-02 8.04470662e+03 1.37001032e+01
 -1.41876901e+00 2.55282764e-01 6.33562562e-01 6.27956404e-01 -5.35265650e+03 1.37064904e+01
 -8.67839213e-01 3.79084853e-02 1.20915757e+00 -1.69835097e-02 1.70600514e+04 1.36971738e+01
 -5.72639689e-01 1.47552989e-01 -1.42059085e+00 1.02305342e+00 2.93024541e+04 1.36948399e+01
 -1.49138737e-01 1.98319333e-01 -1.56135378e+00 1.80569839e-01 -1.08025014e+04 1.36915859e+01
 2.07079133e+00 -1.57124265e+00 6.88490870e-01 3.33536767e-01 -1.36303167e+03 1.37032152e+01
 3.20364234e-01 -3.31692305e-02 6.01612611e-01 -8.64192474e-01 3.11793231e+04 1.37001852e+01
 -1.22687870e-02 -5.83775729e-01 -3.54033744e+00 -3.12013246e-01 1.89083059e+04 1.36946024e+01
 -8.10428799e-02 -5.53005075e-01 9.38481412e-01 -3.55937206e-01 -3.52129875e+04 1.36907227e+01
 -9.09763197e-01 -7.72818824e-01 1.80672447e+00 -4.05131145e-02 2.37536514e+04 1.36999040e+01
 4.18795595e-01 -3.70673464e-01 -1.74450313e+00 6.83709363e-02 -3.14387082e+04 1.36978163e+01
 3.04975946e-01 -4.31368186e-03 -4.55663021e-01 -4.43116101e-01 1.48491688e+04 1.36998032e+01
 -1.26701154e+00 4.20072417e-01 2.89169624e-01 1.46606252e-01 -5.34767808e+03 1.37061975e+01
 7.24370938e-01 1.23103484e-01 -1.00822345e+00 -8.55137126e-02 6.54034233e+03 1.36936769e+01
 -7.23100091e-01 4.20296548e-01 -1.03749455e+00 -3.75487376e-02 -1.39101829e+03 1.36802238e+01
 -2.31716578e+00 4.13739310e-01 -1.21050467e-01 -1.96298737e-01 -7.71238743e+03 1.36981908e+01
 8.98009607e-01 4.75271753e-01 -1.13438131e+00 -9.47116969e-02 1.42481253e+04 1.37067156e+01
 -1.17598456e+00 2.43615756e-01 1.83151093e+00 7.56032660e-01 -4.05770572e+03 1.36907201e+01
 3.21903914e-03 -2.65457364e-01 6.32449682e-01 -7.42378763e-01 3.87286165e+03 1.36919677e+01
 8.17014787e-01 8.17010326e-01 -1.35346893e+00 4.44356768e-01 6.11909603e+03 1.37036615e+01
 -1.51006916e+00 -1.12068477e+00 1.32790758e+00 8.07400405e-01 -2.42706404e+04 1.36997268e+01
 2.23117090e-01 5.17291992e-01 1.23029075e+00 6.83551951e-01 -1.71645546e+04 1.36976510e+01
 1.07786736e+00 3.43774647e-01 1.01539715e+00 -8.75784714e-01 -1.80623373e+03 1.36984106e+01
 1.67047453e+00 -1.55035603e-01 6.17528833e-01 -8.38299116e-01 -1.97536950e+04 1.37072024e+01
 -1.43446964e+00 -9.94806786e-02 1.30055684e+00 -2.82818248e-01 7.82249731e+03 1.36915113e+01
 2.28297978e+00 -5.88874938e-01 2.67064083e-02 3.65276032e-01 1.08392844e+04 1.37047042e+01
 2.01983119e+00 8.85680103e-02 -4.54831100e-02 -8.21810695e-02 -2.82682850e+04 1.37044436e+01
 -1.19738667e-01 3.71225448e-01 3.71174809e-01 -4.34980802e-01 -8.29381827e+03 1.37207527e+01
 4.09079420e-01 -7.52407618e-01 7.87215742e-02 -6.69599450e-01 -2.62230979e+04 1.36968169e+01
 1.77669449e+00 -8.05024707e-01 -8.58534124e-01 9.99170336e-02 -2.50230733e+04 1.37000250e+01
 -2.12364720e-01 -1.37506210e-01 4.94497611e-01 -2.23613328e-01 4.15620407e+03 1.37045548e+01
 -1.71583410e+00 5.17429216e-01 -2.06260000e+00 1.29671875e-01 2.27089261e+04 1.37038499e+01
 1.55878638e+00 4.84354440e-01 -1.75891354e+00 -3.81365142e-01 -2.51572360e+04 1.37097755e+01
 4.33737734e-01 1.14281364e+00 1.12161286e+00 -1.74289498e-01 -4.62947121e+02 1.36947165e+01
 1.93676569e-01 -1.08276572e-01 -1.50473653e+00 4.60752393e-01 -1.13729793e+04 1.36942910e+01
 -1.71266993e+00 -4.12823223e-01 -2.02417504e+00 2.22910117e-02 -7.72450252e+02 1.37041538e+01
 -7.79358982e-01 -1.42555340e-01 -4.39032165e-01 6.02797231e-01 3.51169278e+04 1.36996890e+01
 -1.21195840e+00 1.70118372e-01 6.26826221e-01 -7.96435392e-01 4.51763313e+03 1.36917364e+01
 1.68584084e+00 1.06463796e+00 1.95473988e+00 -1.33425852e-03 1.61021376e+04 1.37070680e+01
 -1.61033145e+00 -6.09072804e-01 -5.47388474e-02 5.05530144e-03 -6.03804459e+03 1.37029470e+01
 3.43402587e-01 -2.01482557e-01 -6.74872383e-01 3.33756760e-01 1.93409377e+04 1.37003899e+01
 8.20719611e-01 7.08886400e-01 9.59626509e-01 1.00382634e-01 -3.54650108e+03 1.37051758e+01
 1.51085338e-01 6.92285846e-01 8.35105241e-01 1.13720485e-01 -5.50557065e+03 1.36933435e+01
 1.39167878e+00 -3.26358981e-01 -1.01390392e+00 -3.88911551e-01 2.38302613e+04 1.37190892e+01
 -1.63551784e+00 1.28416797e-01 5.43588272e-02 2.18083763e-01 -1.49185997e+04 1.36883427e+01
 1.00472824e+00 -4.82927633e-01 -1.50252587e-01 9.82153088e-02 1.12347231e+04 1.36909547e+01
 -6.26866342e-01 5.32108391e-01 1.59455087e+00 -4.91695761e-01 6.04987287e+03 1.36987079e+01
 1.04588169e+00 -4.15489088e-01 2.49909501e-01 -8.06749684e-02 3.56210876e+03 1.37091272e+01
 -7.29799214e-01 -4.47396924e-01 2.14571713e+00 -1.19009882e-01 -2.40378075e+04 1.37000194e+01
 -6.95716356e-01 3.10625699e-01 3.41075890e+00 6.03862120e-01 4.19258858e+04 1.37046805e+01
 3.32233959e-01 -1.26914109e+00 -2.14064426e+00 2.04923445e-01 -8.68196624e+03 1.37057773e+01
 -1.06140182e+00 -3.29911612e-01 -7.41513754e-01 7.14118646e-02 2.35366211e+04 1.36947815e+01
 5.19113396e-01 9.69105893e-01 9.28801030e-01 -1.83198833e-01 -4.69239443e+03 1.37020385e+01
 -1.18430129e+00 -3.36266697e-01 1.12751746e+00 4.40470391e-01 -2.69146482e+03 1.37000207e+01
 -9.98483899e-01 -5.54817792e-01 -1.96453110e+00 4.66154089e-01 1.48284203e+04 1.36989655e+01
 2.02775686e-02 -2.91418440e-01 -2.67464249e-01 2.70017394e-01 4.71704199e+03 1.36966696e+01
 -6.58625833e-01 3.10700828e-01 7.62261072e-01 -1.87418809e-01 -3.63555675e+03 1.37080495e+01
 1.46411708e+00 6.76145566e-01 -3.25112004e-01 -5.67900759e-01 -1.04812402e+04 1.37096418e+01
 -2.90817614e-01 -6.77621528e-01 7.80950010e-01 -2.76499420e-01 8.63749252e+03 1.36931286e+01
 2.44133615e-01 6.53480323e-01 -1.72179147e+00 5.51048312e-01 -1.07348879e+04 1.36998866e+01
 3.59012049e-01 -2.99731048e-01 -4.28163183e-01 4.11104500e-01 -2.77689990e+04 1.36933660e+01
 -1.51488905e+00 -1.56933245e-01 6.22097865e-01 -1.59230121e-01 2.47784482e+03 1.36979027e+01
 1.38423982e+00 6.12677484e-01 1.46749310e-01 2.93494054e-01 2.11236514e+04 1.36991466e+01
 5.15807160e-01 1.26038249e+00 -3.72599403e-01 -4.39358149e-01 -8.36019851e+03 1.37005270e+01
 -6.53006815e-01 -1.75867037e-01 8.02552898e-01 -2.85802926e-01 -1.19422623e+04 1.36960192e+01
 -6.44431003e-01 4.87267463e-01 1.05828860e+00 -6.31812330e-01 -3.90681626e+04 1.37042720e+01
 5.08797353e-01 3.52829909e-01 -1.65309612e+00 2.27285327e-01 3.01336940e+04 1.37074487e+01
 -1.66716383e+00 5.78159966e-01 -4.57323426e-01 1.75387346e-01 -3.20232855e+04 1.36961268e+01
 -1.07199762e+00 6.53564255e-01 5.33820335e-01 -7.12624796e-01 2.02717396e+04 1.36924323e+01
 -1.21256353e+00 -2.82228154e-01 -1.60621465e+00 8.36582552e-01 2.37102731e+04 1.36945772e+01
 -2.17903405e+00 3.02876411e-01 -1.77398560e+00 -5.86912008e-01 -3.25873078e+03 1.36950297e+01
 1.02186564e+00 1.17055798e+00 -8.29168207e-01 -1.70227246e-01 1.76047244e+04 1.37070501e+01
 6.47831705e-01 4.80045996e-01 -4.01184385e-01 4.09636201e-01 8.24975755e+03 1.36899375e+01
 -2.90841073e+00 -4.06070641e-01 -9.32563871e-01 -5.16100656e-01 -4.54919955e+04 1.37023084e+01
 1.01263701e+00 -5.84433402e-01 -1.07397576e-01 1.96465975e-01 3.93526485e+03 1.37006255e+01
 -9.07981154e-01 4.75829955e-01 6.36401750e-01 -7.91171792e-01 8.33389137e+03 1.36860263e+01
 -4.79111827e-01 6.15781823e-01 1.38561899e+00 -4.36884015e-01 2.33198616e+04 1.36903254e+01
 2.37373808e-01 1.18260935e-01 -4.70101425e-02 -2.14328315e-01 -9.19713347e+03 1.37014451e+01
 -1.77815267e-01 2.97801959e-01 -1.98097828e+00 -3.42036851e-02 -1.49317281e+04 1.37015308e+01
 9.85144711e-01 -2.23080831e-01 -4.67219643e-01 -7.55156064e-03 9.89838753e+03 1.37160805e+01
 6.27661792e-01 -1.25609171e-01 8.04000503e-02 2.86352715e-01 -2.46971113e+04 1.37033009e+01
 -2.19999158e-01 -2.16427008e-01 -7.32279774e-02 2.59306364e-01 -2.75154021e+04 1.36942468e+01
 1.50809809e+00 -6.76763535e-01 2.72203213e-01 -4.88001690e-02 -1.68755623e+04 1.36990683e+01
 5.41016502e-01 -2.23993181e-01 1.44505884e+00 -6.88647623e-02 -5.18963401e+02 1.37070495e+01
 -7.42059910e-01 1.44836708e-02 1.29418857e+00 5.51761070e-01 -8.60359141e+03 1.37025685e+01
 8.52450040e-01 1.90415622e-01 -4.85504756e-01 6.12167944e-01 1.76266057e+04 1.37072240e+01
 -7.39971190e-02 1.71121610e-01 1.43388099e+00 6.53125131e-01 1.79310455e+04 1.37036313e+01
 1.48102747e+00 1.00887387e-01 -1.14282207e+00 -1.28960753e-01 -2.52745934e+04 1.36994821e+01
 -4.96148268e-01 1.95092420e-01 -3.34534451e-01 -5.27226426e-01 2.86099689e+04 1.36994526e+01
 -1.61758794e+00 -3.69175310e-01 1.81349097e+00 5.76044870e-01 -1.00191618e+04 1.36922271e+01
 1.12612892e+00 -4.32660842e-01 -1.09659052e+00 -9.49151172e-01 -3.67060679e+04 1.37031579e+01
 -1.05761467e+00 -1.81283245e-01 5.10851649e-01 5.81012695e-01 5.69162185e+03 1.36995991e+01
 8.74193072e-01 -4.90111773e-01 2.06513180e+00 1.62268982e-01 6.77826918e+03 1.37026637e+01
 2.00152829e-01 -3.56142943e-01 -7.58147372e-01 -5.61054014e-01 -2.90068434e+04 1.36956057e+01
 6.80236344e-02 -7.11662384e-02 -3.57106472e-02 -4.07233133e-01 8.04124824e+03 1.36982768e+01
 -8.81288164e-02 1.22585838e+00 -4.34723240e-02 6.79071751e-01 -1.75021772e+03 1.36863616e+01
 -2.40787812e-01 1.07004915e-01 -6.07157030e-01 -8.08347138e-02 1.50716040e+04 1.36949094e+01
 6.69460644e-01 -2.88597760e-01 1.49679371e+00 4.00845840e-01 1.07534900e+03 1.37053408e+01
 2.55159315e-01 -3.44249702e-01 3.43988374e-01 2.92611809e-03 -1.85664281e+04 1.36991987e+01
 -1.05824701e+00 7.49998560e-01 -1.07684406e+00 -3.74850420e-01 -4.48953507e+02 1.36981474e+01
 3.13578488e+00 -9.96602168e-01 -9.15050463e-01 -7.39727275e-01 -1.98290764e+04 1.37143629e+01
 1.65669221e-01 2.94091989e-01 1.49294735e+00 2.20314855e-01 -2.57094599e+04 1.36970847e+01
 -9.63282392e-01 -1.28565227e-01 5.74227662e-01 3.42962770e-01 9.05973454e+02 1.37022210e+01
 8.66194425e-01 1.00732470e+00 -1.06244147e+00 -3.08462753e-01 4.57864585e+03 1.37028477e+01
 2.61812317e+00 1.63589586e-01 3.75888643e-01 4.96757604e-01 1.87974169e+04 1.37029312e+01
 5.78276345e-02 1.73799106e-01 -1.50188596e+00 -2.31723118e-03 1.43472027e+04 1.36915553e+01
 -9.50108752e-01 -3.48367255e-03 1.38737204e+00 2.38028273e-01 -1.73161789e+04 1.37156388e+01
 -1.45790402e+00 -1.92797534e-01 1.34841187e+00 1.86166717e-01 -6.47597276e+03 1.36949994e+01
 -4.23810211e-01 2.25427442e-01 -8.07381710e-01 1.95340897e-01 2.76924129e+04 1.37096687e+01
 8.58518056e-01 6.51390353e-01 6.65224977e-01 -4.36473281e-01 1.84245953e+04 1.36997798e+01
 -1.30851254e+00 5.73476460e-01 9.81271058e-01 5.12503567e-02 1.89663569e+03 1.36823907e+01
 -5.28913261e-01 6.15280668e-01 6.01190572e-02 -4.84799077e-01 1.27056022e+04 1.36885938e+01
 -2.08469753e-01 1.22938575e-01 2.82957604e-01 -8.48267775e-02 1.13913515e+04 1.36970056e+01
 -8.61535785e-01 -2.08979685e-01 3.76409137e-01 2.59517987e-01 4.20692153e+03 1.36911296e+01
 2.47947767e+00 -1.11539151e-02 7.43544783e-01 -2.05504036e-01 -1.35287584e+04 1.37067081e+01
 -1.18745588e+00 -1.86478854e-01 -2.34075120e+00 3.83576971e-01 -2.05111565e+04 1.36924242e+01
 1.75095929e+00 -4.10207924e-01 -6.38904658e-01 2.48029117e-01 -1.67732744e+04 1.37022483e+01
 -5.64718708e-01 -4.90377946e-01 -6.86955861e-02 7.63114100e-01 -2.07354163e+04 1.36998387e+01
 -5.86604275e-02 -4.20903221e-01 -1.13565500e+00 3.52987622e-01 1.84589107e+03 1.37016623e+01
 -2.06506739e+00 -2.55066509e-01 8.35973926e-01 -2.10374470e-02 1.51585657e+04 1.37024988e+01
 7.86311095e-01 -1.96432733e-01 -1.94514546e+00 5.42508108e-01 -6.46874120e+03 1.37076194e+01
 1.26560151e+00 -3.62968607e-01 1.99780899e-01 1.24189290e-01 -2.61543867e+04 1.37041481e+01
 1.31315933e+00 -2.82276952e-01 1.14986034e+00 -3.85346558e-01 7.96487134e+03 1.37058125e+01
 1.69731588e-02 5.93552218e-01 2.40052908e-01 1.02249936e-01 -2.74113325e+04 1.36925836e+01
 -4.68494267e-01 -1.30471459e-01 2.56810807e+00 6.71459764e-01 1.85446442e+04 1.36992245e+01
 -4.22646959e-01 -1.97004361e-01 8.16568507e-01 -5.61204843e-01 1.55303787e+03 1.37003159e+01
 1.24079928e-01 -6.84189699e-01 -1.82344520e-01 2.81436830e-01 -1.03268516e+04 1.37001613e+01
 -5.45937207e-01 5.76783342e-01 -1.72971032e+00 2.21882925e-01 1.69460611e+04 1.36918922e+01
 1.88607135e+00 -1.04742903e+00 -1.32158180e+00 1.68048276e-01 -2.38078186e+03 1.36926172e+01
 1.28621194e+00 5.45483072e-01 -6.63721248e-02 1.02595964e+00 -1.33647126e+00 1.37042961e+01
 7.44958125e-01 -2.43753770e-01 -2.81057809e-01 3.12775429e-01 -2.75816489e+04 1.36951504e+01
 3.94240067e-01 -6.60249055e-01 1.51982234e-01 -3.78224411e-01 -1.52143271e+04 1.37049608e+01
 -1.13381744e+00 -3.83005509e-01 -1.16179176e+00 -6.46222723e-02 5.69375048e+03 1.36927920e+01
 -3.74204124e-01 2.39616666e-01 3.22345257e-01 6.09173723e-02 4.34585694e+03 1.37017700e+01
 5.11344035e-01 -1.37184556e+00 -5.66683005e-01 -4.64516068e-01 2.25663359e+04 1.36992597e+01
 -1.36539726e+00 1.05396146e+00 -2.59471049e+00 8.64310222e-02 2.84733361e+04 1.36993980e+01
 -7.83177786e-01 3.08857479e-02 5.79835643e-01 2.45956378e-01 1.66928884e+03 1.36987251e+01
 -2.28664737e+00 7.99929669e-01 2.98649373e-01 2.75276298e-01 -4.06176611e+04 1.36936346e+01
 -5.55221497e-02 6.03876444e-01 9.17244498e-02 -4.52034108e-02 2.56271475e+04 1.36950168e+01
 -2.53795682e+00 1.89110993e-01 -1.82892266e+00 -1.17832454e-01 7.40461826e+03 1.36898374e+01
 1.50945923e+00 -1.24162228e-01 -1.10581733e+00 7.80913723e-02 1.63166812e+03 1.37065173e+01
 1.49260380e+00 -1.85124947e-01 5.82314587e-03 -2.41668574e-02 -1.39543903e+04 1.37108819e+01
 1.01039683e+00 -9.54158861e-01 2.07937052e-01 4.81302667e-01 7.39225324e+03 1.37085824e+01
 3.98486916e-01 -3.75942113e-02 2.90859963e-01 2.12418988e-01 3.97771415e+03 1.37075393e+01
 5.15989632e-05 1.46190996e-01 4.53976628e-01 2.00559662e-01 4.41592084e+03 1.36970872e+01
 -6.56580785e-01 -2.31802428e-01 -7.97273724e-01 1.41317668e-01 8.02455466e+03 1.36877594e+01
 -8.60122721e-01 4.11179248e-01 1.18673351e+00 -1.18414104e-01 1.30693279e+04 1.37015973e+01
 2.98168535e+00 -3.52472416e-01 -1.18675515e+00 -2.50593989e-01 -4.67659543e+03 1.37059931e+01
 1.04992687e+00 4.03569731e-01 -1.85372714e-01 -1.69586336e-01 3.82693928e+04 1.37081904e+01
 8.55605427e-01 -4.72381582e-01 7.85969056e-01 -1.48406583e-01 3.50678241e+04 1.36987825e+01
 1.07024958e+00 -8.32699725e-01 -4.92382653e-01 -7.07987119e-01 -8.96726457e+03 1.37025680e+01
 -2.73379563e-01 3.66658102e-01 1.89482538e-01 -9.77772649e-02 -1.42019057e+02 1.36939974e+01
 3.85949837e-01 1.00217054e-01 -1.08576776e-01 3.76283114e-01 -5.62956992e+03 1.37044038e+01
 1.82258257e+00 5.07877601e-01 -2.97141888e+00 4.06977295e-02 -9.72155855e+03 1.37150601e+01
 -1.11370454e+00 2.62680028e-01 -2.25446015e+00 4.75415643e-01 -2.19197550e+04 1.37008507e+01
 5.35001306e-01 -5.53611281e-01 -1.56698000e+00 1.01756277e+00 1.96130956e+04 1.37040680e+01
 -8.83751738e-01 -5.95648187e-02 -1.24226640e-01 4.60026735e-01 9.37909688e+03 1.36904312e+01
 2.11777547e+00 -8.19212569e-01 -1.38065248e+00 -4.40795090e-01 -6.99199592e+03 1.37101858e+01
 2.82773163e-01 7.06373165e-02 5.28157258e-01 -6.66122991e-03 2.19444522e+03 1.37173905e+01
 -4.08647319e-01 -3.31542987e-02 -5.56646235e-01 -3.26489221e-01 -3.76436681e+03 1.37011916e+01
 -1.04779503e+00 6.75795578e-01 -1.08025581e+00 2.50892464e-01 6.26288699e+03 1.36992214e+01
 -5.43383626e-01 2.05622845e-01 1.77972443e-01 4.88228215e-01 -8.77087855e+03 1.36998021e+01
 7.99644779e-01 -1.62215084e-01 -7.79888572e-01 -3.92245240e-01 -1.25747569e+04 1.36999603e+01
 2.16183996e+00 -2.34694894e-01 1.10262023e+00 6.46415677e-03 8.11710907e+03 1.37036601e+01
 -4.92250016e-01 1.34736097e-01 -1.25717600e+00 2.85353343e-01 -1.02269856e+03 1.37045765e+01
 -2.33642786e-02 1.67744179e-01 1.44073367e+00 -1.63110939e-01 2.66739550e+04 1.37036013e+01
 6.06106455e-01 4.85762080e-01 6.77783213e-01 5.60243080e-02 -9.10909227e+03 1.37017830e+01
 5.23860828e-01 5.28324262e-01 -2.20203011e-01 5.31683583e-01 2.49496815e+04 1.36993963e+01
 -2.33601739e-01 -4.29344231e-01 1.23983485e+00 -4.54969320e-01 -8.16907493e+03 1.36947809e+01
 -1.07376418e+00 -2.87916897e-01 -1.37574677e+00 -9.98584656e-01 -4.44191708e+03 1.36970725e+01
 -1.05219731e+00 -3.27054862e-01 -1.91641159e+00 -1.28380211e-01 1.40355062e+04 1.36920374e+01
 -9.79450083e-01 -3.91500016e-01 4.02013765e-01 4.23729388e-01 -1.60177950e+03 1.37024195e+01
 2.37830875e-01 1.52794548e-01 1.02169140e+00 -6.77222063e-01 5.84474044e+03 1.36979366e+01
 1.73475085e+00 -9.26721904e-01 1.27317343e+00 -5.31149839e-01 1.78569799e+04 1.36971324e+01
 -1.53172057e-01 1.55426263e-01 2.42479890e+00 -2.21522104e-01 -8.85571585e+03 1.36957867e+01
 6.83930782e-01 3.93765441e-01 -1.38116021e+00 8.44652084e-02 2.10340074e+04 1.37055423e+01
 4.04135985e-01 2.06569882e-01 -4.14490218e-01 -4.45091165e-03 -1.35094485e+02 1.36930275e+01
 -4.33522357e-01 8.44119129e-01 -6.73167275e-01 5.74291589e-01 -2.27253038e+04 1.37022683e+01
 -1.04878335e+00 -1.75063367e-01 -1.09176437e+00 -4.24486284e-01 -3.00221686e+04 1.36861299e+01
 5.35094354e-01 -4.33930666e-01 1.72931110e-01 -9.73361513e-03 7.69577526e+03 1.36989484e+01
 9.52514769e-01 -9.88492711e-01 -1.22696417e+00 -3.94180601e-01 -3.25252790e+04 1.36989206e+01
 -1.41368798e+00 5.91963790e-02 1.57186089e+00 -2.63851927e-01 1.85883988e+04 1.36996750e+01
 -1.39210923e+00 3.09181884e-01 7.59570855e-01 8.28933361e-01 -5.31100427e+02 1.36853622e+01
 1.21452971e+00 5.23768945e-01 1.01207765e+00 3.74943000e-01 -3.57763283e+04 1.37055445e+01
 -1.22465700e+00 -9.65097002e-01 -1.05647917e+00 -1.20647796e-01 6.95836616e+03 1.36899309e+01
 4.87939226e-02 -1.09646643e+00 2.24872346e+00 -3.97289974e-01 -5.95805102e+03 1.36963502e+01
 -7.92984593e-01 1.20345379e-01 -5.25325417e-01 -5.80710072e-01 1.47893600e+02 1.36875714e+01
 1.73692841e+00 6.79142719e-01 -1.40989279e-01 -1.41931780e-01 -3.69057504e+03 1.36973439e+01
 -2.04292488e+00 4.32000121e-01 -2.93139353e-01 -2.45165888e-01 -1.48957373e+04 1.36872891e+01
 7.95827786e-01 8.92911128e-01 1.86787276e-01 1.59480638e-01 3.20861115e+04 1.37009681e+01
 -1.56314687e-01 -3.97422598e-01 1.14277421e+00 5.41572501e-02 9.45905827e+03 1.36959167e+01
 -4.80745941e-01 -2.49719503e-01 -1.52004445e+00 9.09348896e-02 -8.35970581e+03 1.37137370e+01
 -2.12612289e+00 -9.42353606e-01 -1.27249623e+00 -1.21581894e-01 3.95741767e+03 1.36899078e+01
 1.27948918e+00 -3.46123316e-02 -1.54286086e+00 -1.88455939e-01 -1.33055358e+04 1.37045479e+01
 -1.78913593e-01 9.86698915e-01 1.03923561e-01 5.13333516e-01 -5.36803371e+03 1.37005771e+01
 6.96573998e-01 2.69494017e-02 -6.31481414e-01 -1.34169061e-01 -3.85329308e+03 1.37102928e+01
 4.56065585e-01 -1.01710657e-01 -8.08231619e-02 -1.87352764e-01 -3.43445045e+04 1.36979783e+01
 -1.16298036e+00 6.63228206e-01 -7.24819325e-01 -1.12123249e-01 -6.35133012e+03 1.36910380e+01
 -8.92845250e-01 7.97347470e-01 1.25030497e+00 1.89638850e-01 -2.21016653e+04 1.36976018e+01
 7.03424386e-02 -2.01055443e-01 5.44617865e-01 4.11737222e-01 -2.35856939e+04 1.36964191e+01
 7.48040178e-01 5.36203663e-01 -1.37748126e-01 3.45657756e-01 -7.02877542e+02 1.36980074e+01
 -1.71405332e-01 5.80025571e-02 8.27413242e-01 2.12589297e-01 -5.03126007e+03 1.37028024e+01
 9.38353510e-01 4.84815268e-01 2.82985496e-01 6.32235342e-01 1.85617200e+04 1.37098893e+01
 1.23500019e+00 7.07026778e-01 5.70986814e-01 4.35493960e-01 -4.27867662e+03 1.37001606e+01
 8.43396232e-02 1.16422797e+00 -8.16290814e-01 -2.56201695e-01 6.51801521e+03 1.37077329e+01
 3.40384202e-01 1.10059870e+00 -8.88592932e-01 3.07525357e-01 6.14677538e+03 1.36929949e+01
 -4.30240481e-01 -5.12740048e-02 1.65665292e-01 7.43387065e-01 -2.46126780e+04 1.37040154e+01
 -1.33117782e+00 -2.21672314e-01 -1.46922881e-01 3.20941238e-02 1.24057542e+04 1.36901402e+01
 -1.33321328e+00 2.06716444e-01 -2.54903985e-02 5.93677674e-01 -3.14148642e+03 1.36931166e+01
 8.06128898e-01 -1.05090877e-01 -3.37689124e-01 -6.02215346e-01 -7.20725826e+03 1.37062502e+01
 9.83217134e-01 -5.49841594e-01 -8.02752511e-01 4.01623168e-01 1.62115596e+04 1.36945416e+01
 1.80431824e+00 6.08229833e-01 -1.35571473e+00 6.03218976e-01 1.74266665e+04 1.37122632e+01
 7.69499991e-01 -4.29095359e-01 1.50674806e-01 5.51117285e-01 1.18511877e+04 1.37099289e+01
 1.86338794e+00 4.95353918e-01 -2.97477979e-01 -2.00476640e-01 -1.31473189e+04 1.37066741e+01
 6.95271565e-01 -7.53278082e-01 -3.45707429e-01 5.38972825e-01 3.22920312e+04 1.37013439e+01
 6.30970820e-01 1.47939368e-01 1.80690231e-01 4.23464198e-01 2.05330665e+04 1.36972930e+01
 6.11413424e-01 1.04225745e+00 -8.66807232e-01 -6.23252438e-02 -1.67497085e+04 1.37112410e+01
 1.29475140e-01 -1.45220109e-01 -1.51163429e+00 1.00499929e+00 1.20482224e+04 1.37092101e+01
 -2.55037537e-01 -4.35610138e-01 5.17980273e-01 -1.48985873e+00 2.53728395e+04 1.37034247e+01
 -1.11678964e+00 4.05420281e-01 -5.90643091e-01 -9.88961103e-02 -2.21170055e+04 1.36891306e+01
 7.80556814e-01 9.02297555e-02 -1.13859785e+00 6.05067160e-01 5.42795614e+03 1.37027598e+01
 1.46928933e+00 -5.97504544e-01 -1.06571746e+00 -5.50260101e-02 2.14874468e+04 1.37064882e+01
 3.72535949e-01 1.79386622e-01 2.28050380e+00 -3.78008338e-01 -8.73288901e+03 1.36929728e+01
 -1.56359077e+00 3.66850130e-01 2.68004307e-01 -7.60063325e-01 -9.07192107e+03 1.36966155e+01
 1.76143989e-01 1.12227220e+00 1.88384924e-01 -3.39774359e-02 -3.48611895e+03 1.36977632e+01
 6.16054726e-01 -2.88692067e-01 -2.67234353e+00 -1.10889528e-01 -7.90391841e+03 1.36900990e+01
 8.23439743e-01 1.23379394e-02 -3.98558551e-01 6.39254975e-02 -1.84212104e+04 1.37072051e+01
 1.96911096e+00 -7.05735551e-01 -4.01673747e-01 7.26369937e-02 -2.96871800e+03 1.37019581e+01
 -1.10308250e-01 2.42235408e-01 -8.08662784e-01 -3.48068309e-01 -1.65097376e+04 1.37106582e+01
 -9.37629563e-02 -3.96242423e-01 3.24983860e-01 4.25621990e-02 -1.13860971e+04 1.37068821e+01
 1.18734180e+00 -4.19892303e-01 -3.01066323e+00 -3.23585487e-01 -2.57999955e+04 1.37174953e+01
 3.12138064e-02 -5.51755424e-01 9.92297809e-01 2.01878074e-01 4.10451792e+03 1.36970131e+01
 3.85767911e-01 -6.62385034e-01 1.35515046e+00 -1.65227894e-01 4.49175917e+04 1.36885543e+01
 -3.94760872e-01 -1.76475637e-01 -2.95529714e-02 -7.02441332e-02 -8.88430880e+03 1.36924144e+01
 4.84494047e-02 7.01198797e-02 -2.66933045e-01 -6.64808876e-01 6.90547659e+03 1.37039992e+01
 -8.13482273e-02 8.84311881e-01 -1.14218760e+00 8.94480795e-01 -2.78827705e+04 1.37074643e+01
 1.21245242e-01 -3.83763834e-01 -5.56072696e-01 4.06141522e-02 3.45014071e+04 1.36959843e+01
 1.57651730e+00 2.23907147e-01 9.74208344e-02 3.98266146e-01 1.17790057e+04 1.37131375e+01
 -1.63913903e+00 -3.73319809e-01 -1.60518517e-01 5.73244839e-02 2.96081711e+03 1.36945888e+01
 -2.49697724e-01 9.56879727e-02 1.18092623e+00 -1.85159643e-01 -2.66986828e+03 1.37018337e+01
 3.23710977e-01 7.26510779e-03 1.44508666e+00 -9.81126346e-01 -1.53079221e+04 1.37002555e+01
 5.38646305e-02 4.30534165e-02 7.74929861e-01 1.36781440e-01 -1.95704974e+04 1.37024767e+01
 8.60515689e-02 -4.43422067e-01 -4.04639297e-01 9.22913079e-01 -4.73724602e+04 1.37044066e+01
 -4.07003590e-01 -8.78788535e-01 9.73876947e-02 4.63242161e-02 2.09277927e+04 1.37060183e+01
 -1.03339024e-01 -8.20555865e-02 -9.17986472e-02 -1.89296170e-01 -3.65141354e+04 1.36927497e+01
 1.45218338e-01 2.37615009e-01 6.34733791e-01 1.44306847e-01 -2.61908344e+04 1.36900063e+01
 -7.37235468e-01 -5.10401079e-01 5.10674195e-01 -3.64937666e-01 1.64073888e+04 1.36981042e+01
 -1.49324689e+00 -3.75570879e-01 -2.72606080e-01 1.05465825e+00 -3.71756619e+04 1.36921934e+01
 -6.15302304e-01 3.84587661e-01 9.45830372e-01 6.43190271e-01 -2.42913765e+03 1.36918467e+01
 8.07535675e-01 -2.22704168e-01 -3.07208549e+00 7.22904253e-02 -2.81455715e+04 1.37011604e+01
 7.50800196e-01 -7.90383951e-01 1.09603392e-02 2.79248182e-01 1.28835844e+04 1.37078413e+01
 6.45766844e-01 4.38543587e-01 -1.54793690e+00 -4.03809794e-01 -2.31599466e+03 1.37007326e+01
 1.67066968e+00 2.85793507e-01 2.18559198e-01 -8.79835644e-02 6.05317112e+03 1.37061096e+01
 1.05025766e+00 3.04306463e-01 -1.55406057e+00 2.74031611e-01 -6.82172663e+03 1.37068465e+01
 2.25274257e-01 -5.04719384e-02 -1.25389649e+00 7.92137977e-01 -9.53977552e+03 1.37028469e+01
 1.71524688e+00 -4.33326872e-01 7.38372702e-01 -1.21045462e+00 -3.44212595e+04 1.36960573e+01
 2.85479900e-01 -2.96926403e-01 -1.54990475e+00 5.92456758e-02 4.59009426e+03 1.37041368e+01
 5.64611679e-01 -8.85914007e-01 -3.03209462e-01 9.36622218e-01 1.32540200e+04 1.37024717e+01
 -1.16174944e+00 1.63016935e-01 4.06631603e-01 2.13718986e-01 1.44938803e+04 1.36919706e+01
 2.33670019e-01 -3.90458435e-01 5.83164299e-01 -1.33130511e-01 -8.81235622e+03 1.37097007e+01
 -1.02027154e+00 -3.52747972e-01 -1.43059503e+00 3.73145854e-01 2.30007147e+04 1.36926094e+01
 2.56433885e-01 -2.14729096e-02 -3.65236755e-01 -6.22898859e-02 2.80214205e+04 1.36995955e+01
 -1.41302885e+00 6.53576228e-01 -9.71076835e-02 1.99311387e-02 7.79080566e+03 1.36935742e+01
 5.19302391e-01 -7.36440836e-01 4.40028305e-01 -4.41225254e-01 -1.89444815e+04 1.36947050e+01
 1.71107306e-01 -2.98762739e-01 5.02888750e-01 5.21038370e-01 -1.07899014e+04 1.36952446e+01
 3.09209932e-03 3.38133207e-01 -8.98966270e-02 6.86628126e-01 -5.45077426e+04 1.37119359e+01
 2.56281553e-01 -3.26066685e-01 5.44850522e-01 4.97814008e-01 -1.83950753e+04 1.37012780e+01
 -4.68277528e-01 1.88412012e-01 -2.05247160e+00 1.31223291e+00 -1.85399976e+04 1.37058855e+01
 -3.19333221e-01 1.08207205e+00 -1.01934352e+00 -4.99456027e-01 1.62635713e+04 1.36923566e+01
 2.57222207e-01 4.25031830e-01 -9.34854007e-01 4.40489572e-01 6.04447739e+03 1.36990641e+01
 -7.97650500e-01 -9.49850214e-02 4.70195390e-01 -1.98512737e-01 -1.17113573e+04 1.37060862e+01
 3.18217952e-01 9.57699279e-01 3.12151568e-01 1.17331050e-01 -3.73224473e+03 1.37041165e+01
 9.38827170e-01 -1.57370390e-01 2.63163318e-01 -3.32483657e-01 3.93432339e+02 1.37114206e+01
 -1.68329701e-01 7.17890846e-01 5.13665794e-01 1.32191638e-01 4.12200617e+02 1.37007986e+01
 -8.34745840e-01 -2.79825302e-01 4.55865258e-01 -6.67677638e-01 1.28945016e+04 1.36928707e+01
 3.71535013e-01 6.02653490e-01 -1.52517822e+00 -2.75772953e-01 9.00031168e+03 1.36918391e+01
 -5.20824287e-01 2.51673000e-01 1.06019461e-01 1.63755886e-01 -7.31659063e+02 1.37004547e+01
 1.98654324e-01 4.89846323e-01 3.71610007e-01 -3.16547567e-01 1.29375350e+04 1.37015875e+01
 -9.90881942e-01 -4.97092810e-01 -5.02887627e-01 -4.78558735e-02 8.05433989e+03 1.37106386e+01
 3.39423095e-01 9.37216670e-01 6.23219106e-01 -2.59784682e-01 8.99417107e+03 1.36961818e+01
 -1.77365838e-01 -9.44258045e-01 1.06174404e+00 3.15525391e-01 -1.27230209e+04 1.37043396e+01
 -1.59023795e-01 -3.35114712e-01 -2.39086286e-01 3.06401240e-01 -1.97776683e+04 1.37055927e+01
 -2.44645027e-01 5.70477510e-01 4.52273657e-02 2.29224586e-01 -9.59349533e+03 1.36902898e+01
 9.00758110e-01 -4.94563241e-01 5.69637810e-02 -3.92655915e-01 -3.41118432e+04 1.36970276e+01
 -1.43098458e-01 6.72502954e-01 -2.83748877e+00 2.95118145e-01 -1.59758177e+04 1.36895838e+01
 -1.12423981e+00 -2.23820909e-01 2.98019434e-01 4.64549404e-01 -4.63080303e+04 1.36933882e+01
 -1.97283074e+00 4.74421018e-01 7.03957603e-02 6.04063889e-01 1.86046383e+04 1.36923692e+01
 -1.57861970e+00 -1.09041396e-02 -8.30686613e-01 -7.85527690e-02 -3.87983835e+03 1.36903443e+01
 1.90551283e-01 -3.76423844e-01 -1.57176629e+00 -3.69885635e-01 -1.86138278e+02 1.37032349e+01
 -1.43415367e+00 5.99151935e-01 -2.37783719e+00 -2.03642478e-01 5.11471009e+03 1.36924030e+01
 -2.22537083e-01 8.59670801e-01 -1.89309006e+00 -2.43044804e-02 2.18991576e+04 1.37015729e+01
 1.35288272e+00 -5.01005210e-01 3.51253227e-01 5.37085764e-01 5.91470884e+03 1.37062330e+01
 -9.94030865e-01 -6.99622036e-01 4.68563620e-01 5.33547977e-01 1.72332675e+03 1.36929184e+01
 1.80730668e+00 -8.11863592e-01 -3.39908723e-01 -3.37808963e-01 2.33631767e+04 1.37027115e+01
 -1.85624893e+00 -1.21588454e+00 -1.66751891e+00 -4.61382030e-01 3.48562898e+03 1.36962382e+01
 -1.04169035e-01 9.09562412e-01 9.80700086e-01 7.35861101e-01 -3.30146825e+04 1.37041753e+01
 8.24778646e-01 6.74900739e-01 -3.00238777e-01 -8.45840720e-01 -1.63519832e+04 1.37018737e+01
 1.19869859e+00 -4.88208078e-02 7.83349937e-01 -6.48174308e-02 -6.43390108e+03 1.36958154e+01
 -8.22589436e-01 7.51203551e-01 -5.42877446e-01 -6.42228899e-01 -1.89969260e+04 1.37006332e+01
 -3.95654402e-01 -1.88502077e-01 7.89053191e-01 4.46111273e-01 1.15948887e+04 1.37079724e+01
 -9.53467848e-01 -3.99416546e-01 6.88759129e-01 2.70559258e-01 -6.37906358e+03 1.37022051e+01
 -2.74896235e-01 6.58045072e-01 -3.93185081e-01 -1.70682575e-01 3.57660873e+04 1.36942937e+01
 1.53163666e+00 -2.98324106e-01 -7.96370847e-01 -3.15815109e-01 -3.20418396e+04 1.37063290e+01
 -3.87490352e-03 1.25295534e-01 -5.55443807e-01 -4.19741905e-01 2.40153654e+04 1.36965737e+01
 -1.82093957e-01 2.47187490e-01 2.96187834e-01 5.93371791e-02 -2.27527921e+04 1.36851100e+01
 -1.83676862e+00 1.25666705e-01 -9.72591329e-01 -1.47719587e-01 -1.68790701e+04 1.36941414e+01
 -1.30357079e+00 -3.81969572e-01 1.68209184e+00 2.33359303e-01 5.90426558e+02 1.36957413e+01
 -1.06582182e+00 -6.61660027e-01 5.67829382e-01 -4.27606655e-01 5.13354873e+03 1.36960293e+01
 1.96232613e+00 9.17918412e-01 -4.65921892e-01 -4.70009868e-01 -8.02281928e+03 1.37078804e+01
 4.46112088e-01 4.88337353e-01 -1.47827150e+00 -5.83043080e-01 -4.00345845e+02 1.37024526e+01
 5.55822347e-02 -1.01186361e+00 1.86212880e+00 1.51856569e-02 -4.14070688e+04 1.37021106e+01
 3.39267651e-01 -5.02764810e-01 -1.40021698e+00 1.86303222e-01 1.54902313e+03 1.37032465e+01
 5.25397829e-01 5.64029202e-01 -1.87840679e+00 -4.78787543e-01 -3.40058578e+04 1.37060675e+01
 1.15356747e+00 -2.98519367e-01 7.07570562e-01 -4.37491942e-01 -1.91798669e+04 1.37102863e+01
 1.50174765e+00 -2.71987311e-01 -1.22586103e+00 5.73435460e-01 2.09098981e+04 1.37033822e+01
 -5.22564914e-01 2.13256913e-01 -1.49206487e+00 2.64158051e-01 -1.37395699e+04 1.36978447e+01
 -1.26995043e+00 -1.95728233e-01 -5.65309874e-01 7.05808363e-01 -6.34189422e+03 1.36973476e+01
 5.99760241e-03 -1.88150996e-01 -7.33607928e-01 6.05896588e-02 1.00667256e+04 1.36985348e+01
 7.16965001e-01 3.80878925e-01 9.21801689e-01 2.06535789e-01 1.53056448e+04 1.36925840e+01
 -1.04018166e+00 -4.97033415e-01 1.05216367e-01 3.95527342e-01 8.51155352e+01 1.36910862e+01
 6.19114934e-01 -3.90557375e-01 -2.88656603e-01 7.22332052e-01 -5.95701296e+03 1.36981483e+01
 -4.67621734e-01 -7.48596706e-02 -9.56469006e-01 9.18931819e-02 -1.18439058e+04 1.36972818e+01
 -2.41249993e+00 2.88954169e-01 -1.10910020e+00 -3.20072006e-01 2.06613847e+04 1.36985092e+01
 4.49405744e-01 1.14613495e+00 -4.79374803e-01 -2.94562254e-01 6.70453244e+03 1.37060779e+01
 9.49576858e-01 2.44399067e-01 3.85298815e-01 -8.29369444e-02 2.36101142e+04 1.37023410e+01
 -1.55108647e-01 -5.53919577e-01 1.01497205e+00 1.53345726e-01 -3.45591674e+04 1.37052908e+01
 1.59682495e+00 -3.91210610e-01 -1.33148580e+00 5.47250409e-01 -2.74146745e+03 1.37048796e+01
 -1.47615198e+00 -5.94837131e-01 -1.63143838e+00 3.14155467e-01 -2.57555153e+04 1.37053646e+01
 -1.62569521e+00 -3.05013492e-01 -9.06340995e-02 -3.14104700e-01 1.08768567e+04 1.36900860e+01
 -1.87248420e+00 -1.96712052e-01 6.16529307e-01 -5.65128307e-01 7.05718132e+03 1.36885635e+01
 -1.48159725e+00 2.77618885e-01 -9.85512995e-01 -1.10493099e-01 2.59451577e+03 1.36880082e+01
 1.54663815e+00 2.43928922e-01 1.15535260e+00 -7.89302673e-01 -1.50682192e+04 1.37064024e+01
 1.77317676e+00 -5.96439876e-01 1.78418080e+00 -3.20572860e-01 -2.76256778e+04 1.37050592e+01
 -1.46076893e+00 -5.42731541e-01 -1.62458303e+00 -2.93512548e-01 4.02288923e+03 1.36900859e+01
 3.06973620e-01 3.91097574e-01 8.18138712e-01 -2.96410696e-01 3.05150564e+03 1.37026021e+01
 3.65794213e-01 -3.23713078e-01 1.73702133e+00 -2.48965314e-01 1.12096760e+03 1.36989794e+01
 1.18734840e+00 -4.38458711e-01 1.49985770e+00 1.33913777e-01 5.30796321e+03 1.37068678e+01
 4.95231336e-01 -2.31908651e-01 8.59953699e-01 -3.07888552e-01 -2.65664279e+04 1.36912223e+01
 -1.76970579e-01 1.38880788e-01 1.32003494e+00 3.72063339e-01 -6.31111843e+03 1.36955354e+01
 7.45683873e-02 4.60938529e-01 -9.90018447e-01 3.66909208e-01 5.02599164e+02 1.36998802e+01
 -7.66918827e-01 -3.75906596e-01 -1.08010861e-01 4.60728353e-02 3.99828601e+04 1.36958993e+01
 4.85788113e-01 3.22109121e-01 -1.15786497e+00 -2.91471097e-01 1.09086033e+04 1.37048279e+01
 1.99065895e+00 -1.06388073e-01 1.20582506e+00 3.41196237e-01 2.55109780e+03 1.37023498e+01
 1.52423253e+00 -3.07504352e-01 1.99952158e+00 4.96365861e-01 3.47756269e+04 1.37170114e+01
 -2.79231042e-01 -1.07304640e-01 5.72485951e-01 -1.12146158e+00 -3.53232788e+03 1.37017337e+01
 -4.72381171e-01 -3.09482913e-01 1.20810250e+00 -1.43124141e-01 -2.76933137e+04 1.36915699e+01
 -1.27589682e+00 -8.04826990e-01 -3.86595806e-02 6.18476137e-01 -6.45432378e+03 1.36985508e+01
 -7.11913971e-01 -1.01841779e+00 -1.95899502e+00 1.51479199e-01 2.93343966e+04 1.37059378e+01
 5.99998283e-01 -1.07339878e+00 1.54868739e+00 -5.88021995e-02 3.49137914e+04 1.37072931e+01
 -2.48896062e-01 -5.26835148e-02 -8.86071606e-02 -8.80976757e-02 -2.29275190e+04 1.37004425e+01
 4.17633313e-01 -1.00379702e-02 3.57915628e-01 2.18252574e-01 9.42706879e+03 1.37000954e+01
 2.11108753e+00 -1.09027184e-01 1.93731943e+00 3.71116574e-01 -6.79629554e+03 1.37054224e+01
 1.66713516e-01 -7.51766091e-01 8.24267227e-01 -7.50129406e-01 2.42802364e+04 1.37013603e+01
 8.05337478e-01 2.58692390e-01 1.26975630e-01 -3.10363202e-01 2.60527064e+04 1.37070080e+01
 -1.52661423e-01 -1.29900158e+00 9.24450827e-02 8.14091629e-01 -9.18731903e+03 1.36998803e+01
 -1.09013549e+00 9.30012370e-01 -6.09813382e-02 -1.12772286e-02 -4.55663749e+03 1.36988044e+01
 4.15069813e-01 5.28843349e-01 -5.13075363e-01 8.41179514e-02 -1.19992801e+04 1.37034954e+01
 7.42349968e-01 -5.16506219e-01 -4.71916565e-01 3.07808045e-01 -6.60931176e+03 1.36942440e+01
 -7.86225022e-01 -2.84121384e-01 -2.36738802e-02 3.21012751e-01 -3.02121724e+04 1.36942536e+01
 -7.81013185e-01 -2.04724002e-01 1.35933596e+00 -6.38797336e-02 7.76958532e+03 1.36964442e+01
 1.48420096e+00 -3.14739610e-01 -1.09177163e+00 -3.37764381e-01 5.03560719e+03 1.36996654e+01
 1.21865079e+00 -3.15509104e-01 1.15587295e+00 4.44992357e-01 -2.17774679e+04 1.37000615e+01
 2.59651999e-01 7.67758788e-01 -6.32624134e-01 -7.57559367e-01 -1.10191520e+04 1.36950851e+01
 -7.77079671e-01 8.63808232e-02 -1.55796511e+00 1.13556729e-01 -6.85155070e+03 1.36974961e+01
 2.47901934e-02 4.59364034e-01 -5.67850647e-01 -5.39781448e-01 -2.59694275e+04 1.37097232e+01
 8.98347204e-01 -3.97869209e-01 -3.33564912e+00 -2.70729234e-01 -4.00140753e+04 1.36967622e+01
 9.94177727e-01 -2.11637350e-01 -1.01939162e-01 -6.20419723e-01 1.35250487e+04 1.37015384e+01
 3.68124391e-01 1.07448391e+00 1.79692302e+00 -2.04907109e-01 1.16386629e+04 1.36923997e+01
 1.66609270e+00 3.90736864e-01 -5.63079795e-01 1.42087556e+00 1.47077474e+04 1.37013151e+01
 6.71074309e-01 1.05317971e+00 -1.30966835e+00 -4.60557966e-01 -6.41495716e+03 1.37029443e+01
 -3.98074581e-01 3.25639273e-01 -1.82423140e+00 -1.25069198e-01 4.16454768e+04 1.36937004e+01
 -9.55022818e-01 8.25290378e-02 -4.85367426e-01 -1.03664589e-01 -2.35780780e+04 1.37001426e+01
 -3.76910200e-01 -3.71190780e-01 -7.03402256e-01 -1.05934931e+00 -3.28096630e+03 1.36986247e+01
 1.36314490e+00 -3.25101127e-01 -5.35770964e-02 -7.39789823e-01 2.51883276e+02 1.36974365e+01
 8.35911296e-01 -6.36468126e-01 -1.90005955e-01 -9.99510311e-02 9.82626618e+03 1.37067527e+01
 5.41579921e-01 3.08703271e-01 1.32335753e+00 -4.46960690e-01 -6.23563796e+03 1.37006516e+01
 -1.64524700e-01 4.28064379e-01 -8.52310882e-01 -6.07280153e-01 -6.03385825e+03 1.36908078e+01
 6.64031975e-01 5.29226794e-01 1.13205378e+00 4.52247182e-01 -2.03938473e+02 1.36976036e+01
 1.21074028e+00 -3.77336812e-01 -1.05020822e+00 -4.26288065e-01 9.22888471e+03 1.36915354e+01
 6.86300198e-01 5.04921806e-02 -1.48761570e+00 1.15988438e+00 7.15268188e+03 1.37044411e+01
 1.19624252e+00 -1.22368627e-02 -5.66920844e-01 -3.38524137e-01 6.72606855e+03 1.36944796e+01
 1.70489295e+00 2.08380727e-01 -1.97046554e-02 5.12775619e-01 -1.36848080e+04 1.37017832e+01
 7.85581064e-01 1.64282499e-01 -2.05377647e-01 2.80879413e-02 1.22717036e+04 1.36982916e+01
 4.02273082e-01 7.49967706e-02 3.60687309e+00 -1.58859249e-01 1.39560612e+04 1.37047926e+01
 -2.13673148e+00 -6.65531776e-01 -2.07404887e+00 1.23909145e-01 3.06388729e+04 1.36988768e+01
 -3.84700055e-01 -2.82423143e-02 1.65341529e-01 2.84422553e-01 -3.13809915e+04 1.36997819e+01
 -1.93808201e-01 -5.10068000e-01 1.76615298e-01 5.77414307e-01 1.82153646e+04 1.37023970e+01
 3.62369659e-01 5.39472419e-01 -1.02196375e+00 -1.82298910e-01 -2.57213721e+04 1.37141820e+01
 -6.74015360e-01 4.22981647e-01 1.37820623e-01 5.52510478e-01 -3.47298885e+04 1.37030612e+01
 -4.42579747e-01 1.61684240e-01 -6.18496579e-01 2.12595036e-01 8.73666805e+03 1.36949351e+01
 -2.32122006e-01 -2.84609498e-01 -1.21749478e+00 -4.89722433e-01 8.51501277e+03 1.36972204e+01
 1.34192740e+00 -8.25776983e-01 1.18512692e+00 1.63369514e-01 -1.78506305e+04 1.36972274e+01
 -7.20024352e-01 1.09391015e-01 -1.94077693e-01 -4.49896743e-01 -2.26930312e+04 1.36941924e+01
 2.39681083e-01 -2.69403741e-02 3.48120321e-01 -2.26578164e-01 4.72089077e+02 1.37017347e+01
 4.15134940e-01 -5.73444760e-02 -7.03342208e-02 3.61703873e-01 3.17444309e+04 1.37059107e+01
 2.37232422e+00 -2.11323129e-01 -5.80969216e-01 -1.28755539e-01 5.24278618e+04 1.37128438e+01
 -6.15856587e-01 1.80481769e-02 -8.96099237e-01 3.52928121e-01 -2.18113184e+04 1.37012353e+01
 -1.14514465e+00 4.91960669e-01 -6.98202896e-01 -3.03690181e-01 -2.40795023e+04 1.36994821e+01
 -2.94631279e-01 -8.83427392e-01 -4.07291750e-01 1.65130807e-02 -2.45718169e+04 1.37044984e+01
 -6.89658996e-02 4.06218249e-01 -1.46254759e+00 -1.55950905e-01 -1.05965441e+04 1.37007007e+01
 -5.56648273e-01 -3.95596935e-01 -1.39853299e+00 2.72239200e-01 6.88034305e+03 1.36970335e+01
 7.65534895e-01 7.09152358e-01 -1.51695721e+00 5.33548343e-02 1.74741544e+04 1.37075913e+01
 2.57585054e+00 3.11709481e-01 -3.05802674e-01 6.57059554e-01 -3.88393648e+03 1.37022605e+01
 -4.47056219e-01 -7.99368988e-01 -2.40596913e-01 -1.83766873e-01 -8.25631082e+03 1.36961270e+01
 -1.06647720e+00 7.51287273e-01 -1.13295901e+00 3.58043480e-01 2.09721470e+04 1.37005023e+01
 -2.13023517e+00 4.50296397e-01 6.44687744e-01 2.55617509e-01 -2.65051611e+03 1.36907500e+01
 5.70683880e-01 -6.89090279e-01 -7.22149570e-02 4.90147119e-02 -2.03990086e+04 1.37024499e+01
 3.14879224e-01 -4.84291126e-02 7.32680904e-01 -1.24839362e+00 -1.72683689e+04 1.36966498e+01
 -2.04511323e-01 3.01054431e-01 -1.07512473e+00 -1.23348934e-01 -3.87543248e+02 1.37041077e+01
 6.65312843e-01 7.68570027e-02 -8.72816277e-01 6.97339827e-01 3.47051132e+03 1.37025746e+01
 9.67455988e-01 8.10684818e-02 -3.56280953e+00 -5.43735217e-02 -8.93458370e+03 1.37002134e+01
 5.40473321e-01 3.64897129e-02 -2.75532740e+00 1.98471389e-01 -1.87432772e+04 1.36905406e+01
 -3.04173182e-01 3.74184560e-01 -8.47449827e-01 -7.48314744e-02 -1.27108093e+04 1.37002732e+01
 -8.88604286e-02 3.49269167e-01 9.31180561e-01 2.50373026e-01 2.05204150e+04 1.36997581e+01
 1.98983822e+00 -8.73580155e-01 1.51853199e+00 1.67644098e-01 2.24657854e+04 1.37012472e+01
 1.15311730e-01 -5.96971188e-01 -7.37851011e-01 1.14513847e+00 -2.40307138e+03 1.37119449e+01
 8.89973592e-01 -7.79948725e-02 1.33710225e+00 -3.61742438e-01 -1.25281552e+04 1.37076017e+01
 -6.74723851e-01 -1.66448089e-01 -1.38285684e+00 7.23651367e-02 2.40250709e+04 1.36861439e+01
 -7.35074729e-01 -2.79126690e-01 1.05974885e-01 -4.18093696e-01 1.87682675e+04 1.37017526e+01
 -9.33007685e-01 2.18351856e-01 5.22215104e-01 -8.97689660e-01 -2.86791286e+04 1.36937101e+01
 9.64075171e-01 -1.89322835e-01 3.64583641e-01 2.08790968e-01 -7.35415978e+03 1.36987805e+01
 1.02084857e+00 -2.95477975e-02 -1.82655137e+00 -3.56488143e-02 5.90001735e+03 1.37043554e+01
 1.73544088e+00 7.66617700e-01 3.29251993e-01 2.67847534e-01 1.41359372e+04 1.37062553e+01
 -4.11384744e-01 -6.35063324e-01 -6.69807797e-02 4.05893978e-01 -6.69939381e+03 1.36866596e+01
 -5.32709303e-01 8.64369320e-02 -2.92967561e-01 3.43911318e-01 -3.29060392e+03 1.37116678e+01
 -4.63056139e-01 1.27218308e-01 -3.91181955e-02 3.16693724e-01 8.40483183e+03 1.36972734e+01
 -1.51630046e+00 -3.09062078e-01 4.10409375e-01 5.69662805e-01 1.92569160e+03 1.36917498e+01
 -2.68642121e+00 -4.47211165e-01 -1.44815677e+00 4.39720480e-01 -4.35052959e+03 1.36893195e+01
 -3.28421728e-01 5.67188520e-01 2.40589067e+00 -5.34778707e-01 9.34785289e+03 1.37066331e+01
 9.52675265e-01 4.69462396e-01 -4.50086258e-01 6.84826348e-01 4.35580030e+03 1.37067270e+01
 -1.25244255e-01 -6.80726038e-01 -6.13660624e-01 -2.67182537e-01 -1.75313853e+04 1.37042879e+01
 1.20033040e+00 -8.25294557e-02 5.54494563e-01 7.67777383e-02 -4.98761701e+03 1.36943599e+01
 3.83271884e-01 -8.68669217e-01 -6.04997147e-01 3.46766546e-01 3.20297378e+03 1.36965164e+01
 -1.58212168e-01 7.32605634e-01 -7.12569122e-01 -5.61631054e-01 1.11297937e+04 1.36954561e+01
 1.08238133e+00 -8.29509225e-01 2.02408706e+00 3.42160609e-01 2.12411037e+03 1.37075832e+01
 -1.13968462e+00 4.57200926e-01 7.37233526e-01 -4.21864282e-01 8.51168527e+03 1.36957958e+01
 2.56643743e-01 -4.68809379e-02 2.85715025e+00 9.96471044e-01 -2.82956015e+03 1.37018388e+01
 -3.75052096e-02 -5.86588959e-01 6.17003265e-01 8.51326299e-01 -5.80633295e+03 1.37017006e+01
 -8.21489790e-01 5.58587284e-01 6.31251495e-01 -1.21764880e-01 3.42350076e+04 1.36965962e+01
 -6.21907893e-01 5.03062379e-01 -1.59181694e+00 3.28026823e-01 2.85430170e+04 1.36920962e+01
 -8.05679275e-01 -5.09062826e-01 -2.28113035e+00 -3.13142676e-01 -9.20739739e+02 1.37035690e+01
 -1.88756641e+00 7.75404558e-03 1.32656665e+00 3.60345211e-01 3.01231598e+04 1.36923286e+01
 -9.51813777e-01 2.54589410e-01 -9.73080946e-01 3.96113005e-01 4.11532879e+03 1.37073381e+01
 -2.45578019e+00 2.04736680e-01 2.45662999e+00 -2.84104376e-01 -1.57987841e+04 1.36920944e+01
 2.08692279e-01 3.41078682e-01 -2.48816895e+00 -1.73311851e-01 -5.53819364e+03 1.37078123e+01
 1.10029916e+00 3.51118645e-01 9.84428284e-01 -2.46030148e-01 -7.77544752e+03 1.37048778e+01
 1.32312289e+00 3.13705837e-01 -2.00957166e+00 4.51495616e-01 2.63751590e+04 1.36953080e+01
 2.53067680e-02 1.86938880e-01 2.21405485e-01 -2.39561327e-01 -2.05187036e+04 1.36909669e+01
 1.85642689e+00 1.73119199e-01 1.18126857e+00 2.87343157e-01 5.45468958e+03 1.37101715e+01
 1.42386463e-01 -4.33861351e-01 1.27629363e+00 2.04122551e-01 -5.40672686e+03 1.36996866e+01
 -7.14927862e-01 1.05791729e+00 1.36109483e+00 1.29779778e-01 -1.90692518e+04 1.36928252e+01
 4.20751683e-01 -5.22228215e-01 4.19350634e-01 2.72217751e-01 3.05598991e+04 1.37045514e+01
 -6.53885734e-01 -4.08705755e-01 1.40547401e+00 5.85996408e-01 2.11112586e+04 1.36940336e+01
 2.18418334e+00 9.06896824e-01 -2.99152672e-01 2.26739851e-02 2.26792458e+04 1.37057766e+01
 5.74593435e-02 -5.97371253e-01 -8.86137431e-01 -3.85589874e-01 -1.42517872e+04 1.37003124e+01
 -1.22939266e-01 6.52562626e-01 -2.27189951e+00 -3.92145439e-01 2.16971798e+04 1.37036923e+01
 1.05831324e+00 -9.44377063e-02 1.79176393e+00 -2.13727968e-01 1.40283594e+04 1.37030900e+01
 1.24106013e+00 -2.70033260e-01 -4.18919235e-02 1.81799180e-01 2.02852452e+04 1.37126939e+01
 -7.42028064e-01 4.32016560e-01 -3.20529927e-01 -1.83962745e-01 -1.98532724e+04 1.36939394e+01
 -2.24862296e-01 -5.65268898e-02 -8.48970469e-01 -4.78495442e-02 -2.37600004e+04 1.36929885e+01
 1.18632547e+00 4.29195337e-01 1.27115548e+00 9.72324994e-01 -1.36201694e+04 1.37044044e+01
 2.94609696e+00 -2.33767359e-01 6.07308606e-01 1.05092939e-01 4.85243412e+03 1.36973405e+01
 1.35382171e+00 9.49006835e-02 -1.59089400e-01 2.96303082e-02 3.24323259e+03 1.36978600e+01
 -3.52751440e-01 5.64499474e-01 5.96542823e-01 4.65889093e-01 -1.78527006e+04 1.37016318e+01
 -2.29083406e-01 2.65844452e-01 -2.30930175e+00 1.74527186e-01 -9.32606768e+03 1.37070341e+01
 -8.03782384e-01 8.61944693e-01 -2.05428398e-01 1.73587986e-01 -6.73726918e+03 1.36999957e+01
 -1.43534243e+00 -2.86984486e-01 4.09018959e-01 -2.27560084e-01 4.98641448e+03 1.36993146e+01
 1.20364382e+00 -1.92295082e-01 -2.65212748e-01 4.68044175e-01 -1.26272780e+04 1.37141442e+01
 -1.36446651e+00 1.02100853e+00 1.71533082e-01 4.76088531e-01 -1.45520593e+04 1.36998517e+01
 1.74281367e+00 -1.40308916e-01 4.09302573e-01 -2.07262765e-01 -1.43762711e+03 1.36976421e+01
 -3.50757141e-01 6.31579462e-01 8.70703375e-01 -3.54602731e-01 6.26134987e+03 1.36977166e+01
 7.74278118e-01 1.02096214e-01 -1.11361167e+00 -3.79447690e-02 -3.49835608e+04 1.36920138e+01
 -2.25961684e+00 -3.13777031e-01 1.92669317e+00 -3.14330737e-01 -3.36393784e+04 1.36910135e+01
 1.62317741e+00 5.69584063e-01 -7.59548344e-01 5.58974827e-01 -1.29330555e+04 1.37093004e+01
 2.82529925e+00 1.02988624e-01 1.02808208e+00 -8.98540662e-01 1.97611853e+04 1.36970131e+01
 1.00400089e+00 8.03824176e-01 6.45059190e-01 8.84687691e-02 1.87968415e+04 1.37050002e+01
 -4.45342220e-01 -8.12470553e-02 -1.81410030e-01 4.71872210e-01 1.79478323e+04 1.36958836e+01
 -8.08599577e-01 -2.46281351e-01 -6.14899671e-02 -4.33691763e-01 1.87374233e+03 1.37051902e+01
 8.61272924e-01 -9.04321891e-02 -5.14079517e-01 2.00475987e-02 -2.59091750e+04 1.37009229e+01
 9.09520879e-01 1.64321405e-01 2.59311017e-01 1.71701147e-02 9.38668697e+03 1.37125665e+01
 8.89558498e-01 4.22305644e-02 -7.17979470e-01 -6.62771430e-01 2.28751153e+04 1.37053574e+01
 -1.25076200e+00 -6.60497846e-01 2.86740263e-01 3.10726929e-01 -2.88091162e+03 1.36842178e+01
 -1.34854773e+00 6.44626035e-02 3.22161561e-01 4.96861064e-01 -3.30162684e+03 1.36909623e+01
 -2.61359992e+00 1.19040564e-01 1.40036423e+00 5.94511491e-01 -1.41432795e+04 1.37029101e+01
 -1.64355348e+00 1.51916153e+00 4.38106875e-01 -4.37188276e-01 -4.39830746e+03 1.36926507e+01
 8.43059540e-01 1.54429274e-01 2.03614962e-01 3.67195422e-02 -1.03583541e+03 1.37043913e+01
 7.14064749e-02 -8.08192659e-01 2.39276094e-01 6.08121166e-01 6.95320113e+03 1.36911496e+01
 7.96950346e-01 -1.47531722e-01 1.40553696e+00 -4.23272523e-01 3.02220574e+04 1.37060055e+01
 -6.42145980e-01 -5.71987074e-01 3.72690561e-01 -2.07932033e-01 2.49439425e+04 1.37018014e+01
 1.96376431e-02 -1.76567849e-01 -1.45308608e+00 -3.87074596e-02 -1.94518762e+04 1.37066171e+01
 1.42744457e+00 -7.65435189e-01 1.51892800e+00 -2.58446517e-01 5.92658648e+03 1.37029013e+01
 -6.93193003e-01 1.85475811e-01 -1.35064177e-01 5.41310799e-02 -2.72274744e+04 1.36983378e+01
 -1.97768030e+00 -9.73146358e-01 -9.93313369e-01 -6.83036057e-01 1.34789739e+04 1.37056878e+01
 -2.13127765e-01 1.37927456e-01 -3.58984487e-01 -3.41726276e-02 -4.74817172e+03 1.36917482e+01
 -1.42504625e+00 -1.11184350e+00 8.26508032e-01 -1.75783570e-01 3.52665542e+04 1.36992394e+01
 4.57171901e-01 -1.62512860e-01 1.76546655e+00 7.56503338e-01 8.04022303e+03 1.37010563e+01
 -3.96359426e-01 -1.86764702e-01 -9.61028553e-01 -3.71091497e-01 4.26294576e+04 1.37070427e+01
 -1.03553340e+00 2.28246953e-01 -2.96517364e-01 -2.36570711e-01 1.61463514e+04 1.37054948e+01
 -1.39673002e+00 -4.67999778e-01 -1.77053727e+00 3.00998896e-01 2.32786148e+04 1.36845689e+01
 8.69946865e-02 -2.62367037e-02 -6.46944586e-02 3.43989556e-01 -3.45093205e+04 1.37056608e+01
 -4.55545175e-01 7.50510111e-01 -1.36225185e+00 -1.15817242e-01 -2.24029134e+03 1.37010080e+01
 -1.19087636e+00 2.55488249e-01 1.37126815e+00 1.27048386e-01 -7.90322113e+03 1.36974861e+01
 -5.43146529e-01 6.23548861e-01 -5.50541963e-01 3.79628302e-01 -1.78679657e+04 1.37025375e+01
 5.00945757e-01 4.97138620e-01 -1.93905951e+00 4.06082632e-01 -2.87012475e+04 1.37068871e+01
 6.32084627e-02 -3.91164048e-02 2.65446200e-01 4.51268197e-02 -3.36615487e+03 1.36903053e+01
 6.99002347e-02 -3.26324336e-01 -5.30012691e-01 -9.97348260e-01 8.75427802e+03 1.37007163e+01
 -5.09909060e-01 -4.52607721e-01 1.63010289e+00 3.98490249e-01 -1.83646499e+03 1.37013070e+01
 -3.25471533e-02 -1.98493078e-01 -6.42592791e-01 6.27879908e-01 7.00069563e+03 1.37045271e+01
 1.23692650e+00 1.37888836e+00 -1.80737728e+00 2.23777330e-01 1.67203307e+04 1.37068130e+01
 1.26970344e+00 5.54813261e-01 8.51037701e-01 3.90588647e-01 1.89445812e+04 1.36875379e+01
 -1.61044989e-01 3.50525720e-01 -7.74485383e-01 1.08244172e+00 -9.03947684e+03 1.37003126e+01
 -2.06475805e-01 1.22950370e+00 -5.28699419e-01 -1.82078969e-01 2.82117424e+04 1.36967237e+01
 -3.24113179e-01 -3.35580643e-01 1.65509917e+00 5.01169418e-01 -2.65894092e+03 1.37037480e+01
 -1.53939446e-01 6.85742506e-01 -2.91797559e+00 -8.02805348e-02 -1.81933558e+04 1.36977047e+01
 5.26816244e-01 -4.33362956e-01 -7.01368994e-01 5.30122272e-01 -6.36056405e+03 1.37014594e+01
 7.33702499e-01 8.50119353e-01 1.69364625e+00 -9.09754592e-01 -1.87658300e+04 1.36944839e+01
 1.00064150e+00 5.52927300e-02 -3.95800968e-01 -1.57172216e-02 2.19513476e+04 1.37083379e+01
 -5.80306595e-02 1.92811647e-01 7.40913673e-01 3.25978981e-01 -4.70500643e+02 1.36957783e+01
 -5.13457368e-01 7.80050247e-01 1.33894293e+00 4.85257961e-01 -6.25201057e+03 1.36904055e+01
 8.14732694e-01 -6.99663913e-02 -8.47213336e-01 9.19611741e-01 3.96395328e+01 1.37108694e+01
 3.58896218e-01 -9.95743573e-01 2.92683016e+00 3.24945344e-01 1.07761740e+04 1.37076204e+01
 -9.19082787e-02 7.09563742e-02 -1.23498184e+00 -2.57963463e-01 -1.94196673e+04 1.37048853e+01
 -3.11874862e-02 9.07963171e-01 -2.88932947e+00 -3.78461148e-01 1.38367650e+04 1.36875659e+01
 -1.84434731e+00 3.28805395e-02 1.25467161e+00 -2.96877855e-01 1.36832347e+04 1.36927557e+01
 1.33816489e-01 2.65635320e-01 6.74204864e-01 3.55385957e-01 -2.86499356e+04 1.36895127e+01
 5.80240248e-01 -1.02276441e+00 5.77331044e-01 -7.14621493e-02 1.27848727e+04 1.37011617e+01
 5.38008609e-01 -9.63214895e-01 -1.15276031e+00 2.49354173e-01 -1.26722329e+04 1.37008014e+01
 -1.97586300e-01 5.87471855e-01 7.40421022e-01 7.67592557e-02 2.84047864e+03 1.36967570e+01
 4.28542079e-01 -2.01516617e-01 6.64390722e-01 4.05409154e-01 1.17144906e+04 1.37121583e+01
 5.15820035e-01 -2.74614830e-01 6.86233444e-01 -2.47571106e-01 -1.28256143e+04 1.37064739e+01
 -1.60862080e+00 5.06467844e-01 -2.44694682e+00 5.77537284e-01 -3.88710967e+04 1.37075037e+01
 -2.72435865e+00 -2.07523003e-01 -4.45147309e-01 -5.82863026e-01 -9.05218089e+03 1.37032244e+01
 4.94481694e-01 -6.99521276e-01 8.22160675e-01 -9.88591841e-01 -1.12822952e+04 1.37066044e+01
 5.49070005e-02 3.87452438e-01 2.36122333e+00 4.04547195e-01 2.39903286e+04 1.36911866e+01
 1.08945754e+00 -2.85635464e-01 8.81408330e-01 9.99803181e-01 -3.30292379e+03 1.37051806e+01
 -9.29523171e-01 -5.59611719e-01 -2.33122827e+00 2.19494303e-01 -1.55802099e+03 1.36956791e+01
 -4.77420843e-01 5.36470263e-01 1.21189520e+00 1.09730243e-01 8.22586893e+03 1.36847106e+01
 5.16486368e-01 -1.41733984e-01 1.01597115e+00 -5.80944927e-01 1.61779382e+03 1.36905733e+01
 8.78229098e-02 -5.82829597e-01 1.20958241e+00 2.63604461e-01 5.67731461e+03 1.36939969e+01
 9.63283523e-01 -9.26480356e-01 2.79074305e+00 3.17441332e-01 1.81697581e+04 1.37054663e+01
 -1.06708343e-02 -1.31746318e-01 -2.01535930e+00 8.65276544e-02 -1.21557260e+04 1.37132403e+01
 2.31683087e-01 -1.35418325e-01 1.19914666e+00 -2.59399175e-01 -2.67636020e+02 1.37093697e+01
 -3.22933956e-02 -7.75093724e-01 -1.13440598e+00 -3.08667527e-02 8.12883037e+03 1.37088741e+01
 -4.30100586e-01 -4.38778293e-01 2.38549993e+00 5.07399091e-01 -4.59509582e+03 1.37003099e+01
 4.91017313e-01 -1.54299885e-01 5.90296473e-01 -8.22169767e-02 -3.50257522e+04 1.37091522e+01
 -1.86671717e-01 -1.19305042e+00 1.27579510e+00 -6.31850445e-02 2.04563389e+04 1.36988355e+01
 7.57673337e-01 -1.71788103e-01 2.93588688e-01 -1.01488915e+00 -1.18680986e+04 1.37056531e+01
 8.65445174e-01 -1.46575855e-01 -1.16800594e+00 2.57012012e-01 2.02199759e+04 1.36982845e+01
 -3.58834175e-01 -6.76440479e-01 1.20266462e+00 1.36479932e+00 1.50390684e+04 1.36990169e+01
 -7.36746697e-02 -1.11337218e+00 6.32310823e-01 -1.23223478e-01 3.43644345e+04 1.36958787e+01
 -1.60464271e-01 3.37593747e-01 3.29020686e+00 1.90380690e-01 -9.84232541e+03 1.37022442e+01
 -1.05567683e-01 5.43226483e-01 6.83650973e-01 -1.30841956e-01 2.14161495e+04 1.37125463e+01
 -6.47661610e-01 5.00219217e-01 6.71677184e-01 -8.38810981e-01 9.32011340e+02 1.36991714e+01
 7.15460532e-01 1.65583599e-01 1.98001401e+00 -1.74313597e-01 -2.95576902e+03 1.37070061e+01
 -7.97849557e-01 -2.28046345e-02 -5.50727535e-01 2.94205661e-01 -8.62770643e+03 1.36989306e+01
 1.93786318e+00 -3.24891234e-01 5.14319674e-01 5.20577195e-01 1.19871769e+04 1.37077719e+01
 5.34515061e-01 -4.23350084e-01 2.87124254e-01 -2.29514178e-01 3.06381644e+04 1.36996556e+01
 -1.68774623e+00 -2.74321553e-01 -1.56898327e+00 -1.32394625e-01 -7.86186721e+03 1.36901985e+01
 -8.42608523e-01 4.71907779e-02 -1.61898024e+00 -9.38162991e-02 -2.56352504e+04 1.36993524e+01
 -8.68707281e-01 -9.18768402e-02 -2.23299988e+00 5.54182317e-01 1.41759135e+02 1.37026419e+01
 -1.32304877e+00 -3.79290203e-01 1.12588446e-01 -2.58733487e-01 -1.82607395e+04 1.36936191e+01
 3.32439098e-01 -5.04150699e-02 -1.30938992e+00 -3.23159511e-01 -1.36974491e+04 1.36952363e+01
 1.05596118e+00 -8.79275548e-01 -3.49971301e-02 -4.06953337e-01 6.03835131e+03 1.37029915e+01
 7.86227694e-01 3.21173890e-01 -8.28817612e-01 3.58230900e-01 6.61527975e+03 1.37043906e+01
 -9.19609923e-01 -3.82647929e-01 -2.43477579e+00 -5.51826855e-01 2.20697354e+04 1.36931760e+01
 4.19017331e-01 -4.11639595e-01 6.94973914e-01 -5.83935240e-01 -3.22827881e+03 1.36999673e+01
 -1.13096369e-01 2.51053536e-01 3.91537368e-01 -1.95047266e-01 -4.20618681e+04 1.37054434e+01
 -3.86200503e-01 6.37138921e-01 -1.82990644e+00 5.21035382e-02 2.28426991e+04 1.36936378e+01
 -1.93168440e-01 -4.86940950e-01 3.25529993e-01 -9.63346565e-02 -5.17967666e+03 1.37129684e+01
 6.59672605e-01 7.94057278e-01 -1.15324064e+00 2.24107314e-01 1.49157807e+04 1.36971100e+01
 -1.42656752e+00 3.85943352e-02 2.73292230e-01 2.76330484e-01 -3.68738478e+04 1.36909727e+01
 4.62904531e-01 3.46451189e-01 -4.93696838e-01 -9.60574174e-01 -4.44246612e+04 1.36988534e+01
 1.65109368e+00 1.20805240e+00 -1.41664728e+00 1.89643521e-01 -7.15713176e+03 1.37096597e+01
 -4.37550233e-01 -6.42718002e-01 -4.23181055e-01 -4.54648380e-01 6.34309123e+03 1.37054724e+01
 9.17062688e-01 -7.67595820e-01 -1.21270110e+00 -8.33384417e-01 -4.26883744e+03 1.36996849e+01
 -3.71951061e-01 1.10615905e-01 -1.97340881e+00 3.50008126e-01 1.32795793e+04 1.37012547e+01
 1.23651492e+00 -2.98210400e-01 2.63564630e-01 -3.44789096e-01 -2.40482056e+03 1.36933148e+01
 -4.46261319e-01 1.15792309e-01 -9.09238228e-01 -1.47410277e-01 -1.06246966e+04 1.36943513e+01
 1.80874158e+00 -3.60438724e-01 5.23465636e-01 5.54911467e-02 5.55023106e+03 1.37125914e+01
 4.78343775e-01 1.58192637e-02 5.88577590e-01 -2.57934957e-01 -4.28549309e+04 1.37055133e+01
 1.04604798e+00 7.12717630e-01 -2.15941487e+00 -4.28251760e-01 -5.16476686e+02 1.36980266e+01
 8.14415562e-01 -1.11117434e-01 1.21858389e+00 -2.84184885e-01 2.63325810e+04 1.37038340e+01
 -5.64354226e-01 -3.13875313e-01 1.84109579e+00 -2.45755158e-01 -3.76519676e+04 1.37065077e+01
 8.64216380e-01 -5.19388015e-01 7.66397108e-01 -7.90431350e-02 3.86975060e+03 1.37028945e+01
 -2.37695290e-01 -2.10330579e-01 -2.47434103e-01 -6.20569680e-01 2.40982211e+04 1.36975869e+01
 -1.69390551e-02 6.19995514e-01 -1.19039431e+00 2.16191874e-01 -8.70319637e+03 1.36850813e+01
 2.64803071e+00 4.15364848e-01 2.49113917e-02 -4.63815539e-01 2.66027928e+04 1.37144311e+01
 6.66609466e-01 3.44369885e-01 -1.19762196e+00 1.34701798e-01 -9.97936241e+03 1.36998695e+01
 2.03688213e-01 -4.02782703e-01 -8.23501335e-01 1.90394465e-01 -1.21348397e+04 1.36962579e+01
 -1.49336517e+00 2.24939416e-01 2.11221365e+00 -1.46553957e-01 -5.77387881e+03 1.36946118e+01
 -1.61505108e+00 -4.59671992e-01 5.27813723e-01 6.59072543e-02 -6.17589838e+03 1.36957573e+01
 -1.94913600e+00 2.71626276e-02 -3.47986342e-01 -3.78553306e-01 2.24265658e+03 1.36876139e+01
 -7.05662237e-01 1.50343151e-01 -1.34519619e+00 -1.76452528e-01 4.81645928e+04 1.37007924e+01
 -3.78443591e-01 -1.63870342e-01 -7.45612536e-01 -6.96611786e-01 1.82425429e+04 1.36911081e+01
 2.37895879e-01 2.62093618e-01 -1.91679558e+00 -8.61945022e-01 -3.82957245e+03 1.36912628e+01
 5.91830247e-01 -5.32100877e-01 1.53753386e+00 -6.54503654e-02 6.54368862e+03 1.37109329e+01
 -5.61529401e-01 -5.97951918e-02 -1.47436760e+00 -6.44671422e-01 5.28800004e+03 1.37041867e+01
 -1.67100745e+00 -5.27986432e-01 -5.74095753e-01 -1.58512267e-02 4.03453812e+04 1.36956956e+01
 -2.21582500e-01 -1.85145087e-01 -1.60726861e+00 5.34288370e-01 -1.79663646e+04 1.37170597e+01
 1.00293091e+00 1.05614350e-01 -5.14652287e-01 -3.10673242e-01 -1.75055541e+04 1.36982453e+01
 -1.24269618e-01 2.88792122e-01 -1.88183040e+00 4.87279201e-01 1.26141896e+04 1.36999703e+01
 2.99569152e-01 3.59177410e-01 1.54910127e-01 2.56233447e-01 3.80755071e+03 1.37081785e+01
 -1.67753711e+00 4.67581556e-01 -8.49337124e-01 4.39813880e-01 -5.08454510e+03 1.36934311e+01
 -2.08477475e+00 -3.98556467e-01 -1.41906343e+00 -5.38754319e-01 -1.65128387e+04 1.36942859e+01
 1.44083486e+00 3.32321064e-02 1.16895671e-01 5.76502544e-01 1.93146019e+04 1.37009685e+01
 -7.37826791e-01 1.32877804e+00 7.44592987e-01 -7.20069367e-01 -2.52742582e+04 1.37000091e+01
 -3.64636617e-01 -1.15385324e-01 6.28018820e-01 -1.44886003e-01 -1.83356161e+04 1.37000737e+01
 9.88515057e-01 2.16110611e-01 -1.18351627e+00 5.16230427e-01 5.38762450e+04 1.37012427e+01
 -6.23550179e-01 -1.60256231e-01 1.57481212e+00 -4.19004500e-01 -8.53045965e+03 1.36966519e+01
 9.58494273e-02 -4.44510168e-01 5.06523765e-01 -5.29672055e-01 -2.29296898e+04 1.37048484e+01
 8.69223307e-01 4.15179061e-01 -2.15350639e+00 -3.91437216e-01 1.95270809e+03 1.36987945e+01
 -2.41812747e-01 -9.17921773e-01 -5.81626616e-01 3.73928408e-01 -5.30400348e+03 1.36923311e+01
 -6.06743471e-01 -7.35459706e-01 8.50797155e-01 8.25059999e-01 -1.55102486e+04 1.36976328e+01
 -7.98511670e-01 -3.81692530e-01 -6.32194047e-01 -1.43463084e-01 -6.18750453e+03 1.36972185e+01
 1.90659931e-01 -3.95624681e-01 -1.07961278e+00 5.97771745e-01 4.93419705e+04 1.37017327e+01
 9.71260798e-01 3.28938393e-02 -4.12562572e-01 1.93092523e-01 1.44369212e+04 1.36974879e+01
 -1.37469822e-01 3.42193297e-01 3.39531187e-01 -1.75326580e-01 1.71785270e+04 1.37122581e+01
 -4.17459176e-01 -1.87872629e-01 -1.72041063e+00 5.20382409e-01 1.16793673e+04 1.37000540e+01
 8.47484858e-01 -1.25288121e+00 -1.41934865e+00 -1.93878933e-01 2.00592768e+03 1.37129657e+01
 -9.52351591e-01 -1.42667823e-01 -3.85778935e-01 -3.88585467e-01 -1.85276544e+04 1.36884271e+01
 -6.42010102e-01 -2.81063444e-01 -1.92885963e+00 -1.49945924e-01 -3.24536958e+04 1.36942739e+01
 -6.97363141e-02 6.18467963e-01 3.36030909e+00 5.74199033e-02 3.49184357e+03 1.36989601e+01
 1.23230985e+00 1.63918646e-01 3.11579412e-01 -4.00633416e-01 -6.24784677e+03 1.37024434e+01
 2.11563604e+00 5.42613336e-01 1.74738522e+00 6.89370697e-01 8.75862100e+03 1.37005979e+01
 3.71260107e-01 6.62468210e-01 1.17372564e+00 -2.89137479e-02 1.67643743e+04 1.36904217e+01
 1.09499197e+00 3.36848746e-01 1.13715349e+00 5.01051751e-01 8.86208708e+02 1.37174808e+01
 1.07816427e+00 -7.02607092e-01 -1.19121620e+00 -1.29630149e-01 -9.03250185e+03 1.36935794e+01
 3.34943926e-01 2.93037599e-01 8.38759115e-01 -3.22028567e-01 3.08897448e+04 1.36934956e+01
 2.07694884e+00 -3.72443999e-01 8.51562896e-01 6.98477955e-01 1.98330157e+04 1.37118795e+01
 6.41142412e-01 -4.30577990e-01 1.68504600e+00 5.73855283e-02 7.29910508e+03 1.37098950e+01
 -3.56050891e-01 -5.04347503e-03 -7.12951935e-01 7.22467125e-04 -3.31102129e+04 1.36940952e+01
 1.35354547e+00 -1.26432551e+00 -4.69991461e-02 6.21667756e-01 1.08606310e+01 1.37035879e+01
 1.29164470e+00 -2.10430078e-01 -2.26511565e-01 4.20919358e-01 3.03449237e+04 1.37078179e+01
 4.33536671e-01 6.40916244e-02 3.38722705e-01 -6.67982234e-02 3.86472650e+03 1.36963393e+01
 -5.39602933e-01 1.08103350e-01 -2.04707337e-01 8.71947603e-01 2.34130353e+04 1.36995765e+01
 -5.08660748e-01 -4.91444130e-01 -9.44761919e-01 2.14348619e-02 -3.13306401e+03 1.37139930e+01
 2.65858904e-01 -9.95872023e-02 1.69873899e+00 -3.07157810e-01 1.45422806e+04 1.37024551e+01
 -8.02720375e-01 2.25274250e-01 -3.62366423e-01 -4.96068938e-01 9.10786050e+03 1.37038395e+01
 5.78894609e-03 1.03423802e+00 8.67073227e-01 9.36906713e-01 1.77010784e+03 1.37031845e+01
 -1.09913352e+00 -9.57850432e-01 -6.42410783e-01 -3.49838436e-01 -5.56967690e+03 1.37008589e+01
 3.64423947e-01 1.76940625e-01 3.20610751e+00 6.27277241e-01 -3.61520919e+04 1.37025142e+01
 -2.65965085e+00 -1.19592655e+00 1.00890190e+00 -3.50664271e-01 1.40367017e+04 1.36878308e+01
 -9.70868005e-01 8.28969563e-02 3.57628928e-01 1.25191431e-01 -2.84478918e+03 1.37054068e+01
 3.16824803e+00 9.80448214e-01 -9.37399882e-02 -1.03277854e+00 1.00362360e+04 1.37010070e+01
 7.17268579e-01 -4.17181017e-02 7.99756606e-01 1.28735457e-01 -4.79684281e+03 1.37202944e+01
 -2.42346892e-01 3.49764263e-01 4.69082920e-01 7.67338651e-02 -1.79131003e+04 1.37015583e+01
 3.93894145e-01 1.14410065e-01 1.29098878e-01 -3.74960536e-01 -8.13603124e+03 1.37035934e+01
 -3.79720646e-01 -1.23587575e+00 2.86636975e-01 1.06637768e+00 -2.66868630e+04 1.36984305e+01
 7.02412359e-01 -4.98739609e-01 3.66926835e-01 2.62333444e-01 2.24508542e+04 1.37005121e+01
 1.40302134e+00 -4.75290812e-02 5.46043291e-01 -1.11524276e-01 -3.36037782e+04 1.37030303e+01
 2.16961149e-01 -1.38457400e-01 2.73515265e+00 3.20428927e-01 1.85178219e+04 1.37018338e+01
 -3.04886961e-01 8.50960435e-02 -1.10636383e+00 -6.12036126e-01 -1.03617673e+04 1.37009315e+01
 1.89387913e+00 6.13588383e-01 -1.30346928e-01 -1.41391687e-01 4.31474073e+04 1.37039620e+01
 1.88332460e-01 6.12188813e-02 -2.48123526e+00 5.04140199e-02 2.77881174e+04 1.36987193e+01
 -2.02841092e+00 -2.59102107e-01 -1.75352611e-01 -4.10361881e-01 -7.80700398e+02 1.36965695e+01
 6.92385096e-01 -7.20600739e-02 -8.01570929e-01 -2.29727855e-01 -2.11274662e+03 1.36979632e+01
 1.89406422e+00 9.53381739e-01 6.43817472e-01 2.06248154e-01 -2.54389528e+04 1.37018942e+01
 2.25130699e+00 -8.82955037e-01 -4.65134561e-01 -5.08036782e-01 -1.94331318e+04 1.37010611e+01
 5.90074733e-01 -2.85499250e-01 9.25203342e-03 -6.41973502e-01 -9.67374633e+03 1.37082733e+01
 1.58454614e+00 -1.49778338e-02 -9.81820298e-01 1.40528504e-01 -3.78155186e+04 1.37019966e+01
 6.51037124e-02 -7.24551457e-02 -1.63081516e+00 2.13742068e-01 8.89065033e+03 1.37035917e+01
 1.40453991e+00 9.29818965e-02 -3.97194079e-01 1.32912911e-01 -7.14674032e+03 1.37074324e+01
 -1.69635488e+00 -4.40934043e-01 2.05196948e+00 -2.37896338e-01 1.15126813e+04 1.36933133e+01
 -1.03442054e-01 -5.70342272e-01 -2.05376767e+00 -3.74016346e-01 2.91569478e+04 1.37036635e+01
 -1.64258104e+00 -8.58580606e-01 -7.79844126e-01 -1.55793458e-01 -3.82007998e+03 1.36935738e+01
 -3.03529341e-01 6.90344378e-01 -1.12701159e+00 7.07247484e-02 -1.56290045e+04 1.36924381e+01
 -4.59633772e-01 1.49719832e-01 -3.43053071e-01 -8.14394817e-02 -2.05067049e+04 1.36928435e+01
 2.48083713e-01 9.13213751e-02 -3.44711978e-01 4.72460978e-02 1.09160219e+04 1.36996243e+01
 -1.21194227e+00 -2.85547390e-01 1.44344534e+00 4.42073246e-02 -1.61929727e+04 1.36926756e+01
 -5.51726547e-01 2.82273043e-01 3.65358748e-01 4.64418856e-01 -1.75372988e+04 1.36947643e+01
 3.30486792e-01 2.96294712e-01 1.32346234e+00 3.79409071e-01 1.58497642e+04 1.37038709e+01
 -1.65227440e+00 -7.63404874e-01 -5.16775127e-02 -4.10639794e-01 3.28199598e+04 1.36924999e+01
 1.85116635e-01 -9.48213212e-02 -5.75958535e-01 3.33594354e-01 1.08403979e+04 1.37065551e+01
 2.50379461e+00 -2.88154781e-01 1.93023658e+00 -8.55305041e-02 -2.65152863e+03 1.37150266e+01
 1.36201131e+00 8.94513904e-01 -1.47592920e+00 -1.99694288e-01 -2.52447421e+04 1.36976113e+01
 -1.61733899e+00 4.70743652e-01 -4.45160392e-01 -2.13049931e-02 2.42562738e+04 1.36936351e+01
 1.66610512e+00 -1.38969951e-01 2.13284666e+00 -2.73671583e-01 -1.99515982e+04 1.37004935e+01
 -1.25447027e+00 -3.94046407e-01 1.24278611e+00 5.79496562e-01 5.90341371e+03 1.36825816e+01
 -2.08675563e+00 2.31769217e-01 -9.56952794e-01 -1.23270696e-01 -1.57101281e+04 1.36964802e+01
 -5.67529837e-01 8.70836488e-02 2.69221949e-01 2.58916537e-01 -1.65425187e+04 1.37065181e+01
 2.22911938e-01 9.35866556e-02 -4.77157031e-01 -2.05851724e-01 -4.25070711e+04 1.37057109e+01
 -6.27127392e-01 -1.38138364e+00 -1.22552506e+00 -1.95524118e-01 -5.43115903e+03 1.37021997e+01
 3.25061630e-01 1.90905155e-01 1.48025060e+00 -2.38347631e-01 -1.44003448e+04 1.36998183e+01
 1.29659826e-01 4.69804162e-01 -1.09688330e+00 -7.75870659e-01 -2.25643151e+04 1.37056788e+01
 -3.69747699e-01 4.30802825e-01 8.87150868e-01 -9.11448416e-01 -1.20708010e+04 1.37057013e+01
 -1.47906734e+00 -1.41672409e+00 -3.90778766e-01 2.37851392e-01 2.08643896e+04 1.36978669e+01
 -7.86104209e-01 -4.00775217e-01 -8.86037449e-03 3.58501271e-01 2.61533741e+04 1.37086297e+01
 6.58500542e-01 -2.49705146e-01 -2.20243872e+00 -4.12184203e-01 1.60899264e+04 1.37120634e+01
 -9.86340150e-01 -5.70487508e-01 -9.40636845e-01 9.64984332e-01 -1.61521273e+04 1.36935311e+01
 2.26279060e-01 -9.86137317e-01 1.13631121e+00 3.57100384e-01 1.12177204e+04 1.36936941e+01
 -1.32253528e+00 4.31285275e-01 1.71585559e-02 6.05253693e-01 -5.53255479e+03 1.36952564e+01
 -1.69708541e+00 -9.05479284e-02 1.15564449e+00 2.79626460e-01 -1.37260883e+03 1.37033497e+01
 1.93366003e+00 -2.12471751e-01 6.09402644e-01 4.38010375e-01 -8.99057136e+03 1.36950871e+01
 -2.32232874e-01 1.04788492e-01 1.72313843e-01 -1.00437264e+00 1.28402850e+04 1.37001770e+01
 -1.47967901e+00 1.43308263e-01 1.20252071e+00 -1.70680506e-01 9.63662893e+03 1.37005296e+01
 1.95000547e+00 1.01899460e-01 7.74852662e-01 -2.02157343e-01 -5.31298405e+03 1.37047646e+01
 1.91477172e+00 1.34198373e-01 8.06068592e-02 1.91181426e-02 6.53044781e+03 1.37051618e+01
 -1.24738737e+00 2.02756213e-01 3.42027964e-01 1.86543550e-02 -1.37768286e+04 1.37010764e+01
 1.32356410e+00 -1.63153119e-01 3.72002803e-01 8.06422229e-01 3.31042312e+04 1.36898858e+01
 -6.66639657e-01 1.77798019e-01 1.07206067e-01 7.31076942e-01 1.74466293e+04 1.36936343e+01
 -3.61954992e-01 2.71882359e-02 -1.20157192e+00 -1.66979598e-01 1.51397168e+04 1.36964250e+01
 -7.80920137e-03 4.98396403e-01 -2.67911947e-01 -1.61171462e-01 -1.92533462e+04 1.37049810e+01
 -4.80597733e-01 -6.63595225e-01 2.74249192e-02 -3.31322565e-01 -3.02446208e+04 1.36978031e+01
 2.88924134e-01 5.61748222e-01 -1.28601066e+00 7.07469883e-01 -7.96436643e+03 1.37056149e+01
 -1.31696637e+00 -6.39716650e-01 5.64910861e-01 1.96040038e-01 -3.17982201e+04 1.36943912e+01
 -9.86454436e-01 3.72322739e-01 -2.37149410e+00 -1.68407657e-02 -8.27481442e+03 1.37053130e+01
 1.18652373e+00 4.70253577e-01 1.60800016e-01 -2.43319418e-01 2.02217893e+04 1.37033469e+01
 -1.31446076e-01 -6.04536883e-02 -9.87361915e-01 -1.06330020e-01 1.21039757e+04 1.37002053e+01
 1.96174824e-02 3.61567286e-02 -1.17760493e+00 -4.63087730e-01 2.93894669e+03 1.36988596e+01
 -9.11104037e-01 3.33350703e-01 1.06166231e+00 -4.32360571e-01 1.90608155e+04 1.36923832e+01
 -4.58885298e-01 4.10955363e-01 -2.86362819e-01 -2.90940218e-02 3.27084237e+04 1.37003371e+01
 9.79582391e-01 -1.13790618e+00 -8.96999337e-01 -8.86310533e-02 2.37379935e+04 1.37076674e+01
 -9.59471460e-02 -4.80049937e-01 -5.95744553e-01 9.77815807e-01 5.17432845e+02 1.36889522e+01
 1.01392533e+00 -2.58453315e-01 -1.04818693e+00 -2.62526156e-01 6.40568675e+03 1.36958811e+01
 -1.91728947e-01 -4.76220156e-01 9.94755042e-01 8.07501105e-01 2.09650294e+04 1.36990029e+01
 9.32296981e-01 -1.73645370e-01 -1.53588100e+00 -1.32858237e-01 2.79008570e+04 1.36893600e+01
 6.64967272e-01 -2.13728870e-01 8.22194674e-01 -7.02725220e-02 -3.48464344e+04 1.36960207e+01
 -2.15331325e-01 5.06892898e-01 1.09492628e+00 -1.73068816e-01 -3.58383837e+04 1.36903854e+01
 1.18072421e+00 -8.62542884e-03 2.36807311e-03 -2.46373788e-01 -8.58215178e+03 1.36905481e+01
 2.10475444e+00 -6.08933360e-01 -1.31716605e+00 -2.73167718e-01 6.23358279e+03 1.37091557e+01
 3.74319876e-01 9.83320253e-01 5.05581943e-01 -2.13581831e-01 -2.39202312e+04 1.37139938e+01
 -1.64187899e-01 -1.49067795e-01 -1.76651590e+00 -9.07524108e-01 3.90977676e+04 1.37069649e+01
 8.36395025e-01 4.82001655e-02 4.73799648e-01 1.16443054e-01 8.54587458e+03 1.37039408e+01
 7.67168247e-01 2.00768749e-01 1.34343171e+00 -9.77885644e-02 2.63653028e+03 1.37102286e+01
 4.29535043e-01 -3.59502293e-01 1.22674447e-02 2.71717376e-01 -6.10423923e+03 1.36915563e+01
 3.14613206e-01 7.00719362e-01 -1.28657243e+00 3.16584102e-01 -4.52289499e+03 1.36987375e+01
 4.87047267e-01 6.32325102e-01 2.97553224e-01 -5.08076846e-01 1.15362450e+04 1.36987514e+01
 9.13425626e-01 -5.37168464e-01 1.99686675e-01 2.10357212e-01 -1.96402211e+03 1.36953738e+01
 -2.62623371e-01 -4.36121104e-02 -5.03564964e-01 1.58527181e-01 -2.15824266e+04 1.36996154e+01
 6.18387951e-01 6.44975917e-01 -8.11624277e-02 -3.84989720e-01 -7.69295593e+03 1.36974185e+01
 2.03288519e-01 -5.79854453e-03 -3.93663289e-01 -1.72877854e-01 1.69885929e+04 1.37028652e+01
 2.19453688e+00 8.83834267e-02 1.68975534e+00 4.54989137e-01 3.32518657e+03 1.37002896e+01
 -3.53600788e-02 -4.47640674e-01 3.26186499e-01 -1.24209428e-01 1.24308988e+03 1.37000734e+01
 1.19585350e+00 1.79780443e-01 1.06222900e+00 -4.67972105e-01 -2.05076048e+04 1.37121906e+01
 -8.67707575e-03 -7.75894113e-01 1.61466440e+00 -7.73143613e-01 2.32962290e+04 1.37024946e+01
 -6.68300496e-01 -1.31312857e+00 1.42106668e-01 3.65052895e-01 3.22048832e+04 1.36906365e+01
 4.22777080e-01 -4.42944246e-01 8.25192738e-01 -5.44651366e-01 4.47742464e+04 1.37094861e+01
 -1.21248232e-01 3.85412611e-01 1.36633898e-01 -1.69636610e-01 3.08595415e+04 1.36958767e+01
 2.74487228e-01 -7.21061735e-01 -2.44247390e-01 -2.79492985e-01 -3.78288840e+04 1.36987545e+01
 2.57489496e-02 7.21242812e-02 -1.06030272e-01 2.95085917e-01 2.40271424e+04 1.36999037e+01
 1.48329572e+00 -2.87485938e-01 1.23930060e+00 6.73427666e-01 -6.05628989e+03 1.37015644e+01
 1.99733868e-01 5.67396198e-01 -7.05232890e-01 -5.65847750e-01 -2.95739087e+03 1.37064389e+01
 -5.51818455e-01 1.12088450e-01 -1.16426169e-01 -1.24337130e-01 1.80793241e+04 1.36987415e+01
 -2.02070827e-01 4.14708404e-02 -1.97033437e-01 -8.43342724e-02 2.11956354e+04 1.37016647e+01
 -1.42178296e+00 -3.08979394e-01 9.67054465e-02 2.63532041e-01 -3.30536033e+04 1.37033152e+01
 -1.60622169e+00 -7.53055981e-01 -1.37387011e+00 -8.88130295e-02 5.92134010e+04 1.36898017e+01
 -7.22479436e-01 5.70720124e-01 -1.42719946e+00 3.23465266e-01 -2.02745144e+04 1.36988871e+01
 2.31640658e+00 1.65617504e-01 -2.22001086e+00 4.40094691e-01 -1.45625001e+04 1.37138046e+01
 3.42256367e-01 -2.70432525e-01 1.33553833e+00 -1.09481395e-01 -3.12599323e+04 1.37047062e+01
 -1.64821501e+00 -1.26555028e-01 5.58842020e-04 -3.04677524e-01 5.50155972e+03 1.36848742e+01
 -1.09112928e+00 5.22308642e-01 -6.25152668e-01 5.75143878e-01 2.68172051e+04 1.36941653e+01
 -2.22891767e-01 6.82957601e-02 -1.83201508e+00 5.94715454e-01 -4.73976830e+03 1.37071912e+01
 1.36675344e+00 1.65093163e-01 7.83421595e-01 -1.39861289e+00 4.07361460e+04 1.36924172e+01
 1.86074359e+00 1.58182847e-01 -9.06239768e-01 5.44111164e-01 1.04806325e+04 1.37082149e+01
 7.66947926e-01 2.52987503e-01 1.86134990e+00 -5.01209981e-01 -1.70298028e+03 1.37025447e+01
 1.68495115e+00 -4.90664161e-01 1.01079871e+00 -1.41935466e-01 -3.62636037e+04 1.37035696e+01
 1.18883719e+00 1.25591968e-01 4.96816725e-01 -4.02177747e-01 4.54716111e+03 1.37000099e+01
 -2.79348549e-01 4.19157425e-02 -1.86444987e+00 1.52310329e-01 -1.41118780e+04 1.36904361e+01
 3.38551089e-01 8.47045025e-01 6.47757538e-01 -2.93508432e-01 -7.75703006e+03 1.36951203e+01
 -6.14183488e-01 3.82137940e-01 -2.23601552e-02 -6.94599212e-02 1.20988881e+04 1.37028846e+01
 -8.44173578e-01 -1.26381900e-01 1.13437134e+00 1.10064448e-01 -5.74252329e+03 1.36848320e+01
 -8.15739836e-01 -2.57454898e-01 1.05469944e+00 6.06414335e-01 1.02432675e+04 1.37048508e+01
 -1.59799073e-01 -1.75713275e-02 -2.62580164e-01 -3.72665766e-01 1.60050567e+04 1.37050719e+01
 -1.16968091e-01 4.37542948e-01 -6.86664405e-01 8.05291525e-01 3.46381715e+03 1.36961356e+01
 -6.98178080e-01 -2.70391400e-01 9.60143980e-01 -5.96317090e-01 -3.01380193e+03 1.37005149e+01
 -2.42102417e-01 -9.71382767e-01 -9.10428513e-01 6.81573147e-02 -9.07723609e+03 1.36957873e+01
 -5.55115524e-01 5.62177927e-01 5.12175810e-01 -9.42996557e-02 -1.65795367e+04 1.37126887e+01
 -6.59328248e-01 3.95337125e-01 -5.02758937e-01 -1.47710449e-01 1.64873497e+04 1.36970835e+01
 -2.07360059e-01 1.20505024e-01 -2.82110117e-01 -1.65434157e-01 -3.52328256e+04 1.36902357e+01
 6.59816303e-01 5.17354834e-01 4.77758929e-01 -4.50937129e-01 -7.54859951e+03 1.37042625e+01
 -5.70493770e-01 -4.04367796e-01 3.22997045e-01 8.70938404e-01 6.58993383e+03 1.36894858e+01
 4.18306284e-02 5.85172134e-01 -2.17653835e+00 6.77336364e-02 -1.33552253e+04 1.37138690e+01
 1.14903235e+00 -3.57651673e-01 2.32367891e+00 4.75015171e-02 1.60034050e+04 1.37090015e+01
 -5.12299725e-02 -4.18818072e-01 -3.30932359e-01 7.26442682e-01 -1.62018681e+04 1.36950491e+01
 5.04750276e-01 4.13611506e-02 -6.01980597e-01 1.70015166e-01 -8.30844378e+03 1.37146170e+01
 1.02729433e+00 6.82387442e-02 -3.47824565e-01 -2.35487996e-01 2.10536040e+04 1.37073364e+01
 -4.58871490e-02 -7.62895534e-01 -3.90640020e-01 2.43229699e-01 6.38517548e+03 1.36894596e+01
 3.98772277e-01 2.97562632e-01 2.60625892e+00 -3.58652530e-01 9.27165616e+03 1.37025443e+01
 1.86545371e+00 1.34626706e+00 -5.08976054e-01 3.00598986e-01 1.57520070e+04 1.37074256e+01
 2.10904457e+00 -6.38700947e-01 2.45008011e-01 5.01538026e-01 -1.28825697e+04 1.37137452e+01
 -1.54366864e-01 -1.14879464e-01 -2.48125002e-01 2.60882199e-01 1.58311641e+04 1.36977438e+01
 6.74811183e-01 4.01812034e-01 1.11403215e+00 5.63054489e-01 -8.82785998e+03 1.37004400e+01
 -1.70627841e+00 -3.50984600e-01 -3.40684887e-01 1.49459345e-01 -2.07748271e+04 1.36917617e+01
 -4.97490242e-01 1.53321560e-01 -4.78498412e-01 -3.73580458e-01 -2.61497505e+04 1.36944493e+01
 -1.59286032e-02 2.05239766e-01 2.01885676e+00 -2.43118942e-01 3.59741938e+04 1.37050903e+01
 -7.93538704e-01 -1.51770019e-01 -1.07690878e+00 -2.53305742e-02 2.53624394e+04 1.36890440e+01
 -1.80535463e-02 9.37548191e-01 -2.59960748e-01 2.60453887e-01 7.62321870e+03 1.36957660e+01
 -7.77415242e-01 -3.70448870e-01 2.41974188e+00 -1.21350215e-01 -1.62698362e+04 1.36884751e+01
 7.58798834e-01 6.69885330e-03 -9.41761570e-01 -2.73319019e-01 2.26711153e+04 1.37036856e+01
 1.34292391e+00 -6.74781557e-01 1.45507717e+00 -1.18583494e-01 -1.40049549e+04 1.37065479e+01
 1.53493221e+00 1.98847273e-01 3.56768616e-01 -3.66748056e-01 -2.61230064e+04 1.37009156e+01
 2.08350704e+00 -1.15727677e+00 2.91442264e-01 1.33321866e-01 1.39374768e+04 1.37104057e+01
 -4.64691305e-01 1.83187372e-01 1.08522609e+00 5.55287696e-01 1.42292029e+03 1.36946186e+01
 -9.34925534e-01 6.41975399e-01 -2.07546801e-01 4.88829707e-01 1.84519018e+04 1.37025063e+01
 -3.11785130e-01 -5.18490665e-01 -3.67464168e+00 7.62850156e-01 -9.32587060e+03 1.36972594e+01
 3.67171629e-01 7.56786254e-01 2.48593976e+00 -3.02806693e-01 6.75106939e+01 1.36972016e+01
 4.32447489e-01 -1.85297279e-01 1.93504224e+00 4.43087275e-01 -1.81712819e+04 1.37008067e+01
 6.21622342e-01 6.09033170e-02 5.94015901e-01 1.64350086e-02 -9.81445123e+02 1.37015900e+01
 -5.26072926e-01 2.97433794e-01 1.12693311e+00 1.72459165e-01 2.37318110e+04 1.36960560e+01
 -2.99975398e-01 -5.44638775e-01 1.11542921e+00 3.47877941e-01 3.15862648e+03 1.37060457e+01
 4.66288283e-01 3.36043464e-01 -9.20694817e-01 -3.69762447e-05 -8.56804153e+03 1.36928969e+01
 8.17918127e-01 2.55534979e-01 2.17133244e+00 3.50353899e-02 -1.34626313e+04 1.36963157e+01
 -2.57606584e+00 -1.82062059e+00 -9.98877675e-01 -3.46519747e-01 2.08542476e+04 1.36954570e+01
 -7.95899601e-01 -7.00695295e-01 -1.34149803e+00 3.05382064e-01 2.12919865e+04 1.36951760e+01
 -1.41488656e+00 3.30002993e-01 6.94616951e-01 -9.35444754e-02 2.38925154e+03 1.37052484e+01
 7.10385640e-01 5.98029241e-01 -9.76739424e-01 8.70512332e-01 -2.52908133e+03 1.36960160e+01
 -1.14096532e+00 -5.12840158e-02 1.60794765e+00 8.33418136e-02 -1.37749678e+04 1.37033599e+01
 -1.86847323e+00 7.34718189e-01 -5.12391833e-01 -7.23164060e-01 -1.89158496e+04 1.36949321e+01
 7.53067385e-01 -7.73406909e-01 -1.44195142e+00 -5.21957288e-01 1.31354568e+04 1.37075723e+01
 -5.80531606e-01 -7.89888875e-01 -8.26083363e-01 2.19635257e-01 -2.10600342e+03 1.36974331e+01
 1.75336520e+00 -6.90705751e-02 -1.61152701e+00 2.20314572e-01 -4.71064313e+02 1.36989233e+01
 5.51189812e-03 -9.26433594e-01 1.43210575e+00 -1.84878101e-02 2.75569345e+03 1.36988617e+01
 -4.36046358e-01 -5.78927624e-01 -5.66647362e-02 -3.48447214e-01 -1.90103516e+04 1.37003950e+01
 -5.36405760e-01 5.15256956e-01 -2.24633672e+00 5.64528642e-01 -2.76681531e+04 1.37057894e+01
 -3.35298002e-01 6.14538827e-01 7.51889163e-01 -5.93852928e-02 -1.16769597e+04 1.37029556e+01
 -3.57673141e-01 -9.01622154e-01 -1.19909572e+00 -4.52894879e-01 -3.05714547e+02 1.37012147e+01
 -1.07760168e+00 -3.08629016e-01 -1.00608143e-01 -3.41275548e-01 -4.10305040e+03 1.36955041e+01
 -5.18117811e-01 -2.30978046e-01 8.88575191e-01 -4.35009781e-01 2.34722984e+04 1.36987328e+01
 2.00290793e+00 6.78590590e-01 7.03050750e-01 4.94819996e-01 2.02215553e+04 1.37030105e+01
 5.59056411e-01 -6.15055746e-01 -1.14043496e+00 2.33487576e-01 5.22564278e+03 1.36929274e+01
 1.01624269e+00 6.72057589e-01 -2.73386965e-01 -1.61514052e-01 -7.43989271e+03 1.36994522e+01
 9.46345428e-01 -4.16849809e-01 8.52352416e-01 3.52870134e-01 -1.72284501e+04 1.37083560e+01
 1.16006392e+00 1.19002568e-01 -3.72726087e-01 2.32116628e-01 1.22819433e+04 1.37069060e+01
 5.83399617e-01 1.07797585e+00 -6.21195568e-03 7.29538291e-01 -4.44767840e+03 1.36927170e+01
 1.21230438e-01 4.10430772e-01 2.11709586e-01 6.19262933e-02 -1.13609534e+03 1.37074228e+01
 -1.25030698e+00 -3.36059390e-01 -1.05234490e+00 -5.05982754e-01 1.44702282e+04 1.36972570e+01
 -7.36253540e-01 9.80525868e-02 1.21374147e+00 4.86896653e-01 9.76756604e+03 1.36826184e+01
 6.79899297e-01 -7.42634796e-02 7.53475634e-01 2.13388807e-01 -2.65238415e+04 1.36945734e+01
 6.93298072e-01 -3.95553519e-01 7.98088687e-01 -5.67462617e-02 7.34850545e+03 1.36962927e+01
 -5.80272772e-01 5.47971765e-01 3.63717233e-01 -2.69407554e-01 3.96606581e+04 1.37014345e+01
 1.74194182e-01 -1.80456724e-01 -9.59074931e-01 3.37006510e-01 -1.21304872e+04 1.36931681e+01
 4.11284502e-01 -4.52075215e-01 6.66748763e-01 5.45842092e-01 -1.96294090e+04 1.36959140e+01
 -9.89860681e-02 1.26427442e-01 9.82369671e-01 -1.57549858e-01 -6.01244584e+03 1.37076318e+01
 4.02228376e-02 -2.15228058e-01 3.85146758e-01 -1.19691567e-01 2.23506542e+04 1.37061180e+01
 7.16140235e-01 3.88089942e-01 3.32058511e-01 5.34168346e-01 3.33745372e+04 1.37133559e+01
 -2.27370738e-01 -4.11814398e-01 1.19332395e+00 -1.87910441e-01 9.20589765e+03 1.37159226e+01
 -2.88837935e-01 -4.53835026e-02 1.01392028e+00 2.07308581e-01 -6.18527357e+03 1.36974477e+01
 2.45640842e-01 7.08872193e-02 2.01816364e+00 -2.07817010e-01 -5.56433066e+04 1.37016617e+01
 -8.66997877e-01 -3.33534991e-01 1.15280734e+00 -1.13008763e-01 -1.75316031e+04 1.37000134e+01
 -1.51585514e+00 1.51374633e+00 7.75552837e-01 -5.07006505e-01 1.20120829e+04 1.37029084e+01
 1.31370926e+00 -2.71170935e-01 -7.52771370e-01 3.09554799e-01 1.27703280e+04 1.36882968e+01
 8.16669029e-02 2.79728268e-01 -5.82685815e-01 -2.47299668e-01 -5.17677293e+03 1.37002802e+01
 3.40049394e-01 -3.38018511e-01 -4.86369859e-02 5.59694225e-01 1.52709858e+04 1.37122473e+01
 -4.16194245e-01 5.54741667e-01 -1.10517134e+00 2.81018434e-02 1.03014740e+03 1.36933334e+01
 6.48433268e-01 4.94392293e-01 3.48811754e-01 4.50884617e-01 5.72904961e+03 1.37058342e+01
 2.22738895e-01 -5.67856708e-01 -1.00876021e+00 -1.97769628e-01 4.73326622e+04 1.36944252e+01
 -7.18974295e-01 -2.52737517e-01 3.52969340e-01 1.24921063e-01 -4.95106249e+03 1.37016474e+01
 7.75104673e-01 -1.86490311e-01 -9.08889008e-01 1.50973913e-01 3.77875027e+04 1.36965578e+01
 -7.03285548e-01 -2.11567366e-01 7.11446014e-01 6.68651444e-01 -9.52871587e+03 1.36970136e+01
 1.88650664e+00 2.20000078e-01 1.09025504e+00 -2.97421239e-01 -2.26345686e+04 1.37068024e+01
 -1.52777680e+00 -1.59806264e-01 4.51058158e-01 5.24859198e-01 2.74448908e+04 1.36895705e+01
 1.36012730e-02 -6.42846793e-01 -8.27645519e-02 5.02110722e-01 -1.64564895e+04 1.36931001e+01
 -1.36580063e-02 5.48276830e-01 1.07932518e+00 -8.56950206e-01 1.07469149e+04 1.36814346e+01
 -6.14061073e-01 -5.86115852e-01 -4.19842295e-01 -2.41446247e-01 -1.71879866e+04 1.36832580e+01
 -6.71435787e-01 1.09712648e+00 1.54578489e-01 -5.40526199e-01 2.26263002e+04 1.36992121e+01
 -1.02271254e+00 8.14506216e-02 1.07148592e+00 -1.65295808e-01 -9.49346047e+03 1.36913768e+01
 -1.81143242e+00 2.94417889e-01 7.78479452e-01 -8.68760905e-02 -2.83254761e+03 1.36951837e+01
 4.23494291e-01 1.50603391e-01 -1.42431109e+00 -9.88294985e-02 8.25556654e+03 1.37078690e+01
 -2.57929238e+00 -1.04585974e-01 -2.11709031e+00 2.15912704e-01 4.40596973e+04 1.36886240e+01
 -1.36672468e+00 6.05617285e-01 4.21801350e-02 -4.27612657e-02 1.72358673e+04 1.36990914e+01
 1.87514358e+00 -2.25651183e-01 -1.56624232e-01 8.06515306e-03 2.56276065e+04 1.37097298e+01
 -2.06873064e+00 7.20598870e-01 -1.18146425e+00 1.40748107e-02 1.00769775e+04 1.36976180e+01
 1.88490454e+00 -5.67306057e-01 -8.82748067e-01 -2.37331702e-01 -6.39783643e+03 1.37009857e+01
 5.98423549e-01 -3.48027036e-01 -3.49067262e+00 -8.17872571e-01 1.82312493e+04 1.37045287e+01
 1.38569234e+00 -2.76383517e-01 1.84948952e+00 5.16332032e-01 -6.77629173e+03 1.37024989e+01
 -4.13336710e-01 3.42361416e-01 8.13291321e-01 -3.02106625e-01 -3.93671545e+03 1.37105111e+01
 -5.65795929e-02 4.54345595e-01 -3.45698219e-01 8.52431086e-01 -3.93284947e+04 1.36957835e+01
 -5.39215941e-02 -2.04625198e-02 7.22470001e-01 -2.50943797e-01 1.95399752e+04 1.36979183e+01
 -5.53828560e-02 -6.75342531e-01 -2.71267856e-01 1.24743579e-01 2.20544364e+04 1.37027180e+01
 -8.25453307e-01 7.85707283e-01 9.00942973e-01 -2.06608165e-01 8.20358500e+03 1.36913894e+01
 9.24289230e-01 -4.00628261e-01 1.35352911e+00 -6.43004915e-01 2.03608666e+04 1.37050439e+01
 1.19508816e-01 7.51781343e-02 6.11615855e-01 -1.64996819e-01 6.12207433e+03 1.36996653e+01
 -8.80557095e-05 -4.80378809e-01 -5.08409321e-01 7.43244087e-01 1.36770399e+04 1.36978302e+01
 -1.81969734e+00 -2.38046432e-03 -2.86252198e+00 1.62200503e-01 -1.54701049e+04 1.37036984e+01
 -1.11404536e+00 -7.87254403e-01 4.51986886e-01 6.90595756e-01 -2.15757338e+03 1.36894822e+01
 -1.70019112e+00 1.39049968e+00 4.97936135e-01 -4.33853101e-02 5.24264142e+02 1.36939923e+01
 -1.42150237e+00 1.10669237e+00 4.87072474e-01 -4.55777382e-01 3.07360579e+04 1.36817286e+01
 4.78748643e-02 1.10328086e-01 5.43393535e-01 -4.85716340e-01 2.27560305e+04 1.37062058e+01
 1.54850164e+00 -9.13770984e-02 2.29323235e+00 -1.12881059e-01 1.87528060e+04 1.37070712e+01
 1.34674390e+00 -7.38102991e-02 -5.75837473e-01 -1.98583226e-01 -1.80631079e+04 1.37150938e+01
 2.23360546e-01 8.80168053e-01 -1.32384081e+00 4.34565937e-01 3.65903578e+04 1.36977190e+01
 -1.03908498e+00 4.28189375e-02 -1.73250969e+00 -3.06150875e-01 3.22809105e+03 1.36941789e+01
 1.22112116e+00 5.49314829e-01 7.70143638e-01 -1.24976246e-01 3.02884914e+03 1.36988081e+01
 6.88865592e-01 5.89715203e-01 -3.83022425e-03 -3.65698242e-01 -5.68009900e+03 1.37053737e+01
 2.24797087e-01 4.97431967e-01 8.22135850e-01 -2.73167080e-01 2.97609480e+04 1.36928551e+01
 1.70542071e+00 -3.05597467e-01 1.44553259e+00 4.79361093e-01 1.90993425e+04 1.37070446e+01
 1.69541208e+00 3.83395374e-01 -1.06354859e+00 2.46074794e-01 3.71827061e+03 1.37000928e+01
 -1.30311813e+00 -4.81678190e-01 7.86485352e-01 -3.72055717e-01 -3.96457182e+03 1.36880722e+01
 1.18940746e+00 -1.49210990e-01 -8.78336022e-01 4.32990323e-01 3.62360435e+04 1.37145694e+01
 -7.35314998e-02 3.47517965e-01 5.93590262e-01 -4.25477687e-01 2.74719909e+04 1.36980631e+01
 1.36294887e+00 5.76103002e-01 -6.88366890e-01 -3.13621518e-01 2.39513003e+04 1.37066073e+01
 -8.90797991e-01 8.71377971e-01 6.80863169e-01 3.71523127e-01 1.17227755e+04 1.36958110e+01
 1.21948321e+00 8.59300555e-01 3.71156054e-01 -3.73915649e-01 4.23339965e+04 1.37006965e+01
 -1.77390979e-01 -7.64135739e-01 1.24997647e+00 1.97714663e-01 2.25802730e+04 1.37073411e+01
 1.97495294e+00 1.82997775e-01 6.05967904e-01 5.01884154e-01 4.52227418e+04 1.36985062e+01
 2.68915827e+00 4.76640852e-01 -2.47255563e-01 4.49500268e-02 2.08461324e+04 1.37063134e+01
 2.58433432e-01 3.39763153e-01 1.18368111e+00 3.30364547e-01 -1.00538385e+04 1.37027478e+01
 -1.10676321e+00 5.65288247e-01 -9.58725383e-02 6.25649288e-02 5.47345662e+03 1.37003436e+01
 -7.19954795e-01 -1.19175609e+00 1.24362109e+00 -7.30307287e-01 -3.71642271e+04 1.37049712e+01
 4.09068570e-01 1.15137762e+00 -5.60723729e-01 -5.20237277e-01 3.94542639e+03 1.37020342e+01
 1.86357894e+00 -8.08319248e-01 -1.33669659e+00 -1.44009766e-01 -5.77894347e+04 1.37006272e+01
 -2.03109035e-01 1.36653708e-01 8.79082601e-01 1.91676703e-01 -3.05655003e+04 1.36994142e+01
 -1.12155278e+00 6.63229922e-01 1.04346498e-01 6.91616954e-02 -2.15066472e+04 1.36933528e+01
 -6.09332716e-01 3.72770578e-01 -2.34175960e-01 1.95299786e-02 -5.46390152e+04 1.37045585e+01
 2.53971549e-01 -8.11911874e-01 -1.68779104e-01 2.87144375e-01 -3.16742831e+04 1.37030387e+01
 1.07464352e+00 8.17918335e-01 -1.53684532e+00 -2.38220916e-01 1.76198492e+03 1.37053615e+01
 -7.55724727e-02 -1.06285020e+00 7.71935767e-01 1.83072645e-03 1.05536691e+04 1.36967830e+01
 -2.91466306e-02 -1.40762089e-01 -1.69667950e+00 5.62276933e-01 -1.79566973e+04 1.37053881e+01
 1.08789308e+00 9.44204289e-01 -2.30435369e+00 2.86387871e-01 -1.22898822e+04 1.36870205e+01
 -1.12479849e+00 2.32808910e-01 -4.18773508e-01 3.66165869e-02 1.38532051e+04 1.36878414e+01
 -4.18309918e-01 1.22456874e-01 2.86366537e+00 -6.30585888e-01 -1.51927358e+04 1.36999605e+01
 5.91020743e-01 -8.93833481e-02 -9.58038813e-01 -9.02234297e-02 1.24248655e+04 1.37028646e+01
 -4.26964446e-01 -6.07625119e-01 1.67668862e+00 -4.76761314e-01 2.42707041e+04 1.37015287e+01
 -7.29099533e-01 -2.07413617e-02 4.63138761e-01 -5.32751730e-01 -2.78228193e+04 1.37020358e+01
 1.54229461e+00 -4.29375401e-01 -2.30610792e+00 -2.29046288e-01 2.53921411e+04 1.36979665e+01
 -3.06864260e-01 -3.39099489e-01 9.04949049e-01 -5.07979134e-01 1.66994860e+04 1.36868442e+01
 -5.45110090e-01 3.16337555e-01 5.22739915e-01 3.43720594e-01 5.10090101e+04 1.36944199e+01
 -8.53168959e-01 -5.45585299e-01 1.03580089e+00 -3.91086546e-02 -2.09090098e+03 1.36954065e+01
 -1.19553985e+00 -3.05271089e-01 1.06766864e-01 -1.75953759e-01 1.26679215e+04 1.37018080e+01
 1.91418636e+00 8.13336842e-01 -3.91659429e-01 -3.74109306e-01 9.51029942e+03 1.37079841e+01
 -2.62865753e+00 -3.36810238e-01 6.56803253e-01 -3.59965082e-02 2.58984743e+04 1.36875696e+01
 4.00156717e-01 7.14301829e-01 1.07834218e+00 7.10817450e-03 -6.92135278e+04 1.37055258e+01
 9.98780381e-03 3.37826251e-01 -4.96350230e-01 -1.84376349e-01 -3.83911339e+04 1.37039038e+01
 -1.10408304e+00 -1.19296889e-01 -2.20202380e-01 -6.84315008e-02 -1.02078193e+04 1.37124088e+01
 1.51284966e-01 -3.36243677e-01 -1.70098617e-01 2.47599416e-01 1.46791475e+04 1.37058226e+01
 -8.51286404e-01 3.43873369e-01 6.24596504e-01 -1.40499133e-01 -1.76572200e+04 1.37021333e+01
 -9.90400421e-01 2.29377177e-01 1.01181811e+00 3.49044975e-01 1.26407456e+03 1.36895323e+01
 1.53416472e+00 3.23830202e-01 -1.06757061e-01 -7.84285494e-03 7.75180628e+03 1.36986643e+01
 2.13717220e-01 6.73194206e-02 1.03107582e-01 -9.81963666e-02 -1.95402650e+04 1.37038742e+01
 8.31379580e-01 1.11423886e-01 -4.10280413e+00 -3.59684406e-01 9.58093851e+03 1.37028718e+01
 -3.33510402e-01 3.98260010e-01 3.59727005e-01 6.90824328e-01 -1.27901357e+04 1.37108543e+01
 7.97819975e-01 -4.51283332e-01 2.81804875e-01 4.03795144e-01 1.93625738e+03 1.37084570e+01
 -1.90764320e-01 -8.81349258e-01 -9.95826770e-01 1.33061659e-01 -1.49321038e+04 1.37028583e+01
 5.82287987e-01 5.67405270e-01 -1.70439845e+00 -2.91982000e-01 -2.19427209e+04 1.37074064e+01
 -1.42647429e-01 -1.04269958e-01 8.47103315e-01 3.32103017e-01 1.33300279e+03 1.36960377e+01
 5.70248092e-01 -3.32066245e-01 -6.53625318e-01 -3.37636617e-01 1.04244520e+04 1.37032935e+01
 -2.75067448e-02 -1.90089471e-02 1.08573821e-01 -2.45693082e-01 -1.50883225e+04 1.37017520e+01
 -1.74351330e+00 -2.52591356e-01 1.30446437e+00 1.51308695e-01 -6.09189223e+03 1.36996667e+01
 -6.60686265e-01 -1.10573742e+00 -9.69481826e-02 7.07895969e-02 1.09945244e+04 1.37031422e+01
 -9.30972002e-01 -4.85528409e-01 1.55338601e+00 -9.22295982e-02 -8.52254061e+03 1.36927090e+01
 -6.75749840e-01 -2.08442040e-02 -9.92311623e-01 2.93710076e-01 2.13898578e+04 1.36959669e+01
 -8.31223958e-01 3.12146937e-02 3.08285241e-01 -4.43645120e-01 1.28931160e+04 1.36936799e+01
 -6.35098780e-01 6.75844497e-01 3.78375209e-01 2.86114111e-01 -2.23355505e+03 1.37062096e+01
 3.72646061e-01 -6.91098526e-02 -9.60907103e-01 5.06249367e-01 -9.34875452e+03 1.36977250e+01
 2.12775992e+00 1.67096361e-01 5.35001164e-01 5.34537728e-01 -7.01208024e+03 1.37064937e+01
 -5.75404862e-01 1.68013062e-01 9.39753980e-01 -4.08057177e-01 5.23268472e+04 1.36942985e+01
 5.06615981e-01 -2.23205568e-01 2.21747862e-01 3.94126180e-01 7.22415828e+03 1.37028149e+01
 1.22913831e+00 1.96435700e-02 8.93596890e-01 -4.94695744e-01 -1.36517753e+03 1.37043985e+01
 -1.33407922e+00 -1.04525519e-01 -1.14553993e+00 3.48436247e-01 8.36405198e+03 1.37009643e+01
 3.59357060e-01 -8.49116245e-02 -1.20347761e+00 2.49915805e-01 2.01925864e+03 1.37017113e+01
 8.93975639e-01 2.60559656e-01 -3.02535860e-01 2.64584823e-01 -1.66987312e+04 1.36991370e+01
 9.86356503e-01 -1.14297476e-01 -2.87242122e-01 5.83064438e-01 -2.99607005e+04 1.37086003e+01
 -2.16291246e+00 7.70355416e-01 3.97312705e-01 -3.53157776e-02 6.09326831e+03 1.36993421e+01
 2.80040290e-01 3.33475649e-01 2.20355088e+00 -3.42150252e-01 -2.74879691e+03 1.37029383e+01
 -2.04829133e+00 2.30717599e-01 -1.24265895e-01 1.88695078e-01 1.40266905e+04 1.36948453e+01
 5.54159176e-01 -5.55332089e-01 -1.32280354e+00 -2.94886551e-01 -1.82222063e+04 1.36948911e+01
 7.74071567e-01 8.84785241e-01 -2.77321757e-01 -4.45989863e-01 -1.91342928e+03 1.37056163e+01
 2.62303249e-01 1.36696197e-01 1.27927289e+00 -2.19526832e-02 -2.45390920e+04 1.36993371e+01
 -2.07190946e+00 4.95155243e-01 9.85137087e-01 4.49490669e-01 3.11862148e+03 1.36953264e+01
 2.22825593e+00 -5.11384592e-01 -4.19149096e-01 4.10886737e-02 -3.88378736e+04 1.37188245e+01
 -5.86777812e-01 1.84894808e-01 1.40287925e+00 -1.35876191e-01 2.74002309e+04 1.36906492e+01
 -1.22203186e+00 2.87775020e-01 -7.65637275e-01 -5.40258465e-01 2.45529726e+04 1.37001569e+01
 -4.76593260e-02 2.99682883e-02 -5.95276219e-01 2.94312092e-01 -1.17369900e+03 1.36982136e+01
 -7.49304942e-01 -2.68647866e-01 7.70997090e-01 -5.46242357e-01 -1.26936469e+04 1.36982720e+01
 -1.32342484e+00 9.34520799e-02 -3.15516947e-02 -4.67772610e-01 1.10275195e+04 1.37011507e+01
 2.75708442e-01 6.74354315e-02 -3.48082943e-01 3.14504789e-01 -4.87182113e+03 1.37061293e+01
 -1.67583663e-01 -6.34225897e-01 8.54903397e-01 -3.81293039e-01 3.34821739e+04 1.37056472e+01
 7.12707722e-01 6.55960170e-01 1.06357209e-01 6.71718762e-01 1.03595786e+04 1.36949738e+01
 6.20384220e-01 -1.74180664e-01 9.27329469e-02 9.65617802e-02 -1.23377425e+04 1.37064979e+01
 -1.39629593e+00 9.84942685e-01 1.11874735e+00 1.70628170e-02 6.83173405e+03 1.36890738e+01
 8.11118708e-02 7.10188225e-01 3.37564473e-01 1.50876406e-02 -1.69117704e+04 1.36951789e+01
 -8.25904658e-01 1.40519443e-01 -3.33108810e+00 1.51289547e-01 -8.75136471e+03 1.36998791e+01
 2.86527781e-01 -9.31920620e-01 2.30734620e+00 -6.55390111e-02 -2.06982419e+04 1.37078597e+01
 9.54449133e-01 6.01376620e-01 1.65735582e+00 6.15002217e-01 2.69485583e+04 1.37010177e+01
 1.62148119e+00 3.03366510e-01 -1.34440013e-01 -7.23417364e-01 -2.08440676e+04 1.37002501e+01
 -1.47793601e+00 7.42602178e-01 -1.37738257e+00 -1.00887387e+00 2.69021331e+04 1.36910361e+01
 -3.03813049e-01 8.36458125e-01 2.97063133e-01 -5.76518266e-01 3.52799496e+04 1.37099047e+01
 -6.02644419e-01 -1.36814237e-01 1.65755964e+00 -8.81931384e-02 -6.58118253e+03 1.37035111e+01
 -1.00758050e+00 3.06828246e-01 1.74972472e+00 3.25602520e-01 -5.59471963e+03 1.36948785e+01
 -8.13144119e-02 2.83304689e-02 1.13397133e+00 9.96648632e-02 6.73813544e+03 1.37054143e+01
 -4.91604800e-01 2.10217789e-01 -3.65993948e-01 -4.96433954e-01 3.55795828e+04 1.36940966e+01
 1.93994417e+00 6.30281147e-01 5.77321843e-01 3.94226362e-01 -7.88739457e+03 1.37104603e+01
 -5.75986324e-01 1.91039484e-01 2.13873547e-01 2.61082843e-01 -1.37237450e+04 1.37090224e+01
 -1.58579120e-02 -2.83449103e-01 -1.34885625e-01 -2.22973783e-02 -2.32605427e+04 1.36989417e+01
 6.00665964e-01 1.16665240e-01 -1.61392329e+00 -4.84482707e-01 2.55192890e+04 1.37048697e+01
 2.87002133e+00 2.79885126e-01 -3.64433034e-01 1.25382875e-02 -3.57249254e+04 1.37063360e+01
 -5.31083252e-01 -6.58543843e-01 -4.32148244e-01 4.16618473e-02 -2.23430678e+04 1.36943686e+01
 1.36906744e+00 4.78730010e-01 -4.35300739e-01 6.57839820e-01 9.91702838e+03 1.37008918e+01
 -1.88443910e+00 9.45058666e-01 -1.01852833e+00 -6.57391591e-02 -2.26745237e+04 1.36873503e+01
 -8.50561181e-01 -6.14889254e-01 1.21462265e+00 -8.04938357e-01 1.26663501e+04 1.36958537e+01
 1.15376207e+00 -2.48161074e-01 8.78574553e-02 -2.07236493e-01 -2.31318577e+04 1.37007569e+01
 -4.60248595e-01 2.82624526e-01 8.27722315e-01 -3.64746909e-01 -1.93956462e+03 1.37077292e+01
 9.40328283e-01 4.77835103e-01 -3.38899743e-01 -1.21924248e-01 -1.41918075e+03 1.37005716e+01
 -2.81958985e-01 -3.56442164e-01 7.23840776e-01 -5.71431090e-01 -1.84751325e+04 1.37039221e+01
 -6.60271902e-01 1.00781643e+00 -1.08696496e+00 5.80875921e-01 1.20593854e+04 1.36978393e+01
 -1.60795521e+00 4.20416572e-01 -2.70627949e-01 3.77777849e-01 2.00856962e+04 1.37014127e+01
 4.04384788e-01 2.05602381e-02 -2.09728333e-01 -1.06487285e-02 -4.77135539e+03 1.37091605e+01
 7.18959627e-01 -6.69052434e-01 -1.23630381e-02 -3.34196121e-01 1.26215094e+04 1.37027127e+01
 -1.09343599e+00 2.01878936e-01 -8.17692617e-01 -1.40625729e-01 3.22938587e+04 1.36987914e+01
 -1.33013627e+00 6.19097634e-01 5.53430624e-01 -2.13670680e-01 3.70180432e+04 1.36942333e+01
 1.70665742e-01 -5.08468308e-01 -5.46574390e-01 -3.88644542e-01 -7.36742625e+03 1.37028280e+01
 -1.02614228e-01 -1.08572201e+00 -1.06162213e-01 -6.43503159e-01 4.15284839e+03 1.37058929e+01
 8.81110969e-01 4.36998708e-01 -2.06376334e-01 3.88638769e-02 -8.11806194e+03 1.37105574e+01
 6.56402271e-01 -6.69167834e-03 -1.29063323e+00 7.63649538e-01 -2.07668713e+03 1.37055399e+01
 4.12209544e-01 3.59491364e-02 -2.93037241e-01 8.95673390e-03 1.37361609e+04 1.37037510e+01
 -2.13954770e+00 -4.08383093e-01 -6.53728060e-01 -9.15371063e-02 1.73805625e+04 1.36976800e+01
 -1.85838023e+00 1.18078949e-01 -2.26471863e+00 3.61295971e-01 -2.26113175e+04 1.36926421e+01
 -2.89554607e-01 -1.08523921e+00 8.75261294e-01 5.09555089e-02 2.52369659e+04 1.37050392e+01
 5.88710520e-01 7.86471329e-02 8.97539596e-02 9.22394677e-01 -2.07737404e+04 1.37044898e+01
 1.17354368e+00 1.82175399e-01 2.21035254e+00 -6.82603935e-01 -6.87437467e+02 1.37006341e+01
 5.75002264e-01 8.64437220e-02 -1.25213160e+00 5.27161511e-01 1.63119643e+04 1.36967229e+01
 -1.64626172e-01 5.06705522e-01 -7.63528546e-01 -7.48981642e-01 4.54350088e+03 1.36938630e+01
 2.11737777e+00 -5.58025081e-03 1.77154131e+00 -5.07290706e-01 -2.20033866e+03 1.37152156e+01
 -8.56814387e-01 -3.39819504e-02 1.78849958e+00 -5.66921263e-01 4.90752387e+03 1.36986234e+01
 9.16480998e-02 1.60935849e+00 1.11381715e+00 5.85367004e-01 1.43782970e+04 1.37029514e+01
 2.47227671e+00 -5.30409631e-01 -1.53232337e+00 6.19351674e-01 2.40634491e+04 1.37136854e+01
 -1.17963004e+00 -1.38187804e+00 -3.68804439e-01 4.21234100e-01 -1.77374369e+03 1.36931817e+01
 -9.00395079e-01 -1.83576672e-01 -1.39203806e+00 3.83120386e-01 -1.56323546e+04 1.36990259e+01
 -5.72183427e-01 9.99787922e-02 6.86672499e-01 2.63243445e-01 1.69667215e+04 1.37001365e+01
 -1.49106171e+00 -1.89855637e-02 2.27692055e+00 3.81757855e-01 1.13005039e+03 1.36852298e+01
 -6.69547614e-01 2.42808925e-01 9.66471584e-01 6.09667487e-01 -4.35270891e+04 1.36936245e+01
 4.23876903e-01 -2.72604201e-01 -1.88768612e+00 7.62894758e-01 -9.47091435e+03 1.36976458e+01
 -5.55881564e-01 6.92074682e-03 8.00341581e-01 -3.06789900e-01 -5.68721440e+03 1.36996743e+01
 1.34265391e+00 2.02444209e-01 5.30806994e-01 3.08060699e-01 2.59203048e+04 1.36955620e+01
 -1.28424313e+00 -4.17709852e-01 -9.65461178e-01 4.18857505e-01 -2.65495690e+04 1.36980846e+01
 5.97923817e-01 8.91516386e-01 2.39851364e+00 -3.85841712e-03 -3.07601750e+04 1.37046222e+01
 1.09539079e+00 9.11722594e-02 1.83637811e+00 5.09185395e-01 9.66472236e+03 1.37017076e+01
 -1.82792794e+00 2.47964017e-02 8.33906835e-01 5.32798991e-01 -2.40248162e+03 1.36941767e+01
 3.88695268e-01 -1.96388651e-01 2.59435038e-01 -7.80427226e-03 1.68307119e+04 1.37114657e+01
 5.96095064e-01 -5.39173280e-01 8.86085163e-01 -5.34315576e-01 -5.53230855e+04 1.36955159e+01
 1.36727131e+00 -2.47204336e-01 -9.45064967e-01 -4.27418346e-01 8.85187827e+03 1.37017691e+01
 -1.23780815e+00 -6.58264020e-01 -3.20017737e-01 6.72437806e-01 1.80419274e+04 1.36945533e+01
 -1.75181315e-01 4.03637952e-01 -3.26626906e-01 1.30375243e-01 1.16618368e+04 1.36978773e+01
 -1.73485317e+00 -8.29862372e-01 -1.37087227e+00 -4.72488607e-01 1.91158999e+03 1.36926704e+01
 7.80323227e-01 -4.54960752e-01 -5.96566040e-02 2.08970416e-02 -1.50454853e+04 1.36882329e+01
 -3.54245363e-01 -9.31118731e-01 2.68909426e-01 -4.23125152e-02 -1.63201642e+04 1.36967517e+01
 4.47187059e-02 -1.08216984e+00 -1.32490672e+00 2.09793545e-01 -1.90787646e+04 1.37068296e+01
 -8.45067231e-01 1.72957710e-01 -1.16857138e+00 9.47466715e-02 -2.44287730e+03 1.37073499e+01
 -7.75662629e-01 -1.79435749e-01 -1.44614468e+00 1.34053087e-01 2.05606516e+04 1.36966279e+01
 -1.37107693e+00 -5.40790218e-01 -1.38204091e+00 -2.34227317e-01 1.30114637e+04 1.36956766e+01
 2.27040002e+00 4.08846334e-02 8.39503364e-01 7.28695813e-01 -1.81698185e+04 1.37118790e+01
 6.85058948e-01 8.96074497e-01 -1.35525588e+00 -4.95966643e-01 5.79819971e+03 1.37012894e+01
 1.25513330e+00 -7.07668274e-01 -4.89586546e-01 -6.71808283e-02 1.26257241e+04 1.37026154e+01
 -9.48611753e-01 -1.26545398e-01 3.53152154e-01 -9.51731557e-01 -2.27880007e+04 1.37005228e+01
 1.19466843e-01 -3.33794834e-01 9.10160633e-01 -2.39668822e-01 1.58864102e+04 1.37000345e+01
 2.57868327e+00 5.16561407e-01 -9.65766469e-01 -2.12498080e-01 1.65738366e+04 1.37127784e+01
 -1.16351847e+00 1.33195038e+00 -1.45264756e-01 -6.72507637e-01 1.58055940e+04 1.37038297e+01
 1.75424411e+00 2.21506663e-01 1.08177486e-01 4.36386208e-01 -9.25916749e+03 1.37023935e+01
 -7.71742232e-01 -4.19107898e-01 -1.15122221e+00 -3.14630396e-01 2.75370576e+04 1.36996280e+01
 1.22943491e+00 -2.15515847e-01 2.59455320e+00 2.58148190e-01 -6.18412480e+03 1.36971149e+01
 -2.15669018e-01 -1.88064391e-01 1.00244340e+00 -2.49062691e-02 2.95806906e+04 1.37079546e+01
 4.39407048e-01 -4.70936347e-01 -5.78578971e-01 4.52685352e-01 -8.81637211e+03 1.37060250e+01
 -3.18272560e-01 7.65950764e-01 -4.73591391e-01 5.52184198e-01 -2.04766179e+04 1.37063187e+01
 -1.66770924e-01 2.56794239e-01 9.28725447e-01 -3.76548676e-01 -2.70164860e+04 1.36951932e+01
 -8.76482767e-01 -2.02902710e-01 1.82086445e+00 -2.15938391e-01 -2.49230419e+04 1.36912340e+01
 -1.39754005e+00 6.45912561e-01 5.50014918e-01 -6.06388225e-01 8.95474980e+02 1.36989096e+01
 1.16194144e+00 -4.50489720e-01 4.94888554e-01 -1.01296805e-01 -5.44917003e+03 1.37041699e+01
 -1.38564875e-01 4.53173290e-01 6.25048091e-01 -1.28834410e-01 -1.24793661e+04 1.36999907e+01
 5.33523833e-01 -7.93174126e-01 2.48986023e-01 2.00187635e-01 2.14168434e+04 1.37051134e+01
 -8.03901835e-01 -9.87389230e-01 1.14118867e+00 2.02560279e-01 4.08053142e+03 1.37020702e+01
 1.61251051e-01 3.22246182e-01 -6.26847774e-01 -4.22130109e-01 4.50855120e+03 1.36958002e+01
 -1.12447665e+00 -2.67359146e-01 2.99698430e+00 -3.70457828e-01 2.72556982e+04 1.37001647e+01
 -5.04852799e-01 -1.77269872e-01 1.36492418e+00 -8.00407536e-01 3.10245966e+02 1.36856848e+01
 -1.68433053e+00 -7.40575732e-01 -1.15457453e+00 -4.53382760e-01 3.09771610e+04 1.36969518e+01
 -1.47481385e+00 1.89509900e-01 -7.57901305e-01 -7.54558489e-02 6.39272336e+03 1.36896684e+01
 1.36823799e-02 4.82770480e-02 9.64521452e-02 4.87655626e-01 -4.59556810e+04 1.36925475e+01
 -8.31482278e-01 7.90765493e-02 -1.00051874e+00 9.19748855e-02 -1.40606247e+04 1.36933977e+01
 2.06100101e-01 -9.41260390e-02 -1.10027166e+00 -2.00985014e-01 2.24303217e+02 1.37023633e+01
 -7.01643558e-01 -9.62206894e-01 2.83371788e-01 -7.41420107e-02 1.40438880e+03 1.36973533e+01
 -2.49705243e-01 9.35964495e-01 -1.16347262e-01 -9.75461509e-02 -1.85065737e+04 1.36897712e+01
 -8.56378211e-01 9.30828664e-01 -8.40172190e-01 -2.32275753e-01 1.18503818e+04 1.36969098e+01
 -1.10137768e-02 -9.50942179e-01 2.76987204e-01 -5.62352249e-01 3.27514473e+04 1.37070331e+01
 -5.19215128e-01 4.23062982e-01 -2.50852477e+00 1.67883643e-01 -8.28102065e+03 1.36874839e+01
 4.41411994e-01 6.49316734e-01 1.70819895e+00 1.02394414e-02 -2.40211723e+04 1.37068114e+01
 2.23435866e+00 4.24110812e-01 1.47145980e-01 1.78646895e-01 1.89060337e+04 1.37118758e+01
 -5.20429468e-01 -1.58306234e-01 1.93203242e+00 1.99995795e-02 1.02991129e+04 1.36990506e+01
 6.29785712e-01 -5.75501593e-01 -5.45365608e-01 -7.88175264e-02 -3.89105132e+03 1.37062271e+01
 1.23458745e+00 4.81395390e-01 -6.32407653e-01 -5.71556020e-01 3.41433772e+04 1.37086303e+01
 2.91508362e-01 -7.94948531e-01 4.18000876e-01 -4.64469001e-01 9.25334688e+03 1.37061904e+01
 1.43407309e+00 -1.28402951e-01 1.78959541e+00 2.78452212e-01 -1.11262776e+04 1.36957022e+01
 -2.26301258e+00 -3.38869838e-01 -5.61195848e-01 6.02052720e-01 2.59742393e+04 1.36892589e+01
 -1.56679585e+00 3.99162556e-01 -1.36508781e+00 5.67466378e-01 -2.90343954e+04 1.36909345e+01
 7.76858444e-01 1.27847768e-01 9.78605903e-01 -4.63999370e-02 7.80130659e+03 1.36945064e+01
 -5.37275782e-01 -9.76269782e-01 -2.45165354e+00 6.84245027e-01 -3.61903832e+04 1.37042394e+01
 -3.32609861e-01 4.29252663e-02 -3.20289367e-02 4.12204080e-02 -1.40012088e+04 1.37004030e+01
 -2.62241013e-01 8.62469096e-02 -5.18838562e-01 2.62365527e-01 4.64503232e+03 1.36954635e+01
 -5.92401534e-01 -8.34395362e-01 -1.04503360e+00 2.63704341e-01 1.37812889e+04 1.36915251e+01
 -1.05105714e+00 -3.37386092e-01 -2.42237101e-01 -2.92662490e-01 -6.47448987e+03 1.36975914e+01
 4.13568887e-01 4.22160832e-01 6.32229289e-01 -3.39008937e-01 2.37624001e+03 1.36899509e+01
 7.62015849e-03 1.67780414e-01 1.25160992e+00 1.34983066e-01 -3.52145244e+04 1.37050676e+01
 -2.12529684e-01 -5.77707930e-01 3.59979915e-01 -3.61311486e-03 9.83001768e+03 1.36976007e+01
 1.80870527e+00 -2.36732207e-01 -9.98175250e-01 8.23979082e-01 -1.99110650e+04 1.36980457e+01
 -1.74033210e+00 -1.57815613e+00 -1.79128447e-02 -5.52698061e-01 3.02584982e+04 1.36977103e+01
 1.19698214e+00 5.91148360e-01 -3.44227964e+00 7.60010428e-02 -1.06070480e+04 1.37030703e+01
 -1.19127150e+00 8.74438973e-01 -2.22265324e+00 -3.69452613e-01 7.83353616e+03 1.36903377e+01
 7.39817606e-02 -4.80015115e-01 1.96553295e+00 -4.71036738e-01 6.62493622e+03 1.36942015e+01
 2.39406257e+00 -5.14230127e-01 1.53513934e+00 7.05911938e-01 -3.19894671e+04 1.37091254e+01
 2.64396052e+00 -3.89045841e-02 1.11401675e+00 1.76874144e-01 -2.78944841e+03 1.37026496e+01
 -7.06676422e-01 8.09409611e-02 -6.24511031e-01 -4.62943230e-01 -6.55682003e+03 1.36955088e+01
 -6.26925315e-01 -8.96153788e-01 5.60661912e-01 8.70461459e-01 4.82551626e+03 1.37140857e+01
 1.87567105e-01 3.27404343e-01 2.45746594e-01 -3.03040697e-01 -1.54310850e+04 1.36973844e+01
 2.01672705e+00 -4.06018476e-01 1.95984524e+00 6.24436749e-01 -1.84291317e+04 1.37040728e+01
 9.65130100e-02 6.83544230e-02 8.43913580e-01 4.90884179e-01 -1.05988152e+04 1.37017161e+01
 2.17625057e-01 -1.41336462e-01 1.21196734e+00 6.48436304e-01 4.84334962e+03 1.37051417e+01
 -2.76592546e-01 1.09810376e+00 1.25064132e+00 4.83386947e-02 -1.50857653e+04 1.36990272e+01
 5.69737003e-01 9.57457221e-01 -3.38146819e-01 4.57499894e-01 1.13328881e+04 1.37117333e+01
 -9.08914493e-01 5.91339431e-01 -1.63285054e-02 -4.49656081e-02 4.21996732e+04 1.37012555e+01
 -5.01490545e-01 -1.86576593e-01 2.27987891e+00 -3.71832860e-01 -1.11775073e+04 1.37028246e+01
 -1.73761486e-01 -8.80696908e-02 -5.43144884e-01 1.11065503e-01 -2.22269525e+04 1.36922375e+01
 5.34579840e-02 7.13055692e-01 3.90929674e-01 -2.80827865e-01 -1.30358059e+03 1.36928832e+01
 1.18901981e+00 1.85463502e-01 -8.45467222e-02 -4.80099794e-02 -1.70142707e+04 1.36897896e+01
 3.58234448e-01 -8.18113603e-02 -8.24241519e-01 -3.17974129e-01 -2.71496898e+03 1.37011216e+01
 4.64182403e-01 -4.91601919e-01 8.52782273e-02 8.02450065e-01 -3.02320055e+04 1.37046078e+01
 1.81499496e+00 2.80854300e-01 6.79026328e-01 -2.47923456e-01 1.05757280e+04 1.37037510e+01
 1.05265432e-01 2.09112825e-01 -1.49996789e-01 -2.62297659e-01 -4.03795717e+03 1.36987920e+01
 -7.41920907e-01 1.30089372e-01 1.07556682e+00 7.09257801e-03 2.03681968e+03 1.36940723e+01
 -6.46065939e-01 -2.38922464e-01 2.14694641e-01 -2.61121407e-01 -7.90799126e+03 1.37000803e+01
 1.49184752e+00 3.00769932e-01 -1.64679919e+00 -2.85070534e-01 7.38688223e+03 1.37063048e+01
 -2.72030188e+00 -3.21941734e-01 4.59834513e-01 -5.54265924e-01 1.98175397e+04 1.36881408e+01
 4.06427799e-01 4.72369743e-01 1.69821114e+00 -4.13908634e-01 9.60949129e+03 1.37036500e+01
 -1.73300302e-01 -1.73423172e-01 2.15849008e-02 -4.52262197e-02 2.62580719e+04 1.36868013e+01
 5.91529259e-01 -7.97787707e-01 8.86370923e-01 -5.48212424e-01 -2.10260600e+04 1.37170270e+01
 1.74415404e-01 7.70394475e-01 1.69851732e-01 3.97139861e-01 1.73407614e+04 1.36980957e+01
 -1.44704729e+00 3.39548035e-01 -2.10429965e-01 4.29824003e-01 1.60039777e+04 1.36982544e+01
 2.09550352e-01 7.94888283e-01 3.07052465e-01 2.80136658e-01 -3.48441707e+04 1.36952355e+01
 -3.76859571e-01 6.30951608e-02 -3.95544797e-01 3.45327119e-01 7.41337729e+03 1.37125456e+01
 3.13170043e-02 1.34040607e-01 -4.82771537e-01 2.62883262e-01 -9.86394432e+03 1.36951225e+01
 1.06791500e+00 -8.51028095e-01 1.83788820e+00 -2.89821449e-01 -7.70313432e+03 1.36955062e+01
 -1.01380531e-01 8.03131058e-02 -2.48604791e-01 -8.08789393e-01 -2.31339502e+03 1.36922705e+01
 -1.02609083e+00 6.22333619e-01 2.26358647e+00 7.01285244e-02 1.50093116e+04 1.37086534e+01
 2.24676974e-01 -5.85237650e-01 -2.39754592e+00 -2.89903815e-02 1.57427619e+04 1.37012574e+01
 1.41942482e-01 -4.17492090e-01 4.84479001e-01 -1.58056989e-01 -2.01551020e+04 1.37048222e+01
 -7.76577407e-01 6.57455695e-01 -8.37892643e-01 4.20589637e-01 4.06263973e+03 1.36973023e+01
 1.40355196e+00 9.41064674e-02 -1.11473572e+00 7.10513819e-01 8.80529573e+03 1.37111387e+01
 -1.17832896e+00 -3.76200594e-01 -1.55104010e+00 -1.41672952e-02 6.10708764e+03 1.36901265e+01
 3.71164400e-01 -4.30369135e-01 6.80429608e-01 2.96264252e-01 2.87226757e+04 1.36937133e+01
 -6.88564733e-01 4.98950919e-01 9.90202274e-01 4.01552252e-01 1.77507230e+04 1.37019172e+01
 3.99081629e-01 -5.53853165e-01 1.49086615e+00 -1.66319964e-01 2.84578266e+04 1.36890850e+01
 8.97583175e-01 4.03329225e-01 4.37900417e-01 -6.33618360e-01 3.73424511e+03 1.36934809e+01
 6.71009072e-01 -1.63616839e-01 8.09168791e-01 -3.06097035e-01 3.93910853e+04 1.37096516e+01
 -7.32342599e-01 -6.46322719e-01 -1.51182082e+00 -1.15030267e-01 -1.51805962e+04 1.36981600e+01
 -7.61744494e-01 8.97361701e-01 4.81628774e-01 -1.39383991e-01 2.11947303e+03 1.36969649e+01
 8.84537023e-01 5.76575528e-02 1.74943918e+00 8.58066946e-01 -2.14138620e+04 1.36901838e+01
 -5.43581267e-01 -1.90862483e-01 -1.92790550e+00 -2.90378651e-01 3.48110728e+03 1.37005125e+01
 6.96733640e-01 2.02697925e-01 -3.31036111e-01 2.34368447e-01 -2.23189999e+04 1.37073298e+01
 -9.13158378e-01 -1.53125488e-01 -8.87261253e-01 -2.83302607e-01 -8.27800298e+03 1.36928578e+01
 1.22697663e+00 -1.07164577e+00 -3.20109727e+00 -2.60869035e-01 -2.51491587e+03 1.36903309e+01
 1.52368159e-01 5.49988953e-02 -3.20601631e-01 6.17813896e-01 1.46443031e+03 1.36998587e+01
 2.95218749e-01 -4.45639303e-01 -6.75639207e-01 5.16479648e-02 9.39865477e+03 1.37094184e+01
 -1.11487739e+00 -3.55935808e-01 -3.22338777e-01 -3.98716636e-01 1.08695327e+04 1.36969860e+01
 -2.01237471e+00 -3.38468312e-01 8.63252983e-01 2.08488066e-01 1.92752962e+03 1.37071011e+01
 5.01983462e-01 -3.63446127e-01 8.02872270e-01 2.59936297e-02 2.51663620e+04 1.36901781e+01
 5.19661949e-01 -3.13445073e-01 1.79339559e-01 5.21569417e-01 -1.07557942e+04 1.37148705e+01
 -3.78536003e-01 1.12040276e+00 -1.92569623e+00 -1.53186929e-01 2.57529666e+04 1.36954336e+01
 -1.20747393e+00 9.59723611e-02 -1.07083027e+00 -7.41373753e-01 2.95584476e+04 1.37028744e+01
 1.34543990e+00 4.51082318e-01 8.82390356e-01 1.28228106e+00 1.40639277e+04 1.37015029e+01
 6.88025948e-03 -5.97584407e-01 1.92220658e-01 -7.59907402e-01 -1.82740105e+04 1.36961766e+01
 2.07167844e-01 -7.04545724e-01 -7.78836566e-01 -2.91293258e-01 -2.42425287e+04 1.37003530e+01
 -8.02278585e-01 4.24264702e-01 -2.28821556e+00 6.16182694e-01 -1.70956186e+04 1.36958247e+01
 1.54989550e+00 8.31805216e-02 1.56008540e+00 6.70921829e-01 3.24102478e+04 1.37056845e+01
 6.54369365e-02 -8.90940848e-01 2.18654913e+00 1.19970667e-01 -1.90527503e+04 1.36974186e+01
 -4.24935651e-01 -1.73537885e-01 -1.47988297e+00 -1.14090613e-01 2.02916513e+04 1.36892590e+01
 -5.10904358e-01 6.86744097e-01 -7.95407228e-01 -5.86345291e-01 -2.21919722e+04 1.36967048e+01
 1.47545392e+00 -3.36367081e-01 -1.23802695e-02 1.36860580e-01 -1.23785683e+04 1.37093873e+01
 -2.71813462e+00 7.38336740e-01 1.06407529e+00 -3.63501951e-03 -4.26628998e+03 1.36903100e+01
 -1.97577854e-01 -9.39436649e-02 1.86235558e+00 -3.25469307e-01 3.01578804e+04 1.37028885e+01
 1.54034058e+00 1.52918309e+00 -6.67180439e-02 -3.91624558e-01 -4.71686774e+04 1.37087313e+01
 4.12947621e-01 5.91207542e-01 -8.26336152e-01 1.32050614e-02 -1.93130158e+04 1.37071209e+01
 8.28541564e-01 4.02857474e-01 -3.73282472e-01 -1.01829837e+00 -1.75096081e+04 1.37063773e+01
 -1.12511652e+00 -1.40353473e+00 -9.72650443e-01 6.14236238e-01 1.55357938e+04 1.36957170e+01
 -4.51599386e-02 -3.05583515e-01 -9.90629452e-01 8.42087646e-01 6.95088923e+03 1.36903859e+01
 2.46150087e-01 -1.73154084e-01 8.86289534e-01 -5.93936875e-01 -2.54735409e+04 1.36959431e+01
 -1.36306567e-01 4.89830658e-01 -4.32725470e-01 3.20186790e-02 1.63540113e+03 1.37057432e+01
 1.26342328e+00 -3.12376079e-01 -1.39861242e+00 -3.19351718e-01 -2.78927122e+03 1.36987581e+01
 3.23142419e-01 -1.11760626e-01 1.04324439e+00 2.40041178e-01 -1.40744732e+04 1.37037021e+01
 1.42410452e+00 2.01172453e-01 -1.93293646e+00 -5.67321562e-02 2.45026041e+04 1.37046015e+01
 -1.48316314e+00 -3.57740512e-01 -3.42853983e+00 2.69260015e-01 6.73844742e+03 1.36815607e+01
 2.14913396e-01 -8.92453355e-01 2.78327639e-01 -1.57278363e-01 -6.45384948e+03 1.37016876e+01
 -5.58873498e-01 -3.71612775e-01 -1.85103830e+00 -5.72878995e-04 -2.67575054e+04 1.36974927e+01
 -2.98209596e-01 8.18827230e-02 -1.03729427e+00 -6.49464827e-02 -4.84918568e+03 1.36947303e+01
 1.61302504e-01 -5.03439632e-01 8.67838286e-01 -4.96708879e-01 4.31805288e+03 1.37071527e+01
 2.92283713e-03 4.24879826e-01 7.55932541e-01 -2.03665389e-01 2.12026442e+04 1.36913150e+01
 2.55577202e-01 3.27456081e-02 -3.32522892e-01 2.10637998e-01 6.97003407e+03 1.37171710e+01
 -1.39541903e+00 -2.15723675e-01 -2.59300491e-01 -1.36937210e-01 6.35952585e+03 1.37076516e+01
 -7.15463736e-01 -2.55196913e-01 -7.02961628e-01 -1.86050323e-01 -1.16003432e+04 1.36978153e+01
 -3.08665289e-01 9.40953926e-01 -2.28767772e-01 -2.03040944e-01 -2.26220922e+04 1.36962919e+01
 1.95295066e-01 -1.57255620e-01 -2.53821659e+00 -2.85054940e-01 -1.38976781e+03 1.37086775e+01
 -3.90916379e-01 -3.72486435e-01 -2.52097970e+00 -2.35570353e-01 -7.75280790e+03 1.36993325e+01
 -7.79406551e-02 -1.76184342e-01 -5.18544271e-01 -1.18340684e-01 8.33808233e+03 1.37051186e+01
 2.93742476e+00 2.73882991e-01 8.28163858e-01 -6.10537582e-01 -1.70027329e+04 1.37179735e+01
 4.80006058e-01 2.00789576e-01 6.02096009e-02 8.34132059e-02 -7.20287495e+03 1.36931224e+01
 7.05405067e-01 -1.68408235e-01 2.60912717e-01 1.89419871e-01 4.82882986e+04 1.37038769e+01
 -6.80997799e-01 -1.48469147e-01 -6.17001662e-01 -6.04899440e-01 -6.95845957e+03 1.36898202e+01
 -4.93188066e-02 5.27887469e-01 -1.38299253e+00 4.51115850e-02 9.92456577e+03 1.36951807e+01
 -1.50343561e+00 1.00815805e+00 8.46793664e-01 4.47378513e-01 -6.32363931e+02 1.36912767e+01
 6.24636541e-01 1.45665156e-01 1.61214988e+00 -5.59412529e-02 3.71402542e+04 1.37002475e+01
 1.63449017e+00 -2.52194261e-01 1.29748143e+00 -5.59191200e-01 -8.20139981e+03 1.36903448e+01
 -5.34673836e-01 7.10521295e-02 -2.21457152e+00 -5.70197716e-01 2.33558437e+04 1.36975291e+01
 -1.23918787e+00 -1.21870810e+00 -4.01877319e-01 3.53946639e-01 -5.28194862e+03 1.37000249e+01
 -8.10717249e-01 4.90806814e-01 5.20813051e-01 -5.29500053e-01 -1.12637655e+04 1.37038935e+01
 -3.37472862e-01 -4.92251781e-01 1.71038261e-01 5.88928503e-01 1.87972706e+04 1.36936772e+01
 6.17982370e-01 1.46785832e-01 -8.15377926e-01 -6.64186333e-02 8.88128061e+03 1.37020974e+01
 8.72221008e-01 -4.79808502e-01 -1.46044933e-01 4.64989643e-01 1.13958779e+03 1.37090195e+01
 -2.32785497e+00 4.32365185e-01 1.07532999e+00 3.97476428e-02 -1.75135281e+04 1.36797338e+01
 9.18274285e-02 -7.39077524e-01 1.62485830e+00 3.77184513e-01 -3.56673308e+04 1.37068259e+01
 -1.81268017e-01 2.33692032e-01 9.59544249e-02 -5.18156007e-01 1.38040376e+03 1.37009663e+01
 -3.62901341e-01 -7.43040539e-01 -2.07943361e+00 -7.96242970e-01 -1.41425816e+04 1.36927182e+01
 -5.79448271e-01 -4.88150215e-01 -1.01919195e+00 -7.35222008e-01 4.31498603e+04 1.37083594e+01
 -1.10187052e+00 8.08227566e-01 -6.16189890e-01 5.13342835e-02 -2.20982431e+04 1.37050148e+01
 5.80940254e-01 6.95531054e-02 -4.22945204e-01 3.74804096e-01 9.79034070e+03 1.37044952e+01
 -1.89387456e+00 -6.25959151e-02 1.16188959e+00 2.72483858e-01 -1.63977973e+04 1.36793794e+01
 3.90642327e-01 -3.04707268e-01 -2.94562970e-01 -2.29946351e-01 -1.52210968e+04 1.36993557e+01
 -1.71927282e+00 -4.49221428e-01 -6.09689513e-02 2.69736216e-01 -1.54022364e+04 1.36941944e+01
 6.67561053e-03 7.52138783e-01 4.46658479e-01 3.91126511e-01 1.22854621e+04 1.36978842e+01
 6.21006488e-02 -5.07982942e-01 7.69985181e-01 6.98913795e-01 4.60341080e+03 1.36922957e+01
 -1.17325177e+00 -5.58277139e-01 -3.50613729e-01 -1.39303003e+00 -1.45333678e+04 1.36897108e+01
 1.29227532e+00 9.87805652e-02 -9.13612855e-01 -3.91465537e-01 -3.00197048e+02 1.36979007e+01
 1.71527346e+00 2.59013937e-01 -1.39177137e+00 1.18913852e-01 1.37834692e+04 1.37091664e+01
 -2.67341593e-01 1.41299497e-03 2.61346860e+00 9.16002308e-02 -1.38992785e+04 1.37024317e+01
 -6.18975814e-01 2.55511524e-01 -1.75648583e+00 2.23377389e-01 8.92731230e+03 1.36962430e+01
 8.54868402e-01 3.41379541e-01 1.03866866e-01 1.92544708e-02 1.38196839e+04 1.37090143e+01
 1.60422807e+00 -7.04828185e-01 1.03109294e+00 1.77774296e-01 -9.77658037e+03 1.36965893e+01
 4.16163121e-01 1.74021435e-01 -7.42513512e-01 5.70394046e-01 1.19958644e+04 1.36895169e+01
 -6.87379880e-01 -1.05376446e+00 -8.60569683e-01 4.68364192e-02 3.46089085e+04 1.36934796e+01
 -1.92881102e-01 -3.39140527e-01 1.08995926e+00 -8.36944684e-01 1.13926870e+04 1.36958003e+01
 1.60422748e+00 4.69235377e-01 -2.70004279e-01 6.43203912e-01 2.07147595e+04 1.37067854e+01
 -2.07249230e+00 -5.79105053e-01 -1.81970513e+00 -3.35347379e-01 7.91578143e+03 1.36784226e+01
 -1.07018951e+00 -1.05038294e-01 2.51277625e-01 1.33840756e-01 -2.22917850e+04 1.37045098e+01
 -7.36387293e-01 -3.31506780e-01 -5.57577182e-01 2.33623709e-01 1.01967909e+04 1.36916678e+01
 -2.27938999e-01 2.70130339e-01 -3.39155789e-01 -5.63919434e-01 -2.28907408e+04 1.36986183e+01
 -6.14669329e-01 1.88586891e-01 1.45256827e+00 5.77835526e-03 1.24801483e+04 1.36992341e+01
 3.27190165e-01 -4.18801297e-01 -1.39426937e+00 1.85121489e-01 8.88964611e+03 1.36918026e+01
 -7.42556823e-01 -2.74447086e-01 -5.10076166e-01 -2.32668139e-01 6.41677235e+03 1.37042536e+01
 -1.32675988e+00 -1.24656830e+00 -6.79877999e-02 -5.72738888e-01 -1.25486846e+04 1.37050108e+01
 9.33969896e-01 -1.21916347e-01 2.03848713e+00 -2.81063271e-01 1.16303750e+04 1.37082377e+01
 -1.72289536e-01 8.31539043e-02 8.47449909e-03 -7.87778901e-03 7.72965552e+01 1.36863406e+01
 -2.88177950e-01 -1.53893732e-01 1.02567287e+00 -1.06398322e-01 -9.16079156e+03 1.36965188e+01
 -6.09111141e-01 2.63826472e-01 -1.73026733e+00 6.19108224e-01 1.37171334e+03 1.36982151e+01
 3.03845929e+00 -1.59073891e-01 4.31253505e-01 1.38965166e-01 3.12207787e+02 1.36976258e+01
 -1.21743647e+00 -3.43825346e-01 1.13302733e+00 6.51997553e-01 -3.22021705e+02 1.37005686e+01
 1.76225083e+00 -6.77671354e-01 -7.91421638e-01 -1.42994700e-01 2.73567659e+04 1.37215952e+01
 9.79398057e-01 -8.40551428e-01 -1.35455437e-01 3.22345344e-01 -1.90212388e+04 1.37092595e+01
 -7.99130048e-01 -4.46254082e-01 -4.40778100e-01 -8.73001694e-03 -3.40358007e+04 1.37077411e+01
 -9.50500810e-01 -2.07800247e-01 2.67305475e+00 3.25422162e-01 1.05468298e+04 1.36905755e+01
 1.61399761e+00 3.64419719e-01 2.23134935e+00 -5.92232510e-01 -1.75295052e+04 1.37003725e+01
 7.85254650e-02 -3.15380045e-01 8.07347814e-01 -2.33702444e-01 -1.50083175e+04 1.36949999e+01
 -9.76744387e-02 -3.69766626e-01 5.75291526e-01 -4.78557267e-01 2.75177295e+04 1.37094742e+01
 2.61078516e+00 -2.11972862e-01 -1.71233368e+00 -6.55543327e-01 7.39572472e+03 1.37103367e+01
 -4.90577130e-02 -2.54101243e-01 -2.37985659e-01 6.57269573e-02 -1.00624378e+04 1.36974267e+01
 -1.20052955e+00 4.36918312e-01 1.31923803e+00 -1.72924164e-03 4.77831308e+03 1.36917908e+01
 2.11280583e-01 1.61524270e-02 -1.81537465e-01 -9.58470327e-01 2.23287856e+03 1.36867695e+01
 1.67385001e-02 6.43333378e-01 -1.93189829e+00 -2.62188666e-01 1.71255655e+04 1.37020186e+01
 -1.12674897e+00 6.95187425e-01 -1.32673532e+00 2.02942847e-01 -3.17476507e+04 1.37024756e+01
 1.76186494e+00 -1.30101804e-02 -1.20345351e+00 -1.69729661e-01 3.15812450e+04 1.37074698e+01
 1.89806611e-01 -3.32153698e-01 5.95201220e-01 4.75933089e-01 2.20963795e+04 1.36954550e+01
 4.09598716e-01 6.16389835e-01 -2.88362598e+00 -8.07816987e-01 1.52360584e+04 1.37012004e+01
 2.49244257e-01 -7.48152193e-01 -5.70330342e-01 3.26377871e-02 1.96011395e+04 1.37080361e+01
 4.90071205e-01 1.00805376e-01 2.44869982e-01 -3.15823888e-01 1.70860806e+04 1.37007940e+01
 1.33737771e+00 4.94574186e-02 3.23073377e-01 2.73633670e-01 -3.26511782e+04 1.37042972e+01
 3.75688304e-01 -1.23553483e-01 -1.72919424e+00 6.49942007e-01 -1.13931990e+04 1.36983302e+01
 -7.33022954e-01 -3.30005197e-01 9.34349692e-01 -7.47917077e-02 7.03960969e+03 1.36953544e+01
 -1.22852339e+00 1.35730577e-01 7.92730878e-01 3.53549065e-01 6.98030444e+02 1.36965241e+01
 1.99780474e+00 -3.11137970e-01 3.56300607e-01 8.40195908e-01 7.23138062e+02 1.37080526e+01
 -4.29006143e-01 -7.16358464e-01 3.93143628e-01 -6.55344992e-01 2.07625003e+03 1.37238117e+01
 -3.52289371e+00 -3.50899528e-01 -1.78174261e+00 1.50840188e-01 1.82799920e+02 1.36850898e+01
 -2.46561296e+00 5.34454545e-01 1.05113300e-01 1.72555846e-01 1.08155376e+03 1.36919350e+01
 -4.99183975e-01 4.89318249e-01 -8.27355434e-01 -3.40545481e-01 -9.95868265e+02 1.36956464e+01
 -1.86288926e-01 -2.17650462e-01 -1.70532416e+00 1.87831212e-01 -1.91704362e+04 1.37048824e+01
 -9.63544198e-01 -1.18414587e-01 -2.88778257e+00 1.73798798e-02 5.72291684e+02 1.37012076e+01
 -2.43784695e-01 -4.86204769e-01 -1.52697060e-02 -4.19117923e-01 -1.18127339e+04 1.36917832e+01
 9.98371278e-02 -4.58226826e-02 -6.59665341e-02 2.95825350e-01 7.01947450e+03 1.36848081e+01
 -7.47256966e-01 4.13148271e-02 -2.16807011e-01 1.04761632e+00 -1.24777256e+03 1.36965814e+01
 1.47348979e+00 -7.09417510e-02 3.71498820e-01 6.28126662e-01 -4.49711299e+03 1.37033523e+01
 8.61710992e-01 4.75470790e-02 -9.83143945e-01 -4.14681590e-01 3.61714654e+03 1.36982206e+01
 1.30956012e+00 4.05213289e-01 7.64524537e-01 4.51531862e-02 2.25216504e+04 1.37061090e+01
 -2.45975397e-01 -2.74245396e-01 -4.65980110e-01 7.16909782e-04 1.96207662e+04 1.36953570e+01
 8.63725324e-01 3.01293208e-01 -4.96583945e-01 -1.56948463e-03 7.90214078e+03 1.37084101e+01
 1.00470210e+00 2.83200557e-01 2.03490596e-01 1.64573246e-01 -9.41941013e+03 1.37103854e+01
 2.12230794e+00 -9.70387678e-02 -1.56404729e+00 -3.61081037e-02 -1.16586313e+04 1.37225479e+01
 4.59599041e-01 8.26709163e-01 -6.56016641e-01 -5.92383174e-01 2.26748308e+04 1.37066446e+01
 3.90800070e-01 -1.09465963e-01 9.19406253e-01 6.55339686e-01 -3.62344905e+04 1.37028210e+01
 2.48508575e+00 1.13831191e-01 1.30494473e+00 3.03605069e-01 3.65912810e+04 1.37074992e+01
 1.51441028e+00 -1.69757519e-01 7.78097676e-01 -1.18277239e-01 1.69724784e+04 1.37070845e+01
 -5.44314984e-01 -1.27427891e+00 -6.09575325e-01 -1.25531475e+00 9.22966145e+03 1.36961432e+01
 7.80368879e-01 4.59487602e-01 -3.33549471e+00 6.37549676e-01 2.68068993e+04 1.36971809e+01
 3.71055679e-01 4.54045928e-01 1.54460339e-01 -1.71485945e-01 2.63887828e+04 1.36955746e+01
 -1.22480323e+00 -1.70328839e-01 1.36574835e+00 2.68075494e-01 -1.06587594e+04 1.36810738e+01
 -1.34231748e+00 7.36306880e-01 -7.38695758e-01 -7.97250119e-02 -4.32233448e+04 1.36867474e+01
 -1.03680195e+00 5.20743922e-01 -9.09615660e-01 -6.51291200e-02 -1.53561782e+04 1.36915630e+01
 -5.88430619e-01 3.91401540e-01 -6.88034515e-02 1.37519799e-01 2.32460355e+04 1.37018174e+01
 7.80011377e-01 4.39956929e-01 -8.49022757e-01 -4.12915672e-01 7.16021172e+03 1.37116077e+01
 1.55933407e-01 -5.59416215e-01 6.28762005e-01 -3.95088440e-01 -1.37437080e+04 1.37122077e+01
 1.76701788e+00 4.31001895e-03 -5.09832661e-03 1.61140141e-01 -2.02287582e+03 1.37200633e+01
 2.23419017e+00 -1.09493708e+00 8.19274905e-01 -4.35876429e-01 1.18465996e+04 1.37012585e+01
 6.80941176e-01 4.25589530e-01 -2.30003176e+00 3.22563819e-01 -3.01075682e+03 1.36961976e+01
 -1.03706668e+00 6.84760949e-02 -5.26784512e-01 -4.53880569e-01 2.95603312e+04 1.36960942e+01
 2.11400128e-01 -9.34788121e-01 -8.10229793e-01 3.22151430e-01 -2.46202225e+03 1.36943156e+01
 -1.45083953e+00 -6.42409436e-01 2.69042830e-01 1.36948983e-01 -6.07174776e+03 1.36906424e+01
 2.07423881e-01 1.01261870e+00 -1.38223016e+00 -7.05177227e-01 1.04394681e+04 1.36892816e+01
 -1.84140208e+00 6.02588789e-01 1.00733079e+00 -4.41713193e-01 2.23716332e+04 1.36888096e+01
 -5.09266291e-01 8.14166493e-01 5.60775822e-01 -5.88637412e-01 7.35133829e+03 1.37032998e+01
 9.50874595e-01 -4.30036894e-01 -1.12697584e+00 -4.63081691e-01 -5.81581414e+03 1.36887013e+01
 1.22781266e+00 -5.07469319e-01 1.60581739e+00 4.16362821e-01 1.55493579e+04 1.37033205e+01
 3.39490248e-01 5.28703296e-02 1.94565369e-01 -1.66427530e-01 2.08453578e+03 1.37010170e+01
 -1.15691315e+00 -7.61831927e-02 1.53044290e+00 6.31900840e-01 1.48345381e+04 1.36958162e+01
 7.49748585e-01 -3.79127002e-01 -3.10139246e-01 2.82433832e-01 1.45798246e+04 1.37058733e+01
 -4.52649928e-01 1.23170742e+00 -1.48702954e+00 1.72251431e-01 2.25151916e+04 1.36988295e+01
 -4.46226025e-02 -3.51575516e-01 1.39993517e+00 -7.16953824e-01 -6.46820340e+03 1.36998885e+01
 -3.78027713e-01 8.80811800e-01 -5.12323126e-01 -4.19050736e-01 -7.92375088e+03 1.37039783e+01
 5.20044273e-01 -5.66874265e-01 1.45296586e+00 3.93411188e-01 1.76972381e+04 1.37095296e+01
 -6.82324568e-01 6.67276567e-01 2.53545060e+00 -3.04490997e-01 -6.22556179e+03 1.36973548e+01
 2.18643348e+00 1.84543443e-01 1.72354681e+00 -1.77376987e-01 2.06952778e+04 1.36980187e+01
 1.14868216e+00 6.24989173e-02 1.04252996e+00 2.92747172e-01 1.35186294e+04 1.36974327e+01
 -2.68915802e-01 1.28373190e-01 -1.60900273e-01 2.78797254e-01 3.00968540e+03 1.37071067e+01
 1.63990933e+00 -2.04445416e-02 2.16290248e-01 -6.60393727e-01 -2.52224449e+04 1.36945597e+01
 8.67203743e-01 -2.30344074e-01 -1.23780232e+00 -2.45066396e-01 -1.00868487e+03 1.37027623e+01
 1.94173758e-01 -3.72091484e-02 -4.92370594e-01 -6.30276467e-01 2.30917669e+04 1.36969539e+01
 1.12700727e+00 -2.19875775e-02 -6.77176944e-03 -7.19364760e-01 2.79075937e+03 1.37042642e+01
 -3.72925940e-01 4.21384112e-01 -3.50225989e-01 -1.04270818e+00 -2.71758942e+03 1.37099418e+01
 -4.27653750e-01 -7.34714181e-02 -2.07433464e+00 -4.62982070e-01 4.21567374e+04 1.36960619e+01
 -1.80780765e-01 -7.41588685e-02 1.66244023e+00 1.60785988e+00 -2.12650103e+04 1.37095157e+01
 2.88096458e-01 2.01202646e-01 -1.20785642e+00 5.32613678e-01 -6.44826659e+03 1.36924247e+01
 1.00821779e+00 -7.75616976e-01 -1.10256296e-01 6.79515768e-02 5.55333951e+04 1.37164325e+01
 -4.55723453e-01 -2.46028575e-01 -3.97747534e-01 8.19980712e-01 -3.71273340e+03 1.37075634e+01
 6.74195377e-01 -7.81465658e-01 5.45088418e-02 4.72651346e-01 3.17287256e+02 1.36973357e+01
 1.03194373e+00 1.41677281e+00 -9.67656866e-02 -6.38657287e-02 1.26778890e+04 1.36981490e+01
 6.36897050e-01 -5.89962667e-01 1.69066932e+00 -2.94339216e-01 7.63766100e+03 1.37020904e+01
 -1.10020340e-01 -4.85124680e-01 4.42495912e-01 -8.31606416e-02 -2.38678931e+04 1.36992968e+01
 4.45492465e-01 2.42759603e-01 -3.89322168e-01 -6.81677203e-01 2.38930093e+04 1.37025980e+01
 -6.15041414e-01 -5.32362424e-01 -1.83411911e+00 -2.54884565e-01 -3.54473391e+03 1.37019857e+01
 -1.03759269e-01 -1.40029442e-01 -4.64508651e-01 -2.57345264e-01 -2.84216726e+04 1.37065281e+01
 5.89982026e-01 1.27818309e-01 1.16236647e+00 -2.70588689e-01 -1.84262680e+04 1.37121673e+01
 -1.16238906e+00 -4.88613028e-01 -6.19366600e-01 -3.79268936e-01 -2.96546085e+04 1.36938202e+01
 6.24400885e-01 4.60334056e-01 -1.89003138e-01 -5.45906948e-01 -9.44892276e+03 1.37046528e+01
 -5.63904364e-01 -6.73185080e-02 -1.24128055e+00 -3.81675791e-01 -2.71848793e+04 1.36948496e+01
 1.95634785e+00 7.49460743e-01 -1.54594391e-01 -3.34685077e-01 1.36225275e+04 1.37105750e+01
 3.38856232e-01 3.11104415e-01 -2.22392601e-01 5.03867354e-01 4.25084914e+03 1.37011172e+01
 9.78762028e-01 1.10645006e-01 -7.90718029e-01 -2.89884273e-01 -1.25407389e+04 1.37050283e+01
 7.02944585e-01 -1.08174146e+00 -1.67994449e+00 -2.54136025e-01 -3.43420671e+03 1.37028975e+01
 -1.78697918e+00 5.24598329e-01 -4.48351684e-01 -5.64913934e-01 7.02323992e+02 1.36920584e+01
 1.06559113e+00 1.12178375e-01 -7.80616021e-02 -5.27167896e-01 2.62521156e+03 1.36929672e+01
 1.12328235e+00 2.41701400e-01 2.25271883e+00 7.38443756e-01 -3.76076512e+03 1.37145486e+01
 -4.62279333e-01 1.34080651e-01 -6.47892341e-01 1.22328639e-01 -9.42302741e+03 1.37027809e+01
 -1.46424857e+00 -6.93467769e-01 -7.17074628e-01 8.55530175e-02 -3.03354568e+04 1.37021896e+01
 1.09500332e+00 2.02644498e-01 1.35051003e+00 -5.95650741e-01 -3.00454167e+04 1.37005870e+01
 -2.20285680e+00 1.22942673e+00 8.08314635e-02 4.06016974e-01 3.58695702e+04 1.36918095e+01
 -6.31376138e-01 9.16073905e-01 5.92983964e-01 2.07684068e-02 -1.33285514e+04 1.36945970e+01
 1.43183841e+00 -2.97264098e-01 1.35054308e+00 -3.26367985e-01 -1.49967811e+03 1.36984705e+01
 1.00332841e+00 -2.08376182e-01 1.71046876e+00 2.65825857e-01 1.01737049e+04 1.37100230e+01
 1.80344711e+00 -5.04327218e-01 -4.08700165e-01 2.50632139e-01 -9.49481246e+02 1.37111956e+01
 -2.59160625e-02 3.90541417e-01 -1.22402680e+00 2.44727967e-01 -1.24627120e+04 1.36953539e+01
 -1.52946579e+00 1.64826294e-01 -3.61311905e-01 -1.54164030e-01 8.26069417e+02 1.37061570e+01
 3.74412737e-01 -2.12967565e-01 1.23545369e+00 3.45554558e-01 -9.09756284e+02 1.37186134e+01
 1.51782715e-01 4.88381341e-01 -5.97131569e-01 -3.48291875e-02 1.22477619e+04 1.37013302e+01
 -1.67001141e+00 3.31363095e-01 9.92756740e-01 8.53213294e-01 -1.73902316e+04 1.36911224e+01
 1.46766986e-01 -2.26430496e-01 3.46475714e-02 -6.16211358e-01 2.24066693e+04 1.36955862e+01
 1.98717089e-01 -1.92663046e-01 1.60207984e+00 5.82521213e-01 1.95429499e+04 1.36955553e+01
 2.03643599e+00 6.19829682e-01 -8.69400949e-02 1.32023757e-01 1.56780003e+03 1.36942099e+01
 -3.08488764e-01 2.62915360e-01 1.36655533e+00 6.74363440e-02 -2.60172013e+04 1.36936055e+01
 1.17771166e+00 -8.55500142e-02 -1.82867335e-01 -2.86664961e-01 7.16068243e+03 1.37019431e+01
 -1.82406807e-01 1.77708530e+00 2.94968597e+00 -4.27879534e-01 1.61283784e+04 1.36975350e+01
 1.04577451e+00 2.81881430e-01 2.06907864e+00 3.32978592e-01 -2.14817352e+04 1.37025335e+01
 -1.29866200e+00 3.65771249e-03 1.04887544e+00 1.62519498e-01 9.11876688e+03 1.36931165e+01
 -7.69535930e-01 1.50796638e-01 1.25704882e+00 -4.42285553e-01 -1.29371364e+03 1.36972883e+01
 -5.57124205e-01 -2.42932914e-01 -4.62476341e-01 -5.54380506e-01 2.86946208e+04 1.36975361e+01
 -5.70134147e-01 -4.41275915e-01 -6.52246412e-04 5.82560858e-01 -9.85585798e+03 1.36917576e+01
 2.80253563e-01 -6.25124804e-03 5.23117372e-01 3.61417932e-01 -2.93589574e+04 1.37088885e+01
 3.63207209e-01 -3.90582529e-01 -1.16625058e+00 -3.77423876e-02 3.51157949e+04 1.37016380e+01
 -1.70658130e-01 -5.04645454e-01 4.25335949e-01 -1.51584942e-01 1.80887696e+04 1.37051034e+01
 3.45562065e-01 4.03399403e-01 4.91357196e-03 -2.79542597e-01 1.89522600e+04 1.37004127e+01
 -9.28085745e-01 -1.61367575e-01 7.20198887e-01 -1.07026087e+00 -3.14034960e+04 1.36910643e+01
 5.95372619e-01 -9.87139042e-02 3.08382907e-01 -3.09035625e-01 3.09683200e+04 1.37036892e+01
 8.63420285e-02 6.56723285e-01 -5.75146403e-01 3.38818148e-01 -7.58474977e+03 1.37070784e+01
 -1.34329921e+00 -6.20102493e-01 -6.52677028e-01 -1.49188285e-01 -1.06415802e+04 1.36940929e+01
 -3.31709312e-01 -1.85568390e-02 4.37789401e-01 6.38248398e-01 1.94460223e+03 1.36935152e+01
 -1.50449921e+00 -2.00255857e-01 1.10591122e+00 1.16771115e-01 2.32034882e+04 1.36858969e+01
 -5.66031925e-01 -3.58806141e-02 1.58730225e-03 -1.12376660e-01 -4.08706512e+04 1.37086846e+01
 -1.48551129e-03 1.03849865e+00 -9.27443284e-01 3.90308680e-01 -1.41199507e+04 1.37047393e+01
 8.28380395e-01 3.99995371e-03 -1.85028186e+00 2.96049579e-01 1.90473355e+04 1.36898431e+01
 -5.48105501e-01 -1.44190060e+00 4.01468757e-01 -3.67777338e-01 1.57498551e+04 1.36999051e+01
 1.64625387e+00 -4.41388685e-02 -1.57057852e+00 6.55560909e-01 2.95538890e+04 1.36991646e+01
 1.05690795e+00 6.75388428e-01 -7.93492905e-02 -7.97376808e-01 1.50503110e+04 1.37001966e+01
 -9.10415828e-01 2.55631730e-02 -1.56644394e-01 1.46805866e-01 -2.54394597e+04 1.37076587e+01
 8.96298566e-01 2.63435712e-01 2.94533037e-01 6.11805538e-02 -1.82279314e+04 1.37022715e+01
 1.02781178e+00 -3.64812452e-01 7.15538490e-01 8.58324714e-02 -2.18102444e+04 1.37048085e+01
 1.11149326e+00 -4.05386369e-01 -3.00488860e+00 8.03454997e-01 -4.50437260e+03 1.37120073e+01
 9.44030067e-01 -1.22945487e+00 3.89559041e-01 -4.14724646e-01 8.78775107e+02 1.36990311e+01
 -1.09309801e+00 -1.40295778e-01 -9.35590005e-01 3.08166706e-01 1.27163721e+04 1.37047103e+01
 5.40082015e-02 4.99284318e-01 4.01843914e-01 -2.17502879e-01 -1.09536785e+04 1.36939847e+01
 1.32043078e-01 -4.44280572e-01 -5.45787231e-01 1.63393995e-01 -1.48360038e+04 1.36968535e+01
 2.59574327e-01 -1.89690700e-01 -2.09008294e-01 -1.63922523e-01 1.37090321e+04 1.37120941e+01
 -9.90955205e-01 1.85032778e-01 2.34335066e-01 2.50949752e-02 -1.07243363e+04 1.37114074e+01
 3.57024852e-01 -3.00681239e-01 -2.27574569e+00 -1.64581403e-01 2.10150702e+04 1.36954982e+01
 3.95668019e-01 -1.00184354e-01 -4.62450796e-01 -5.80180396e-01 1.23406973e+04 1.36960601e+01
 6.81143238e-01 7.18203746e-02 -7.93506397e-01 3.71250524e-03 -3.23050950e+04 1.37038664e+01
 -7.77392850e-01 4.25834145e-01 -1.23580797e+00 4.13531429e-01 -5.81992472e+03 1.36988378e+01
 -4.27364331e-01 -5.47757311e-01 -1.93633672e-01 2.13111041e-01 -2.22800807e+04 1.36959529e+01
 -3.45860732e-01 -3.36431791e-01 -4.49147387e-01 3.74126007e-01 4.57807108e+03 1.36954295e+01
 1.51524461e+00 -4.22585489e-02 -1.13931844e+00 -5.25309729e-01 5.75698518e+03 1.37036740e+01
 7.50533754e-01 -9.39612762e-01 9.30758684e-01 -4.03471323e-01 -8.71745419e+02 1.37088519e+01
 3.39845306e-01 -1.46318275e-01 3.08440892e-01 -2.02086784e-01 1.48034180e+04 1.36953863e+01
 -2.34797246e-01 -5.93707352e-01 -6.57577727e-01 4.12947548e-01 4.00478761e+04 1.37100791e+01
 7.50463175e-01 1.83321152e-01 2.76208518e-01 -1.44113165e-01 -4.39533914e+04 1.37010175e+01
 -1.32193058e-02 7.52204658e-01 1.42353329e+00 -2.59565820e-01 1.11894033e+04 1.37139072e+01
 -5.33146510e-01 -1.57065761e+00 -9.57358127e-01 6.70883793e-01 -1.08368578e+04 1.36955284e+01
 1.33211507e+00 -5.21535920e-01 -9.20924506e-01 -3.76401105e-01 -2.67736877e+04 1.37054116e+01
 3.68788444e-01 -1.68900750e+00 -7.38928034e-01 6.15535781e-02 -2.31922018e+04 1.36867938e+01
 4.62256401e-01 -2.01873286e-01 -1.59814853e+00 9.96192170e-02 -6.57545442e+03 1.37062248e+01
 -4.66210892e-01 -5.59153823e-01 9.86963423e-01 5.54127489e-02 6.93523019e+03 1.36871737e+01
 8.82939991e-02 -4.63597325e-01 -5.04957799e-01 3.17428139e-01 3.03052972e+04 1.36917012e+01
 -2.14319690e-02 -4.50337382e-01 5.59058631e-01 -3.03414982e-01 -7.69901716e+03 1.36969330e+01
 -1.97989048e+00 1.51608914e-01 5.16741767e-01 6.30250715e-01 9.38664689e+03 1.36901947e+01
 -1.09314817e+00 -1.19379679e+00 -1.13019361e+00 1.38721813e-01 -1.90980128e+04 1.36981745e+01
 7.78404134e-01 4.87273370e-01 -1.23248163e+00 -7.40240293e-01 -1.99081434e+04 1.37030342e+01
 -3.94721686e-01 -6.54260414e-01 1.46066681e-01 -3.42165065e-01 1.89954970e+04 1.36957872e+01
 -2.23801534e+00 -3.77566955e-01 1.49443761e-01 1.11991417e-01 2.05716780e+04 1.36951700e+01
 4.85719573e-01 -2.66954244e-01 7.85796892e-02 4.16302232e-01 -3.44439383e+04 1.36967133e+01
 7.69756872e-01 -4.14079181e-01 -8.98496994e-01 -3.00902740e-01 -1.46459042e+04 1.37122312e+01
 -5.83822465e-01 3.63168816e-02 6.23145180e-01 8.83185412e-02 -9.81372096e+03 1.36964708e+01
 -2.30122102e-01 -1.88189468e-01 5.07381650e-01 2.31497834e-01 1.16430149e+03 1.36948138e+01
 3.71942067e-01 9.10403555e-02 -6.14561849e-01 -3.16563854e-01 -1.19612718e+04 1.36992538e+01
 -1.96609155e+00 1.63778636e-01 -2.62352225e-01 4.15303012e-01 -2.48252366e+04 1.36966589e+01
 6.25987914e-02 -7.90026682e-01 1.61597517e+00 -1.19768815e-01 5.45276758e+04 1.36967462e+01
 -2.32677589e+00 5.06859123e-01 5.64290565e-01 3.88340413e-01 -8.54436123e+03 1.36953381e+01
 1.68974008e+00 5.85472579e-01 4.93686399e-01 2.01379076e-01 -2.06163938e+04 1.37118054e+01
 -2.17190381e+00 7.74833690e-01 1.81563606e-01 -7.78611533e-01 5.36730846e+02 1.37006328e+01
 -1.41601639e+00 1.02778267e-01 2.69499115e-01 -8.14084143e-01 2.28706226e+04 1.36957273e+01
 7.28643697e-01 1.07032566e+00 -4.22695869e-01 -2.96296832e-01 1.71280405e+04 1.37006643e+01
 -5.88679999e-01 -1.38131127e-01 1.01260775e-01 4.02188567e-01 -2.04230597e+02 1.36959864e+01
 -4.45591281e-01 1.42322808e+00 -1.87162089e-01 1.46639743e-01 8.73926535e+03 1.37054967e+01
 -5.49977826e-01 -1.16130983e-01 3.44464775e+00 -1.03330878e+00 -1.92799857e+04 1.36894083e+01
 1.77488890e+00 -8.96787805e-01 -9.09486301e-01 -2.14068657e-01 -2.30258840e+04 1.36990190e+01
 -2.43272745e+00 5.98418334e-01 -2.40143110e-01 -2.76669508e-01 -3.95437152e+03 1.36955793e+01
 6.90500125e-01 -1.98866271e-01 -1.50243203e+00 -3.56246752e-02 3.92267996e+03 1.37021489e+01
 -1.30896612e+00 1.29426784e+00 -1.91381336e+00 -3.94825475e-01 -7.42996485e+03 1.36916904e+01
 -3.58918578e-01 -3.04783868e-01 1.17777286e+00 1.23331242e+00 3.17343193e+04 1.36947495e+01
 3.01051415e-01 -3.72596126e-01 -5.01797406e-01 7.65817595e-01 -1.37849317e+04 1.36995015e+01
 -9.82030497e-01 -8.92838045e-01 -1.26107436e-01 5.62249139e-01 -1.94530050e+04 1.36994852e+01
 -7.26844009e-01 -6.82927745e-01 -9.38049310e-02 2.87712207e-01 9.03900360e+03 1.36980726e+01
 4.11215692e-01 1.14214743e+00 -1.60638088e-01 1.41136433e-01 6.11071080e+03 1.37129664e+01
 1.19530555e-01 9.68692494e-01 -1.28676249e+00 -4.69659630e-01 -1.01690091e+04 1.36902715e+01
 -1.25872822e+00 -4.80433373e-01 -2.29264365e-02 -3.19104215e-01 5.18852051e+03 1.36982385e+01
 2.29478866e+00 -5.48771998e-01 -7.15254791e-01 -8.35383081e-01 -1.34084228e+04 1.37088275e+01
 -4.04830629e-01 -2.08740872e-03 6.19799491e-03 -5.88177193e-02 2.35159322e+04 1.37006625e+01
 -1.10354759e+00 -4.63696260e-02 -1.53022338e+00 -1.03438437e-01 1.14437508e+04 1.36957374e+01
 1.62316707e-01 -1.11868564e-01 -2.70024297e+00 -9.57554341e-03 2.11833179e+04 1.37066332e+01
 4.33446042e-02 -5.43807920e-01 2.33474908e+00 -2.82531244e-01 1.02967542e+04 1.36938962e+01
 1.40216494e+00 -2.09876185e-01 -2.46552341e+00 5.97391480e-01 -1.20770259e+04 1.37065032e+01
 -7.72151161e-01 -1.94840136e-01 -1.89571670e+00 5.11687753e-02 -1.83096941e+04 1.37013942e+01
 -8.66052294e-01 -4.36934906e-01 7.18494464e-01 5.21770849e-02 1.32283956e+04 1.36973963e+01
 3.28520763e-01 3.00656365e-01 -7.26270317e-01 -7.59399769e-01 3.98572514e+03 1.37004623e+01
 -3.66522921e-01 -1.68035897e-01 6.19548777e-01 3.88935797e-01 -1.16918527e+04 1.37016753e+01
 1.58955005e+00 -5.09898149e-01 1.30664858e+00 8.64224960e-01 -3.06657274e+04 1.37075124e+01
 -9.01587143e-01 -1.04599314e-01 2.62963123e-01 6.88802345e-01 2.27556465e+03 1.36961770e+01
 1.74639784e+00 2.56521154e-01 -6.20050875e-01 6.71107822e-01 2.32108972e+04 1.37131971e+01
 5.48487414e-01 -2.56673487e-01 6.34061731e-01 -8.53834744e-01 -4.49734525e+03 1.37023252e+01
 1.97410308e-01 2.53772272e-01 -1.16544401e+00 -2.87067806e-01 -5.77272781e+02 1.37033673e+01
 7.05069775e-02 -4.99186846e-01 -1.24956095e+00 -1.57820808e-01 1.44685686e+04 1.36933734e+01
 1.48808956e-01 -3.22746809e-01 -5.67821528e-01 -8.41532486e-02 -2.85390885e+03 1.36930857e+01
 7.02619501e-01 4.17388074e-01 1.88757143e+00 1.64667906e-01 3.49136252e+04 1.37057904e+01
 -1.77715037e+00 5.36772271e-01 -6.02046664e-01 -9.28701829e-01 1.49041151e+03 1.36909583e+01
 -1.67824571e+00 6.65658071e-02 2.68386487e-01 -6.83881386e-01 -3.43670016e+04 1.37024756e+01
 8.51552785e-02 -8.72805074e-01 1.86079708e+00 -9.71340175e-02 2.42872852e+04 1.37035987e+01
 -1.18686716e+00 1.52829628e+00 -6.38423667e-01 -8.58668581e-02 -1.71222051e+04 1.37062488e+01
 -7.30856035e-01 2.75866515e-01 -1.39818334e-01 -2.66222751e-02 5.15482407e+03 1.37008872e+01
 1.83943333e+00 1.23603545e-01 1.65196336e-01 7.08787896e-01 -7.33260911e+03 1.37195482e+01
 -2.23184719e-01 8.33224565e-01 -6.14508843e-02 -1.34632759e-01 -2.29197996e+04 1.37015147e+01
 1.81496157e-01 -1.55080358e-01 2.40409077e+00 -1.33166282e-01 1.08557333e+04 1.37127925e+01
 -5.48061184e-01 -7.20225843e-01 -3.03331142e-01 2.19484874e-01 -4.07084125e+02 1.36953197e+01
 2.57125254e-01 4.84808977e-01 -6.18251212e-01 -3.20769797e-01 -6.82236422e+02 1.36941355e+01
 2.25318869e+00 -5.69383592e-01 8.27361545e-01 2.33091953e-01 -4.25075792e+02 1.37003934e+01
 -1.14836117e+00 -7.55817533e-02 4.29724601e-01 -5.32728933e-01 2.71790707e+04 1.36965336e+01
 -1.79123097e+00 -9.89936600e-01 -4.64101679e-01 -3.79307361e-01 1.91504752e+04 1.36890453e+01
 2.95375400e-01 -5.24438482e-01 1.00947007e+00 1.87145264e-01 2.28257818e+04 1.37023289e+01
 4.25182222e-01 3.99031881e-02 -1.85372315e+00 -8.26608891e-01 1.08912700e+04 1.37001643e+01
 -1.20910801e+00 5.43802179e-02 6.62208493e-01 -2.56232397e-01 -5.62604020e+03 1.36980010e+01
 5.88129810e-01 -7.27093116e-01 4.63161216e-01 -3.35125170e-01 -4.26522870e+03 1.36945722e+01
 1.14611524e+00 -6.78461489e-02 6.85846955e-01 -3.05895739e-01 -4.01452581e+04 1.37131064e+01
 7.56976682e-01 -7.72243731e-01 1.48360421e+00 -2.15086495e-01 -7.57931228e+03 1.36975598e+01
 -5.67070242e-01 4.92253669e-01 2.60244027e+00 1.70607886e-01 1.04874488e+04 1.36950194e+01
 4.30018650e-01 -5.82864468e-01 -2.71033095e+00 -7.18446695e-01 -5.35252539e+03 1.36945264e+01
 8.98290690e-02 -4.03861995e-01 -2.89862507e-02 6.89672033e-01 8.63738764e+02 1.37073253e+01
 -1.02059325e+00 5.91429057e-01 -4.81903877e-01 6.79514518e-03 1.81270930e+04 1.37029660e+01
 1.68668576e+00 1.89279444e-01 -1.44105949e+00 6.35534417e-01 4.81018891e+03 1.37011143e+01
 1.07273676e+00 -8.60646232e-01 7.70212236e-02 3.65852670e-01 9.87133578e+03 1.37083031e+01
 4.73203250e-01 2.89248557e-01 1.61491975e+00 8.11887739e-03 5.04827281e+03 1.37031404e+01
 9.15804950e-01 -9.46527386e-01 -1.08427878e+00 9.62457793e-01 1.38172931e+04 1.37045187e+01
 4.59596915e-01 -6.86083419e-01 1.78349893e+00 -2.40591858e-01 -1.11501512e+04 1.36992525e+01
 -2.50704525e+00 -1.35204313e+00 -1.77382396e+00 5.50365616e-01 -1.82896909e+04 1.36930444e+01
 1.86036496e+00 -5.51771892e-01 -3.65189208e-01 4.57757964e-01 2.02902348e+04 1.37051984e+01
 -2.70047360e-01 5.12078650e-01 1.95246389e+00 1.63231836e-01 -2.21463301e+04 1.36948795e+01
 1.58330520e+00 -1.61889973e-01 1.31611750e-01 -1.62299557e-01 -4.72456303e+03 1.37108120e+01
 -1.53749455e+00 -4.99445406e-01 1.12657212e+00 5.09256258e-01 3.44865534e+04 1.36852740e+01
 1.28212331e+00 3.87893268e-01 -1.58824387e+00 6.08933249e-01 1.54922890e+04 1.37131746e+01
 2.91688038e-01 4.95067945e-01 1.12951982e+00 4.15613053e-02 -1.00207745e+04 1.37045377e+01
 -9.66759880e-01 3.37187936e-01 -5.11901526e-01 -2.39492699e-01 1.06892742e+04 1.37069097e+01
 -1.48042385e+00 -1.34368814e-01 -4.26689502e-01 4.21486762e-01 -8.13879214e+03 1.36927410e+01
 -1.14834813e+00 -6.42797696e-01 -6.02558708e-02 6.23247000e-01 8.65507238e+02 1.36996188e+01
 -1.92547796e+00 -9.62548369e-02 -3.19455014e-01 1.77564678e-01 2.17933115e+03 1.36999023e+01
 -1.09816524e+00 3.00931370e-01 -1.05341346e+00 1.88394907e-01 1.19016959e+04 1.37031913e+01
 -1.69048972e+00 1.72653922e-01 -4.54218677e-01 -2.82428244e-01 -7.06491334e+02 1.36978766e+01
 -1.66491411e+00 5.83569601e-01 -3.42345393e-01 -3.15036168e-02 2.06429927e+03 1.36942558e+01
 -6.96607322e-01 -3.38758587e-01 1.51167892e+00 -4.58380707e-01 2.53868890e+04 1.37000998e+01
 -1.24482248e+00 6.16639895e-02 -8.78884683e-01 -1.09198670e-01 -2.05603864e+03 1.36854041e+01
 5.86104547e-01 -8.84020495e-01 3.78655387e-01 5.86847160e-01 -3.33256140e+04 1.36865723e+01
 -6.69852471e-01 1.90793153e-01 -1.24975309e+00 -3.18838445e-02 -3.66012491e+03 1.37132077e+01
 -9.08358494e-01 -2.99500790e-01 -5.95254042e-01 5.83752290e-02 -1.03174229e+04 1.36974919e+01
 -2.79317445e-01 -2.19640608e-01 -1.82574242e+00 2.53519208e-01 2.11799274e+04 1.37020496e+01
 -7.94065983e-01 -1.33830862e-01 -1.58888460e-01 -1.87503984e-01 -1.29742146e+03 1.37013582e+01
 -3.75684030e-01 -4.46623304e-01 -1.29878593e+00 1.17942405e-01 -1.30497558e+04 1.36900102e+01
 -3.75037415e-02 -4.82484795e-01 4.60061323e-01 2.52933271e-02 -2.88027523e+03 1.36971148e+01
 -1.59597492e+00 -7.34815758e-02 2.53202181e+00 -1.82862337e-01 2.99989220e+04 1.36956142e+01
 -2.24851797e-01 4.86295196e-01 1.00228515e+00 -1.17082894e-01 -1.40092882e+04 1.37024521e+01
 1.80081157e+00 3.73666155e-01 7.84234826e-01 1.62329071e-02 1.67862973e+04 1.37114814e+01
 -1.05737935e+00 4.11625365e-01 4.89867552e-01 2.73416563e-01 -1.65042044e+04 1.37075959e+01
 1.98402718e-01 -7.93132765e-01 -1.27476292e+00 -2.95945127e-01 -1.54934754e+04 1.37137659e+01
 1.39089126e+00 2.41149417e-01 -5.73349907e-01 7.55953937e-01 1.77555547e+04 1.37013227e+01
 -3.55842948e-02 -1.18783817e+00 -1.76727956e-01 -5.04737327e-02 2.46395066e+04 1.37006517e+01
 -8.67064073e-01 6.46749785e-01 -5.85665251e-01 3.23498611e-01 1.12902987e+04 1.36902919e+01
 -1.03842623e+00 5.45758924e-02 1.30731312e+00 3.30182270e-01 1.57505872e+04 1.36913402e+01
 1.52444227e+00 -2.79980517e-01 1.41521333e+00 3.24976870e-01 -1.80572221e+03 1.37023242e+01
 -4.95902086e-01 -4.63995963e-01 -1.50761022e+00 4.80238845e-02 2.02476036e+04 1.37009015e+01
 1.17733350e-01 8.14095837e-01 4.16770839e-01 -9.23804609e-01 2.13664879e+04 1.37017928e+01
 1.89744747e+00 -2.15888433e-01 -8.13281749e-01 -9.45428163e-01 -7.38060637e+03 1.37095933e+01
 -1.70655499e+00 1.58140984e-01 -1.03887947e-01 -1.87359385e-01 1.21217660e+04 1.36982458e+01
 -1.50627353e+00 -4.82770529e-01 -2.27200483e-01 6.29761380e-01 -3.68343242e+04 1.36981058e+01
 -1.00240130e-01 1.00022046e-01 -1.39126993e+00 -1.04046660e+00 1.97545570e+02 1.36868894e+01
 1.43974819e+00 6.61877242e-01 1.42486195e+00 8.26287850e-01 3.10824775e+03 1.36957638e+01
 -1.00204600e+00 -1.56944925e-01 3.83330598e-01 -3.92601009e-01 9.87879938e+03 1.36868953e+01
 -1.38934194e+00 -3.86974473e-01 -2.41862257e+00 -1.16053118e-01 1.93320680e+02 1.36892876e+01
 -1.94883355e+00 5.97565092e-01 -4.13217316e-01 -3.07364837e-01 1.13400710e+03 1.36981120e+01
 1.11982134e+00 1.13095072e-01 -4.45514370e-01 2.37132359e-01 -1.24475768e+04 1.36957459e+01
 7.87226341e-01 4.25502952e-01 1.45476698e+00 -8.22985444e-01 -2.75422784e+04 1.37014980e+01
 -1.11311120e+00 -2.59879311e-01 -4.29422697e-01 2.12942837e-01 2.93473560e+03 1.36922251e+01
 -1.07638655e+00 1.67081585e-01 -6.50438434e-01 1.07820226e+00 4.92851241e+04 1.36976641e+01
 -1.23591501e-02 2.21125882e-01 6.49339355e-01 -1.57047131e-01 -1.77093348e+04 1.36996310e+01
 -4.95685793e-01 7.83779454e-01 1.72845854e+00 -2.68134496e-01 -6.45781289e+03 1.36916528e+01
 1.57348282e+00 7.00583856e-01 3.41715227e-01 2.36295236e-02 -1.04737584e+04 1.37038275e+01
 4.05567296e-01 4.53264698e-01 1.00537279e+00 -6.67366341e-02 -2.14219213e+04 1.37063690e+01
 9.60919980e-01 -4.68355601e-01 -1.57159845e+00 3.06474230e-01 -5.95834747e+03 1.37128131e+01
 2.74451366e-01 3.03752085e-01 -1.86111291e-01 4.59816164e-02 -1.60543505e+04 1.37064215e+01
 -1.76201380e+00 1.05764895e-01 -8.62490621e-01 3.47255474e-01 9.81450516e+03 1.36925261e+01
 -1.55019382e-01 6.77729001e-01 2.57474579e-01 -5.72590694e-02 5.84948540e+03 1.36989967e+01
 -2.04501151e-01 4.33860940e-01 1.70853882e+00 -2.83248087e-01 9.88714255e+03 1.37020525e+01
 7.91309884e-01 4.75289063e-02 1.34455011e+00 -2.31077809e-01 -2.73271919e+04 1.37108588e+01
 4.34508713e-01 -4.05383429e-01 -1.43135993e+00 -2.21546908e-01 -3.50642638e+04 1.36923377e+01
 3.19774600e-02 -6.67699856e-01 -3.82539694e-01 1.49368372e-01 1.50737284e+04 1.37052073e+01
 -1.22456061e-01 9.36784278e-01 -1.17171719e+00 -3.10100564e-01 3.23381351e+04 1.36982025e+01
 5.88440049e-01 3.50405313e-02 -3.61960583e-01 -3.25835472e-01 1.71620876e+04 1.37049280e+01
 -1.86732653e-01 4.07571071e-01 -1.20670913e+00 -2.79506535e-02 1.88250809e+04 1.36970779e+01
 -8.72923092e-01 -5.25414635e-01 2.24667929e-01 9.79896641e-02 -1.70867754e+04 1.36956128e+01
 -6.52382439e-01 5.88754026e-01 1.04657663e+00 -3.79842060e-01 -1.46754498e+04 1.36925549e+01
 1.10114276e-01 -9.57865515e-02 -2.25243994e-01 -6.93874059e-02 -3.51335605e+04 1.37080113e+01
 6.01885535e-01 -1.71416520e+00 -2.78116091e-01 -3.11629891e-01 -7.22995737e+03 1.37000355e+01
 1.30082030e-01 1.18440277e+00 -7.10974088e-01 3.45060882e-01 4.77587721e+03 1.37085218e+01
 1.55687539e+00 1.09549398e-01 -8.33684145e-01 -5.18117426e-01 2.92495064e+04 1.37152577e+01
 -5.90008941e-01 3.79769395e-01 1.37522629e+00 5.22817703e-01 1.42761230e+04 1.37026045e+01
 9.59156519e-01 3.56239808e-01 1.04448391e+00 6.23430292e-01 -5.34484885e+04 1.37008601e+01
 8.12220141e-01 4.69825586e-01 2.47083755e-01 -4.17767089e-01 2.20330198e+03 1.36997655e+01
 1.34523365e-01 6.45519552e-01 -2.72272463e-01 1.91748129e-01 1.75666537e+04 1.37020339e+01
 -4.62113767e-01 9.00954487e-01 1.38239810e+00 -9.92107714e-02 -2.56524343e+04 1.36984860e+01
 8.20778377e-01 -3.92151134e-01 -1.68768383e-01 4.93452722e-01 -5.24829331e+03 1.37034387e+01
 2.01595634e+00 6.33231315e-03 -1.47627808e+00 4.59447048e-01 1.50749399e+04 1.37011611e+01
 9.42290398e-01 7.12124369e-02 2.49144847e+00 3.13822988e-01 2.54290921e+04 1.37029154e+01
 1.35480896e-01 -1.69862164e-01 -9.44378326e-01 9.42971442e-01 -6.00874846e+03 1.37112206e+01
 7.83724599e-01 6.14548405e-01 -1.24128605e+00 -6.89176616e-02 9.70617811e+03 1.36948875e+01
 -2.35362192e-01 -1.29473415e+00 -3.55713007e-01 3.79568152e-01 1.68987947e+04 1.36909906e+01
 -1.18384703e+00 -8.19884283e-01 1.38336999e+00 2.12449806e-02 1.04168648e+03 1.37089633e+01
 3.46577773e-01 6.06388129e-01 -1.46254883e+00 -3.91641262e-01 -8.87140711e+03 1.36931264e+01
 -1.54805112e-01 2.94404537e-01 1.42570355e+00 2.37855956e-01 6.69771655e+03 1.37084238e+01
 7.06824989e-01 6.22769407e-01 2.65761645e+00 -3.67367173e-01 1.58117902e+04 1.37112069e+01
 1.34503009e+00 4.59330769e-01 -7.40337779e-03 4.02382754e-01 3.85981475e+03 1.36961079e+01
 1.50707380e+00 -2.80944638e-01 6.33776411e-01 -2.61426867e-01 1.83812688e+04 1.36988939e+01
 -1.15693823e-01 2.18608039e-01 3.99235229e-01 -4.86904883e-01 1.11985265e+04 1.36929396e+01
 -8.32523688e-01 7.71281328e-03 8.13903784e-01 1.30158994e-01 -1.95638359e+04 1.36976088e+01
 -1.11030338e+00 -4.35929427e-01 1.02836660e+00 3.62541143e-01 -8.84728413e+03 1.36901452e+01
 -7.10033301e-01 -1.71209448e-01 -2.58888955e+00 -2.59280277e-01 3.01072583e+04 1.36919809e+01
 -1.25060112e-01 8.01533237e-02 -4.06922790e-01 -4.96973461e-01 1.10886887e+03 1.37106968e+01
 -2.20373665e-01 -2.98593782e-01 1.36025201e+00 -3.17168142e-01 -1.34074510e+04 1.36891669e+01
 -1.36472332e+00 1.06872011e-01 4.63922260e-01 -3.68055036e-01 1.93694996e+03 1.36849799e+01
 4.65830093e-02 5.70924504e-01 -1.24680544e+00 7.36098000e-01 -1.65857853e+04 1.36960506e+01
 3.43734545e-01 -2.40112040e-01 -1.95809768e+00 -1.17299211e-01 -3.53228529e+04 1.37005576e+01
 4.22705336e-01 4.99791814e-01 -8.30302277e-01 5.00946450e-01 -9.61320805e+03 1.37064443e+01
 -4.60398371e-01 5.78897765e-01 -2.58273251e-01 2.34160723e-03 -2.17992945e+03 1.37044865e+01
 9.27166647e-01 -1.24873420e+00 2.55614826e+00 2.33576126e-01 3.37179869e+04 1.36982716e+01
 -4.00631781e-01 7.84102076e-02 4.22246595e-01 5.50041694e-01 -2.67885800e+04 1.36949082e+01
 1.72205834e-02 -8.30654225e-02 -6.31730610e-01 2.71520610e-01 1.51383970e+04 1.37019834e+01
 3.52175937e-01 -5.31576236e-01 3.22617197e+00 4.22125513e-01 -2.00909452e+03 1.37057201e+01
 -8.37872685e-01 1.66846881e-01 1.64477947e+00 7.80457442e-01 -2.23431730e+04 1.36962560e+01
 7.36394612e-02 -4.82345606e-01 -4.30872585e-01 -2.82291308e-01 -1.66498494e+04 1.37000735e+01
 4.96407089e-01 6.45770570e-01 -1.83838815e+00 6.23647669e-01 -3.53320853e+04 1.37024787e+01
 1.10480734e+00 8.83828028e-02 -8.62347855e-01 6.95054555e-03 -1.36613053e+04 1.37030914e+01
 -9.21857433e-01 -1.00333845e-01 1.04253191e+00 1.03672249e-02 -8.92115060e+03 1.37000376e+01
 -1.30165210e+00 5.80868181e-01 -4.66369934e-02 1.74783797e-01 -1.35930842e+03 1.37036475e+01
 1.50614723e+00 -8.30250272e-02 2.73025388e-01 -5.44740810e-02 2.48990068e+04 1.37089725e+01
 -6.72967950e-01 -9.97463161e-02 -9.81096808e-02 1.13788416e-01 1.27801521e+03 1.37122915e+01
 -2.19649202e-02 5.23666522e-01 4.18555143e-01 -2.74729088e-01 2.22534531e+04 1.37130399e+01
 -2.69152698e+00 -2.48924725e-01 -8.58534424e-01 -3.15706437e-01 1.25227624e+04 1.36756673e+01
 -1.01324624e+00 -3.50692346e-01 2.97835929e-01 -9.35890607e-02 1.52216182e+04 1.36944190e+01
 -6.85636350e-01 -3.31215106e-03 -1.02119898e-01 3.22006012e-01 2.74270758e+04 1.37030922e+01
 -8.89848673e-01 -9.50622602e-02 1.55101814e+00 -3.37769169e-01 5.97063568e+03 1.37034709e+01
 4.38976096e-01 -2.84277499e-01 1.49153420e+00 -6.90544676e-01 4.08864452e+03 1.36979679e+01
 -2.99548674e-01 -8.13928514e-02 -2.25992109e+00 2.49219759e-01 -3.82911385e+04 1.37029954e+01
 -7.35961542e-01 -9.52734405e-03 1.60509368e+00 1.06908832e+00 -8.51390578e+03 1.36909846e+01
 -3.21696278e-01 -3.52432960e-01 1.94366839e+00 -6.30559790e-01 -3.22829404e+04 1.36998045e+01
 7.82900121e-01 -3.05024069e-01 1.08911109e+00 1.15671493e-02 4.39435512e+03 1.36999806e+01
 -2.94320327e-01 3.43088591e-01 -1.29442906e+00 1.30862373e-01 1.69064878e+04 1.36960438e+01
 1.35858093e+00 6.47357948e-01 1.10610612e+00 -1.69085228e-01 1.29583620e+04 1.37009640e+01
 -6.62965764e-01 4.70209614e-01 -1.19758317e-01 1.88421201e-01 1.91723876e+04 1.36942236e+01
 -1.01631066e+00 -7.19968546e-01 -2.73817891e+00 -1.58129653e-01 2.65721482e+04 1.36993616e+01
 -2.46335387e-01 -1.37977213e+00 7.67722744e-02 -1.34412138e-01 1.56977760e+04 1.36942404e+01
 -2.42103762e-01 2.92594132e-01 -1.59565720e-01 1.10647712e-01 4.47749405e+03 1.37100812e+01
 -1.25561539e+00 5.01436018e-01 1.62997676e-02 -1.31521973e-01 -7.50021941e+03 1.36951544e+01
 9.80010599e-01 -1.51264613e-01 2.60938826e+00 -5.69447024e-01 1.85709909e+04 1.36972135e+01
 5.95497549e-01 3.03656668e-01 2.95941327e-01 7.55787078e-02 2.00058898e+04 1.37073315e+01
 6.86909997e-02 2.25171685e-02 4.20664925e-01 2.75913985e-01 2.21485642e+03 1.36977022e+01
 4.98528667e-01 2.71278711e-01 -4.79253115e-01 3.99117804e-01 -7.94053314e+02 1.36922698e+01
 6.14575432e-01 -2.29169649e-01 -2.72907658e-01 -4.24392503e-01 -1.55836874e+04 1.37058624e+01
 2.86661948e-01 -3.74061224e-01 -2.00378826e-01 3.50910981e-01 1.86433984e+04 1.36989035e+01
 -1.69403634e+00 2.20478043e-02 5.14020962e-01 -4.58496759e-01 1.87482713e+04 1.36948458e+01
 7.51231039e-01 -3.50256012e-01 -1.27164769e-01 -7.69589206e-01 -2.11265532e+04 1.36899808e+01
 2.88051357e-01 6.33656681e-01 -5.76036882e-01 -6.50270657e-02 1.37524576e+04 1.37063336e+01
 -1.21669949e+00 -4.27609873e-01 -1.93366223e+00 -3.00989045e-01 -8.33815814e+03 1.37034517e+01
 4.66602667e-01 -7.10319103e-01 2.05616849e+00 6.93220780e-02 2.99716800e+04 1.36995438e+01
 -8.64002244e-01 1.25586374e-01 1.29806597e+00 -5.58673203e-01 -2.14186234e+04 1.37013060e+01
 -1.10650565e+00 2.54122376e-01 -7.47435870e-01 2.60110081e-01 -1.51478946e+04 1.36957202e+01
 1.49505792e+00 2.61451051e-01 -1.02686968e+00 3.47993828e-02 -6.10868963e+03 1.37116718e+01
 4.78299013e-01 5.74147069e-01 1.89472320e+00 -4.76161977e-02 1.78023905e+04 1.37002991e+01
 -1.00808177e-01 1.26925897e-01 -6.20401197e-01 1.46209870e-02 -2.79833674e+04 1.36999012e+01
 1.80324316e-01 5.47267620e-01 -4.84195755e-01 -1.06580922e-02 -2.62186132e+04 1.36920263e+01
 -1.85430686e+00 7.51790367e-01 -1.13220646e-01 6.31295586e-03 2.34165787e+04 1.36893261e+01
 -6.89181426e-01 2.46996732e-02 -8.28002164e-01 7.40122924e-02 -2.40453774e+04 1.37016577e+01
 1.05464268e+00 3.68691744e-01 4.23852653e-01 2.59241359e-01 1.13116827e+03 1.36975864e+01
 1.51183022e+00 -3.06322333e-01 1.41144538e+00 -7.61238652e-02 -1.94567802e+04 1.37012766e+01
 -1.75485373e+00 3.12846629e-01 -1.26278336e+00 8.05080102e-02 1.43247480e+04 1.37002584e+01
 -1.81084261e-01 -4.34372696e-01 -1.01088138e+00 -1.03071531e-01 2.48546304e+04 1.36996052e+01
 2.48984239e-01 6.33183888e-01 1.34549044e+00 5.60516078e-01 1.83330118e+04 1.36978444e+01
 1.10062310e-01 -1.46676903e-01 1.05854005e-01 -9.81098180e-01 6.26712074e+03 1.36983433e+01
 -1.36133596e+00 -2.60856213e-01 1.61174322e+00 -4.16831363e-01 1.86037115e+04 1.36921511e+01
 1.24031531e+00 1.09984254e-01 -7.28487819e-01 2.73764325e-01 -8.14648858e+03 1.37073755e+01
 5.78825435e-01 -5.69183503e-01 -8.55039847e-02 3.22713178e-01 7.61519369e+03 1.37000707e+01
 -1.74358628e+00 1.78796759e-01 -8.94336158e-01 2.72271174e-02 2.04746852e+04 1.36915443e+01
 -3.40756186e-01 1.20728836e+00 -1.00479093e+00 5.47164384e-02 1.14296715e+04 1.36920155e+01
 1.60740306e+00 -4.23319125e-01 7.45126092e-02 -2.77531526e-01 1.61010069e+04 1.36985382e+01
 -8.12989652e-01 1.18393982e-03 -9.05123673e-02 7.86135439e-01 2.00006313e+04 1.36974509e+01
 8.32532228e-02 6.35265489e-02 5.98612420e-01 1.25154598e+00 1.44621452e+03 1.37012495e+01
 -5.59973337e-01 9.30806307e-01 1.38091348e+00 -6.40480555e-02 -1.24996724e+04 1.37113915e+01
 9.94499642e-02 -1.28753745e-01 -1.89751100e+00 6.60301443e-01 4.58382485e+03 1.36957654e+01
 1.04997392e-01 1.23817154e-01 1.28586097e-01 2.63177220e-01 1.83784808e+03 1.37001819e+01
 -8.58027288e-01 -2.32051197e-01 -1.02053404e-01 4.45678734e-01 -1.12205566e+04 1.37070058e+01
 -3.86447062e-01 7.64085181e-02 4.24409944e-01 -6.48965253e-01 -1.87441009e+02 1.36918107e+01
 -9.56312187e-01 2.92975832e-01 1.87075462e-02 5.39434425e-01 1.78992251e+04 1.36955425e+01
 6.64736671e-01 -4.31651580e-01 4.26105590e-01 1.81309841e-01 3.33551347e+04 1.36985585e+01
 6.40300837e-01 -1.27100411e-01 7.05790011e-01 2.86924384e-02 1.15444277e+04 1.37094172e+01
 4.80514795e-01 -3.75643656e-01 2.53494276e+00 -3.15134699e-01 3.31873570e+03 1.36962801e+01
 1.55738882e+00 1.70908471e-02 -8.39570157e-01 4.13800796e-03 1.36850632e+04 1.37131740e+01
 8.72340988e-01 -1.01915952e+00 -5.68161887e-01 5.51490205e-01 1.25259475e+04 1.37059423e+01
 -1.98877361e-01 1.23003702e+00 -1.24424552e+00 -1.90945814e-01 -1.71487820e+03 1.36991350e+01
 -1.67778003e-01 1.13195372e+00 -4.85685214e-01 -1.40924903e-01 -1.29533943e+04 1.37002644e+01
 1.00198193e+00 -2.82001487e-01 2.31394651e-01 -6.20763459e-01 1.29540163e+04 1.36997926e+01
 1.49308388e+00 6.60057850e-01 -3.17186945e+00 -1.01955211e+00 3.02457155e+04 1.37027621e+01
 -4.68344496e-01 8.19813238e-02 1.07611197e+00 -3.06021171e-01 -2.37573315e+04 1.36989680e+01
 9.56180534e-01 -2.75617393e-01 5.74486324e-01 -4.46409268e-01 3.06441927e+04 1.36950423e+01
 3.65070789e-01 6.78907210e-01 -1.37356641e+00 2.15063774e-01 -9.54414046e+03 1.36963986e+01
 -8.89979765e-01 4.95264900e-01 9.10478345e-02 5.09222763e-01 2.69883158e+03 1.37105827e+01
 -6.45253421e-01 -2.30627578e-01 -7.19119100e-01 -8.53375137e-02 -3.28612610e+04 1.36935725e+01
 5.83330042e-02 5.56541950e-01 3.89139374e-01 8.46960526e-01 -1.28916264e+04 1.36944558e+01
 8.31173279e-01 -7.16435596e-01 1.09266362e+00 1.50908538e-01 1.01343466e+04 1.37086004e+01
 2.09000746e+00 -2.55331716e-01 -8.49790958e-01 -2.29672137e-01 -2.20681255e+04 1.37155016e+01
 7.38888405e-01 -9.37456846e-01 -2.93098994e-01 -1.37240073e-01 3.26387952e+04 1.37028104e+01
 2.98341529e-01 -1.50239098e+00 8.51860561e-02 -2.77211322e-01 1.14358922e+04 1.36962261e+01
 1.25631084e+00 2.75677545e-01 -9.87399902e-01 2.71833482e-01 5.52640977e+03 1.37014742e+01
 -6.39119355e-01 1.09188027e+00 -3.78813612e-01 1.70916983e-01 -9.66634277e+03 1.36911672e+01
 -1.09571687e-01 9.25914310e-01 5.04215410e-01 -5.01476666e-01 1.60519998e+03 1.37029689e+01
 -6.68821237e-02 2.54984644e-01 7.05104067e-01 -2.90506215e-01 -5.15464395e+03 1.36964275e+01
 -3.20125711e-01 9.64836492e-01 1.35240697e+00 -6.26601244e-01 1.04122507e+04 1.37080382e+01
 -1.33206551e+00 2.20344517e-01 -7.77236145e-01 1.64915074e-01 8.77744324e+03 1.36986440e+01
 -2.97769492e-01 4.51619815e-01 -1.01678816e-02 -9.00884815e-02 -3.70340657e+04 1.37020173e+01
 -6.75806867e-01 -1.52715509e-01 1.21853717e+00 -4.20674429e-01 1.11059660e+04 1.36969876e+01
 -8.29659623e-01 -5.13968077e-01 7.43005994e-01 2.63183058e-01 4.92906719e+04 1.37005233e+01
 -1.70612059e+00 -2.06034654e-01 -1.10471744e-01 -1.49465779e-01 3.32801262e+04 1.36939455e+01
 -1.49271478e+00 -3.26871457e-01 6.78348811e-01 -3.09979626e-01 -1.21653164e+04 1.37013996e+01
 -2.02113794e-01 1.11761021e-01 -4.00907931e-01 -2.62463973e-01 2.85538379e+04 1.36976754e+01
 -1.04144671e+00 3.90843601e-01 -6.33007760e-01 8.13719462e-01 2.08067080e+04 1.36908343e+01
 2.38114664e-02 1.07449657e-01 2.72759673e-01 -4.07173808e-01 2.36752212e+04 1.36888876e+01
 3.76213473e-01 -1.32458837e-01 1.08695402e+00 -3.71540370e-01 2.36723133e+04 1.36895523e+01
 5.91406146e-01 3.25940402e-01 -1.86847907e+00 -6.17031027e-02 -9.28955880e+03 1.37093511e+01
 9.30720977e-02 2.27584677e-01 2.43108971e-01 -2.99584988e-01 -4.55318987e+04 1.36987670e+01
 -7.94166321e-01 1.10648752e-02 -2.01506990e+00 -5.21212761e-02 -2.82880137e+03 1.37022282e+01
 -6.09430247e-01 2.13725906e-01 -3.63428730e-01 1.48958618e-01 9.96945566e+03 1.37020879e+01
 2.56906692e-01 -9.09644672e-02 4.68493182e-02 5.03588639e-01 -7.11531542e+03 1.36981036e+01
 -8.10908147e-01 -4.64129969e-01 -8.79678385e-04 3.04715072e-01 -1.66546624e+04 1.36935024e+01
 1.57993344e+00 -6.82466359e-01 2.54645088e-01 1.07381515e-01 -4.29330098e+04 1.37027893e+01
 -1.16629672e-01 3.10900879e-01 -3.02636641e-01 -5.87362461e-01 -3.34333129e+04 1.37067348e+01
 -9.23465490e-01 1.08941079e-01 -7.00493918e-02 -1.54847127e-01 -1.14191018e+04 1.36950086e+01
 -1.95785745e+00 6.74792094e-02 -3.35968741e-01 2.73519049e-01 -3.18852610e+04 1.36893816e+01
 -4.08650165e-01 4.38776752e-01 -2.09625972e+00 4.63152892e-01 2.48679200e+03 1.37120547e+01
 1.28221108e-01 -2.92331861e-01 -5.23262024e-01 5.06641304e-01 -1.64911879e+04 1.36916995e+01
 -5.16325726e-01 -4.18180258e-01 -2.16904344e-01 2.58049821e-01 -1.04126643e+04 1.37046929e+01
 5.61322223e-01 -3.50909029e-01 4.80346903e-02 -7.18728809e-01 3.38609475e+04 1.37016802e+01
 -6.72043121e-01 -8.66044179e-01 6.48632903e-01 -3.33446230e-01 -1.72999385e+04 1.36868627e+01
 1.86302265e+00 8.53331812e-01 4.86196935e-01 -1.54158492e-01 2.26731547e+04 1.36992697e+01
 -4.48021287e-01 -4.84484665e-01 -2.06968953e-01 -1.02675153e-01 -1.06496815e+04 1.37019513e+01
 -1.35067135e-01 4.91505365e-01 5.50210250e-01 -1.40190589e-01 -1.96272525e+04 1.36991293e+01
 2.60291773e+00 1.42986310e+00 2.37010728e+00 6.42594617e-01 1.32222229e+04 1.37064892e+01
 -9.35366034e-01 3.80060866e-01 2.07803561e+00 -1.34020953e-01 1.99166378e+04 1.36986235e+01
 -2.61704883e+00 -3.72897965e-01 3.99171700e-01 6.92479318e-01 -1.40221771e+04 1.37031405e+01
 1.12806109e+00 -9.51041412e-01 -8.40004501e-01 -5.63532958e-03 1.66171501e+03 1.37056167e+01
 5.81236401e-02 -2.06209304e-01 3.98517893e-01 2.05051048e-01 2.31591758e+03 1.36907866e+01
 1.66549926e+00 -4.90597015e-01 2.59405724e-02 1.06123758e-01 5.53100874e+03 1.36884547e+01
 9.31300047e-01 -3.78697304e-01 5.22223288e-01 1.34976552e-01 -1.31778304e+04 1.37014079e+01
 1.01293162e+00 -4.49199015e-01 -1.43656998e+00 2.34280233e-02 -1.64956053e+04 1.37027203e+01
 8.84326100e-01 4.65813631e-01 -5.96059363e-02 2.43881330e-01 -2.23248653e+03 1.37020204e+01
 1.02065955e-02 -6.60051400e-01 -9.47102742e-01 -9.98974081e-01 -5.52694374e+03 1.37116067e+01
 1.04286249e+00 -6.03593090e-01 2.00378885e-01 -5.92355002e-02 -6.03741761e+02 1.37028102e+01
 6.33659115e-01 2.32777582e-01 3.13237476e-01 -3.85284394e-02 -2.32890555e+04 1.37011384e+01
 7.78192211e-02 -3.54939846e-01 6.46030435e-01 -1.80612078e-01 -7.33046746e+03 1.36848204e+01
 5.99816304e-01 -1.07270270e+00 1.15725811e+00 4.46897923e-01 -1.84987508e+03 1.37105603e+01
 -1.03693327e+00 4.99921912e-01 1.39535740e+00 -3.60179439e-01 3.68000320e+03 1.36961006e+01
 -7.43197952e-01 3.69308755e-01 -4.35971133e-02 5.14254528e-01 -1.17608764e+04 1.36965551e+01
 -2.64592534e-01 6.68539746e-01 -4.43114825e-01 8.62652530e-01 1.34409497e+04 1.37055029e+01
 3.41039061e-02 -6.55856026e-01 -1.05283967e+00 1.07016500e-01 1.66063155e+04 1.37002820e+01
 1.30098804e-01 -8.28100026e-01 -5.33326951e-01 3.82233626e-01 -3.99890759e+04 1.37045708e+01
 -1.30500310e+00 -1.72841109e-01 -2.08849807e+00 -1.48327094e-01 3.63162571e+04 1.37040064e+01
 -1.78280672e+00 7.61384882e-01 1.80239032e-01 1.44799417e-01 1.01543606e+04 1.36932680e+01
 -1.14226978e+00 -6.03493635e-01 1.70561345e+00 -2.20429857e-01 -3.34504387e+04 1.37024913e+01
 -3.36400462e-01 5.31645204e-01 2.03512288e-01 -4.79836441e-01 4.16637625e+04 1.37019075e+01
 9.95993465e-01 1.19707868e+00 7.19473894e-03 4.16261769e-03 -1.62819090e+04 1.37043481e+01
 1.02346628e+00 2.72418274e-01 2.14810078e+00 5.07348237e-01 8.30001665e+02 1.37124141e+01
 7.99999184e-01 2.40967604e-01 -2.55753327e+00 1.00496933e-01 5.50081296e+03 1.37061281e+01
 2.44181017e-01 -5.22715832e-02 -3.57655828e-01 -1.96106599e-01 1.25102064e+04 1.37017321e+01
 -1.13709712e-01 1.88492668e-01 -4.16078502e-01 4.58080098e-01 -8.21321299e+03 1.37089061e+01
 1.75148620e+00 7.57800502e-01 -1.79887471e-01 6.63092043e-01 -2.00295032e+04 1.37011385e+01
 1.75732509e-01 -1.33874759e+00 -1.75142858e-01 -2.32810915e-01 4.62953369e+03 1.37031174e+01
 -7.64659469e-01 7.36586030e-01 -1.15943268e-01 -6.44171271e-01 3.50690440e+04 1.36898156e+01
 -1.23690666e+00 7.29317927e-01 -1.57640700e-01 -1.55436308e-01 -7.35095957e+03 1.36925269e+01
 3.49534266e-01 -9.00863625e-01 -1.64352690e+00 -1.88752019e-01 -1.51208534e+04 1.36997564e+01
 2.11915523e-01 1.35226786e-01 7.17692680e-02 -4.63699789e-01 3.50029484e+04 1.37023279e+01
 5.26009245e-01 -9.88022651e-01 -1.78191401e-01 -4.24075134e-01 -2.65919729e+04 1.37053477e+01
 -1.18303300e+00 2.51043873e-01 -1.64350457e+00 7.16700964e-01 -1.27394555e+04 1.36953616e+01
 5.16949695e-01 -4.60668554e-01 3.71696066e-01 2.42805010e-01 -1.71937721e+03 1.37060879e+01
 1.08336422e+00 -4.54775764e-01 6.37373272e-01 -1.28964113e-01 -5.03709360e+02 1.37068615e+01
 -1.65044857e-02 2.09586156e-01 -7.05772924e-01 -8.10823441e-02 -1.14112352e+04 1.37023528e+01
 3.61387434e-01 -1.62023024e-02 -4.40430581e-01 -2.77830670e-01 -3.00805471e+04 1.36885360e+01
 2.41308217e-01 -3.40854603e-01 1.22105874e-01 -2.81333526e-01 2.70234557e+04 1.36928418e+01
 -7.93950784e-01 5.64414649e-02 1.58257309e+00 -2.65941996e-01 -4.38156465e+04 1.36951011e+01
 -9.10175828e-01 -6.18494209e-01 -6.82622899e-02 -6.98347539e-01 2.39828877e+04 1.36900164e+01
 -9.95189936e-01 5.10116043e-01 1.97723369e+00 -1.26850057e-01 -2.42876240e+04 1.36951733e+01
 6.35368372e-01 -3.01677425e-01 -5.67113686e-01 -2.05800081e-01 1.65896233e+04 1.36996006e+01
 -1.43598333e+00 1.76200586e-01 5.83111640e-01 -2.17726793e-01 3.27264404e+04 1.36947080e+01
 -9.26860122e-01 8.76555845e-02 -3.18659347e+00 2.87407795e-01 1.10196438e+04 1.36964349e+01
 -1.34972026e+00 4.64229610e-01 -5.42079582e-01 -4.58488426e-01 1.82894281e+03 1.36942934e+01
 -1.34374779e+00 6.29086941e-01 -4.33308591e-01 -3.01966106e-02 -2.55958980e+03 1.36995925e+01
 -6.62605842e-03 3.45963836e-01 -8.42550012e-01 4.44557845e-01 1.59352579e+04 1.36930574e+01
 2.65171691e-01 6.35641618e-01 8.26774123e-01 -3.53868020e-02 2.51294007e+04 1.37005559e+01
 2.03194257e+00 3.55536665e-01 1.58911616e-01 -1.77139850e-03 2.92604885e+04 1.37003358e+01
 -1.69891031e+00 -1.44345611e-01 2.09059771e+00 -3.10404207e-01 1.48577487e+04 1.36951346e+01
 -4.94384173e-01 5.93717890e-01 9.67294020e-01 5.97811829e-01 2.58894338e+04 1.36997144e+01
 8.03299556e-01 -9.74156170e-01 -9.15910266e-02 -4.54521877e-01 -2.02370436e+04 1.37036344e+01
 -5.82760998e-01 -2.85245405e-01 -1.60198357e+00 3.02252802e-01 1.08693594e+04 1.36977878e+01
 9.28180066e-01 -1.33806262e-01 -3.26754084e-01 3.54120900e-01 1.16090611e+04 1.36994243e+01
 -3.50077322e-01 -1.82685232e-01 9.86016925e-01 6.59925185e-01 -7.42859756e+03 1.37008879e+01
 8.88259830e-01 -7.72036981e-01 1.10988403e+00 -4.79101093e-01 3.77456545e+04 1.37070474e+01
 -6.31762323e-01 3.76756731e-01 -6.15929224e-01 3.43170653e-01 -1.11414780e+04 1.36993181e+01
 1.46197665e+00 2.24084456e-01 -2.23929516e+00 8.61060462e-02 -2.89130770e+04 1.36961820e+01
 1.01043430e+00 4.68559037e-01 -4.63216207e-01 -4.12302240e-01 -2.13598195e+04 1.37020880e+01
 -1.60223912e+00 -1.20973047e-01 1.50563485e+00 -6.45791639e-01 -1.58302254e+04 1.36922952e+01
 6.30451994e-01 -7.83332316e-01 1.51951266e-01 -2.13433798e-02 2.65534507e+04 1.37070380e+01
 1.62961010e-01 5.15519107e-03 -1.62825164e-01 -1.71189487e-02 -2.52901294e+04 1.37020736e+01
 8.15868097e-01 -1.99374680e-01 8.92152789e-01 -6.44106679e-01 -1.72656441e+04 1.37083390e+01
 1.53582241e+00 3.89088253e-01 1.30175480e+00 -9.58589683e-01 -3.62434189e+04 1.37031836e+01
 1.31157830e+00 -2.68771406e-01 -1.75209245e+00 -4.05801842e-01 4.85397808e+04 1.37092270e+01
 -2.40563504e+00 -4.00373578e-01 -5.05443113e-01 -1.64528778e-01 -2.25805768e+04 1.37048144e+01
 9.41000766e-01 -6.45820916e-02 3.07285506e-01 2.39264095e-01 1.10222755e+03 1.37060787e+01
 -5.27369978e-01 1.51625279e-01 -5.95436521e-01 9.31465700e-02 -1.22652068e+04 1.36866085e+01
 -2.45523045e+00 -1.12881885e+00 2.91448707e+00 7.16114148e-01 1.47910184e+04 1.36894528e+01
 5.74600295e-01 -4.55800790e-01 2.54518611e-01 1.44557563e-01 7.96113529e+03 1.37039346e+01
 2.13609995e+00 -4.86919092e-01 1.99286604e-01 5.49135476e-01 3.13378311e+04 1.37172703e+01
 3.13674293e-01 3.53090493e-01 1.61801352e+00 -3.90427709e-01 9.05944955e+03 1.37065451e+01
 4.61579266e-01 3.32933214e-01 -7.28979771e-01 -4.64565042e-02 2.21453404e+04 1.37058277e+01
 1.81538310e+00 -3.98506696e-01 1.14130944e-01 -2.04291263e-01 4.62918445e+03 1.37118608e+01
 3.25900901e-01 -3.98534693e-01 2.36615841e-01 2.98516878e-01 -1.26749242e+04 1.37024556e+01
 -5.33090895e-01 -2.06051023e-01 1.02866032e+00 4.07313319e-03 2.30150715e+04 1.36962922e+01
 -3.39757667e-01 4.70048549e-02 -1.07493874e+00 -2.63760210e-01 -2.67910730e+04 1.36916370e+01
 3.29872275e-01 -1.24545760e-01 -1.13361208e-01 -3.33949605e-01 3.92422974e+03 1.36928650e+01
 -5.90853992e-01 -9.63805598e-01 -1.65267717e+00 -6.35944832e-03 -1.79870214e+04 1.36926589e+01
 -8.92925190e-01 -1.43989876e-02 1.22233259e+00 -3.35814545e-01 -7.51256271e+03 1.37068357e+01
 -1.02466134e+00 7.59769632e-02 4.36417558e-01 4.21020850e-02 -2.14113908e+04 1.36928830e+01
 -6.78388376e-01 -5.06716276e-01 1.29022171e+00 -1.59329626e-01 1.86656567e+03 1.36870087e+01
 -3.48509298e-03 -1.39721560e-01 8.19654475e-02 -6.54047224e-01 7.55539837e+03 1.36972818e+01
 1.11318654e-01 -8.09249844e-01 -1.04263800e+00 -3.43193464e-01 8.49258257e+03 1.37054825e+01
 1.55792112e+00 1.71103076e-01 4.66951955e-01 1.60699813e-01 1.26277137e+04 1.37119410e+01
 -7.68909108e-01 6.32623764e-01 9.00647097e-01 4.18478283e-01 9.81031156e+03 1.36881588e+01
 -6.36474715e-02 -5.48815248e-01 -4.19059102e-01 -4.05990876e-01 5.58613867e+04 1.37057457e+01
 2.70705537e-01 -2.20254479e-01 -8.96955098e-01 1.28347297e-01 -2.80359457e+04 1.36939313e+01
 5.64156501e-01 9.95171498e-01 8.96801125e-01 -5.72624008e-01 -2.49819206e+04 1.36905251e+01
 -8.70140699e-02 -3.12106944e-01 1.53105116e+00 3.84936675e-01 2.09078378e+03 1.36923123e+01
 -1.87314244e-01 1.90700017e-02 -2.19247643e-01 2.32391955e-01 1.81629235e+04 1.36965946e+01
 -1.29545095e+00 1.15003626e-01 9.97780013e-01 3.94798437e-01 -1.74442116e+04 1.36902572e+01
 1.09223054e+00 3.45939514e-01 7.90219918e-01 -8.33281805e-01 2.30333850e+03 1.37122189e+01
 8.67128456e-01 2.75501321e-01 5.97190257e-01 6.71057822e-01 -2.49745821e+04 1.36956225e+01
 1.02533633e+00 7.51896458e-01 -2.55644216e-01 5.63868238e-01 1.63073046e+04 1.36994711e+01
 -8.63870585e-01 -3.82791640e-01 -9.61296172e-01 2.19441340e-01 8.07732709e+03 1.36920827e+01
 -3.51797040e-01 -1.00252885e+00 1.90354080e+00 -1.06447808e-01 3.30034718e+03 1.37069685e+01
 4.19674969e-01 5.74233315e-01 7.41700737e-01 9.14336689e-03 2.91904003e+04 1.37003726e+01
 -4.99720243e-01 5.68020901e-02 1.17695500e+00 -9.74392478e-01 -5.42060672e+03 1.37094837e+01
 8.41575243e-01 2.40736483e-02 1.10671065e+00 5.44316101e-01 -4.86263690e+03 1.37056354e+01
 1.51773681e-01 1.01678832e+00 -6.56225761e-01 3.74166867e-01 2.27820670e+04 1.36985938e+01
 7.67477745e-01 6.56555901e-01 5.59281629e-01 1.95938912e-01 -1.02315188e+03 1.36991230e+01
 1.36620776e-01 5.83514033e-01 7.81946903e-02 -1.74355023e-01 3.94587797e+03 1.37013866e+01
 -1.77166677e+00 2.14311928e-01 9.20704577e-01 4.51972265e-01 -3.90198918e+03 1.36928222e+01
 9.12969193e-02 1.33829987e-01 8.08661144e-01 3.96267677e-01 1.93162159e+04 1.36957926e+01
 9.36348389e-01 -1.55124511e-01 -1.49487706e+00 1.30119541e-01 1.27636474e+04 1.36984600e+01
 -7.37295362e-01 2.65355432e-01 -2.09043012e-01 -7.09081646e-01 2.32699653e+03 1.36996399e+01
 -8.47198384e-01 -1.55540165e-01 -1.29653070e-01 -1.20830516e-01 7.51094707e+03 1.36929416e+01
 5.91520565e-01 -9.72838314e-01 7.10618466e-01 2.56716633e-01 1.57010918e+04 1.36953375e+01
 4.90294155e-01 -1.28681696e+00 -2.84060465e-01 -9.39841710e-02 7.13949833e+03 1.36963257e+01
 1.77594285e+00 5.71309437e-01 1.48094548e+00 1.39069546e-01 -1.19325401e+04 1.36991834e+01
 1.32700662e+00 -5.87352526e-02 1.19485924e+00 7.52792491e-01 -5.89875851e+03 1.37069726e+01
 -6.56853521e-01 6.13478347e-01 1.36399754e+00 2.39817645e-01 8.17811314e+03 1.36968294e+01
 4.40403387e-01 3.75629048e-01 -6.59227690e-01 4.24232530e-02 2.47304936e+04 1.37055199e+01
 -6.06594969e-01 -1.08577451e-01 3.92961490e-01 6.45350514e-01 -1.12532779e+04 1.36911490e+01
 -1.00192251e+00 -5.30670848e-01 1.05400009e+00 5.72531213e-02 -1.91355992e+04 1.36905860e+01
 1.73371417e-01 2.75168153e-01 1.79601317e+00 3.77610976e-01 -1.35996929e+03 1.37009034e+01
 1.99087212e-01 1.13070364e-01 2.37551747e-03 -1.36955704e-01 -9.37415890e+03 1.37026241e+01
 -1.27879469e-01 -8.39553571e-02 1.37089858e+00 -6.49852746e-01 -2.24925570e+04 1.36920377e+01
 -8.07646225e-01 2.23595462e-01 -6.90982924e-01 6.26466721e-01 4.34645208e+03 1.36922588e+01
 4.40416284e-01 -6.36324098e-01 -1.33161614e+00 -4.10236797e-01 3.14966570e+04 1.37033629e+01
 -8.41381657e-01 1.89818284e-01 3.50276666e-02 4.09000892e-01 -6.28133293e+03 1.37021789e+01
 -7.96183553e-01 1.21712887e+00 2.33384093e+00 3.39649508e-02 8.61270700e+03 1.37026508e+01
 -1.97819144e+00 -5.69863144e-01 -9.12571081e-01 5.29531455e-02 1.00499340e+04 1.37024738e+01
 -1.26424676e+00 1.13932066e+00 2.82494346e-01 -2.85630216e-01 2.92755220e+04 1.36941849e+01
 -8.32546977e-01 3.73354778e-01 -1.10138119e+00 -2.47902710e-01 -1.04289817e+04 1.37055943e+01
 1.48126186e-01 4.56345212e-02 3.35695816e-01 -4.28158386e-01 1.89405695e+04 1.37081101e+01
 -3.48881625e-01 3.54048260e-01 -1.19021516e+00 5.42889942e-01 4.86865640e+04 1.36989233e+01
 -9.86997696e-01 -2.26555404e-01 -2.27290005e+00 4.98369395e-01 -5.21524635e+04 1.36966767e+01
 -5.79528770e-01 -3.24350854e-01 -4.76696959e-01 -5.16125577e-01 -5.49865530e+03 1.37026063e+01
 7.14903681e-01 -3.77122651e-01 -1.67729339e+00 -1.88472121e-01 -1.63429769e+04 1.37067640e+01
 1.49500731e+00 -4.85433653e-01 -2.02434039e-01 3.21280901e-02 -1.06108999e+04 1.37092810e+01
 1.51798305e+00 4.30629329e-02 6.62051320e-01 8.49166429e-02 -2.85388512e+04 1.37040107e+01
 1.32950787e+00 -3.71753817e-01 2.81423685e-01 5.31368709e-01 -9.94209648e+02 1.37117791e+01
 -1.32308997e-01 1.08765355e-02 -4.60620981e-02 -4.08839950e-01 2.31806642e+03 1.37031299e+01
 1.58701440e-01 7.01150912e-01 1.12285759e+00 -1.51915131e-01 8.00797934e+03 1.37022123e+01
 -5.27581557e-01 -4.61831155e-01 -1.00162983e+00 1.20170043e-01 1.48836756e+04 1.36960419e+01
 -7.46150965e-01 -6.06545992e-01 2.97800384e-01 -1.00567408e+00 -2.17541872e+04 1.37024859e+01
 -3.97933974e-01 -9.63289688e-01 6.08332102e-01 -3.77983989e-01 -2.07518093e+03 1.37014056e+01
 1.88830663e+00 -3.22014376e-01 2.61102012e+00 -3.39719800e-01 2.87551987e+03 1.37077346e+01
 1.86102386e+00 8.10639122e-01 4.11746320e-01 -9.52025622e-02 -1.96456328e+04 1.37003272e+01
 1.87427222e+00 1.43764375e-01 1.13546217e-01 3.49148487e-01 1.07436719e+04 1.37028730e+01
 -1.87727003e-01 2.15950841e-01 2.13287403e-01 1.45543764e-01 -2.34355954e+03 1.36871399e+01
 -1.58097280e-01 -4.18067271e-01 -1.97349902e-01 1.24720360e+00 -7.04727373e+03 1.37025295e+01
 -1.11339833e+00 -9.13930790e-01 6.58408085e-01 3.98003440e-02 2.46791389e+03 1.36913115e+01
 -1.23438500e+00 -4.06259290e-01 5.06143214e-01 -3.94658961e-01 -4.60608631e+03 1.37042551e+01
 7.71947273e-01 -6.53105194e-01 2.78291239e+00 -7.02463383e-02 1.74589533e+04 1.37055521e+01
 1.41626567e+00 -1.25626412e-01 -8.90325240e-01 5.22501914e-01 2.10572874e+03 1.37022181e+01
 -7.81258031e-01 3.16384933e-01 3.25814877e-03 -2.74962669e-01 8.26011096e+03 1.37040286e+01
 -7.02742860e-01 -8.07170060e-01 -4.57849804e-01 -3.11475843e-03 -3.09852782e+02 1.37082663e+01
 3.47982267e-01 -6.09187704e-01 1.42514370e+00 6.92550385e-01 1.15164621e+03 1.37021868e+01
 -4.01404065e-01 4.51655999e-01 -4.56036091e+00 -3.44525670e-01 6.43305929e+03 1.36922245e+01
 4.92822672e-01 7.00314687e-01 -6.18402897e-01 -2.26899907e-01 2.12969264e+04 1.37068166e+01
 -2.63889128e+00 -4.03982266e-01 -1.92913386e+00 2.04268548e-01 1.92677819e+04 1.36906251e+01
 1.29815162e+00 -1.24854246e+00 5.15581070e-01 -1.06297310e+00 -1.97375793e+04 1.37021657e+01
 -2.35130684e+00 -2.49465113e-01 1.40922391e+00 -2.73386739e-01 1.89787356e+04 1.36982333e+01
 -6.50710498e-02 -7.14378860e-01 1.67609146e+00 -2.73692738e-01 -1.73886350e+04 1.36942034e+01
 3.33730324e-01 -7.58540467e-01 -5.12941656e-01 3.19987197e-01 2.26712040e+04 1.37033139e+01
 -1.28077627e+00 -1.74591579e-01 -1.88476095e+00 1.24060801e-01 -2.47514778e+04 1.36927705e+01
 -8.69391645e-01 -6.45477348e-01 -9.19290232e-02 4.13220129e-01 -2.38291956e+04 1.37037790e+01
 -5.65660207e-01 -1.16352190e-02 -8.69498919e-01 -3.52698280e-01 -1.65681362e+04 1.36947734e+01
 1.03339219e+00 -2.17419775e-01 1.44217986e-02 5.67366087e-01 4.31557026e+03 1.36955645e+01
 1.04774939e+00 3.47633114e-01 2.47733301e+00 -6.17320707e-01 2.52283630e+04 1.37091496e+01
 2.22795136e+00 -3.97910256e-01 -9.51466487e-01 3.12036356e-01 1.12021882e+04 1.37016185e+01
 -8.78056537e-02 -1.40469564e-01 1.79901802e+00 -2.17378233e-01 1.13935891e+04 1.37030311e+01
 5.23898968e-01 2.77223475e-01 -9.01129878e-01 1.69848876e-01 -1.84271090e+03 1.37013713e+01
 -3.62813518e-01 -4.17130757e-02 1.09168360e+00 2.58366721e-02 2.42319784e+04 1.36971474e+01
 2.96993206e+00 -2.69537482e-01 -1.14429306e+00 -5.18452598e-01 -4.51218588e+03 1.37028688e+01
 -3.42458615e-02 1.05726319e+00 1.46928292e-01 -8.59046845e-01 1.16953785e+04 1.37057671e+01
 -2.69098551e-01 1.44016191e+00 4.18220258e-03 -5.04209150e-02 2.16157960e+04 1.36958463e+01
 -4.51067352e-01 -5.17183641e-01 -7.44038295e-01 -2.28933287e-01 1.00147344e+04 1.36981789e+01
 -7.72812677e-02 2.02803231e-01 1.89703413e+00 2.82477019e-01 -1.50176917e+04 1.37045730e+01
 -1.04810240e+00 2.26947464e-01 -8.41211515e-01 3.16684192e-01 4.19010809e+03 1.36947579e+01
 3.08067240e-01 3.33825196e-01 2.18231590e-01 2.21811297e-01 -1.73388087e+04 1.37197793e+01
 -1.50821264e+00 -1.20405796e-01 1.47913289e+00 -8.08757642e-01 -1.38742087e+04 1.36956978e+01
 1.46256072e+00 3.14041630e-02 -1.25406270e+00 2.84291325e-01 9.54162159e+03 1.37131729e+01
 2.46368475e+00 3.24289415e-01 9.86749035e-01 -4.12286784e-01 1.86252804e+04 1.37019873e+01
 8.11226739e-01 5.19533996e-01 -1.00246654e+00 6.72464358e-02 -4.83116068e+02 1.37012310e+01
 -3.77923404e-01 1.88956547e-01 7.62858512e-02 -4.63251958e-01 -4.58490239e+03 1.36983967e+01
 5.16677682e-01 1.99902232e-01 -1.19851498e-01 1.90958078e-01 -1.57865938e+04 1.37116488e+01
 1.60124810e+00 5.86264817e-01 -1.61923898e+00 -2.31145565e-01 -2.45114901e+04 1.37101536e+01
 1.51984286e+00 5.41165478e-02 1.81461852e+00 1.97127722e-01 1.23602686e+04 1.37114415e+01
 -1.37208965e+00 4.66122340e-02 5.86122393e-01 1.56109176e-02 -3.17747945e+04 1.36926039e+01
 -1.89340502e+00 -3.98275458e-01 6.11534370e-01 -2.24029747e-02 -6.70370044e+03 1.36945257e+01
 1.89216120e+00 4.29747874e-01 -2.47990826e+00 -6.00175629e-02 -9.13866765e+03 1.37078995e+01
 7.60494281e-03 3.69750949e-01 6.72533079e-01 -5.41747155e-01 1.16934664e+04 1.37015452e+01
 3.10371755e-02 7.47697162e-01 9.51209591e-01 2.79556098e-01 -1.74901767e+04 1.36940554e+01
 7.63656501e-01 1.59209723e-01 3.30948461e+00 -2.61694907e-01 3.07149471e+03 1.37058654e+01
 -8.77499082e-01 -1.43017215e-01 7.58578735e-01 2.30207700e-01 -2.42937503e+04 1.36988400e+01
 1.09908302e+00 5.26464562e-01 -4.75949189e-01 4.06714305e-01 -2.47556456e+03 1.37013527e+01
 1.24709773e+00 -6.27383463e-03 -1.73264470e-01 9.88956689e-01 -1.92932650e+04 1.37125093e+01
 -2.84716898e-01 -4.48334112e-01 -9.38176306e-01 -8.95893201e-02 -2.02481374e+04 1.36986010e+01
 -7.27940166e-01 -2.22496495e-01 -9.24603208e-01 -3.68093106e-01 1.75527211e+04 1.37028915e+01
 4.77771602e-01 -5.34754274e-01 -9.28406742e-01 6.88755977e-01 -4.05705051e+03 1.36959817e+01
 -3.86065854e-01 5.41366415e-01 4.06178618e-01 6.73711592e-01 -5.61387774e+03 1.36941638e+01
 -1.73206769e+00 3.06912725e-01 -7.61468992e-01 -4.80871826e-03 2.03967196e+04 1.36900911e+01
 -6.80821125e-01 -7.30567966e-01 -1.35673016e+00 5.47071663e-01 -6.14777274e+03 1.36888167e+01
 1.03182991e+00 3.40258645e-01 -1.66068211e-01 -3.03488512e-01 -2.89149957e+04 1.37043668e+01
 1.75078824e+00 4.52710586e-01 -3.41877909e+00 4.21315004e-02 -1.67810749e+04 1.37015773e+01
 -2.60532053e-01 -6.71903824e-02 -2.48172850e-02 1.17196828e-01 -5.09150627e+03 1.37112171e+01
 -5.64211709e-01 4.26373139e-01 -1.73420483e-01 7.26056895e-02 8.77441311e+03 1.37035485e+01
 -3.42079123e-02 -1.95330075e-01 8.01654790e-01 -4.26597670e-02 -6.51376682e+03 1.37044028e+01
 -5.95507937e-01 1.09123707e+00 -3.73743600e-01 -6.37161857e-02 -1.33048055e+04 1.36985582e+01
 1.05880923e+00 8.10943091e-01 6.36241308e-01 4.63907695e-01 -1.95834225e+04 1.37040288e+01
 1.82800661e-01 -4.85662383e-02 -1.09619510e+00 -5.63486868e-01 1.56805463e+04 1.36974918e+01
 1.10253253e+00 1.99360727e-01 6.16688158e-01 -8.03351038e-01 1.50572833e+04 1.36967460e+01
 1.21801555e+00 1.58196560e-01 -9.81958398e-01 2.47087130e-02 -2.61563686e+04 1.37061980e+01
 -5.11460241e-01 -2.68413164e-01 2.16747759e+00 -4.01177069e-01 -1.21436829e+04 1.36891642e+01
 2.40341895e-02 6.99534969e-02 2.97539348e+00 -5.21251807e-01 -1.97556951e+04 1.36985360e+01
 1.89249652e+00 -4.27271832e-01 8.41844336e-01 -5.94478859e-01 -4.28040226e+04 1.37066322e+01
 -1.08411980e-01 4.93629425e-01 1.15746368e+00 4.25946473e-01 -3.14615343e+04 1.36969791e+01
 1.23508022e+00 -4.69295220e-01 -4.03975769e-02 -7.35123187e-02 -2.44268983e+03 1.36923054e+01
 7.22569883e-03 -1.33194059e-01 1.43167651e+00 8.92329756e-02 -1.51924167e+04 1.37082575e+01
 -1.75057470e+00 1.07709370e+00 2.59117688e-01 -3.48163516e-01 -2.60068223e+04 1.36967585e+01
 1.69347093e+00 -9.55569302e-02 -1.96165941e+00 -4.73663463e-01 4.60481101e+03 1.37066152e+01
 5.72392333e-01 -3.46711910e-01 -1.01023595e+00 5.43678144e-01 9.43078923e+03 1.37060511e+01
 1.54250427e+00 -5.07630335e-01 2.37152334e+00 8.38213769e-03 2.68608393e+03 1.37026524e+01
 -1.17839202e+00 -7.13630255e-01 -2.40532400e+00 5.33610819e-01 -1.03840377e+04 1.36969970e+01
 1.69933533e+00 5.01596596e-01 -4.61586158e-01 2.30697823e-02 6.87520018e+03 1.37060105e+01
 -1.56735417e+00 -8.63814819e-01 -2.78967759e-01 4.14941723e-01 7.43134019e+02 1.37075078e+01
 1.42466473e+00 5.47612597e-01 7.34514031e-01 -6.70807233e-01 3.57284137e+04 1.37073723e+01
 7.45974800e-01 2.15841739e-02 -6.50428740e-02 -1.00097122e+00 -1.02402245e+04 1.37058122e+01
 -1.03164163e+00 -7.07581452e-01 -7.11592850e-01 -3.17420971e-01 -9.79475873e+03 1.36971931e+01
 1.40562903e+00 -1.74682089e-02 -1.60646088e+00 -8.78483470e-02 1.35963638e+04 1.37021570e+01
 -2.66309094e-01 2.07938578e-01 -1.64106821e-01 3.82711461e-02 -2.92573518e+04 1.36932407e+01
 2.54372146e-01 -5.81941406e-01 -3.87252370e-01 -6.30736161e-01 9.54409691e+03 1.36883062e+01
 -1.59683519e+00 8.04818661e-01 1.59484201e+00 6.41198706e-01 4.54630562e+03 1.37070302e+01
 1.12445275e+00 2.80465017e-01 1.49381375e+00 3.00569816e-01 2.44985902e+04 1.37066973e+01
 -3.20223576e-01 -7.03963394e-02 -5.65702234e-01 5.88713284e-01 3.76654230e+03 1.37015442e+01
 -2.82735208e-01 4.50571957e-01 -4.67422029e-01 4.72967239e-02 2.38858016e+04 1.36950161e+01
 -1.10919286e-01 8.77268444e-01 2.63473303e+00 2.02507176e-01 -5.24896253e+03 1.36950096e+01
 5.43243587e-01 4.43173418e-02 -1.54696486e+00 -1.57830021e-02 -4.14339841e+03 1.36977786e+01
 2.23546146e-01 -2.56463128e-01 -1.52297951e+00 -2.49503564e-01 4.23214791e+03 1.37019531e+01
 8.83736010e-01 -1.84445715e-01 7.20676301e-01 6.63787594e-01 2.01630298e+04 1.37062587e+01
 1.40929764e+00 2.97210515e-01 -3.14262526e-01 5.48808408e-01 3.67568606e+04 1.37055579e+01
 -1.07401467e+00 8.94067892e-01 -9.88678430e-01 1.50275634e-01 8.34330863e+03 1.36941149e+01
 7.25204633e-01 8.50132893e-01 -1.00291814e+00 3.27727104e-01 -2.47255243e+04 1.37036559e+01
 1.12178889e+00 4.68614673e-02 -1.84660065e+00 2.58890780e-01 -7.20975659e+03 1.37006159e+01
 -1.47791862e+00 -1.15734614e-01 9.08519130e-01 -2.68530368e-01 1.92295360e+04 1.36900270e+01
 2.28482435e-01 -6.70605716e-02 9.34470112e-01 -1.97173091e-01 1.49905450e+03 1.37078729e+01
 -6.90953849e-01 -1.70979882e-01 1.44593276e-01 4.30300600e-01 1.47955791e+04 1.37046421e+01
 -1.88072190e+00 4.88324662e-01 2.10287215e+00 -4.38878487e-02 -1.47736412e+04 1.36936886e+01
 9.76939702e-01 -7.34288064e-01 -9.82181579e-02 -4.38120123e-01 -1.67263527e+04 1.37057384e+01
 -9.79737952e-02 8.09551089e-01 -1.53163023e+00 5.83749921e-01 -2.22227914e+04 1.37046776e+01
 3.77066263e-01 -9.98722408e-01 2.83768677e-02 4.43591799e-01 -7.42995339e+03 1.37073157e+01
 -1.36013651e+00 6.26296048e-01 6.12474154e-02 -2.17188743e-01 -1.99280368e+04 1.36952820e+01
 -9.29266307e-03 -1.11487219e-01 -2.31513989e+00 -6.02849649e-01 -1.60399120e+03 1.36972019e+01
 -1.63051158e+00 -3.28324066e-01 2.10961252e+00 6.23378392e-01 -2.22204405e+04 1.36972377e+01
 -1.31663962e+00 9.71439913e-01 1.25777462e+00 2.41040956e-01 8.39167207e+03 1.36926855e+01
 -2.98557209e-01 1.07032445e+00 7.85337606e-01 -8.62031706e-02 -2.40358572e+04 1.37079123e+01
 1.46444764e-02 -4.04412007e-01 4.33377256e-01 4.45313061e-01 3.68104449e+04 1.36900456e+01
 2.88242229e-01 2.16410410e-01 1.40302367e+00 -3.41908737e-01 2.25122644e+03 1.37003739e+01
 -4.73715164e-01 -4.77081489e-01 5.14659023e-01 -9.39193661e-02 -2.30869170e+04 1.37017112e+01
 9.66059357e-01 1.93286450e-02 -1.35970787e-01 5.53976176e-01 1.05708993e+04 1.37041408e+01
 -5.22429440e-01 2.46670935e-01 -1.51938804e+00 -2.28743167e-01 -1.21866496e+04 1.37003373e+01
 9.12094802e-01 6.05775703e-01 -2.01354870e+00 6.54288650e-01 9.22845727e+03 1.36988361e+01
 -5.70927906e-01 -1.53940209e-01 -1.37542657e+00 3.24111865e-01 -1.47187605e+04 1.37093656e+01
 -4.27076060e-02 8.33651142e-01 -5.20795666e-01 3.10466118e-01 2.29984363e+04 1.36969352e+01
 -1.12106156e+00 -2.49510260e-02 -1.27105198e+00 1.55814148e-01 2.12546756e+03 1.36958286e+01
 -1.38366129e+00 -4.95597415e-01 -9.28033144e-01 -4.60007061e-02 1.85197038e+04 1.36999919e+01
 -4.82651690e-01 -2.21772847e-02 8.38687910e-01 -1.77363328e-01 2.19899751e+03 1.36973016e+01
 -1.20380010e-01 -2.40673579e-01 1.06186232e+00 -5.31941480e-01 -7.18606799e+03 1.36948074e+01
 2.28726541e+00 6.53335666e-01 -5.95255679e-01 2.91020043e-01 1.34354911e+04 1.37088166e+01
 -6.43865744e-01 1.86396055e-01 1.25329355e+00 -7.40985671e-01 -1.68327672e+04 1.36955322e+01
 5.61059564e-01 6.42927609e-02 -1.08119851e+00 5.33779321e-01 7.18716086e+03 1.36934061e+01
 -8.65831308e-01 6.20851216e-01 1.00587235e+00 -7.07356252e-03 -3.29631099e+03 1.37037780e+01
 1.00753373e-01 2.53297357e-01 -1.36537413e-02 -9.32802126e-02 -1.23747996e+04 1.36958375e+01
 3.10636252e-01 -2.57729688e-01 -1.31236291e+00 -3.96193510e-01 -2.43971058e+04 1.37077834e+01
 -1.65608553e-01 -9.10701032e-01 -2.65314004e-01 3.77196472e-01 -1.31357172e+04 1.37071283e+01
 -2.70018671e-01 6.88693845e-01 4.15892696e-01 -7.93706353e-01 -8.28316337e+02 1.36971495e+01
 -8.62473013e-01 8.01446373e-01 1.09823908e+00 -2.39833728e-01 -2.37149402e+04 1.37022083e+01
 1.82187166e-01 3.51762519e-01 1.02434235e+00 -8.03576721e-02 1.26736744e+04 1.37111811e+01
 1.16385240e+00 2.88817804e-01 -9.10369743e-01 -6.10414996e-01 -3.13414420e+04 1.37011269e+01
 -5.01023835e-01 -2.46712689e-01 -3.84794259e-01 4.68983672e-01 -1.36960250e+04 1.36889590e+01
 -1.12497628e+00 -2.46256033e-01 1.11139402e+00 -1.66436994e-01 -3.79783672e+04 1.36989168e+01
 -1.83116173e-01 -2.71592114e-02 -1.93124183e+00 -6.41735189e-01 -1.22451581e+04 1.37025963e+01
 2.28091977e+00 -1.44304635e-01 -1.26886430e-01 4.79762114e-02 1.78159134e+04 1.37081565e+01
 9.54944767e-02 -1.02409466e-01 1.02047049e+00 -2.62757876e-01 -1.73838842e+04 1.37036796e+01
 1.17957723e+00 -1.21042802e+00 2.54717013e+00 2.82066181e-01 -2.50893574e+04 1.37095740e+01
 -9.28327958e-01 4.26336995e-01 -4.04113924e-01 8.25904852e-01 -2.01498839e+04 1.37058513e+01
 -1.60324601e-01 6.33449978e-01 -2.39462338e+00 -1.62454437e-01 4.12174931e+03 1.37080788e+01
 9.91540277e-01 -3.26559272e-01 -1.68656773e+00 -9.21316221e-02 3.51666939e+04 1.37008844e+01
 1.45793345e+00 2.62279289e-01 -1.06959149e+00 -7.20419976e-01 2.55860642e+04 1.37101833e+01
 3.72781861e-01 9.74981494e-02 -1.15836563e+00 -6.79860422e-02 -2.82368316e+04 1.37001154e+01
 -1.15038879e-01 1.12677257e+00 1.18053186e+00 3.07613416e-01 -5.79841603e+03 1.36978584e+01
 9.17837968e-02 1.97713343e-01 1.02146447e+00 -3.60587993e-01 -2.38395740e+03 1.37017607e+01
 2.05867183e+00 2.34447538e-01 -1.32246332e-01 -1.45182624e-01 -5.95327026e+03 1.37021027e+01
 3.79001368e-01 -5.23011081e-02 6.89666008e-01 7.09788766e-01 -3.77054219e+03 1.37046268e+01
 -9.28145328e-01 3.64620862e-02 -6.19160514e-01 -8.36859010e-01 -1.20668935e+04 1.37011436e+01
 2.63833348e-01 8.13190891e-02 -5.03374177e-01 -3.61678606e-01 5.55017806e+04 1.36940410e+01
 9.28169882e-01 4.48763022e-02 -1.11810186e+00 3.58046978e-01 -3.15396160e+04 1.37100677e+01
 1.45644250e+00 -1.11565257e-01 -4.04073533e-02 1.61293565e-01 1.83199482e+04 1.37019112e+01
 9.49116322e-01 6.11916373e-02 -2.51523021e+00 -5.47429450e-02 -2.76994050e+04 1.37128336e+01
 1.53003345e+00 7.85759443e-01 -5.33436528e-01 2.28186871e-01 1.03074443e+04 1.37131073e+01
 -1.93622292e-01 2.43846501e-02 8.77607187e-01 -6.28572942e-01 9.84904904e+03 1.36963537e+01
 -2.21954511e+00 -1.56550082e-01 -1.67897267e+00 -3.63306684e-01 -2.39648425e+04 1.36926404e+01
 -9.32569412e-01 -3.09575375e-01 8.03223809e-01 -1.86672051e-01 -8.10518830e+03 1.36971975e+01
 4.24706941e+00 -2.95775900e-01 1.32403868e+00 -2.04147428e-02 6.79501229e+03 1.37108924e+01
 -1.07266213e+00 -1.57640232e-01 5.16713490e-01 -5.98286929e-01 1.05127043e+04 1.36892458e+01
 3.34844366e-02 3.09428314e-01 -1.15851072e+00 -5.15860797e-01 -2.11616954e+03 1.37017493e+01
 8.19652238e-01 -4.64924320e-01 -1.66536661e+00 -7.06450844e-01 -1.16329457e+04 1.37085883e+01
 2.49858936e+00 -6.34673328e-01 2.33201915e+00 -5.46194519e-03 2.73734501e+04 1.36973690e+01
 -1.50926979e-01 -1.90180742e-01 7.66853644e-01 1.16986290e-01 -4.70547318e+03 1.36988773e+01
 6.68939344e-01 3.26722861e-02 -3.63560001e+00 2.38414509e-01 -9.69588267e+03 1.37078645e+01
 3.18260729e-02 -1.65065124e-01 -1.13554951e+00 2.39193314e-01 3.63389824e+03 1.37132724e+01
 -1.11188282e+00 7.94184256e-01 1.02705978e+00 5.33086636e-02 -2.57642821e+04 1.36995216e+01
 5.12590488e-02 -1.20861384e-01 3.91685749e-02 -3.45975228e-01 -2.52854086e+04 1.37059296e+01
 -5.19012054e-01 -7.52210167e-02 4.62140573e-01 1.92242287e-01 1.81675200e+04 1.36948720e+01
 -1.61682079e+00 4.26340867e-02 -6.28348476e-01 2.15876022e-01 -1.77924766e+04 1.36974081e+01
 4.70372070e-01 -4.74154601e-01 1.75891465e+00 -5.13762975e-01 -8.80492882e+03 1.36943392e+01
 1.56553582e-01 1.95290240e-01 6.13056735e-02 6.19821444e-01 2.10436664e+02 1.37020427e+01
 -1.28815323e+00 -1.77743067e-01 2.99021236e-01 -5.38867402e-01 1.87091616e+04 1.36927439e+01
 -2.31553098e+00 2.60877828e-01 1.27433086e+00 5.20334458e-01 -3.69301553e+04 1.36967273e+01
 1.37853665e+00 -2.34548353e-01 1.30365789e+00 7.42616851e-02 -2.55243559e+04 1.37036365e+01
 -8.55073343e-01 -1.84034182e-01 5.14509803e-01 7.67574118e-02 -1.00992460e+03 1.36939266e+01
 2.76545392e-01 1.09166536e+00 -5.29019322e-01 2.32243107e-01 -4.43787549e+03 1.36995120e+01
 -1.35937759e+00 3.57396695e-01 1.35402474e+00 4.12567875e-01 -1.00210002e+04 1.37042051e+01
 8.45843739e-01 7.09494932e-01 -1.78853214e+00 7.45990362e-01 -2.38007436e+04 1.36990552e+01
 -2.64864340e-01 3.64550366e-01 -1.89320423e+00 -5.19805618e-01 -3.87903524e+03 1.36980558e+01
 -7.74755767e-01 5.68689742e-01 5.98453568e-01 -9.61231772e-02 1.01087830e+03 1.37113264e+01
 -3.38531463e-01 -2.02928194e-01 2.08730249e-02 3.58163851e-01 7.59603111e+03 1.36998663e+01
 -9.46891614e-01 -3.69844825e-01 6.75167404e-01 -3.20116421e-01 -4.19829492e+04 1.37041395e+01
 6.04244230e-01 5.30474898e-01 -1.64335684e+00 -1.29178492e+00 7.00855328e+03 1.37037301e+01
 -7.75567095e-01 2.39662500e-01 -9.38465957e-01 -5.01026637e-01 8.57312615e+02 1.37007550e+01
 -3.75997007e-02 -1.93083102e-01 1.84241198e+00 -1.86224339e-01 -1.57500605e+04 1.36977222e+01
 -8.31138960e-01 -1.95214754e-01 -2.48573132e+00 -1.50282029e-01 -9.16954794e+03 1.36959337e+01
 4.78398004e-01 -3.05051955e-01 1.73590013e+00 7.67907482e-01 -1.16455711e+04 1.37000194e+01
 4.10806824e-01 2.48594050e-01 1.12057486e+00 -3.11814440e-01 -3.66947922e+03 1.37023017e+01
 -2.44467326e-01 8.55601428e-01 2.15533411e-01 -3.79577827e-02 2.74262066e+04 1.36842721e+01
 -2.04560908e+00 -3.64861133e-01 6.01587791e-01 3.19020061e-01 -1.48213898e+04 1.37057359e+01
 -4.75801676e-01 -8.08113461e-01 -6.31773801e-01 5.37120166e-01 -7.18567611e+03 1.36986549e+01
 1.21753015e+00 -5.68103791e-02 7.66758237e-01 2.27978311e-01 5.13300421e+04 1.37148062e+01
 6.25722858e-01 5.98139935e-01 -1.55101716e+00 -2.36205717e-01 -6.62659925e+03 1.37072051e+01
 -1.63998963e-01 9.66074313e-01 -1.48587791e+00 1.34637228e-01 9.79512695e+03 1.36988993e+01
 -4.59736045e-01 -6.77614364e-01 1.10353686e+00 3.17959234e-01 1.02315955e+04 1.36912059e+01
 -7.54202681e-01 2.74256607e-01 -9.80961166e-01 -4.16469769e-01 2.33747544e+04 1.36916974e+01
 2.65213784e-01 -1.81867128e-01 -1.18956270e+00 3.67356397e-01 -1.03879895e+04 1.36963853e+01
 1.03566143e+00 -2.05123395e-01 -6.84372982e-01 -4.99288470e-01 1.75864005e+04 1.37014696e+01
 -1.73862988e-01 3.58253898e-01 -6.53000706e-01 2.94385924e-01 -1.08997594e+04 1.37043702e+01
 -3.44592708e-01 -2.37285439e-01 -7.97327216e-01 -1.39915084e-01 1.38527168e+04 1.37040018e+01
 -2.53282166e+00 -1.47180374e-01 -8.94206955e-01 -3.47483478e-01 1.82614513e+04 1.36952705e+01
 -2.06887082e+00 6.24802438e-01 2.21708353e-01 3.59045117e-01 -9.01469450e+02 1.36906177e+01
 -1.34189159e+00 -2.47075663e-02 -4.11333388e-01 -4.08155550e-01 5.84868967e+04 1.36831956e+01
 8.50530423e-01 1.59665696e-01 -7.33475231e-01 -4.82383431e-02 -5.82272053e+03 1.37085633e+01
 -1.13697056e+00 -1.02221623e+00 -5.02777933e-01 -8.02057684e-04 7.67683625e+03 1.37078586e+01
 -2.33340057e-01 -3.54387900e-01 6.09413284e-01 3.17729326e-01 2.94861548e+03 1.36956126e+01
 1.16007870e+00 1.56989234e-01 -1.13279020e+00 -6.01515828e-01 -2.86077182e+04 1.36914508e+01
 -6.34228930e-01 -1.69271281e-01 -2.40360952e-01 -1.60962415e-01 -2.98825970e+03 1.36936266e+01
 -4.39368018e-01 1.04175949e-01 2.29566302e+00 -2.15840749e-01 1.67093586e+04 1.37027643e+01
 -4.63397888e-01 4.72156247e-01 -3.87815828e-01 -3.24202925e-01 -3.67292551e+03 1.37060059e+01
 -5.45366355e-01 4.60823441e-01 9.78924421e-01 2.74616468e-01 -6.99061322e+03 1.36875002e+01
 -1.29418296e-01 6.50804350e-02 -2.20480674e+00 -2.26401065e-01 4.59116125e+04 1.36981663e+01
 -1.32305594e+00 -3.77145333e-01 -1.04985820e-01 6.74824868e-02 -1.32245754e+04 1.36917324e+01
 -4.69180675e-01 8.02402790e-01 -9.87085761e-01 6.44323824e-01 -1.60772406e+04 1.36994439e+01
 -2.07517082e+00 3.79715131e-01 2.28676181e+00 -2.53389290e-01 -2.10672695e+04 1.36988036e+01
 -1.17897079e+00 -5.31635145e-01 -2.32706648e+00 -2.93500793e-01 1.88326769e+04 1.37067481e+01
 -3.80769936e-01 -2.60118581e-01 3.60742851e-01 -5.17860363e-01 -2.05652464e+03 1.36964978e+01
 -1.43361542e+00 -8.24214743e-01 -1.83863472e-01 -2.99494257e-01 6.33317773e+03 1.36942772e+01
 4.56069535e-01 -2.33477012e-01 -1.53458930e+00 -1.56486286e-01 -2.80677194e+04 1.37022866e+01
 -4.06201690e-01 -7.62698637e-01 -1.93409868e+00 -3.21571276e-01 -1.12976943e+04 1.37014424e+01
 -1.97529978e-01 2.88308230e-01 7.75814266e-01 -7.84502573e-01 -2.61934297e+04 1.36977010e+01
 -4.85993514e-01 2.63354430e-02 6.15558357e-01 -3.85745403e-01 -2.36416767e+04 1.37018019e+01
 1.01608133e+00 -6.66753355e-01 -3.95821905e-01 -2.37883183e-01 2.88190320e+04 1.36995914e+01
 5.03205243e-01 1.67943413e-01 1.69569572e+00 -2.13732568e-01 -1.12187356e+04 1.37024330e+01
 -7.04057728e-01 -1.19971499e+00 -7.83053146e-01 1.23860272e-01 -5.93967335e+03 1.36896833e+01
 1.59309423e+00 -5.00807057e-01 1.74337273e-01 -9.56639236e-01 -7.12158978e+03 1.37114240e+01
 -1.21939314e+00 -2.82277363e-01 7.79684487e-02 2.00191977e-01 -4.09743777e+04 1.36980866e+01
 4.52151589e-01 2.87243256e-02 1.69534736e+00 -6.60860794e-01 -7.79427740e+03 1.37040863e+01
 1.32351058e+00 3.60039458e-01 2.54150498e-01 -3.04103773e-01 -4.86885327e+02 1.37157405e+01
 -4.38449702e-01 -2.45262567e-01 3.87031677e-01 4.83278319e-01 2.33951497e+04 1.36981111e+01
 1.07026106e+00 4.01686968e-01 -3.40305258e-01 -5.30236975e-01 -1.96087057e+03 1.36963409e+01
 4.72417309e-01 -1.22269492e-01 -4.17392311e-01 -1.43468345e-01 -2.01861362e+03 1.37003724e+01
 -1.49422393e-01 3.23903649e-01 -1.95049495e+00 -3.26761610e-01 8.96215125e+02 1.37047999e+01
 1.21179810e-01 8.12211765e-01 -5.36797009e-01 8.28005465e-02 1.01910408e+04 1.36879073e+01
 -5.20686915e-01 -7.78407814e-01 6.43607381e-01 -1.20946159e-01 -5.25416462e+03 1.37041047e+01
 -3.87276739e-01 7.16851874e-01 1.24951642e+00 2.08291351e-01 1.62587360e+04 1.36875389e+01
 -7.97324894e-01 9.40790117e-01 -1.15321078e+00 -1.70379582e-01 -1.17625276e+04 1.36945379e+01
 2.83478944e+00 2.09354840e-01 3.74488765e-01 1.79118797e-01 -1.44729508e+04 1.37062010e+01
 1.94618976e-01 -3.55927806e-01 -5.91021660e-01 2.48002094e-01 -1.52985127e+04 1.36930716e+01
 1.71642119e+00 7.77959428e-01 -7.17156121e-01 2.72099830e-01 -5.03296721e+03 1.37147693e+01
 2.62797378e-01 -2.11024338e-02 8.90361989e-02 1.49150129e-01 5.98161254e+03 1.37057209e+01
 5.71057675e-03 3.63177016e-02 -5.95037328e-02 -1.98152402e-01 7.24643995e+03 1.36980584e+01
 2.31115147e+00 2.74043405e-01 -2.97543926e-01 3.56840535e-01 -8.17660349e+03 1.37138219e+01
 1.03966512e+00 -2.52188947e-01 -2.08969761e-02 9.03550626e-01 -2.93981108e+04 1.36941622e+01
 -1.01669646e+00 -1.71505127e-01 6.89603919e-01 -1.74916138e-01 -3.53470350e+04 1.36937683e+01
 -9.48784474e-01 3.36045951e-01 -1.64391237e+00 6.05993330e-01 4.98109081e+04 1.36971966e+01
 2.13911313e+00 2.34824661e-01 4.70127551e-01 -4.62498320e-02 -1.08095230e+04 1.37119806e+01
 2.86044841e+00 -1.59045696e-01 -1.04431392e-01 1.11048319e-01 -9.93288907e+03 1.36995241e+01
 -1.27826724e+00 -5.01317630e-01 -8.11428940e-01 1.98261141e-01 -2.79226898e+03 1.36852556e+01
 1.38050688e-01 -4.48762296e-01 -7.94312095e-02 -4.99739257e-01 1.67174548e+04 1.37022844e+01
 1.34543335e-01 3.16108636e-01 -2.31460964e+00 -9.10040517e-02 1.75939889e+04 1.37001866e+01
 3.55170858e-01 -6.94744747e-02 -3.67186710e-01 -9.27337396e-01 -1.90209511e+03 1.37106708e+01
 -2.14950123e+00 3.12827414e-01 1.18456075e+00 2.11454093e-01 3.63612356e+04 1.37062078e+01
 9.05380765e-01 -9.72930905e-02 -9.46403462e-01 1.54099496e-01 -1.19224279e+04 1.37067474e+01
 8.04267331e-01 5.95893286e-01 3.26742774e+00 6.36138979e-02 2.30205202e+04 1.37161525e+01
 -1.00514022e+00 1.58299311e-01 4.00895011e-01 2.37988064e-01 -2.73872859e+04 1.36986880e+01
 -1.86107875e+00 -8.55711816e-01 -6.08145847e-02 -2.47879671e-01 5.26901668e+03 1.36976686e+01
 -9.40914561e-01 -1.41242946e-01 -1.32650854e+00 -2.37102273e-01 2.49000866e+04 1.37092612e+01
 -1.18434798e+00 -1.74004094e-02 -1.61609083e-01 -1.47291067e-01 4.61259537e+03 1.36805163e+01
 1.45301074e+00 -8.04566243e-01 -1.36423557e+00 3.16245174e-01 -1.05282577e+04 1.37059573e+01
 7.21280583e-01 6.18040228e-01 -3.92792066e-01 -7.76673302e-01 -9.91532263e+03 1.36950067e+01
 1.04554748e-01 6.28695294e-01 1.14836796e+00 -5.22996190e-01 -3.80975272e+04 1.37014058e+01
 2.29031804e-01 -6.23699951e-01 -5.16086725e-01 -4.18488538e-01 3.77034869e+04 1.37010801e+01
 3.52555702e-01 2.42108882e-01 1.13388390e+00 -5.35323683e-01 -1.37005703e+04 1.36939385e+01
 1.41798845e+00 7.34589013e-02 -1.42047483e+00 -1.02784832e-01 -1.35576381e+04 1.36977106e+01
 -5.50912875e-01 3.53167200e-02 -4.87281452e-01 8.03233972e-03 -1.14222398e+04 1.37002517e+01
 -4.89819273e-01 -1.25409287e-01 -2.49183317e-02 -4.90377283e-01 -3.45190550e+02 1.37041860e+01
 -5.33066619e-03 -2.95192117e-01 7.76574339e-01 4.16904067e-01 9.38292932e+03 1.36979453e+01
 2.21184227e+00 1.56442093e-01 -8.19875298e-01 1.47181694e-01 1.73796718e+04 1.37152324e+01
 6.81594105e-02 2.85610214e-01 -1.71184533e+00 6.17998220e-01 1.91277557e+04 1.37044669e+01
 -2.08965453e+00 1.13290074e+00 6.57685679e-01 -2.70754306e-01 2.30417440e+04 1.36866656e+01
 1.49626223e+00 -3.52921600e-01 1.51244253e+00 1.60115333e-01 -8.42565202e+03 1.37061947e+01
 -3.64699031e-01 -6.47306642e-01 1.24143495e+00 4.33871209e-01 -1.78732238e+04 1.37026339e+01
 1.37600042e+00 5.28133188e-01 2.59728645e-01 -4.20084369e-01 6.10452854e+03 1.37158451e+01
 1.01275987e+00 -5.20879103e-01 -1.30838483e+00 3.93696859e-01 3.70921516e+04 1.37019959e+01
 5.17954345e-01 -3.36697257e-01 -7.80522999e-01 -6.82447424e-01 -8.77429251e+03 1.37131871e+01
 4.28351689e-01 -2.47435250e-01 3.30103224e-01 -1.29030363e+00 2.96081045e+04 1.37020304e+01
 7.86797723e-01 5.73648127e-02 -1.61640569e+00 -4.77249628e-01 -1.03982632e+04 1.36977005e+01
 -6.28373326e-01 -2.98034797e-01 4.14863399e-01 9.11940961e-02 4.92579030e+04 1.37087002e+01
 3.78774336e-01 -6.03615683e-01 -9.26235889e-01 1.42715454e-02 -1.09665248e+04 1.36988999e+01
 2.20812625e-01 -8.38025192e-01 1.49956752e+00 2.93110513e-01 -8.62671647e+03 1.36931316e+01
 1.42346542e+00 -3.57148576e-01 -2.10144193e-01 -1.74603476e-01 2.96167863e+04 1.37041413e+01
 6.81082570e-01 -1.39001619e-01 -3.96201821e-01 8.32803447e-02 -7.54841581e+02 1.37098010e+01
 -1.34419588e+00 -1.62120462e-01 1.68399104e+00 7.82202692e-01 1.25798692e+03 1.37053736e+01
 4.09210041e-01 -4.81021701e-01 -2.18926088e-01 2.36722542e-01 -2.75635211e+04 1.37060480e+01
 4.99217750e-01 -9.37251304e-01 1.53314769e-01 7.87286820e-01 2.08529314e+04 1.37002464e+01
 6.40595157e-01 -3.33824291e-01 1.55957962e+00 -8.28923102e-01 2.89170671e+04 1.37075899e+01
 2.21064012e-01 1.79204011e-01 -6.07166674e-02 -1.61287619e-01 1.10408878e+04 1.37084644e+01
 -2.37035298e+00 1.72783373e-01 3.89745647e-01 -4.22592337e-02 -7.33129690e+03 1.36987713e+01
 -9.78075895e-01 2.26419417e-01 -9.20272818e-01 5.09925090e-01 3.46585874e+03 1.36950729e+01
 -1.58347127e-01 2.76640618e-01 -1.64069851e+00 -2.75318098e-02 -1.71000534e+04 1.36960064e+01
 1.40612265e-01 -7.18649557e-01 1.15085402e+00 6.39254835e-01 4.61150740e+03 1.37019699e+01
 -5.75780395e-01 -3.51569444e-01 -1.11736880e+00 -1.80533047e-01 -2.20882918e+04 1.36921486e+01
 -8.23244628e-01 1.06661376e+00 2.23532545e+00 1.54939727e-01 1.01729880e+04 1.36987679e+01
 -6.36403752e-01 1.62953526e-01 4.10024568e-01 -5.76598978e-01 -5.09864393e+03 1.37048408e+01
 -5.62911594e-01 -3.68675640e-01 1.04207936e+00 -1.70171094e-01 1.41542396e+04 1.36875443e+01
 -1.21322166e-01 3.76320634e-01 -8.62429973e-01 -8.20704722e-01 -2.00266430e+03 1.36885023e+01
 8.94631380e-01 4.76228807e-01 1.39193606e+00 3.19804746e-01 3.17337463e+04 1.36985336e+01
 3.82205465e-01 2.01916293e-01 1.35138655e+00 1.97535761e-01 -2.34196951e+04 1.37007256e+01
 -2.21307617e+00 5.94678616e-01 1.28093976e+00 -3.93206695e-02 1.16295140e+04 1.36950691e+01
 1.93059241e+00 6.81517162e-01 1.24577066e+00 6.56970882e-01 1.44910745e+04 1.37008196e+01
 -4.94477351e-01 6.44066277e-01 -5.68445842e-01 1.81669148e-01 1.02961655e+04 1.37052308e+01
 1.04932110e+00 -2.35295446e-01 -2.18407069e+00 1.13280564e-01 1.31146863e+04 1.36934280e+01
 -6.68990080e-01 2.40756066e-01 -1.86454309e+00 2.24147071e-02 -2.40975725e+04 1.36937026e+01
 1.46596842e+00 -4.42274380e-01 9.07462511e-01 2.46355028e-01 -1.33145518e+04 1.37052354e+01
 3.62638506e-01 -1.62116703e-01 7.71430512e-01 4.24489919e-01 4.17478653e+02 1.36931687e+01
 -1.12032026e+00 -5.33138704e-01 2.27915167e+00 1.01942934e-02 -5.11119679e+03 1.36794116e+01
 -4.13277141e-01 1.24584086e-01 -1.25424290e+00 1.03462249e-01 -1.06358952e+03 1.36952638e+01
 -2.39218332e-01 -5.60476518e-01 -1.24408392e+00 1.87153900e-01 -1.24481310e+03 1.37011327e+01
 7.05558860e-01 4.01043218e-01 -4.98934891e-01 5.75192652e-02 4.36492103e+03 1.36959038e+01
 3.72451072e-01 -1.93575669e-01 -1.91122979e+00 7.74578635e-01 3.26727651e+04 1.36962518e+01
 4.31833350e-01 -3.95376064e-01 -2.08518152e+00 9.65901073e-04 1.89244640e+04 1.37119267e+01
 4.41287562e-01 -2.30699921e-03 -2.65831072e-01 -9.95573525e-01 -3.55289056e+03 1.37066110e+01
 -1.99479732e+00 -7.29421111e-01 -3.70811201e-01 8.52805662e-02 -8.51075711e+03 1.36923550e+01
 -1.94848446e-01 7.66512434e-01 -4.47248225e-01 2.11645026e-01 -2.59442251e+02 1.36924994e+01
 9.21100500e-01 -4.57048544e-01 5.28884647e-01 -2.95938785e-01 -2.10994265e+04 1.37023700e+01
 8.36462394e-01 -2.12953234e-01 6.60143675e-01 4.48059460e-01 2.25469390e+04 1.37011098e+01
 -2.00259279e-01 5.49030748e-01 2.31125224e-01 -6.83288994e-01 -8.25924936e+03 1.37007546e+01
 9.59343126e-01 1.02395699e+00 1.32353830e+00 -1.54109115e-01 -6.37358600e+03 1.36924068e+01
 -1.72354295e+00 4.66807473e-01 6.81213805e-01 5.65395100e-01 -4.05599135e+04 1.37081906e+01
 2.25261127e-01 1.93345713e-01 -2.11005334e-01 -1.53767697e-01 -2.15563859e+04 1.37018214e+01
 7.80198775e-01 2.47257530e-01 -1.29231382e+00 -3.85884514e-01 1.03257579e+04 1.37111867e+01
 -1.31618757e+00 -7.97720763e-01 2.46517470e+00 -8.25504931e-02 1.52464033e+04 1.36901396e+01
 1.85322656e-01 -3.20516263e-01 -2.79079179e-01 2.25435082e-01 -6.87416990e+03 1.36979672e+01
 9.51147854e-01 5.65008140e-01 -3.85192457e-01 6.38627997e-01 1.35888368e+04 1.37013084e+01
 1.08158561e-01 -2.18546104e-01 -1.13757376e+00 1.62703294e-01 -1.14052731e+04 1.37070153e+01
 -1.20052520e+00 -2.63564887e-01 -1.10547585e+00 2.36715332e-01 1.78584465e+04 1.36986471e+01
 -1.15380675e+00 1.03562046e+00 -3.58422342e-01 -1.95341948e-01 1.27121877e+03 1.36921299e+01
 -1.13516179e+00 5.17517999e-01 -8.62361366e-01 7.70820372e-02 5.04792048e+02 1.36853624e+01
 -1.60730101e+00 -3.50142018e-01 -1.15341866e+00 6.31277121e-01 4.91908750e+03 1.36868093e+01
 1.33596741e+00 4.23234750e-01 -9.04480518e-02 3.67780442e-01 1.56858021e+04 1.37152543e+01
 3.17720680e-01 -4.93544900e-01 -3.65015279e-01 6.74470055e-01 4.08621597e+04 1.36949315e+01
 -1.90380715e+00 -4.14598874e-01 -2.11914388e-01 4.03720702e-01 1.73068421e+04 1.36906742e+01
 -8.67123055e-01 -3.77138250e-01 2.60830259e+00 -3.88337532e-01 4.56900919e+03 1.36927468e+01
 3.63971196e-02 4.99372908e-01 -1.50148063e+00 -8.23160107e-01 3.35308495e+04 1.36975014e+01
 -3.27854857e-01 -7.06771475e-02 1.33264923e+00 -1.92967622e-01 -3.19928610e+04 1.36958922e+01
 1.86317484e+00 4.48173999e-01 2.81813177e+00 4.27979029e-02 -3.48038728e+04 1.37023276e+01
 -1.53720045e+00 -3.33175750e-02 -2.21190971e+00 1.64938871e-01 -2.43887495e+04 1.36889114e+01
 -2.61658126e-01 1.02964990e+00 1.06749619e-01 -3.81785550e-01 -1.93681705e+04 1.37017450e+01
 -6.30201911e-01 1.06839632e+00 6.50117239e-01 -7.23907618e-01 2.79023426e+04 1.37081156e+01
 -4.50200093e-01 1.99040930e-02 -5.02257138e-01 -4.50259127e-01 -4.39092394e+04 1.36955735e+01
 1.13284239e+00 6.57487327e-01 -4.93567786e-01 -5.27765943e-01 -5.32192619e+03 1.37063876e+01
 3.08021071e-01 1.50065764e-01 -2.40219755e-02 -2.53028114e-01 -4.30767436e+03 1.36952413e+01
 -2.11568544e+00 1.04964628e-01 6.11501077e-01 1.71851468e-01 3.75219442e+04 1.36939819e+01
 -1.06467653e-01 -5.36547958e-01 5.17689859e-01 1.32451286e+00 -7.04050934e+03 1.36992026e+01
 -1.22122942e+00 -1.65634934e-01 3.59518463e-01 -1.82080215e+00 1.10704294e+03 1.36891678e+01
 1.45038068e+00 -4.71121898e-01 2.38813253e-01 6.94894906e-02 -1.16911757e+04 1.36975207e+01
 1.17018285e+00 8.52918315e-01 -1.31109165e+00 -4.40998162e-01 -8.02035823e+02 1.37076623e+01
 -1.10719590e+00 8.13563468e-01 -1.07373449e+00 -3.13771985e-01 -2.34134669e+03 1.36963411e+01
 7.99257972e-01 4.15425217e-02 -6.61468149e-02 -1.13103621e-01 1.20077521e+04 1.37068073e+01
 -1.64261955e+00 1.85446262e-01 -6.00259165e-01 2.57948678e-01 -1.28020623e+04 1.36906885e+01
 6.29833580e-01 9.61422507e-01 -4.18997486e-01 -3.35430168e-01 1.70695967e+04 1.36999880e+01
 -2.58475472e-01 -1.05859134e+00 -6.63667003e-01 -1.42535638e-01 -2.07335481e+04 1.37004796e+01
 7.96671580e-01 4.42755283e-01 1.62970296e+00 -2.16558880e-01 4.39284413e+03 1.37048076e+01
 4.26962494e-01 1.14025875e+00 -9.11251466e-01 -5.27220025e-01 2.93936591e+04 1.37035293e+01
 1.39689883e+00 2.74082938e-01 5.30277912e-01 7.38423401e-02 -7.74351881e+03 1.36951631e+01
 -5.11460985e-01 -4.10746894e-01 2.38315306e+00 1.23625319e+00 -2.24936427e+04 1.36964191e+01
 -3.10914324e-01 7.25778230e-01 1.07357755e+00 -9.53974374e-01 -7.31896426e+03 1.36981880e+01
 -2.11923794e+00 -7.68464576e-01 1.60122160e+00 2.80803506e-01 -2.17696489e+04 1.37000775e+01
 -8.79882241e-01 -4.90418895e-01 -1.31484137e-01 1.99654814e-01 -3.27900704e+04 1.36805068e+01
 5.14245420e-01 -3.38642054e-02 -2.11870835e+00 3.17140326e-01 3.87432382e+04 1.37017334e+01
 1.76321357e+00 -2.14060033e-01 -4.37768506e-01 -2.90673202e-01 7.60487283e+02 1.37045744e+01
 5.96334544e-02 -4.33460440e-01 2.81791094e-01 6.33123654e-01 -2.39725340e+04 1.36996052e+01
 -2.45189269e-01 6.38508143e-01 7.24572658e-02 -1.43881915e-01 3.30400130e+04 1.36941546e+01
 -9.02965344e-01 -4.73990092e-02 1.40831064e+00 1.43262718e-01 -9.96784439e+01 1.36992601e+01
 -6.66795132e-01 6.91888017e-02 -7.71012870e-01 8.45777764e-02 -4.00982489e+04 1.36915589e+01
 7.21407281e-01 7.23657529e-01 8.57143133e-01 -8.80815967e-02 1.82599380e+03 1.37143791e+01
 -2.81969889e-01 5.33480588e-01 3.95722764e-01 -5.26985827e-01 1.85140579e+04 1.37056986e+01
 -1.78353787e+00 5.41638186e-01 4.69995841e-01 6.76804621e-01 4.99571649e+04 1.36981487e+01
 7.24405561e-01 5.59589914e-01 -1.72693233e+00 5.49939804e-01 -2.45057181e+04 1.37127984e+01
 -4.16393786e-02 -4.10428969e-01 1.44564415e-01 9.54855552e-01 -8.35186149e+03 1.37060727e+01
 1.71881663e-01 -1.08796798e-01 -2.80719690e-02 4.98009468e-01 -3.08075869e+04 1.37016989e+01
 1.00405857e+00 1.71077351e-01 -2.62180587e+00 6.02177930e-01 -2.30771295e+04 1.36941162e+01
 1.61752378e+00 -4.81051715e-01 1.24167600e+00 3.58056107e-01 4.30923580e+04 1.37089469e+01
 -2.63708540e-02 -2.54076739e-01 9.93885562e-02 1.01040363e-01 1.93715923e+03 1.37034171e+01
 1.60256827e+00 2.10324356e-03 -1.80602801e+00 -2.85709632e-01 -3.21017133e+04 1.37075638e+01
 -1.54087934e-01 5.68522909e-01 1.52143253e-01 -2.77710400e-01 6.17952520e+02 1.37064959e+01
 5.73968961e-01 -6.65904065e-01 -2.65094277e-02 8.02106588e-01 -4.77786477e+03 1.37042820e+01
 1.85831199e+00 4.93534157e-02 -2.97355138e-01 3.12415005e-01 -3.82544352e+03 1.36978742e+01
 2.85788088e-01 1.01989705e+00 1.46960244e-01 1.45929485e-01 1.82582093e+04 1.36961781e+01
 -3.30029199e-01 -6.85040685e-01 -1.14915808e+00 -1.38721562e-01 -2.42996058e+03 1.36904495e+01
 -5.42771974e-02 -2.89940170e-01 2.25127241e+00 4.72747122e-01 -5.17546815e+03 1.37001576e+01
 -5.62323402e-01 -3.03579559e-02 1.86536926e+00 -3.78018710e-01 -3.79310987e+04 1.37042640e+01
 1.06596050e+00 7.19225587e-01 -4.84988219e-01 4.20755579e-02 -1.28659874e+04 1.36970706e+01
 -1.80318068e+00 -3.74190884e-01 3.39702300e+00 -2.24035315e-01 -4.81059552e+03 1.36963867e+01
 -1.47283801e+00 2.83303203e-01 1.61117019e+00 -1.02722252e-01 -3.31378109e+03 1.36876958e+01
 -1.41230115e+00 3.61983742e-01 -5.47134447e-01 -6.12288712e-02 -3.00319983e+04 1.36869151e+01
 1.08110335e-01 4.43139982e-01 1.11574602e+00 3.34032819e-02 2.09659309e+04 1.36948155e+01
 -1.49250640e+00 -3.87280392e-01 -2.19847589e+00 5.18278556e-02 -2.23358744e+04 1.36977014e+01
 -2.11802018e+00 -3.25995675e-01 -1.76416371e+00 -1.30136657e-01 -8.28192589e+03 1.36848043e+01
 -5.39242921e-01 -3.76650051e-01 -1.82411257e-01 1.52560346e-01 -3.68920196e+04 1.36908198e+01
 2.31915338e-01 1.85375332e-01 -1.50469010e+00 -5.76786097e-02 9.51377708e+03 1.36965966e+01
 3.31983535e+00 -6.64916037e-01 2.06640907e+00 -9.50590897e-01 2.60221825e+02 1.37142042e+01
 1.24637420e+00 -2.72510128e-01 1.17192663e+00 1.47464531e-01 -8.04704434e+03 1.36962151e+01
 -1.69378932e-01 3.55109002e-01 1.20669068e+00 -1.99745067e-01 6.48880593e+03 1.36945858e+01
 -4.52213649e-01 2.22908945e-01 1.18719648e+00 3.65482565e-01 5.17577497e+03 1.36911336e+01
 -7.36657895e-02 -1.27202963e-01 -9.02242497e-02 -1.93961825e-03 1.48082970e+04 1.36974676e+01
 -1.81571166e+00 -9.16704537e-01 1.59061161e-01 3.37640232e-02 -3.05794286e+04 1.36891579e+01
 -1.54242626e+00 -3.48482869e-01 -1.24023322e+00 3.51267633e-01 -2.15480331e+04 1.36935597e+01
 -2.98326420e-01 -4.03775908e-01 2.52020351e-01 -2.72250929e-01 2.20164085e+03 1.36927262e+01
 6.14593366e-01 -5.48242586e-01 7.17107256e-01 1.13821607e-01 1.42403429e+04 1.36985480e+01
 -1.15858795e+00 5.09923072e-01 4.54242796e-03 3.86770660e-02 -4.16028856e+04 1.36997252e+01
 -1.17313330e-01 4.79474539e-01 -8.49691032e-01 5.44518050e-02 2.78902568e+04 1.36912592e+01
 2.62055523e-01 -1.62066052e-01 1.35437907e+00 3.54358157e-01 3.32770468e+03 1.36959756e+01
 -9.05639513e-01 -5.82892596e-01 -1.66982478e-01 -1.06736881e+00 -3.62599717e+04 1.36855875e+01
 -5.83726973e-01 3.92079369e-02 -9.34839077e-01 -1.23360958e+00 8.31554968e+03 1.36996317e+01
 -1.28814031e+00 2.89583539e-01 -5.14574757e-01 -1.61260226e-01 7.54333137e+03 1.36889029e+01
 2.13639435e+00 6.38244326e-02 -1.40257228e+00 -6.03792709e-01 -4.71172084e+04 1.37093081e+01
 -3.54723817e-01 2.82217194e-01 7.25099878e-01 -4.61649945e-01 2.84488503e+04 1.36949499e+01
 -8.23719076e-01 1.63674818e-01 -5.48596927e-02 5.32779480e-01 1.30477022e+04 1.36928677e+01
 -2.59133907e-01 1.17973121e-01 -3.12876356e-01 1.39337099e-01 -1.36984579e+04 1.36951143e+01
 -9.55398718e-01 6.36509716e-01 -2.11324810e+00 -2.45022918e-01 -8.40843638e+03 1.36968821e+01
 -9.41957384e-02 8.46866158e-01 2.82015457e+00 3.79913270e-01 -1.13755134e+04 1.36972069e+01
 -1.56360276e+00 1.79019472e-01 7.13847414e-01 -3.08894749e-01 -1.81643485e+04 1.36913430e+01
 6.97492554e-01 -3.24628461e-01 -1.79090331e+00 -9.40311698e-02 3.79357906e+04 1.37036054e+01
 7.58320455e-01 5.42027158e-02 2.34542901e+00 3.92225573e-01 -1.11309567e+04 1.37101069e+01
 -2.52740874e-01 2.24593869e-02 9.71293752e-01 7.06987468e-03 2.46309277e+04 1.36990715e+01
 -1.49382315e+00 -5.67996951e-01 -1.23894300e+00 8.47191135e-01 -4.36041758e+03 1.36907834e+01
 2.17056653e+00 1.18899597e+00 6.31877831e-01 4.15518345e-01 1.07531323e+04 1.37052261e+01
 -3.72032575e-01 2.52847920e-01 1.24954274e+00 -1.95300711e-01 3.31881715e+04 1.37064320e+01
 3.60789548e-01 -6.84288334e-01 4.14590815e-01 -7.55105273e-01 -2.42820106e+04 1.37007763e+01
 -3.77373657e-01 6.75366847e-01 -1.74725835e+00 -7.17045046e-01 -1.24071277e+04 1.36886725e+01
 -4.60512362e-01 -1.38329347e-01 -1.82188802e+00 1.97314350e-01 9.79717361e+03 1.37023657e+01
 -1.44441407e-01 4.53897654e-01 8.38685560e-01 3.14931774e-01 -4.61309203e+03 1.36899813e+01
 8.15037318e-01 1.88285720e+00 -8.96296602e-01 7.02013308e-02 -1.89529589e+03 1.37084258e+01
 -1.15913155e+00 -5.63260177e-01 6.83163388e-01 -5.48405815e-01 -1.63891574e+04 1.36925165e+01
 -1.14240098e+00 1.17822215e-01 -6.77185540e-01 2.99841361e-01 -1.76485754e+04 1.36948157e+01
 -1.29800464e+00 1.10469302e-01 1.77220969e+00 5.92338412e-01 1.12809096e+04 1.36920908e+01
 -2.45092546e-01 7.40119412e-01 -1.18374916e+00 6.54059583e-02 1.37655372e+03 1.37012925e+01
 4.31778353e-01 -4.74134508e-01 3.73199513e-01 -3.22681621e-01 -5.44046458e+03 1.37148037e+01
 -1.30077854e+00 -1.85097709e-01 4.45446080e-01 -1.79074541e-01 1.60838474e+04 1.36978964e+01
 -5.45373316e-01 5.66552955e-01 -1.08917262e+00 9.05505611e-02 -2.61344793e+03 1.36970139e+01
 -1.03979254e+00 -7.29257359e-01 -2.27213385e-01 7.37233527e-02 -1.45670811e+04 1.37005326e+01
 -1.26759290e+00 3.11390760e-01 -1.20810187e+00 7.71497221e-02 1.91856447e+04 1.36916142e+01
 2.66572966e+00 -1.46141569e+00 4.96732865e-01 -8.26293618e-01 2.49474690e+04 1.37263386e+01
 1.43224367e+00 4.05829345e-01 1.31894407e+00 1.68721505e-02 8.87696801e+03 1.37010244e+01
 1.07419511e+00 1.61039468e-01 2.34133922e-01 -2.99988618e-01 -1.52985452e+04 1.37186682e+01
 -1.60202414e-01 6.42570048e-01 -4.22500404e-01 -6.80111398e-02 9.95615963e+03 1.37029826e+01
 9.46380283e-01 -4.29429355e-01 -1.71332408e+00 1.52378538e-01 4.45551718e+03 1.37096204e+01
 5.86770916e-02 2.20454086e-01 -1.89907163e+00 -4.61011694e-01 -1.17205919e+04 1.37075816e+01
 6.38760109e-01 -2.89961049e-01 1.34398313e-01 -2.81791496e-01 1.05415420e+04 1.37031392e+01
 -1.56753438e+00 8.83858643e-01 8.17874726e-01 -1.50392862e-01 3.41739292e+04 1.36895480e+01
 5.79391236e-01 -3.08757141e-01 -1.19568735e+00 -3.90590509e-01 1.59268645e+04 1.37020335e+01
 -1.20495104e+00 -4.70911206e-01 1.86658821e+00 3.02549396e-01 -3.37652043e+03 1.36939085e+01
 -1.81663462e+00 -1.46037618e-01 -9.67105376e-01 -7.68724246e-02 -1.94693969e+04 1.36928405e+01
 8.43284236e-01 5.36151969e-01 3.46000808e-01 -4.90756229e-01 2.46072867e+04 1.37019318e+01
 -1.09097543e+00 -3.29487024e-01 1.95596473e-01 -1.77449848e-02 -6.76738022e+03 1.37010053e+01
 -1.01486126e+00 3.13372988e-01 -6.70304966e-01 2.28815839e-01 -6.04632620e+02 1.36964815e+01
 -4.54822614e-01 -1.01961929e-01 1.48515868e-01 -1.44357664e-01 2.27119941e+03 1.37063534e+01
 -9.59086963e-01 -8.37194766e-02 1.46315596e+00 -7.77322522e-02 -1.02452925e+04 1.36927236e+01
 -5.23567880e-01 -2.86346387e-01 -8.07023516e-01 -6.22990563e-02 2.16324987e+04 1.36997172e+01
 5.49476542e-02 -1.78274969e-02 -5.86613159e-01 -2.61426208e-01 7.35159344e+03 1.36964216e+01
 8.74456762e-01 -1.09739762e+00 -1.35598323e+00 -3.74217747e-01 -3.18909620e+04 1.37077954e+01
 -6.28269720e-01 8.55728188e-02 3.27308060e-01 8.01505626e-01 1.40642154e+04 1.36861982e+01
 3.96954353e-01 -3.79418107e-01 1.42752228e-01 -5.84205707e-02 -1.00860478e+04 1.37012803e+01
 -7.79738295e-01 5.35462194e-01 2.06495536e-02 7.16949909e-02 4.69624332e+02 1.36982277e+01
 1.39974510e+00 -1.63554734e-01 1.63907881e+00 -6.22075079e-01 1.59097398e+04 1.36967400e+01
 -3.93162490e-02 -2.06115777e-01 -1.06857056e+00 -4.06478997e-01 -8.31272212e+03 1.36964250e+01
 1.20479141e+00 -1.10751118e+00 -5.94023978e-01 -3.12364219e-01 1.60569295e+04 1.37068691e+01
 1.45046521e+00 3.15812429e-01 -5.32459703e-01 -8.66245615e-01 1.30499367e+04 1.37026774e+01
 8.35306652e-01 -1.18292025e-01 8.20038753e-01 2.48846906e-02 -3.35138067e+04 1.37005151e+01
 -6.08506206e-01 4.20576436e-02 2.05191769e-01 -3.43451142e-01 2.02790537e+04 1.36903466e+01
 -2.21919247e-01 5.00077614e-01 2.18481646e+00 -5.22132746e-01 2.93047212e+04 1.36889500e+01
 7.42507778e-01 6.94602883e-01 -4.64756607e-01 -2.07948040e-01 7.12670285e+03 1.36961219e+01
 1.28318092e+00 5.42090635e-01 -2.72781335e+00 3.54452606e-01 6.79271712e+03 1.36969504e+01
 6.57134558e-01 -7.39220163e-01 -4.80854307e-01 2.93010811e-01 7.68605399e+03 1.37011598e+01
 7.33318448e-01 -7.63217065e-01 7.78100642e-02 5.84058904e-01 1.00734384e+04 1.37054403e+01
 7.01168833e-01 3.95465461e-01 -4.19565885e-01 5.26227011e-01 -1.80023922e+03 1.37012169e+01
 3.96766580e-01 5.68856365e-01 -4.48679694e-01 -2.37273121e-01 3.94152021e+04 1.36987569e+01
 -1.82051727e-01 3.94864590e-01 6.80609062e-01 -1.94910444e-01 1.64735080e+04 1.37047793e+01
 1.22570166e+00 -4.98702160e-01 3.48028755e-01 1.33781344e-02 3.45732543e+04 1.37031913e+01
 -1.62503456e+00 3.84094196e-01 5.85268693e-01 1.12478388e+00 -7.27384064e+03 1.37103102e+01
 1.91305388e-01 -1.18355053e+00 2.84532841e-01 9.86368517e-01 -2.33659977e+04 1.36948095e+01
 1.81150425e+00 5.46216317e-01 5.20422749e-01 7.73061765e-01 6.26269309e+03 1.36991334e+01
 -3.16197924e-01 -1.98715235e-02 -9.73630862e-01 -4.11403885e-02 2.92238982e+04 1.37042000e+01
 1.03238048e+00 -3.99976638e-01 8.98787239e-03 -9.87272100e-02 5.72710779e+03 1.36994289e+01
 -2.47226636e-01 5.01790888e-01 8.22372525e-01 3.04097732e-01 1.85186432e+04 1.36894996e+01
 8.07806501e-01 2.43919931e-01 -4.95479606e-02 5.50051040e-01 1.95137596e+04 1.37039763e+01
 -7.29115724e-01 -2.16850782e-01 -6.40571160e-01 2.91780488e-01 3.85406288e+03 1.36903064e+01
 1.31535699e-01 2.80467751e-01 -3.41604101e-01 -1.73997355e-01 1.46706158e+04 1.37014564e+01
 -2.52543934e+00 7.26007298e-01 -2.66840957e+00 -3.49626862e-01 9.02400385e+03 1.36917151e+01
 7.58574015e-01 -2.82419702e-01 1.91667726e+00 -9.16379870e-01 -1.03827468e+04 1.37043932e+01
 4.28689938e-02 8.16305582e-01 -9.59199436e-01 8.69318360e-01 -1.67959905e+04 1.37123362e+01
 -1.03287356e+00 3.28045693e-01 -1.43922831e+00 2.74274053e-01 -9.46035770e+03 1.36994689e+01
 -2.93896307e-01 5.01610522e-01 7.25182492e-01 1.01110464e-01 -4.58873039e+03 1.36895372e+01
 -3.56747513e-01 6.13150520e-02 -1.09218852e+00 -3.61730834e-01 3.22793864e+04 1.37012149e+01
 -7.22534594e-01 9.38753578e-01 1.33037543e+00 -1.55973660e-01 4.59112389e+04 1.36902214e+01
 7.11695907e-01 3.71843311e-01 1.81936343e-01 -7.17701340e-01 1.51304499e+04 1.37052979e+01
 -4.13397783e-01 -8.85377971e-01 5.98337391e-01 -1.55283759e-01 -3.43665722e+04 1.37046549e+01
 -9.97758952e-01 -1.21707302e-01 3.03940845e-01 8.77914432e-01 4.47462943e+04 1.36945787e+01
 -8.79581753e-01 -7.74811848e-01 -3.22763613e-01 -1.72329862e-01 -1.74625832e+04 1.36915336e+01
 -9.89851887e-01 7.15644864e-01 -1.85607406e+00 3.50644889e-01 3.92171522e+03 1.36974698e+01
 -4.94520197e-01 -1.06596266e+00 8.16765104e-01 6.34304855e-02 -1.34450065e+04 1.36944370e+01
 6.60244983e-01 1.38338478e-01 6.16057934e-01 4.51752584e-01 -6.04725603e+02 1.37035728e+01
 1.32149616e+00 -1.08883509e+00 2.86548464e-01 -5.06564794e-02 1.71820710e+03 1.37030983e+01
 -1.84519001e-01 -1.05803384e-01 1.09339703e-01 -2.33075658e-01 1.98484711e+03 1.36998244e+01
 -1.04005936e+00 -6.67604666e-02 -2.85698577e-01 -3.23933346e-01 1.51117664e+04 1.36950682e+01
 -1.08943003e+00 4.14751105e-01 -2.32424181e-01 -4.76377931e-01 1.46891262e+04 1.37013971e+01
 -5.21476118e-01 9.83726135e-02 -1.90363162e+00 3.22320236e-02 -3.61284024e+04 1.37092892e+01
 -2.60073846e-02 9.23917003e-02 -6.78055459e-01 -5.32874689e-01 -9.99167499e+03 1.36939779e+01
 -1.09351134e+00 3.18160305e-02 1.99894062e+00 -1.22069441e-01 -3.74101483e+04 1.36983502e+01
 1.12752604e+00 -4.72148939e-01 -6.42024076e-01 6.56151451e-01 2.56794211e+04 1.37101225e+01
 2.36023539e-01 1.80787672e-02 2.18564527e-01 -2.68154735e-01 -4.52770589e+03 1.36918503e+01
 -3.62702538e-01 -2.93588238e-01 -5.13734459e-02 -1.54958464e-01 -1.70631439e+04 1.36982090e+01
 -5.12948230e-01 -3.14179739e-01 -7.99477300e-01 -6.24530946e-02 -2.20640283e+04 1.37076977e+01
 1.00837380e-01 -7.20338405e-01 9.09534073e-01 -8.80261124e-01 7.85648043e+03 1.37130557e+01
 7.59676628e-01 -5.46302689e-01 -1.50739303e+00 -5.67879515e-01 -2.81082043e+03 1.37116894e+01
 -1.20546927e+00 2.14949213e-01 1.55340905e+00 -1.55542423e-01 2.01670317e+04 1.36972801e+01
 5.98472469e-02 5.18764798e-02 -5.28487797e-01 -6.76846001e-01 -7.84927751e+03 1.36925397e+01
 -1.04476554e+00 8.34059068e-01 1.59942248e+00 -2.95682577e-01 -1.84435504e+04 1.37018175e+01
 -9.71795399e-01 1.87432125e-01 -1.50323373e-02 2.95402450e-01 -2.54561165e+04 1.37015781e+01
 4.18938684e-01 3.10952892e-01 -1.58670213e+00 1.80268095e-01 -2.97898581e+02 1.37063583e+01
 -1.74650614e+00 -4.98194170e-01 -7.50422324e-01 9.99595471e-02 -2.30378875e+03 1.36940642e+01
 7.51198954e-01 -8.01456347e-02 1.44064427e+00 5.48546261e-01 1.28050146e+04 1.37134048e+01
 -6.33422775e-02 -3.00419642e-01 -8.37080862e-01 -9.67974195e-01 1.97088437e+04 1.36959077e+01
 2.54630516e-01 4.79830240e-04 6.38927544e-01 1.14459555e-01 1.11886482e+03 1.37041950e+01
 -3.27765755e-01 4.79492006e-02 -7.41820252e-01 3.87050688e-01 -1.03063352e+04 1.36900719e+01
 -1.52634688e+00 1.88764456e-01 1.59922428e+00 -2.52194177e-01 -1.54314894e+04 1.36919316e+01
 2.91397178e-01 -4.03792099e-01 -9.83882575e-01 -2.30669708e-01 6.39384710e+03 1.37039505e+01
 -1.38283674e-01 4.55397785e-01 8.28416788e-01 3.18341069e-01 8.61726795e+03 1.36994403e+01
 5.60901343e-01 -4.40590781e-01 -2.30094853e-01 -6.83724957e-01 4.86981029e+04 1.36934330e+01
 1.52041840e+00 -3.38209559e-01 -1.22016805e+00 -1.88591254e-01 -2.02483129e+04 1.37054699e+01
 1.57497851e+00 1.00693560e+00 -2.19726844e-01 4.12653574e-01 -2.54405665e+04 1.36927795e+01
 -4.40313360e-01 4.22643647e-01 4.48908481e-01 6.75227482e-01 4.13395809e+03 1.36941522e+01
 2.99966477e-01 4.95467255e-01 -6.87280787e-01 -9.92049672e-01 -1.86601279e+04 1.37009731e+01
 9.35345555e-01 -4.29315241e-01 8.24651194e-01 4.95607008e-01 -1.49170240e+04 1.37082572e+01
 3.05394666e+00 -1.58424526e-01 1.75020239e+00 -2.56059451e-01 1.89331404e+04 1.37108695e+01
 4.16951514e-01 -3.40919372e-01 9.36520401e-01 4.35362672e-02 3.01274823e+03 1.37001244e+01
 8.46726001e-01 5.20720975e-01 1.22580346e+00 8.64843440e-02 1.32630136e+04 1.37055968e+01
 -1.55188070e-01 -4.18323277e-01 3.90703002e-01 -3.14923023e-01 -1.55827418e+04 1.37056196e+01
 -1.60588795e+00 5.31392045e-01 -1.66120323e+00 -5.88601170e-01 -1.09439523e+04 1.36990645e+01
 7.27916212e-01 -1.48719514e-01 -3.82391734e-01 5.04393239e-01 -7.07176028e+03 1.37038071e+01
 3.63165417e-01 -2.17584699e-02 7.88480672e-01 4.11283381e-01 -2.42973879e+04 1.37035935e+01
 -1.82571987e+00 5.90556366e-01 1.51205087e+00 -6.14656911e-02 -5.04906072e+03 1.37009990e+01
 9.22409336e-01 6.57891119e-01 -7.97189135e-01 1.44440635e-01 8.57740844e+03 1.36987710e+01
 -9.26715692e-01 -1.14236076e-02 -1.17385619e+00 3.28119670e-02 -1.76108366e+04 1.37101210e+01
 -1.61720207e+00 -3.98069399e-01 4.82687095e-01 -8.17088137e-01 1.39498397e+04 1.36887064e+01
 -4.04971904e-01 5.70493744e-01 -2.88360403e-01 -6.47891452e-01 -1.80436982e+03 1.37022098e+01
 -1.12825159e+00 -4.02701377e-01 -4.19406569e-01 -2.81576833e-02 5.88302690e+03 1.37009218e+01
 3.05282608e-01 -4.22892394e-01 -5.84133322e-01 2.96778147e-01 -3.21634506e+03 1.37026912e+01
 9.58903446e-01 -4.65043129e-01 2.06361728e-01 3.83715723e-01 3.39372176e+03 1.37024602e+01
 2.66368123e-01 1.33218006e+00 -2.00223639e-01 4.93314553e-01 -1.85899872e+04 1.36972562e+01
 -3.36741926e-02 2.44572455e-01 -3.99919983e-02 -3.03386852e-01 -5.77474806e+03 1.37039085e+01
 7.68525636e-01 -3.85736715e-01 -1.94729157e-02 -4.52379394e-01 -4.88563112e+03 1.36992076e+01
 6.83311156e-01 9.71921306e-01 -4.04666358e-01 1.23326980e-01 1.88434937e+04 1.37021589e+01
 -1.07287143e+00 -5.77126575e-01 5.00028539e-01 5.52823220e-01 3.19297744e+03 1.36978311e+01
 2.08217463e+00 -4.58397625e-01 6.49544554e-01 -1.52284677e-02 1.17787394e+04 1.37100572e+01
 8.14614729e-01 6.64336710e-01 -3.49530508e-02 4.93436079e-02 5.63049623e+03 1.37039140e+01
 1.93959177e-01 4.28295942e-01 -9.86253660e-01 3.70072901e-01 1.60172791e+04 1.37036470e+01
 -3.67731457e-01 4.12544161e-01 7.81797695e-01 2.89418165e-02 1.38712626e+04 1.37013759e+01
 -1.08380960e+00 4.40749832e-01 1.35426849e+00 -1.23345331e-01 -2.39676219e+04 1.37051332e+01
 -5.22153418e-01 3.75686584e-01 1.55850556e+00 1.25994593e+00 -5.97907790e+03 1.37031268e+01
 1.66378725e+00 1.48473604e-01 -6.02209469e-01 -9.26330629e-01 4.39882019e+04 1.37072256e+01
 -2.86436736e+00 -4.47961321e-01 -1.20056723e+00 5.40804171e-02 6.25399324e+04 1.36921981e+01
 -4.43059446e-01 -6.57545527e-02 -9.83206095e-01 1.18780159e-01 3.77208076e+03 1.36901175e+01
 1.56119148e+00 -3.55304016e-01 3.80983127e+00 1.40793525e-01 1.58636535e+04 1.37064825e+01
 1.47290347e+00 -5.08389970e-01 1.04707766e+00 -3.10287152e-01 -9.07828159e+03 1.37065184e+01
 2.97141076e+00 -3.07477738e-01 -1.52811657e+00 -1.08470630e-01 -3.24362486e+03 1.37120235e+01
 1.34548623e+00 3.69728477e-02 -2.20651442e+00 1.70745353e-01 -2.00451143e+04 1.37125036e+01
 8.79270541e-01 1.53004606e-01 7.13145476e-01 6.04793085e-01 2.46049586e+04 1.37044223e+01
 7.20471874e-01 1.03438162e-01 -6.31010835e-01 3.48375289e-01 -4.47649525e+03 1.37116948e+01
 -1.22651878e+00 -6.90113309e-01 -1.12924966e+00 -2.38780008e-01 -1.99460155e+04 1.36866975e+01
 -1.74246173e+00 1.05137837e+00 8.61859869e-01 -6.57502210e-04 -1.43557649e+04 1.36914360e+01
 -1.16266312e+00 -6.38520356e-01 -1.68860737e+00 -1.88039499e-01 1.17946482e+04 1.36939412e+01
 -6.55622470e-01 1.17276065e-01 5.37257939e-01 -1.82414827e-01 -1.22434035e+04 1.36942235e+01
 -4.04594238e-01 -1.30587346e-01 3.87307897e-01 -4.85866332e-02 5.66013902e+03 1.37107990e+01
 3.92035553e-01 2.43846100e-02 -7.04133429e-01 -9.72274698e-01 3.23886987e+02 1.37019468e+01
 2.39674275e-01 -3.60167836e-01 -6.71300633e-01 -1.31529916e-01 -5.20740239e+04 1.36896269e+01
 -1.75020506e+00 -9.02127335e-02 4.54508942e-01 4.35323473e-01 1.88300485e+03 1.36910578e+01
 -5.92066216e-01 9.34175583e-01 -2.01471372e+00 -2.73074812e-01 -1.53195761e+04 1.37132979e+01
 -1.39897309e+00 -1.34477843e-01 -1.80758713e-01 1.38889092e-01 -1.46722861e+04 1.36965255e+01
 -1.25120487e-01 -3.83407780e-01 1.01239927e-01 2.00951606e-01 -3.07441256e+04 1.36962511e+01
 -2.98561346e-01 -6.12989729e-01 3.11602834e-01 -1.13242254e-01 3.63143389e+04 1.37003838e+01
 -4.47430415e-02 -1.72200413e-01 1.38860063e+00 -2.70559085e-02 1.08887147e+04 1.37074897e+01
 -8.23968876e-01 1.39244847e+00 5.46054163e-01 -6.17167567e-01 -3.92370094e+03 1.36967834e+01
 7.23390669e-01 -1.27786689e+00 1.06425012e+00 6.88269510e-01 5.38950411e+03 1.37053411e+01
 -6.23081573e-01 4.62365813e-01 -4.47431677e-01 -2.61536113e-01 -1.74223828e+04 1.36879890e+01
 -4.48973838e-01 -5.25584002e-01 1.11439176e-01 -7.26446773e-01 2.72820676e+04 1.37028825e+01
 -1.42801464e+00 7.51097517e-01 -1.78584363e+00 5.00120280e-01 -2.57113365e+04 1.37021645e+01
 -1.13956435e+00 9.14157802e-01 1.91497224e+00 1.25381232e-01 4.25474387e+04 1.36959839e+01
 1.78523216e+00 7.62718912e-02 8.98465073e-01 -1.40975492e-01 -9.49974111e+03 1.37012191e+01
 -9.01724420e-01 1.56580513e-01 1.34583379e+00 4.86043902e-01 -2.34730933e+04 1.36964264e+01
 1.48740022e+00 2.92332005e-01 -7.41147369e-01 -7.40283654e-01 1.78486410e+04 1.37072636e+01
 -3.26326561e-01 6.97165515e-01 -8.83026448e-01 1.02052438e-01 -1.47445616e+04 1.37091541e+01
 1.10902300e+00 -8.25290865e-01 -1.76999961e+00 -3.00456965e-01 -2.89062615e+04 1.36941766e+01
 4.23107621e-02 4.32452703e-01 -4.48753688e-01 5.02427571e-01 -3.36142309e+03 1.36930159e+01
 -3.69178447e-01 7.96491381e-01 2.22440102e-01 -5.05698418e-01 1.95834117e+04 1.36959825e+01
 9.15198049e-01 9.51960771e-02 -2.01604973e+00 1.06121454e+00 -2.47578661e+02 1.37195949e+01
 2.55874137e-01 -1.63921389e-01 6.26272668e-01 -1.09458104e+00 -1.00907965e+04 1.37006092e+01
 -6.31470982e-01 -3.38675564e-01 1.25408684e+00 -4.04074140e-01 -2.29401327e+04 1.36936649e+01
 1.08961605e+00 -2.62385384e-01 1.65597780e+00 3.63191404e-01 2.94702280e+04 1.36991732e+01
 -6.09066074e-01 8.04350695e-01 -3.37737392e-01 2.71334849e-01 -6.99808859e+01 1.36892494e+01
 -6.93270573e-01 3.04648143e-02 -8.21875457e-01 -8.12137182e-04 -3.34691100e+04 1.37024912e+01
 -6.98961325e-01 -4.15232132e-01 -1.00719740e-01 -2.68842856e-01 3.28698550e+04 1.37014604e+01
 8.82006789e-01 4.26032373e-01 -1.73189853e-01 5.47498771e-01 5.29448029e+03 1.37013542e+01
 -1.41595873e+00 -2.64500230e-01 -1.77954331e+00 -2.81624412e-01 -2.44386788e+04 1.36868972e+01
 7.82015616e-01 3.51005677e-01 -8.97050367e-01 7.64440061e-01 1.24206657e+04 1.37021479e+01
 1.03361909e+00 -1.13614352e+00 1.18160987e+00 2.10108444e-01 -3.36304860e+03 1.37073118e+01
 9.72124348e-01 -1.06756008e+00 -5.92445649e-01 -1.30020376e-02 1.24556331e+03 1.37033958e+01
 -1.13921933e+00 7.19738130e-01 1.06200563e+00 1.04978720e-01 -1.99903654e+04 1.36924206e+01
 -5.55514961e-01 -8.49204938e-01 5.97986182e-01 -1.44929358e-01 -3.55306742e+04 1.37119082e+01
 -1.57580329e+00 3.82605441e-01 -7.42866295e-01 1.28407512e-01 -1.11440934e+04 1.36937323e+01
 -1.40696446e+00 1.12467626e-01 2.52921529e-01 4.91606534e-01 2.74075898e+04 1.36950612e+01
 4.65352127e-01 -5.66505905e-01 -3.52788369e-01 -2.34268663e-01 3.70500281e+04 1.37001421e+01
 -1.01365599e+00 4.80702079e-01 -5.36188126e-01 -6.56006143e-01 -1.13430215e+04 1.36900167e+01
 -3.91951082e-01 1.33168259e-01 -2.01569187e-01 -1.28980089e-01 2.83739865e+03 1.36886915e+01
 -5.50767822e-01 1.35251778e-01 1.32687568e+00 8.64431426e-01 -1.22186465e+04 1.37184437e+01
 7.64640552e-01 9.74381435e-02 -1.63846126e-01 -1.45725444e-01 -1.58197086e+04 1.37086635e+01
 -3.59388876e-01 4.13249380e-01 1.13575801e+00 -6.00913873e-02 1.35190756e+03 1.36933706e+01
 4.88808584e-01 2.39480638e-01 1.17939056e+00 -1.57543089e-01 -3.47426402e+04 1.37024212e+01
 1.77634631e-01 6.01836333e-01 1.98630026e-01 -2.22162053e-01 -6.88456356e+03 1.37045066e+01
 -3.95819697e-01 -2.41637700e-01 -2.58772560e-03 4.14602653e-01 -5.13819999e+03 1.36909148e+01
 -5.12904729e-01 -3.64092328e-01 -5.92310945e-01 4.32173175e-01 -5.96157609e+03 1.36974657e+01
 -8.52888481e-03 4.86669241e-02 1.44913120e+00 -8.66225880e-01 1.39925759e+04 1.36983949e+01
 -5.41343952e-01 3.13841655e-01 4.32101179e-01 3.52528405e-01 3.26879226e+04 1.37087630e+01
 1.42284444e+00 -5.60578810e-01 3.95971904e-01 4.90716403e-01 9.18864248e+03 1.37032982e+01
 -1.86233050e+00 -9.87308024e-01 -6.75720215e-01 5.01452479e-01 1.70987346e+04 1.36927313e+01
 6.16665492e-01 -6.68513987e-01 1.30447289e+00 -3.41248406e-01 7.55097216e+03 1.36958085e+01
 -3.20199443e-01 -2.30106051e-02 1.02230469e+00 -2.21501210e-01 -8.95940983e+03 1.36972201e+01
 -2.87972530e-01 1.31604024e-01 7.11371884e-01 2.20903982e-01 7.96672703e+03 1.37097969e+01
 -1.50828549e-02 -5.14780211e-01 1.65144996e+00 2.45935840e-01 1.53444611e+04 1.36914520e+01
 1.37922669e+00 6.10774171e-02 -3.62071416e-01 -2.25223721e-02 9.78219036e+03 1.37029582e+01
 -2.25828827e+00 1.40364728e-01 -2.60232302e+00 -2.25839908e-01 -3.25632731e+03 1.36928613e+01
 6.54817812e-01 2.12386626e-02 2.05836292e+00 -4.86576936e-01 -1.04028916e+03 1.37048053e+01
 3.83909612e-01 5.57346429e-01 2.76023776e+00 3.39052228e-01 -1.81142421e+04 1.37012064e+01
 2.26159004e+00 -9.83995607e-02 -4.97223746e-02 6.38649336e-01 -1.99200091e+04 1.37130433e+01
 8.75641546e-01 3.63460766e-02 8.27249690e-01 -2.17254038e-01 -2.77731726e+04 1.37091147e+01
 9.36336152e-01 -2.24195497e-02 -8.52434711e-01 3.96407646e-02 1.27359776e+04 1.37170951e+01
 2.62379987e-01 -6.29296815e-01 4.36737508e-01 1.16578410e+00 3.79003718e+04 1.36990214e+01
 -6.61682907e-01 -2.39403532e-01 -1.71723242e-01 -9.40218561e-01 -2.16508989e+04 1.36980846e+01
 1.68816075e-01 6.81864228e-01 -1.91026322e+00 -3.81649885e-01 2.18169178e+03 1.37054459e+01
 -4.33560680e-01 5.98764134e-01 -2.41766277e-01 -1.54828133e-01 2.32611459e+04 1.36886393e+01
 -6.17508482e-02 -3.42785638e-01 -3.96093705e-01 8.62223397e-02 -7.94837902e+03 1.36983108e+01
 1.80242271e+00 -8.41776052e-01 7.29312302e-01 3.38460800e-01 1.06371659e+04 1.36973389e+01
 6.72792651e-01 4.90693384e-01 1.64198020e+00 1.36471523e-01 2.23033842e+04 1.36976070e+01
 -1.55281877e-01 -4.21158641e-02 5.59702402e-01 1.22624365e-01 4.27892765e+04 1.36950120e+01
 2.41460531e+00 -8.72141423e-01 -3.45073876e+00 2.86688417e-01 -9.36633935e+03 1.37025119e+01
 -2.12851770e+00 1.20864674e-01 -1.77347929e+00 -3.88534684e-01 -9.08390306e+03 1.36923272e+01
 1.42498589e+00 -2.71729194e-01 -1.31158338e+00 6.12384364e-01 1.99440743e+04 1.37101027e+01
 1.86429963e-01 -9.90762516e-01 4.83376892e-01 1.97884989e-02 -2.29482771e+04 1.37063126e+01
 -1.38792256e+00 -8.06088859e-01 7.11595266e-01 2.09564939e-02 2.91659008e+03 1.37045470e+01
 5.77787838e-01 -4.53638652e-01 1.43417401e+00 5.37066410e-01 4.87009418e+03 1.37126771e+01
 -3.38533949e-01 -1.47927731e-01 -1.12472377e+00 7.49217547e-01 -9.07256184e+03 1.36984651e+01
 -1.26665571e+00 -2.68330220e-02 -6.57642315e-01 1.93013758e-01 -1.59969401e+03 1.36931822e+01
 -1.65663965e-01 -3.32087709e-01 3.40313799e-01 4.48915286e-02 -3.26744983e+04 1.36979158e+01
 -1.63676219e+00 -4.83480262e-01 -8.64653991e-01 -2.73832626e-01 2.92470003e+03 1.36900580e+01
 1.31755449e+00 -3.59644927e-01 -5.58684459e-01 7.25250648e-01 1.73284256e+04 1.36942194e+01
 -3.74163416e-01 -6.65686805e-01 -1.46244968e+00 -3.89697491e-02 3.58981305e+04 1.37180424e+01
 1.17073558e+00 1.29611665e-01 2.32291567e+00 -1.08035255e+00 -1.34611638e+04 1.37060605e+01
 3.44862196e-01 -9.52479466e-01 1.95717090e-01 -3.73396866e-01 -4.44348057e+04 1.37004323e+01
 1.46711830e+00 8.12750318e-01 -3.18586650e-01 1.21372855e-01 -6.47768610e+03 1.37015008e+01
 1.37850093e+00 2.34346350e-01 -1.01499251e+00 -5.15416326e-01 -2.25868935e+04 1.37084082e+01
 2.92612212e-01 8.18875405e-02 -9.27133569e-01 3.23918982e-02 4.09035742e+03 1.37038851e+01
 -5.04381214e-01 -2.13441874e-01 1.12185276e+00 8.11220439e-01 1.92772143e+03 1.37004406e+01
 -1.68750550e+00 3.50106420e-01 -1.27938258e-01 -3.56798751e-01 1.71768953e+04 1.37036336e+01
 6.82202877e-01 1.31269761e+00 -1.58039110e+00 5.95625359e-02 -2.38626129e+03 1.37123481e+01
 -7.48701449e-01 5.16162049e-01 1.21647448e+00 1.90938423e-01 1.19808581e+04 1.36888636e+01
 2.14391852e+00 4.33836116e-01 1.08138740e+00 2.41627559e-01 -7.97845253e+03 1.37156190e+01
 -1.62725970e-02 3.14380785e-02 1.18928041e-01 -6.47221647e-01 7.53994948e+03 1.36980508e+01
 1.66283231e+00 5.16359402e-01 4.45674069e-02 8.20180515e-01 -9.86749207e+03 1.37010653e+01
 1.19900223e+00 -7.52791205e-01 -8.49249547e-01 3.29298962e-02 -1.40686632e+04 1.37064501e+01
 -3.44938146e-01 -9.90950048e-02 2.98085025e-01 1.17642179e-01 -1.44105706e+03 1.37020637e+01
 -3.70554366e-01 -5.34612434e-01 1.82396251e+00 -3.09893179e-01 8.15699925e+03 1.36984776e+01
 4.51523323e-01 7.49188451e-02 1.74466448e+00 -6.76703892e-02 3.21156227e+04 1.37109904e+01
 1.64008372e-01 -1.09665968e+00 3.94652386e-01 -4.40645408e-01 4.35906700e+03 1.37020640e+01
 -5.66204498e-01 1.04757217e-02 -4.29694837e-03 -2.38088299e-01 -2.77388567e+04 1.36958463e+01
 7.23405145e-01 1.15993993e+00 -1.00689284e+00 9.21022151e-02 -8.87860078e+02 1.37024313e+01
 1.46674698e+00 -6.95068985e-01 -1.69940384e+00 3.99854265e-01 1.55015297e+04 1.37029419e+01
 -4.63540989e-01 -7.98181405e-01 -4.63672487e-01 -3.98947555e-01 1.74575327e+04 1.36970474e+01
 -6.35347555e-01 -1.33451763e+00 -1.09260098e+00 5.19377061e-01 -5.47787477e+03 1.36850995e+01
 -2.70466105e+00 -6.44860011e-01 1.75325729e-01 3.51386392e-01 1.66452255e+04 1.36892245e+01
 9.32935715e-02 -6.05557461e-01 5.16322067e-01 2.81376964e-01 4.03554145e+03 1.36920805e+01
 -4.76380675e-01 -5.66365733e-01 -2.73440687e-01 1.35868079e-01 -9.23434293e+03 1.36966596e+01
 1.90597272e-01 9.34348133e-01 -5.93103437e-02 -3.98053184e-01 -1.40903812e+04 1.36982262e+01
 -8.24252958e-01 -2.59327549e-01 -1.44011440e+00 4.27517868e-01 -1.26110356e+04 1.37065579e+01
 -1.55532980e+00 3.93379756e-01 -8.68082066e-01 1.27481739e-02 6.35389360e+03 1.36842334e+01
 -5.35974345e-01 6.17295644e-02 -7.90658181e-01 -3.59177898e-03 -1.99996662e+04 1.36956329e+01
 9.65929571e-02 1.81026776e-01 -8.78803879e-01 -5.89045884e-01 -7.00942697e+03 1.37006330e+01
 -1.01750628e+00 6.25349082e-02 5.93259838e-01 3.92182816e-02 -3.08151150e+04 1.36996899e+01
 4.58583520e-01 -3.69571599e-01 -7.19289807e-01 -1.22046554e-01 1.69875756e+04 1.36959912e+01
 1.68021668e+00 -2.54952546e-01 -1.10678250e+00 8.75001056e-02 -1.66377898e+04 1.37163348e+01
 -8.71236953e-01 5.42360163e-01 -1.29460493e+00 -3.00690175e-01 1.27573493e+04 1.36924248e+01
 3.00794063e-01 -1.83513780e-01 -9.97406682e-01 -4.60976417e-02 3.43224014e+04 1.37101831e+01
 -3.49447916e-01 -1.18755970e-01 1.19247206e+00 -2.43780191e-01 -3.68709042e+04 1.37101625e+01
 -1.51365354e+00 3.12465728e-01 -5.76663072e-01 1.05233944e-01 -3.67872984e+04 1.36908951e+01
 2.02172436e+00 7.38305198e-01 1.27740228e-01 1.46689725e-01 -1.13607196e+04 1.37093252e+01
 1.31352244e-01 5.44016371e-01 -2.37679625e+00 2.42792287e-01 1.90035970e+04 1.36942909e+01
 -8.36103644e-01 -1.30517165e-01 1.64493151e+00 2.11826793e-01 -3.13802224e+04 1.36953299e+01
 1.25822039e+00 8.22331376e-02 6.69380432e-01 3.17514602e-01 2.48912484e+04 1.37084059e+01
 4.26076451e-01 -7.81133763e-01 1.23097723e+00 -1.17071917e-01 1.05679412e+04 1.36943344e+01
 -7.17730757e-01 3.35717290e-02 2.60873565e+00 -2.29991633e-01 -3.25452209e+04 1.37049355e+01
 1.25927497e-01 -3.56395650e-01 1.13048509e+00 -1.95791300e-01 -1.68490562e+03 1.36877445e+01
 -1.00229061e+00 -5.33478300e-02 1.29092388e-02 1.53380638e-01 -2.59959040e+04 1.36978310e+01
 1.66631873e+00 6.31422850e-01 3.63395004e+00 -3.67614118e-01 -9.08482103e+03 1.37058863e+01
 1.41470544e+00 -1.17150781e+00 -1.94563300e+00 -5.55105895e-01 3.04514002e+04 1.36949376e+01
 -3.21915349e-01 -5.03379637e-01 2.64396364e-01 8.78582558e-02 2.36150854e+04 1.36977109e+01
 5.91721015e-02 -1.30919148e-01 6.21647921e-02 1.10357252e-01 -2.32152021e+04 1.36970212e+01
 1.45346413e-01 5.74942685e-01 -3.05753202e-01 2.83727526e-01 -8.04747485e+03 1.36964948e+01
 -9.68163831e-01 -3.88158631e-01 1.33746747e+00 3.97205938e-01 2.41421131e+04 1.36959419e+01
 -1.20738953e+00 -6.63894130e-01 8.15906329e-01 3.26651815e-01 1.91811906e+04 1.36932398e+01
 1.77379578e+00 -3.63999461e-01 -1.32864040e+00 -8.00987199e-01 -2.92252429e+04 1.36974896e+01
 -8.71140352e-01 5.93356436e-01 -8.89330688e-01 -4.47576307e-02 2.59597118e+04 1.36946559e+01
 -5.29652794e-01 -1.70912140e-01 -2.24109520e+00 -7.97043507e-01 -3.34679251e+04 1.37065823e+01
 6.24987370e-01 2.74523094e-01 2.40777813e+00 -6.91465783e-01 -1.96550986e+04 1.36859273e+01
 5.04139051e-01 -4.23553863e-01 -1.19967017e-01 5.50475483e-01 -2.35264243e+03 1.37058226e+01
 1.12746514e+00 -3.65084456e-02 1.07548879e+00 1.11167021e+00 -2.04405029e+04 1.37039186e+01
 9.16735990e-01 -1.38729723e-01 1.41789475e+00 -1.13746325e+00 1.89854992e+03 1.37085534e+01
 1.37370175e+00 -4.03029456e-01 1.33202791e+00 1.85578412e-01 -2.52475457e+04 1.37098552e+01
 1.49401984e+00 8.06336933e-01 4.10025541e-02 6.72934334e-01 1.78265114e+04 1.37029024e+01
 3.06788292e+00 5.53397081e-02 -1.19581827e+00 5.29080726e-01 2.51630756e+03 1.37077799e+01
 1.41751257e+00 3.36621259e-01 -2.31627630e+00 -2.75142542e-01 -1.61393795e+04 1.37092868e+01
 1.20672590e+00 1.63823489e-01 7.94098104e-02 1.43800445e-02 -2.35013147e+04 1.37080358e+01
 3.85855841e-01 2.74774777e-01 3.06979444e+00 -4.27598961e-01 -3.70754522e+04 1.36904495e+01
 9.17562526e-02 -7.23238157e-02 2.75818594e-01 -3.82456359e-01 4.52393656e+04 1.37026132e+01
 -1.63826932e-01 -4.96248633e-01 1.01920183e+00 2.92709615e-01 5.16509544e+03 1.37013150e+01
 2.02058686e+00 -9.28025645e-02 1.39044773e+00 -5.79987516e-01 2.06450635e+04 1.37131090e+01
 -2.22980820e+00 -8.07950959e-01 2.89573761e-01 2.03397091e-01 2.55698093e+03 1.36971588e+01
 -9.41054480e-02 -9.41551317e-02 -5.24620773e-01 2.90115511e-02 -3.19967871e+03 1.37040568e+01
 1.48554386e+00 9.47539336e-04 3.50403002e-01 -4.17498610e-01 -1.26139799e+04 1.37078078e+01
 5.94695206e-01 -1.48632704e-01 1.01089981e+00 6.49071447e-01 -2.52963793e+04 1.37024780e+01
 1.17206518e+00 -1.61035751e-01 -2.61509857e+00 -3.72275496e-03 7.79793008e+03 1.37047683e+01
 -8.64541930e-01 -6.26538297e-01 1.60258266e+00 -4.09753055e-01 -3.05259025e+04 1.37048192e+01
 8.67096598e-02 -6.45931475e-01 2.03053267e+00 -1.47797163e-01 1.01343480e+04 1.36953208e+01
 -8.56843906e-01 3.59214136e-01 1.56203609e+00 -4.13486281e-01 -1.11154475e+04 1.36968626e+01
 -1.05621154e-01 -1.64965216e-01 -3.18290836e-01 -1.02957288e-02 4.13081973e+01 1.36915347e+01
 -9.17491688e-01 1.41172802e-01 1.86973011e+00 -4.56312447e-01 -1.64075001e+04 1.36999428e+01
 -9.23740233e-01 -4.63833749e-01 1.02240444e+00 8.56083932e-02 -2.11925376e+02 1.36935223e+01
 -5.75177060e-02 5.16206704e-01 1.52570950e+00 3.13309377e-01 1.75315874e+04 1.37005347e+01
 -4.73764494e-01 -5.80386869e-01 -6.84947749e-01 1.40883982e-01 4.69942538e+03 1.37033239e+01
 2.01387223e-02 1.00909730e+00 1.10088227e+00 -3.84001810e-01 -5.38980777e+03 1.36948748e+01
 -1.51000579e-01 6.51294259e-01 -2.15891019e-01 2.70374630e-01 -1.34784092e+04 1.36906588e+01
 -6.89327200e-01 5.02660329e-01 -5.72917011e-01 -2.83552408e-01 2.10040416e+04 1.36969554e+01
 -5.64407111e-01 -7.43428083e-01 -2.57230479e-01 -1.81939722e-01 3.26609577e+03 1.36956901e+01
 -2.87748445e-01 5.75466519e-01 1.10760397e+00 2.00909039e-01 -1.42589961e+04 1.36942061e+01
 -1.69294954e+00 -5.62677756e-01 1.22955134e+00 -2.08005059e-02 3.59297519e+03 1.36948083e+01
 -7.50988906e-01 1.15190327e-01 -1.73384249e-01 8.03153766e-01 9.25853288e+02 1.36973569e+01
 1.06072169e-01 -5.27977770e-02 -2.13022097e+00 -2.28021402e-01 -2.72564367e+04 1.37067993e+01
 -2.65785583e-01 6.65917168e-02 -1.29283204e+00 4.52539378e-02 -3.09894239e+03 1.37069893e+01
 1.15238892e+00 5.46420708e-01 9.67102628e-01 1.39863055e-01 4.51861576e+03 1.36962878e+01
 -4.10167279e-01 -2.91205072e-01 3.37793307e+00 3.54019657e-01 -8.57075828e+02 1.37088141e+01
 2.94450225e-01 3.92899403e-04 -1.35313070e+00 1.63837671e-01 2.17357118e+04 1.36888685e+01
 4.97228245e-01 2.50079765e-02 -3.92506697e-01 -4.81083059e-01 -3.86888565e+04 1.37031394e+01
 3.07442210e+00 1.42413929e-01 -8.77945912e-01 4.28171078e-01 -2.05899760e+04 1.37133233e+01
 9.64040329e-01 -8.19419667e-01 4.89751292e-01 5.26805489e-01 -1.28335147e+04 1.36932253e+01
 -3.02240384e-02 5.04139321e-01 1.32379459e+00 -1.12099966e-01 -2.54664615e+04 1.37020870e+01
 -9.41967253e-01 4.85189688e-01 2.81432078e-01 -5.90442660e-02 -6.05392601e+03 1.36921890e+01
 1.69404237e-01 3.56729503e-01 1.54581399e-01 -1.60872464e-01 -1.35375715e+04 1.36968598e+01
 8.38115559e-01 5.16577539e-01 -3.70348054e-01 -8.22735504e-01 -1.75823125e+04 1.37122685e+01
 2.15822130e-01 5.92876844e-01 2.08233485e+00 -2.41206434e-01 -3.06627217e+04 1.36894198e+01
 1.63027632e+00 2.92723077e-02 1.03944291e+00 -7.93887587e-01 -3.43677164e+03 1.37070232e+01
 -1.28920100e+00 6.97457809e-01 -1.34324464e+00 -1.93216459e-01 -2.49089970e+04 1.36958155e+01
 -1.50236529e+00 3.22830064e-02 -8.09435831e-01 -6.46917189e-01 -5.36128414e+03 1.36966717e+01
 2.62808530e-01 -5.51349459e-01 -6.31534150e-01 5.10630327e-01 4.22043001e+04 1.36973516e+01
 -9.71124657e-01 -2.48040242e-01 -1.41959181e-01 -2.37118180e-01 8.20493418e+03 1.36945154e+01
 -1.94702528e-01 5.31974906e-01 -1.42618564e+00 4.61551672e-01 2.98269230e+04 1.36964538e+01
 3.21079770e-01 5.24439738e-01 1.26383299e+00 7.29718998e-01 -1.59761922e+04 1.36934410e+01
 4.81111029e-01 1.32000272e-01 3.06301459e-01 -4.88694883e-01 -2.17598528e+04 1.37032074e+01
 -5.23298322e-01 -3.63740319e-01 -1.31846843e+00 -8.48388427e-02 7.99213587e+03 1.37001945e+01
 -9.31688774e-02 2.17716333e-01 -1.14385657e-02 -6.11125993e-01 -3.76684831e+03 1.36893351e+01
 1.52423465e+00 -2.84159237e-01 1.84266734e+00 5.06922724e-01 2.58500572e+04 1.37088416e+01
 -1.79463733e+00 -5.39627836e-01 4.76235741e-01 -2.56243364e-01 2.08216796e+04 1.36799667e+01
 1.07065928e+00 -1.90492160e-01 -3.26562338e-01 -3.57391375e-01 9.62831596e+03 1.37161218e+01
 -5.03917856e-01 3.89811540e-02 4.86029912e-01 -2.11593352e-01 -9.73703510e+03 1.37091815e+01
 1.46804865e-01 -1.68076253e-01 9.59689560e-02 1.96096040e-01 7.45911995e+03 1.36981516e+01
 4.65828533e-01 5.24054938e-01 4.76179809e-01 3.14859803e-01 -4.02000480e+04 1.36957151e+01
 1.71860518e+00 -1.14011926e-01 -7.48321453e-01 8.70578299e-02 -1.66182518e+04 1.37066823e+01
 -1.93451521e+00 1.10955535e+00 -1.93155160e+00 -5.47434755e-01 7.83313121e+03 1.36940987e+01
 4.48907372e-02 3.83569154e-01 1.09545748e+00 8.26145117e-01 1.52873632e+04 1.36920423e+01
 2.94074410e-01 -6.49721178e-01 -3.33239931e-01 4.71980211e-02 5.11734521e+03 1.36974859e+01
 -1.73091965e+00 -3.92578828e-01 -2.18894993e-01 -1.57456179e-01 1.95452530e+04 1.36948770e+01
 1.20951738e+00 7.73829784e-01 -1.88073352e+00 5.92165494e-01 -2.57183777e+04 1.37013568e+01
 -1.18519297e+00 -1.48186637e-01 8.00240738e-01 -3.77289737e-02 1.94451645e+04 1.37032982e+01
 -1.75962035e-01 4.86311116e-01 -5.00601871e-02 5.38899710e-02 -1.62003587e+04 1.36990713e+01
 3.49496535e-01 -3.14939552e-01 2.34172321e-01 4.03680944e-01 4.90611973e+03 1.37038749e+01
 1.32730246e+00 1.72110709e-01 1.33458115e+00 2.40958364e-01 -1.07033215e+04 1.37211887e+01
 -3.83517945e-01 8.41274962e-01 -2.14275500e+00 -4.89303277e-01 -4.88835760e+03 1.36917144e+01
 -8.84881505e-03 1.25509953e-03 -1.03841741e+00 -4.80715305e-01 -3.43934364e+03 1.37042761e+01
 -6.48625790e-02 7.57049596e-01 -2.24980100e-02 -4.83740777e-01 -1.61421011e+04 1.37090005e+01
 -1.17060668e-01 3.44308067e-01 -8.99378209e-02 -6.80827720e-01 -2.05551772e+03 1.37019365e+01
 7.96325327e-01 4.33706477e-01 -7.78871086e-01 -5.27197375e-02 -5.67859940e+03 1.36988022e+01
 7.57199885e-01 -3.22795070e-01 -8.63501915e-01 -3.34062155e-02 9.36380270e+03 1.37069065e+01
 -6.86120432e-01 6.26434863e-01 1.44092006e-01 3.38268650e-01 2.63560448e+04 1.36955347e+01
 -2.11966489e+00 -7.52073528e-01 -2.07442937e+00 -3.69752063e-01 -1.95230090e+04 1.36981635e+01
 -7.39854709e-01 3.43195294e-01 1.42412959e+00 -3.97333692e-01 -2.20274622e+04 1.36922505e+01
 -4.28648289e-01 3.98370801e-01 1.75821623e+00 -4.94418998e-01 1.69344574e+04 1.36967961e+01
 2.66814486e-02 -8.80627009e-02 -1.82556029e+00 1.87176112e-01 1.34140041e+04 1.36984756e+01
 -8.88853453e-01 -2.44910146e-02 -8.24868795e-01 -4.77684925e-01 -1.75706633e+01 1.36829750e+01
 2.84440266e-02 3.51543758e-01 -1.65508320e-01 -5.00502733e-01 3.94045433e+04 1.37023831e+01
 1.15204547e-01 -2.45868523e-01 -7.72049109e-03 -2.95582106e-01 -1.74940684e+04 1.36961826e+01
 8.67534298e-01 -6.07371362e-02 -1.79477430e-01 -4.63407324e-01 1.18080288e+04 1.36996470e+01
 -1.36059618e+00 3.59246052e-01 -1.39637961e+00 1.46291162e+00 -1.35292105e+04 1.37120468e+01
 1.09558050e-01 -5.60261370e-02 6.93167604e-01 5.31790701e-02 1.65098301e+04 1.37059701e+01
 1.03769290e+00 -5.96230430e-01 1.25297990e+00 -3.49860075e-01 1.76658471e+04 1.37093208e+01
 1.56934644e+00 1.52266669e-01 -4.06144952e-01 6.81588949e-01 -1.80095262e+04 1.36969533e+01
 4.40227281e-02 -3.07381321e-01 6.20752164e-01 -5.15925033e-01 -1.66941010e+04 1.37132215e+01
 1.61043197e+00 1.83037224e-01 1.51045589e+00 -2.90255907e-01 -3.97951197e+03 1.37043144e+01
 8.68805458e-01 5.51140292e-01 -2.54978153e-01 -3.31484954e-01 -1.45610507e+04 1.37040529e+01
 1.92626800e+00 -2.90708896e-01 7.52943362e-01 2.08588172e-01 -1.26334251e+04 1.37102710e+01
 9.49874936e-01 6.93849554e-01 -1.58134206e+00 -1.79489714e-01 -1.02000184e+04 1.37051490e+01
 1.77273662e+00 -1.17683724e-01 -4.50442405e-01 1.39802832e-01 -6.64559737e+03 1.37058584e+01
 -6.26319453e-01 4.02199939e-01 1.18546530e+00 2.79680467e-01 -1.15861644e+04 1.36981667e+01
 6.78775352e-01 -3.11537388e-01 7.16657463e-01 -4.21869468e-01 -1.60510449e+04 1.36878922e+01
 6.01263539e-01 -2.78334534e-01 -5.69924622e-01 3.89112204e-01 2.57951547e+04 1.36982524e+01
 1.35747354e+00 2.11944737e-01 -2.19689706e-01 -5.28031224e-01 -4.88908788e+03 1.36954623e+01
 9.97969946e-01 -5.70366073e-01 -6.14312244e-02 1.52494387e-01 -2.79809617e+03 1.37107700e+01
 -1.48617503e-01 -2.97657409e-01 -5.44361116e-01 -5.38050622e-01 -2.42681526e+04 1.37063369e+01
 -1.97187996e+00 4.98030325e-01 -4.07452653e-02 -8.35089471e-02 -2.27282250e+04 1.36969541e+01
 2.41574708e+00 9.06265870e-01 2.11226730e+00 7.63626321e-02 -1.58470233e+02 1.37053902e+01
 -1.38210959e+00 -2.53995451e-01 -2.58537648e-01 3.70891065e-01 2.73907503e+04 1.37014180e+01
 -7.40147725e-01 -2.27550430e-03 2.15768427e-01 -1.84824693e-02 -2.16629821e+04 1.36829267e+01
 7.02261212e-01 -2.73176924e-01 2.99548326e-01 3.92179360e-01 8.46231940e+03 1.37049411e+01
 -1.39064199e+00 3.51754950e-01 2.70228907e+00 6.34458740e-02 -3.03864068e+04 1.36919698e+01
 3.85904974e-01 4.97218632e-01 -4.54827462e-01 -1.55649905e-01 -3.38600949e+04 1.37034861e+01
 3.80603480e-01 -7.58426359e-01 -7.76896723e-01 -7.86532591e-02 3.63306800e+04 1.36935945e+01
 6.70283382e-01 -6.65602845e-01 -1.53581674e+00 5.75148262e-01 -4.53010080e+04 1.37010990e+01
 -4.06735264e-01 -5.67301563e-01 1.80174732e-01 1.97337103e-01 1.16010081e+04 1.36979321e+01
 -6.96028249e-01 -5.44514563e-02 -7.43679479e-01 2.03324203e-01 -8.98302854e+02 1.37030750e+01
 -2.00839599e+00 -6.83796049e-01 1.31935493e-01 5.80204782e-01 3.32103810e+03 1.36968391e+01
 1.42224273e+00 -1.44196172e-01 7.19829203e-02 3.44423088e-01 4.32881843e+03 1.36996642e+01
 4.16306505e-01 -6.52200234e-02 -1.09257039e+00 6.72030773e-01 3.28282940e+04 1.36958939e+01
 -3.65093511e-01 -9.71331213e-01 -1.21439488e+00 -4.34214531e-01 -1.38715663e+04 1.36859055e+01
 -9.05230415e-01 5.00276165e-01 3.58258131e-01 7.93934191e-03 -1.10823956e+04 1.37004256e+01
 -8.01617380e-01 -2.29557419e-01 -1.50421891e+00 -2.50211254e-01 1.97067760e+04 1.36951512e+01
 3.45626468e-01 4.50227079e-01 -1.34628944e+00 -2.61368497e-01 -1.99455993e+04 1.37005102e+01
 -8.86146491e-01 -7.07466934e-01 1.44001810e-01 9.08162490e-02 1.77601541e+04 1.37089209e+01
 -6.29710572e-01 5.31972983e-01 8.26711554e-02 1.10426301e-01 -1.28267891e+04 1.37018128e+01
 -1.91562585e-01 -1.82661007e-01 -5.69849271e-02 9.61458660e-01 -2.72807109e+03 1.37038212e+01
 2.56498195e-01 -1.23957022e-01 1.81603869e+00 -7.41098576e-01 2.20837391e+04 1.37017358e+01
 -6.84135499e-01 -1.21906590e+00 1.39867193e+00 -1.43145769e-01 1.33637478e+04 1.36883567e+01
 -4.75764557e-02 7.75159515e-01 8.97229023e-01 1.00789560e+00 1.50460138e+03 1.36954757e+01
 5.02577583e-01 -3.82359269e-01 -1.03788074e+00 -2.62968148e-02 1.55349178e+04 1.37086069e+01
 -4.67943623e-01 2.58290007e-01 1.82373859e+00 -5.68379622e-01 7.85254707e+03 1.37100130e+01
 6.63316800e-01 -7.68791126e-02 -3.64126268e-01 7.52261317e-02 -9.04278979e+03 1.36975156e+01
 -2.79342538e-01 -9.31345296e-02 -6.79932545e-01 -8.77589088e-02 -3.99226062e+03 1.37021763e+01
 -2.85533107e-01 8.94637652e-01 -3.70981371e-01 2.78667538e-01 -4.00810908e+04 1.37005665e+01
 3.86899070e-01 2.31498659e-01 7.41315344e-01 -5.42238352e-02 1.53270655e+04 1.36940080e+01
 1.49061578e+00 6.04979902e-02 3.72625689e-01 3.80141906e-03 5.11658979e+03 1.37051606e+01
 -1.80716551e-02 4.75534474e-01 1.11867818e+00 8.23076207e-01 1.38733738e+04 1.36878063e+01
 1.14288704e+00 -1.26907726e-01 6.23391780e-01 -1.66334390e-01 2.79183250e+04 1.37061183e+01
 -2.11686371e-01 7.33788479e-01 4.93361570e-01 1.83761579e-01 -2.39161629e+04 1.36990499e+01
 -7.53606199e-01 -1.31519297e-01 1.28632702e-01 2.88137645e-01 -3.93842495e+04 1.37015936e+01
 -1.30117929e+00 -6.72430869e-01 -3.17445483e+00 2.70687694e-01 3.91641547e+03 1.37005619e+01
 1.02447399e+00 -1.94712291e-01 1.16846869e+00 -1.70711502e-01 1.45583686e+04 1.37035965e+01
 -1.18459687e+00 4.12719854e-01 -1.21803878e+00 -3.87083314e-01 -1.27345418e+04 1.37018190e+01
 3.28563460e-02 -3.39511117e-01 2.58885546e+00 8.07222268e-02 3.47188831e+04 1.36904031e+01
 -3.01759210e+00 7.98772368e-01 -2.28479415e+00 4.69826179e-01 8.79175017e+03 1.37000310e+01
 -1.89055324e+00 -4.10738927e-02 -4.55513281e-01 1.60185017e-01 -1.85570495e+04 1.36979502e+01
 1.46425031e+00 1.64204989e-01 -7.49226372e-01 -6.10629739e-01 -1.60001638e+04 1.37021602e+01
 -1.69398629e+00 3.68128818e-01 -9.82911047e-01 -6.75339478e-01 -2.11396787e+04 1.37005510e+01
 -7.79559473e-01 -8.33550971e-01 3.06790077e-01 -7.76600854e-02 8.09140212e+03 1.37089234e+01
 -1.67497347e+00 1.28001484e-01 -2.49677852e+00 -3.65188488e-01 5.29691872e+03 1.36965395e+01
 7.65425672e-01 3.05345614e-01 1.58466701e+00 2.89835246e-01 -4.03922953e+04 1.37046102e+01
 2.53675852e-01 9.81603057e-01 -1.00665806e+00 -1.74136868e-01 3.29035921e+03 1.36882878e+01
 2.17100846e+00 1.11132643e+00 1.80426568e-01 -4.27750704e-01 -2.00171798e+04 1.37143119e+01
 -4.23894254e-02 7.68647347e-01 -9.58767753e-01 2.09799932e-01 1.90301267e+04 1.36910242e+01
 7.39184102e-01 -1.37795413e+00 -1.90381302e-01 1.22086972e+00 7.15058908e+03 1.37063540e+01
 1.88382856e+00 6.98144578e-01 7.56747434e-01 4.89598905e-01 1.32789178e+04 1.36965122e+01
 -1.21562086e-01 1.14017080e+00 -1.47263468e-01 4.82989395e-01 -1.01030731e+03 1.37039392e+01
 1.50443235e+00 -3.04062578e-01 5.61335379e-01 2.11245127e-01 -7.60251498e+01 1.37030530e+01
 -6.87856744e-01 5.52081685e-01 -3.41816249e+00 -7.53789173e-02 -1.28566269e+04 1.37067571e+01
 2.38050940e+00 5.22010747e-02 4.42974684e-01 -3.17246505e-01 -1.00098829e+04 1.37047943e+01
 -2.05093225e-01 -3.58122354e-02 5.17178827e-01 1.25102523e-01 6.33693640e+03 1.37095347e+01
 -9.43358721e-01 -9.50919015e-02 -9.17634954e-01 -1.80566834e-01 -5.97439100e+03 1.36914498e+01
 -4.85751123e-01 -5.40528853e-01 8.65004674e-01 7.25123504e-01 -2.09739190e+04 1.36930084e+01
 -8.05111931e-02 -4.97322695e-01 -4.81586383e-01 6.90016045e-01 4.38783706e+03 1.36928038e+01
 -5.75789056e-01 -5.70959024e-01 -5.90549122e-02 3.27721835e-01 -6.60994692e+03 1.36938407e+01
 -1.75577731e-01 -7.79675853e-02 6.57199218e-01 5.30280265e-01 2.69677464e+04 1.37084534e+01
 -1.66947863e+00 -8.71412193e-02 2.77455593e-01 7.62201887e-01 1.65659663e+04 1.36948693e+01
 4.85192471e-01 2.44715257e-01 -1.79136785e+00 4.18656788e-01 1.29531153e+04 1.37016484e+01
 8.37295795e-01 -1.08749155e-01 1.45022904e-01 -8.80100056e-02 -1.56967876e+04 1.37006079e+01
 -3.08122388e-01 -1.07424273e+00 -1.53521136e+00 1.53258990e-01 -3.29793268e+04 1.37006192e+01
 -3.64012694e-01 4.98880239e-02 1.24191619e-01 4.79163889e-01 -1.10009046e+04 1.36870522e+01
 3.92345013e-01 1.29672254e-01 -2.66893553e-01 -5.82864955e-01 -7.67696315e+03 1.37081927e+01
 -1.70909968e+00 5.92996866e-01 4.21989770e-01 2.12132316e-01 1.64140928e+04 1.36961866e+01
 1.03532472e-01 8.08379687e-02 -4.42798225e-01 -2.14972025e-01 -1.00110004e+04 1.37101122e+01
 -6.60356891e-01 3.70418806e-04 4.37239325e-01 -4.57001571e-01 -2.08706163e+04 1.36987773e+01
 2.06396248e-01 4.93844684e-01 -6.07777459e-02 -8.75083160e-02 7.40713184e+02 1.36912020e+01
 -9.95034287e-01 -2.61999152e-01 7.17661091e-01 1.13647151e-01 1.91313967e+04 1.36969721e+01
 -4.95054832e-01 -2.55098345e-01 -1.31206728e+00 -6.84924568e-01 -6.85614408e+02 1.37058697e+01
 -1.24161622e+00 -2.88812484e-01 -9.56463823e-01 1.47750569e-01 -3.34067737e+03 1.36864306e+01
 -2.79300384e-01 -1.11589174e-01 1.86909282e+00 3.63604499e-01 1.13292983e+04 1.36952366e+01
 -5.77072568e-01 9.98314649e-02 9.66457960e-01 -3.20528886e-01 2.42353906e+03 1.36961068e+01
 -1.11823211e+00 9.80439996e-01 1.20692951e+00 1.57213357e-01 -7.85704613e+02 1.36949440e+01
 7.30982060e-01 -3.81311825e-02 6.33028686e-01 1.70122725e-03 2.16776105e+04 1.37046853e+01
 1.58254719e-01 -6.58615649e-01 5.26871850e-01 1.65733054e-01 -8.29843508e+03 1.37028421e+01
 6.57342654e-01 1.92289232e-01 -1.41558900e+00 2.89159165e-01 1.99128449e+04 1.37018176e+01
 -1.92406380e+00 9.29813666e-01 1.66901955e+00 -2.61318533e-01 -1.09677319e+04 1.36902800e+01
 -8.77323777e-01 1.80669672e-02 -8.64821673e-01 2.37435072e-01 -3.60456263e+02 1.36997424e+01
 2.54300882e-01 5.10553242e-01 3.39291948e-01 -4.22034542e-01 -1.43573841e+03 1.37022404e+01
 8.07062297e-01 1.46187820e-01 5.76667030e-01 -1.13027930e-01 -9.99791367e+03 1.37103010e+01
 -1.15706066e+00 9.80416390e-01 -2.22068087e+00 9.50377334e-01 -1.55345525e+04 1.37073495e+01
 1.76978831e-01 5.30800670e-01 -4.38866883e-01 -6.30456430e-03 -5.19264498e+03 1.36971097e+01
 -1.55094759e+00 -1.62142663e-01 6.07101299e-01 -3.00316423e-01 2.23397797e+03 1.37057838e+01
 -1.20266150e+00 -6.78075053e-01 -7.95897670e-01 -4.06807672e-01 -2.57396228e+04 1.36988123e+01
 2.35131510e+00 9.07499412e-02 -3.60552138e-01 6.24260517e-01 -2.47846052e+04 1.37115876e+01
 -1.01993884e+00 -1.05737307e-01 -6.57886452e-01 -3.58531202e-01 4.39426656e+04 1.36891958e+01
 -4.09420003e-01 5.86140296e-02 1.95645850e+00 -2.32166443e-01 -2.94366227e+04 1.37008445e+01
 2.96260609e-01 3.46173872e-01 2.07425316e-01 3.61940817e-01 5.53344545e+03 1.37099009e+01
 2.98037358e-02 5.62314465e-01 1.98463753e+00 -6.39152413e-02 -8.80945090e+03 1.37060219e+01
 1.03880143e+00 -7.63789002e-01 -5.23715558e-01 1.25522510e-01 -5.20350822e+03 1.36971052e+01
 -7.33818117e-01 -1.25435849e+00 2.75691926e-01 8.18683460e-02 -1.60533122e+04 1.36951385e+01
 -9.05193291e-01 -2.09240120e-01 4.95591242e-01 -3.44847098e-02 3.34066707e+04 1.36963172e+01
 -7.11596718e-01 -6.37408165e-01 8.73515739e-01 8.01037605e-01 2.17914508e+03 1.36864571e+01
 2.43973759e-01 -5.89672374e-01 -2.88752276e-01 -1.01353073e-01 1.46942564e+04 1.37044434e+01
 7.17836127e-01 -3.00261925e-01 -1.46641920e+00 -3.99858527e-01 -2.09554193e+04 1.37164150e+01
 -1.59296924e+00 5.90247417e-01 2.51358109e-01 6.52851686e-03 -2.79123235e+04 1.36982193e+01
 -1.81829801e+00 1.28807888e-03 -1.95200119e+00 9.70021304e-03 4.43145190e+04 1.36989339e+01
 -1.54562531e+00 1.00080273e-01 -6.84806606e-01 8.68047828e-02 1.80800682e+04 1.37104550e+01
 7.78237362e-01 1.00753643e+00 2.58697599e-01 -1.95148787e-01 -9.25243745e+03 1.36978969e+01
 -1.23251489e+00 2.08953593e-01 1.15215217e+00 2.79840297e-01 3.88618170e+03 1.37030159e+01
 -5.20120919e-01 1.30520102e+00 2.98287265e+00 -2.32743930e-01 2.68748735e+04 1.36940248e+01
 7.14326524e-01 -4.30538521e-01 -2.03830908e-01 -1.46687541e-01 -3.15012518e+04 1.37005729e+01
 -4.12357780e-01 -1.08356706e-01 -7.56756112e-01 1.82921635e-01 1.14786271e+04 1.36979850e+01
 -1.39935579e+00 5.92484158e-01 -9.06343841e-01 -1.51250659e-01 -3.16592325e+03 1.36976055e+01
 -3.05997876e-01 7.97809049e-02 1.78007507e-01 5.03649685e-01 9.37565793e+03 1.36965752e+01
 3.02904839e-01 -1.11894495e+00 2.28642670e-01 1.79888532e-01 -1.37942507e+04 1.36948915e+01
 -1.51204986e+00 -2.61002890e-01 -2.65279600e-01 7.83891152e-02 1.09018966e+04 1.37055431e+01
 3.86808921e-01 5.92948906e-01 -8.13816748e-03 -3.71741655e-01 -3.75324279e+03 1.37035724e+01
 1.58619271e+00 6.18686561e-02 1.87469639e+00 6.74741822e-01 3.30926270e+04 1.37001730e+01
 -1.15400447e+00 2.46994036e-01 1.48888428e+00 5.65227319e-01 4.71959587e+03 1.36918958e+01
 1.60276873e-02 -2.63082451e-02 -3.82248744e-01 -4.49303827e-02 -2.19146848e+04 1.37038282e+01
 -1.43217880e+00 2.46875206e-01 -9.12768508e-01 4.40141666e-02 2.77853233e+04 1.37013153e+01
 3.39018631e-01 5.87573627e-01 1.11361030e+00 -3.03657916e-01 1.07431318e+04 1.36962571e+01
 -5.65293913e-01 7.45109165e-01 2.63894326e+00 -9.28960800e-01 1.43949520e+04 1.36947857e+01
 -8.03171056e-01 -4.90049589e-01 -1.05217172e+00 -2.60362804e-01 -1.88547949e+04 1.36938382e+01
 -3.20150360e-01 6.02861572e-02 1.55664769e+00 -5.75413663e-01 1.35796497e+04 1.37046748e+01
 8.20510699e-01 -1.03331929e-01 -3.68698588e-01 9.20096403e-01 -2.14349101e+04 1.37060070e+01
 -1.03447764e+00 -5.85249152e-01 -5.95645844e-01 7.39627938e-02 4.71576461e+03 1.36960911e+01
 -6.08960176e-01 2.40705436e-01 -2.35303607e+00 6.54578748e-01 -2.58196250e+04 1.36926021e+01
 9.72699718e-01 8.60425798e-01 7.02188427e-01 2.35066461e-01 2.82987332e+03 1.37203199e+01
 -1.74258775e-01 -4.31272204e-01 -1.15028415e+00 1.60656371e-01 -2.54770925e+03 1.36907758e+01
 1.06330391e+00 -1.03120793e-01 -9.82227035e-01 2.74442738e-01 1.73458703e+04 1.37011455e+01
 6.43047919e-01 -9.68903146e-01 -8.18029050e-02 -7.39136814e-02 -3.66166247e+04 1.37033873e+01
 -1.19097670e+00 7.22178551e-01 -9.96196364e-01 -7.17760889e-01 -3.23595568e+04 1.36982965e+01
 1.60044149e-01 -5.97556394e-01 -2.53815267e-01 6.41936162e-01 -5.45083956e+03 1.36932362e+01
 1.73584004e+00 -8.06894788e-02 -1.87860150e+00 -1.61912715e-01 -3.96173629e+03 1.37009106e+01
 -1.53524955e+00 -5.02795958e-01 -1.88503536e+00 3.73552684e-01 -1.88408681e+04 1.37010397e+01
 8.29908319e-01 -5.44175418e-01 4.84988076e-01 -2.22531904e-01 -2.13463489e+04 1.36979082e+01
 -1.21111260e+00 9.04439312e-01 6.52897515e-01 -3.87930135e-01 -3.37924838e+04 1.36869057e+01
 -6.37962225e-01 8.35770184e-01 1.84475739e+00 3.02145242e-01 1.40010973e+04 1.36973912e+01
 -6.36108605e-01 -7.05217663e-01 -1.36275948e+00 1.91268460e-01 -2.96436612e+03 1.36896213e+01
 -1.54297281e-01 4.98107367e-01 3.47002595e-01 8.82193549e-01 3.48483660e+03 1.36826855e+01
 1.11788948e+00 -1.49848410e-01 -1.54760714e+00 2.84507723e-01 -7.08489704e+03 1.37033484e+01
 6.38050717e-01 -1.07719086e+00 2.58935821e+00 3.77170189e-01 2.41128222e+03 1.37009081e+01
 4.58769148e-01 3.73405850e-01 6.94144991e-01 -6.67899563e-02 -9.99599406e+03 1.37036890e+01
 1.71139965e+00 -4.50591238e-02 1.59225534e+00 3.35802199e-02 -7.62697793e+03 1.37050057e+01
 6.10835991e-01 1.46432128e-01 2.05330200e+00 6.73470830e-02 -9.74639045e+03 1.37043357e+01
 -5.53438300e-01 2.38416837e-01 -5.07884158e-01 3.98539065e-02 -4.40144797e+03 1.37027246e+01
 -1.74677519e+00 2.66997249e-01 -1.92467935e+00 2.65951497e-01 1.03253151e+04 1.36966982e+01
 -1.18216557e+00 7.43753488e-02 -1.22653725e+00 2.31805899e-01 1.79375452e+04 1.36944274e+01
 -6.07008561e-01 -2.53498228e-01 5.25446250e-01 8.15558663e-02 -6.59380809e+02 1.36983981e+01
 1.96496447e+00 6.12752913e-01 1.79961227e-01 -7.84111058e-01 2.37765906e+03 1.37024148e+01
 6.32552703e-01 -2.00445939e-02 -2.53794048e-01 -3.21110419e-01 1.63402809e+04 1.37077700e+01
 8.20482041e-01 1.10109504e+00 1.05353892e+00 2.83073938e-02 2.14193916e+04 1.36989654e+01
 -7.48227245e-01 -1.97516641e-01 4.85638669e-01 2.07932225e-01 -3.24317149e+04 1.36960232e+01
 2.97203442e-01 2.35128408e-02 -1.78514526e+00 1.47741691e-01 1.17655797e+03 1.37033821e+01
 -7.46609978e-01 5.66666262e-01 -2.27725960e+00 -8.61640139e-01 3.32865033e+04 1.36926817e+01
 -1.12963948e+00 8.31824058e-02 -1.56141927e+00 -3.64276176e-01 -1.53486466e+04 1.36854953e+01
 -1.24111854e+00 -2.49062304e-01 1.68036824e+00 6.31014609e-01 1.18838851e+03 1.37012308e+01
 9.69770267e-01 -8.01487246e-01 -6.32209795e-01 8.87843407e-01 -2.15642778e+03 1.37060629e+01
 1.14053361e+00 -3.65805398e-02 1.02961977e+00 5.13176027e-01 -2.13016939e+04 1.36896507e+01
 9.33505698e-01 3.85444506e-01 -1.59587947e+00 3.47976881e-01 2.46911673e+04 1.37023634e+01
 -1.37072489e-01 -6.27230565e-01 -5.92474968e-01 -5.33621034e-01 -3.20313873e+04 1.36991843e+01
 -6.30384454e-01 2.64289775e-01 -1.68405796e+00 -1.37686251e+00 -5.63918151e+03 1.37069886e+01
 -2.96330567e+00 -2.65248059e-01 1.71305448e+00 1.78902325e-02 1.94603721e+04 1.36868141e+01
 -4.18369775e-01 -6.77877405e-02 7.30438569e-01 -9.90933886e-02 1.09345357e+04 1.36954430e+01
 1.26913980e-01 -1.05905893e+00 -9.62688468e-01 -5.45402739e-01 3.31839403e+03 1.37009878e+01
 -8.73916832e-01 -3.61552960e-01 -2.87816626e-01 2.40175491e-01 -3.59902396e+03 1.36933707e+01
 -4.02555260e-01 6.55589792e-01 -1.37623494e+00 2.11457402e-01 -8.39526581e+03 1.37000431e+01
 1.11092834e+00 -2.15175173e-01 -6.82068535e-01 4.76441091e-03 -2.47414848e+04 1.37128857e+01
 7.79748921e-01 2.87130200e-01 -3.71887965e-01 2.44544942e-02 4.55950891e+04 1.37003755e+01
 4.36610431e-01 1.34962524e+00 1.51347282e+00 4.52376960e-01 -1.37301901e+04 1.36980793e+01
 1.66813787e+00 -8.17489984e-02 -6.19472295e-01 5.25282692e-01 7.97401058e+03 1.37043668e+01
 -2.21862322e+00 1.12887739e-01 -2.96614876e-01 5.49950368e-02 3.24591904e+04 1.36954156e+01
 -4.45550009e-01 -3.82735088e-01 2.96706014e-01 -1.68816383e-01 3.39287641e+03 1.36904928e+01
 -4.27255103e-01 9.57441653e-02 1.38535097e+00 3.29548740e-01 -2.78933356e+04 1.37044186e+01
 -8.86462989e-01 -7.26893185e-01 1.24207746e-01 2.24742537e-01 -2.83058494e+04 1.37090743e+01
 -4.70486974e-01 5.53258622e-01 -1.61988945e+00 1.33741540e-02 -3.53853382e+04 1.36975770e+01
 -2.21850208e-01 -5.74637119e-01 8.49315320e-01 2.47144065e-01 -3.15727574e+03 1.37038214e+01
 4.47745479e-01 -9.10743067e-01 -1.81710948e+00 3.62835087e-01 1.08513769e+04 1.37017067e+01
 2.69023035e-01 -3.68657219e-01 -1.63900541e+00 -8.55004910e-01 -1.54981187e+04 1.36982960e+01
 -6.69697555e-01 -2.64706638e-01 9.89411650e-01 9.15489963e-01 2.58845262e+04 1.36968721e+01
 7.66775589e-01 5.27880656e-01 7.98661513e-01 4.52743653e-01 -2.86499779e+04 1.36970882e+01
 -2.14153960e-01 9.22332258e-01 -1.20182386e-01 4.96460356e-02 -1.60305074e+04 1.36980486e+01
 -1.41490991e+00 3.54619136e-01 -1.14804217e+00 2.67020230e-01 -2.51696840e+04 1.36883380e+01
 -9.26270750e-01 1.97560928e-01 3.56191891e-02 1.72232960e-02 2.44054293e+04 1.37000356e+01
 -7.05466591e-01 2.22551716e-01 -9.54399486e-01 -2.18677373e-01 -3.68138291e+04 1.36934356e+01
 -1.93663045e-01 3.98761048e-02 -2.92112550e-01 1.92165806e-01 3.51032245e+04 1.37172308e+01
 2.43080784e-01 4.72561428e-01 -7.68289150e-01 5.03921490e-01 -2.28086967e+04 1.36959353e+01
 -3.46118097e-01 4.91235686e-01 -9.17758155e-01 -4.96909082e-01 2.42334099e+01 1.37026361e+01
 1.39272543e+00 2.78330069e-01 -3.51043978e-01 5.31068571e-03 -1.08487470e+04 1.36953820e+01
 -8.97754809e-01 -5.58780767e-02 4.12951282e-01 5.26148215e-01 -1.98192087e+03 1.36975689e+01
 6.27612888e-01 9.93650455e-01 -8.06491799e-01 -9.12771746e-01 -2.59829940e+04 1.37044796e+01
 -7.04551831e-01 1.28733488e+00 1.85058660e+00 -2.33182390e-01 -2.39609120e+04 1.37074291e+01
 -1.59174702e+00 8.77687817e-01 4.43769769e-01 -1.55110255e-01 -3.00619271e+04 1.36924305e+01
 -7.73298922e-01 5.11884059e-01 1.14381704e+00 -3.59722375e-01 -1.75384924e+04 1.37037070e+01
 5.01146425e-02 3.35650663e-02 7.15300327e-02 -3.79376686e-01 1.88295807e+04 1.36984037e+01
 -8.56748959e-01 -6.34586827e-01 -1.37653119e+00 -3.34984462e-02 1.65255103e+04 1.36970151e+01
 1.01748159e+00 1.78382749e-01 9.28482326e-01 3.61395529e-01 -9.25965061e+02 1.36992518e+01
 1.30879109e+00 3.20430005e-01 3.34154134e+00 -2.68797709e-01 3.37533559e+04 1.37073681e+01
 1.76373597e-01 3.53917380e-01 6.59130603e-02 6.45029258e-01 -9.79580139e+03 1.36912447e+01
 2.31680932e-01 4.59099451e-01 6.92175836e-01 2.66125519e-01 -5.95218327e+03 1.37046313e+01
 -1.22032477e+00 -1.04094341e-01 -8.21980461e-01 -9.64596257e-02 -6.85047012e+03 1.36930906e+01
 -4.02739331e-01 -1.21928936e+00 7.92778826e-01 2.71925750e-01 2.03876346e+03 1.36984335e+01
 1.54557315e-01 -3.03815738e-01 -1.33564427e-01 -1.01833513e+00 -9.55538219e+03 1.37014808e+01
 4.68429980e-01 -3.05149738e-01 -1.94261690e+00 -7.15283714e-02 -1.30835612e+04 1.37006998e+01
 2.78221526e+00 2.11858523e-01 1.13674711e+00 -3.20752356e-01 -5.56492579e+03 1.37142749e+01
 -1.34627604e+00 2.38352526e-01 -6.52378203e-01 6.19309868e-01 1.82476873e+04 1.36944576e+01
 -1.58384905e+00 -2.87215127e-01 1.11794982e+00 2.30793199e-01 -3.97867835e+04 1.36909284e+01
 1.26669726e+00 -7.20661520e-01 -6.23977894e-01 2.02128544e-01 1.90400721e+04 1.36978631e+01
 -1.19898845e+00 2.66467214e-01 4.05663939e-01 -2.58785022e-01 -6.77701561e+03 1.37057308e+01
 -1.84089103e+00 -1.67374911e-01 9.29806687e-01 -4.09997582e-02 -9.30338684e+03 1.36956843e+01
 -5.08615842e-01 5.49629127e-01 1.47732875e+00 3.94591182e-01 2.12660885e+04 1.36909515e+01
 -5.40502593e-01 7.64773106e-02 1.52965757e+00 4.48035902e-01 1.08473295e+04 1.36983175e+01
 2.36622621e-01 -9.74693823e-01 -3.40373783e-01 3.44493296e-01 2.52041365e+03 1.37114311e+01
 -1.31655482e+00 8.12142105e-02 1.94892068e+00 9.64603715e-01 9.44687884e+03 1.36933455e+01
 7.01942138e-01 2.99922992e-01 -7.57356082e-01 -4.68611668e-01 2.19200859e+04 1.36914426e+01
 3.90295228e-01 -6.60101505e-01 -5.45889872e-01 1.74618530e-01 -1.19014651e+04 1.36932345e+01
 -7.26026396e-01 4.62317162e-01 -4.42777213e-01 -4.53467860e-01 -1.21466066e+04 1.37014869e+01
 -2.30409557e+00 1.03659973e+00 -7.66106386e-01 3.05986817e-01 -2.90695604e+04 1.36839351e+01
 2.92445446e-01 1.32204172e-01 2.77198738e+00 5.67911627e-01 -3.35226311e+03 1.36995259e+01
 7.74466700e-02 -9.40900275e-01 -1.07998669e+00 -4.46414871e-01 -2.97593424e+04 1.37067443e+01
 -6.72674801e-01 4.24849754e-01 5.95435117e-01 4.22945661e-02 -1.22796057e+04 1.37066154e+01
 -7.36413081e-01 -2.12700231e-01 1.98801344e+00 -3.97555591e-01 -1.44913899e+04 1.36912048e+01
 -1.03426063e+00 1.75541084e-01 -4.50597728e-01 -2.51541568e-01 -7.75657691e+02 1.36933616e+01
 1.31250066e+00 -6.12036226e-01 -7.67385177e-01 -2.64199686e-01 -4.00615012e+03 1.36995700e+01
 -4.02103771e-01 -2.15954623e-01 1.64715735e+00 -1.36630957e-01 1.86915820e+04 1.36992197e+01
 1.71880038e+00 -2.56684137e-01 1.42773830e-01 -9.11575949e-02 -1.64813646e+04 1.37107373e+01
 -1.13130276e+00 6.03425269e-01 -1.74831111e-01 -7.28123805e-02 6.63686285e+03 1.36893635e+01
 -3.06918443e+00 -8.33267087e-01 8.83560587e-01 -2.07778992e-01 2.93271444e+04 1.36799127e+01
 1.75720219e-01 1.32510912e-01 7.55931149e-01 -2.56695022e-01 1.08552571e+04 1.36784692e+01
 2.31577519e-04 -1.07741707e-01 8.21753253e-01 1.92517324e-01 -1.05236593e+03 1.36954948e+01
 -1.59414397e-01 -1.31989688e-01 1.85377552e+00 -5.45463086e-02 -9.81391260e+03 1.36961828e+01
 -4.32077272e-01 1.43924940e-01 -1.84462803e+00 3.02004930e-01 1.51263847e+04 1.36914064e+01
 8.06801011e-01 5.50896332e-01 5.68269881e-01 2.00340440e-01 4.50933947e+03 1.37080661e+01
 2.59315010e-01 -3.43973113e-01 -3.83295129e-01 9.60154731e-01 2.38423201e+04 1.37042643e+01
 4.91908788e-01 1.00678241e+00 -8.05768215e-01 -1.04688725e-01 -1.52107840e+04 1.37050820e+01
 -2.80745084e-01 4.51761576e-02 -7.84853836e-01 -4.27825645e-01 1.01811253e+04 1.36987948e+01
 9.25696245e-01 -1.89804304e-01 -6.14735779e-01 -2.00962377e-01 -8.57673460e+03 1.37058148e+01
 -4.93694110e-01 4.17519632e-01 -1.73005731e+00 -3.25954671e-02 -1.61220322e+04 1.37045468e+01
 -1.23939952e-01 1.57456621e-01 2.33931592e-02 -1.91532229e-01 9.89683048e+03 1.36883240e+01
 -1.19052486e+00 1.62877674e+00 5.41113225e-01 1.26603415e-01 4.92085558e+03 1.37032549e+01
 -3.25884897e-01 -3.21321175e-01 6.77716848e-01 -3.76912177e-02 2.84600477e+04 1.37025476e+01
 -1.08767936e+00 -8.21964973e-01 -5.82987291e-01 -6.80883002e-01 9.34042782e+02 1.36846540e+01
 -3.71360443e-01 3.09130506e-01 -6.31184245e-01 -1.07314675e+00 -1.92996467e+04 1.36966870e+01
 7.45974230e-01 9.23655339e-01 1.42866088e+00 -7.39807039e-01 -5.24868263e+02 1.37053192e+01
 3.49589780e-01 -3.04426044e-02 1.01519673e+00 2.77150101e-01 1.13952921e+04 1.37000488e+01
 -3.04674258e+00 3.62325414e-01 9.96931182e-01 3.21612823e-02 -1.77661560e+04 1.36911004e+01
 -9.45863729e-01 1.04218381e+00 1.62367277e+00 -4.12056209e-01 -1.00626719e+04 1.36992846e+01
 -7.34413347e-01 -2.10201855e-01 9.77096395e-02 1.93526196e-01 -1.07356445e+04 1.36928401e+01
 1.25794081e+00 3.47764479e-01 6.99741542e-01 2.15098467e-01 1.62378536e+04 1.37042998e+01
 -6.22560752e-01 1.84654746e-01 4.45942652e-01 -1.07880631e-01 -1.41135625e+04 1.36941482e+01
 -4.57917891e-01 -1.08440967e+00 -7.26538696e-01 -3.00799406e-01 -2.52353624e+04 1.37036871e+01
 -1.29501939e+00 6.68703248e-01 2.31505061e+00 -4.71617021e-01 1.27874077e+04 1.36969641e+01
 -6.85942141e-01 8.72252120e-01 -1.72761695e+00 9.18173247e-02 5.61428518e+04 1.37002924e+01
 -2.81389842e-01 -3.51684916e-01 1.83863806e+00 -6.97842216e-01 -3.96710915e+03 1.36994008e+01
 -7.25167003e-01 -9.63057703e-01 -2.62557154e-01 -4.42369408e-01 2.30917659e+04 1.37042785e+01
 -8.28251836e-01 1.07517970e+00 1.87984264e-01 -4.78023025e-01 -1.45137516e+04 1.37051970e+01
 -8.45294576e-01 7.93878130e-01 -3.10838791e+00 -4.76092706e-02 -2.69495272e+03 1.36965424e+01
 1.81456070e+00 4.40720456e-01 7.11825280e-01 -4.94043486e-01 2.31617471e+04 1.36965638e+01
 5.26772625e-01 4.01029989e-01 1.07799816e+00 -4.53388799e-01 2.57079266e+04 1.37033511e+01
 -1.15210084e+00 -6.31751463e-01 -6.59281798e-01 -1.37242692e-01 -3.26139389e+04 1.36884724e+01
 -8.61211737e-02 5.72863876e-01 1.21112542e+00 -2.23699667e-01 1.90377591e+03 1.37049387e+01
 -1.06189673e+00 -1.86732957e-02 3.04952488e-01 -3.47339739e-01 1.02819274e+04 1.37006781e+01
 3.54853270e-01 -5.14796091e-02 -1.03946101e+00 8.91831647e-02 3.72721838e+04 1.37089507e+01
 3.09138581e-01 1.94055259e-02 -1.47261211e+00 -3.14348378e-01 6.57495144e+03 1.36977727e+01
 -1.35878790e+00 3.42862037e-01 1.59908329e+00 -6.71677688e-01 4.13911547e+03 1.37000764e+01
 2.09603930e+00 -9.61657307e-02 2.02727046e+00 -2.02403044e-01 2.79564438e+04 1.37006614e+01
 -1.52704734e-01 9.52529497e-02 1.84978507e+00 1.36996173e-02 -9.99078450e+03 1.37028252e+01
 1.18841833e+00 -3.11796010e-01 -1.02918969e-01 -7.43001219e-02 2.82830436e+02 1.36970912e+01
 -3.27867371e-01 -1.08837550e+00 8.54759849e-01 9.25228466e-02 -1.52782096e+04 1.36951999e+01
 -1.39876282e+00 3.88187476e-01 9.78225685e-01 8.57770754e-02 -1.71246303e+03 1.36919688e+01
 -3.79251863e-01 6.75150959e-01 -2.76741069e-01 -3.00329197e-01 -1.39680002e+04 1.37029049e+01
 2.43260514e-01 -2.09810438e-01 -1.53882356e+00 -1.68617610e-01 -2.09114870e+04 1.36881429e+01
 1.74984542e-01 -1.17054446e-01 7.39346385e-01 4.76999500e-01 -2.79343388e+04 1.37023895e+01
 2.07866634e+00 3.81250083e-02 -5.99778552e-01 9.79583650e-01 -4.63336365e+03 1.37081805e+01
 -8.96661458e-02 -3.55996196e-01 -2.98576046e-01 4.20177746e-01 2.67501454e+04 1.37003454e+01
 -1.33477002e+00 -2.55469398e-01 -4.12666000e-01 2.98176085e-01 4.69727139e+03 1.36948551e+01
 -5.01823087e-01 -1.94369484e-01 1.09550209e+00 -4.97305351e-01 1.48814518e+04 1.36999758e+01
 -3.01658009e-01 -3.60157129e-01 9.51228899e-01 -1.80424211e-02 -7.19038953e+03 1.36985617e+01
 -1.87160730e-01 -9.38954004e-01 -9.96433275e-01 -2.98087899e-01 -1.74335540e+03 1.36966111e+01
 -1.18372411e+00 -7.00068883e-01 -2.41405114e+00 2.93605826e-01 -3.60387118e+03 1.37020697e+01
 3.40892519e-01 9.15168111e-01 -1.86641292e-01 -5.60582356e-02 3.14196130e+04 1.37050932e+01
 -5.01170020e-01 1.85099990e-01 -1.27850859e+00 7.80369248e-01 5.69053862e+03 1.37084930e+01
 3.87007838e-01 3.48949568e-01 -7.95741536e-01 8.17814791e-01 -1.14694192e+04 1.37021716e+01
 1.72685519e+00 -1.66005055e-01 4.59955745e-01 -5.81742899e-01 -5.48659981e+03 1.36970421e+01
 2.06254784e+00 -2.10134220e-01 -7.29980658e-01 -6.20965946e-01 -7.91631320e+03 1.37049421e+01
 -4.14228594e-01 1.03564188e+00 -4.92405042e-01 4.10505192e-01 -3.18023623e+04 1.37027949e+01
 -3.29930559e-01 2.66963951e-01 8.89625383e-01 -9.38716076e-01 1.08294115e+04 1.36923703e+01
 -8.61676023e-02 8.84922843e-02 -1.51050338e+00 5.55881946e-01 8.06953846e+03 1.36960992e+01
 8.93780932e-01 2.47135036e-01 1.01507466e+00 3.89627531e-01 -5.00817743e+03 1.36990209e+01
 -9.59351854e-01 -4.64388782e-01 4.26303750e-01 -8.89232036e-01 1.88763156e+04 1.36916168e+01
 1.34632086e+00 -1.59105068e-01 3.29632288e+00 2.28664365e-01 7.46759921e+03 1.37015332e+01
 -2.06864214e+00 -7.61712683e-01 -2.56361742e+00 -4.84358810e-01 -3.42068544e+04 1.36951379e+01
 -2.86758884e-01 6.93887674e-02 4.95775107e-01 5.88798918e-01 1.59525244e+04 1.37084139e+01
 -9.32313345e-01 -1.82758475e-01 -1.73913799e+00 -6.34831597e-01 -3.57169389e+04 1.36959245e+01
 -8.03810806e-01 9.27757507e-02 2.17131681e+00 3.38778202e-01 6.40654734e+03 1.36906377e+01
 -1.88095428e+00 6.72027200e-01 6.11631660e-01 -7.97609699e-02 3.41750350e+01 1.36997979e+01
 3.06095757e-02 7.16725088e-01 -8.10218355e-01 -1.73899921e-02 -1.10832853e+04 1.36974466e+01
 5.35264223e-01 -4.18633165e-01 5.40112075e-01 -2.22745581e-02 4.74408217e+03 1.37060297e+01
 1.52432694e+00 -8.17394959e-01 4.18462488e-01 -2.64691782e-01 -3.20253702e+04 1.36997547e+01
 4.46859078e-01 -1.84300980e-01 -5.07670879e-01 -2.28706146e-01 -4.03963268e+03 1.37032961e+01
 1.69892411e+00 2.06148740e-01 -1.11756052e+00 -2.99014489e-01 1.68009595e+04 1.37134121e+01
 -1.67441965e-01 -6.60068634e-01 -2.86189471e-01 -5.39483652e-01 8.81681962e+03 1.36995750e+01
 -1.33602371e+00 -6.25847246e-01 1.22819187e+00 1.08090268e-01 5.43048104e+02 1.36951792e+01
 -2.82525917e-01 1.31762233e-01 -2.27946802e+00 -2.34260504e-01 -1.15274409e+04 1.37017372e+01
 -2.29547465e-03 -1.16792979e-01 -1.48339508e+00 -7.81734484e-01 1.10420884e+04 1.37085792e+01
 -1.18515744e+00 9.71516583e-02 -1.24998725e+00 -3.71265834e-01 3.31313203e+04 1.36853933e+01
 5.82712024e-01 8.04978478e-01 -1.15241800e+00 -1.98300810e-01 7.59786205e+02 1.37002524e+01
 9.77535844e-01 -9.40272677e-02 -1.38629009e+00 -1.20521142e+00 3.16673381e+04 1.37077953e+01
 1.72252089e+00 -2.02695022e-01 -2.83788849e-01 1.36770371e-01 7.13189004e+03 1.37014508e+01
 1.99583034e+00 -4.19242145e-01 4.90295140e-01 7.74310880e-02 1.05942324e+04 1.37013658e+01
 -4.07414191e-01 4.26069881e-01 5.52121581e-02 -5.30068931e-01 2.61677160e+02 1.36959262e+01
 9.18542205e-01 -3.45300947e-02 -3.91098048e-01 1.60107185e-01 -2.26761225e+04 1.37022349e+01
 1.28303687e+00 -1.57058932e-02 -1.09151544e+00 1.82781740e-01 -2.67547572e+04 1.37068707e+01
 -1.47610398e+00 -4.15641113e-01 4.08542125e-01 -5.41919926e-01 2.35872503e+04 1.36835277e+01
 -1.36099282e+00 1.11090058e+00 1.51594304e+00 2.59142003e-01 -5.09719603e+04 1.36977937e+01
 -3.64665062e-01 -7.31045735e-01 -1.08162455e+00 2.88236555e-01 -8.73483847e+03 1.36930182e+01
 6.03879518e-03 7.15669405e-01 1.68381124e-01 6.22775369e-01 -8.66769571e+03 1.37000128e+01
 9.06155224e-02 5.35966406e-02 9.84291134e-01 6.17115214e-02 3.54170368e+03 1.36966127e+01
 -2.24981540e+00 -1.05934316e-02 -7.25357784e-01 -2.45527571e-01 2.41305067e+04 1.36895337e+01
 4.53643111e-02 -4.74675255e-01 7.14501222e-01 4.00421544e-01 -3.07453491e+03 1.37103660e+01
 -3.71337701e+00 1.09562964e-01 1.37308798e-01 -6.52633393e-03 -2.54628460e+04 1.36944492e+01
 -9.48535674e-01 -7.83081926e-02 -6.26699951e-01 2.85886309e-01 1.52215568e+04 1.36981550e+01
 -2.54517665e-01 -7.86825845e-01 2.41737361e-01 5.73658370e-01 -6.50294216e+03 1.37013251e+01
 8.49891747e-01 2.86630611e-01 -1.24895702e+00 1.42085876e-01 -7.64955695e+03 1.37086734e+01
 -1.55025501e+00 -3.64751140e-01 -6.80398276e-01 1.38098568e-01 3.38219172e+04 1.36962979e+01
 -1.33292825e+00 -2.61991325e-01 9.74515896e-01 4.91656434e-01 -1.82170745e+04 1.36910109e+01
 -3.80922424e-02 2.56927869e-01 -4.30299196e-01 -1.60076918e-01 5.26721869e+03 1.36966217e+01
 1.23020398e+00 -4.68878084e-01 -2.29619273e-01 -3.91093285e-01 -2.32319779e+04 1.37082709e+01
 1.67061583e-01 -1.18927147e-02 -1.94206173e-01 3.14002506e-01 -1.89196614e+04 1.36988918e+01
 -2.41704595e+00 1.04814035e+00 -1.41361291e+00 -2.18346195e-01 2.16920503e+03 1.36906723e+01
 6.51480196e-01 -1.97313441e-01 8.35566398e-01 1.65788274e-01 1.63964687e+04 1.37017544e+01
 5.00113783e-01 7.35731128e-01 -7.54893664e-01 -5.44300788e-01 6.74648928e+03 1.36990219e+01
 -4.13855431e-01 1.08464642e+00 -1.45086734e+00 3.96416462e-01 8.58311483e+03 1.36939927e+01
 -2.01324626e+00 4.52452679e-01 -1.40402963e+00 -8.52361611e-01 4.04292359e+04 1.36836898e+01
 -1.56574786e-01 -5.32707709e-03 7.81154769e-01 -5.17115479e-01 2.98982111e+04 1.36954640e+01
 3.52143699e-01 -7.28712919e-02 1.38399670e+00 5.04431644e-02 2.43355905e+04 1.36944582e+01
 1.33594975e+00 6.58638043e-02 -8.42189288e-01 -6.99166614e-02 2.58945792e+03 1.36975194e+01
 1.62215283e+00 -8.95055831e-01 1.04365021e-01 5.92919121e-01 1.19308387e+04 1.36996967e+01
 -2.15408120e+00 5.97739455e-01 1.86103048e-01 1.94327406e-01 2.45663851e+04 1.36977160e+01
 -3.49614031e+00 -1.04086760e-01 -8.40453405e-01 -2.70506428e-01 -2.05015317e+04 1.36867133e+01
 5.81236017e-01 1.09845649e-01 1.28837366e+00 3.38171750e-01 9.59580879e+03 1.37043797e+01
 -3.25381816e-01 1.07111972e-01 -8.03219229e-01 -9.19852128e-01 -8.70898459e+02 1.36965511e+01
 3.51623224e-01 -2.11126021e-01 8.33085832e-01 8.07831127e-01 -1.64965945e+04 1.37037395e+01
 1.27389227e+00 -6.04275047e-01 -4.93850137e-03 9.85685808e-01 1.87547052e+04 1.36991551e+01
 5.41371708e-01 5.02149183e-02 1.09669861e+00 -4.02651686e-01 3.07170376e+04 1.37030315e+01
 2.13509766e-02 2.42499819e-01 1.19297656e-01 2.93063341e-01 -2.92856246e+04 1.37052834e+01
 1.42770432e-01 -2.82164136e-01 6.62354076e-01 7.66337711e-01 -1.21022727e+02 1.37063590e+01
 8.98020954e-01 -2.62649148e-01 4.92351915e-01 4.69302532e-01 2.23559684e+04 1.37055564e+01
 1.61104960e+00 -1.50934080e-01 -1.14322466e+00 -5.09635831e-01 -6.37514443e+02 1.37006556e+01
 -4.29468661e-01 1.75603926e-01 -1.20537925e+00 -1.91358557e-01 8.53899388e+03 1.37010483e+01
 -8.68270532e-01 -1.46450194e-02 -9.44035556e-01 -1.13019502e+00 -9.83727999e+02 1.36876083e+01
 -6.46278649e-01 5.10600567e-02 1.37953854e-01 3.50111103e-01 2.58371237e+04 1.36932024e+01
 -1.40804849e+00 -5.62032494e-01 8.56011304e-01 5.68400254e-02 -8.57748254e+03 1.36883845e+01
 4.97520627e-01 4.66979239e-01 -1.52477822e+00 -3.00070079e-01 -2.00729236e+04 1.36972744e+01
 1.52955531e+00 -7.03930756e-01 1.71265595e-01 5.55906308e-02 -1.97947745e+03 1.37059428e+01
 1.77171183e+00 -9.28679818e-02 6.22121622e-01 -6.44947158e-01 2.13636184e+03 1.37167693e+01
 -1.41757440e+00 4.25741646e-01 1.67293260e+00 -3.33187834e-01 2.10818389e+03 1.36954211e+01
 6.47826633e-01 -5.13089458e-01 -4.73773721e-04 -5.05296961e-01 2.03276347e+04 1.37051730e+01
 -2.80731273e-01 -8.96758434e-02 1.11909968e+00 4.55598867e-03 -4.92434363e+03 1.36976088e+01
 -7.63373076e-01 4.11851922e-01 -1.28799192e+00 4.16541872e-02 -2.52084425e+04 1.37023391e+01
 1.10266912e+00 4.69313340e-01 7.25566390e-02 -6.16864635e-01 6.72187154e+03 1.36930447e+01
 1.08410858e-01 -2.18099371e-01 -9.06053218e-01 3.08032229e-01 1.97927410e+04 1.36996201e+01
 4.19256141e-01 4.39518627e-01 1.70934833e+00 3.04450837e-01 5.94620571e+03 1.36988962e+01
 -1.58085824e+00 3.56556120e-01 -1.37972964e+00 -1.17452879e+00 -1.02516345e+04 1.37035636e+01
 1.15297060e+00 2.49006516e-01 -1.23014730e-01 1.77885058e-01 -8.18745434e+03 1.37059932e+01
 1.67472871e-01 -1.00360625e+00 7.71337180e-01 -4.14901068e-02 2.33503356e+04 1.36960521e+01
 1.16829434e+00 8.27254491e-01 -1.25517840e+00 -2.75850736e-01 2.36231830e+04 1.36948922e+01
 -3.85667376e-01 -3.18470076e-01 -2.75981971e+00 3.25109114e-01 -1.33001945e+04 1.37061594e+01
 -7.03989141e-01 -3.70964031e-01 4.11697099e-01 -2.00870471e-03 3.37074434e+04 1.37044489e+01
 -4.08178226e-01 -1.16154424e-01 4.60648867e-01 -9.16020066e-02 9.40954375e+03 1.37024457e+01
 3.97676557e-01 2.07489595e-01 1.24246240e+00 -7.22586017e-01 3.00612402e+04 1.37047488e+01
 -1.61242713e-01 5.75771917e-01 6.74522506e-01 3.70943586e-01 -1.10160684e+04 1.36920034e+01
 -1.54781105e+00 1.61022257e-01 -2.04123475e-01 5.31032066e-01 3.86476614e+04 1.36950663e+01
 -7.41582323e-01 8.42257644e-02 -5.61287403e-02 -2.41755570e-02 -1.74380804e+04 1.37012041e+01
 -2.10585534e+00 1.45087682e-01 -1.02870173e-01 2.69442656e-01 -2.29470883e+04 1.37029002e+01
 8.16134764e-01 -4.40466438e-02 1.07101880e+00 1.43151296e-01 8.76344076e+03 1.37066198e+01
 1.09694883e+00 -1.96504117e-01 4.59107185e-01 4.77658047e-01 2.15389646e+04 1.37071220e+01
 1.04568655e+00 -4.75016330e-02 -1.68655790e+00 6.69947198e-02 1.78149954e+04 1.37011912e+01
 1.04311149e+00 7.76409837e-01 1.92729614e-01 -4.11350819e-01 -3.48057251e+04 1.36976700e+01
 8.89537690e-01 -9.90952651e-01 -1.34629944e+00 -2.88643417e-01 1.15496678e+04 1.37020522e+01
 1.75326798e+00 4.48239987e-01 -1.10699356e-01 1.17903977e-01 2.30492535e+02 1.37043765e+01
 1.00871491e+00 -2.46053612e-01 -9.19975314e-01 1.82432742e-01 1.41545510e+03 1.37049550e+01
 2.64678487e-01 -3.47985560e-01 1.07506091e+00 4.45740423e-01 2.16702484e+04 1.36988419e+01
 -1.42528324e+00 1.32929910e-02 9.09543021e-03 6.83993991e-01 2.20474639e+03 1.37073745e+01
 1.04846423e+00 -8.46898069e-02 1.32696077e+00 4.37690447e-01 1.87293377e+04 1.36999840e+01
 1.23259465e+00 -4.45157076e-01 8.35688913e-01 1.18357298e-02 2.61816168e+03 1.37122851e+01
 1.40400638e+00 -3.69544314e-01 -6.46815140e-01 -3.65107303e-01 -1.39421615e+04 1.37043895e+01
 1.81963034e+00 -7.53759602e-01 5.38704960e-01 2.40913086e-01 4.84795061e+03 1.37009342e+01
 -4.76847008e-01 -1.99432208e-01 -1.66877198e-01 1.72372584e-01 -6.96666926e+02 1.37069512e+01
 6.16856948e-01 2.02005665e-01 4.34780168e-01 -5.35398800e-01 -2.70606004e+04 1.37011288e+01
 1.65720034e+00 6.21485137e-01 1.95753652e+00 -1.93661464e-01 -2.01201043e+04 1.37037591e+01
 1.15252377e+00 -4.38875134e-01 1.34546500e+00 3.09853118e-01 -1.42155652e+04 1.37064740e+01
 8.58001368e-01 -1.20485989e+00 -6.04779297e-01 -1.45493516e-01 -2.38687395e+03 1.37008512e+01
 -2.96091719e+00 -5.10843059e-02 6.08608103e-01 -7.34576354e-02 1.52044550e+04 1.36927442e+01
 -1.45554067e+00 -5.72967487e-01 -8.81751118e-01 -1.68159888e-01 2.44201554e+04 1.37093401e+01
 -6.35112038e-01 -1.27032526e-01 2.10272503e+00 -1.18129673e-01 4.37896109e+03 1.37056841e+01
 -2.03644851e+00 1.64865819e-01 8.21319750e-01 -7.52445916e-01 2.03415341e+04 1.36892886e+01
 -1.62476596e+00 2.92353094e-01 -1.68747341e+00 1.23274683e-01 1.85555250e+04 1.36948333e+01
 3.65720232e-01 -5.11792110e-01 -1.10927352e-01 -5.70043098e-01 -2.19981105e+04 1.37127072e+01
 5.12120742e-01 -1.86097316e-01 1.43902917e+00 -8.13093049e-01 -2.79037226e+04 1.36971593e+01
 -1.02595393e+00 -3.03471653e-01 -1.56869603e-01 2.49072981e-01 1.43232861e+03 1.36967063e+01
 -2.37301958e-02 3.14348244e-01 5.95130317e-01 -3.18189563e-01 2.01923776e+04 1.37082561e+01
 -6.29901652e-02 -6.50463993e-01 1.16376346e+00 6.64262496e-02 1.20614214e+04 1.36899445e+01
 3.79096476e-01 8.09898222e-01 -1.29194557e+00 -4.95296224e-01 3.24549525e+04 1.37017931e+01
 3.92883400e-01 -9.08035133e-01 1.85785936e-02 1.50493952e-01 -1.90964967e+04 1.37092929e+01
 2.03708130e+00 3.66644395e-01 1.68300137e+00 -4.30704785e-01 1.29337904e+04 1.37168825e+01
 2.11709781e+00 8.36516873e-01 -1.95723270e-01 9.88843044e-01 -2.42142066e+04 1.37067363e+01
 -2.08790263e+00 -1.52760583e-01 -1.50297536e+00 -2.97392407e-01 -1.99740707e+04 1.36910004e+01
 1.29807514e+00 8.90881764e-01 4.20737445e-01 4.85981276e-03 -2.77614387e+04 1.37104277e+01
 -2.57863095e-01 2.66603377e-01 -6.33890779e-01 -6.50306966e-01 1.89374001e+03 1.37000116e+01
 4.62103264e-02 1.11289150e+00 1.36988505e+00 -7.34440337e-01 -3.31658430e+03 1.37024985e+01
 2.75372384e-01 -5.46136739e-01 2.23982807e+00 -3.92098272e-01 2.87634700e+04 1.36971901e+01
 -2.07915140e+00 3.22213660e-01 -6.79140814e-02 1.28292109e-01 2.66545889e+04 1.36984128e+01
 7.84082388e-01 5.37641746e-01 -1.27339479e+00 4.12983559e-02 -2.44806694e+04 1.37072830e+01
 -9.66972913e-01 1.07000975e-01 -1.08642621e+00 -6.06588462e-01 1.27031105e+04 1.36968566e+01
 -1.08737164e+00 3.94110585e-01 -1.03892947e+00 5.39875915e-02 4.26510134e+03 1.36908823e+01
 -1.74488817e+00 -5.29450005e-01 -5.10060705e-01 -2.27156521e-01 -4.69423960e+04 1.36946212e+01
 4.85464310e-01 -2.01149264e-01 2.62578827e-01 -3.61547492e-01 -1.27726544e+04 1.37003828e+01
 -6.88783840e-01 1.03302562e+00 6.22079163e-01 -5.38091874e-02 2.26428462e+03 1.37084972e+01
 -5.02822729e-01 -5.57857272e-02 1.56034259e+00 -2.66689116e-02 -7.36104129e+03 1.36973209e+01
 5.53449085e-01 -6.96619780e-01 1.27252061e+00 -4.72547499e-01 7.60780471e+03 1.36994207e+01
 3.05494716e-01 3.93096469e-01 1.72612434e-01 2.74995639e-01 5.10925278e+03 1.36957016e+01
 1.25682584e-01 -7.26992288e-01 -4.18799971e-02 1.57493079e-02 -1.79011604e+04 1.36932016e+01
 -1.32230956e-01 -6.98711692e-01 -7.26335564e-01 1.65420383e-01 -1.81703963e+03 1.36986036e+01
 1.16608461e+00 3.00974480e-01 4.64562722e-01 -3.36466699e-01 -1.47778119e+04 1.37001139e+01
 -1.82289498e+00 -5.59898993e-02 -9.16606372e-02 -2.48629126e-01 -1.11076023e+04 1.36837429e+01
 8.85666065e-01 2.65782152e-01 4.35265018e-02 -4.49321641e-01 -2.57816673e+03 1.37040057e+01
 -1.29697529e+00 -6.79523259e-01 5.38200571e-01 1.81454459e-01 -5.92896440e+03 1.36907729e+01
 5.22484979e-01 1.76948866e-02 -4.35656247e-01 1.13297587e+00 -6.57851019e+03 1.36988016e+01
 -1.74089261e-01 -6.19339937e-02 -3.27517775e-02 1.77118737e-01 -1.16854108e+04 1.37017478e+01
 2.16038297e-01 -3.99950833e-01 7.83823438e-01 -3.72821579e-01 -2.65554878e+04 1.36946756e+01
 1.13463368e+00 -5.24420636e-01 -1.08123185e+00 1.89740050e-01 -2.31212489e+04 1.37168905e+01
 -6.73537339e-01 -1.32036450e-01 -8.17632801e-01 3.48979845e-01 -1.40254108e+04 1.37049673e+01
 8.68731006e-01 -4.58488763e-01 -1.77951858e+00 2.27076347e-01 -6.51624602e+03 1.37068012e+01
 1.58759993e+00 2.03011634e-01 1.55470185e+00 5.96498022e-01 -4.96857585e+03 1.37158773e+01
 -4.28793927e-01 3.58978400e-01 1.51349596e+00 7.15192103e-01 9.45632410e+03 1.36960842e+01
 1.74746626e+00 8.99954513e-02 8.70139168e-01 4.51586615e-01 1.58754108e+04 1.36875092e+01
 8.22942381e-01 -8.66355878e-02 7.65038242e-01 3.04876167e-01 6.15838865e+02 1.37114198e+01
 -1.96366662e+00 -2.93930683e-01 6.13639874e-02 -7.88547262e-03 4.71672314e+03 1.37010311e+01
 3.79192142e-01 -1.15707643e+00 -1.53412542e+00 -3.15251817e-01 -2.05624404e+04 1.37115188e+01
 2.27358589e+00 1.34315952e+00 -3.10586990e-01 -7.24477536e-01 1.78867955e+04 1.37117216e+01
 5.67836087e-01 -1.27458471e+00 -2.23156312e-01 -2.02577514e-01 -3.31982630e+04 1.36950736e+01
 -1.11566472e+00 -1.65376588e-01 6.02620494e-01 -6.53584758e-02 2.05764184e+04 1.37000823e+01
 1.07664575e+00 8.15877680e-02 -1.39220272e+00 1.79905941e-01 -2.25032029e+04 1.36942038e+01
 -5.20800344e-01 -7.84876586e-01 -7.86545594e-01 -5.68413812e-01 2.58520091e+04 1.36986971e+01
 -1.48864171e+00 -3.26000507e-01 -1.62448245e+00 -1.50368727e-02 4.34962403e+03 1.37007071e+01
 2.31150024e-02 1.90781933e-01 -1.46627780e+00 -8.62171880e-02 3.50966892e+04 1.37049652e+01
 -1.36921688e+00 8.10062654e-01 2.66170686e-01 2.78362232e-01 -3.76327699e+04 1.36993432e+01
 -4.50994891e-01 -3.34084237e-01 -3.61655852e-01 -1.55301942e-01 -6.63841192e+03 1.36979813e+01
 -9.45821910e-01 3.03401634e-01 4.58898990e-02 -2.86822842e-01 -3.83419602e+04 1.36941708e+01
 -2.48377057e-01 -9.01673695e-01 2.35612912e+00 -4.36858360e-02 -2.31675155e+04 1.36973295e+01
 -1.46754856e+00 1.13131152e+00 5.05020930e-01 -9.59243020e-02 -9.06784046e+03 1.37012560e+01
 -2.16905134e+00 2.25614833e-01 -1.01970733e+00 1.83957975e-01 -3.84921054e+04 1.36990457e+01
 -2.23170667e-01 -1.04630799e+00 4.29557956e-01 -1.40728752e-01 -3.19671364e+02 1.36979797e+01
 -5.17134937e-01 8.37531051e-01 -2.12048303e+00 -9.38074815e-02 9.77400769e+03 1.37034383e+01
 -1.11338899e-01 -5.88823041e-01 1.79666356e-01 -8.61138814e-02 -1.03459476e+04 1.37038929e+01
 -1.06821073e+00 -5.45801632e-01 -8.79853063e-01 -2.44446167e-01 -8.85897166e+03 1.36960341e+01
 4.89605698e-01 4.50469663e-01 -1.25673460e+00 -1.16124985e-01 -3.47031757e+04 1.37080649e+01
 -9.80749739e-01 -2.13825353e-01 1.00523185e+00 -3.21856387e-01 -4.23437403e+03 1.36961415e+01
 -8.84205888e-02 -1.36797767e-01 1.89906780e+00 -4.47075829e-01 -2.03746450e+04 1.36938380e+01
 7.97724038e-01 -3.23058361e-01 4.09348349e-01 4.99832401e-01 3.72096943e+04 1.37073559e+01
 8.41026181e-01 2.04761714e-01 -1.90987750e+00 -1.51505893e-01 2.12221173e+04 1.37033454e+01
 -1.70534733e+00 -6.31884213e-01 -1.71401897e+00 2.12828234e-01 6.32038075e+03 1.36922229e+01
 -1.59918687e+00 3.71253068e-01 1.74716041e+00 2.31312659e-03 1.22891789e+04 1.37006630e+01
 1.26992381e+00 -3.25119681e-01 -2.66955478e-01 2.96296954e-01 8.62502064e+03 1.36994667e+01
 -9.78577504e-01 -2.26045382e-01 9.43666771e-03 -9.66062952e-01 -1.68105346e+03 1.36884462e+01
 -1.44168343e+00 3.85646519e-01 9.10846018e-01 -1.73936698e-01 2.13384138e+04 1.36924232e+01
 -3.97124497e-01 -2.74723002e-01 -1.01069008e+00 2.69069614e-01 2.27611497e+04 1.36955933e+01
 -4.98590239e-01 6.51852153e-01 -3.65380848e-02 4.50749047e-02 4.15109926e+03 1.37017413e+01
 7.32424689e-01 -3.41068452e-02 2.17019824e+00 2.59189097e-02 -2.37991715e+04 1.37070019e+01
 6.35777139e-02 1.17595730e-02 8.46100015e-01 2.70156724e-01 3.99319400e+03 1.37009178e+01
 1.00871841e+00 9.04849714e-01 6.49678332e-01 2.87007960e-02 -1.90543495e+04 1.37147295e+01
 1.07302300e+00 -3.13461013e-01 1.02332575e+00 7.17207749e-01 1.38516104e+04 1.37066388e+01
 4.68915339e-01 1.36333294e-01 9.13627513e-01 2.27074543e-01 -5.62808283e+04 1.37015739e+01
 6.42656250e-01 4.15617018e-01 -8.61254786e-02 5.52118529e-01 4.24460660e+02 1.36925794e+01
 -3.28997254e-01 2.71489952e-02 -1.98661312e-01 -2.06071075e-01 5.46077555e+03 1.36990695e+01
 -6.64842631e-02 5.64737708e-01 9.68398409e-01 -4.02428977e-01 -1.73147924e+04 1.36937570e+01
 -9.29035933e-01 6.85026032e-01 2.05431775e+00 -4.31685066e-01 1.36403188e+04 1.36957354e+01
 -9.93417250e-01 3.12333150e-01 1.20269114e+00 1.07277718e-01 1.80219010e+04 1.36919001e+01
 -1.88630177e-01 3.56750317e-01 -1.47443767e+00 -2.40464062e-01 2.34370536e+04 1.37051343e+01
 2.91550325e-01 -3.53466202e-03 -1.26722938e+00 1.51489131e-01 -3.18098190e+04 1.37005678e+01
 -6.35968039e-01 -7.84910847e-01 2.05605621e+00 -4.93912584e-01 2.67266801e+04 1.37026554e+01
 -1.22788061e-01 1.17044435e+00 2.16823850e+00 7.09271776e-01 -6.81126195e+03 1.36982588e+01
 -9.18696969e-01 -8.60363925e-01 -9.49945802e-01 -2.29876499e-01 2.42183687e+04 1.36906172e+01
 -6.03245961e-01 6.28869300e-01 3.51272042e-01 1.19404324e-01 -2.40011341e+04 1.36987005e+01
 1.13436731e+00 5.33005913e-01 1.22763735e+00 -4.18217363e-01 2.00053080e+04 1.37059265e+01
 1.38642609e-02 -5.79985409e-01 1.10791171e+00 8.00782300e-02 1.74849299e+04 1.36912689e+01
 3.71893883e-01 1.17556136e-02 2.95481253e-01 2.17883118e-01 -1.92149303e+04 1.37012772e+01
 -1.07428897e+00 -1.43985900e-01 -1.39132067e+00 -5.20015264e-01 2.36499889e+04 1.36987964e+01
 2.67235097e+00 3.47722878e-01 -5.11963387e-02 -1.13091735e-01 -2.00487324e+04 1.37157464e+01
 -1.59745944e-01 2.27691285e-01 -1.53256389e+00 -9.24388403e-01 4.54829486e+03 1.36905394e+01
 9.76017733e-01 8.49494695e-01 9.72390261e-01 -2.12403727e-01 1.09886477e+04 1.37044968e+01
 -7.42710809e-01 7.82602702e-01 1.62043965e+00 -6.01864732e-01 -2.73720218e+04 1.36914535e+01
 -8.15103763e-02 6.60183994e-01 4.04769906e-01 -4.52993501e-01 2.39408942e+04 1.37117425e+01
 -1.84886715e+00 -4.41625576e-01 -2.89755374e+00 1.58379086e-01 1.49862249e+03 1.37029232e+01
