 0.00000000e+00 0.00000000e+00 0.00000000e+00 0.00000000e+00 0.00000000e+00 1.37000000e+01
 1.15485412e+01 -4.92940624e-03 -1.30743294e+00 -5.64057948e-03 -4.82518905e+02 1.37020053e+01
 2.49654596e+00 2.53836759e-03 4.48989633e-01 -4.89714399e-03 -1.17923356e+02 1.37005311e+01
 9.03186206e+00 3.93215121e-03 -1.53769399e+00 1.28534634e-03 -3.67358829e+02 1.37018155e+01
 -1.01444291e+01 6.59649351e-03 5.86019491e-01 -6.33316719e-03 2.82509061e+02 1.36979929e+01
 5.35078852e+00 2.66730381e-03 -5.18228620e-01 1.78666637e-05 5.44605988e+01 1.37011174e+01
 -7.40988079e+00 -1.16046602e-02 1.68494106e+00 1.84064247e-03 1.47712127e+02 1.36983398e+01
 -2.96303053e+01 3.51376616e-03 1.56409686e+00 -2.07391200e-03 1.39066139e+02 1.36941034e+01
 -7.68977948e+00 9.71358544e-04 4.60870153e-02 -5.56003916e-03 4.17099547e+01 1.36985874e+01
 -3.55016028e+00 -5.88507733e-03 -2.22381790e+00 5.72168616e-03 -1.58588507e+02 1.36992311e+01
 2.04830064e+01 1.79234788e-02 1.34256708e+00 3.96105479e-03 1.99900004e+02 1.37041016e+01
 -1.79360725e+00 -3.15297498e-03 2.24876927e+00 -1.35077418e-03 2.73166886e+02 1.36993773e+01
 -1.48465395e+01 9.12709229e-03 -2.59314542e-01 5.94747307e-03 3.09618118e+02 1.36973076e+01
 -3.71621478e+00 -5.85125065e-04 -3.93578187e-01 5.17144089e-03 4.61693863e+02 1.36996120e+01
 -2.76880023e+01 2.33756710e-03 1.06419268e+00 -1.77641327e-03 -4.77940402e+02 1.36943124e+01
 -5.08093428e-02 -1.42538032e-02 -2.69621411e-01 -2.15600319e-03 -2.47106725e+02 1.36999791e+01
 -1.83745221e+00 5.76798299e-04 1.38240451e+00 8.27625374e-03 1.81312491e+02 1.36996272e+01
 -2.17962907e+01 6.33697310e-04 -1.63129136e+00 -2.41559987e-03 1.27240298e+01 1.36958713e+01
 -1.37166808e+00 -7.68712608e-04 -4.47537073e-01 -4.72923580e-03 9.63448499e+01 1.36997061e+01
 5.73779939e+00 4.68060447e-03 3.77500852e+00 1.09211678e-03 6.74405728e+01 1.37012941e+01
 -3.34521938e+00 -1.61603633e-02 -1.15366065e+00 -1.03154865e-02 -5.05704222e+02 1.36989808e+01
 2.09152434e+01 7.18833215e-03 1.22629098e+00 -1.11454753e-03 3.09424434e+02 1.37041894e+01
 -2.25294615e+01 1.33162883e-03 3.35728751e-01 -1.77488363e-02 2.69121896e+01 1.36952688e+01
 1.01599429e+01 5.62711717e-03 -2.10293251e-01 -1.91956576e-03 1.17541608e+02 1.37024146e+01
 -4.33882873e+00 -9.40691372e-03 1.12595437e+00 8.91556606e-04 -1.92001962e+02 1.36992607e+01
 -6.21200350e+00 -5.67799714e-03 1.35336130e+00 -2.57957693e-03 -2.63816346e+02 1.36989795e+01
 6.08055223e+00 -1.53299008e-04 -6.08028763e-01 8.77907232e-03 -2.86202849e+02 1.37012529e+01
 -3.99771092e+00 2.47688700e-03 1.53158527e+00 5.14303202e-03 -1.21855034e+02 1.36994561e+01
 1.02219910e+01 -4.48824757e-03 1.89221943e+00 -2.64326083e-04 3.97966497e+02 1.37019554e+01
 7.35013351e+00 -1.21457884e-02 -2.67510346e+00 -3.65376080e-03 3.53183677e+01 1.37014981e+01
 -5.33303093e+00 -2.07718599e-03 2.18646372e+00 6.90864623e-03 3.95545069e+02 1.36990466e+01
 1.54850383e+01 8.02530545e-03 -1.24815727e+00 2.17237782e-03 3.46245693e+02 1.37029969e+01
 9.41637147e+00 5.91360707e-03 -2.48709573e-02 -1.49114169e-02 -9.20471919e+01 1.37018231e+01
 2.35185858e+01 -1.04337095e-03 3.17802548e-01 -4.53248864e-03 -1.54833935e+02 1.37050105e+01
 -1.74638485e+00 -9.51545190e-03 -1.91537965e+00 -7.38190627e-03 2.14122746e+02 1.36995622e+01
 -6.91359389e+00 8.68042007e-03 5.48676239e-01 1.34075771e-02 3.12762192e+02 1.36987973e+01
 -3.40340374e+00 -9.19951111e-03 1.81613879e+00 -5.16373967e-03 7.42868463e+01 1.36993140e+01
 4.60609604e+00 -4.01112046e-03 -1.18496260e+00 -1.16256999e-03 1.51307814e+02 1.37008882e+01
 3.00085519e+01 -9.45367171e-04 -1.57484854e+00 1.69111687e-03 6.31633882e+02 1.37058293e+01
 4.94671193e+00 -1.00848045e-02 -1.08395901e+00 3.78642713e-04 1.95817743e+02 1.37006879e+01
 -1.68464191e+01 8.58850678e-03 3.64489283e-01 6.78704939e-03 -1.16970694e+02 1.36964877e+01
 2.02730563e+01 5.17385679e-03 -1.34531522e+00 -4.29485892e-03 6.29826199e+02 1.37041154e+01
 1.24464466e+01 5.67329163e-03 -5.54417129e-02 4.17874681e-03 2.05347221e+02 1.37023824e+01
 -3.47397147e+01 -4.78558860e-04 1.41332515e+00 3.00498453e-03 -1.40177750e+01 1.36930089e+01
 1.59703149e+01 -7.26710038e-03 -1.11329754e+00 -1.79147407e-03 4.66759438e+02 1.37032599e+01
 -3.41224793e+00 9.01087705e-04 -1.22669019e+00 -3.45095156e-04 -4.66196618e+02 1.36992376e+01
 1.27739188e+01 -5.27993173e-04 2.04795215e-01 8.24981309e-04 2.57513937e+02 1.37023920e+01
 2.35592136e+01 4.67478758e-03 -4.12746561e-02 3.53066534e-03 4.92311329e+02 1.37049106e+01
 2.90479365e+00 -4.50454838e-03 -1.24339559e+00 2.40214136e-03 3.93113407e+02 1.37007570e+01
 2.30575164e+01 1.95884075e-03 1.29889695e+00 -4.47061203e-03 1.19594675e+02 1.37045704e+01
 -1.91591471e+00 -4.88339135e-04 1.74883862e-01 -2.23606535e-03 -1.78677735e+02 1.36997106e+01
 2.06720666e+01 -8.33819154e-03 -2.35841709e+00 -1.10372416e-03 3.28176824e+01 1.37039810e+01
 1.75051834e+01 4.55877787e-03 -2.46619382e-01 1.06541383e-02 2.80340197e+02 1.37037969e+01
 6.15597426e+00 8.26746644e-03 -1.40879739e+00 5.15405045e-03 -3.68822200e+02 1.37011880e+01
 4.68716912e-01 8.68642726e-03 -1.21983303e+00 8.60046828e-03 2.31547436e+02 1.36999739e+01
 1.13016892e+01 -1.23874862e-02 -3.26595380e-01 8.35185999e-04 -4.03886156e+02 1.37023555e+01
 -2.00367305e+01 5.22503830e-03 5.60449280e-01 7.79551914e-05 -1.62073890e+02 1.36959391e+01
 6.01971510e-01 -5.92013306e-03 -6.35153089e-01 1.70102301e-03 2.24027413e+02 1.37004980e+01
 6.92795831e-01 -5.77090827e-03 -1.10479236e-01 6.72347014e-04 2.18540703e+02 1.37003818e+01
 -2.24543720e+00 -3.12548454e-04 1.81889303e-01 -2.33502977e-03 1.39772751e+02 1.36995608e+01
 2.99941473e-01 9.62089982e-03 7.28795556e-02 -2.50378126e-03 -1.04788765e+02 1.36999986e+01
 -9.69643841e+00 1.51683235e-02 -3.95166685e-01 6.14089271e-03 -2.40079284e+02 1.36982577e+01
 -2.47955776e+01 1.18380093e-02 -5.53612802e-01 2.93644528e-03 4.39933216e+02 1.36950738e+01
 -2.12318081e+01 -1.48699711e-03 6.67878204e-01 -6.85529424e-03 -9.05196463e+00 1.36961229e+01
 -1.59647145e+01 -8.75588065e-03 1.39824230e+00 -1.07650970e-03 2.08618684e+02 1.36967114e+01
 -1.58490795e+01 8.29800369e-03 1.41433725e+00 -4.34478085e-04 -8.48768638e+01 1.36967579e+01
 -3.52275889e+00 1.49197215e-03 -1.03743234e+00 -5.88083309e-03 -1.92309525e+02 1.36995984e+01
 -6.40203821e+00 8.57694542e-03 -2.14414222e-01 -6.05285865e-03 1.30443546e+02 1.36990223e+01
 -1.97688043e+01 -5.82728283e-03 4.47369331e-01 -5.84908290e-03 -1.04267905e+02 1.36961860e+01
 4.09132338e+00 1.21499869e-02 1.35134707e+00 1.53397108e-03 2.14666657e+02 1.37004963e+01
 1.45962517e+01 1.14513183e-02 1.45057562e+00 -1.16085580e-02 9.69176582e+00 1.37027978e+01
 -1.70861900e+01 1.19758360e-02 5.45617793e-01 -4.01357462e-03 3.20153888e+01 1.36965255e+01
 -3.96529955e+00 -6.97081426e-03 2.11374222e+00 -1.68577554e-03 1.58028647e+01 1.36992839e+01
 -1.32863136e+00 -2.77814793e-03 -2.60027298e-01 -1.38860474e-03 1.53888784e+01 1.36999221e+01
 -2.15756637e-01 -4.81157507e-03 -2.51662669e-01 1.26087316e-02 1.54202489e+01 1.36999638e+01
 -3.00987711e+01 8.58656241e-05 -1.76396503e+00 3.32412890e-03 1.80539861e+02 1.36938493e+01
 6.27424464e+00 -3.03917226e-03 -9.64035731e-01 5.17847031e-03 -5.09091624e+02 1.37008346e+01
 8.54629617e+00 -5.65047801e-03 1.79332242e-01 -9.41421995e-04 4.61375593e+01 1.37017306e+01
 1.20422552e+01 -1.29759820e-03 8.38775165e-01 -6.13250333e-03 -1.46992876e+02 1.37022073e+01
 -6.18553228e+00 -7.67153898e-03 8.51623986e-01 2.20832467e-03 -2.78819144e+01 1.36991414e+01
 -1.11629971e+01 -6.57065489e-03 1.19231497e+00 -1.41951955e-03 7.69388780e+01 1.36975503e+01
 -2.15211485e+00 1.93198309e-03 -4.76280124e-03 -4.39097749e-03 2.12698442e+02 1.36998954e+01
 -2.05710670e+00 -1.07375487e-03 6.72188880e-01 1.17453557e-02 -3.06758372e+02 1.36994950e+01
 -1.11900515e+01 -1.01298524e-02 -6.18088534e-01 -1.41929404e-03 -3.33817556e+02 1.36975904e+01
 1.26886208e+01 -3.36017561e-03 3.56437159e-01 -3.47700707e-04 1.83842506e+02 1.37024401e+01
 -3.94637864e+00 3.63262688e-03 -1.17772973e+00 -1.08536615e-03 -2.48870822e+02 1.36994122e+01
 8.29707298e+00 8.90530605e-04 1.33315446e-02 3.95959332e-03 1.92803817e+02 1.37016134e+01
 3.53681343e+01 7.27718554e-03 1.86483476e+00 7.16095224e-03 -1.20258393e+02 1.37069875e+01
 1.65176407e+00 3.53721521e-03 6.93445632e-01 7.66547234e-03 -5.76662074e+02 1.37005553e+01
 -1.28735129e+01 7.72583915e-03 1.20749993e+00 1.44360842e-02 -1.65345906e+01 1.36975657e+01
 -1.28148106e+00 1.80809335e-02 1.07569818e+00 -8.83921053e-04 7.41538731e+01 1.36994801e+01
 6.17142485e+00 6.38658420e-03 -1.37600071e+00 2.58259598e-03 -5.66293638e+02 1.37011318e+01
 7.18210635e+00 -2.30628621e-03 9.13471155e-01 1.01110771e-03 4.26284104e+02 1.37012171e+01
 -9.32494694e+00 -1.66698467e-03 3.20704202e-02 -1.13606212e-02 1.11314122e+02 1.36980118e+01
 -2.00860982e+01 -4.77684174e-03 9.15001209e-01 -4.16548277e-03 5.41012343e+02 1.36962897e+01
 4.39023062e+01 3.70582654e-03 -1.20063278e-02 7.73124017e-03 2.37840701e+02 1.37087821e+01
 -2.49996053e+01 3.22474857e-03 -1.62246363e+00 3.09337509e-03 1.77648933e+02 1.36951222e+01
 -3.14165185e+00 1.69303326e-03 -2.14439690e-02 -1.99591246e-03 1.32802232e+01 1.36995396e+01
 1.49041106e+01 -9.21668826e-03 2.87094193e-01 -1.84511814e-03 -2.40853010e+01 1.37031364e+01
 4.57561287e+01 4.24722993e-03 -2.04689557e+00 -9.30959064e-03 -2.55583648e+02 1.37090283e+01
 -5.11498633e+00 6.80948147e-03 -2.27362841e-01 3.62307436e-03 2.84934050e+02 1.36992960e+01
 3.02431012e+00 -4.68772879e-04 4.69237569e-01 -8.37721080e-04 2.50063147e+02 1.37004044e+01
 4.48188602e+00 2.15237348e-02 -2.58193728e+00 6.64715410e-03 -4.27704957e+01 1.37007195e+01
 1.43496388e+01 -3.60419727e-03 1.04405156e+00 2.85689070e-03 -1.72057343e+02 1.37027369e+01
 -1.57896109e+00 -3.94937557e-03 1.62230606e+00 7.36486492e-04 -1.53032381e+02 1.36998459e+01
 -4.99397461e+00 -2.02637584e-03 7.43116382e-01 5.74802573e-03 -1.46264065e+02 1.36990744e+01
 4.10678405e+00 -4.04541691e-03 -1.53032887e-01 5.72696104e-03 -1.73472093e+02 1.37010045e+01
 2.58771318e+01 -8.70268296e-03 -1.77512037e+00 1.09396292e-02 -1.03904536e+02 1.37051506e+01
 1.51023952e+01 4.55497345e-04 1.30348880e+00 -3.52555526e-04 2.56602897e+02 1.37032726e+01
 -7.89331956e+00 5.30982991e-03 6.56506157e-01 -1.00389465e-02 -1.23032986e+02 1.36982858e+01
 -4.85873893e+00 5.25134530e-03 1.60036842e+00 6.07993440e-03 -7.03666278e+02 1.36991344e+01
 1.27075993e+01 -6.02136664e-04 -1.16222953e+00 -3.10946687e-03 1.15641166e+02 1.37023906e+01
 -4.25274844e+00 -2.63701129e-03 1.66300224e+00 -4.99089466e-03 -3.07645050e+02 1.36990211e+01
 -2.63383154e+01 5.55862509e-03 7.66764818e-01 2.54056015e-03 2.67486708e+02 1.36948778e+01
 -3.37001060e+01 -1.08755657e-02 2.86098715e-01 -3.77071245e-03 -2.63749727e+01 1.36928891e+01
 1.77540065e+01 1.46224382e-02 9.33151079e-01 -1.90944405e-03 4.67675474e+02 1.37036741e+01
 -2.71663070e+00 -1.16835878e-02 1.00010085e+00 -5.95305039e-06 1.66480373e+02 1.36989408e+01
 -1.66287753e+01 -1.21302837e-02 2.47369649e-02 1.02431140e-02 -1.85170873e+01 1.36969126e+01
 -2.69446319e+00 7.00720528e-03 -1.77308760e+00 1.69515291e-03 2.05658444e+02 1.36995372e+01
 -5.34166320e+00 6.49789639e-03 1.68219486e+00 1.42780376e-03 -5.18473490e+01 1.36987969e+01
 -8.52154841e+00 -1.07099096e-03 -5.12934968e-01 -4.40955864e-03 5.00643062e+01 1.36982182e+01
 4.74048548e+00 -9.56923605e-03 -1.75388539e+00 1.67278859e-03 -2.13252506e+02 1.37006609e+01
 -5.11884115e+00 -4.51195423e-03 -3.07431375e-02 1.51529008e-03 2.15624163e+02 1.36991140e+01
 1.65440854e+00 9.21655505e-03 -1.14544724e+00 -2.96693756e-03 -9.07651846e+01 1.37003690e+01
 -1.41147584e+00 6.94637242e-03 2.42897674e-01 -3.85287694e-03 2.82552955e+01 1.36999719e+01
 -2.23090148e+01 9.48066743e-04 1.62972926e+00 -5.57402730e-03 1.08702014e+02 1.36955481e+01
 1.05581520e+01 1.52563636e-03 1.52078272e+00 1.08974757e-03 -6.51251947e+01 1.37021824e+01
 -1.76709908e+01 1.73999048e-04 1.92702344e+00 7.43033095e-03 -1.11705069e+03 1.36964019e+01
 -1.19512706e+01 -1.32788767e-02 4.48402955e-01 4.97188391e-03 -6.50663020e+02 1.36975572e+01
 1.92311429e+01 -1.75664108e-02 -8.53488530e-01 1.39794645e-03 -3.39919230e+01 1.37037922e+01
 -3.27895416e+01 1.62971008e-03 2.06172012e+00 -1.25255710e-02 -7.53926581e+01 1.36935857e+01
 3.79862521e+00 1.10379333e-03 -2.25706072e-01 3.41649621e-03 1.91210529e+02 1.37006775e+01
 4.24969775e+00 5.08393993e-03 -8.28681783e-02 5.38036806e-03 -2.70671324e+02 1.37006901e+01
 -2.82465528e+01 -5.21211942e-03 3.22189315e-01 -4.62295643e-03 1.59340610e+02 1.36948118e+01
 -1.19620229e+01 2.69381874e-03 2.26271084e+00 1.72268975e-03 3.88768007e+01 1.36980901e+01
 -1.12076294e+01 -1.82848946e-03 9.40795337e-01 3.56319273e-03 2.96103704e+02 1.36976774e+01
 -1.12859098e+01 -7.35747056e-03 -2.44955181e+00 -5.18145472e-03 -1.47872416e+02 1.36980324e+01
 3.49140769e+01 1.33936657e-02 2.45320113e-01 2.17485924e-03 1.05127341e+02 1.37069818e+01
 2.78968142e+01 -7.97374227e-03 1.11817639e+00 -1.17726123e-02 -2.54941614e+02 1.37054160e+01
 -2.39515127e+01 5.68903684e-03 6.61550392e-01 9.83660704e-03 4.78597265e+02 1.36953735e+01
 -5.90481118e+00 -4.81454330e-03 -2.03513544e+00 -1.56584660e-02 2.98656125e+02 1.36989299e+01
 -4.79686066e+00 1.43668064e-03 -1.28377773e+00 8.39759464e-03 -3.05254910e+02 1.36992216e+01
 -8.23569478e+00 8.05429403e-03 3.36373632e-01 -5.68187892e-03 3.95022036e+02 1.36983322e+01
 -8.38170542e+00 -5.47341222e-04 -1.06726805e+00 -6.18922672e-03 -2.20017841e+02 1.36983938e+01
 2.23931798e+01 2.64565185e-03 1.09328915e-01 6.52091234e-03 4.54903139e+02 1.37048060e+01
 5.40131975e+00 -1.67915585e-02 -1.37918174e+00 -2.57389225e-03 3.24804986e+02 1.37010685e+01
 1.04654383e+01 -9.81992263e-04 2.12898767e+00 6.35548411e-04 -3.94784476e+01 1.37021982e+01
 -5.29140782e+00 1.23345216e-02 1.51646327e+00 -5.13645772e-04 1.37189259e+02 1.36990994e+01
 1.61803148e+01 1.40300772e-02 8.08581658e-01 -8.49742682e-03 -2.97392676e+02 1.37030829e+01
 1.15509011e+00 2.78657737e-03 9.40414299e-01 -7.52440745e-04 -1.63759635e+02 1.36999538e+01
 1.34221249e+01 3.38862112e-03 1.96129570e+00 7.47784756e-03 -1.31749642e+02 1.37023320e+01
 -5.47470395e+00 1.80214483e-03 -5.38446826e-01 -9.86409351e-03 5.85969469e+01 1.36991018e+01
 -1.32884524e+01 8.95717702e-04 -8.05603806e-01 1.59560339e-03 -3.19111378e+02 1.36973465e+01
 7.84756091e+00 9.69985901e-03 -1.07819212e+00 -1.26479224e-03 1.67986145e+02 1.37017152e+01
 -7.42432065e+00 -5.45386849e-03 -4.47989884e-01 -1.19504115e-02 -4.06791088e+02 1.36986074e+01
 8.91838887e+00 -6.99596501e-03 -2.27337645e+00 -9.98150562e-03 3.52254495e+01 1.37015670e+01
 1.69267985e+01 1.18581799e-02 1.55044216e-02 -6.85925533e-04 -8.99770180e+01 1.37032077e+01
 1.88303491e+01 -5.05578462e-03 -2.34818945e-01 -8.96068775e-03 5.38054259e+01 1.37037835e+01
 8.30729384e+00 -2.46582832e-04 -1.89003356e+00 4.26338533e-03 -3.05682251e+02 1.37019645e+01
 1.00453696e+01 -1.15302675e-02 3.14400847e-01 -2.93419338e-03 3.20109341e+02 1.37019331e+01
 -1.10885192e+01 -4.10170652e-03 2.72618136e-01 2.16554642e-03 9.03149774e+01 1.36976422e+01
 2.39761454e+01 8.57325361e-03 -2.19700822e-01 4.16257454e-03 -3.57386689e+02 1.37050531e+01
 -8.20466765e+00 -2.18628106e-03 8.28857582e-01 -1.29889828e-02 -2.67460766e+02 1.36980883e+01
 -3.69406576e+00 1.83784146e-03 4.33431317e-01 7.00017644e-03 -1.09051090e+02 1.36993803e+01
 -1.39705727e+01 -4.12376486e-03 7.04339556e-01 9.74706574e-03 8.42382905e+01 1.36971040e+01
 -3.13396077e+01 4.85414129e-03 2.88075318e+00 9.06205413e-03 1.30625203e+02 1.36936967e+01
 -7.27835189e+00 -7.75314814e-03 6.61644036e-01 -4.52932116e-03 1.25791105e+02 1.36987435e+01
 3.13333466e+01 -5.28885843e-03 -1.26433155e+00 4.88050039e-03 -2.05853568e+02 1.37058760e+01
 -3.17228322e+01 1.07526136e-02 3.01898084e-01 8.10110422e-03 9.49629268e+00 1.36938719e+01
 1.84162742e+01 -1.18348712e-02 -1.76022322e+00 9.10136132e-03 1.14609055e+02 1.37035381e+01
 -1.67569792e+01 -1.98670225e-03 1.08518571e+00 1.54216248e-03 -1.16772572e+02 1.36967266e+01
 -2.37053565e-01 7.48125578e-03 -5.38552609e-01 8.59146342e-04 -6.06073168e+02 1.37001644e+01
 -3.40581822e+00 2.30067721e-03 7.39562251e-01 -1.92043674e-03 8.33650908e+02 1.36993031e+01
 2.11908841e+01 2.58184743e-03 5.77770233e-01 -4.09656888e-04 -1.23398124e+02 1.37043053e+01
 1.75509278e+01 1.22786245e-02 -5.29982180e-01 6.04652001e-03 -4.16748371e+02 1.37034292e+01
 1.57611997e+01 2.51853239e-03 5.37999263e-01 -3.93781512e-03 2.89121112e+01 1.37033056e+01
 1.04541924e+01 -1.34491758e-03 -4.52946822e-01 3.19562640e-03 5.57231342e+02 1.37017494e+01
 1.28885937e+01 8.42256443e-03 7.33380981e-01 8.90512277e-04 -1.19835205e+02 1.37028814e+01
 7.26172307e+00 4.62479444e-03 -2.25804772e+00 -9.29942169e-04 1.71431908e+02 1.37014152e+01
 3.65167399e+01 2.72585156e-03 1.19149321e+00 -3.90046509e-03 1.15948765e+02 1.37075630e+01
 9.20287419e+00 -2.35073693e-03 8.73014364e-01 1.11145617e-02 -1.63068299e+02 1.37020567e+01
 1.03262812e+01 -1.60891173e-02 1.16386575e+00 -5.39167726e-03 4.29894704e+02 1.37018230e+01
 -6.48937831e+00 1.09185259e-03 -1.15187343e+00 -5.95918567e-03 -3.27681115e+01 1.36986512e+01
 -1.03269196e+01 -7.88542428e-03 -4.28105931e-02 4.92840043e-04 -1.88398901e+02 1.36977902e+01
 -1.45653358e+01 -9.81254409e-03 -1.21962088e+00 -2.63110849e-03 -3.62553213e+02 1.36968085e+01
 -5.78999359e+00 -4.12372336e-03 2.63194298e-01 3.96060703e-03 2.14239068e+02 1.36986894e+01
 -8.11557202e+00 7.98354506e-03 -1.27909247e+00 -3.15353403e-03 2.19858180e+02 1.36983609e+01
 -5.40205698e+00 -5.21957040e-03 -4.80356944e-01 -2.29956139e-03 1.09567284e+02 1.36988619e+01
 -2.28320330e+01 6.50528029e-03 -1.10850492e+00 -2.10450227e-03 2.93311183e+02 1.36954883e+01
 2.99988381e+01 -7.35872260e-03 -2.13015056e+00 -4.00158425e-03 2.89098409e+02 1.37058965e+01
 -6.78019288e+00 -4.26986926e-04 -5.57891749e-01 4.48474556e-03 -4.43868323e+02 1.36984051e+01
 1.63913372e+01 1.16246517e-02 -6.56676513e-01 -1.09644399e-03 -4.29725200e+01 1.37033914e+01
 8.83324819e+00 2.15247952e-03 2.64594009e-01 4.93620369e-03 -5.44261603e+02 1.37018056e+01
 -5.43692889e+00 -7.71080498e-03 -1.15857204e+00 1.12766793e-02 1.35444444e+02 1.36990684e+01
 5.11285634e+00 1.18839563e-02 -1.10221736e+00 7.63734424e-03 -2.62759872e+02 1.37010121e+01
 9.14429788e+00 -1.82278039e-02 -6.53614549e-01 6.73637254e-03 5.67591203e+02 1.37017205e+01
 -1.10520658e+01 8.60531448e-03 1.40193936e+00 1.05738416e-03 2.79256510e+01 1.36981934e+01
 2.83276857e+01 5.39956385e-03 -1.59602632e-01 -6.19453078e-03 -3.28485724e+02 1.37057408e+01
 7.36483796e+00 5.47345075e-03 1.86344426e-01 6.73849793e-03 -3.14790257e+02 1.37018768e+01
 1.22533321e+01 5.16303108e-03 -2.43746111e+00 4.50792910e-03 -4.76681995e+00 1.37026032e+01
 2.10351264e+01 -3.47580319e-03 -1.36990707e+00 -2.39327931e-03 2.08114184e+02 1.37044778e+01
 3.75922249e+00 4.11160678e-03 -6.75698924e-01 2.07569024e-03 -2.23993437e+00 1.37007008e+01
 8.04815456e-01 8.45229044e-03 1.81830416e-01 7.64897864e-03 7.06548602e+02 1.37001909e+01
 1.00777673e+01 1.11904620e-02 5.79159521e-01 2.04648225e-03 -2.56536002e+02 1.37022153e+01
 -1.64346139e+00 -1.52760890e-03 1.38390121e+00 6.91062157e-03 -2.31240222e+02 1.36995221e+01
 7.12052843e+00 -6.56387269e-03 -1.61759985e+00 -1.87444022e-03 3.14963733e+02 1.37019120e+01
 -1.67048638e+01 -1.27965772e-02 -7.22060778e-01 -4.74068531e-03 -8.42369083e+01 1.36968966e+01
 -2.03015965e+00 -1.51796753e-02 -8.10342486e-01 -9.18525659e-03 -2.39921739e+02 1.36999180e+01
 -2.11261007e+01 1.70062618e-04 4.44868808e-01 5.49333266e-03 2.25253773e+02 1.36958858e+01
 8.42940007e+00 -3.37830620e-03 1.79593543e-01 1.47184098e-03 2.74246492e+02 1.37015185e+01
 -5.34380424e+00 1.44637360e-03 -1.49063018e+00 7.40487872e-03 3.50799214e+02 1.36989093e+01
 -7.65524301e+00 4.41717349e-03 1.28309543e-01 1.76865750e-03 3.52759403e+02 1.36982339e+01
 2.31780878e+01 -7.57099315e-03 -1.16711910e+00 -9.83720174e-03 3.21970586e+01 1.37046325e+01
 1.67158283e+01 1.47378672e-02 -1.56978226e+00 7.75063683e-04 3.38511920e+02 1.37033249e+01
 -3.19283172e+00 9.00263981e-03 2.17147711e+00 -5.10422684e-03 2.33459514e+02 1.36990519e+01
 -5.72925094e+00 -2.15164140e-03 -1.03272177e-01 -3.19550259e-03 -3.20166163e+02 1.36988283e+01
 2.35267588e+01 -3.28567609e-03 1.55320138e+00 -3.61893905e-03 -4.80440478e+00 1.37048104e+01
 -1.22781185e+01 5.31695892e-03 1.19751600e+00 7.38440293e-03 -1.41473876e+02 1.36976587e+01
 1.39330343e+01 3.07680668e-03 -7.14672129e-01 -3.28400349e-03 -2.62811343e+02 1.37030885e+01
 -1.15705691e+01 6.46490932e-03 -2.50556717e+00 -6.09918265e-03 -5.24666217e+02 1.36976972e+01
 1.43089448e+01 -1.37213538e-03 1.00239441e+00 2.46637118e-03 -1.10297131e+02 1.37025793e+01
 -1.66342011e+00 2.61894553e-03 -7.08820089e-02 -3.84245070e-03 -8.57152229e+00 1.36996967e+01
 -8.72959648e-01 1.17671948e-02 -4.94081614e-01 2.43350714e-03 -1.08055459e+02 1.36998001e+01
 -4.19878999e+00 -4.70468673e-03 -7.91241612e-01 5.71887557e-03 1.58586715e+02 1.36989062e+01
 8.19227455e+00 -3.97858741e-03 1.14630048e-01 -4.62059958e-03 1.32596871e+02 1.37016609e+01
 -3.11071760e+01 4.74290947e-04 2.62610464e+00 -1.79038852e-03 -3.09619512e+02 1.36938778e+01
 3.08868678e+01 2.53536787e-03 -1.28172928e+00 -5.29333084e-03 2.12445526e+02 1.37060818e+01
 7.51723231e+00 -8.95886289e-03 1.97573908e+00 6.14778891e-03 -3.67906457e+02 1.37015182e+01
 2.32886124e+01 3.08842959e-03 -5.01034394e-01 1.16241496e-02 5.35690049e+00 1.37045109e+01
 1.12951059e+01 -1.12193989e-02 -6.62931992e-01 -8.38435821e-03 3.93091957e+01 1.37024920e+01
 -1.31541702e+01 3.82472520e-03 -1.01459645e+00 1.05014545e-02 -2.07063835e+02 1.36976852e+01
 7.17066334e+00 -1.08075309e-02 6.02924856e-01 1.62858522e-03 -1.71706916e+02 1.37013643e+01
 1.71764862e+01 -2.42709663e-03 8.15632625e-01 -6.52906699e-03 3.26597572e+02 1.37037415e+01
 6.25512171e+00 2.18296780e-03 2.77283122e-01 4.45648573e-03 5.61934332e+01 1.37011924e+01
 2.75691474e+01 3.59183977e-03 -2.56244229e-01 1.33521024e-03 4.58143735e+02 1.37054164e+01
 1.98775946e+01 9.09502852e-03 1.03732542e+00 -8.14205600e-04 -3.46073295e+02 1.37042166e+01
 4.52676300e-01 -1.49132915e-02 -6.88090437e-01 6.36412858e-03 1.33473450e+02 1.36998690e+01
 3.91000410e+00 3.68454905e-03 1.64035224e+00 -7.84079836e-04 -2.21810252e+01 1.37008373e+01
 2.26603096e+00 6.80939058e-03 8.90802460e-01 1.09787972e-02 2.60279383e+02 1.37005236e+01
 -6.60597728e-01 1.17783553e-03 2.78706907e-01 -1.51585009e-02 -1.41828485e+02 1.36999737e+01
 -7.09102409e+00 -6.77217660e-03 -1.44365065e-01 -1.25352141e-02 2.64935002e+02 1.36984160e+01
 1.04179229e+01 3.00020859e-03 1.06719938e+00 -5.09937869e-03 3.78402868e+02 1.37020027e+01
 1.59968968e+00 -2.58482642e-03 3.10355680e+00 1.28364877e-03 -2.44106246e+02 1.37004436e+01
 -9.67405273e+00 2.17240651e-03 1.71731477e+00 8.05536241e-04 2.14776310e+02 1.36982326e+01
 1.89350813e+01 1.56265953e-02 -2.92489938e+00 4.28080559e-03 9.14972299e+01 1.37036993e+01
 2.07557188e+01 -2.78975613e-03 -1.25056851e+00 5.76732827e-04 2.99898931e+02 1.37040194e+01
 6.84931121e+00 -8.24288024e-03 -1.29040685e+00 -9.32517129e-03 2.05747350e+02 1.37012548e+01
 1.03508471e+01 4.74589908e-04 8.42340033e-01 -5.80293735e-03 -9.48383552e+01 1.37022141e+01
 -2.95765707e+00 -3.21980369e-03 1.52013380e+00 1.31604681e-03 -4.42286896e+02 1.36992948e+01
 -3.02028914e+01 -8.07499227e-03 3.15040719e-01 -8.27490818e-03 4.03803349e+02 1.36941686e+01
 1.54978346e+01 3.01269110e-03 1.75291376e+00 6.91554759e-03 -2.19826296e+02 1.37031132e+01
 -8.73566174e+00 -7.43344460e-04 -8.16217509e-01 5.41650309e-03 -2.38365116e+02 1.36981502e+01
 2.13534701e+01 9.65672934e-03 8.19771660e-01 2.18130715e-03 6.73995314e+01 1.37042512e+01
 -4.57194992e+00 -1.18707547e-02 -3.66758859e-01 -5.12688877e-03 -1.69402822e+02 1.36992376e+01
 -6.89751512e+00 -4.06848266e-03 1.12463028e+00 -3.83074761e-03 -3.35459714e+02 1.36983291e+01
 2.82680294e+01 -1.38723459e-02 1.48349827e+00 4.60594005e-03 -3.01455705e+01 1.37054164e+01
 9.64354830e-01 7.75632438e-03 -5.79443741e-01 4.15640660e-03 3.46372985e+01 1.37001099e+01
 2.21141853e+01 2.13033205e-03 -4.19657498e-01 5.66349894e-04 6.78855038e+01 1.37042940e+01
 -2.11417716e+01 7.58026066e-03 -1.22410686e+00 6.91785504e-04 -1.66573136e+02 1.36955307e+01
 -1.48138180e+01 2.14540843e-03 2.19484581e+00 -6.98240541e-03 -3.77162227e+02 1.36970586e+01
 -2.80766851e+01 -5.96331179e-03 2.83606717e-01 1.12950020e-03 -8.02190557e+00 1.36942023e+01
 -3.10347796e+01 -1.34983749e-02 1.78385893e+00 8.06254918e-03 3.86828187e+02 1.36941155e+01
 -8.91721652e+00 -1.28082301e-02 7.79275948e-01 9.18716481e-03 -2.65648866e+02 1.36981935e+01
 5.79613102e+00 -7.74068395e-03 -3.03212001e-02 -1.95830990e-03 4.38140663e+02 1.37005495e+01
 2.06620666e+01 -4.05281181e-03 -4.86096686e-01 -2.51009842e-03 6.53528814e+01 1.37042454e+01
 -7.36578615e+00 7.15556082e-03 1.80398584e+00 7.02940143e-04 -1.93094538e+02 1.36984816e+01
 -3.83268986e+00 4.16518412e-03 6.53166278e-01 -7.55023339e-03 4.24551819e+01 1.36992051e+01
 -1.41785472e+01 -7.79445399e-03 -2.03036165e+00 -6.84644509e-03 -4.32716043e+02 1.36972218e+01
 8.07405097e+00 3.20507139e-03 -2.90431743e-02 6.55709957e-03 -1.32017465e+02 1.37011812e+01
 -2.32213081e+01 -3.55808075e-03 6.41972935e-01 -3.11193828e-04 -1.77351825e+02 1.36954267e+01
 -6.06671246e+00 -6.76915939e-03 6.76693232e-01 -1.59040060e-02 5.91730048e+01 1.36990672e+01
 4.24375921e+00 2.59248175e-03 -1.38413947e+00 -6.43252202e-03 -2.88537928e+02 1.37009245e+01
 -2.57954201e+01 -6.45476566e-04 -2.38369614e-03 -5.30081070e-03 3.97816340e+02 1.36950116e+01
 1.72580420e+01 6.22889108e-05 -1.73314585e+00 2.01348228e-03 4.05232459e+01 1.37032692e+01
 2.17929364e+00 5.32612085e-03 3.47905213e-01 6.64431955e-03 3.51118045e+02 1.37006235e+01
 5.82467492e+00 8.08089846e-03 -1.00988546e+00 1.06325653e-02 7.12102072e+01 1.37012251e+01
 -3.92651963e-01 -3.61683052e-03 -6.88872053e-01 -4.93544994e-03 8.27782433e+01 1.36999060e+01
 -6.28382967e+00 -6.86936795e-03 -1.20178300e+00 -2.44491209e-03 -4.70973275e+02 1.36986844e+01
 -2.41646996e+00 4.27809376e-03 -1.25687349e-02 4.95239040e-03 -2.68647578e+02 1.36993459e+01
 1.58285040e+01 -3.59791447e-03 7.98662255e-01 6.41301271e-05 -1.52394380e+01 1.37030240e+01
 -9.83409598e-01 3.29647484e-03 2.03830253e-01 2.56840614e-04 3.51506281e+01 1.36996888e+01
 6.49462152e+00 -1.75500856e-03 -1.59102482e-01 -1.16476454e-04 -2.19024649e+01 1.37010917e+01
 5.19614244e+00 4.30701202e-03 -1.14368133e+00 1.33255871e-03 -2.08694894e+02 1.37014248e+01
 -4.01460321e+00 -3.98726031e-03 -1.52528086e+00 1.91467811e-03 1.68596670e+01 1.36994574e+01
 -2.47612725e+01 -1.12094950e-02 -1.25321681e+00 1.55241677e-03 -2.47260850e+02 1.36951483e+01
 1.39949977e+01 5.40563823e-03 1.87581139e+00 2.32118313e-03 -1.28756252e+02 1.37027134e+01
 1.85149125e+01 1.44473733e-03 2.08031592e-01 3.58790100e-03 -2.31466790e+02 1.37035534e+01
 1.88708313e+01 5.77995140e-03 9.33469453e-01 -2.04857583e-03 -1.09539130e+02 1.37037585e+01
 8.77213780e+00 1.05734500e-02 1.59799476e+00 2.48922350e-03 -4.38834663e+01 1.37017363e+01
 1.68610702e+00 4.53022828e-03 1.22429970e+00 -1.34404786e-02 -1.42356864e+02 1.37001016e+01
 7.31917771e+00 6.86806209e-03 2.40706078e-01 3.01257205e-04 1.06452372e+02 1.37015073e+01
 4.29934053e+00 9.24254452e-03 -1.13632875e+00 1.90678332e-03 -1.97962611e+02 1.37008518e+01
 2.75562973e+00 -6.70251168e-03 1.42680681e+00 1.11601894e-02 -1.34225833e+02 1.37008540e+01
 -1.13985435e+00 -1.63548241e-03 1.96303047e+00 1.84578765e-04 -6.98217119e+01 1.36997048e+01
 -1.34272967e+01 1.01660797e-02 -2.02877806e-01 -3.00577680e-03 -6.84292710e+00 1.36973987e+01
 1.69213840e+01 -3.89890679e-03 -3.23968777e-01 -6.68597509e-03 -8.64915639e+01 1.37033974e+01
 1.09947343e+00 6.33647845e-03 2.65709077e-01 -5.64962199e-03 1.56914484e+02 1.36999531e+01
 -2.41538921e+01 -1.19258261e-03 -1.07548244e+00 1.74614385e-03 -1.93270173e+02 1.36952495e+01
 6.46464652e+00 -1.69378030e-03 2.18185033e+00 -8.25687525e-03 2.81487269e+02 1.37009935e+01
 -6.58063909e+00 3.19508246e-03 -7.27944554e-02 5.83699109e-03 6.02680359e+02 1.36987732e+01
 -3.18357172e+01 -4.93093941e-03 9.12236455e-01 6.61465068e-03 7.37540097e+02 1.36936200e+01
 1.46626415e+01 7.65011736e-04 -4.61739463e-01 -7.70695124e-03 -8.37136152e+01 1.37029454e+01
 4.80919322e+00 5.63020885e-03 2.72962861e-01 -8.25516439e-03 3.25330104e+02 1.37010180e+01
 9.84330451e+00 -1.14947305e-03 1.73524101e+00 -5.96417499e-03 -4.29805877e+01 1.37019817e+01
 2.49451878e+01 5.05936258e-03 3.59416525e-01 4.05563080e-03 1.33182240e+02 1.37046074e+01
 1.08782363e+01 -4.12839215e-03 -2.79075887e-01 7.11148662e-03 1.11896637e+01 1.37023049e+01
 -2.74468232e+00 -2.29078775e-04 1.09303623e+00 2.21728469e-03 6.10160699e+01 1.36995793e+01
 -7.79440112e+00 -6.94102765e-04 8.28980827e-01 -6.45884368e-03 3.11537520e+02 1.36985233e+01
 -4.44144207e+00 -6.71935690e-03 -9.37505145e-01 -6.43115219e-04 -1.03783121e+02 1.36992366e+01
 4.68636051e+00 -9.12810861e-03 2.34203051e+00 -1.24971123e-03 3.12699528e+02 1.37005927e+01
 2.29140665e+01 1.26414693e-02 -8.89876732e-01 -8.58340870e-03 3.99183073e+01 1.37045984e+01
 -1.19787985e+01 -5.86532694e-03 3.89871409e-01 1.30696963e-02 -1.60352107e+02 1.36975980e+01
 1.76201756e+00 4.92826544e-03 -6.96519832e-01 8.60147838e-03 5.47637093e+01 1.37004427e+01
 2.05914898e+01 3.86567726e-04 9.92737050e-01 -2.75732221e-03 7.29269067e+01 1.37038541e+01
 1.50129024e+01 -7.27198905e-04 -7.92492483e-02 -1.28307968e-04 3.91240282e+02 1.37028890e+01
 -1.87393035e+01 -1.37601146e-02 2.10651575e+00 2.57338763e-03 -6.22134438e+02 1.36964239e+01
 -2.73810455e+01 -4.35957250e-03 -2.79816498e-01 -8.53071678e-03 -9.69995560e+01 1.36946134e+01
 -1.10832346e+01 -8.78785848e-03 2.89924652e+00 7.62269547e-03 -1.57265589e+02 1.36976337e+01
 -2.25851762e+01 -1.90954172e-02 -1.73395791e+00 -7.21826506e-03 -4.89183828e+02 1.36955139e+01
 -1.71707643e+01 8.17900501e-03 -1.32575090e-01 -5.07952721e-03 -2.42037117e+02 1.36966835e+01
 -4.94000954e+00 6.18893625e-03 -7.65326581e-01 -2.18343068e-03 3.44758063e+01 1.36989588e+01
 -2.10573387e+01 6.26635624e-04 1.40120887e+00 1.00118704e-03 4.58348474e+01 1.36957527e+01
 -2.03278467e+00 -1.03062368e-02 5.05906508e-01 9.50446823e-03 -4.41752374e+02 1.36996580e+01
 4.07864868e+00 -2.21778052e-03 -1.54270896e+00 -3.97628292e-03 -1.04222777e+02 1.37006840e+01
 1.96455214e+01 8.92241818e-03 -1.74263996e+00 -3.52052845e-04 -1.45777152e+02 1.37038760e+01
 8.53756567e-01 -3.56799588e-03 2.97628314e-01 -3.88813813e-03 1.97571657e+02 1.36997014e+01
 -7.09352081e+00 -3.53907450e-03 1.34622353e+00 6.86368302e-03 8.56240683e+01 1.36983004e+01
 -1.16552211e+01 1.86975202e-03 1.71642033e-01 9.70903519e-03 -4.13894157e+01 1.36976686e+01
 1.94754005e+01 1.03075664e-02 -7.76677603e-02 4.54365429e-03 9.56720761e+01 1.37035485e+01
 1.36283510e+01 5.83362077e-04 4.31057937e-01 2.08499258e-03 -1.94607153e+02 1.37025937e+01
 -6.74118864e+00 -1.11019795e-02 -6.11248296e-01 3.03451976e-04 -1.00526557e+02 1.36986126e+01
 -3.01022333e+01 1.17484930e-02 -6.50674136e-01 1.08815471e-02 2.86202949e+02 1.36940350e+01
 2.83560638e+00 1.39876561e-02 1.19273320e+00 -5.49666698e-03 -1.54346572e+02 1.37007485e+01
 1.82108775e+01 4.80494409e-03 1.05043440e-01 -3.68042274e-03 3.16120345e+02 1.37038748e+01
 -6.79488637e+00 6.17900339e-03 -6.82704956e-01 2.57338870e-03 3.57583840e+01 1.36987267e+01
 1.15471197e+01 -2.17281038e-03 2.50090469e+00 4.22868772e-03 -4.80201340e+02 1.37022002e+01
 2.60105588e+00 -1.61491763e-04 -1.22164354e+00 4.54467745e-03 8.61606025e+01 1.37007000e+01
 1.47466900e+01 1.30898473e-02 -6.35866002e-03 2.56825466e-03 1.37398154e+02 1.37029481e+01
 2.75780608e+01 -1.05749323e-03 -2.42753678e+00 6.65100793e-03 5.67094888e+01 1.37054445e+01
 4.65922306e-01 4.21420370e-03 2.93975572e-01 -3.66271699e-03 5.17999164e+01 1.36999100e+01
 1.35432130e+01 -1.05253899e-02 1.24140865e-01 1.21129437e-02 -4.44054670e+01 1.37027680e+01
 8.65631969e-01 -6.60185021e-03 7.50313839e-01 -7.26044008e-03 7.43297931e+01 1.37002806e+01
 -6.72656599e+00 8.87598881e-03 -1.27333677e+00 -7.16984241e-04 1.03796209e+02 1.36988328e+01
 1.96871245e+01 -2.05520161e-03 -1.90983395e+00 -7.93418489e-03 5.36255814e+01 1.37037125e+01
 1.04184466e+01 1.29664924e-02 1.82633932e-01 6.04117871e-04 3.51695041e+02 1.37018562e+01
 -1.72763743e+01 -6.56489419e-03 -2.64655818e-01 -6.42848468e-03 -1.11395295e+02 1.36972640e+01
 8.78504607e-01 7.00785296e-03 -2.86115703e-01 -4.40207336e-03 -1.81129775e+02 1.37000936e+01
 -1.12056203e+01 5.41388068e-03 -2.19935214e+00 6.73308452e-04 -5.59300517e+01 1.36976645e+01
 1.18086417e+00 -1.35547726e-02 7.19427847e-01 -4.06928249e-03 -1.05455595e+02 1.36998018e+01
 -1.40872333e+01 -2.45100456e-03 1.07307512e+00 -1.30200621e-02 -5.90518000e+02 1.36971655e+01
 1.56071003e+01 1.25212420e-02 -1.33108707e+00 -1.82982612e-03 4.22479037e+02 1.37027038e+01
 1.82139900e+00 -4.96399656e-03 3.07518517e-01 5.90925643e-03 2.70983290e+02 1.37006720e+01
 1.14120912e+01 3.97299370e-03 7.24167560e-01 -1.20246988e-02 3.77539734e+01 1.37023103e+01
 -2.56042061e+01 2.63531315e-03 -1.78072943e+00 4.74150659e-03 -1.16659206e+02 1.36947485e+01
 -6.83694068e+00 -3.52575334e-03 -1.86663755e-01 -4.27893795e-03 1.24529710e+02 1.36983967e+01
 1.12812605e+01 -3.37863480e-03 8.29651652e-01 -9.89470107e-03 4.02702864e+02 1.37024815e+01
 1.27464276e+00 -1.84840204e-02 -1.74786927e+00 4.05660057e-04 2.95344795e+02 1.37001634e+01
 6.37321053e+00 4.46234967e-03 2.26669460e+00 2.16340546e-03 2.40403040e+02 1.37013048e+01
 -9.21599760e+00 -4.79677663e-03 9.02376162e-01 -4.16853988e-03 -2.50123468e+02 1.36980455e+01
 1.69083266e+01 -2.45270495e-03 -4.70615419e-01 2.56576029e-05 -2.75304516e+02 1.37035154e+01
 9.47666745e+00 9.60078000e-03 1.77417363e-01 -5.57842804e-03 5.58671193e+02 1.37019863e+01
 1.40484017e+01 -3.10674968e-03 9.22712225e-01 -1.17587142e-03 -2.76926709e+02 1.37028185e+01
 5.82388843e+00 -1.98767816e-04 8.80384351e-01 5.01802409e-03 4.86031144e+02 1.37012238e+01
 3.96676627e+00 9.27068742e-03 1.50104687e+00 -2.81301742e-03 -1.67639312e+02 1.37006920e+01
 -4.52289887e+00 6.63017119e-03 -6.19882764e-01 3.87624214e-03 4.98365334e+01 1.36991768e+01
 1.86380019e+01 -1.92930290e-03 -8.69014717e-02 -1.80345062e-04 -6.66895167e+01 1.37038025e+01
 -1.58682749e+01 8.61876370e-05 4.61794293e-01 3.48451747e-04 -8.49119069e+01 1.36970158e+01
 -2.23840786e+01 1.28576275e-02 1.09933332e+00 -1.24228259e-03 -3.71561934e+02 1.36957262e+01
 -2.87366116e+00 -4.44680237e-05 -6.07004273e-01 -2.58875138e-04 1.43034737e+02 1.36996839e+01
 5.87993586e+00 -4.19296758e-03 -6.35764697e-01 -5.05744616e-04 -6.64665580e+02 1.37008464e+01
 -1.17586863e+01 1.18698053e-02 -4.31441480e-01 6.15644743e-03 5.39682426e+02 1.36973275e+01
 1.47334641e+01 -9.57292055e-03 -1.28179755e+00 1.11247183e-02 -1.22471480e+02 1.37027654e+01
 9.94659567e+00 -7.51524265e-03 -6.85249914e-01 -2.26594567e-03 4.98921923e+02 1.37019382e+01
 5.81184640e+00 -9.53988173e-03 -4.56446430e-01 -9.88504426e-03 1.85032029e+02 1.37015347e+01
 -5.07997063e+00 -9.06869827e-04 2.30367595e-01 5.40316717e-03 -2.05741686e+02 1.36985777e+01
 1.12293847e+01 4.40373906e-03 1.17691011e+00 4.04619978e-03 -1.28350557e+02 1.37023487e+01
 -2.20452721e+00 2.29636631e-03 -1.67577244e-01 -2.02783475e-03 -5.32225967e+02 1.36998882e+01
 7.79575916e+00 -1.20410044e-03 4.09204548e-01 1.26411842e-03 -3.87970996e+02 1.37014963e+01
 2.55011204e+00 -1.06768524e-03 -1.85274860e+00 -6.93447333e-04 -2.07376301e+02 1.37006782e+01
 -9.64769422e+00 -3.33999563e-03 1.62321143e+00 -1.90030693e-03 5.65601622e+00 1.36981253e+01
 1.04870984e+01 2.32383225e-03 4.19440847e-01 7.53958906e-03 2.88351681e+02 1.37018852e+01
 -1.36706320e+01 3.41705221e-03 -3.71033364e-01 1.06378077e-02 9.77931303e+01 1.36974458e+01
 -1.18047899e+01 7.06812782e-03 -1.43290213e+00 -2.12882162e-03 3.91558850e+02 1.36973798e+01
 2.41948617e+00 -7.69827561e-05 1.50373776e+00 1.02896509e-02 -2.78763954e+02 1.37004610e+01
 -1.03485407e+01 5.02908264e-04 6.21762540e-01 3.27919726e-03 -1.81462911e+02 1.36979368e+01
 1.65955222e+01 -2.48920357e-03 8.44872555e-01 7.60857075e-03 -5.36436330e+02 1.37031699e+01
 1.83445515e+01 -1.26667061e-02 -1.04298014e+00 -4.51827724e-03 -2.48680582e+02 1.37034984e+01
 -3.36427685e+00 -3.23961596e-05 9.92597829e-02 6.59604789e-03 -1.01828996e+02 1.36993733e+01
 9.51073421e+00 8.99923997e-04 2.33640947e+00 -4.80954813e-03 -6.68989703e+02 1.37018920e+01
 9.52179384e+00 -6.39286048e-03 -1.75163515e+00 6.66120908e-03 -1.20709040e+02 1.37017160e+01
 5.84476905e+00 -7.73397108e-03 1.30901524e+00 1.42024272e-02 -4.70419795e+02 1.37015320e+01
 -4.48924042e+00 9.87780876e-03 -8.24510341e-01 -6.98742040e-03 -1.70275118e+02 1.36992737e+01
 1.54400656e+01 -4.20004963e-03 2.38819982e+00 -4.47044205e-03 2.39248443e+02 1.37032968e+01
 -1.94349271e+00 -6.30432865e-03 1.22309236e+00 1.25476203e-02 -6.42766948e+02 1.36998346e+01
 5.57571726e+00 4.43492418e-04 1.50219421e+00 3.39382964e-04 -3.01648077e+01 1.37011684e+01
 5.63354223e+00 7.63461169e-03 -1.78424334e-01 -2.15693391e-04 3.36562786e+02 1.37011724e+01
 1.86390869e+01 5.66639563e-03 4.96440342e-01 1.75204992e-03 -3.31480542e+01 1.37037185e+01
 -1.80722605e+01 -3.13194588e-03 8.06237857e-01 -6.57644390e-03 -3.51799115e+02 1.36962641e+01
 -2.51580510e+01 1.11050479e-02 -2.52760159e-01 -7.43839446e-03 2.27095899e+02 1.36947048e+01
 3.41666626e+00 -3.26580634e-04 -6.97415503e-01 5.22093373e-03 8.73048596e+01 1.37007662e+01
 -1.83991499e+01 -2.04571872e-03 1.84339057e+00 -6.87831611e-03 4.85012349e+02 1.36961798e+01
 -1.39921821e+00 -2.49283356e-03 3.52653554e-01 -6.40209827e-03 -2.00764501e+02 1.36998835e+01
 -5.54202003e+00 -3.14771146e-03 -6.08885569e-01 -1.04130893e-02 3.78346707e+02 1.36990829e+01
 3.99158293e+00 3.01740156e-03 -1.23924545e+00 -8.08721718e-04 -4.36402392e+02 1.37009061e+01
 -2.14790630e+01 -4.24664674e-03 8.27857383e-02 -4.53248179e-03 -2.03353046e+01 1.36959264e+01
 -3.13176141e+01 -1.40250806e-02 -9.56766835e-01 1.13682141e-03 -9.55669303e+00 1.36935110e+01
 2.93437853e+00 4.45592186e-03 9.69530479e-01 -8.86495364e-04 -3.34826456e+02 1.37005931e+01
 -1.37698035e+01 -4.63207799e-03 -2.14958853e+00 8.48970247e-03 -4.08494509e+02 1.36973113e+01
 1.26254866e+01 4.96940785e-03 7.53063292e-01 -4.66277840e-03 -5.52443861e+00 1.37026965e+01
 6.11251547e+00 1.17623333e-02 4.81764804e-01 1.31946340e-02 2.53586733e+02 1.37012721e+01
 -2.87728311e+01 -8.79014094e-04 -1.86973692e-01 1.40181857e-02 1.22153082e+02 1.36940977e+01
 9.81595765e+00 4.29044563e-03 1.62344850e+00 -4.78700586e-03 3.70993992e+02 1.37016516e+01
 -8.39826164e+00 -6.43415533e-03 1.75016291e+00 -2.10571955e-03 -3.94600039e+02 1.36987245e+01
 6.63759218e-01 1.33849577e-02 -2.16851128e+00 2.66292056e-04 -4.28352227e+02 1.37000197e+01
 -1.31097702e+01 -7.07803579e-03 8.92319707e-01 1.93688405e-03 -5.34495075e+01 1.36974122e+01
 3.75625391e+00 -3.35185295e-03 -9.57694410e-01 -5.09629317e-03 6.15501037e+01 1.37007738e+01
 1.08273668e+01 -1.44315331e-02 8.92508098e-01 -6.69188467e-03 -6.22032139e+01 1.37023397e+01
 8.09491743e+00 -5.63238814e-03 -1.48361095e+00 -4.89175824e-03 -6.28239279e+02 1.37019468e+01
 7.22922477e+00 3.78095521e-03 -3.53174321e-01 9.42937909e-03 -5.78668740e+01 1.37013847e+01
 1.55333886e+01 -5.80511240e-03 -1.78959489e-01 9.21305161e-03 5.55849873e+01 1.37032031e+01
 -1.61931568e+01 9.56486938e-03 1.27502641e+00 4.22461732e-03 -7.43631930e+01 1.36968829e+01
 2.81998599e+00 2.45462950e-05 6.89520393e-01 4.69961563e-03 3.63883165e+02 1.37004954e+01
 1.26790802e+01 -2.25164475e-04 -6.68432270e-01 -7.24779375e-03 4.67055919e+02 1.37025977e+01
 -4.40141834e+00 -6.83607172e-03 -6.50964402e-01 2.68275877e-03 2.64051834e+01 1.36989465e+01
 1.25564236e+01 -4.47693636e-03 3.96509670e-01 8.59533429e-04 -3.20699302e+02 1.37024257e+01
 4.92000467e+00 -1.39382244e-02 -8.70535012e-01 -7.19584967e-04 -7.12514554e+02 1.37010580e+01
 2.18866386e+00 7.71390211e-03 -7.93529742e-01 3.98842968e-03 -4.13045454e+02 1.37005155e+01
 1.48019589e+01 -3.98696445e-03 4.95973259e-02 -4.70068425e-03 -4.30144313e+01 1.37031844e+01
 1.00862174e+00 1.49526348e-03 1.24958559e-01 3.35699951e-03 1.06751376e+02 1.37000745e+01
 -2.18483670e-01 8.57263200e-03 -4.21036887e-01 4.10387383e-04 -3.89266736e+01 1.37001024e+01
 1.13688296e+01 -2.45054042e-03 1.78889546e+00 -3.08825874e-03 -8.80713314e+00 1.37025509e+01
 -1.10757755e+01 4.52664760e-03 9.21931941e-02 -8.72333784e-03 7.01375265e+01 1.36977985e+01
 1.20415863e+01 -1.32814227e-02 -6.81672297e-01 7.40553141e-03 2.10335503e+02 1.37024176e+01
 1.07199049e+01 -9.42282644e-03 2.24246124e+00 -2.58176293e-03 3.00589578e+02 1.37023928e+01
 -5.71953178e+00 -5.88177169e-03 1.75512788e+00 4.28970546e-03 -1.94116595e+02 1.36987078e+01
 -3.86778790e+01 1.22229958e-03 -2.92961266e-01 -8.30393491e-03 -1.99656451e+02 1.36927016e+01
 4.43673793e+00 1.43731215e-02 5.33061646e-01 -7.51770194e-03 -1.33666805e+02 1.37006415e+01
 -1.21566956e+01 2.07411063e-02 5.75300510e-01 -3.60271313e-04 -2.02584474e+02 1.36976450e+01
 -1.11116986e+01 -2.74357758e-03 -3.54147237e-01 1.20967383e-03 2.72035614e+02 1.36978806e+01
 -1.80352412e+01 1.14410182e-03 1.84194105e+00 -8.73467152e-04 -1.59902254e+02 1.36966049e+01
 -2.35243897e+01 3.04186316e-03 4.73010600e-01 -1.55164509e-03 6.16288968e+02 1.36954520e+01
 -1.47436157e+01 3.62708922e-03 2.52491239e+00 5.40350072e-03 -4.60185091e+02 1.36971661e+01
 1.07856279e+01 -6.08586373e-04 -5.26908791e-01 3.49576699e-03 -4.30505523e+02 1.37021871e+01
 1.97897148e+01 7.81832789e-03 6.25604016e-01 1.46077065e-03 -1.19981329e+02 1.37037642e+01
 -4.52023537e+00 8.54225431e-03 1.03586173e+00 1.31061211e-02 -1.38418336e+01 1.36992542e+01
 9.25661430e+00 5.45607454e-03 -6.27426616e-01 1.35446772e-03 -2.05575875e+02 1.37024144e+01
 1.60394771e+01 3.37719147e-05 1.51494481e+00 -3.74650784e-04 9.74802397e+01 1.37034217e+01
 2.09256133e+01 -2.04787901e-03 -2.01989541e+00 -1.68676663e-02 -4.37444905e+01 1.37047468e+01
 9.76849804e+00 4.08883621e-03 -8.22857634e-01 7.02686856e-03 -5.75990699e+02 1.37019226e+01
 -2.47970954e-01 -8.71945679e-03 1.89936710e+00 4.78520165e-03 -2.04895926e+02 1.37002225e+01
 2.36572841e+01 -3.20587271e-03 5.62468592e-01 2.04886487e-03 1.73140883e+02 1.37047241e+01
 -7.64677282e+00 -4.43875634e-03 -9.57089470e-01 -3.79697941e-03 -2.35023678e+02 1.36985749e+01
 -1.46530792e+01 -8.69650017e-03 -1.39645314e+00 3.67637644e-03 -1.43771791e+02 1.36971073e+01
 1.17118724e+01 -1.56708250e-02 5.59442294e-01 9.63088978e-03 1.02062273e+00 1.37026190e+01
 -1.61131008e+01 6.27919545e-03 6.32805828e-01 3.03648828e-03 3.04112749e+02 1.36971161e+01
 5.73133521e+00 9.19877098e-03 -8.29673078e-01 -8.33955920e-03 3.17400399e+02 1.37010336e+01
 2.01711432e+01 -7.85324972e-03 -3.94736929e-01 -1.99223303e-03 -1.95949897e+02 1.37039417e+01
 -1.64935801e+01 -2.98333968e-03 -8.02571952e-02 -1.04321377e-02 4.67601013e+02 1.36966144e+01
 1.13535089e+01 -2.02558659e-02 1.10447600e-01 -2.90634346e-03 -2.10987291e+01 1.37022824e+01
 5.02371930e+00 -2.81145422e-04 -7.67092199e-01 -2.27914367e-03 -6.01485185e+02 1.37012079e+01
 -2.01573852e+01 4.07925376e-03 8.17931881e-01 -6.59103042e-03 1.20618948e+01 1.36958325e+01
 -9.78877260e+00 -7.68874980e-03 -2.88275286e+00 -7.37801698e-03 2.24990758e+01 1.36979185e+01
 -1.15732797e+01 2.53493605e-03 -9.40290532e-01 -1.17957970e-02 1.22229940e+02 1.36975592e+01
 -4.24225841e+00 1.09490745e-03 -1.01149368e+00 8.24203453e-03 7.86177207e+01 1.36993258e+01
 -1.98668622e+01 8.98421044e-03 1.08264230e+00 4.11383656e-03 3.23606713e+02 1.36961268e+01
 -5.99816299e+00 9.61372924e-03 1.63818922e+00 -2.97518409e-03 3.52080203e+01 1.36989284e+01
 -1.98374858e+01 -1.75135937e-02 2.10040671e+00 -2.35730881e-03 -5.14272842e+02 1.36958087e+01
 -4.45336657e-01 -9.67218395e-04 -1.01255464e+00 -3.92493511e-03 -5.12876165e+02 1.36999681e+01
 1.39653163e+01 -6.01269319e-03 1.03673279e+00 6.30790471e-03 -1.34109816e+02 1.37029544e+01
 -5.36857234e+00 7.09515762e-03 1.24366702e-01 5.89041571e-03 3.83672936e+02 1.36987296e+01
 8.58774836e+00 -9.64731437e-03 -7.08957454e-01 3.08762186e-03 4.30171423e+02 1.37018420e+01
 1.40545426e+01 -7.70321647e-04 1.73772986e+00 2.37192841e-03 1.54673158e+02 1.37029747e+01
 8.66120268e+00 8.07656979e-03 1.01740422e+00 3.16335359e-03 4.11472844e+02 1.37018926e+01
 9.55780528e+00 -8.26436583e-03 -1.41587400e+00 1.43684117e-03 6.04959676e+01 1.37020443e+01
 4.15682071e+00 -2.50604994e-03 1.88818905e+00 1.35190106e-03 -1.82831012e+02 1.37007451e+01
 2.48801981e+01 1.96504303e-03 -6.64171608e-01 -3.65203507e-03 -3.18100248e+02 1.37049694e+01
 9.07534277e+00 -4.07336621e-03 1.88347658e+00 -4.46959766e-03 -3.77291095e+02 1.37018121e+01
 8.35176172e+00 2.99332870e-03 2.43304367e+00 5.51209380e-04 7.04613496e+01 1.37016382e+01
 2.69739959e+01 3.76716459e-03 2.40619771e-01 -1.16872883e-02 -4.47417536e+02 1.37054035e+01
 -2.18693538e+01 1.26780669e-02 8.31062344e-01 -4.52259146e-04 -3.53811705e+02 1.36956360e+01
 -5.55010057e+00 9.98766378e-04 3.81042067e-01 -6.32234661e-03 7.83915296e+01 1.36987337e+01
 -1.17479783e+01 3.98006378e-03 1.19615362e-01 -6.45891687e-03 -2.52648200e+01 1.36977068e+01
 5.31357036e-01 9.58757550e-03 1.68639375e+00 4.17198989e-04 -2.19105760e+02 1.36999451e+01
 -7.27083810e+00 -4.43366667e-04 -1.29579559e+00 1.09640698e-03 3.90916614e+02 1.36985931e+01
 1.94889318e+01 -3.42799656e-03 -7.94512868e-01 6.35775954e-03 -3.29929411e+02 1.37042224e+01
 1.36300609e+01 -4.24891405e-04 1.44267435e+00 -1.53137761e-02 -3.84298059e+02 1.37027371e+01
 5.19981112e+00 -2.49566984e-04 -1.34534170e+00 1.13288934e-02 -4.16911799e+02 1.37008062e+01
 1.49655206e+01 1.24457812e-04 1.04880218e-01 -1.12306077e-03 -2.13843501e+02 1.37032657e+01
 8.13740141e+00 8.14377328e-03 -2.03470666e-01 -5.05691190e-03 3.73516262e+02 1.37017521e+01
 1.41620722e+00 -4.28008638e-03 9.50312330e-01 -1.28974330e-03 -2.67656038e+02 1.37004363e+01
 1.06966092e+01 4.93290271e-03 -4.06627740e-01 -3.16370041e-03 -1.60160531e+02 1.37023171e+01
 -8.07138701e+00 1.28866937e-02 -9.61233013e-01 2.46022066e-03 -5.90859301e+02 1.36985537e+01
 1.40662733e+01 8.41570643e-03 -3.82085096e-01 -8.18563094e-03 4.23420809e+02 1.37028372e+01
 1.23340623e+00 2.69065644e-03 8.08517060e-02 -6.39348431e-03 -8.35628561e+02 1.37005907e+01
 -1.37929451e+01 7.51631761e-03 -1.30871472e+00 -4.18013443e-03 -3.37242597e+01 1.36971965e+01
 -8.75331821e+00 -9.95719719e-03 1.74432758e+00 -1.58669907e-03 1.54972650e+02 1.36982846e+01
 1.24663975e+01 7.03950138e-03 -1.27686499e-01 1.12617090e-03 2.48858309e+02 1.37024154e+01
 -3.21975701e+01 -8.20565813e-04 2.16660211e-01 7.32685944e-03 1.78340232e+02 1.36934258e+01
 1.75461325e+01 -2.61364823e-03 1.94226129e+00 -9.90362996e-03 -3.05351047e+02 1.37033321e+01
 2.16855271e+00 -1.80505290e-04 2.19831076e-01 -3.80366472e-03 2.53777811e+02 1.37003249e+01
 -2.04348044e+01 -1.12448309e-02 -4.56839568e-01 8.11681173e-03 4.77011496e+02 1.36960218e+01
 -1.48266291e+01 -4.83480687e-03 1.03319459e+00 2.43341909e-03 -1.89343472e+02 1.36970571e+01
 6.88748185e+00 2.11040914e-03 3.32624206e-01 3.66519483e-03 -4.13301636e+02 1.37013887e+01
 -1.93078858e+01 8.75737617e-03 4.57001926e-01 -6.70883699e-03 2.46719415e+02 1.36959525e+01
 2.37652623e+01 3.70189830e-03 -8.17708528e-01 2.10005282e-03 4.11374355e+02 1.37045356e+01
 7.83344230e+00 1.29536706e-02 1.82460131e+00 -3.31664356e-03 6.51648475e+01 1.37013663e+01
 -2.09978745e+01 -6.90338460e-03 1.42562085e+00 -4.64721206e-03 1.62212318e+02 1.36958676e+01
 -1.06566038e+01 -5.79948586e-03 -1.83880161e+00 -2.79872575e-03 -1.02080240e+02 1.36977153e+01
 -6.56219530e+00 1.20058161e-02 -2.80884720e-01 -3.03576717e-03 7.45232882e+01 1.36986182e+01
 -2.05634696e+01 -6.11955316e-03 -3.33027366e-01 2.94444739e-03 -2.51589054e+02 1.36959433e+01
 -1.44797227e+01 5.88991279e-03 8.44665158e-01 -6.84045058e-03 1.04560194e+02 1.36972803e+01
 1.24503942e+01 -6.49480046e-03 1.01231207e+00 1.46344047e-03 -2.13616915e+01 1.37020219e+01
 7.68294583e+00 -4.25501551e-04 -9.67403907e-02 1.12078571e-02 -2.24145051e+02 1.37013375e+01
 -1.46991625e+01 5.05865328e-03 -2.11448551e-01 -2.12852730e-03 -4.37810720e+02 1.36967902e+01
 -4.85732832e-01 4.55997091e-03 3.13416625e-01 5.49827352e-03 2.68215550e+02 1.37000664e+01
 -8.14646380e+00 -2.03836045e-02 1.22025565e+00 -5.35844408e-03 5.84961211e+02 1.36983954e+01
 6.46204899e+00 -7.54420507e-03 8.42358391e-01 -5.71466334e-03 3.66266815e+01 1.37011458e+01
 -2.65264478e+01 1.26099086e-03 -2.75838775e+00 8.38809757e-04 -1.69260100e+02 1.36946156e+01
 -7.75251891e+00 4.93139613e-03 5.55142463e-01 -5.10173814e-03 4.72200876e+02 1.36980525e+01
 -9.76325070e+00 -8.07568865e-04 9.10089199e-01 -6.73735315e-03 3.97869487e+02 1.36973860e+01
 6.66146501e+00 2.70645469e-03 6.94557736e-01 -3.17994769e-03 -9.54028411e+01 1.37010541e+01
 -7.25639425e+00 -4.87952520e-03 1.40872630e-01 7.75920100e-04 2.06808112e+00 1.36984540e+01
 2.50507452e+01 -1.03593941e-02 -5.33617044e-01 -9.72719835e-03 -3.50864438e+02 1.37050580e+01
 4.29639870e+00 -3.77831661e-03 -5.18173801e-01 -5.18738708e-03 -1.32362764e+02 1.37008882e+01
 -7.73030380e+00 -5.18794470e-04 -1.27011975e+00 -7.64861330e-03 -4.00830374e+01 1.36984112e+01
 -5.46156085e+00 -1.87871527e-03 3.33084336e-01 -6.37130297e-03 2.53351466e+02 1.36986377e+01
 -1.43939652e+01 -2.13831397e-02 7.76875832e-01 1.06707496e-02 1.20778919e+02 1.36970975e+01
 -2.01760947e+01 8.48639376e-03 3.61894235e-01 7.90536202e-04 -1.23435849e+01 1.36959349e+01
 1.49938603e+01 -1.38125227e-04 -2.92509495e+00 5.02434306e-04 4.17090539e+02 1.37032109e+01
 9.61723010e+00 5.08679937e-03 -2.04539815e-01 -3.31789063e-03 -8.06941973e+01 1.37020185e+01
 5.73513586e-01 1.06002865e-02 3.84728680e-01 5.64249412e-03 -4.75766607e+02 1.37001777e+01
 1.39159314e+01 1.83146494e-04 -1.31827994e+00 7.85750027e-03 -5.06437263e+01 1.37026950e+01
 -3.52026074e+00 7.60979533e-03 5.33694833e-01 1.91725845e-03 2.00083685e+02 1.36994004e+01
 2.07151707e+01 -2.12946044e-03 -5.54841197e-01 -1.28261620e-03 1.14996709e+00 1.37040070e+01
 3.10665774e+01 -7.56664343e-03 9.98313713e-01 1.27475672e-03 2.19485846e+02 1.37061137e+01
 3.83182940e+00 -7.63845841e-04 9.18175592e-01 7.70098230e-04 -1.45437875e+02 1.37007203e+01
 -1.39296900e+01 -6.94288560e-03 -5.06925771e-01 7.48373193e-03 5.72640111e+02 1.36971794e+01
 1.18620687e+01 1.02100420e-02 -1.27558014e+00 4.88338148e-03 2.44831649e+01 1.37021587e+01
 1.84215143e+01 7.68378207e-03 3.05063550e+00 4.61068601e-03 -8.48396952e+01 1.37036864e+01
 7.89589890e+00 9.80805648e-04 -1.41303964e+00 -9.53011253e-03 -1.03959389e+01 1.37016028e+01
 -4.10123985e+00 1.04293701e-02 3.24229223e-01 3.97943846e-03 -1.86986225e+02 1.36990134e+01
 1.15074164e+01 1.79058928e-02 -1.89426879e+00 5.86526061e-04 8.90687934e+01 1.37021107e+01
 -6.58740623e-01 2.90779281e-03 1.55295332e+00 -1.10896619e-02 1.25302868e+02 1.36998447e+01
 -1.39159787e+01 -2.78320981e-03 1.16231027e-01 -7.33137313e-03 2.69255288e+01 1.36972431e+01
 4.16075324e+00 7.40443268e-03 1.46499613e+00 9.15598752e-04 -8.96795969e+01 1.37006543e+01
 -7.34815130e+00 -3.01885764e-03 -9.29611094e-01 1.71168354e-03 1.01975981e+02 1.36985469e+01
 -6.55927004e+00 3.82028635e-03 -8.21216318e-01 7.72244833e-03 -1.88762086e+02 1.36986752e+01
 2.11814438e+01 2.40407831e-03 -2.56468578e-01 3.00318206e-03 -6.33174464e+02 1.37041511e+01
 -1.23908496e+01 9.86974449e-03 -3.11735051e-01 2.72742577e-03 8.33669498e+01 1.36975028e+01
 -2.68773764e+01 -1.23277855e-02 -2.17497958e+00 -4.65630189e-04 -1.13780968e+02 1.36947329e+01
 -4.31952242e+00 2.77543718e-03 -8.53371822e-01 2.37423681e-03 -1.19241652e+02 1.36994862e+01
 6.27455687e+00 -1.79301994e-03 1.20112140e+00 2.03096801e-03 1.78152974e+02 1.37013240e+01
 -1.29803092e+01 -3.62693797e-03 -1.65476580e-01 8.13050023e-03 1.89193884e+02 1.36974939e+01
 5.69874250e+00 -1.07812084e-02 7.07360954e-01 4.73127375e-04 -7.93567186e+01 1.37012188e+01
 -2.52394620e+01 -6.63921500e-04 4.61260824e-01 7.02911950e-03 -4.09307065e+01 1.36950321e+01
 -2.17549348e+01 1.22180755e-02 6.54181119e-01 7.76887045e-03 3.06970446e+02 1.36955324e+01
 -5.29732727e+00 -9.80626708e-03 -1.02431265e+00 -5.28732415e-03 3.49812524e+02 1.36988420e+01
 -1.02078337e+01 -5.56725767e-03 -2.92958714e-01 -4.98468677e-03 1.72268449e+02 1.36980084e+01
 -2.15666465e+01 -3.82034323e-03 1.33551285e+00 4.75865065e-04 4.17695172e+02 1.36958216e+01
 2.15662663e+01 -1.19937349e-03 3.60227325e-01 5.93147734e-03 3.36111516e+02 1.37044880e+01
 -1.12727729e+01 1.19191308e-02 -5.53761717e-03 -2.20909868e-03 -9.69678256e+01 1.36979815e+01
 4.60403958e+00 -1.23344583e-02 -1.13343055e+00 -3.63586953e-03 6.17190397e+02 1.37006524e+01
 -9.27181373e+00 2.83190402e-04 8.02293802e-01 -2.25679399e-03 4.50320734e+02 1.36981105e+01
 -3.15967544e+01 7.56922655e-03 -6.99345626e-01 -1.57306235e-03 -5.17001738e+02 1.36937989e+01
 9.41724029e-01 -4.82490374e-03 2.91319936e-01 2.04546560e-03 -2.75523398e+02 1.36999702e+01
 1.67857242e+01 1.03285209e-02 -2.16573410e+00 -3.34641597e-04 9.26499906e+01 1.37031215e+01
 -6.13480239e-01 -3.57334198e-04 -1.33266358e-01 3.03252158e-03 2.74337297e+02 1.37000053e+01
 8.18531674e+00 4.31545767e-03 -2.24615328e+00 2.42529774e-04 -4.02652239e+02 1.37018007e+01
 -5.11591088e+00 3.41676104e-03 5.89447930e-01 1.56276862e-03 4.40566933e+02 1.36990821e+01
 1.29273009e+01 3.75551690e-03 -3.74892734e-01 3.47061495e-03 4.08141879e+01 1.37028792e+01
 -1.99233620e+01 8.27423311e-03 4.05804266e-02 -7.16769825e-03 -2.83008416e+02 1.36959741e+01
 -2.27098428e+01 1.17361163e-03 1.27430296e+00 7.52718070e-03 -6.41327399e+02 1.36956985e+01
 -1.46112267e+01 -1.40343201e-02 2.56312595e-01 1.01117245e-02 -3.66211346e+02 1.36969324e+01
 -8.67374690e+00 -1.89125546e-03 -2.00201195e+00 2.04741397e-02 -2.46509916e+02 1.36981600e+01
 -8.81240928e-01 -1.78062329e-03 -2.99336716e-01 -3.51539403e-04 -7.95967557e+01 1.36998575e+01
 -2.20598391e+01 -4.26264460e-04 -9.48354766e-03 -2.39246455e-03 3.44865686e+02 1.36954439e+01
 -2.17005528e+01 1.01814147e-02 -1.11545613e+00 -1.73120758e-02 -1.24405829e+02 1.36956303e+01
 6.45034007e+00 -7.64321238e-03 9.61221829e-01 2.53125649e-03 -2.02158897e+01 1.37012081e+01
 -1.91797026e+01 -1.03723517e-04 4.65096331e-01 3.54938935e-03 1.12049867e+02 1.36962116e+01
 -9.84327129e+00 2.11961563e-03 5.50774751e-01 7.48101650e-03 -2.97825122e+01 1.36981431e+01
 -5.76373189e+00 9.38396018e-04 2.93853875e-02 -6.55859285e-03 -9.43618615e+01 1.36990668e+01
 6.68258512e+00 7.83400256e-03 3.15129860e-01 -9.48093448e-03 -3.16203323e+02 1.37014911e+01
 2.49715050e+01 1.15215437e-02 2.73846617e+00 1.15800980e-02 -2.15143384e+02 1.37045338e+01
 -8.72402839e+00 1.04845720e-02 -1.84597365e-01 4.97827192e-03 -2.87890941e+02 1.36983916e+01
 7.02619801e+00 1.72290789e-02 1.95001924e-01 -2.37155770e-03 -2.02906283e+02 1.37013694e+01
 -1.38747625e+00 -5.37777087e-03 1.11673320e+00 1.05705804e-02 -7.84714339e+01 1.36997283e+01
 -3.36318509e+00 2.99143537e-03 3.47404739e-01 2.13777776e-03 1.52238506e+02 1.36992545e+01
 1.47442811e+01 -1.14449043e-03 5.96768058e-01 1.16380017e-03 -1.19694186e+02 1.37029343e+01
 1.81197622e+00 1.76969830e-02 2.15482303e-01 2.47511342e-03 -3.91435808e+02 1.37001756e+01
 1.27700670e+01 9.77885801e-04 -1.76854118e-01 -7.12501166e-03 5.33697067e+01 1.37024253e+01
 -1.93000352e+01 -7.08395718e-03 7.28161708e-01 3.14833589e-03 7.33923278e+02 1.36959064e+01
 -7.64613645e+00 5.21133465e-03 -1.17280326e+00 3.94450925e-04 -2.95865603e+02 1.36983396e+01
 5.90449429e+00 4.19947760e-03 8.66461917e-02 1.51718131e-03 3.43153706e+02 1.37010228e+01
 -3.81372256e+00 4.27240020e-04 4.38801500e-01 3.54082410e-03 -2.17672878e+02 1.36989884e+01
 -1.50682418e+01 -6.08648967e-03 -1.20178774e+00 -5.38650536e-03 -1.26784767e+02 1.36971628e+01
 -9.58111530e+00 -1.55157735e-02 -8.24480949e-01 -2.74855160e-03 2.56394729e+02 1.36980580e+01
 4.09721540e-01 6.30809299e-03 2.21393217e+00 3.58081233e-04 -9.00442256e+02 1.37005227e+01
 -4.74789140e+00 4.97654166e-03 4.26525217e-01 8.89453691e-04 1.82441981e+02 1.36992578e+01
 -4.61587645e+00 -2.41882895e-03 -1.10817843e+00 -3.37360288e-03 -1.28751129e+02 1.36992177e+01
 -1.87682923e+01 2.32968930e-04 -7.32902650e-01 4.55493425e-03 -3.27310753e+02 1.36964105e+01
 -1.82728813e+01 5.97548223e-03 1.47125703e+00 1.50236981e-02 3.70657955e+02 1.36962370e+01
 1.16091245e+01 -1.67257194e-03 1.12297064e+00 -3.92660924e-03 -3.03018093e+02 1.37024400e+01
 -1.70378471e+01 -1.23045987e-03 -1.95416559e+00 -2.00628780e-03 -1.66590604e+02 1.36963755e+01
 -8.23785686e+00 -1.34829972e-02 1.58012868e+00 -6.62708559e-04 -7.23321844e+02 1.36980926e+01
 1.38544564e+01 -6.30529748e-03 -6.88790218e-01 -2.40191906e-06 9.61231998e+01 1.37026179e+01
 -7.12799826e+00 -1.62203922e-02 5.36409481e-01 4.98652569e-03 1.14432048e+01 1.36986111e+01
 -7.15248758e+00 -1.07446517e-02 -2.96120958e-01 6.82138511e-04 -3.49668439e+02 1.36985445e+01
 3.96593880e+00 6.41643904e-03 5.15888548e-01 -9.24293780e-03 -3.81832013e+02 1.37007255e+01
 -7.19586787e+00 -6.15783278e-03 4.44716202e-01 1.58328756e-03 3.27899665e+02 1.36986948e+01
 8.23378047e-01 -5.60676200e-03 -2.12641018e-01 -9.48044714e-03 -3.25854526e+01 1.37002471e+01
 -2.08420848e+00 1.49143415e-03 -1.20963842e+00 2.83895458e-03 5.90718234e+01 1.36996019e+01
 2.54617035e+01 6.19904209e-03 -1.33013647e+00 4.85227190e-03 1.24132580e+02 1.37050976e+01
 1.11162119e+01 3.45439974e-03 8.71279997e-01 -2.50558789e-03 -5.64123818e+02 1.37022101e+01
 1.69030409e+01 3.66920599e-03 4.39717855e-01 -7.19373048e-03 -2.86166575e+02 1.37032813e+01
 6.52066041e+00 1.42023413e-03 9.06039693e-01 -4.00736425e-03 -9.46574087e+01 1.37013973e+01
 -1.48017773e+01 -9.10891338e-04 -2.50294663e+00 5.39750623e-03 1.14716179e+02 1.36971010e+01
 1.80364629e+01 -8.31163557e-03 -1.54218219e+00 8.64129351e-04 5.63540047e+02 1.37038652e+01
 9.84357235e+00 -5.20650492e-03 -1.17355437e+00 -8.91924987e-04 1.08064885e+02 1.37020183e+01
 -6.24259956e+00 2.19949546e-02 1.99088969e+00 -1.86266234e-02 8.49449407e+02 1.36987805e+01
 -2.03772457e+01 3.86925394e-03 -1.14097766e+00 -2.30494648e-03 -7.71274563e+02 1.36961107e+01
 5.72716559e+00 -3.35333743e-04 2.25183877e+00 -9.09043519e-03 -3.87269442e+02 1.37013958e+01
 -6.91457234e-02 1.34272298e-02 -1.43055203e+00 -4.53155110e-03 2.15332190e+01 1.36999662e+01
 1.53679739e+00 -1.38547144e-02 4.96254494e-01 6.75624132e-03 7.97545250e+02 1.37005604e+01
 2.73929269e+01 -2.49506451e-04 1.07168691e+00 -8.44710309e-03 -2.44450459e+02 1.37052328e+01
 6.63830634e+00 -7.28884609e-03 -6.12329339e-01 -7.27214279e-05 -2.23083762e+01 1.37017805e+01
 -5.73802072e+00 -2.74515149e-03 -2.82772206e-01 9.55897947e-03 -9.42088528e+01 1.36988924e+01
 2.45266281e+01 -5.94321618e-03 -4.52310306e-01 -5.63924285e-04 -2.88121925e+02 1.37047807e+01
 1.65080218e+01 -1.05675221e-02 4.00084425e-01 -3.65197226e-03 -4.23083873e+02 1.37032995e+01
 -8.92388790e+00 -4.41156732e-03 -4.68661765e-01 -1.09328404e-02 -7.23930892e+02 1.36981236e+01
 6.40186094e+00 -1.05277990e-02 -2.49326035e+00 5.81544643e-03 9.44621472e+01 1.37014733e+01
 -1.27107332e+00 -1.04901372e-02 -4.92418929e-01 -1.33395751e-02 4.57123720e+02 1.36995589e+01
 -1.26480889e+01 -9.33405812e-04 1.27131064e-01 2.47529445e-03 -6.23013945e+00 1.36973689e+01
 1.85507127e+00 3.12070543e-03 1.58355638e+00 -2.74157294e-04 -6.43750827e+01 1.37003434e+01
 3.57401827e+00 -1.78487837e-03 -1.35473674e+00 1.04983294e-03 6.41056655e+02 1.37005665e+01
 -1.59637327e+01 -5.49293071e-03 -3.07823937e-02 -9.03868254e-03 -2.03406920e+02 1.36967179e+01
 5.70470826e+00 3.76154735e-03 -7.31084654e-01 -3.67599550e-03 -1.05075127e+02 1.37012533e+01
 -2.34845896e+01 3.09072646e-03 1.13523905e+00 7.51158356e-03 -4.80421925e+01 1.36953400e+01
 -6.26580360e+00 7.99325003e-03 -1.79009547e+00 7.94436459e-04 -2.90861673e+00 1.36984275e+01
 -1.78356648e+00 -1.03449628e-03 1.31883952e+00 2.45067653e-03 1.63889798e+02 1.36997658e+01
 -6.64180401e+00 4.54771020e-03 1.29090896e+00 -6.81474110e-03 -2.22613312e+02 1.36989731e+01
 5.23059571e+00 -9.64969155e-03 2.24181739e+00 9.94093091e-03 2.23623546e+02 1.37011205e+01
 5.26910521e+00 2.13827427e-03 4.12400825e-01 -1.55940494e-03 1.36795703e+02 1.37012312e+01
 7.40006706e+00 -5.21706870e-04 1.09495985e-01 -7.23307166e-03 -5.91333212e+02 1.37014027e+01
 1.10337616e+01 5.20801350e-03 1.27038016e+00 8.42963225e-03 -1.16803519e+02 1.37018400e+01
 -3.77743112e+00 -5.25945290e-03 7.01181992e-01 4.94597228e-03 1.03836621e+02 1.36993613e+01
 -1.02895400e+01 -7.16363905e-04 -9.12538629e-01 1.69336856e-03 -7.08906455e+01 1.36976869e+01
 2.28188713e+01 5.00187057e-04 1.74298085e+00 1.15642806e-02 -1.25295909e+02 1.37047406e+01
 2.10138365e+00 1.09198204e-02 9.15658453e-01 -1.45164829e-03 -2.13955623e+02 1.37006301e+01
 -4.69397149e+00 2.15180421e-03 -1.02955425e+00 -1.54020636e-03 1.33109967e+02 1.36991618e+01
 2.46705330e+01 -5.29925640e-04 -1.56183717e+00 -5.62572599e-03 -3.31120257e+02 1.37046241e+01
 9.00394826e+00 7.39932987e-03 -9.41221017e-02 8.76319475e-03 -2.74776665e+02 1.37020183e+01
 2.77302003e+01 -1.05224451e-02 1.80071454e+00 1.25016567e-03 3.10554363e+02 1.37052454e+01
 -3.37160490e+00 5.81624191e-04 -1.43525226e+00 3.42768543e-03 -3.65484979e+02 1.36992579e+01
 6.37776753e+00 -1.30922084e-02 -3.93142265e-01 4.45920181e-03 -4.72830834e+02 1.37012969e+01
 2.31033867e-01 2.77695159e-03 7.10231780e-01 -1.06199664e-03 1.77300899e+02 1.37001629e+01
 2.45792807e+01 4.60732267e-03 1.92443743e-01 6.77270632e-03 -5.26415885e+02 1.37048653e+01
 -9.75801246e+00 -2.28336609e-03 5.32949355e-01 2.74174380e-03 1.14327480e+02 1.36980179e+01
 5.09957672e-01 9.12722836e-04 7.60803108e-01 -9.13593570e-03 -3.14393490e+01 1.36999459e+01
 1.25309586e+01 2.58621782e-04 9.18185228e-01 2.77478610e-03 2.36622674e+02 1.37022997e+01
 -1.64122763e+01 -6.33053678e-03 -2.04677964e+00 -1.55322029e-02 -2.17051236e+02 1.36967938e+01
 6.42537281e+00 -1.94758023e-02 -1.69518333e+00 -6.64892949e-04 7.44499606e+02 1.37011069e+01
 -1.54202960e+01 -9.70865495e-03 1.13997872e-01 7.13068072e-03 -2.73449131e+02 1.36968989e+01
 1.48492932e+01 1.67668575e-03 -3.49723384e-01 2.94578431e-03 2.69135831e+02 1.37026181e+01
 -2.46261804e+00 -1.93146098e-03 -2.35342437e+00 8.48566063e-03 -4.46833464e+02 1.36994230e+01
 1.05651996e+01 -1.10103602e-02 -1.32586265e+00 -2.20872593e-03 5.99252405e+02 1.37020250e+01
 -1.42846298e+01 3.05667652e-03 -3.28944364e+00 8.36030033e-03 -2.24086008e+02 1.36971456e+01
 -1.82694698e+01 -9.00576806e-03 6.42102763e-01 -4.24062662e-03 2.42157358e+02 1.36967087e+01
 -7.69614994e+00 -1.07619066e-02 -1.03476256e+00 -8.53417003e-03 -1.96682698e+02 1.36981637e+01
 1.93255818e+01 9.56623446e-03 3.73254530e-02 5.49188432e-03 -2.06877779e+02 1.37039670e+01
 -2.22976139e+01 -2.56502044e-03 2.14397068e+00 2.96038668e-03 1.19458197e+02 1.36954235e+01
 -8.81901210e+00 -4.37795373e-03 7.49822338e-01 -4.09412551e-04 3.14869611e+02 1.36981946e+01
 -1.47409738e+01 -7.29945717e-03 -1.22593907e+00 -1.99110242e-04 -7.70403324e+01 1.36974136e+01
 -3.44074169e+01 8.71984387e-03 1.13065301e+00 8.97519432e-03 -6.79555137e+02 1.36930397e+01
 4.38564120e-01 6.77343029e-03 -3.09798413e-01 -3.86412759e-03 4.09163822e+01 1.37001035e+01
 1.03234691e+01 -5.38191500e-03 -7.98853632e-01 -7.42767893e-03 2.82950344e+02 1.37020262e+01
 4.75966657e+00 -5.63438265e-03 1.50897502e+00 -4.07124304e-03 1.32888003e+02 1.37010798e+01
 6.77341360e+00 -5.36032627e-03 6.60522256e-01 -9.29555939e-05 -3.88670186e+01 1.37011936e+01
 -6.56960469e+00 -5.88459932e-03 -3.54744726e-01 -2.47648336e-03 -4.25115461e+02 1.36985100e+01
 -1.47688028e+01 7.08008858e-03 1.79585024e+00 5.58991451e-03 9.09715657e+00 1.36974650e+01
 -3.39878037e+00 4.65195815e-03 9.97537323e-01 3.42791848e-03 -1.42640542e+01 1.36992562e+01
 7.06713894e+00 -1.82534172e-03 -6.24576361e-01 -7.14721865e-03 -6.01401614e+02 1.37012799e+01
 -7.37895226e+00 1.76058987e-03 -4.88049823e-02 7.41478006e-03 1.40942568e+02 1.36984512e+01
 -1.08170416e+01 1.26931130e-02 -3.45894130e-01 -3.57102664e-03 2.61270809e+02 1.36977778e+01
 -1.89643687e+01 9.91171456e-03 1.95190244e-01 -4.34598857e-03 -3.01453985e+01 1.36963326e+01
 1.61469450e+01 2.39972344e-03 -2.44036725e+00 -2.36848514e-03 -2.02986921e+02 1.37030689e+01
 -2.87763710e+01 9.39581690e-03 -2.29159477e-01 -4.27693858e-03 -1.50024242e+02 1.36944801e+01
 1.39898961e+00 4.99193094e-03 1.32535448e+00 1.51045730e-04 6.11298007e+00 1.37002202e+01
 -3.10646138e+00 4.27227064e-03 -1.16449417e+00 -3.84230290e-03 -1.57058210e+02 1.36990607e+01
 6.49027622e+00 7.62182996e-03 7.68589817e-01 5.95594975e-03 -1.68781488e+02 1.37009761e+01
 1.36935227e+01 -1.31516820e-02 -1.49603484e+00 -1.75758273e-03 4.62739138e+01 1.37025366e+01
 2.92368969e+01 2.58628838e-03 -2.01906631e+00 7.22597557e-03 7.39639015e+01 1.37057835e+01
 -6.89950105e+00 -2.74521070e-03 3.70702666e-01 -4.70953953e-03 -1.45007014e+02 1.36988768e+01
 -6.97710375e+00 -1.87273617e-03 1.05585854e+00 -2.46143668e-03 -2.75889209e+02 1.36988194e+01
 -1.00086855e+01 1.81287283e-02 1.74354783e+00 1.16074075e-02 2.04107985e+02 1.36981736e+01
 -7.36325676e+00 1.24435720e-02 5.47151613e-01 3.75848481e-03 -4.32519986e+02 1.36986039e+01
 9.30778628e+00 3.76318290e-03 -2.17959291e+00 2.98607993e-03 1.25972555e+02 1.37017068e+01
 4.34297451e+01 -6.45210079e-05 -1.84166954e+00 7.88859239e-03 5.15855260e+01 1.37085658e+01
 3.03836598e+01 2.69530620e-02 1.33616857e-01 -1.10001248e-02 3.65548147e+02 1.37059685e+01
 -5.13044714e+00 2.39144085e-03 -2.49809653e+00 2.07514512e-03 7.69799544e+01 1.36989126e+01
 -9.75901051e+00 2.76674140e-03 1.00516986e+00 -7.75213896e-03 8.57624674e+00 1.36978984e+01
 -1.40427918e+01 -2.90794754e-03 -1.93352120e-01 -3.09793105e-04 -1.64745574e+02 1.36972286e+01
 -8.91100352e+00 -6.87261657e-04 6.84224551e-01 -1.28014375e-03 -3.51661834e+02 1.36982290e+01
 -3.32091910e+00 -2.38883299e-04 1.25178070e+00 4.69370598e-03 -1.45474631e+02 1.36993787e+01
 -3.71344260e+00 -9.74774869e-03 -9.12564241e-01 4.35431306e-04 -1.90620461e+02 1.36992003e+01
 1.44333209e+01 -1.34984816e-02 3.24988939e-01 1.01427678e-02 6.35902425e+01 1.37026801e+01
 -6.88392393e+00 2.39755232e-03 -9.53772503e-01 9.95730919e-04 6.36316354e+02 1.36985613e+01
 4.25747986e+00 3.83149214e-03 -1.20291775e-01 -6.21216916e-04 -3.97552648e+02 1.37009379e+01
 6.74895950e+00 9.65784550e-03 7.36165872e-01 8.26757827e-04 -4.26577136e+01 1.37012609e+01
 -1.87215753e+01 -6.73050271e-03 -1.11454626e-01 3.08055099e-03 2.38143917e+02 1.36963652e+01
 -3.59936367e+01 -6.85084784e-03 -2.39931426e-01 -7.15600065e-03 -3.25809858e+02 1.36931540e+01
 8.43919866e+00 2.13881717e-03 9.42248815e-01 -2.99351258e-03 9.99164374e+01 1.37017539e+01
 -3.16200816e+00 -1.10955478e-02 -6.27912283e-01 1.87505535e-03 1.16817049e+01 1.36995921e+01
 -6.90633591e+00 9.45091579e-04 2.14778315e-01 -6.57068738e-03 3.80845796e+02 1.36990156e+01
 -6.62194212e+00 -1.57242158e-02 -6.47480093e-02 -4.79811240e-04 8.59426957e+01 1.36986413e+01
 1.06885266e+01 5.29546647e-03 -1.57468816e+00 2.83288219e-03 2.73219750e+00 1.37019973e+01
 7.60119255e+00 5.31028159e-03 8.88025086e-01 1.18220006e-03 -1.19531682e+02 1.37013339e+01
 -1.18728256e+01 1.98961527e-04 -1.09635299e+00 -3.70941752e-03 -1.95335990e+02 1.36975403e+01
 4.58393178e+00 7.97490884e-03 -3.15105204e-01 2.77729612e-03 -2.33939885e+02 1.37009543e+01
 -7.79992795e+00 -1.16634663e-02 -1.90981456e+00 2.36764980e-04 -1.82562954e+02 1.36984907e+01
 1.02129847e+01 1.93253772e-02 -5.35382968e-01 1.51292943e-02 4.21366417e+02 1.37015588e+01
 3.98087866e+00 -8.05991168e-04 -4.23317324e-01 2.44659597e-03 6.49588743e+00 1.37006012e+01
 3.94876886e+00 3.17381271e-03 6.75993639e-01 -5.91818929e-03 3.06459535e+02 1.37008643e+01
 7.90869986e+00 -6.20788950e-03 -5.84277412e-01 -6.53662609e-03 -2.02489125e+02 1.37015822e+01
 2.13952101e+00 -6.17630507e-03 -1.89257909e+00 -6.36107751e-04 -3.27395601e+01 1.37004817e+01
 -5.53030399e+00 -1.37239914e-02 -3.03745959e+00 -4.35553056e-03 -3.18071515e+02 1.36990797e+01
 -8.20989747e+00 3.40797244e-03 6.27745654e-01 -8.73701719e-03 7.40857487e+00 1.36982669e+01
 1.56063303e+01 3.16045971e-03 -1.15874245e+00 1.32671496e-02 1.20103634e+02 1.37029478e+01
 -3.49465393e+01 -9.62296046e-03 1.74566355e+00 8.16974694e-03 -3.30142330e+02 1.36928291e+01
 1.30141598e+00 1.75323076e-02 -1.14226262e-01 9.05224820e-03 2.05571689e+02 1.37005241e+01
 -1.23499976e+01 7.93679795e-04 8.72383151e-01 -9.88513985e-03 3.47617396e+02 1.36974169e+01
 -8.98416917e+00 1.04884048e-05 2.15185811e+00 -7.45360434e-04 -2.43182205e+02 1.36984456e+01
 1.66198608e-01 -1.10373773e-02 -2.20359624e+00 -5.39902463e-04 -2.45097906e+02 1.36998363e+01
 -1.38424188e+01 -1.40836044e-02 5.20459021e-01 2.59878959e-04 -3.23515632e+02 1.36967472e+01
 1.66462944e+00 3.86166023e-03 4.99175065e-01 3.55312343e-03 -4.19576751e+02 1.37000507e+01
 -4.67265472e+01 3.00242655e-03 -2.20662271e+00 6.46125670e-04 -4.57069862e+02 1.36905682e+01
 -3.71434964e+00 2.88523092e-03 -1.04621066e+00 9.62873178e-03 -9.70415972e+01 1.36990081e+01
 -9.37268340e+00 9.60038080e-04 -2.19100076e-01 2.91711746e-03 2.31164536e+02 1.36978273e+01
 1.41953569e+01 1.17050606e-03 -7.11724552e-01 -9.84397204e-04 -1.48485204e+02 1.37028877e+01
 -2.27214797e+01 1.81798928e-03 -1.46408685e+00 1.78950919e-03 3.33799577e+01 1.36951639e+01
 3.63161123e+00 -2.63220079e-03 4.61819990e-01 4.86170896e-03 -2.98711565e+00 1.37007006e+01
 -1.45889199e+01 6.27614561e-03 -7.11550000e-02 3.96245012e-03 4.38660554e+01 1.36971418e+01
 8.25718378e+00 2.55723235e-03 1.57612774e+00 9.88133761e-03 -9.66048122e+00 1.37016196e+01
 -1.25815440e+01 1.25509471e-03 1.27990182e+00 -5.23490194e-03 -1.49316438e+02 1.36975131e+01
 -3.52197642e+01 -1.04412554e-02 -1.42771698e+00 2.08349467e-03 2.84741520e+02 1.36930054e+01
 -1.00874984e+01 -4.98058578e-03 1.47807282e+00 -3.21112977e-03 -1.35823250e+01 1.36981659e+01
 1.70551052e+01 -1.02861060e-02 2.87166169e+00 2.08596083e-03 1.91760354e+02 1.37032825e+01
 1.29083959e+00 5.50119460e-03 -1.21860482e+00 -4.06993663e-03 4.58292397e+02 1.37005803e+01
 -1.09015368e+00 -1.39388534e-03 -2.05084958e+00 -1.95275321e-03 3.92283690e+02 1.36993538e+01
 -1.74023771e+01 4.69815948e-03 8.79085482e-01 -1.23075571e-03 1.17991973e+02 1.36964593e+01
 -3.02772127e+00 -5.75994463e-03 5.09385956e-01 1.14556026e-03 1.20317843e+01 1.36994631e+01
 4.85795011e+00 9.28059240e-03 -7.80474343e-01 -3.15918998e-03 -1.31991846e+02 1.37007938e+01
 1.90938500e+01 3.07527158e-03 6.55219915e-02 5.42435617e-03 -5.63717683e+02 1.37034088e+01
 -3.68773395e+00 1.02414029e-03 2.45187375e+00 2.92277985e-03 1.72025143e+02 1.36993327e+01
 -4.01726382e+00 -4.71618648e-03 -1.42137754e+00 1.47743847e-02 3.69516323e+01 1.36993105e+01
 -3.00050568e+01 1.58033500e-03 3.50319943e-01 7.45241196e-03 2.89051144e+02 1.36942750e+01
 -3.51113392e+01 -1.26316915e-03 7.48389850e-02 -4.98366522e-03 -2.49803566e+02 1.36930600e+01
 -3.17579115e+00 -5.69041144e-03 6.57685401e-01 2.63961300e-03 6.25941443e+02 1.36992732e+01
 -1.58752484e+01 -1.41363920e-03 6.93799242e-01 -5.93993306e-03 -1.55212213e+02 1.36967311e+01
 1.19761748e+01 3.75037756e-03 -7.42564561e-01 9.75741176e-04 -6.69258485e+00 1.37024295e+01
 2.54615130e+01 -1.18092823e-02 6.58800954e-02 4.17485630e-03 -8.89467009e+01 1.37052974e+01
 -1.23922999e+01 6.46430601e-04 -2.45731388e+00 5.36831283e-03 -2.24471695e+02 1.36979073e+01
 -2.29214888e+00 6.45441337e-03 -1.44565121e+00 -1.12965337e-02 -3.45677917e+02 1.36992931e+01
 1.93098014e+01 -2.81897248e-03 -8.34506024e-02 7.93481572e-03 -1.55749702e+02 1.37037530e+01
 1.50898523e+01 -2.37367922e-03 1.63057130e-01 -3.10567553e-03 -3.18152808e+02 1.37027883e+01
 -6.59884858e+00 6.70748411e-03 -2.90923181e-01 1.56713656e-03 -1.46455132e+02 1.36987659e+01
 4.14330142e+00 -6.19236155e-04 2.37473327e-02 -5.91892460e-03 -1.60653400e+02 1.37010783e+01
 -1.74807959e+01 -1.31847811e-02 -3.37433817e-01 6.97489650e-03 4.16806030e+01 1.36966205e+01
 -4.83771332e+00 1.31859902e-02 1.20309647e+00 -3.23192128e-03 2.78150952e+02 1.36990391e+01
 1.10077524e+01 1.42436230e-03 6.50855434e-01 5.37349991e-03 1.91053502e+02 1.37021794e+01
 1.79712049e+01 -1.00931470e-02 -1.02885824e+00 7.86696320e-04 -3.42307087e+02 1.37032082e+01
 -8.78376015e+00 7.41066597e-03 7.48932264e-01 -3.31960910e-03 4.09905765e+01 1.36986054e+01
 3.15305971e+00 9.30569892e-03 1.40602255e+00 5.99431951e-04 -7.11848553e+00 1.37004966e+01
 -9.84489045e+00 8.37522089e-04 6.11296342e-01 -1.27952030e-03 -9.77121209e+01 1.36974926e+01
 4.05735205e+00 -2.95625383e-03 -1.41024743e+00 5.24075933e-03 2.04220027e+01 1.37008119e+01
 -2.28341600e+00 -7.15340848e-03 9.12700339e-01 2.92426901e-03 -4.65813304e+02 1.36995209e+01
 -3.42110170e+00 -1.95537595e-03 -3.36791508e-01 -2.95964834e-03 -8.79715693e+01 1.36992610e+01
 1.03332359e+01 -7.40149720e-03 -1.68523598e+00 1.60532845e-03 -3.91752176e+01 1.37020658e+01
 2.06669198e+01 -2.38986320e-03 1.96240289e-02 -1.82315448e-03 2.04746752e+02 1.37039604e+01
 1.35249531e+00 -1.61376519e-03 -2.31782205e+00 2.31123948e-03 3.14237318e+02 1.37002246e+01
 5.10085488e+00 1.09274714e-02 5.88474275e-01 -3.65843874e-03 1.77045173e+02 1.37010425e+01
 4.69715424e+00 -6.89432972e-03 1.98992736e+00 -4.49668291e-05 4.92320125e+01 1.37012787e+01
 -1.11006638e+01 1.02797007e-02 1.32171745e+00 -1.75391554e-02 -2.15410048e+02 1.36980222e+01
 -7.90600662e+00 -6.96528270e-04 -1.62790541e-01 -3.92240962e-03 -3.52850808e+02 1.36985231e+01
 8.32437048e-01 -1.92265873e-02 -3.73959923e-01 6.82694225e-03 1.42076165e+01 1.37002639e+01
 5.80328419e+00 2.73070341e-03 9.08892320e-01 -2.36818187e-03 2.85388595e+02 1.37010271e+01
 9.82297760e+00 8.40586168e-03 1.19170768e+00 2.44343396e-03 3.34190081e+01 1.37022173e+01
 -3.29064917e+00 -1.44258274e-03 -9.98787398e-01 4.15110903e-03 -4.29418343e+02 1.36990967e+01
 -4.35392946e+00 -3.45939446e-03 -1.46793670e+00 2.28433905e-03 -2.19634739e+02 1.36993318e+01
 9.66579190e+00 -6.07551641e-03 4.90183281e-01 -4.16027187e-03 1.10330582e+02 1.37017735e+01
 -1.47043101e+01 7.04780580e-03 1.86796809e-01 -7.11120486e-03 2.59180631e+02 1.36970474e+01
 3.68082646e+01 1.24518448e-02 9.06136371e-01 3.36270825e-04 -3.87142929e+02 1.37072167e+01
 4.10881017e+00 -1.84318240e-03 -2.65272282e+00 -8.03948839e-04 -1.99234735e+02 1.37008676e+01
 -1.10627306e+01 -4.53559785e-03 2.92894256e-01 3.57568610e-03 2.11522429e+02 1.36980229e+01
 -1.30218317e+01 1.40061110e-03 -2.15944113e+00 5.21653663e-03 2.40534990e+02 1.36974292e+01
 -2.75870665e-01 1.45864686e-02 1.35040387e+00 9.34515512e-03 -1.82639598e+02 1.36999121e+01
 1.49099902e+01 1.89284976e-02 -2.14223515e+00 -3.04445982e-03 2.02379386e+02 1.37028987e+01
 3.58125894e+01 2.03880183e-03 -4.84010275e-01 2.67584649e-03 2.11529652e+02 1.37070372e+01
 -2.03484223e+01 -1.94291636e-03 -8.33256312e-01 5.62293446e-03 -1.09001325e+02 1.36961043e+01
 1.92388845e+00 -1.84000296e-03 1.85185939e-01 -7.12055557e-05 1.67308104e+02 1.37003658e+01
 1.70231249e+01 1.93912125e-03 1.11200829e+00 4.63203513e-03 -5.64498510e+02 1.37029047e+01
 -7.56892529e-01 6.95512512e-03 2.01074023e+00 -1.10922763e-02 1.18053798e+01 1.36998080e+01
 -8.56988214e+00 -8.71642599e-04 -7.71786213e-02 -1.80192669e-04 1.17469172e+02 1.36983842e+01
 9.60125460e+00 3.33224594e-03 -1.95094626e-01 -1.24210706e-03 3.71073931e+02 1.37019147e+01
 -9.45807535e+00 -5.58372629e-04 3.26487934e-01 1.97444054e-03 3.65541633e+02 1.36977459e+01
 4.96802970e+00 -6.58890005e-03 3.53467275e-01 1.25527411e-02 -3.77943327e+02 1.37010856e+01
 7.61103639e-01 1.51035102e-02 5.15220893e-01 -3.21752408e-03 -7.68783218e+01 1.37006336e+01
 7.16149917e+00 -2.59005307e-03 -7.80739623e-01 -3.41515546e-03 5.76963530e+01 1.37013935e+01
 1.15673897e+01 1.00016292e-03 3.53417749e+00 3.69152861e-03 -4.70743175e+02 1.37022845e+01
 1.47916169e+01 1.14163829e-02 1.02210032e+00 6.22956792e-03 1.85175216e+02 1.37024609e+01
 1.40871333e+01 9.63153344e-03 1.42566860e-01 -1.80223573e-03 -6.91192345e+02 1.37025362e+01
 -6.75114266e+00 1.06190104e-02 4.81081455e-01 4.28219105e-03 -3.21545011e+02 1.36985964e+01
 -1.75167538e+01 1.88360089e-03 1.22596175e-01 -1.04287069e-02 4.85513379e+02 1.36966913e+01
 -6.51030806e+00 -4.58811646e-03 1.74268155e-01 -2.98290646e-04 2.99541856e+01 1.36981354e+01
 -2.18114557e+00 2.53124692e-03 -4.53062112e-01 9.18881802e-05 -1.62621268e+02 1.36995519e+01
 -1.68931034e+01 -1.18285362e-03 8.82638216e-01 -8.15009140e-03 -1.90362401e+02 1.36966459e+01
 2.71428855e-01 7.63569113e-04 5.73315062e-01 5.02771303e-03 7.51294920e+02 1.37000099e+01
 -1.23663952e+01 -3.76438570e-03 -2.01158608e+00 5.85076981e-03 8.44957550e+01 1.36977447e+01
 3.83265676e+00 -1.07433368e-02 2.23096063e+00 4.15905864e-03 -3.71553292e+02 1.37006200e+01
 -2.60449344e+01 -1.87797633e-03 4.58515006e-01 -1.45905142e-03 3.29715419e+02 1.36948086e+01
 3.52390067e+00 5.76596366e-03 6.23348232e-01 -1.46800936e-03 8.56404562e+02 1.37005838e+01
 5.61712941e-01 -7.41198967e-03 1.42216413e+00 3.45820602e-03 3.88696325e+02 1.36999845e+01
 -4.88326490e+00 -6.23099337e-03 -2.78784145e-01 6.05302800e-03 9.08314958e+01 1.36992054e+01
 -7.66346675e+00 4.46568082e-03 9.52302815e-01 -1.09714120e-02 4.72695405e+02 1.36982971e+01
 -4.17913648e+00 1.17492786e-02 1.96293341e+00 8.44642716e-03 1.36913675e+02 1.36991597e+01
 1.01963477e+00 6.54953811e-04 -6.06861827e-01 1.17217790e-04 3.98813129e+02 1.37001343e+01
 -8.97694856e+00 -1.54244621e-03 2.64037733e+00 -2.12996665e-03 -2.70569211e+02 1.36980877e+01
 -1.04861528e+01 8.63704776e-03 -1.20679713e-01 -3.42380865e-03 -2.76698628e+02 1.36979428e+01
 6.05224438e+00 -6.57914542e-03 1.03463122e+00 -6.77564005e-03 3.15269909e+02 1.37014282e+01
 1.10799098e+01 9.04857504e-03 -7.99752329e-01 -2.74340422e-03 8.76392071e+01 1.37023935e+01
 -3.96188772e+00 -5.53183899e-03 4.74719744e-01 6.12257663e-04 -9.99165656e+01 1.36993180e+01
 6.60177392e+00 -3.99534544e-03 5.62406743e-01 2.77969138e-03 3.17369667e+02 1.37010689e+01
 4.40355944e+00 7.18715999e-04 -7.02640365e-01 2.93739166e-03 2.33473951e+02 1.37008808e+01
 3.13702062e+00 -4.31339614e-03 -6.50610620e-01 -5.21761529e-03 -1.53242553e+02 1.37003511e+01
 -1.31794877e+01 1.89877299e-02 9.89200297e-01 6.56482185e-03 -2.18293592e+01 1.36972458e+01
 -2.10615506e+01 3.22599164e-05 5.45059917e-01 -1.18395028e-02 -7.66217515e+01 1.36960606e+01
 9.46361093e+00 5.67672960e-03 2.34710776e+00 -1.56796665e-03 -2.21800135e+02 1.37017396e+01
 -4.68892721e+00 3.26460150e-03 -7.85461815e-01 1.14426949e-02 2.78006880e+01 1.36991610e+01
 1.12040382e+00 -5.66364381e-03 -1.31684936e+00 9.25091694e-03 2.80383406e+02 1.37000100e+01
 -7.66329072e+00 -2.23336600e-03 5.61491212e-01 2.28103984e-03 -4.71494679e+01 1.36984282e+01
 7.31698083e+00 -3.08986079e-03 -1.80688028e+00 8.54312567e-04 9.85496882e+01 1.37015483e+01
 -6.31474104e-01 -3.41182350e-03 1.41434662e+00 -3.71506186e-04 -4.19564204e+01 1.36998654e+01
 6.10145666e+00 -7.53287005e-03 -3.08038225e-01 -6.74356527e-04 4.30983662e+02 1.37013839e+01
 -7.54458434e+00 2.74925081e-03 1.32166266e+00 2.70575225e-03 -4.63627204e+02 1.36988088e+01
 5.05547126e+00 7.16945119e-03 2.94310122e-01 -7.38433581e-03 2.12509168e+02 1.37011779e+01
 4.14367857e-01 5.03659098e-03 1.28639911e-01 -4.74740459e-03 -3.57732139e+02 1.37001599e+01
 1.18087828e+01 5.70615021e-04 -1.37078947e+00 -5.99392034e-03 6.42399714e+01 1.37025911e+01
 -1.25431396e+01 2.95398808e-03 9.29961944e-01 8.46941225e-03 2.96972314e+02 1.36975422e+01
 -5.63469857e+00 -2.62563182e-03 -1.19479027e-01 2.18777353e-03 -1.83341650e+02 1.36989007e+01
 -2.22111549e+01 8.96373650e-04 9.10576517e-01 -9.98841169e-04 -7.13310125e+02 1.36951260e+01
 2.22604595e+01 6.01653969e-04 4.99860586e-01 5.71241513e-04 -3.84920510e+02 1.37043834e+01
 -5.25971790e+00 -2.24978105e-03 -7.12377175e-01 2.11732466e-03 -4.98429745e+01 1.36991480e+01
 1.13518802e+01 2.65027672e-03 6.07452469e-01 -4.82256263e-03 2.09609159e+02 1.37024363e+01
 -1.06922107e+01 -7.04782102e-04 -1.05072941e+00 -6.77102513e-03 4.28593499e+02 1.36980337e+01
 -1.16859206e+01 8.09763421e-03 1.22186867e+00 -4.81147029e-03 1.50079298e+02 1.36976545e+01
 -1.02511456e+01 -9.67634029e-04 1.70737632e-01 7.71995928e-03 -1.87466815e+02 1.36980317e+01
 1.67330604e+00 4.08815739e-03 1.52922449e+00 1.77688677e-03 -1.80466811e+02 1.37004229e+01
 1.38129717e+01 1.66986813e-02 -1.65741447e+00 3.97974208e-03 3.82589876e+02 1.37026304e+01
 -1.16869398e+00 -1.09980726e-02 3.74434306e-01 -9.75862618e-04 2.66382483e+01 1.36993743e+01
 -1.18765814e+01 -8.04437655e-03 -3.67508685e-01 -7.06690560e-03 3.58446916e+02 1.36976847e+01
 -2.34145270e+01 -2.31764245e-03 3.95005754e-01 -1.03816136e-03 -7.53109673e+01 1.36955444e+01
 -2.53158385e+00 -3.08288917e-03 1.21548105e+00 6.27595270e-03 -2.11067453e+02 1.36994798e+01
 -9.56231327e+00 -1.11584277e-02 -8.07451894e-01 -2.66233382e-03 6.26972105e+02 1.36976540e+01
 -3.14924173e-01 4.03398479e-03 2.16416536e-01 2.53631551e-03 -1.81771435e+02 1.36999568e+01
 7.74650649e+00 1.10796148e-03 -1.08197808e+00 5.27686340e-03 -5.89702129e+02 1.37014805e+01
 -1.61065856e+01 6.93561174e-03 1.69329092e+00 4.18988486e-03 -5.78742704e+01 1.36967539e+01
 6.01090350e+00 -1.26702401e-02 1.66025969e+00 -1.61547151e-03 9.07613457e+01 1.37013234e+01
 1.32629041e+01 1.03707618e-03 -8.76712075e-01 -2.03109645e-03 3.23553375e+02 1.37023854e+01
 1.08658305e+00 4.27951345e-03 1.19995403e+00 9.95241050e-04 -5.36416388e+01 1.36999579e+01
 -1.19083406e+01 9.93378996e-04 -1.16712669e+00 -1.87593517e-03 -6.53712917e+01 1.36979083e+01
 -1.67073325e+01 -4.18367066e-03 4.40251900e-01 -1.78331094e-03 -4.22263042e+01 1.36963313e+01
 -5.49115718e+00 -4.56682902e-03 -8.56369080e-01 1.06102576e-02 8.27470424e+01 1.36991578e+01
 -6.54804977e+00 -3.06355048e-04 -9.29055300e-01 4.54689343e-03 -3.71327023e+02 1.36988895e+01
 9.15259325e+00 5.78996254e-03 -9.68352963e-01 -1.41724716e-03 4.60788371e+01 1.37017964e+01
 -1.54388445e+01 3.97522192e-03 1.27191324e-01 8.39807956e-04 1.28029663e+02 1.36966300e+01
 2.29546394e+01 -8.62167277e-03 -2.50194900e-01 1.51909312e-02 -1.92449047e+02 1.37047746e+01
 -1.86119033e+01 -9.40878746e-03 7.64249750e-01 5.14561514e-03 1.40405103e+02 1.36961488e+01
 9.54441037e+00 6.28736917e-03 1.43107898e+00 2.59909639e-03 -7.47577571e+00 1.37020041e+01
 7.85179949e+00 -3.51203030e-04 1.97189474e+00 -1.61526047e-03 -4.38953493e+02 1.37017686e+01
 1.59736154e+01 6.39244296e-03 1.57886062e+00 -3.74928327e-03 -5.91399570e+01 1.37030697e+01
 -2.66211242e+01 3.89223950e-04 -1.81246649e+00 -1.46844694e-03 3.37970336e+02 1.36952493e+01
 1.26298747e+01 6.05285380e-03 -1.75052072e-01 -4.02483054e-03 -9.60545214e+01 1.37026370e+01
 1.50311350e+01 1.90806365e-03 -7.84886837e-01 1.66630058e-03 1.58228610e+01 1.37031053e+01
 2.42531976e+01 2.25504220e-03 1.95991396e+00 -5.51667186e-03 -1.58095301e+02 1.37045983e+01
 -9.81879271e-01 3.88170725e-03 4.73622513e-01 2.27180581e-03 1.67512690e+02 1.36999812e+01
 -2.68920522e+01 1.06480982e-02 1.30317869e+00 1.23707446e-02 -2.48846039e+02 1.36948901e+01
 -8.84967193e+00 -2.96162367e-03 -6.49280233e-01 9.49883850e-03 -1.24233481e+01 1.36983450e+01
 -3.17828334e+00 8.88359985e-03 -1.78551861e+00 2.40550830e-03 1.83262283e+02 1.36994874e+01
 -1.33731545e+01 -1.80030794e-03 -7.23408863e-01 -4.60338090e-03 -1.52558909e+02 1.36972216e+01
 -7.20913447e+00 2.63815318e-03 -8.00453236e-01 -3.86947408e-03 -9.46898381e+01 1.36986907e+01
 2.57518821e+01 3.19185682e-03 1.16261715e+00 1.14206407e-02 4.84267248e+00 1.37049008e+01
 -3.07889171e+01 -1.40626588e-02 -2.15023808e-01 2.86257102e-03 2.40031347e+02 1.36935344e+01
 3.54511677e+00 5.76034538e-03 -1.07088787e+00 3.16054946e-03 -3.55267833e+02 1.37008356e+01
 2.22874158e+01 6.78093092e-03 -1.45864220e+00 6.31652588e-03 -3.32143133e+01 1.37044478e+01
 2.56027630e+01 2.49527945e-03 3.61880435e-01 -2.75773962e-03 2.84570083e+02 1.37048810e+01
 2.48013355e+00 8.62365738e-03 1.67424129e-01 -1.50717745e-02 -2.19140199e+02 1.37004378e+01
 -2.08570360e+01 -5.10641982e-03 1.79266567e+00 -4.83306698e-03 9.64477010e+01 1.36955662e+01
 2.05413122e+00 -3.24932357e-03 -4.03758620e-01 8.10033261e-03 -2.34974415e+01 1.37001738e+01
 -1.03522253e+01 2.00189132e-03 1.76254414e+00 1.70023394e-03 -6.82799659e+01 1.36979795e+01
 -1.03772012e+01 -3.94608276e-03 -1.35973173e-01 -4.90005445e-03 6.42297177e+01 1.36981307e+01
 -4.97781621e+00 2.73564721e-03 5.57035968e-01 1.49329900e-03 -3.81035936e+02 1.36990135e+01
 7.65905460e+00 1.12350427e-03 1.17951996e-02 -5.13764797e-03 2.44313069e+01 1.37015015e+01
 4.05071070e+00 3.64482655e-03 1.09486863e+00 1.74691994e-03 4.52927784e+02 1.37008944e+01
 -1.22232042e+01 5.06138607e-03 -3.14085864e-01 9.03462745e-03 1.82534190e+02 1.36977010e+01
 3.22437454e+01 3.24596250e-03 -1.46351890e+00 -7.49228223e-03 3.88172413e+01 1.37062807e+01
 5.91128938e+00 1.71508199e-03 -1.05987004e+00 -1.04166566e-02 1.82324221e+02 1.37014310e+01
 5.82577494e+00 -6.60253207e-03 9.54583566e-01 -7.61289299e-03 -5.43850631e+02 1.37012657e+01
 -4.49563069e+00 4.12652603e-03 5.63826102e-01 9.32551149e-04 -4.35027458e+00 1.36989385e+01
 -1.66487317e+01 -8.84473555e-03 1.61711215e+00 1.15797567e-03 2.43055121e+02 1.36969139e+01
 4.30069135e+00 6.96900348e-03 -6.08427052e-01 -2.32584688e-03 3.28525357e+01 1.37006506e+01
 1.40289300e+01 7.61491942e-03 1.20324013e+00 1.00294922e-02 4.43001837e+02 1.37028802e+01
 -2.68481356e+01 -1.85626496e-02 -1.47755915e+00 1.11126500e-02 3.14646555e+02 1.36947645e+01
 1.72327888e+01 7.68075528e-03 -2.12217132e+00 3.06137748e-03 1.26677014e+02 1.37035559e+01
 -4.49649775e+00 -4.99257149e-03 -2.61922209e-01 4.46779345e-03 -1.87896204e+02 1.36990649e+01
 7.01949154e+00 -1.53374150e-03 -2.84273325e+00 3.27871663e-03 2.15340894e+02 1.37013878e+01
 -6.09742511e+00 2.27708920e-03 6.92090631e-01 1.10538667e-03 -1.32778645e+02 1.36990162e+01
 -1.36724826e-01 -5.09096205e-03 9.32357804e-01 -1.64397891e-03 -2.14136002e+02 1.37001117e+01
 5.34031772e+00 -2.03567387e-03 1.88487035e+00 -7.84759876e-03 -5.13710611e+00 1.37010294e+01
 9.39822854e+00 5.93602073e-03 -3.03008122e-01 5.43219198e-03 -2.53747123e+02 1.37019203e+01
 2.03469086e+00 -1.24973132e-02 3.33761347e-01 5.76532435e-03 -3.61529574e+02 1.37004849e+01
 -2.16068513e+01 1.04410181e-02 -1.30891541e+00 -8.19802849e-03 -9.01592045e+01 1.36959936e+01
 -2.56114202e+01 1.16756338e-02 1.17222315e+00 4.35760876e-03 -1.85592924e+02 1.36951804e+01
 5.74101222e+00 1.92223447e-02 -9.03142254e-01 -1.92788014e-03 -2.44472410e+02 1.37013314e+01
 8.84600835e+00 -3.96732626e-03 3.21613585e-01 -9.17089188e-03 1.94847929e+02 1.37016152e+01
 -9.18455835e+00 -3.61887602e-03 2.41896351e+00 5.36095740e-03 -3.30725232e+02 1.36982952e+01
 -2.45798951e+01 -8.24693483e-03 -8.26810729e-01 8.66165072e-03 1.98451031e+02 1.36949868e+01
 2.25059465e+01 9.69693137e-03 -1.46236270e+00 -4.05663243e-04 -1.99882479e+02 1.37044756e+01
 -1.32223585e+01 4.48754507e-03 5.94024928e-01 -3.80257449e-03 1.20368610e+02 1.36975630e+01
 -4.64248914e+00 2.26433886e-03 -8.50698071e-01 4.03892825e-03 1.05263949e+00 1.36990146e+01
 1.19438159e+01 -2.88788445e-03 -1.98361857e-01 2.10331819e-03 -1.14210391e+02 1.37023837e+01
 1.11921692e+01 -3.62455056e-03 -5.71571923e-01 8.97605428e-03 6.02293871e+02 1.37022741e+01
 4.21865583e+00 -4.33351930e-03 -4.04564333e+00 -1.04003014e-02 1.28324270e+02 1.37008682e+01
 1.03406775e+01 -9.73443625e-03 -1.53247771e+00 -6.26137379e-03 -4.75374812e+01 1.37021672e+01
 -5.48299818e-01 7.56435265e-03 4.32941410e-01 3.00535551e-03 -1.42504590e+02 1.36996962e+01
 1.18829427e+01 5.65867064e-03 2.10341573e-01 -1.32867072e-02 1.06734342e+02 1.37023788e+01
 -9.79670517e+00 -6.68948680e-03 2.88664098e-01 6.30330490e-03 2.38017750e+02 1.36980782e+01
 -1.09587222e+01 -4.16098525e-04 -1.69205242e-02 -2.32982687e-03 -2.39261785e+02 1.36979440e+01
 -5.58145545e+00 -8.27493216e-03 -1.77196793e-01 3.10791912e-03 -1.86624126e+02 1.36990271e+01
 4.12174789e+00 -2.53891334e-03 9.78903708e-01 -2.55295913e-03 2.49116801e+02 1.37006348e+01
 -5.97353928e+00 -1.34959831e-02 2.51439952e-02 2.94561410e-03 -8.08007221e+01 1.36986759e+01
 -5.62577376e+00 1.24745494e-02 -6.50641680e-01 8.47644172e-04 7.90015727e+02 1.36991216e+01
 -1.29689181e+01 6.15318979e-04 5.04363832e-01 7.47738446e-03 2.02112751e+02 1.36970564e+01
 1.06319465e+00 -1.97430914e-03 -5.49788617e-01 8.26908910e-03 -2.38900623e+02 1.37004389e+01
 1.17713118e+01 1.26606341e-02 1.15835726e+00 2.21522840e-03 -1.71836257e+02 1.37022248e+01
 1.07003347e+01 -2.52715861e-03 -8.75235378e-01 6.34049207e-04 4.10068642e+02 1.37018651e+01
 -3.25025765e+00 -4.37976396e-03 -1.28191512e+00 -5.55389427e-03 2.23167701e+02 1.36992411e+01
 -1.30423467e+01 -5.86284931e-03 6.31300729e-04 -4.36400007e-03 -2.84678570e+02 1.36974541e+01
 5.14033202e+00 -1.04087218e-03 -1.83304931e-01 2.89747708e-03 7.05029030e+01 1.37010304e+01
 2.86522980e+00 2.16692241e-03 4.89288019e-01 5.34925284e-03 -4.98310926e+01 1.37007652e+01
 1.62961081e+00 1.35750096e-04 1.13559366e+00 1.69140987e-03 1.47778253e+02 1.36998568e+01
 1.79384820e+01 -5.13375312e-03 1.55319364e+00 2.91925456e-04 -1.58644708e+02 1.37036856e+01
 1.06024267e-01 -1.06851956e-03 -1.56607771e+00 3.03214946e-03 -2.97545335e+02 1.36999380e+01
 -1.23098926e+00 7.33956460e-03 -6.73575328e-02 5.07023022e-04 2.20323632e+02 1.36996191e+01
 -8.96575675e+00 -2.84666709e-03 4.69510857e-01 5.14985477e-03 7.56681809e+00 1.36984018e+01
 6.32561300e+00 -1.07451592e-02 3.22624719e+00 -1.60495569e-03 2.36815729e+01 1.37008619e+01
 -6.03083237e+00 6.41172957e-04 -1.04217820e+00 -5.35101553e-03 -2.02107403e+02 1.36987231e+01
 8.15840975e+00 1.63606063e-02 1.26490010e-01 -4.24540267e-03 2.73150545e+02 1.37016120e+01
 1.85091145e+01 4.12192516e-03 -5.05989829e-01 -3.28181640e-03 1.72107346e+02 1.37039123e+01
 9.92265196e-01 8.45252630e-03 -3.28102869e+00 -3.19729103e-03 1.16532671e+02 1.36999172e+01
 -1.32086354e+01 8.94189114e-03 -2.25707310e-01 1.25031960e-03 -1.78034994e+02 1.36976522e+01
 1.32183234e+01 -6.86414432e-03 1.03231526e+00 -7.85619047e-03 -1.12253560e+02 1.37026882e+01
 1.14612305e+01 -8.07799325e-03 -1.26653588e+00 3.49338878e-03 -4.60258290e+02 1.37021416e+01
 -9.35534720e+00 -7.38448642e-04 1.05667807e+00 -1.60581958e-03 5.35635177e+02 1.36981023e+01
 -1.23368797e+01 3.54132040e-03 1.06591307e+00 5.54569094e-03 2.09561011e+02 1.36973621e+01
 -8.74182004e+00 -1.19856457e-03 1.56856869e+00 4.53742872e-04 8.49470321e+01 1.36981334e+01
 -6.35976828e+00 -1.34091721e-02 -1.40769702e+00 -1.77943713e-03 -1.14158790e+02 1.36985485e+01
 8.98533737e+00 5.09055851e-04 1.56714598e+00 5.30974523e-03 2.12496426e+02 1.37017706e+01
 -3.75642878e+00 1.75840950e-02 1.37949719e+00 -3.82219226e-03 -1.91808764e+02 1.36991596e+01
 -1.06567870e+01 4.67620927e-03 -9.31435625e-01 8.40629520e-03 4.06427886e+01 1.36981518e+01
 -5.73383752e+00 7.67009558e-03 -2.84274473e+00 -8.79240637e-03 5.03870704e+02 1.36989206e+01
 1.06339529e+01 6.54976584e-03 -1.20405184e+00 4.76800230e-03 -1.55401842e+02 1.37018994e+01
 3.08538823e+01 8.88469349e-03 -1.42903382e+00 -3.20851801e-03 -2.78609982e+02 1.37061922e+01
 -1.38595396e+01 1.65829024e-04 1.68350787e+00 3.45594644e-03 -1.98515509e+02 1.36971353e+01
 6.67618127e+00 5.54315544e-03 -2.17316186e+00 -2.53384324e-03 2.17935303e+02 1.37012643e+01
 -1.71552838e+01 4.84532929e-03 -8.91512058e-01 -6.11034377e-04 -1.03174187e+02 1.36970698e+01
 -1.97270984e+00 9.74559542e-03 8.09909029e-02 -2.03695200e-03 -1.04547940e+02 1.36998726e+01
 -3.73397791e+00 -7.32160771e-03 4.16987087e-02 7.64931152e-03 2.82785000e+02 1.36996323e+01
 3.26126093e-01 -3.96753414e-03 8.60932091e-01 1.17029462e-02 -1.24961983e+01 1.37000526e+01
 3.19929694e+01 7.83775549e-03 1.26977043e-01 -4.63063459e-03 2.40000666e+02 1.37063006e+01
 1.02852141e+01 -5.16617086e-03 -5.00584539e-01 -5.02121799e-03 1.98068328e+02 1.37023985e+01
 -1.11647562e+01 -1.05707421e-02 1.35702187e+00 1.14870139e-03 -8.26912627e+01 1.36977056e+01
 5.30196660e+00 8.39016278e-03 1.50139769e+00 -8.31341771e-03 -2.72122212e+02 1.37011189e+01
 -1.15668149e+01 -4.87496703e-04 1.14221007e+00 2.17543295e-03 -9.57582129e+01 1.36974768e+01
 1.88926399e+01 -4.70767098e-03 8.09251965e-01 -7.44501101e-03 1.02853492e+02 1.37037619e+01
 -2.23449308e+01 -1.58731056e-02 -2.32660239e+00 -1.28430135e-02 6.23742403e+01 1.36958876e+01
 -2.02065301e+01 -4.87488144e-03 -2.04732023e-02 -1.03017486e-03 2.60353003e+02 1.36960955e+01
 -3.32305487e+00 -5.69139121e-03 -1.12899594e+00 4.05675426e-03 1.66262551e+02 1.36992991e+01
 5.66451533e+00 -5.80592738e-04 -1.26620716e-01 1.17354183e-03 4.03601084e+02 1.37011916e+01
 1.05904784e+01 -3.20492977e-03 -7.51649880e-02 7.23713608e-04 4.11445230e+02 1.37020521e+01
 -5.74728349e+00 -7.35760910e-03 1.83627523e-01 2.00591913e-03 1.76905621e+02 1.36988844e+01
 1.54989295e+01 -4.69386027e-03 -2.63286685e-01 -4.78157861e-03 -3.56873330e+02 1.37028440e+01
 3.01778742e+01 -3.91149952e-03 -2.78801729e-01 -1.41723312e-02 1.22798623e+02 1.37059836e+01
 -9.45499906e+00 -8.95728373e-04 1.73129760e+00 -4.46761271e-03 -2.37897846e+01 1.36981316e+01
 -6.66491696e-01 7.59530474e-03 8.22715436e-01 2.04363201e-03 -1.37290019e+02 1.36999772e+01
 -1.57103343e+01 2.05935783e-03 -1.64750397e+00 7.27953178e-03 1.66449223e+02 1.36967426e+01
 5.52511477e-01 -8.06435939e-03 -6.66900467e-01 -2.63962607e-03 3.14255122e+02 1.37001447e+01
 5.44337098e+00 -8.23486773e-03 5.01311579e-01 5.48767166e-03 -5.04715398e+01 1.37011207e+01
 -1.13836770e+01 -5.34218932e-03 4.25161306e-01 -6.11599968e-03 -3.49272839e+02 1.36980249e+01
 4.70077232e+00 9.89502187e-03 9.45518602e-02 -7.76851180e-03 9.50061968e+01 1.37006871e+01
 -1.33100854e+01 3.24121832e-03 5.01994954e-02 1.35065870e-03 -8.93714980e+01 1.36973246e+01
 8.03126642e+00 -1.24982305e-02 9.39724289e-01 4.74298541e-03 -2.16298201e+02 1.37016076e+01
 6.65526498e+00 5.00555073e-03 1.70396250e+00 -3.02419319e-03 -4.80610088e+02 1.37013032e+01
 5.67207322e+00 7.34373220e-03 -3.32660749e-01 -1.03964918e-02 -2.83298454e+02 1.37012791e+01
 3.42575398e+01 -1.23176927e-02 -1.81647605e+00 -7.64841321e-03 -1.26510220e+02 1.37068578e+01
 -8.40162689e+00 2.23457340e-03 9.17139940e-01 4.40622730e-04 6.49571668e+00 1.36980719e+01
 -9.19230310e-01 9.19971641e-04 1.19943493e+00 -1.33090983e-02 -1.94501208e+02 1.36997295e+01
 6.17861909e+00 3.86875645e-03 -1.25050317e+00 -4.46465613e-03 -3.81527882e+02 1.37011593e+01
 4.30770428e+00 1.06910848e-02 -1.20321315e+00 -1.08451901e-03 -6.92743363e+02 1.37010179e+01
 -9.09208388e+00 7.18445705e-03 1.50118171e+00 -5.50692598e-03 2.62310789e+02 1.36981949e+01
 1.36610726e+01 -1.34458198e-02 9.11999267e-01 -6.97006083e-03 -8.91705327e+01 1.37029294e+01
 -5.46417179e+00 3.98543619e-03 -3.59121968e-01 2.07976079e-03 -4.84987745e+01 1.36987806e+01
 1.62206965e+01 4.17166985e-03 -1.15657925e+00 2.70555409e-03 4.73527772e+01 1.37034891e+01
 -2.66303509e+01 -1.08329237e-02 8.49248236e-01 -2.18182084e-03 -8.92694787e+01 1.36949308e+01
 7.38365296e+00 3.04062825e-03 -1.15282864e+00 1.56314036e-04 -4.07107527e+02 1.37013980e+01
 1.29879568e+01 -1.49041246e-02 4.94084334e-01 -5.94042203e-04 2.73933079e+02 1.37026187e+01
 -7.21924112e+00 -1.60980131e-02 -3.62855764e+00 5.79220119e-03 -6.23026214e+01 1.36985146e+01
 1.82089642e+01 -1.39836382e-04 1.42143410e+00 3.87481365e-03 2.26483849e+01 1.37034987e+01
 7.09421892e+00 -5.44068558e-03 2.27841940e-01 -2.41516167e-03 2.01219319e+01 1.37016917e+01
 -3.53333017e+00 -1.04120158e-02 -5.80169075e-01 6.88287541e-03 8.37855937e+00 1.36995472e+01
 -3.61766914e+01 -5.42644103e-03 -4.13518871e-01 -4.24261866e-03 -3.15737854e+02 1.36926002e+01
 -1.55878909e+01 7.05622186e-03 3.23295728e-01 7.22757087e-03 3.02310804e+02 1.36966622e+01
 6.48169079e+00 -7.85003359e-03 -5.03694740e-01 7.98871566e-03 -1.17844421e+02 1.37014213e+01
 -1.15004708e+01 1.11663904e-02 -3.06067358e-01 4.56303255e-03 1.86127029e+02 1.36980407e+01
 -2.66224666e+00 1.18397205e-03 -2.01937121e-01 -1.57764451e-03 3.22157523e+02 1.36994627e+01
 3.23566447e+01 -6.46573398e-03 -1.18488719e+00 -1.98002614e-03 1.98924285e+02 1.37062481e+01
 5.75594635e+00 1.01369752e-02 -5.26298420e-01 6.82628925e-04 -1.67452073e+02 1.37011345e+01
 -4.51390392e+00 1.31908786e-02 -8.82738158e-01 -7.77481001e-03 7.54821843e-01 1.36991123e+01
 -3.04959536e+01 -4.31408796e-04 -1.18497212e+00 1.05094878e-02 -1.59114408e+02 1.36938338e+01
 2.98715819e+01 8.13702740e-03 1.29299525e+00 5.81460030e-03 -4.76152236e+02 1.37059623e+01
 -1.85965745e+01 3.05547526e-04 6.21522127e-01 -7.47805427e-03 2.47016979e+02 1.36960862e+01
 4.11789150e+00 -6.25231365e-03 -8.07650684e-01 -1.13429560e-02 1.16614941e+01 1.37010421e+01
 -2.02040070e+01 -2.19965399e-03 2.11324721e-01 4.58915532e-03 -2.06323295e+02 1.36956477e+01
 -2.64543164e+01 1.74835637e-02 -2.50334863e-01 -6.30499151e-03 6.32233958e+02 1.36946614e+01
 -1.09269126e+01 1.58107522e-02 -2.12125513e+00 -2.36756076e-03 3.29484386e+02 1.36976636e+01
 1.59163762e+01 -1.74126619e-03 -2.51062327e-01 9.31552882e-03 1.67139079e+02 1.37029035e+01
 -4.10901586e-01 -5.68724539e-04 1.68027997e+00 2.92745192e-03 -2.95614446e+01 1.37001001e+01
 2.57639001e+00 -1.13912185e-02 8.41420332e-01 8.16256054e-03 -3.33813821e+02 1.37000929e+01
 4.05577637e+00 -1.60953678e-03 -1.37327941e+00 8.87486883e-04 -5.40790002e+02 1.37007996e+01
 -2.88588616e+01 -3.10583987e-03 9.00937900e-02 8.94344087e-03 1.98513120e+02 1.36944286e+01
 2.07061070e+01 -5.49080395e-03 -4.31138140e-01 -1.18422897e-03 -9.96819218e+01 1.37040120e+01
 7.62354356e+00 4.35657850e-03 -1.11901272e+00 7.02619897e-03 -3.71044743e+02 1.37014006e+01
 -2.76668755e+01 -1.10639255e-03 -3.98216925e-01 -6.48483385e-03 3.02890763e+02 1.36944599e+01
 1.75342054e+01 4.12575383e-03 -1.15135179e+00 -4.71352610e-03 1.54313259e+02 1.37036165e+01
 -4.87723186e+00 1.29647976e-02 -4.52011474e-01 6.07290532e-03 1.85382094e+02 1.36988213e+01
 1.35333402e+00 -4.45937610e-03 2.40316457e+00 -1.16582562e-02 -3.42509909e+01 1.37005514e+01
 -8.17983642e+00 -6.36772659e-03 -2.03949362e-01 -8.72332121e-03 1.93709784e+02 1.36984871e+01
 -1.27113681e+01 -2.71529531e-03 9.87873679e-02 9.03435198e-03 -4.53690355e+02 1.36972625e+01
 1.43157012e+01 1.01285067e-02 -2.86510659e+00 3.84889076e-03 5.34350410e+02 1.37026282e+01
 -4.50181966e+00 4.42042667e-03 -1.48586077e+00 -3.42681898e-03 3.11714017e+02 1.36992511e+01
 -7.03077426e+00 -5.10510674e-03 -1.35742901e+00 7.23747704e-03 -4.21262630e+01 1.36987624e+01
 1.23730642e+01 9.24687552e-03 1.18459433e-01 3.58333536e-03 2.10315797e+02 1.37024807e+01
 -1.27094530e+00 7.15243447e-03 1.28903925e+00 -8.08439469e-03 -5.36529229e+02 1.36999258e+01
 -2.69257720e+01 -3.99640985e-03 -8.75598304e-01 4.74437763e-03 9.27080749e+01 1.36948206e+01
 2.40516078e+01 -2.41035610e-03 1.94337098e+00 -6.03342625e-03 -6.40434557e+01 1.37048698e+01
 -1.19878102e+01 1.54040696e-02 -9.00093712e-02 4.82561489e-03 -3.71440755e+01 1.36973946e+01
 -1.09901574e+01 1.04704581e-02 -5.58736823e-02 7.90211585e-03 1.42488447e+01 1.36979973e+01
 2.01015530e+01 3.89261822e-03 -2.34555197e-01 6.44704256e-03 -1.90378525e+02 1.37037328e+01
 6.08708405e+00 -3.84706047e-03 5.48787167e-01 2.34134891e-03 -4.24263400e+02 1.37011845e+01
 6.21555603e+00 -7.90541835e-03 -1.25372736e-01 -1.68799559e-02 -5.42792726e+02 1.37012092e+01
 -1.57531680e+00 -3.70272480e-03 5.67442811e-02 7.35032951e-03 -3.02383422e+02 1.36996220e+01
 -1.40900349e+01 3.09669144e-03 1.67112994e+00 2.65737834e-03 3.25217740e+02 1.36972012e+01
 -1.40481732e+01 1.43468925e-03 -1.23991222e+00 7.01021712e-03 1.46939902e+02 1.36975170e+01
 7.02093750e+00 2.55712909e-03 2.76803228e-01 1.89152292e-03 -1.39795164e+02 1.37013251e+01
 1.97628174e+01 -1.05835894e-02 -9.89971319e-01 -8.61103773e-03 4.81885898e+02 1.37039441e+01
 -1.59796622e+01 9.87325235e-03 -2.70434546e-01 4.26180447e-03 -4.92608547e+01 1.36967593e+01
 1.27516878e+01 -2.25797021e-03 -5.08455236e-01 -4.37792165e-03 3.62104997e+02 1.37024136e+01
 -9.10963550e+00 4.25389054e-03 -2.91422468e+00 -1.37339080e-03 7.67342164e+01 1.36983308e+01
 7.85321400e+00 -1.21117570e-02 9.61599641e-01 -1.28929789e-02 -2.31513076e+02 1.37012916e+01
 -1.31823653e+01 1.11618514e-02 1.16127219e+00 5.57831727e-04 1.60890913e+01 1.36972697e+01
 -1.18845761e+00 5.17643402e-04 5.67422450e-01 -6.21549375e-03 2.17339382e+02 1.36998766e+01
 1.80432297e+01 9.69576582e-03 2.09356861e-01 1.51043303e-03 -3.87062174e+01 1.37034396e+01
 1.01093979e+01 2.16328544e-03 -1.54541713e+00 -3.63770209e-03 -3.72250287e+02 1.37023846e+01
 -1.04249665e+01 1.51168684e-02 -1.17466734e+00 1.84745301e-04 3.97643304e+02 1.36980827e+01
 -8.31726657e+00 -6.90586609e-03 2.29256165e-01 -4.76780601e-03 -6.37901184e+02 1.36983742e+01
 -1.27295600e+01 3.83553692e-03 1.77470736e+00 3.00682417e-03 2.76191168e+02 1.36971802e+01
 -3.01296876e+01 -5.04501074e-04 -2.52933985e-01 9.31754123e-03 -4.25863042e+01 1.36942549e+01
 4.61777449e-01 3.33801311e-03 9.14871301e-01 -3.88589370e-03 1.53600612e+02 1.36999927e+01
 -1.26451423e+00 7.43002831e-03 1.47428539e+00 -5.19570381e-03 -3.15438471e+02 1.36999254e+01
 3.64902913e+00 -3.60184210e-03 2.05447883e+00 4.94496636e-03 -5.44668989e+02 1.37008372e+01
 -1.77610935e+00 1.28523489e-03 -3.21779522e-01 1.14687471e-03 -3.83398764e+02 1.36997288e+01
 -2.45913663e+01 2.58152164e-03 -4.47182136e-01 -1.30384228e-03 6.95337158e+01 1.36947709e+01
 -2.59590553e+00 9.80575639e-03 -9.95082706e-01 1.63941792e-03 -8.37479242e+01 1.36994213e+01
 1.25271955e+01 -9.21890543e-03 2.43031181e-01 5.97862238e-03 8.31853618e+01 1.37023933e+01
 -1.67629745e+01 -2.07942716e-03 2.44464463e+00 8.25253124e-03 -8.93061225e+01 1.36968807e+01
 -2.32380577e+00 1.31942495e-03 -3.02335028e-01 -5.59134087e-03 1.96152365e+02 1.36996984e+01
 3.45275947e+00 -2.10028333e-04 -7.26882697e-01 3.25639979e-03 1.07056521e+02 1.37005342e+01
 1.46875896e+01 -1.59908952e-03 -1.30385133e+00 -1.38440659e-03 1.56526374e+02 1.37027318e+01
 1.63179767e+01 -5.96658849e-03 9.78891680e-02 -1.91076320e-03 9.27446537e+01 1.37031653e+01
 -2.45374260e+01 1.08106131e-02 -3.91239731e-01 2.18737065e-03 1.84146759e+02 1.36947926e+01
 -1.71020266e+01 -3.50218349e-03 1.36805178e+00 4.26421750e-03 2.88370085e+02 1.36966047e+01
 2.18485626e+01 2.16305692e-03 -1.03614660e+00 -1.76174153e-03 -2.53703613e+02 1.37045638e+01
 -1.03435412e+01 2.82572503e-03 1.24639621e+00 3.97510648e-04 -1.72255113e+02 1.36979755e+01
 9.99848819e+00 1.45659462e-03 -5.11992268e-01 -8.45391318e-03 -2.93001385e+01 1.37020635e+01
 -6.01177452e+00 -2.51666888e-03 8.25265617e-01 -3.15324347e-03 8.12193572e+02 1.36985788e+01
 2.18685591e+01 1.64833906e-03 5.81717555e-01 7.35920727e-03 -3.97603170e+01 1.37044686e+01
 -1.79266441e-01 1.53652575e-02 -7.94595127e-01 6.72451632e-04 9.30347187e+01 1.37000443e+01
 -1.52207069e+01 -1.84853082e-03 1.41033849e+00 9.72689411e-03 -3.17323053e+02 1.36971161e+01
 -1.75079590e+01 9.65788238e-03 -1.24129958e-01 2.74142574e-03 9.36882437e+01 1.36963498e+01
 6.44865871e+00 -1.46285269e-02 -2.47677076e+00 -3.02854670e-03 -3.16644145e+01 1.37011996e+01
 5.40228313e-01 -7.86715432e-03 1.31402040e+00 7.76377895e-03 8.46199872e+00 1.37002615e+01
 1.33358375e+01 1.49399864e-03 1.80479533e+00 6.83666655e-03 2.40366308e+02 1.37025926e+01
 5.81980978e+00 5.57752692e-03 -3.04338080e+00 9.51495744e-04 -2.75189842e+01 1.37009420e+01
 4.02477319e+00 -6.90024474e-03 -2.07025235e+00 5.14425832e-04 -3.05202732e+02 1.37007741e+01
 8.65459440e+00 2.00748610e-03 -8.95916426e-02 2.90283494e-03 2.75022396e+02 1.37018773e+01
 1.69335189e+01 -5.94457236e-03 1.23633099e+00 8.67287170e-04 4.01584307e+02 1.37033098e+01
 -1.29944106e+01 4.06302775e-05 1.11346109e+00 3.41665863e-03 -1.63428162e+02 1.36974690e+01
 -2.50694566e+00 6.57033315e-03 2.42592190e-01 1.15316841e-03 -4.76873508e+01 1.36995474e+01
 1.49134293e+00 3.33357790e-03 -2.64044541e-01 -3.89779250e-03 1.01795072e+02 1.37002477e+01
 -1.08891252e+01 1.41626144e-03 -1.25784295e+00 -2.60479035e-03 5.51241235e+01 1.36974600e+01
 3.14269340e+00 -5.39653284e-03 -8.51049955e-01 -1.03335123e-02 -2.12506658e+02 1.37004025e+01
 -2.62728017e+00 7.80289892e-03 -2.72226759e-01 2.71171444e-03 2.49170883e+01 1.36996765e+01
 -1.46531276e+01 -6.03815082e-03 2.81877019e-01 2.66398894e-03 9.78118462e+01 1.36974656e+01
 9.83445257e+00 8.55328461e-03 -1.68772490e+00 1.29382372e-02 3.13794555e+02 1.37019419e+01
 1.79802669e+01 5.71150661e-03 -1.30013418e-01 9.61902164e-03 2.00780155e+02 1.37032376e+01
 -3.48315247e+00 7.45582814e-03 1.68578405e+00 -4.88114429e-04 -6.06837408e+02 1.36994548e+01
 -6.64302666e+00 1.72647908e-03 -8.56325238e-02 -4.19323418e-03 2.07322245e+02 1.36984937e+01
 -1.06952910e+01 -5.24588675e-03 -1.05159615e+00 2.26871737e-03 -1.08163041e+02 1.36980008e+01
 1.03546988e+01 9.53118607e-04 -1.18710057e+00 -3.02026297e-03 2.86608722e+02 1.37019016e+01
 -6.93812145e-01 3.74252443e-04 -6.59044472e-01 8.18878158e-04 1.91363519e+02 1.36998319e+01
 1.74908383e+00 1.38758307e-02 -1.01363530e+00 -3.52128330e-03 6.39372007e+01 1.37003937e+01
 1.40006295e-01 -9.45873897e-03 -5.12289473e-01 6.72538584e-03 2.11896975e+02 1.36999713e+01
 8.15207689e+00 -9.31988680e-03 -3.55839190e-01 -3.05929311e-03 -9.60286897e+01 1.37012928e+01
 2.12856154e+01 -4.33564292e-04 6.57865960e-01 2.20213739e-03 -1.57286364e+02 1.37044911e+01
 2.60069657e+01 -4.64016974e-03 8.70035261e-01 -6.08376451e-04 -4.74148144e+02 1.37052375e+01
 9.10918699e+00 1.12143251e-02 2.73717811e-01 -4.90360020e-03 -2.69461319e+02 1.37015219e+01
 -1.06642367e+01 -3.66135360e-03 -1.91252229e-01 4.41179431e-05 2.42855247e+02 1.36977067e+01
 1.67483370e+00 7.78244843e-03 -6.34487524e-01 -3.37463638e-03 -1.37265321e+01 1.37005106e+01
 -7.43757907e+00 -5.20809111e-03 3.55025576e-02 1.97379339e-03 -2.52460467e+02 1.36986568e+01
 7.60092474e+00 -7.19405046e-03 -1.24025341e+00 -1.26218249e-03 -1.86798800e+02 1.37013378e+01
 -1.15289887e+01 3.87501155e-03 3.47662126e-01 -4.84896714e-04 -2.48011567e+02 1.36976558e+01
 4.08144441e+00 6.67959241e-03 -1.20095490e-01 -1.15558722e-04 2.91132338e+02 1.37003520e+01
 -1.94911839e+01 8.09875721e-03 6.31072575e-01 6.08305414e-03 -6.37143500e+02 1.36960112e+01
 1.00648361e+01 -5.35788228e-03 5.70098556e-01 -6.74217616e-03 6.44540703e+02 1.37023846e+01
 9.95428537e-01 -6.59793045e-03 -5.20129571e-01 -8.49263015e-03 -4.30104060e+01 1.37001794e+01
 -2.48014784e+01 -6.39437954e-03 -1.39862681e+00 1.42918887e-02 -3.54168770e+02 1.36950188e+01
 -6.01795239e+00 -1.04172014e-02 3.73916118e-01 3.21688617e-03 5.41781003e+02 1.36987637e+01
 3.19074349e+00 4.07684965e-03 1.15292313e-01 2.07863741e-03 -3.45204660e+02 1.37004974e+01
 1.59117885e+01 9.58596896e-03 -1.13305215e+00 -4.86690856e-03 -2.14670952e+02 1.37027074e+01
 -2.22338872e+01 -5.73114854e-03 1.45198223e+00 9.64609755e-04 -5.95741596e+01 1.36955905e+01
 3.46593555e+00 1.15416050e-02 -1.14878364e+00 -3.85227911e-03 2.27672605e+02 1.37008341e+01
 -8.66666169e+00 -4.03474049e-04 -5.15040495e-01 -1.16820498e-03 2.62888750e+02 1.36981745e+01
 2.72770425e+00 9.22663363e-04 -8.52719137e-01 1.24576029e-02 -1.51828827e+02 1.37005080e+01
 -7.05650910e+00 1.63203757e-03 -1.48113015e+00 3.24130608e-03 2.71832455e+02 1.36989419e+01
 1.31218621e+01 7.26372769e-04 -1.49912144e-01 4.31908002e-03 -1.66024458e+02 1.37027607e+01
 -3.69898660e-01 1.25263016e-02 2.91055356e-01 -7.51756355e-03 -5.26959047e+01 1.36997736e+01
 -2.23227623e+01 -5.61593113e-05 -1.70876370e+00 1.92881873e-03 3.16820604e+02 1.36954103e+01
 -9.18363688e+00 -1.06885490e-02 3.50921808e-01 9.42967910e-04 2.56589482e+01 1.36979418e+01
 3.35528289e+00 -2.01378900e-03 -7.16172591e-01 -3.55274516e-03 1.39874057e+02 1.37008823e+01
 -7.32995239e+00 -5.12528681e-03 -4.91621612e-01 1.01602326e-02 1.11853852e+02 1.36985386e+01
 -2.04640669e+01 -7.44106853e-03 5.40986250e-01 1.84219747e-03 -2.07482748e+02 1.36961602e+01
 -5.53159431e+00 3.48391202e-03 -4.45508176e-02 1.15261179e-03 3.17528218e+02 1.36990122e+01
 -1.90778506e+01 -7.95062452e-03 6.75232925e-01 5.11463079e-03 6.17452855e+01 1.36960512e+01
 1.61357947e+01 -2.74217053e-03 1.50239648e+00 -3.79714663e-03 -2.80634678e+02 1.37033704e+01
 8.45402011e+00 1.19021812e-04 1.02614642e+00 4.19139522e-03 -2.31828076e+02 1.37015611e+01
 -5.02933333e+00 -3.72366987e-04 3.16707171e+00 1.06191088e-02 -2.92817121e+02 1.36990025e+01
 1.60197666e+01 2.93113139e-03 -3.68817706e-01 -1.65283801e-03 -5.90916779e+02 1.37030042e+01
 1.27726582e+01 1.45824045e-04 1.27561243e+00 -5.44576739e-03 4.90480063e+01 1.37023267e+01
 -9.13629487e+00 -6.22732689e-04 5.55187114e-01 -5.22472140e-03 -2.83535154e+02 1.36982237e+01
 3.28708684e+01 6.85988206e-03 7.94528796e-01 7.69704299e-03 -4.98153379e+02 1.37069799e+01
 1.84875888e+01 -2.89414763e-03 1.52282277e+00 9.18079864e-04 1.15061994e+02 1.37036132e+01
 -6.03955343e+00 5.38814031e-04 1.51196553e-01 3.25717480e-03 -4.41745134e+01 1.36988738e+01
 9.33923558e+00 6.36737784e-03 7.50060121e-02 -8.50008121e-03 -3.91789273e+02 1.37021121e+01
 -1.58687231e+01 -1.78794333e-03 -1.85425896e+00 -6.33874425e-03 -5.50598220e+02 1.36967030e+01
 -2.18388400e+00 -8.29793783e-03 5.98723232e-02 5.98243135e-03 3.51954812e+02 1.36996127e+01
 4.79431107e+00 5.05150578e-03 7.05177022e-01 4.22212729e-04 -5.52085125e+02 1.37008728e+01
 1.39618113e+01 -8.36906634e-03 2.09902331e+00 6.66540905e-04 3.47585133e+02 1.37032119e+01
 -2.96760751e+01 8.02510889e-03 5.57515607e-01 2.40159209e-03 -3.29321192e+02 1.36940167e+01
 -1.59016665e+01 7.73782148e-03 -1.43341974e+00 -7.03223338e-03 5.75941287e+01 1.36968843e+01
 9.40485185e+00 4.85235202e-03 -4.30887302e-01 -8.54166600e-03 1.53644373e+02 1.37019641e+01
 8.31677808e+00 5.85852114e-03 3.25650003e-01 1.27142382e-03 9.17774848e+01 1.37021546e+01
 -4.81791788e-01 4.28658236e-03 -2.09878957e+00 7.82011025e-03 -4.28987204e+02 1.36998539e+01
 -1.39796817e+01 2.59177819e-03 1.87605688e-01 -6.07455323e-04 3.48883926e+02 1.36971938e+01
 -5.60357654e+00 2.57060426e-03 3.83107408e-01 2.19731277e-03 -3.31783221e+02 1.36985285e+01
 -5.95256977e+00 7.03953753e-03 7.88775610e-01 1.51504750e-02 2.21988216e+01 1.36988344e+01
 -6.53648118e+00 -1.55904164e-02 -5.56992602e-01 -4.02935989e-03 2.29493635e+02 1.36990236e+01
 1.72696096e+01 -5.70314740e-03 1.48232392e+00 -6.59285042e-03 2.59987937e+02 1.37034530e+01
 -1.38282109e+01 2.47925035e-03 -7.86434359e-01 3.55705065e-03 6.14688756e+02 1.36972598e+01
 -3.04340639e+01 3.11930952e-03 -2.11255416e-01 -1.73821273e-02 -1.80055839e+02 1.36941234e+01
 5.32279062e+00 -9.64658474e-03 1.01764796e+00 7.47266252e-03 7.22191324e+01 1.37010843e+01
 1.64466437e+01 -1.40876899e-03 -1.22978968e+00 5.86319785e-03 -1.66500130e+01 1.37034878e+01
 -3.15315135e+01 -8.17546268e-04 1.38557418e+00 -3.46120850e-03 7.44750569e+00 1.36936577e+01
 6.76714286e+00 8.62444663e-04 8.59801283e-01 5.04106248e-03 2.77689400e+02 1.37013906e+01
 -2.15110133e+00 -1.81426000e-04 -1.03871312e+00 1.03385037e-02 -2.81948174e+02 1.36995735e+01
 2.68652803e-01 -5.68560083e-03 1.13466087e+00 6.33519580e-03 1.43076952e+02 1.37001925e+01
 -5.94575327e+00 -4.11314963e-04 -5.39560019e-01 2.30610678e-03 -7.72648550e+01 1.36989479e+01
 -7.42730152e+00 -7.88227298e-03 1.54714502e+00 1.29588249e-02 3.29011570e+02 1.36986078e+01
 -1.38962219e+01 -1.39612262e-03 3.27145807e-02 7.57079894e-03 -1.95967177e+02 1.36971492e+01
 3.56183921e+00 1.32817233e-02 1.74283180e-01 6.09990855e-03 -3.36101841e+02 1.37005650e+01
 1.06640216e+01 -1.26838090e-02 -1.66733382e+00 3.94927011e-03 1.29360001e+02 1.37019332e+01
 -3.69374562e+00 7.18159507e-03 -1.66227043e+00 1.32273191e-03 -4.20734375e+02 1.36993748e+01
 -1.65640199e+01 3.37445151e-03 2.16908133e+00 9.84136876e-03 -1.71757365e+02 1.36965494e+01
 3.14809152e+01 2.16321770e-03 2.06325934e+00 -2.77250563e-03 -1.22797580e+02 1.37065138e+01
 8.22981546e+00 -4.69599591e-03 3.74149016e-01 -5.38265026e-03 3.79417850e+01 1.37016679e+01
 2.10527304e+01 -2.31281720e-03 1.27201765e+00 4.74243882e-03 -9.39710514e+01 1.37040941e+01
 -1.38031056e+01 -4.27048415e-03 9.88753493e-02 1.19693944e-02 4.68013346e+02 1.36973747e+01
 -5.62443946e+00 -4.93012338e-03 8.11798350e-01 5.69899306e-03 3.17564590e+01 1.36986285e+01
 1.65377055e+01 5.26954671e-03 -3.50629352e-01 1.58629341e-03 -9.71434464e+01 1.37031438e+01
 -9.06593734e+00 -1.01324347e-02 1.61872047e+00 -1.36664039e-02 -2.30255446e+02 1.36980489e+01
 1.25105259e+00 1.03828561e-02 -4.07824844e-02 5.34125723e-03 -1.55428903e+02 1.37002322e+01
 -4.48256107e+00 -2.25889631e-03 7.54286490e-01 -8.14513032e-03 -2.13767791e+02 1.36989306e+01
 -2.61387746e+00 -3.21013764e-03 -7.25637685e-01 -4.87899367e-03 -1.93885826e+02 1.36993175e+01
 1.39219388e+01 1.06360917e-02 -9.51511858e-01 -5.78947503e-03 3.30910831e+01 1.37028838e+01
 -5.67127367e+00 -2.77520686e-03 -1.01351945e+00 1.20766404e-02 -7.72861526e+01 1.36988508e+01
 3.02617192e+01 -1.43510769e-02 -2.01546390e+00 -3.90528406e-03 4.00103448e+02 1.37058571e+01
 -9.85773501e-01 1.00742382e-02 -4.02352652e-02 -9.61343884e-03 -2.86768144e+02 1.36998823e+01
 -1.00050065e+01 -6.65720327e-04 2.03902708e+00 -1.64726515e-03 -1.99310573e+02 1.36981485e+01
 -9.12232561e+00 -2.77197271e-03 -6.45267351e-01 -1.90572855e-03 -1.48609786e+02 1.36982802e+01
 2.82783309e+01 2.27716698e-03 1.28715951e+00 5.49809574e-03 -7.72697960e+02 1.37057937e+01
 5.29121284e+00 -1.23867865e-03 -3.93656089e-01 5.22606576e-03 1.76137612e+02 1.37008336e+01
 1.34564423e+01 5.08583379e-03 1.27576317e+00 6.33225371e-03 -1.05430641e+02 1.37026697e+01
 5.29829842e-01 9.88020301e-03 6.97480876e-01 -2.95509059e-03 2.81813355e+02 1.37000698e+01
 4.43661949e+00 3.00630514e-03 1.03056119e+00 -8.55547414e-04 -2.03776503e+02 1.37010471e+01
 -1.63042006e+01 -2.18559378e-03 -5.31285635e-01 2.56045362e-03 5.30566494e+01 1.36966603e+01
 -6.13817968e+00 1.68578417e-02 3.83363031e-01 2.61964169e-03 -6.46244323e+02 1.36988319e+01
 7.74755511e+00 2.12426442e-03 4.45356656e-01 3.26520116e-03 -1.72576532e+02 1.37018448e+01
 -1.44716636e+01 4.34662627e-04 6.88380203e-01 1.34084671e-03 5.31736190e+01 1.36970436e+01
 1.85611494e+01 5.80127317e-05 9.32594783e-01 9.80283366e-03 -2.77679523e+01 1.37038338e+01
 -3.16568301e-01 -1.80872855e-02 7.18655518e-01 3.54033192e-03 1.08153278e+02 1.36996340e+01
 3.66680265e+00 6.58528395e-03 7.65799428e-01 -7.53794112e-03 -8.17513310e+02 1.37007257e+01
 2.18768691e+01 -2.66160702e-03 -1.46991475e+00 -1.78492865e-03 -2.44184388e+02 1.37042816e+01
 1.03698510e+01 6.99482962e-03 7.71355600e-01 -3.12622912e-03 2.98252655e+02 1.37020220e+01
 3.25372156e+00 3.20467598e-03 1.62743286e-02 3.71281259e-03 1.95851503e+02 1.37005803e+01
 1.35782828e+01 8.11926394e-03 1.35169394e+00 5.09557224e-03 -2.38599167e+02 1.37026978e+01
 8.45554230e+00 -8.24845337e-03 -1.98018786e+00 2.27228167e-03 3.74554926e+01 1.37015943e+01
 -1.07704651e+01 -1.73752559e-03 1.15489226e+00 8.84363034e-03 -1.28561605e+02 1.36974949e+01
 -2.31499353e+00 2.36696015e-03 3.04661201e-01 -6.48598973e-03 -2.53738791e+02 1.36995299e+01
 -5.44617674e+00 2.04250902e-02 -7.25518723e-01 1.87848617e-02 -1.74646238e+02 1.36990112e+01
 -1.14294806e+01 -3.72766404e-03 1.03363732e+00 1.56688352e-02 -2.11372623e+02 1.36975638e+01
 -8.92977099e-01 -4.31237072e-03 8.78005791e-01 5.53156295e-04 -1.09799446e+01 1.36999977e+01
 -2.36038903e+01 1.05997744e-03 -4.66898329e-01 3.85514739e-03 -5.11006228e+02 1.36952959e+01
 3.61238369e+01 -6.40770186e-03 1.06805450e+00 1.73792370e-03 -4.18861799e+02 1.37071008e+01
 -6.25688935e+00 5.18341350e-03 5.00271005e-01 1.44809727e-02 8.32180179e+01 1.36988575e+01
 9.81299922e-01 2.66362983e-03 -3.60707097e-01 -6.37246517e-04 -3.64208422e+02 1.37002467e+01
 -1.41303845e+01 -1.07123526e-02 1.60368807e+00 -4.22317696e-04 -8.08210957e+01 1.36972758e+01
 -6.02179371e+00 -2.81017108e-03 3.09080098e+00 1.00080042e-02 1.93845684e+02 1.36986203e+01
 1.11750359e+01 2.39017653e-03 1.20553237e+00 1.60214407e-03 -3.35586772e+02 1.37022971e+01
 2.01954023e+01 4.53964814e-04 -3.84134303e-02 -1.22372040e-02 -2.67935220e+02 1.37041078e+01
 2.18068234e+01 2.16984675e-03 2.63675172e+00 -5.09774574e-03 1.23887039e+02 1.37043509e+01
 7.97304747e+00 1.56596452e-03 -1.70719288e+00 4.52102997e-03 -1.01713788e+02 1.37015202e+01
 -5.56560607e+00 -6.65882443e-04 3.13521629e-01 -1.29771694e-03 -4.92288457e+02 1.36989098e+01
 -1.38449272e+01 -2.05382366e-03 -9.73205271e-01 4.43189939e-03 -1.91202402e+02 1.36970741e+01
 -2.28135584e+00 -5.33514486e-03 2.00962324e+00 2.28621685e-03 -1.28941553e+01 1.36998384e+01
 -1.48188977e+01 3.61725258e-03 -1.36163151e+00 -7.65359651e-03 -1.46387045e+02 1.36971329e+01
 -4.08323728e+00 3.96753769e-03 -9.25043531e-01 6.82729059e-03 -1.68138189e+02 1.36993562e+01
 -2.61550717e+00 -2.53367775e-03 8.47399184e-01 -3.14261351e-04 8.77829296e+01 1.36991860e+01
 -9.37987533e-01 7.48302895e-03 -1.26649935e+00 1.65238217e-03 2.54026009e-01 1.36999073e+01
 3.15251344e+01 -7.89216888e-03 2.43297577e+00 -2.83022811e-03 -1.39609400e+02 1.37063218e+01
 -1.60764023e+01 -6.17720557e-04 -1.33340221e+00 8.57776234e-04 5.23694361e+02 1.36965982e+01
 8.01593755e+00 -5.39178943e-03 2.70751651e+00 -6.23998003e-03 3.92515481e+02 1.37014237e+01
 -1.13246565e+00 -1.44800278e-03 -9.44537114e-01 4.22520960e-03 -6.27631053e+02 1.36998302e+01
 1.18296521e+01 -2.53876388e-03 -2.79342870e-01 1.24290563e-03 -3.84547838e+01 1.37021899e+01
 1.00619919e+01 2.18356901e-02 7.34905582e-01 -9.08849000e-03 8.35385296e+01 1.37017302e+01
 -3.04591529e+01 2.68656968e-04 1.55294504e+00 1.70910703e-03 -2.97931427e+02 1.36942845e+01
 1.77679362e+01 1.88005662e-03 -1.69974240e+00 2.23406301e-03 2.86068699e+01 1.37038625e+01
 -1.13515772e+01 -1.01499230e-02 -3.60342107e-01 -6.83996262e-03 -5.44674596e+01 1.36975121e+01
 2.66357665e+01 1.44157892e-03 6.68917759e-02 1.68744482e-03 -1.83581726e+02 1.37054722e+01
 1.93943044e+00 -4.53871404e-03 -5.45201641e-02 -3.98019254e-03 -3.11484732e+02 1.37002355e+01
 6.93547890e+00 -1.36881810e-02 4.26184272e-01 1.80673668e-03 2.68709770e+01 1.37015075e+01
 3.88670712e+00 -4.61974471e-03 6.21285460e-01 5.50919578e-03 5.88572337e+02 1.37009723e+01
 3.08545460e+01 -1.05295784e-03 3.14574669e-03 3.26188455e-03 2.68656241e+02 1.37060315e+01
 -1.30353552e+01 -6.71460027e-03 -4.77713982e-01 -9.41768710e-03 -4.54691128e+01 1.36972805e+01
 -1.19816341e+01 3.98135706e-03 -8.12923379e-02 1.04269581e-03 -2.00582671e+02 1.36973447e+01
 2.67636514e+01 -7.43873992e-03 2.01799186e+00 2.58430551e-03 -2.29293309e+02 1.37053834e+01
 1.61478446e+00 2.17580254e-03 -1.46387817e+00 -8.59513784e-03 1.77012821e+01 1.37004822e+01
 -1.64453992e+01 2.10917714e-03 1.51053020e-02 6.41198222e-03 3.34414290e+02 1.36968620e+01
 1.78060833e-01 1.05693667e-02 -1.02788568e+00 -9.56495741e-03 4.01573905e+02 1.36999283e+01
 -8.76046080e+00 -3.16951615e-03 1.77760471e+00 -4.37289593e-03 3.17905886e+02 1.36983663e+01
 3.41107321e+00 5.17818154e-03 -8.89201761e-01 -8.66718112e-03 -1.76025705e+02 1.37003446e+01
 3.68419052e+00 -6.35560851e-04 6.60105203e-01 6.24941533e-03 7.25577961e+01 1.37013285e+01
 -9.52408310e+00 6.33780823e-03 -2.80666734e-01 -7.40422337e-03 5.14890648e+01 1.36981038e+01
 2.86313587e+01 1.41581026e-03 -6.51871304e-01 1.52005039e-02 3.29376236e+02 1.37058429e+01
 4.04557950e+01 5.74905103e-03 -4.12090217e-01 -6.21391128e-03 2.75977617e+02 1.37078557e+01
 -6.40313183e+00 -3.96376941e-03 -2.36065053e-01 1.23881774e-03 -3.00241805e+02 1.36985642e+01
 1.72701856e+01 -4.25311350e-03 7.28527074e-01 -6.07009506e-03 -2.45034296e+02 1.37036973e+01
 -9.23782338e+00 3.29319967e-04 -7.05102137e-01 -7.93585131e-04 -2.76155426e+02 1.36984424e+01
 -8.31796464e+00 -1.11225755e-02 1.80555805e+00 -6.96877775e-03 2.25381791e+02 1.36984558e+01
 -3.11516486e+00 4.74518455e-03 1.67544773e+00 8.22485300e-03 5.35790518e+01 1.36994411e+01
 -7.39995603e+00 1.14231027e-02 1.81099416e+00 2.48368318e-03 3.03352860e+02 1.36984268e+01
 2.42437409e+01 1.08426300e-02 3.45736428e-01 -5.84251038e-03 5.23234362e+02 1.37048942e+01
 -4.26850442e+00 -1.89250527e-02 5.99667782e-01 -4.85916178e-03 5.25834976e+02 1.36991758e+01
 -2.37610695e+01 -8.59573316e-03 -8.42138256e-02 -6.64461229e-03 1.76187017e+02 1.36953226e+01
 1.56427219e+01 1.05968013e-03 -9.30432924e-01 -4.70109728e-03 -7.89111264e+01 1.37029244e+01
 -3.24501227e+00 2.71929296e-03 -7.79811288e-02 7.34446264e-03 3.57554414e+02 1.36991150e+01
 9.44453784e+00 -1.29725929e-02 -3.25236351e-01 5.24349088e-03 2.57905876e+02 1.37015541e+01
 6.23793789e+00 3.10688618e-03 -3.00308562e-01 -6.09427541e-03 -4.80152984e+01 1.37010842e+01
 7.48539384e+00 -4.95548127e-03 -1.33812817e+00 -3.50998704e-03 -1.30374366e+02 1.37012262e+01
 6.17664430e+00 -4.62253062e-03 -3.21093770e+00 -3.74171204e-03 -4.54095211e+02 1.37013037e+01
 1.16688718e+00 6.28610773e-03 -4.15686094e-01 -1.65759739e-03 -9.41252948e+01 1.37000223e+01
 7.38011018e+00 -5.96275412e-03 -8.86516316e-01 -5.93908210e-04 -3.51956120e+02 1.37015106e+01
 4.86593632e+00 1.77871177e-03 4.12733203e-01 2.77028276e-03 5.23387490e+01 1.37006871e+01
 1.46222826e+01 -1.22636592e-02 7.22333138e-01 7.03122526e-03 4.33106026e+02 1.37029228e+01
 5.78003563e+00 4.50429107e-03 -2.85935429e-01 1.19616451e-02 1.93201008e+02 1.37012637e+01
 -1.89871652e+01 1.11336954e-02 3.23933507e-01 7.35237563e-03 -2.29900985e+02 1.36967619e+01
 1.07595268e+00 1.62905887e-03 1.69206058e+00 2.34465589e-03 -7.83566751e+01 1.37001978e+01
 3.12124730e+01 -4.33082852e-03 1.74748801e+00 -5.22714977e-03 2.98154276e+02 1.37060941e+01
 1.30422896e+00 2.86587179e-03 2.57513259e-01 2.90341192e-03 4.47398513e+02 1.37002366e+01
 1.56486188e+01 -1.09090395e-02 -2.86117090e+00 7.13598410e-03 -9.27799393e+01 1.37029209e+01
 1.99741774e+01 -9.41948652e-03 -1.57413522e-01 6.81280614e-03 -1.03909770e+02 1.37039383e+01
 3.68800577e+00 2.98298843e-03 -9.65381335e-01 -5.94851494e-03 1.18249695e+02 1.37006721e+01
 -7.24810360e+00 -6.29172961e-03 4.36492952e-02 1.13043259e-03 -7.00828588e+01 1.36984512e+01
 -9.71379106e+00 -1.24017905e-02 1.95253717e+00 2.90234621e-03 -1.21751405e+02 1.36981362e+01
 -5.03414688e+00 1.12403262e-02 6.97526819e-01 3.49375360e-03 -2.23894960e+02 1.36991595e+01
 9.37813295e+00 1.43977349e-03 -2.74685801e-01 -6.36601834e-04 -8.11911347e+01 1.37017381e+01
 6.46629942e+00 8.69315555e-03 2.15962944e+00 -1.57795032e-03 5.35656619e+02 1.37012573e+01
 1.86187841e+01 1.24559696e-03 -9.63782242e-01 5.02965275e-03 3.83463924e+01 1.37035686e+01
 8.85714616e+00 3.18176264e-03 -1.31213399e+00 4.82688376e-03 -1.97067273e+01 1.37018071e+01
 7.06979750e-01 -2.21893530e-03 -7.42436236e-01 4.97866113e-03 -2.98138447e+02 1.37003013e+01
 2.61409971e-01 2.74537370e-03 -1.03182263e+00 -6.05119532e-03 2.60048976e+02 1.36999799e+01
 1.56036591e+00 2.50150457e-03 8.58915930e-02 -4.49585617e-04 -1.42052671e+02 1.37003836e+01
 -1.25153349e+01 -2.21689356e-03 -1.39679258e+00 2.58982429e-04 3.88229707e+02 1.36976204e+01
 1.62442845e+01 3.37186179e-03 -2.39112480e-01 -2.02408237e-03 -5.16291954e+01 1.37033228e+01
 8.89058784e+00 3.97288168e-03 -1.32229460e+00 -7.12996611e-03 -5.47055219e+01 1.37014618e+01
 2.08911433e+01 1.93149290e-06 -1.13196440e+00 -2.92933262e-03 -4.24054588e+02 1.37038861e+01
 5.24354758e+00 -1.00300190e-02 1.67510015e+00 -5.70073867e-03 -1.57968229e+02 1.37010568e+01
 -4.10074658e+00 4.15001454e-04 -7.81212364e-02 -3.27359380e-03 1.33870560e+02 1.36992307e+01
 4.25773865e+00 5.89428879e-03 2.33100206e-01 -7.63147295e-03 4.51170183e+02 1.37009525e+01
 -6.54092866e+00 -2.42088259e-03 -8.19717749e-01 2.19829408e-03 3.51767469e+01 1.36984450e+01
 5.36622266e+00 -1.67611134e-03 -7.32199629e-02 -7.29712036e-03 2.69729044e+02 1.37009416e+01
 -1.32574461e+01 6.79201293e-03 4.99418401e-01 3.96426218e-03 -2.67067764e+02 1.36974868e+01
 -2.15068115e+01 -1.89633171e-02 -9.77481704e-01 4.05576579e-04 1.13270738e+02 1.36961345e+01
 -1.14690275e+01 -6.89720968e-03 6.17315581e-01 3.96845127e-03 1.69878161e+02 1.36978764e+01
 -3.41555226e+01 6.97777715e-03 7.91765589e-01 8.28377273e-03 4.68654271e+02 1.36932121e+01
 -1.40081250e+01 1.17538625e-02 -2.97977330e-01 2.26370764e-04 2.28065547e+02 1.36973285e+01
 1.16097909e+01 3.47632637e-03 -4.70132649e-01 5.22733791e-03 -4.04801857e+02 1.37023960e+01
 -1.62535120e+00 -1.18836902e-02 8.28333566e-01 -2.41051534e-03 -6.63665104e+00 1.36996748e+01
 1.01820655e+01 -8.09875167e-03 4.63402960e-01 -6.60427624e-03 2.27092173e+01 1.37018202e+01
 -1.83166535e+01 5.25821311e-03 1.98798359e+00 -5.07326398e-04 -3.62766048e+02 1.36960416e+01
 -2.01453187e+01 -6.40589165e-04 1.29232907e+00 -3.22650209e-03 -2.15465168e+02 1.36963373e+01
 2.15995255e+01 -7.99318337e-03 3.80570255e-01 -9.53728951e-03 1.75126136e+02 1.37042031e+01
 -8.66924755e+00 8.34237543e-03 -3.27710221e-03 2.53334158e-03 5.91944550e+02 1.36983309e+01
 -1.13912961e+01 6.56649683e-03 -1.17639701e+00 -1.26281803e-02 3.04948671e+02 1.36977704e+01
 -1.20395728e+01 1.14370411e-02 1.05275184e+00 9.43953560e-03 2.20586174e+02 1.36977452e+01
 8.64213225e+00 -1.34656054e-02 -1.94997803e+00 8.71316948e-03 1.77412368e+02 1.37014976e+01
 -1.26532836e+01 -6.70659732e-03 -1.65467620e+00 1.03876260e-03 1.16879310e+02 1.36973759e+01
 5.78760214e+00 -1.04154902e-02 2.71757672e-01 -7.48693407e-04 -2.54032642e+02 1.37010716e+01
 -1.19950428e-02 -2.03220283e-04 1.12362498e+00 6.87101025e-03 1.54127775e+02 1.37000791e+01
 -2.27520646e+01 -2.28268337e-02 -2.22639181e+00 -1.62639123e-03 -3.14692541e+01 1.36954432e+01
 2.08607799e+01 1.07723414e-02 -3.22096798e-02 6.51815999e-04 2.25390837e+02 1.37040584e+01
 -1.60403808e+01 -2.19793093e-05 -5.43122517e-01 -1.20049587e-02 -2.51430685e+02 1.36969045e+01
 4.36492006e+01 -6.12201824e-03 2.30054867e-01 -1.03031982e-02 -2.01092174e+02 1.37085578e+01
 2.20863643e+01 1.16063689e-03 1.15218347e+00 2.43103480e-03 2.64139472e+02 1.37041150e+01
 -1.92193021e+01 -1.23559240e-03 1.40583941e-01 -4.22523497e-03 -5.52265340e+02 1.36962011e+01
 2.03627288e+01 4.45985812e-03 -6.71438154e-02 4.59483362e-03 -2.50708223e+02 1.37042694e+01
 -9.32031422e+00 -9.46028263e-03 3.15629910e-01 -1.21839164e-02 -3.57103189e+02 1.36980186e+01
 -2.00583373e+01 -1.48328315e-03 9.80306418e-02 -9.46500532e-03 2.90646187e+01 1.36959463e+01
 1.35589566e+01 -1.13151022e-02 -6.83379262e-01 -1.52933584e-02 1.17103246e+02 1.37026720e+01
 1.05077852e+01 2.96043878e-03 4.19167383e-02 8.50554390e-04 1.08729664e+02 1.37020100e+01
 -7.61486191e+00 1.12252672e-02 5.73570902e-01 1.07993434e-02 -2.67916918e+02 1.36985382e+01
 2.22341429e+01 3.12805563e-03 -1.81825707e-01 -1.50723627e-03 1.48047391e+02 1.37044063e+01
 -1.70866612e+01 -2.72429136e-03 -1.93942378e-03 -5.21851028e-03 -7.83702181e+01 1.36962197e+01
 -1.22311467e+01 9.20474436e-03 -6.61599500e-01 -6.67891810e-03 -7.41357736e+01 1.36980813e+01
 -2.97926125e+00 2.14422568e-03 -3.07338161e-01 9.06149103e-03 4.85823548e+02 1.36992235e+01
 2.14696979e+00 -7.84393948e-03 -1.62295599e-01 -3.93772463e-03 -1.16917005e+01 1.37002625e+01
 2.13962970e+01 -7.17128416e-03 -1.18798288e+00 -1.17237404e-02 -2.51272851e+02 1.37040336e+01
 4.35968704e+00 3.40055178e-03 8.50365194e-01 1.22704352e-03 -1.30840757e+02 1.37008821e+01
 -2.39857757e+01 -3.35186797e-03 1.63326208e+00 6.11261640e-03 4.86489770e+02 1.36950539e+01
 2.29598455e+01 -1.08745236e-02 7.31912368e-01 4.77531072e-03 -4.32941277e+02 1.37046158e+01
 -1.70014252e+01 1.60124109e-03 -3.47722959e-01 -6.19943947e-03 4.04661134e+01 1.36967398e+01
 2.25610139e+01 -4.75470352e-03 -1.03998958e+00 -3.21844761e-03 -6.67524046e+02 1.37046440e+01
 2.31395477e+00 8.71779638e-03 8.83986566e-01 -4.16828593e-03 8.45513148e+01 1.37005115e+01
 2.58608169e-01 -1.92627211e-03 2.55388244e+00 -9.22520874e-03 -2.76119557e+01 1.37001254e+01
 -7.66175788e-01 -1.80018712e-03 -1.05877070e+00 3.98795764e-03 -1.85699055e+02 1.37000403e+01
 -1.90377016e+01 5.42192111e-03 -1.21170114e+00 3.75832276e-03 -4.41883652e+02 1.36965850e+01
 9.71192867e+00 1.01149889e-02 -6.79433925e-01 9.54434765e-04 3.98812187e+02 1.37017002e+01
 2.01191788e+01 -1.50466040e-02 6.21540340e-01 -2.73664384e-03 4.17446823e+02 1.37040853e+01
 2.64552484e+01 -4.65668787e-04 1.81711798e+00 -4.42791850e-03 3.31911608e+02 1.37051204e+01
 -1.23068280e+01 1.00665445e-02 4.85272759e-01 8.01024659e-03 3.52158849e+02 1.36977461e+01
 5.32450425e+00 3.32205918e-03 1.48178687e-01 -5.04718190e-03 -4.23551923e+02 1.37007422e+01
 9.22979546e+00 -7.22334005e-03 -2.03527886e-01 -9.60358970e-04 -1.15495099e+02 1.37016897e+01
 -1.11960614e+01 4.47897345e-03 9.46213311e-01 -2.76551679e-03 -3.99130574e+02 1.36979925e+01
 3.63387194e+00 -1.78531332e-03 -6.97231047e-01 2.10468833e-03 -1.01958662e+02 1.37004529e+01
 6.57338156e+00 -1.57934707e-03 -1.12319893e+00 -5.79950222e-04 3.16507775e+02 1.37011917e+01
 -1.36749953e+01 -9.90514151e-04 -2.70377526e+00 -5.71880973e-03 1.95846038e+02 1.36975862e+01
 7.44120147e+00 4.43769534e-04 -1.41706789e+00 6.42787876e-03 3.82952072e+02 1.37015431e+01
 1.53659297e+01 -3.81494460e-03 6.44878754e-01 1.73901258e-02 -1.61900706e+02 1.37028936e+01
 -1.98657177e+01 7.93690375e-03 1.29978996e-01 1.56526793e-03 -2.01866058e+02 1.36961414e+01
 -1.31363223e+01 -1.47957242e-02 3.27670875e-01 -4.19133422e-03 2.14548875e+02 1.36974511e+01
 1.10235681e+01 -3.57846575e-03 -9.91556601e-01 1.10672476e-02 1.04652478e+02 1.37019175e+01
 4.36433408e+00 8.02157307e-03 2.90587861e-01 7.24786740e-03 5.93358195e+01 1.37009850e+01
 -1.62880911e+01 1.20848569e-02 -1.16455543e+00 7.78499701e-03 3.04068201e+02 1.36968153e+01
 -2.78336189e+01 7.03677757e-04 1.19840127e+00 9.02182253e-03 -8.70858899e+02 1.36944499e+01
 -1.69630446e+01 -4.86743163e-03 -1.01095355e+00 -3.93803948e-03 2.48035865e+01 1.36964265e+01
 1.43196720e+01 -8.51431674e-04 -1.09986071e-01 2.30771945e-03 1.50423658e+02 1.37026068e+01
 5.00822637e+00 1.50385568e-03 -2.08052556e-01 -1.65769835e-03 -2.33535088e+02 1.37008585e+01
 2.01117203e+01 -3.17316106e-03 -1.16944310e+00 -1.17179667e-02 1.30543162e+02 1.37038141e+01
 -1.48964231e+01 8.54286485e-03 1.90185409e-01 1.12718198e-03 3.29060601e+02 1.36969704e+01
 -2.72835774e+00 -9.93580167e-03 -3.64135318e-01 1.00911054e-03 2.62165947e+02 1.36995508e+01
 -4.47310460e+00 -6.82836247e-03 5.78327461e-01 3.47246675e-03 5.50355182e+02 1.36989486e+01
 -1.28605107e+00 -1.77541576e-02 1.91744122e+00 1.27023181e-05 -4.44714446e+02 1.36998613e+01
 -1.27812783e+01 6.93426091e-03 5.59390019e-02 2.20689571e-03 2.22631882e+02 1.36975195e+01
 -2.74842676e+01 -9.23117908e-04 1.17011601e+00 -1.23452429e-02 3.38277649e+02 1.36945836e+01
 -8.66451482e+00 -2.64868352e-03 -1.57815459e+00 -2.76218798e-04 1.86856650e+01 1.36982187e+01
 1.56477279e+01 -1.22553740e-02 8.88355719e-01 7.95717181e-03 4.59516884e+02 1.37029745e+01
 8.01022219e-01 -6.20632397e-04 9.76836200e-01 -4.67302553e-03 -1.64833901e+02 1.36997718e+01
 -3.37795869e+00 2.44689998e-03 4.61401672e-01 8.42973313e-03 -2.58951584e+02 1.36995153e+01
 8.96854569e+00 -5.06976390e-03 3.91093944e-01 4.88379096e-03 7.54131179e+00 1.37020559e+01
 -1.17307240e+01 -1.20138167e-02 -7.50148976e-01 9.96960638e-03 1.70697679e+02 1.36971965e+01
 4.33458392e+00 1.14190255e-02 -1.55167084e+00 2.79060677e-03 6.93340753e+01 1.37013235e+01
 2.15863129e+01 5.90743108e-03 -1.25107894e+00 -3.60850776e-03 -3.28939676e+02 1.37045620e+01
 -1.79376708e+01 1.81895862e-03 -3.58122239e-01 -7.21189094e-03 1.96529069e+02 1.36961937e+01
 -3.27186231e-01 5.12866007e-03 -3.22238388e-01 4.00396837e-03 -4.80715849e+01 1.37000385e+01
 -1.48962721e+01 9.52864037e-03 -4.20403211e-01 3.55385273e-04 -7.96063868e+01 1.36969776e+01
 -1.40998636e+01 2.67182678e-03 9.23395776e-01 -6.33773315e-03 -2.50810803e+02 1.36974188e+01
 1.77525821e+01 -3.10735832e-03 -1.86706354e+00 5.09142697e-03 1.46085358e+02 1.37032158e+01
 -5.51974459e+00 -6.30530573e-03 5.38898478e-01 -3.29050422e-03 1.97421365e+02 1.36990844e+01
 -2.70205816e-01 7.77220432e-03 7.16739868e-01 1.01367436e-03 -5.25171898e+01 1.36994673e+01
 -4.01137396e+00 -6.73072452e-03 3.88348381e-01 1.65207995e-03 3.17212366e+02 1.36993915e+01
 -2.27311856e+01 -4.36274979e-03 4.36263976e-01 -5.86094293e-03 6.30022869e+02 1.36952546e+01
 3.02454694e+01 1.11805432e-02 9.57418136e-01 4.23980608e-03 1.76612600e+02 1.37060388e+01
 2.10678350e+01 9.68751705e-03 1.32980196e+00 -3.07579343e-03 1.57612315e+02 1.37039815e+01
 1.41724966e+01 1.05368873e-02 -1.36054638e+00 -5.53904974e-03 -1.55945814e+02 1.37033163e+01
 -4.79870299e+00 -7.93936691e-03 -1.67957176e+00 6.87108806e-03 -1.29820937e+02 1.36990547e+01
 -8.42660825e-01 -6.61609973e-03 -2.02036114e-01 1.09301434e-03 -1.00138025e+02 1.36998038e+01
 -1.03473170e+01 1.48937270e-02 -9.93366316e-01 -4.97336164e-03 -3.36388266e+02 1.36979747e+01
 -7.75931345e+00 -8.21412046e-03 -7.77999781e-01 -9.53175558e-03 -2.48111246e+02 1.36984300e+01
 -3.27553304e+01 1.57239365e-03 -1.04876628e+00 4.81338693e-03 -1.05078092e+02 1.36936729e+01
 -4.31307749e+00 1.48224017e-03 4.76611081e-01 3.21788358e-03 -2.71796091e+02 1.36992112e+01
 1.40193724e+00 -2.51546089e-03 1.57232659e+00 -2.41360537e-04 1.81761981e+02 1.37000786e+01
 1.22437921e+01 -4.59785004e-03 -2.24657266e-01 9.81640327e-04 -2.78086685e+02 1.37022482e+01
 1.45908943e+01 -7.59978697e-03 1.47625038e+00 1.48386313e-02 -2.20497227e+02 1.37030713e+01
 -1.28964628e+01 2.91403525e-03 -1.06822978e+00 -2.76669662e-03 1.05706195e+02 1.36973435e+01
 -5.79010389e+00 2.20880288e-03 -9.69436008e-01 7.12669396e-03 -5.30086134e+01 1.36989188e+01
 8.80939047e+00 -9.44514176e-03 7.19983795e-02 2.76046001e-03 -5.11640670e+02 1.37015739e+01
 1.10197851e+01 1.48546209e-03 5.40997693e-02 6.40050811e-03 -1.13435758e+02 1.37021298e+01
 -2.58180121e+01 -5.32396629e-03 -2.46616471e-01 -9.24128760e-03 1.10642685e+02 1.36948128e+01
 -1.06909608e+01 -3.68648905e-03 -4.02530652e-01 -9.84862220e-03 -2.39104008e+01 1.36980466e+01
 -3.10945389e+00 -1.70482593e-03 -6.03702233e-01 -5.57560925e-03 8.91467101e+01 1.36992746e+01
 -1.63574151e+01 6.66902393e-03 1.90064567e+00 2.06142076e-03 -2.50784029e+02 1.36963914e+01
 5.76008020e+00 -5.04287017e-03 2.83181564e+00 -4.33949516e-03 1.68111401e+01 1.37012054e+01
 -2.01459713e+01 2.14870904e-03 4.27434872e-01 1.22141665e-02 2.03881425e+02 1.36964921e+01
 -1.69593545e+01 1.95447056e-03 1.02216840e+00 -9.85281796e-03 -4.64503225e+02 1.36968019e+01
 -7.25023889e+00 7.30500894e-03 -2.06241928e+00 -6.73506568e-03 2.33827805e+02 1.36985213e+01
 -2.28190820e+00 -9.84258752e-03 9.83232420e-01 -6.02944417e-03 -5.22112560e+02 1.36996859e+01
 6.77515031e+00 2.61533813e-03 -1.23895569e-01 -9.63129838e-03 -4.14016040e+02 1.37009872e+01
 -1.07203047e+01 2.45363762e-04 -1.24217920e+00 3.96549223e-03 7.40019211e+01 1.36975701e+01
 -5.95741557e+00 -6.89015364e-03 -2.55956538e+00 -1.95230934e-03 -1.97449523e+02 1.36985680e+01
 1.12129585e+01 -3.49848899e-03 6.69437539e-01 7.79027253e-03 -1.57041939e+01 1.37023268e+01
 -3.61987924e+01 8.99359038e-03 -4.22882516e-01 -4.16434091e-03 1.41375998e+02 1.36927939e+01
 -3.07556874e+01 3.10850631e-03 -1.13267527e+00 -2.56661801e-04 -2.78627464e+02 1.36939793e+01
 1.78325336e+01 9.11956718e-03 1.25196699e+00 1.05354173e-02 1.00699931e+02 1.37033957e+01
 -6.22158488e+00 -2.16421967e-03 1.57001796e+00 -4.07664022e-03 6.19059763e+01 1.36989625e+01
 5.92927912e+00 -8.64400467e-03 -5.26221547e-01 6.30955357e-03 2.48812863e+02 1.37012375e+01
 -4.81445966e+00 2.20533477e-03 -1.53908275e+00 3.34565288e-03 -1.47346935e+01 1.36991396e+01
 8.08692268e+00 -4.47283667e-03 -8.57911170e-01 5.68984043e-03 -7.59991176e+00 1.37019274e+01
 -6.38290654e+00 -2.79058153e-03 -5.50667410e-01 3.88890686e-03 -3.79947457e+02 1.36988648e+01
 -1.00906466e+01 1.44716418e-02 2.32079676e-01 1.33624723e-02 3.33026734e+02 1.36977848e+01
 6.05730550e-01 -6.04004659e-03 1.59260033e+00 5.24598024e-03 -4.98424538e+02 1.36996316e+01
 4.77796296e+00 3.05245232e-03 2.15971696e+00 -6.21852965e-03 1.38474958e+02 1.37009011e+01
 -4.93609850e+00 -3.67257128e-03 -9.78750815e-01 -4.48376319e-04 3.93302600e+01 1.36991483e+01
 -6.83474987e+00 8.74948681e-04 -3.01942742e-01 7.44738307e-03 2.97849415e+02 1.36987209e+01
 5.83544662e+00 1.46296367e-02 -1.33211357e+00 2.67795873e-03 1.84245840e+02 1.37012254e+01
 -9.70129161e+00 -1.85623635e-03 -8.59434047e-01 -2.37934153e-03 -1.39870792e+02 1.36977209e+01
 1.52675251e+00 6.45277047e-03 5.21498545e-02 4.86177418e-03 -3.62312663e+02 1.37004098e+01
 2.57997669e+01 1.04267046e-02 -1.66518506e+00 6.03044246e-03 1.44982553e+02 1.37053269e+01
 -7.80247221e+00 5.24035433e-03 2.32111611e-01 5.04680639e-03 1.88156665e+02 1.36987067e+01
 9.37096635e+00 7.08070842e-03 1.33539015e+00 -2.43264433e-03 -4.93547149e+02 1.37019743e+01
 1.10645652e+01 -8.52694179e-03 -3.01779008e-01 -5.06542916e-03 8.15380984e+01 1.37021805e+01
 -1.49973101e+00 -1.13834423e-02 -3.32179500e-01 1.08556560e-02 -9.98150552e+01 1.36998784e+01
 2.88124997e+01 6.21156098e-06 -3.37777296e-01 -4.61106840e-03 1.54316632e+02 1.37054105e+01
 -2.89957545e+01 1.50477125e-02 1.46360147e+00 -2.50919787e-03 2.02048938e+02 1.36942608e+01
 -7.88245291e+00 -5.07773391e-03 4.79597703e-01 -3.93183383e-03 1.54804417e+02 1.36984573e+01
 7.32800134e+00 -7.15175006e-03 -2.82066493e-01 5.98897936e-03 3.90888931e+02 1.37015257e+01
 6.29032411e+00 -4.04526130e-03 -1.41365390e+00 -2.96601282e-03 4.40505668e+02 1.37012278e+01
 -1.05235693e+00 -7.81974820e-03 2.33641506e+00 1.21404061e-02 -3.82013339e+02 1.36995913e+01
 8.99911020e+00 7.80253091e-03 -4.52348260e-01 -1.32799214e-03 1.02314199e+02 1.37020346e+01
 1.45213992e+01 -1.75636054e-02 2.17635832e+00 -3.59944753e-04 -1.29119521e+02 1.37029052e+01
 9.87527361e+00 -3.44212870e-03 -2.42781233e+00 -1.48695280e-02 6.15422164e+02 1.37017896e+01
 1.75067822e+01 -1.14334462e-03 -9.94587251e-01 -1.31539258e-03 -7.48139297e+02 1.37035112e+01
 4.06523165e+00 -1.37819193e-03 -1.00324262e-01 -7.76132962e-03 -3.12104782e+01 1.37008523e+01
 6.03121655e+00 -6.31736212e-04 8.13258628e-01 3.03143726e-03 -3.16056327e+02 1.37012643e+01
 -1.51924122e+01 -4.80009689e-03 -5.08599511e-01 3.39999940e-03 -6.07098727e+00 1.36969954e+01
 -2.57178943e+00 -2.11285662e-03 1.25267912e+00 -7.24587064e-03 -1.85149505e+02 1.36995096e+01
 -6.92330537e+00 -6.51786007e-03 -7.43910276e-01 3.02561290e-03 3.28264218e+02 1.36984138e+01
 1.93561377e+01 3.06553129e-03 2.78250372e-01 5.58249421e-03 8.19955583e+02 1.37035144e+01
 3.25743040e+01 4.86641137e-03 -1.43414666e+00 2.10518799e-03 1.73534042e+02 1.37062846e+01
 2.55365032e+01 -2.14236458e-03 -1.02213479e+00 -2.42425277e-04 7.69991912e+00 1.37046334e+01
 -1.58114268e+01 5.01519961e-03 -8.44128923e-01 7.60831878e-03 -2.37222805e+02 1.36970489e+01
 1.50254209e+01 5.69175232e-03 3.48724724e-01 -3.48863602e-03 4.61755815e+01 1.37029585e+01
 1.44658613e+01 5.20213695e-03 -1.53934922e+00 -8.17297610e-03 6.50957548e+01 1.37026461e+01
 -1.62123320e+00 8.43968117e-03 5.88105607e-01 -7.08313694e-03 2.08914028e+02 1.36995981e+01
 -8.17226506e+00 -7.98618582e-03 -6.92359393e-01 2.73827409e-03 -2.58408141e+02 1.36982651e+01
 5.00414571e+00 -6.48928610e-04 -7.54705039e-01 -3.31858219e-03 4.23512862e+01 1.37010149e+01
 9.29644886e+00 -8.43523862e-03 1.23011515e+00 9.74508496e-04 -7.29666709e+01 1.37020302e+01
 -2.68905535e+01 9.37419284e-04 9.84545949e-01 -6.94939148e-03 -6.50926985e+02 1.36947229e+01
 -1.19865806e+01 -1.28538154e-02 7.07612610e-01 5.47140364e-03 -2.64181985e+02 1.36976052e+01
 -5.00825866e+00 2.13631175e-03 9.51461149e-01 -5.48523816e-03 -1.27015132e+01 1.36990520e+01
 -1.63105359e+01 -4.17477285e-03 -6.65182297e-01 -9.18027494e-04 -1.19548262e+02 1.36967517e+01
 -2.87849287e+01 1.20598256e-03 -4.04624342e-01 4.60232477e-03 -2.96648169e+02 1.36942693e+01
 -2.43510157e-01 -8.01616849e-03 9.75699485e-02 -1.65030373e-03 1.04102773e+02 1.36998805e+01
 -4.94192925e+00 6.30373085e-04 -9.41399913e-01 -1.65540338e-03 -6.16891808e+01 1.36989743e+01
 -5.73927591e-02 1.57257690e-02 1.58349640e+00 5.63905192e-03 -3.87540879e+02 1.37000679e+01
 4.30946228e+00 1.73434560e-02 -1.41245999e+00 4.80055700e-04 2.45526520e+02 1.37007715e+01
 1.21711723e+01 -5.62177882e-03 6.93111514e-01 -1.41381251e-03 -2.14839859e+02 1.37023379e+01
 7.76744918e+00 4.68064892e-03 1.63581515e+00 4.75629601e-03 -8.04372860e+01 1.37016294e+01
 -1.54032165e+01 2.88255199e-03 3.96589660e+00 -4.26720732e-03 -2.03265861e+02 1.36969741e+01
 -9.92864449e+00 -2.52198153e-03 -1.73757030e+00 -1.82111120e-03 1.74399768e+02 1.36980566e+01
 2.35305967e+01 3.32607864e-03 4.96076335e-01 -2.31690710e-03 3.63251480e+02 1.37047616e+01
 9.43248356e+00 -3.60567534e-03 -8.92415865e-01 -1.42958452e-03 -1.16040743e+02 1.37018425e+01
 4.45704812e+00 -5.98051751e-03 1.76304689e+00 -2.69573244e-03 -2.89981084e+02 1.37005742e+01
 9.21845548e+00 -1.02536268e-02 1.73270388e+00 7.18660940e-04 -1.99772292e+02 1.37019555e+01
 -9.43818240e+00 -7.14472304e-03 1.02757366e+00 -7.61050033e-03 1.62788562e+02 1.36981690e+01
 5.20509095e+00 3.18391657e-04 -7.92987803e-01 -4.74134337e-03 8.69224241e+01 1.37010347e+01
 -1.19871036e+01 -1.18576881e-02 -2.51342926e-01 -8.05946224e-06 -1.13191327e+02 1.36974401e+01
 -6.92481201e+00 -3.57129492e-03 -1.40774195e+00 7.30344226e-03 9.58105041e+01 1.36985074e+01
 -2.88970131e+01 2.91044017e-03 -1.34547063e+00 -2.96253208e-04 1.45694262e+02 1.36945203e+01
 -1.95124822e+01 -2.65050478e-06 -8.91188636e-01 3.75843155e-03 3.04206607e+01 1.36962051e+01
 -1.17257335e+01 1.20207283e-02 9.67449399e-01 -7.00231354e-04 -7.15109534e+01 1.36977537e+01
 -2.04047425e+01 5.58758287e-03 -9.90450768e-02 2.39692958e-03 -6.77105375e+00 1.36957839e+01
 2.52503282e+01 -2.76508724e-03 2.01272011e+00 8.88088045e-03 -1.96235228e+02 1.37049665e+01
 1.51686330e+01 -1.18947802e-02 -4.81560116e-01 -3.17634011e-04 -1.97385916e+02 1.37028444e+01
 -1.12959285e+01 -5.81811784e-03 -7.29798718e-01 2.65490167e-03 1.11429100e+02 1.36975915e+01
 -6.05759745e+00 4.75781202e-03 -3.81599994e-02 -2.07194372e-03 -1.70926797e+02 1.36987010e+01
 -1.32521575e+00 2.55010732e-03 1.85557116e+00 3.48815503e-03 6.14079119e+02 1.37000056e+01
 9.29846819e+00 1.40978092e-02 -7.45417662e-02 1.34269806e-02 -1.73839185e+02 1.37020477e+01
 1.70450153e+01 -1.36043020e-03 2.39799732e-01 4.69742451e-03 -1.28044349e+02 1.37032342e+01
 -2.86271506e+01 -3.07426315e-03 -1.11359268e+00 3.16965826e-03 1.20606731e+02 1.36944179e+01
 -1.36647293e+01 8.34090428e-03 2.57533494e-01 -3.38581551e-03 -2.01913471e+02 1.36973976e+01
 -1.67774636e+01 -3.38488721e-03 9.96095026e-01 5.21269178e-03 -2.43515566e+02 1.36966269e+01
 -9.32774545e+00 9.00900040e-03 2.05462741e+00 4.11476374e-04 1.24320379e+02 1.36984994e+01
 -4.32926329e+00 -1.51059498e-04 -8.87928749e-01 -2.31689418e-03 1.94553214e+02 1.36991986e+01
 5.72699276e+00 2.29259972e-03 1.08826877e+00 -5.42859509e-03 -2.85719464e+02 1.37007792e+01
 1.20023102e+01 4.76587140e-03 4.68207010e-01 1.87837930e-03 -1.00685457e+02 1.37021564e+01
 -6.65306204e+00 -1.14318139e-03 7.80772040e-01 -4.00409002e-03 1.94373602e+02 1.36988505e+01
 -6.82658620e-01 -4.29264402e-03 -2.04880884e+00 -1.78980047e-02 -1.63430921e+02 1.36997627e+01
 8.22235025e+00 7.78300789e-03 3.36125809e-01 1.60207107e-02 2.06005579e+02 1.37017035e+01
 2.92748444e+00 -1.18751495e-04 8.76473226e-01 -8.10447875e-03 -4.28693903e+02 1.37004978e+01
 4.13720493e+01 -2.72044749e-03 -9.07398636e-02 6.75870783e-03 -1.50297585e+01 1.37078493e+01
 -1.25156905e+01 -5.04822806e-03 1.96627522e+00 1.79096401e-03 1.82389920e+01 1.36975624e+01
 3.25436050e+00 -3.21582948e-03 -6.96439755e-01 -2.25499293e-03 -8.03836316e+00 1.37007463e+01
 6.47013467e-01 8.39884353e-03 -4.45945021e-01 6.46312957e-03 -2.08544457e+02 1.37000645e+01
 -2.20058270e+01 6.46362423e-03 -1.32485546e+00 -1.99420904e-03 8.18066624e+01 1.36955056e+01
 1.50796131e+01 1.02106101e-02 2.21624132e-01 7.45891581e-03 4.70730449e+02 1.37030088e+01
 -1.71416094e+01 -6.20818553e-03 -1.35292686e+00 -4.06035565e-03 2.79184899e+02 1.36967394e+01
 1.08107626e+01 -6.95820375e-03 2.03215442e+00 -9.42667284e-03 -1.81175711e+02 1.37016858e+01
 -7.82592010e+00 7.47639729e-03 -1.92499244e+00 -4.97947811e-03 -2.99254355e+02 1.36985928e+01
 -5.09838093e+00 3.04670258e-03 -1.88188628e-01 5.88715895e-03 3.18508427e+02 1.36993471e+01
 -1.66267959e+01 1.03310305e-03 1.95200728e+00 3.89875678e-04 -2.89553809e+02 1.36967134e+01
 -1.24498979e+01 6.78605310e-03 -2.03375936e+00 -5.57261966e-03 -1.41124259e+01 1.36976521e+01
 -2.88945342e+00 -2.90047204e-03 1.22527962e+00 1.42277933e-02 6.45525169e+01 1.36992943e+01
 -2.41726623e+01 3.97672435e-03 4.33500803e-01 2.89201916e-03 2.30801600e+02 1.36952915e+01
 1.42930294e+00 2.19455090e-03 6.11991378e-01 -7.77026499e-03 1.91365547e+02 1.37006140e+01
 -9.76216174e+00 1.05441743e-02 3.22636709e-01 -4.14800360e-03 -4.48666356e+01 1.36979699e+01
 -6.18738270e-01 -1.47214346e-03 -1.33316448e-01 8.27283292e-03 1.66447221e+02 1.37001997e+01
 -4.40756459e+00 6.93709388e-03 1.65962314e+00 -4.14982885e-03 8.20924998e+01 1.36989820e+01
 -8.16816976e+00 -4.57618161e-03 -6.32928043e-01 9.73659070e-03 -8.57395437e+01 1.36985910e+01
 -2.16516005e+01 -1.72931708e-03 8.36675702e-03 8.92231052e-03 2.73467278e+02 1.36955728e+01
 -2.84188455e+00 -1.11050019e-02 2.32249831e+00 6.17544975e-03 -1.76002852e+02 1.36996515e+01
 -1.59105431e+01 -1.21852385e-02 -1.28634866e+00 -5.79384280e-03 2.60611439e+02 1.36970798e+01
 -1.37808668e+01 -3.87177936e-04 1.56470219e+00 -4.51643275e-03 3.51111677e+02 1.36973534e+01
 -3.24159548e+00 -5.40724365e-03 -3.60522477e-02 -5.71848490e-03 2.93777069e+01 1.36995391e+01
 -2.92087337e+01 1.33027643e-03 5.16269770e-01 2.07735756e-03 5.79469203e+02 1.36943959e+01
 -1.55555175e+01 -9.92155850e-03 -8.67359707e-01 -7.40730298e-03 -4.64148015e+02 1.36966978e+01
 1.68996093e+01 1.51169661e-03 3.96384410e-01 2.34765791e-03 1.27080717e+02 1.37034066e+01
 -1.36368670e+00 -1.20217402e-02 -7.89633500e-01 -8.35919799e-04 5.35901662e+02 1.36998839e+01
 -1.53267456e+01 4.07612031e-03 -9.74589598e-01 4.31077330e-03 2.78146535e+02 1.36966711e+01
 2.68318331e+00 -1.27827893e-03 -1.51043823e+00 -1.21229619e-02 3.54179083e+02 1.37008913e+01
 -1.54472139e+00 7.79564418e-03 1.38711306e+00 6.75541221e-03 2.77194339e+02 1.36996024e+01
 1.32487430e+01 -6.12581003e-03 -5.47280855e-01 -1.48385539e-02 -3.20807983e+02 1.37026991e+01
 -2.02840848e+01 -9.13025058e-03 -1.01166056e+00 -6.15326237e-03 1.93739082e+02 1.36960339e+01
 1.11292896e+01 -3.34526054e-03 7.59849596e-01 4.18117670e-03 7.11562792e-01 1.37024659e+01
 2.87073929e+01 -8.61268186e-03 -1.50544179e+00 4.30295173e-04 -3.68634957e+02 1.37058360e+01
 -1.32837767e+01 -9.48782364e-03 -3.03816789e-01 3.31983533e-03 9.51469910e+01 1.36974728e+01
 1.16496356e+01 5.78346245e-03 -4.52188760e-01 -1.18306451e-02 -1.85255313e+02 1.37022051e+01
 2.18811855e+01 1.09599261e-03 -1.84126479e+00 -1.03039702e-02 -4.76168419e+02 1.37042036e+01
 -6.64047405e+00 -4.83884475e-03 1.86018602e+00 4.43598483e-03 2.30920887e+02 1.36986649e+01
 -9.54025429e+00 1.35101813e-02 1.15302551e+00 2.94680296e-03 -3.67197097e+02 1.36983047e+01
 1.27933596e+01 1.03314052e-02 1.94646602e+00 4.71469027e-03 2.03741106e+02 1.37026560e+01
 -1.62325329e+01 1.40913734e-03 1.66293448e+00 5.23310303e-04 -2.08099714e+02 1.36968589e+01
 -1.03892648e+01 -1.89007846e-03 8.24574966e-02 5.46626285e-03 1.21461792e+02 1.36980441e+01
 7.64154664e+00 1.12765530e-04 -1.15375361e+00 3.93308774e-03 2.45703690e+02 1.37017014e+01
 -5.88658586e+00 5.66713982e-04 -1.65816904e-01 -5.96280739e-03 -1.26436599e+02 1.36986565e+01
 -1.34575968e+00 -1.09668445e-03 -8.91982314e-01 -6.54837566e-03 -9.37892810e+01 1.36995926e+01
 7.28857211e+00 1.15267260e-02 5.11796028e-01 8.50324866e-04 -4.13466673e+02 1.37013702e+01
 7.89035547e+00 2.80748548e-03 -1.30158941e-02 8.37569417e-03 1.95921698e+02 1.37017458e+01
 3.96811033e+01 1.87429050e-04 3.24578457e-01 4.63087820e-03 -1.92069957e+02 1.37076336e+01
 -1.91413841e+01 -1.52057664e-02 8.06349744e-01 -1.44528882e-03 -1.56514832e+02 1.36959781e+01
 -1.46345825e+01 1.42914055e-04 -6.91811602e-01 -1.29095916e-02 5.12608046e+02 1.36969470e+01
 -8.06951939e+00 8.80760933e-03 2.03221578e+00 1.49588404e-03 9.39239319e+01 1.36984225e+01
 -3.75675129e+00 1.15763396e-02 -5.31788293e-01 -1.63902246e-03 -3.40076702e+02 1.36993178e+01
 -1.23936086e+01 3.69126028e-03 -9.46568396e-01 2.44372136e-03 -2.05752999e+02 1.36973980e+01
 -2.23349947e+00 2.66216977e-03 3.68007460e-01 -8.59526759e-03 1.23982327e+02 1.36994917e+01
 1.15708640e+01 1.26054278e-02 -1.35621965e+00 -6.22126678e-03 -4.55389367e+01 1.37023185e+01
 1.07955650e+01 2.29743118e-03 6.92302089e-01 -3.75395054e-03 -4.98456872e+02 1.37022107e+01
 1.07415820e+01 -3.66445803e-03 1.60529997e-01 6.25253175e-03 -2.25258738e+02 1.37018342e+01
 -1.91998030e+01 -8.66969002e-04 -2.87083084e+00 -5.48579478e-03 2.59993795e+02 1.36958490e+01
 -1.42043329e+01 1.07190058e-02 1.24354637e+00 -4.28201464e-03 4.46579305e+02 1.36973242e+01
 2.39093535e+01 1.10300602e-02 -2.57285498e-02 4.57790973e-03 -1.84217480e+02 1.37048031e+01
 4.88880027e+00 -2.61595401e-03 1.03137714e+00 -9.76554314e-03 -8.87695743e+01 1.37013757e+01
 1.02093077e+01 -1.56062736e-02 1.23960981e+00 -2.19530200e-03 -2.22565090e+02 1.37017664e+01
 3.35826333e+00 -4.32493888e-03 4.62226452e-01 -3.04813419e-03 -5.77524159e+01 1.37005552e+01
 2.31765393e+00 8.58934854e-03 9.47164240e-01 -1.35195576e-03 -1.24263951e+02 1.37002602e+01
 9.03207460e+00 8.37220993e-03 2.83164445e-01 -3.86777333e-03 -3.28078925e+02 1.37021657e+01
 -2.91545582e+01 -8.40027310e-03 5.39395447e-02 9.12285341e-03 -7.93251103e+02 1.36943537e+01
 -1.10180948e+01 -2.64650552e-05 -7.50767415e-02 -8.78024266e-03 -6.72019610e+02 1.36980030e+01
 2.34218270e+01 7.89134016e-03 2.38765227e+00 4.19266343e-03 3.71003389e+02 1.37043442e+01
 1.68005770e+01 -5.65155487e-03 1.07876545e-01 2.70297482e-03 -6.91179895e+01 1.37034319e+01
 -7.67458556e-01 8.75621870e-03 1.08457465e+00 4.64617416e-03 -2.16897855e+02 1.37000366e+01
 1.15235104e+01 3.22136419e-03 -1.54926393e+00 7.27615153e-03 6.95913707e+02 1.37021605e+01
 1.28137663e+00 4.15189527e-03 -9.84722015e-01 -5.09761193e-03 -4.11281948e+00 1.37002359e+01
 1.60106711e+01 -5.03119818e-03 2.03354011e-01 3.27272915e-03 -6.89845259e+01 1.37032911e+01
 6.88604909e+00 -7.25230529e-03 3.55524120e-01 6.06506461e-03 1.82795923e+02 1.37012096e+01
 1.02817135e+01 7.55820002e-04 -5.73110431e-01 -2.25315069e-03 -1.12269622e+02 1.37021777e+01
 3.35869198e+00 -1.23516441e-02 2.99623206e-01 6.86760707e-03 -7.52787775e+01 1.37008115e+01
 -2.75269796e+00 -5.11610127e-04 -1.03826946e+00 8.34826336e-03 1.73208302e+02 1.36996193e+01
 -2.23166311e+01 -3.10596565e-03 -1.67357484e+00 1.34557417e-02 3.01089419e+02 1.36957291e+01
 2.40312181e+00 1.29697479e-03 1.02603544e+00 7.83488778e-04 -3.58990121e+02 1.37003282e+01
 -2.50467321e+01 -3.02947355e-03 2.07890954e+00 1.16290494e-03 -2.84676441e+02 1.36950591e+01
 -9.01513734e+00 1.30851958e-02 -3.09266422e-01 3.33041807e-03 -1.81839471e+01 1.36979711e+01
 -2.37118590e+00 1.80234013e-02 1.18212687e+00 3.47602992e-03 1.77580992e+02 1.36991236e+01
 1.31638919e+01 5.46819737e-03 -4.48436802e-01 -5.32593168e-03 7.15296151e+01 1.37022811e+01
 -1.36906007e+01 -1.34740008e-02 3.75116122e+00 6.21594089e-03 3.37161900e+02 1.36973913e+01
 6.33410559e+00 -2.20037903e-03 6.71790123e-01 -1.62075995e-03 2.22813067e+02 1.37011303e+01
 -3.36777813e+00 6.90353756e-03 -6.14602429e-01 -8.35266810e-04 5.79151945e+02 1.36993597e+01
 1.23106883e+01 -1.19612725e-02 1.03186791e-01 8.45901200e-03 -1.01061707e+02 1.37026483e+01
 -8.99736627e+00 5.06325332e-03 2.63794086e-01 -3.27083740e-03 -3.30124068e+02 1.36981473e+01
 2.24211272e+01 2.30854100e-03 -1.25503013e-01 3.15103049e-03 2.99436046e+02 1.37041325e+01
 2.14834699e+01 -2.84163838e-03 4.85661497e-02 3.51394174e-03 -1.61509579e+01 1.37041924e+01
 3.78903311e+00 -1.35117106e-02 1.12006920e+00 4.95254748e-03 3.35038480e+02 1.37008460e+01
 -3.88836896e+00 3.82829978e-03 -1.12720381e+00 -1.01664058e-02 1.13933995e+01 1.36993441e+01
 -2.21859313e+01 4.88849311e-03 7.32319529e-01 6.30506136e-03 4.18461957e+02 1.36958745e+01
 1.78645451e+01 -1.77665033e-02 -4.90245940e-01 -1.08542176e-03 5.10810386e+02 1.37034262e+01
 1.49255295e+01 9.05333504e-03 7.60830933e-01 1.77948989e-03 -4.91397709e+02 1.37029210e+01
 -1.38368553e+00 1.25188315e-02 -6.77965137e-01 -1.22910435e-02 -2.29512804e+02 1.36997998e+01
 -1.18995579e+01 -7.65672609e-03 -4.30305762e-01 -3.13163014e-04 2.09004889e+02 1.36973448e+01
 -4.70854725e+00 1.53837880e-02 -1.31205492e+00 -1.70246580e-02 -1.05944010e+02 1.36988825e+01
 6.74971874e-01 8.21889238e-03 -1.89586587e+00 8.98965591e-03 -1.32528495e+02 1.36998838e+01
 2.72037221e+01 -8.10955355e-03 -6.26682356e-01 2.86210137e-03 4.04902406e+02 1.37057220e+01
 -1.68473924e+01 -7.22471277e-04 -2.50866719e+00 4.14289080e-03 1.36783505e+02 1.36967480e+01
 -1.63740566e+01 -2.01558863e-03 -9.71030923e-01 -1.10269061e-03 2.24699418e+02 1.36964221e+01
 -1.51465151e+01 1.48070351e-02 3.18326201e-01 2.28046146e-03 -1.39610149e+02 1.36968646e+01
 -1.34530681e+01 -1.94974181e-03 1.47165714e+00 -5.39299117e-03 -7.01985710e+01 1.36973395e+01
 -1.39009656e+01 3.85383703e-03 2.47158355e-01 1.61978336e-03 -2.25023038e+02 1.36970257e+01
 -8.95286886e+00 1.28232634e-02 -1.13169686e+00 2.71343636e-03 -2.81617776e+02 1.36983090e+01
 1.89907103e+01 1.15260617e-02 -4.85193680e-01 -5.94947190e-03 5.72079907e+01 1.37038986e+01
 -1.02494546e+01 -4.46433602e-03 6.47299322e-01 2.18502031e-03 7.36324400e+00 1.36978188e+01
 1.12463708e+01 -6.59022705e-03 1.60224027e+00 2.20808575e-03 6.30231749e+02 1.37023975e+01
 -4.83395629e+00 -1.90620767e-03 -5.02697463e-02 -5.46657201e-04 7.53868123e+01 1.36990428e+01
 8.71346596e+00 1.56855823e-04 -1.11803606e+00 1.90374596e-03 -2.70572982e+01 1.37017508e+01
 2.52594724e+00 7.87408880e-03 -6.98524392e-01 -1.25323344e-03 -2.02604613e+02 1.37007935e+01
 -7.63907717e+00 -3.56096114e-03 8.92935448e-01 1.99220268e-03 -8.01092285e+01 1.36989089e+01
 1.26355368e+01 -9.21818685e-03 -3.34394081e-01 9.35130247e-03 8.78403261e+01 1.37025956e+01
 -6.65281889e+00 -7.14266222e-03 1.31326790e+00 3.39433129e-03 -4.47129777e+01 1.36986140e+01
 2.34540724e+01 2.60405998e-03 2.52341651e+00 4.39388697e-03 -1.71207036e+02 1.37049148e+01
 -2.65850154e+00 -4.63127657e-03 -1.73125491e+00 4.38088292e-04 2.77726326e+02 1.36992673e+01
 -7.55282284e+00 -7.26654453e-03 1.44102782e+00 -3.62263802e-03 3.97427951e+02 1.36986824e+01
 3.25759984e+00 -7.17734790e-03 5.98347629e-01 1.09505775e-03 -1.47050669e+02 1.37007920e+01
 -5.98354531e+00 -6.37046141e-03 -2.70416067e+00 3.65174495e-03 4.36819652e+01 1.36987425e+01
 5.72366462e+00 -1.06698918e-03 -1.81894350e-01 4.51335683e-03 4.15084702e+02 1.37013881e+01
 1.79423141e+01 1.24324507e-02 2.81077671e-01 -1.29029875e-02 1.78398620e+02 1.37033154e+01
 -1.34315945e+01 -2.88580655e-03 2.72305586e-01 5.68890631e-03 4.62474891e+02 1.36976694e+01
 -2.36066827e+01 -6.15412261e-03 1.12981726e+00 -3.57457252e-04 -1.71325798e+02 1.36954215e+01
 -3.60128067e+00 6.42761848e-03 9.71736818e-01 -2.22361086e-04 4.42734960e+02 1.36992967e+01
 4.84470614e+00 3.10634979e-03 9.55160535e-01 3.90890372e-03 -2.51596814e+02 1.37009412e+01
 1.21918299e+01 7.49823906e-03 2.27305646e+00 -6.99248345e-03 5.82263559e+02 1.37023873e+01
 1.48971230e+01 1.89392632e-03 8.39864920e-01 -5.99996728e-03 -1.26316017e+02 1.37031991e+01
 -8.26872212e+00 1.23204900e-02 1.58342278e-01 5.38650409e-03 -2.70896467e+02 1.36981689e+01
 -1.92658573e+00 1.87566650e-03 -2.66575386e+00 3.31953765e-03 -2.88937180e+02 1.36996513e+01
 -1.38046693e+00 4.14031601e-03 1.78061175e+00 8.19538939e-03 1.98935338e+02 1.36995507e+01
 -1.37384487e+01 -2.63224877e-03 2.32335889e+00 3.18600073e-03 -4.30924999e+02 1.36970347e+01
 -1.84125930e+01 1.22892033e-03 -6.71932740e-01 1.41791247e-04 7.48718878e+02 1.36962712e+01
 9.42898829e+00 1.84468177e-03 1.02226637e+00 2.99718449e-03 -2.03365588e+02 1.37019517e+01
 1.92881674e+01 -6.35394410e-03 1.29581843e+00 -1.28234022e-02 -1.99528673e+02 1.37038691e+01
 5.22853680e+00 -7.64923159e-03 3.18413347e-01 7.30677863e-03 -3.44228359e+02 1.37009087e+01
 1.65033115e+01 2.97427748e-03 7.37951194e-01 -6.30192299e-03 -2.12872316e+02 1.37031983e+01
 -4.27959433e+00 9.71352571e-03 -2.65340774e-01 -8.75347961e-04 4.07301753e+02 1.36992022e+01
 3.87081247e+00 -6.62873271e-03 6.22441935e-01 2.26085088e-03 -1.52206761e+02 1.37008057e+01
 -4.71077340e+00 3.56673885e-03 7.56749499e-02 -4.77119256e-04 -3.14297329e+02 1.36992203e+01
 1.20077678e+01 3.08711986e-03 1.48328832e+00 -1.00742615e-02 -4.63565841e+01 1.37022783e+01
 3.63242952e+00 1.28065741e-03 2.37379537e+00 2.32624826e-03 8.90295889e+01 1.37006359e+01
 5.46254879e+00 -1.26284339e-03 1.08797067e+00 -5.50869411e-04 -6.48296958e+02 1.37010499e+01
 -1.58247133e+01 -2.08521583e-03 1.41677813e+00 5.82027737e-03 1.68206630e+01 1.36967977e+01
 -7.80601812e+00 -4.46896707e-03 -1.73137372e+00 -7.63107660e-03 1.88591168e+01 1.36983108e+01
 9.64851901e+00 -7.93222625e-03 1.95679659e+00 -3.47878434e-03 -2.27094994e+01 1.37016514e+01
 3.11671347e+00 7.51342006e-03 -1.05583971e+00 -1.22891493e-03 1.01341776e+03 1.37002826e+01
 -7.57190257e+00 1.16192613e-02 -6.30601043e-01 5.28952863e-03 2.00489476e+02 1.36986251e+01
 2.84232884e+01 1.20569784e-02 -3.07986480e-02 1.07762419e-02 2.77058958e+00 1.37054404e+01
 -8.05770261e+00 -1.34616181e-02 -7.73561724e-01 5.14655966e-03 2.01265210e+02 1.36982487e+01
 1.15893040e+01 -2.03317501e-03 -1.75709331e+00 -2.63046495e-03 3.31593196e+02 1.37024514e+01
 -9.98876237e+00 -1.28268878e-03 1.25276444e+00 -1.56519839e-03 2.12442211e+02 1.36981217e+01
 -3.35464004e+01 1.02175308e-04 -7.83494468e-01 -7.67799074e-03 -2.73182570e+02 1.36933576e+01
 -1.84723941e+01 1.48683677e-03 -3.30585379e-02 -6.97579445e-03 -3.49794868e+02 1.36965165e+01
 -1.65496596e+01 -1.61486728e-03 -2.77744531e+00 -5.64357566e-03 -2.41387450e+02 1.36968925e+01
 1.44834458e+01 8.60829746e-03 3.05841546e-01 2.35607940e-03 -2.30622140e+02 1.37022238e+01
 -5.06390064e+00 6.38138465e-04 2.01823283e+00 4.14333391e-03 4.08126815e+02 1.36987662e+01
 2.20124174e+01 9.50012537e-03 3.57130997e-01 9.54349322e-03 4.02393474e+02 1.37045257e+01
 -1.72652047e+01 -3.45352094e-03 1.72753696e+00 2.29599178e-03 1.73329213e+02 1.36964907e+01
 -1.19879604e+01 1.68186003e-03 -7.79363142e-01 1.53814998e-03 3.09251613e+02 1.36975448e+01
 1.95338668e+01 4.47219976e-03 -5.25128587e-01 3.44059773e-03 3.61517846e+02 1.37035384e+01
 3.24759225e+00 -1.45904198e-02 -4.27768820e-01 -4.29308385e-03 -2.13984598e+02 1.37007122e+01
 4.53850009e+00 6.89551994e-03 -5.81183954e-01 -8.25852735e-03 -1.45014312e+02 1.37010389e+01
 -5.53582497e+00 -4.00054115e-03 -1.49202932e+00 -6.96860830e-03 -2.17271876e+02 1.36990385e+01
 -1.94414005e+00 1.46685236e-02 -7.08136354e-01 -4.31243520e-03 1.15401921e+02 1.37000321e+01
 -1.52246588e+01 -4.97091831e-04 2.69583633e-01 -1.31283257e-03 3.59419417e+02 1.36968363e+01
 -8.06341013e+00 1.08454334e-02 -2.04694723e+00 -2.48442562e-03 5.40140639e+02 1.36986460e+01
 -1.77240562e+01 -5.79565580e-03 -1.87307861e-01 6.71082392e-03 -4.65470566e+02 1.36964831e+01
 -7.31694608e+00 -7.30769317e-04 -7.09867518e-01 -5.67855638e-04 -1.28148720e+02 1.36982751e+01
 -1.90609637e+00 -3.30239196e-03 -1.22223059e+00 -1.61653167e-03 3.65751303e+02 1.36996077e+01
 -6.50639199e-02 -1.20359996e-02 1.24688048e+00 3.33578527e-03 -3.63988783e+01 1.37001753e+01
 5.76229992e+00 -1.58668747e-02 -2.19014905e-01 -4.73227751e-04 8.92398421e+01 1.37014112e+01
 1.26802910e+00 -3.70273217e-03 -6.79736325e-01 3.90028597e-03 -2.21533224e+02 1.37002284e+01
 -1.25634541e+01 -1.91051426e-02 1.63049187e+00 -7.31803522e-04 1.78544420e+02 1.36974898e+01
 -1.66231743e+01 1.23271123e-02 2.63866894e+00 7.60534497e-04 1.64820354e+02 1.36970534e+01
 1.24825783e+01 1.15642250e-02 6.47117724e-01 2.09722526e-03 3.11633430e+02 1.37023955e+01
 1.18962032e+01 1.04540661e-02 -1.39368656e+00 1.52352482e-03 -3.60972360e+01 1.37023155e+01
 -1.21154610e+00 7.87290641e-03 -1.15189191e+00 -1.46057299e-02 -2.97967682e+02 1.36995616e+01
 5.77137107e+00 8.93966747e-03 9.98919190e-01 -1.23909327e-02 4.65815815e+01 1.37013024e+01
 2.58458407e+01 -9.47060435e-03 -1.10899234e+00 -2.99981532e-03 -1.64711085e+02 1.37048482e+01
 -9.71512859e+00 -2.46351102e-03 -6.00707500e-01 -1.76555912e-03 7.43705096e+02 1.36982012e+01
 3.39803015e-01 2.86600871e-03 8.62257230e-01 2.24758674e-03 6.86650656e+01 1.36998192e+01
 1.86434284e+01 -1.69516121e-03 -1.01939325e+00 4.20554815e-03 3.90562214e+02 1.37035111e+01
 2.75041844e+01 9.84209533e-04 -2.69162517e+00 -5.92697873e-03 9.19938751e+01 1.37055882e+01
 -5.70042657e+00 -4.33007492e-03 9.18157618e-02 -2.97056392e-03 1.78040074e+02 1.36991464e+01
 1.76839811e+01 -4.90208680e-03 -7.56870148e-01 1.28451037e-02 5.29369376e+02 1.37035405e+01
 1.75391223e+00 -1.16621486e-02 -7.03661207e-01 -1.48793745e-03 -5.49203447e+00 1.37002722e+01
 1.31411018e+01 -1.23088918e-02 -3.33908981e-02 -4.40171522e-03 7.12505131e+01 1.37024136e+01
 1.17566215e+01 1.08816871e-02 -1.73940942e-02 -2.50619008e-03 -2.69322166e+02 1.37021689e+01
 3.22532998e+00 -7.37304449e-03 8.83071983e-01 -1.07250493e-02 -3.24247444e+02 1.37004928e+01
 -2.03967626e+01 -3.09738300e-03 -2.03611308e+00 -2.26745055e-03 2.31266543e+02 1.36960741e+01
 1.71108364e+01 3.36472781e-03 -4.81513270e-01 -1.58474609e-04 1.84695784e+02 1.37031737e+01
 -5.02239315e+00 7.61805900e-03 -8.96279827e-01 3.70272806e-03 -1.91893870e+02 1.36989463e+01
 -1.76054746e+00 2.53752068e-03 -3.68708710e-01 6.13366202e-03 -3.36956634e+02 1.36994355e+01
 -3.80412403e-02 -3.41791280e-03 -1.44292401e+00 -5.99999696e-03 5.81257829e+02 1.37002885e+01
 -4.39311313e-01 2.51242198e-03 7.04336228e-01 5.02527618e-04 -1.90587269e+02 1.36999090e+01
 2.28739083e+01 -1.42483062e-02 -9.06790120e-01 5.50077216e-03 -3.00580094e+02 1.37047991e+01
 -5.78738206e+00 2.02794268e-03 -1.91531098e-01 1.98536103e-03 7.16380655e+01 1.36988511e+01
 4.78055914e+00 -4.64650964e-03 -1.61313544e+00 -1.07225301e-02 -3.25713109e+02 1.37009678e+01
 9.58400301e+00 -8.39689404e-03 7.15657148e-01 8.17092762e-03 -9.16736161e+01 1.37020473e+01
 2.55905342e+00 -7.67769354e-03 -4.07284368e-01 -1.11376184e-02 4.89736307e+02 1.37002673e+01
 -1.82351362e+01 -1.91426139e-03 -2.36961984e-03 -6.94640850e-03 -1.10146051e+01 1.36965649e+01
 9.69682025e+00 6.88106529e-03 -4.46966470e-01 5.40559530e-04 -4.29185278e+00 1.37019103e+01
 7.63067472e+00 1.89096096e-03 -7.20116159e-01 -7.08474679e-03 5.40865492e+01 1.37017940e+01
 -2.53539147e+00 6.05881061e-03 2.71522429e-01 2.31529254e-03 -1.47625866e+02 1.36996739e+01
 -2.93198745e+01 9.61384962e-03 -7.29965565e-01 -4.69526848e-03 -2.42457195e+02 1.36940215e+01
 1.40768764e+00 2.36140920e-03 2.47838525e+00 -1.56298834e-03 1.80626313e+02 1.37002125e+01
 -5.89122522e+00 -2.98750552e-03 -1.09510256e+00 1.04816745e-02 -5.75901650e+02 1.36989112e+01
 8.91655299e+00 7.94775663e-03 -2.92620109e-01 2.43022145e-03 -3.31525905e+02 1.37015807e+01
 -1.80303519e+00 -4.94793444e-04 2.43426936e+00 2.22759158e-03 -3.33923574e+01 1.36997432e+01
 -1.57740552e+00 -3.24272733e-04 -1.34926188e+00 -2.31530241e-03 -3.20035802e+01 1.36997417e+01
 -4.02789348e+00 9.01869603e-03 -1.36887380e-01 8.04963456e-04 -5.00972620e+02 1.36993151e+01
 -1.34981523e+01 9.38963322e-04 -3.22262302e+00 -1.88454941e-03 -1.04131867e+02 1.36974536e+01
 -6.94908938e+00 -8.53084404e-03 -1.73161335e+00 1.97083928e-03 -1.46146736e+02 1.36988866e+01
 1.08060578e+01 6.42984319e-04 -2.49960310e-01 -1.99799744e-03 2.61211968e+02 1.37024781e+01
 1.34833139e+00 9.28289332e-03 -3.12024022e-01 3.29456612e-03 4.07174989e+02 1.37003455e+01
 3.00429862e+00 9.83606318e-03 -2.27809395e-01 -1.28842946e-03 -7.59869575e+01 1.37010424e+01
 -7.30982168e-03 -5.90685854e-04 7.99434699e-01 1.40370191e-02 2.20187441e+02 1.37001943e+01
 -1.06891999e+01 -1.32909069e-02 3.04749135e+00 -5.53650675e-03 1.61350181e+02 1.36979808e+01
 -1.70599541e+01 1.70368555e-03 -5.04780408e-01 3.58468182e-03 -5.89263361e+01 1.36963034e+01
 1.67246125e+01 -1.84320983e-03 -4.24208880e-01 -1.13111199e-02 -2.14977633e+02 1.37034136e+01
 -1.01764765e+01 5.38679585e-04 -6.33435759e-01 -5.38519065e-03 -7.43101271e+01 1.36979592e+01
 -1.69666649e+01 1.20301153e-02 -6.11913645e-01 -1.54103229e-03 -7.45818392e+01 1.36966290e+01
 -1.54014204e+01 -7.61418144e-03 -1.03598155e+00 5.10617310e-03 -4.17944680e+01 1.36968317e+01
 2.81039266e+01 -1.24781593e-03 6.77410406e-01 -9.36113494e-03 1.71842608e+02 1.37055216e+01
 4.09250566e+00 -2.96289856e-03 2.15853395e+00 6.91979868e-03 8.42485448e+00 1.37010455e+01
 -1.09082142e-01 -1.14299753e-02 2.12761620e+00 -1.70746556e-03 -9.30456918e+01 1.36998682e+01
 2.43789721e+01 1.31887823e-02 -5.20741512e-01 8.83458082e-04 -1.36535318e+02 1.37050966e+01
 6.37162987e+00 -5.24752872e-03 -2.55667069e+00 1.72957107e-03 -1.84107868e+02 1.37014738e+01
 -1.62635327e+01 -1.02496857e-02 2.57356973e+00 -4.46230680e-03 -1.24422087e+02 1.36967241e+01
 1.06627996e+01 2.41397539e-03 -9.46135336e-01 3.82133632e-03 -1.27931986e+02 1.37019885e+01
 -2.31562387e+01 2.64539269e-03 -6.26896213e-01 -2.57066046e-03 2.79477882e+02 1.36953410e+01
 -1.99613260e+01 2.02628011e-03 7.06726838e-01 -1.83360302e-03 -2.81369738e+02 1.36960953e+01
 -2.35092928e+01 1.94799259e-03 1.86212241e+00 -2.57915496e-03 -5.88383500e+01 1.36954842e+01
 2.71604479e+00 -2.91141295e-03 -1.09283776e+00 -3.67013255e-03 -2.32603957e+02 1.37004335e+01
 8.39294548e+00 -1.38713109e-03 8.94795349e-03 -5.42416854e-03 -4.28677856e+02 1.37017120e+01
 2.14899684e+00 9.99770196e-03 7.52517971e-01 3.74999811e-03 -5.98825986e+02 1.37003533e+01
 -1.44437655e+01 6.29464340e-03 -9.92423531e-01 -4.54402154e-03 -2.73589987e+02 1.36967769e+01
 -4.33812926e+00 4.04025620e-03 1.37527777e+00 6.26164858e-03 3.14371670e+02 1.36989768e+01
 -5.43912372e-01 7.22835297e-03 5.50663227e-01 8.17805798e-04 1.17775284e+01 1.36996455e+01
 2.88955678e-01 2.61038276e-03 2.96963763e-01 1.04623168e-02 -9.92558264e+01 1.36999709e+01
 -1.01501882e+01 1.17370342e-02 4.90414185e-02 -1.10426681e-02 -2.62729008e+02 1.36980015e+01
 -1.45204113e+01 -1.00364357e-03 1.63588440e+00 -5.59039324e-03 -5.83032784e+01 1.36969527e+01
 2.41671386e+00 -1.77096512e-03 1.31342804e+00 -5.81516787e-03 2.98949363e+02 1.37003924e+01
 -3.17157339e+01 -4.02000701e-03 -7.67990353e-01 5.47034871e-04 -9.93802742e+00 1.36937262e+01
 1.22635473e+01 9.81948608e-03 -2.28234860e+00 1.13696076e-02 1.23966072e+02 1.37024159e+01
 -1.01951854e+00 -8.31984509e-03 1.16458002e+00 -2.14179846e-03 -3.50570382e+01 1.36997688e+01
 1.09335960e+01 -1.37991774e-03 -3.14790124e-01 -9.95410444e-03 6.11859938e+01 1.37020359e+01
 4.11819309e+01 1.43685282e-02 2.43787561e-01 -4.96910094e-03 -2.10067228e+02 1.37083566e+01
 4.27915311e+00 7.91193856e-03 -1.81496926e+00 1.17455981e-03 -9.29794920e+01 1.37010495e+01
 -7.91433165e+00 -2.39416414e-03 -3.94287275e-01 7.94575182e-03 -8.39491353e+00 1.36985166e+01
 -2.64650498e+01 1.60415747e-04 1.39263810e+00 3.38966328e-04 2.09744418e+02 1.36947836e+01
 1.15864903e+01 8.29833863e-03 1.03100361e-01 -1.76711975e-03 4.62144424e+01 1.37022022e+01
 8.38339491e-01 -1.25741386e-02 1.11077685e+00 5.15314255e-03 -8.00612637e+01 1.37005663e+01
 -1.45469773e+01 3.06197476e-04 5.90601256e-01 1.33059928e-03 3.47118856e+02 1.36970477e+01
 1.62985885e+01 4.32777710e-03 3.18609176e-01 -1.13070261e-03 1.05992788e+01 1.37033769e+01
 -1.45194421e+01 -4.10993330e-03 4.64814181e-01 1.13831624e-02 2.79610932e+02 1.36969169e+01
 2.09362330e+01 3.71867037e-03 7.96828991e-01 -1.42328061e-02 5.15016714e+01 1.37040743e+01
 -2.16553077e+01 -5.86491640e-03 1.24006085e+00 -9.61828735e-03 5.80522355e+02 1.36957997e+01
 -3.29630584e+01 -2.32994042e-03 -1.54363699e+00 3.82848983e-03 6.22287372e+02 1.36936978e+01
 -1.77673911e+00 -5.10551940e-03 1.29708349e+00 7.24298029e-03 -8.86482425e+01 1.36997795e+01
 3.96804230e-01 1.07261303e-02 -1.04869544e+00 -1.01935197e-02 -3.12172528e+02 1.37001098e+01
 -1.79112766e+01 -2.49352138e-04 -2.35109190e+00 -1.49892710e-03 1.62697249e+01 1.36963450e+01
 -9.32107537e+00 -7.95031742e-03 -2.41292065e+00 -4.11465964e-03 -3.80954772e+02 1.36977019e+01
 2.89280736e+01 -1.44485325e-03 -5.29876071e-01 -6.02146050e-03 -5.71256997e+02 1.37055040e+01
 9.14141930e+00 -4.69685715e-03 5.58441672e-01 -1.09430526e-02 6.29709717e+01 1.37014061e+01
 5.43982648e+00 -2.79019952e-03 -3.06117666e-01 7.19814025e-03 -1.02870513e+02 1.37011082e+01
 -1.10681823e+01 -8.77336322e-03 -2.83109158e-01 5.23840449e-03 2.44791421e+02 1.36976909e+01
 -3.79533244e+00 6.90430455e-03 1.18054628e+00 8.33793094e-03 -5.01204098e+02 1.36993337e+01
 1.36416714e+01 2.92342101e-03 6.49777722e-01 -3.02638738e-03 2.65662736e+02 1.37027481e+01
 -8.78265919e+00 -1.56727515e-03 1.14835895e+00 1.04575670e-02 5.09973818e+00 1.36984177e+01
 3.07495352e-01 -3.22355268e-04 2.19698603e-02 2.47206413e-03 -5.26954468e+01 1.36999197e+01
 -1.87826239e+01 8.19860173e-03 -1.32389092e-01 2.38058614e-03 5.48711555e+02 1.36960454e+01
 6.25735774e+00 -2.56332651e-03 -6.54578475e-01 9.22332125e-03 -2.60307778e+01 1.37010980e+01
 1.33444543e+01 6.99835009e-04 1.20053095e-01 -9.27329327e-04 7.14741613e+01 1.37029037e+01
 -2.66291045e+00 2.96456954e-03 -2.42712603e-01 -1.12432509e-03 -1.50453320e+02 1.36997571e+01
 -5.41446314e+00 -1.02625008e-02 2.34680006e+00 -5.27060676e-03 -1.91336012e+02 1.36986534e+01
 3.62264128e+00 4.98445963e-03 5.78539975e-01 8.70306367e-03 1.30129862e+02 1.37008823e+01
 -2.65646334e+01 4.50261717e-03 6.96809294e-01 8.00759232e-03 -6.19070427e+01 1.36946517e+01
 -1.38912488e+01 2.44939294e-03 2.00782096e-01 5.86242769e-03 -8.59529202e+01 1.36972080e+01
 -7.77938656e+00 2.77052195e-03 -2.28355793e-01 5.01311280e-03 8.33002904e+00 1.36990551e+01
 -2.37754046e+01 -1.02396063e-02 5.85840349e-01 4.01892106e-03 5.57175441e+01 1.36953366e+01
 1.34922119e+01 6.44049845e-03 2.65141448e+00 -1.16398774e-02 1.30966190e+02 1.37025800e+01
 -2.05925406e+01 -8.79461166e-04 5.59418364e-02 5.24931936e-03 2.69519988e+02 1.36958423e+01
 2.09014936e+01 3.55972893e-03 9.24373985e-01 2.77014209e-03 -2.72909210e+02 1.37043735e+01
 1.37964711e+01 4.33591612e-03 -1.87018840e+00 5.23917425e-04 3.65824618e+02 1.37025903e+01
 -6.50387107e+00 7.27892735e-03 -8.63208150e-01 1.54994174e-03 -2.77460215e+02 1.36985365e+01
 1.60446685e+01 1.92937521e-03 -6.00738661e-02 3.65878008e-03 -5.39826693e+02 1.37030855e+01
 3.05182625e+00 1.41573391e-03 -2.24296321e-03 7.75561046e-03 -2.99597846e+02 1.37007930e+01
 -4.63728498e+00 -3.97525658e-03 -1.61879530e+00 -1.33970887e-03 -2.09057464e+02 1.36990620e+01
 1.28343986e+01 -1.31673687e-02 1.75055099e+00 2.05488030e-03 1.63963901e+02 1.37023896e+01
 -1.06996881e+01 1.69692730e-03 -1.67263712e-01 -9.48806185e-04 4.50740457e+00 1.36976464e+01
 -1.23359553e+01 7.01729300e-03 6.36768166e-01 -7.85804794e-03 -9.25221840e+01 1.36975403e+01
 4.29910497e+00 1.08333870e-02 -1.73584105e+00 -5.55949974e-03 5.14391713e+02 1.37008679e+01
 8.88380528e+00 5.85049448e-04 -8.75583835e-01 3.56212597e-03 1.07615897e+00 1.37016546e+01
 -2.87425094e+01 2.94229262e-03 7.74926449e-01 -1.15645169e-03 -1.05651356e+02 1.36941340e+01
 -8.41656217e+00 4.24084510e-03 -2.29151750e+00 6.63582652e-03 -2.11281353e+02 1.36982568e+01
 3.39490508e+01 -9.94021998e-03 9.56765474e-01 -1.13283442e-02 -1.25754845e+02 1.37068523e+01
 6.09761807e+00 -1.20507569e-03 -8.45931221e-01 1.35163335e-03 1.87709145e+02 1.37012284e+01
 4.22332377e+00 -5.17207274e-03 4.71166947e-01 8.58309425e-03 -3.39766575e+02 1.37009366e+01
 9.44247718e+00 1.03749094e-02 -2.05678495e-01 -2.97312904e-03 -4.63646512e+02 1.37018472e+01
 1.36363820e+01 4.56847391e-04 -9.98777625e-01 8.88140009e-03 -2.47594088e+02 1.37028298e+01
 4.94554113e+00 1.51333423e-02 -1.57967256e+00 1.59890718e-03 1.02827308e+02 1.37009302e+01
 -3.78427044e+00 -1.34773036e-02 4.19388083e-01 -1.32090052e-03 -6.06905437e+02 1.36992118e+01
 8.40924720e+00 1.36540563e-02 8.00044283e-01 1.43161563e-03 3.36437222e+02 1.37016611e+01
 -1.97280147e+00 3.80907059e-03 -2.14074547e+00 2.25548228e-03 -3.53846310e+02 1.36996570e+01
 1.59555248e+01 7.56310470e-03 8.27394678e-01 -2.79204679e-03 -8.24624574e+01 1.37030692e+01
 1.68102054e+01 6.83915091e-03 -6.98519011e-01 3.82009258e-03 1.63636904e+02 1.37032953e+01
 -1.80823411e+01 -9.79636544e-03 1.75256692e+00 4.89601343e-03 -4.38750461e+02 1.36962831e+01
 9.58374877e+00 -8.22160759e-03 1.27908221e-01 -4.50970990e-03 4.05701927e+02 1.37019063e+01
 -2.58048240e-01 -9.69827250e-03 -2.18752397e+00 1.60897074e-03 3.50119509e+02 1.36998968e+01
 -1.07527516e+01 -6.75725352e-03 -2.76001944e-02 5.14392431e-03 -6.08351069e+02 1.36976396e+01
 -9.04297659e+00 1.93930757e-03 1.75593012e+00 -3.67084723e-03 5.21211558e+01 1.36984067e+01
 2.16826096e+01 1.69447235e-02 1.74435583e+00 -3.04954278e-03 -1.39826466e+02 1.37043650e+01
 -3.81179102e+00 -1.29306433e-03 2.06927990e+00 -2.17330282e-03 3.45816638e+01 1.36993479e+01
 1.07466039e+01 -3.42077263e-03 -7.85840294e-01 2.93692930e-03 -3.49484553e+02 1.37020042e+01
 -9.25756820e-01 -6.91733091e-03 -1.81698515e-01 -2.07653110e-03 -1.79261327e+01 1.36998419e+01
 3.08162079e+00 -9.82769894e-03 1.02524886e+00 6.69515644e-03 -1.33134876e+02 1.37004965e+01
 1.21235464e+01 -4.19855689e-03 -5.63135327e-01 -8.69648850e-03 5.29311367e+02 1.37024753e+01
 -3.39211973e+00 -9.78259595e-04 2.01216763e-01 3.30092809e-03 2.10669039e+02 1.36994336e+01
 1.38481357e+01 -1.06641022e-02 9.75564050e-01 -1.01418769e-03 -8.78437195e+01 1.37024353e+01
 -1.00174497e+01 -9.23692347e-03 -1.17488715e+00 1.92021487e-03 -5.02222184e+02 1.36979966e+01
 -7.03481094e+00 -1.41199278e-02 -4.31921059e-01 1.89937283e-03 -4.50401048e+02 1.36985604e+01
 1.13315672e+01 -2.68584762e-03 5.82098092e-01 5.09741935e-03 -9.14058644e+01 1.37023466e+01
 -3.19406651e+00 -6.76520674e-04 -1.73781804e+00 -8.04583850e-03 6.71334146e+02 1.36995565e+01
 1.92194551e+00 1.77857342e-02 -1.73002641e+00 -4.38054194e-03 -1.66143419e+02 1.37001121e+01
 4.91447687e+00 -2.40229323e-03 -1.31748105e+00 -5.74583430e-03 2.68565115e+01 1.37010496e+01
 1.33474896e+01 -2.33636303e-03 5.48061629e-01 1.19778246e-02 -9.19004147e+01 1.37027755e+01
 -7.64644956e-01 8.79073612e-03 -8.78152526e-01 -3.18224443e-03 -9.89219122e+01 1.36999786e+01
 2.00132296e+01 3.28139052e-03 -6.39107184e-01 -2.72293655e-04 -1.07769889e+02 1.37037728e+01
 2.97892881e+00 1.80879878e-04 -4.46189114e-01 -3.42652756e-04 4.30034033e+02 1.37007112e+01
 1.26908207e+01 4.77876948e-03 1.82115194e-01 -1.70916567e-03 4.10098287e+02 1.37025876e+01
 -9.50130878e+00 5.64687909e-03 1.25938305e+00 -1.12071811e-02 2.16583414e+02 1.36981759e+01
 -1.33614896e+01 8.79648802e-03 1.79333133e+00 8.16069616e-03 3.00958134e+02 1.36974283e+01
 2.35952283e+01 2.51473008e-03 -9.15183520e-02 1.02670132e-02 4.87237446e+02 1.37045748e+01
 1.64572495e+00 -1.18213943e-02 -2.20605576e+00 -4.67016198e-03 9.29790318e+01 1.37003475e+01
 -1.23229753e+01 1.22790433e-02 6.63512515e-01 7.59846904e-03 5.76670392e+01 1.36976478e+01
 1.57681214e+00 -3.59881903e-03 -1.65511069e+00 2.03180689e-03 -1.69801741e+02 1.37004448e+01
 -1.29114006e+01 -1.75939168e-02 -5.08427995e-01 -8.12916666e-03 -4.82429234e+02 1.36974702e+01
 8.75790025e-01 -1.04797025e-03 -1.47931126e+00 -1.47356213e-03 4.84136319e+01 1.37002989e+01
 2.34482780e+01 1.28104762e-03 1.10189441e+00 -5.07256113e-03 -5.42572311e+01 1.37044980e+01
 -6.42251464e+00 1.16318240e-03 8.67292155e-01 -8.23507465e-03 4.17606296e+02 1.36990566e+01
 2.04488866e+01 -1.12557872e-02 1.60196882e-01 -2.73645807e-03 -6.21367863e+02 1.37040116e+01
 3.73138766e+00 -9.46902208e-03 1.64664204e-01 3.76647468e-03 -2.36869828e+02 1.37006267e+01
 6.76661329e+00 -2.47404488e-03 1.15742487e+00 7.06996516e-03 3.66033033e+01 1.37014656e+01
 1.59520107e+01 7.81650579e-03 1.96029165e+00 -2.82111330e-03 -2.89871445e+02 1.37032048e+01
 2.10784194e+01 2.65196038e-03 4.36080330e-01 6.71640719e-03 5.24075274e+01 1.37041157e+01
 1.00674550e+01 5.43660684e-03 -8.60894539e-01 6.66012994e-03 2.86231792e+02 1.37018751e+01
 5.20139101e+00 3.29411792e-03 -2.18885403e+00 1.97427049e-03 -3.37122711e+01 1.37008655e+01
 -2.07453248e+01 -1.03421795e-03 -2.71756813e+00 5.76650599e-03 1.23313270e+02 1.36958144e+01
 -1.06919529e+00 -2.41238734e-03 -1.03008697e+00 -3.56675997e-03 -7.20461479e+01 1.36996086e+01
 1.25696159e+01 2.42410738e-03 1.43135618e+00 -7.16468428e-03 1.25844729e+02 1.37024336e+01
 2.30849334e+01 2.68257917e-03 3.02225396e+00 -6.28603041e-03 4.76464505e+02 1.37048627e+01
 -3.58605845e+00 4.30326093e-03 -1.54679828e+00 -5.77561877e-03 6.17955454e+02 1.36994178e+01
 2.99798423e+01 8.54245905e-03 -1.31344722e+00 -3.09069818e-03 9.74102243e+01 1.37060245e+01
 -2.06301277e+01 -6.99512848e-03 7.33218297e-01 -1.87366309e-03 -7.17588496e+01 1.36957806e+01
 1.53336457e+00 -1.59855258e-02 -6.82165892e-01 -5.74522580e-04 -1.95896276e+02 1.37001197e+01
 -3.50354502e+00 6.95283860e-04 2.36997258e+00 1.95634713e-03 2.52018852e+01 1.36995178e+01
 -3.26546346e+00 -9.63195267e-04 1.50029146e+00 -7.13383961e-03 -3.53877015e+02 1.36996325e+01
 1.31277045e+00 3.26527648e-03 -5.25958696e-02 9.78099797e-04 -3.78046380e+02 1.37002324e+01
 1.81841210e+01 1.82634668e-03 -1.34682951e+00 -5.92584843e-03 -2.41419079e+01 1.37035817e+01
 -9.68893845e+00 1.04361199e-02 -2.03510708e+00 -1.32641409e-03 5.83080647e+01 1.36982399e+01
 7.23311321e-01 -1.93625379e-03 -6.32815460e-01 -2.12056199e-03 4.19556890e+01 1.37004421e+01
 1.82209456e+01 6.11869229e-03 -6.35750603e-01 -3.53136800e-03 1.56686227e+01 1.37035388e+01
 1.83742504e+01 -9.20358489e-03 -2.02036743e-01 1.32168021e-03 2.52102105e+02 1.37034404e+01
 -1.81481965e+01 3.37457736e-04 -7.64390871e-01 -5.22581403e-03 3.85598456e+02 1.36959150e+01
 1.70925892e+01 1.48921095e-02 1.00747070e-01 3.51183853e-03 1.97525733e+02 1.37037081e+01
 -2.96741594e+01 1.23600797e-02 1.60101379e+00 5.60391347e-03 -3.35300255e+02 1.36944279e+01
 -8.46734968e+00 -5.56605733e-03 5.52754188e-01 4.99084889e-03 3.72772748e+02 1.36981659e+01
 6.69402699e+00 -1.86603411e-03 -8.86482252e-01 8.69895786e-03 3.61584645e+02 1.37013142e+01
 -1.98242282e+01 -9.79685996e-03 1.59104179e+00 -5.28302322e-03 -1.37332082e+02 1.36959284e+01
 2.36924353e+00 -1.01876770e-02 1.28251768e-01 -3.60264036e-03 -2.38759606e+02 1.37004473e+01
 8.61003937e+00 -1.93076627e-03 1.81373413e+00 -2.66733826e-03 -5.82775092e+02 1.37021412e+01
 2.26456797e+01 -2.95136547e-03 2.81145594e-01 5.22942627e-03 -5.32022608e+02 1.37042734e+01
 2.06519386e+01 6.35643543e-03 -1.64993693e+00 1.51720066e-03 -5.04968982e+01 1.37040511e+01
 -5.95936448e+00 6.95721413e-03 -1.23455135e+00 7.25862639e-04 -9.73624908e+01 1.36985667e+01
 1.83695417e+01 4.20901331e-03 8.45221514e-01 3.07557840e-04 2.62926536e+01 1.37037587e+01
 9.67972740e-01 8.45414339e-03 6.93408932e-01 -4.07123250e-04 6.28392818e+02 1.37003141e+01
 -1.50555990e+01 8.76820201e-03 1.43721834e-01 -5.91080577e-03 2.23745540e+02 1.36970623e+01
 1.10852738e+01 -3.89754447e-03 3.31548528e-01 -5.36720115e-03 -2.51523454e+02 1.37022888e+01
 -1.56512337e+01 4.75286278e-03 4.43927421e-02 3.58234606e-03 1.44702432e+02 1.36968753e+01
 -2.75898375e+00 1.41341502e-03 2.21870234e-01 3.20859322e-03 1.21071599e+02 1.36995039e+01
 7.32341411e+00 -8.19026665e-03 3.82816063e-01 -8.52112644e-03 7.48457600e+01 1.37013796e+01
 1.72804145e+01 -5.91685583e-03 6.01966739e-02 2.77627271e-03 -3.29118082e+02 1.37032080e+01
 -1.01456652e+01 8.06801998e-03 -6.40630398e-01 4.85132561e-03 1.13345074e+02 1.36982868e+01
 -1.17876412e+01 1.10983175e-02 7.43957232e-02 -2.59328831e-04 3.81451569e+01 1.36977777e+01
 1.84796373e+01 -1.20924189e-02 5.14345227e-01 5.03070701e-03 4.84816114e+02 1.37036563e+01
 7.58027814e+00 -7.90219106e-03 -1.04629782e+00 -1.10554495e-02 7.00005733e+01 1.37013762e+01
 -5.85980497e+00 1.45421433e-02 1.67228173e+00 1.44946155e-03 4.38142012e+01 1.36986941e+01
 -3.31079464e+00 1.71436575e-03 -3.88669799e-01 8.88043287e-03 -4.99292582e+01 1.36993206e+01
 -6.95000044e+00 -3.15224091e-03 1.57072761e-01 1.56736772e-03 -7.18858238e+01 1.36987059e+01
 -2.05803432e+01 3.56398375e-04 -4.44807449e-01 -6.58482915e-03 -1.29845207e+02 1.36957810e+01
 -1.46321593e+00 6.11523678e-03 -1.23067942e+00 -1.63611741e-03 1.29182078e+02 1.36996387e+01
 -1.66621739e+01 -9.22208793e-03 1.19728004e+00 1.73500801e-03 2.39669046e+02 1.36964287e+01
 2.36198969e+01 4.11350246e-03 1.36466101e-01 1.31885191e-02 -6.65636328e+02 1.37048301e+01
 -9.21711303e+00 -1.08552772e-02 -1.96161720e+00 -9.03940158e-04 9.09266501e+01 1.36980015e+01
 -1.04559123e+01 -3.64876872e-03 -4.21057318e-01 -5.30937779e-03 -3.24774199e+02 1.36977804e+01
 -1.68688632e+01 4.09030230e-04 2.52336476e-01 -5.75828523e-03 -3.70051387e+01 1.36966537e+01
 -2.29758760e+01 3.49743706e-03 1.01638958e+00 -6.14449090e-03 5.04773866e+02 1.36951386e+01
 -4.38580210e+00 1.03060731e-02 -6.57919397e-01 -3.54824165e-03 -2.02443070e+01 1.36994074e+01
 2.15014869e+01 7.72925264e-03 4.45692840e-01 2.61140045e-03 -3.42015079e+02 1.37041902e+01
 1.24408570e+01 -2.69646268e-03 -7.63451810e-01 -2.47809909e-04 -1.14477670e+02 1.37028080e+01
 1.04404710e+01 4.28378806e-03 -1.24051491e-01 2.35809539e-03 -6.37370891e+01 1.37020498e+01
 1.13098886e+01 6.78200588e-03 6.62534013e-03 -3.00731327e-03 -1.02282373e+02 1.37022760e+01
 4.28330308e+00 2.85662017e-03 1.13615651e+00 -7.47190216e-04 -3.33984306e+02 1.37010085e+01
 2.38831823e+01 -1.18066908e-02 -1.45154516e+00 -3.21736355e-03 6.68923351e+00 1.37049746e+01
 -3.34354397e-01 1.73957779e-04 -1.00136677e+00 -3.48851349e-03 4.38966231e+02 1.36996448e+01
 -6.23364869e-01 -6.29686265e-03 6.69147013e-01 -1.44236026e-03 -1.80692396e+02 1.36999128e+01
 -2.38693827e+01 -9.08861223e-03 1.04501918e-01 -6.91432732e-03 -5.50386147e+02 1.36951083e+01
 -1.97823957e+01 -5.03381621e-03 9.91998174e-01 -1.01513667e-02 -1.76187454e+02 1.36959726e+01
 2.37248821e+01 1.94356735e-04 1.11092200e-01 -5.97056628e-03 -2.35513227e+02 1.37047180e+01
 -3.02628486e+01 7.56509800e-04 -7.37737043e-01 5.48906657e-04 -1.78592266e+01 1.36940468e+01
 -4.25220550e+00 -2.60371180e-03 2.21339968e+00 -2.40179878e-03 -6.20653555e+02 1.36994429e+01
 2.22946574e+01 -1.94364769e-04 1.76475649e+00 -3.04008463e-03 2.55397509e+02 1.37047562e+01
 -1.51010216e+00 -1.92562982e-03 -3.70317618e-01 -6.98153558e-03 1.05918240e+02 1.36997515e+01
 -2.24221020e+00 -5.90003467e-03 1.10179755e+00 9.02117319e-03 3.04996174e+02 1.36993547e+01
 7.64404841e+00 6.87730163e-06 -4.23352488e-02 -1.15253145e-04 3.07177473e+02 1.37015729e+01
 -1.29994455e+01 -6.59514631e-03 1.40929561e-01 8.97901556e-03 -1.09378481e+02 1.36974341e+01
 2.27109768e+01 -3.05811982e-03 1.11680635e+00 -5.67821689e-03 -1.95753121e+02 1.37046806e+01
 1.21731569e+01 1.64467148e-04 9.00365358e-01 -4.72880766e-04 -5.81426703e+01 1.37024229e+01
 6.09940173e+00 7.34656966e-03 1.13479153e-01 3.21870548e-03 -8.57238901e+01 1.37015645e+01
 -3.26529838e+00 -5.83459283e-03 1.78641394e+00 6.96793286e-03 -7.66731655e+01 1.36994834e+01
 1.54651272e+00 -1.07218381e-02 -1.73018935e+00 -5.72573272e-03 2.77239460e+02 1.37001177e+01
 5.81779415e+00 -9.31684545e-03 -5.93925417e-01 1.44001133e-02 -1.65311887e+02 1.37012487e+01
 -6.24110924e-01 3.59295716e-03 -2.21212554e-01 -2.86804229e-03 -3.45169260e+02 1.37000039e+01
 3.22055019e+00 1.66559561e-02 -1.83767078e+00 -3.94674882e-04 5.93854063e+02 1.37008125e+01
 -3.95428205e+00 1.57089429e-02 2.12600368e+00 -4.33566746e-03 4.44509280e+02 1.36987260e+01
 -1.74368951e+01 1.65788288e-02 2.34714778e-01 -1.58879243e-03 -1.51459589e+02 1.36963672e+01
 2.37440028e+00 -9.37018282e-03 -8.45096598e-01 9.20332907e-03 -2.78629518e+01 1.37005966e+01
 1.18121510e+01 5.90676930e-03 1.66765269e+00 7.53507706e-03 -2.72542764e+02 1.37025291e+01
 -2.84092460e+00 1.35082166e-03 5.90413719e-02 3.58272695e-03 -1.37373523e+02 1.36994566e+01
 -3.08901137e+01 7.18337443e-03 -9.95318563e-01 1.16271498e-02 1.17384199e+02 1.36938880e+01
 -1.02976422e+01 8.78885069e-04 -2.25711473e-01 -3.44342154e-03 1.92265774e+02 1.36980524e+01
 1.20382858e+01 3.29933865e-04 -1.56146158e+00 7.80917102e-03 -1.03135933e+02 1.37023028e+01
 6.73492053e+00 3.54061374e-03 7.60942693e-01 -1.93108795e-03 -2.61548300e+02 1.37012912e+01
 -1.49243498e+01 -1.04822147e-03 -1.02530464e+00 -1.05399173e-02 -2.89074163e+02 1.36970797e+01
 1.72880156e+00 8.90768470e-03 -9.16476468e-01 -6.49952006e-03 -1.36900769e+02 1.37004598e+01
 7.93242879e+00 1.88044829e-02 -6.96580410e-01 1.13577585e-03 -1.20701250e+02 1.37017431e+01
 -9.49392504e-01 -5.00221873e-03 2.19560421e+00 1.15644063e-02 -2.68383177e+02 1.36997694e+01
 -9.28208613e+00 -1.39021096e-03 3.69349573e-01 2.66983356e-03 3.59057563e+02 1.36980259e+01
 1.43834829e+01 5.92691288e-03 1.17851999e+00 3.53954214e-03 -1.23799874e+02 1.37026338e+01
 4.40950353e+00 -9.78379906e-03 2.33391263e+00 -3.44363263e-03 -1.55428932e+02 1.37008672e+01
 -1.40594440e+00 -3.61406990e-03 1.64658772e+00 1.13082864e-03 -9.95755959e+01 1.36994674e+01
 1.49970800e+01 5.01296210e-03 -1.61691561e+00 -8.56625617e-03 3.05466163e+02 1.37029805e+01
 -2.01351599e+01 8.55413871e-04 1.72213295e+00 3.68574519e-03 -6.77654635e+02 1.36960691e+01
 5.33842386e+00 -4.19985688e-03 -4.11351763e-01 -2.38543787e-03 -3.28142938e+02 1.37009633e+01
 -4.87570765e-03 2.34132779e-03 -1.49136233e-01 -1.20018639e-02 1.54626104e+02 1.37000416e+01
 -4.34874328e+01 -4.09824815e-03 1.09203787e-01 -2.38808640e-04 2.85977092e+02 1.36915000e+01
 2.54852002e+01 -4.73470987e-03 -1.55226567e+00 3.52512498e-03 1.40374138e+02 1.37053909e+01
 1.67733400e+01 -3.14521990e-03 6.17467402e-01 2.75735459e-04 2.28723699e+02 1.37031214e+01
 -4.81148130e+00 -2.28861542e-03 2.45650096e-01 4.06928674e-04 1.23672825e+01 1.36987184e+01
 6.67290155e+00 2.55599513e-03 1.78083390e+00 -7.23995168e-03 2.73531889e+02 1.37010764e+01
 1.33342971e+01 -1.83410529e-02 -8.50846586e-01 -3.53498871e-03 2.94082626e+02 1.37028909e+01
 -8.79799018e+00 1.17706511e-03 -1.42249405e+00 2.27631759e-03 -3.04874087e+01 1.36984305e+01
 -1.08590462e+00 2.42620584e-03 8.34507669e-01 -2.41414315e-03 5.56797847e+02 1.36997503e+01
 -1.35577937e+00 3.51233523e-05 -8.57439279e-01 -1.48199138e-03 -1.40303836e+02 1.36996457e+01
 1.86824096e+01 -2.94584262e-03 1.49561910e-02 1.36207747e-02 2.77576142e+02 1.37036850e+01
 -1.89066538e+01 1.60513114e-02 1.30512170e+00 3.75001382e-03 -3.43467729e+02 1.36961009e+01
 -1.18979272e+01 -7.25129830e-03 4.29554171e-01 -7.91985600e-04 -3.70760466e+02 1.36978993e+01
 8.70494191e+00 -3.12459549e-03 -1.14577822e+00 -1.68241946e-04 -9.04458793e+00 1.37014722e+01
 -3.05158406e+01 2.09183068e-03 -6.11104063e-01 -1.35062227e-03 1.75309701e+02 1.36941525e+01
 -1.70226900e+01 -9.75870934e-03 1.29394019e+00 1.60102508e-03 2.21688479e+02 1.36967128e+01
 3.65883058e+00 -1.61311116e-03 1.13676394e+00 -3.44139993e-03 9.33438774e+01 1.37007056e+01
 3.04738054e+00 -4.00926591e-03 -2.00832916e+00 -1.40555313e-03 -6.77769085e+02 1.37006389e+01
 -2.51660144e+01 -2.19100810e-03 9.28115245e-01 -1.02606646e-02 -1.28197938e+01 1.36951511e+01
 -2.34153284e+00 -1.37637753e-02 5.86481145e-01 8.80466867e-03 -7.06147602e+01 1.36995579e+01
 -1.58954714e+00 -1.17703467e-03 -1.39572653e-01 -1.49692563e-02 -1.20680704e+02 1.36996183e+01
 6.19758193e+00 3.88570998e-03 -7.62525139e-01 -5.42068601e-03 -9.08131791e+01 1.37013710e+01
 3.43271524e+01 -9.55457558e-03 5.45925689e-01 3.28549152e-03 3.90945728e+02 1.37066567e+01
 1.93632856e+01 -2.85956137e-03 1.05317677e+00 8.90371883e-03 -1.35846287e+02 1.37038189e+01
 2.32623984e+01 -1.47844918e-03 6.38230359e-01 5.69741476e-03 -1.03223988e+00 1.37044933e+01
 -2.59236028e+01 -1.11897308e-03 -1.52241885e+00 5.17154631e-03 3.42860928e+02 1.36950902e+01
 4.30848170e+00 -8.00208152e-03 -1.69393869e+00 -4.48506569e-03 -2.77180957e+02 1.37010303e+01
 1.78554682e+01 -4.87381093e-03 -1.23525232e+00 4.80606516e-03 -1.68150265e+02 1.37036747e+01
 2.22640820e+01 7.62378621e-03 -2.60197238e+00 -2.82662491e-03 1.69756888e+02 1.37044053e+01
 3.17362519e+00 7.88815377e-03 -5.77489087e-01 -8.72748063e-03 1.91695664e+02 1.37004038e+01
 5.12303913e+00 3.97445398e-03 -1.26660659e-01 -1.73650331e-03 -6.49411237e+01 1.37012021e+01
 -1.47836324e+01 2.39911347e-03 -8.98869600e-01 -4.17939042e-03 -3.45720161e+02 1.36971963e+01
 1.14849556e+01 1.35056320e-02 -9.93771618e-01 1.25542812e-03 3.95819428e+01 1.37021868e+01
 4.04074490e+00 -4.18427460e-03 -1.15500956e-01 -5.27017437e-03 -1.39314815e+02 1.37007183e+01
 -1.40157409e+00 -3.13364176e-03 3.27021534e-01 1.64034508e-03 -1.91469305e+02 1.36992899e+01
 1.05326646e+01 2.30942506e-03 -3.09337282e-01 2.98486909e-03 5.56485093e+02 1.37020750e+01
 -3.98605823e+01 7.20003800e-04 3.80926648e-01 -8.18367300e-03 -4.54332146e+02 1.36921707e+01
 9.06960419e+00 2.13288868e-03 2.37564244e-01 5.06557927e-03 -1.16564716e+02 1.37019485e+01
 -1.63157751e+01 -3.70636356e-03 1.61021678e+00 -2.65309876e-03 1.42699333e+02 1.36966134e+01
 2.74141600e+01 7.97303441e-03 1.49236455e+00 -4.91958439e-03 1.94496254e+02 1.37052974e+01
 -1.40834417e+01 -1.79281076e-03 1.36862501e+00 -2.57060053e-03 1.11710702e+02 1.36974204e+01
 1.89684961e-01 9.70687246e-03 6.87991710e-01 -7.12846654e-03 1.32673411e+02 1.37000959e+01
 -1.16914317e+01 -3.09835831e-03 -7.86426257e-01 8.47786207e-03 8.26007752e+02 1.36975053e+01
 3.95698127e+00 3.96385429e-03 7.09164173e-01 -2.62181104e-03 4.65665647e+01 1.37007200e+01
 5.79462724e+00 3.65260889e-03 2.75825205e-01 8.75241196e-04 1.12973155e+02 1.37010508e+01
 -5.15935654e+00 1.35810210e-03 2.52568156e+00 -5.06931348e-04 2.99069604e+02 1.36989601e+01
 -3.52896134e+01 -1.34969393e-02 -1.14093152e+00 -1.10000122e-03 2.69418795e+02 1.36928759e+01
 1.23784350e+01 -3.94433122e-03 1.47920575e+00 -7.85302999e-03 -2.14533254e+02 1.37024486e+01
 -1.32019379e+01 3.89245560e-04 2.41103133e-01 -2.47286689e-03 -1.06474679e+02 1.36974328e+01
 -2.46388353e+00 -6.63315413e-03 -1.58211907e+00 -4.20486063e-04 3.49454837e+02 1.36996302e+01
 -2.33708281e+01 3.59616031e-03 3.43457478e-01 -8.16855405e-03 -1.90411558e+02 1.36953100e+01
 -2.25873992e+01 -1.71717326e-03 1.08682946e+00 -4.38820773e-03 3.54472864e+02 1.36955401e+01
 -2.41951233e+00 -4.76283583e-03 -9.95026332e-01 -3.53889614e-03 -6.99665242e+01 1.36995673e+01
 1.53103042e+01 1.40061828e-03 1.14006141e+00 4.61343735e-03 -2.14588025e+02 1.37032166e+01
 2.88579045e+01 2.39524410e-03 2.24028010e+00 7.51561797e-03 1.05097856e+01 1.37060173e+01
 6.12066095e+00 -8.85854102e-03 1.71263689e-01 3.16075326e-03 2.96025622e+02 1.37015234e+01
 1.21728827e+01 2.67924953e-03 -7.65138827e-01 2.25109518e-03 2.31336137e+02 1.37028160e+01
 1.24111429e+01 1.24080185e-03 7.24779553e-01 -5.67960741e-03 -1.12103334e+02 1.37029032e+01
 -5.53548964e+00 1.17827409e-03 -2.03221839e-01 -1.17823313e-02 -2.64364126e+02 1.36992420e+01
 -1.85117366e+01 -1.15110034e-02 1.07195129e+00 -7.32681407e-03 -2.21078289e+02 1.36966661e+01
 -7.46758111e+00 1.49174178e-02 -5.13123174e-01 -4.62544037e-04 3.47427594e+01 1.36981950e+01
 -1.12549231e+01 9.78488301e-04 -2.26318046e+00 -2.96800251e-03 -6.32255798e+02 1.36978581e+01
 -7.31158273e+00 2.28712700e-04 -8.69534642e-02 6.32198288e-03 -3.38051173e+02 1.36988199e+01
 1.53380861e+01 1.01701560e-02 -4.46077247e-01 -3.66606167e-04 1.57089666e+02 1.37028233e+01
 2.18502067e+01 1.04305065e-02 6.13457597e-01 4.42947030e-04 -4.02003989e+01 1.37042091e+01
 -6.81023354e+00 1.09641744e-02 1.04069834e+00 1.07031272e-02 2.17827848e+02 1.36982341e+01
 2.18650457e+01 -8.81842328e-03 9.32049003e-01 5.44477059e-03 2.15890026e+02 1.37041402e+01
 5.04747350e+00 3.20038532e-03 -2.41954415e+00 2.01469739e-04 1.10969254e+02 1.37010546e+01
 -1.91621377e+01 3.20439199e-03 -5.70959894e-01 -5.19799776e-03 -2.38878982e+02 1.36964673e+01
 -1.55066836e+01 4.25237051e-03 5.11900290e-02 2.39765729e-03 2.88569137e+02 1.36966211e+01
 1.80571738e+01 -1.01855502e-02 1.08232605e+00 -7.59897661e-03 -2.38089951e+02 1.37038205e+01
 -6.20737362e+00 -2.62226503e-03 -9.52078732e-01 -5.11388347e-04 -1.33448469e+02 1.36988369e+01
 -1.01451894e+01 1.15625556e-02 -8.51447913e-01 2.46987323e-03 7.66198593e+01 1.36983939e+01
 1.40100558e+01 4.64829415e-04 -3.32637329e-02 3.31986297e-03 2.71280666e+02 1.37027703e+01
 9.98181900e+00 -8.90970872e-04 4.33344262e-01 1.53576064e-03 2.93535996e+02 1.37020702e+01
 6.72061307e+00 2.22262279e-03 7.62031124e-02 7.75404619e-03 -1.91488699e+00 1.37012357e+01
 -2.31283081e+01 3.46143894e-03 8.29385608e-01 3.24509435e-03 3.03947734e+02 1.36953610e+01
 -1.54339370e+01 7.20744323e-04 -1.31904983e+00 2.26274450e-03 1.53563236e+01 1.36968971e+01
 -1.26624746e+01 5.34349545e-03 8.22183755e-01 -9.27377109e-03 1.50390124e+02 1.36974085e+01
 7.69852167e+00 -2.56467340e-03 1.41422170e+00 1.20103843e-02 3.96465171e+02 1.37012551e+01
 -5.59033161e+00 -8.79537021e-03 6.61036023e-01 9.20850669e-03 -8.36223169e+01 1.36987818e+01
 1.80026270e+01 -5.30557299e-03 1.67920071e+00 -5.69191047e-03 -3.54273820e+02 1.37039161e+01
 1.51212911e+01 -9.40930239e-03 5.31595727e-01 -9.22032360e-03 -1.87882824e+02 1.37030832e+01
 -1.02570132e+01 -7.74885393e-03 -3.58587228e-02 4.58628942e-04 3.55434562e+02 1.36981793e+01
 -3.21416514e+00 2.30656450e-03 -3.06786265e-01 -8.64301344e-04 -2.32198634e+02 1.36997142e+01
 -1.99052855e+01 1.09691328e-02 5.92304339e-01 -1.59498410e-04 5.32885311e+02 1.36959259e+01
 1.43173557e+01 -4.14026986e-03 -1.75045541e+00 3.25148001e-03 2.50610323e+02 1.37025644e+01
 1.30751443e+01 -1.80053162e-03 -1.28808506e+00 -1.52008728e-02 4.31698888e+02 1.37030046e+01
 8.59473507e+00 6.65404879e-03 -2.18264730e+00 -1.07226048e-04 -4.18333786e+01 1.37019628e+01
 -1.14318693e+00 3.18508800e-03 -4.00164095e-01 -1.09006671e-02 2.80347714e+02 1.36997073e+01
 -5.52995895e+00 9.47401838e-03 5.53007548e-01 6.14262857e-03 2.56292442e+02 1.36987605e+01
 -1.71839469e+01 -1.25431739e-02 4.86125011e-01 -9.66660476e-03 -1.50902066e+02 1.36966793e+01
 7.75385799e+00 -1.51460870e-02 -3.19716205e-01 -1.10293526e-02 1.37692748e+02 1.37016100e+01
 -4.97762732e+00 6.66107632e-03 -1.62762851e-01 7.17088538e-03 3.43441988e+02 1.36989244e+01
 -2.28401442e+01 8.03964578e-03 -1.53680020e-01 8.84518817e-03 6.91417832e+01 1.36953940e+01
 -6.70098015e+00 -8.44578902e-03 -2.10817760e-01 -1.18284711e-02 3.26211624e+02 1.36991133e+01
 -1.25452230e+01 -6.86939902e-04 1.03524924e+00 6.26541808e-03 1.90968081e+01 1.36974388e+01
 -1.19832517e+01 -1.09757147e-02 2.12202712e+00 -7.31456164e-03 9.82173938e+02 1.36976687e+01
 -3.09253702e+00 -6.04695256e-03 -1.32756282e+00 -4.02195892e-03 5.43078675e+01 1.36992778e+01
 2.36813684e+01 5.24754868e-03 1.84013008e-01 9.70478931e-03 1.35237382e+02 1.37045319e+01
 1.25000459e+01 -1.73581024e-03 1.07420305e+00 -4.60459972e-03 -1.75743321e+01 1.37027376e+01
 4.44370456e+00 2.91543663e-03 9.22300395e-01 -4.78620939e-03 5.33025435e+02 1.37010431e+01
 9.64337072e+00 5.63915044e-03 1.29117376e+00 -2.29550610e-03 -7.20566994e+01 1.37016380e+01
 -1.48905732e+01 -4.63019016e-03 -6.94287131e-01 -1.00556044e-02 4.08410024e+02 1.36970460e+01
 3.20010802e+01 6.14670775e-03 -3.48635684e+00 -6.84221911e-03 6.80789890e+02 1.37066729e+01
 1.04974012e+01 -3.28725548e-03 1.59555830e+00 -3.28613687e-03 1.80173242e+02 1.37020576e+01
 2.13836475e+01 7.22978417e-03 1.04566347e+00 3.51780619e-03 1.71837846e+02 1.37041661e+01
 1.57898518e+01 -1.11542170e-02 -2.87568259e-01 -4.00733947e-03 -5.48865995e+00 1.37031309e+01
 -6.37992075e+00 8.60192586e-03 -5.77478556e-02 -3.32579448e-03 2.19544407e+02 1.36986878e+01
 -7.91971533e+00 3.37258236e-03 -1.25038299e+00 -4.37560827e-03 -1.08892802e+02 1.36987010e+01
 4.37796835e-02 -2.12017470e-02 1.80854799e+00 6.62636908e-03 1.03564634e+02 1.37002062e+01
 8.98059956e+00 5.41344593e-03 5.35222577e-01 2.37658602e-03 1.30142053e+02 1.37015552e+01
 -1.17257914e+01 -8.26090714e-03 -9.86804879e-02 -1.91663707e-03 -4.99424694e+02 1.36978885e+01
 -1.61536041e+01 -1.46811095e-02 1.25947159e+00 -9.60099616e-03 2.55318555e+02 1.36968927e+01
 1.14267651e+01 1.24021376e-02 -5.68875414e-02 -1.53418425e-03 -2.59886146e+02 1.37023951e+01
 -9.87883349e+00 -4.72906766e-03 4.05795721e-01 4.63334182e-04 -1.70462779e+01 1.36978800e+01
 -1.66754979e+01 7.20295074e-04 -6.51774874e-01 9.00786151e-03 -7.54314345e+01 1.36967675e+01
 2.82721892e+01 -4.28857238e-03 4.52328913e-01 -3.41113021e-03 2.09932559e+02 1.37054114e+01
 6.85583124e+00 -8.52406830e-03 5.35059678e-01 -7.92822718e-03 -7.82795374e+01 1.37012488e+01
 -2.77299447e+01 -5.69728441e-04 -2.17971775e+00 -3.22871657e-03 4.36469664e+02 1.36946881e+01
 -1.71869375e+01 -1.69378952e-03 1.10292660e+00 -1.10308949e-02 2.97486126e+01 1.36968390e+01
 8.94470525e+00 9.73567331e-03 9.36093686e-01 -3.38395609e-03 -9.85292229e+01 1.37017357e+01
 -2.38338978e+01 1.16022054e-02 3.32675830e-01 3.10313763e-03 5.74096016e+02 1.36951424e+01
 5.05786603e+00 8.40895801e-03 -1.84650201e-01 2.38740379e-03 4.23292765e+02 1.37009009e+01
 -1.66646274e+01 2.15391673e-03 1.57468298e+00 -5.24558030e-03 1.86506940e+02 1.36973278e+01
 9.62738266e+00 1.59759767e-02 -1.28369068e+00 -4.57945929e-04 6.26042971e+01 1.37018798e+01
 6.25629078e+00 7.58850096e-03 -1.48631923e-01 -3.18733027e-03 4.38336628e+01 1.37012226e+01
 -3.86204805e+00 5.42892878e-03 -2.06175935e+00 8.63274644e-04 3.06038424e+02 1.36993588e+01
 6.64060176e+00 8.08299007e-03 -5.64829526e-01 -1.40378753e-02 -5.23061446e+02 1.37010552e+01
 1.17923167e-01 2.71197591e-03 9.33814575e-01 7.11789730e-03 8.50436709e+01 1.36998434e+01
 -7.23212913e-01 -1.24958781e-03 4.34244205e-01 1.01840449e-02 2.11768728e+02 1.36998175e+01
 -8.27030876e+00 -6.78389235e-03 -1.32986559e+00 6.21714868e-03 2.55593011e+02 1.36984005e+01
 1.72947257e+01 1.02000483e-02 -8.26484714e-01 -1.24968757e-03 2.68596731e+01 1.37038596e+01
 -9.61239998e+00 5.62172335e-03 1.00688163e+00 6.77478515e-03 -8.64942378e+01 1.36981339e+01
 1.10874167e+01 -4.94704891e-03 1.54993170e-01 2.29082116e-03 1.32424480e+02 1.37023245e+01
 3.37039848e+00 8.26720480e-03 -4.27931868e-01 8.03319752e-03 -1.39900435e+02 1.37008590e+01
 1.63565309e+01 1.15075930e-03 -1.67277570e+00 1.92592435e-02 -1.51770947e+02 1.37030521e+01
 4.37939663e-01 4.34246193e-03 -7.85553852e-01 -3.15753122e-03 4.55542760e+02 1.37002111e+01
 -4.91835394e+00 -1.17921376e-03 1.33491225e+00 1.38686251e-03 7.30835715e+01 1.36990730e+01
 -7.58658642e+00 -2.06067653e-03 5.50027410e-01 -1.09980144e-03 1.58115121e+02 1.36985516e+01
 -1.01275607e+01 -2.54169885e-03 -1.21263693e+00 1.40650415e-02 -4.09218445e+02 1.36979151e+01
 -5.70047306e+00 1.06713518e-02 1.39199920e-01 -5.07302494e-03 -5.55738908e+01 1.36985960e+01
 -1.45677977e+01 -2.11947971e-03 -8.55274217e-01 -1.12758847e-03 -6.47318897e+01 1.36969964e+01
 1.49951337e+01 -1.03277539e-02 2.25103654e+00 -4.25271408e-03 -2.61231540e+02 1.37030576e+01
 -1.48456897e+00 8.51901394e-03 1.28164182e+00 4.28212272e-03 -2.04629581e+02 1.36997478e+01
 -1.33993933e+01 8.50581982e-03 1.50374380e+00 -2.45488935e-03 -3.30784754e+02 1.36973412e+01
 1.67357229e+01 1.24198493e-02 1.23748396e+00 -3.63837240e-03 1.62935209e+02 1.37031657e+01
 -3.57293451e+01 3.62269476e-03 -2.05804173e+00 7.04108227e-03 -3.33894310e+02 1.36931571e+01
 -1.63867135e+01 3.47678857e-04 -2.10471212e+00 -3.43237785e-03 2.84897970e+02 1.36967547e+01
 2.91791284e+00 5.88580048e-03 -5.41955113e-01 4.51923358e-03 -1.74755221e+02 1.37009991e+01
 3.55473432e+00 5.87177077e-03 2.48196706e+00 -4.18798993e-03 -1.18002670e+02 1.37004358e+01
 6.28802945e+00 -6.06914530e-03 -5.47145876e-01 -1.60252520e-03 -5.60702064e+02 1.37013465e+01
 -9.86900078e+00 -1.12480985e-02 -9.74653648e-01 6.73648036e-03 -2.23906260e+02 1.36980359e+01
 1.30657140e+00 1.20765239e-02 -1.70330891e-01 -3.14294119e-03 -1.49512926e+02 1.37000360e+01
 -5.68629556e+00 1.03722354e-02 4.86250725e-01 -1.20844938e-03 -8.65573985e+01 1.36989769e+01
 1.15131715e+01 2.59297139e-03 2.30541752e+00 -7.67737545e-03 1.47989721e+02 1.37022243e+01
 2.47747918e+01 4.81693435e-03 -1.02254367e+00 1.35546219e-03 -1.20980879e+02 1.37048493e+01
 4.27365293e+00 4.38057695e-03 3.26768162e+00 -3.24704586e-03 2.58416045e+02 1.37005579e+01
 2.65938775e+01 -1.48838198e-03 -6.27808146e-01 -8.20843907e-03 -2.06934296e+02 1.37053463e+01
 -3.62525216e+00 -1.02839931e-02 2.28054408e+00 1.63361493e-03 1.22832985e+02 1.36990857e+01
 -3.31768480e+00 -6.13584903e-03 1.73683486e+00 -3.29050839e-04 1.68501559e+02 1.36994886e+01
 -1.86084819e+01 -5.66313620e-03 1.61376865e-01 5.75517124e-04 2.10247160e+02 1.36964459e+01
 -3.02484304e+00 -2.56253372e-04 -1.10104094e+00 5.57093009e-03 3.68155325e+02 1.36992180e+01
 -1.20616294e+01 -2.95767201e-03 -1.37683444e+00 8.56831182e-03 -4.50458550e+02 1.36973888e+01
 -1.06769187e+00 -6.30957451e-03 -5.30174913e-02 -1.02081320e-02 6.66775668e+01 1.36993410e+01
 1.17875102e+01 -1.75850900e-02 3.90702956e-01 -1.59006672e-02 8.74550407e+02 1.37027180e+01
 1.86203483e+01 -4.59235239e-03 -1.24348313e+00 5.69425137e-03 3.01065101e+02 1.37035566e+01
 1.01682188e+01 1.20457564e-03 -5.32668430e-01 -3.37146157e-03 4.60089673e+01 1.37016067e+01
 1.77211089e+01 -1.08128415e-03 -1.10069427e+00 6.08738590e-03 1.57350457e+02 1.37035985e+01
 1.04109193e+01 -1.02151023e-02 7.34827603e-01 -4.60220302e-04 2.51722715e+02 1.37017891e+01
 -8.54563481e+00 -5.81494942e-03 -3.73924934e-02 1.45963196e-03 1.37889380e+02 1.36983307e+01
 -1.49690972e+01 -4.59885978e-03 -6.65367568e-01 6.57402177e-03 -3.80560388e+02 1.36969883e+01
 8.62987173e+00 1.21219544e-02 1.42105361e+00 -6.75886530e-03 -3.98928445e+02 1.37012689e+01
 1.08309522e+00 5.36930993e-03 -8.95162681e-01 -6.72027744e-04 4.11169241e+01 1.36997487e+01
 -2.33318456e+01 -7.30047339e-04 -2.93584308e-02 1.11746678e-02 9.53481049e+01 1.36955981e+01
 1.34408389e+01 -4.50650374e-03 1.44860127e+00 -1.21186756e-03 -3.46776376e+01 1.37026304e+01
 -1.31568150e+01 1.06508703e-02 -4.01451029e-01 3.77150181e-04 4.01438270e+02 1.36975959e+01
 -3.22311603e+00 -2.16309579e-02 1.26134302e+00 -8.05883632e-03 -1.63973765e+02 1.36995653e+01
 -3.09392163e+01 -1.77932333e-03 -2.51764404e-01 -1.17250222e-03 1.24074353e+02 1.36937788e+01
 -1.23138272e+01 6.46917498e-03 -7.24052668e-01 -1.81234791e-03 7.80114006e+01 1.36976600e+01
 2.43139457e+00 -3.38930808e-03 7.54828946e-01 -1.03404806e-03 -2.53234506e+02 1.37001683e+01
 8.72552227e+00 -2.05962710e-04 4.23468215e-01 -1.31233728e-02 -1.72620990e+02 1.37018495e+01
 -1.03844019e+01 -2.66118767e-03 2.49554044e+00 -5.08008106e-03 1.01598840e+02 1.36981102e+01
 -8.38991490e+00 2.33667220e-03 -8.01850658e-01 -4.89708755e-03 2.57232959e+02 1.36983699e+01
 2.50170022e+01 1.45498100e-03 7.42936560e-01 -2.75707354e-03 -3.35971794e+02 1.37050236e+01
 9.98397669e+00 6.16453913e-03 1.23394652e+00 9.33208068e-03 -1.40844018e+02 1.37020786e+01
 -1.92644076e+01 7.33159667e-03 1.44478884e+00 6.56275601e-03 -1.57923206e+02 1.36962961e+01
 -1.29221294e+00 -5.13005418e-04 -8.02251074e-01 -2.47436673e-03 -4.40639465e+02 1.36998305e+01
 -1.89874887e+00 2.96683773e-03 6.05650103e-01 -5.00673574e-03 -5.28442524e+01 1.36997927e+01
 7.61013819e+00 -2.31851787e-03 1.64167619e+00 -1.22247317e-02 -4.13113321e+01 1.37014531e+01
 1.87268481e+00 3.74362173e-03 -1.31068990e+00 -5.75923667e-03 -3.30814425e+02 1.37004061e+01
 -7.46319006e+00 -2.89122655e-03 6.57707671e-01 5.11784146e-03 8.23221745e+01 1.36986965e+01
 -1.62520065e+00 2.16630582e-03 -3.93594746e-01 -1.42690573e-02 -5.22468444e+02 1.36998476e+01
 -2.43108222e+01 1.12874426e-03 -2.68268815e+00 -4.79679738e-03 -5.46297541e+02 1.36952350e+01
 -7.91083674e+00 1.94414093e-03 4.65420696e-01 1.57341304e-04 6.10983828e+02 1.36985167e+01
 -3.15198982e+01 8.88063288e-04 6.95669679e-02 -5.69101578e-03 -1.05360443e+02 1.36936386e+01
 1.30827941e+01 5.32116917e-03 8.77416739e-01 7.27352821e-03 2.36992863e+02 1.37027728e+01
 -1.61665328e+01 -8.13768371e-03 -1.82602975e+00 -2.31854339e-03 4.10767605e-01 1.36970942e+01
 6.06195884e+00 1.17116583e-02 4.27477716e-01 7.64525241e-04 8.59477261e+00 1.37013340e+01
 2.55546967e+00 4.80444797e-03 -1.95157611e+00 -1.93764942e-03 -2.41711943e+02 1.37003971e+01
 1.36783916e+01 -5.18540578e-03 -9.92191954e-01 7.31529878e-03 -6.29871126e+00 1.37028402e+01
 7.44669449e+00 1.68837359e-02 -2.42278074e-01 1.25791972e-03 -3.10165872e+02 1.37014142e+01
 1.66271323e+00 5.14125998e-03 -2.03225798e+00 9.43336775e-03 1.39461947e+02 1.37002870e+01
 9.69397685e+00 3.12459395e-03 -1.15919390e+00 -4.20501983e-03 1.04852829e+02 1.37017578e+01
 1.80217278e+01 6.32476860e-03 1.53383722e+00 1.06020192e-02 -5.53991139e+02 1.37034358e+01
 -1.35328268e+01 3.11318620e-03 -1.88020964e+00 -1.68367704e-03 -1.91959679e+02 1.36973548e+01
 5.08515737e+00 -1.06660117e-02 -6.78606059e-01 4.83696351e-03 -2.46630508e+02 1.37012878e+01
 -1.09709697e+01 1.32606609e-02 -1.52657693e+00 -1.34818488e-03 -2.85754986e+00 1.36975648e+01
 -1.36687835e+01 -1.08625728e-04 -6.16419722e-01 -8.54038990e-03 -5.14638244e+02 1.36972737e+01
 1.51284912e+01 -2.14126000e-04 1.20368615e+00 -5.71871519e-03 -2.59512472e+02 1.37028300e+01
 5.33495781e+00 2.66099325e-03 1.43262263e-01 -7.18223944e-05 7.99708620e+02 1.37009883e+01
 2.02218083e+01 1.08926031e-02 6.26385008e-01 2.03188141e-03 -8.78252142e+01 1.37039022e+01
 -4.97431296e+00 -1.58970266e-03 -2.70314208e+00 -2.12367417e-03 2.16773185e+02 1.36992051e+01
 -7.00646883e+00 1.03171099e-02 1.41546346e-01 1.09628647e-03 -1.07866138e+02 1.36987601e+01
 9.00156016e+00 7.35871535e-03 9.14628835e-02 1.18122743e-03 3.99733310e+02 1.37018645e+01
 1.25782390e+01 8.91749006e-03 -6.86979857e-01 -7.18068779e-03 -1.14979529e+02 1.37025645e+01
 -5.09167391e+00 -3.12400726e-03 -8.88832625e-01 3.01676746e-03 -8.72744916e+01 1.36992004e+01
 2.63641401e+01 -2.21347896e-03 3.56697327e-01 4.58790081e-03 9.09056692e+01 1.37054192e+01
 1.20361433e+01 5.71280217e-03 -8.95873392e-01 5.40096923e-03 -3.36675199e+02 1.37021567e+01
 5.83126500e+00 7.82516826e-03 -3.18852138e+00 -4.85641432e-03 -1.76161633e+02 1.37009325e+01
 9.49726994e+00 2.13212529e-02 1.53504952e+00 -1.22838403e-03 5.06758676e+02 1.37019867e+01
 7.90135698e+00 -1.99371871e-03 7.93005465e-02 1.04114022e-02 1.93079648e+02 1.37017868e+01
 -1.52827241e+01 1.30462079e-02 3.78888239e+00 -8.15594769e-03 -2.29097193e+02 1.36969610e+01
 6.56072821e+00 -7.57296982e-03 1.98457931e+00 5.29628118e-03 -3.59670581e+02 1.37012228e+01
 -2.15835730e+01 5.79128611e-03 -7.84345030e-01 2.16520915e-03 -5.27871855e+02 1.36955052e+01
 -1.08240243e+01 -4.38344469e-03 1.30883192e+00 1.76536967e-03 -3.85366998e+02 1.36978149e+01
 -1.09329917e+01 2.35190306e-03 1.10598289e+00 -2.14995286e-03 1.29521835e+02 1.36976847e+01
 2.29147264e+01 -1.73408015e-02 -8.93776123e-01 -3.71260031e-03 5.72831773e+02 1.37045235e+01
 -6.45996033e+00 -1.41905351e-02 -1.60776654e+00 1.98141871e-03 -3.43593698e+02 1.36988398e+01
 8.60946225e+00 -3.32804038e-04 4.27209842e-01 1.08305653e-02 -2.96655262e+02 1.37017340e+01
 -1.02824361e+01 2.48091040e-03 1.98098737e-01 -2.21573088e-04 -3.15477266e+02 1.36979067e+01
 4.55668545e+00 -3.85909511e-03 -2.72254815e+00 -4.18889716e-03 2.02607549e+02 1.37008654e+01
 -3.05448156e+01 8.92068293e-03 -1.12408534e+00 2.35556333e-03 1.44274084e+02 1.36941840e+01
 -9.92787576e+00 6.58295377e-03 1.16944345e+00 5.91362988e-03 2.09692353e+01 1.36984995e+01
 1.34834448e+01 1.22793268e-02 -4.95005679e-01 9.89004137e-04 -3.97166379e+02 1.37024777e+01
 9.28032322e+00 3.97247241e-03 -1.26315726e+00 2.80837708e-03 6.66298735e+01 1.37016210e+01
 1.94796247e+01 -3.83313109e-04 8.42536567e-01 -1.01615170e-02 -2.39440175e+02 1.37036826e+01
 -2.99284834e+00 -6.86877559e-03 2.34498908e-03 7.05923878e-04 -3.83709307e+01 1.36994999e+01
 -1.21187079e+01 5.63771013e-03 1.82705032e+00 8.44104983e-03 6.78565148e+02 1.36976447e+01
 -2.57197970e+01 -7.56604264e-04 -3.10229877e-01 -2.35588494e-03 8.59295603e+01 1.36950624e+01
 6.45182887e+00 3.32852001e-03 -5.41978452e-01 -2.36870977e-03 -1.32018306e+01 1.37014959e+01
 -1.17105896e+00 -5.19076250e-03 -1.93150503e+00 -3.17352392e-03 -1.73321303e+02 1.36998369e+01
 -6.02788077e+00 -2.18689132e-03 4.41165272e-01 -2.38595218e-03 1.61103332e+02 1.36987288e+01
 1.36490837e+01 -1.02118646e-02 -3.52013620e-01 6.20506823e-03 3.14499161e+02 1.37025956e+01
 -1.78724598e+01 2.96513891e-03 1.02823600e-01 4.81130693e-03 6.07185602e+02 1.36961294e+01
 1.13418901e+01 -7.74966458e-03 4.54923917e-01 2.77337417e-03 6.06611625e+01 1.37022568e+01
 8.11491332e+00 -1.97053973e-03 2.75393309e-02 -1.22585644e-03 7.03809228e+02 1.37014697e+01
 2.63730699e-01 -1.35836111e-03 -8.52895284e-01 1.00683068e-02 1.32251534e+02 1.36998576e+01
 -1.54815713e+00 -1.14605331e-03 -8.03166043e-01 3.16767706e-03 1.95309240e+02 1.36996301e+01
 -1.53720360e+01 1.12661852e-02 -3.39406832e-01 2.23779833e-03 -1.24754820e+02 1.36964548e+01
 1.11102629e+01 -2.43518995e-04 2.12417971e+00 -9.17827143e-03 4.20551160e+02 1.37021112e+01
 -7.37655726e-01 -8.43138171e-03 -9.57062544e-01 -6.90149373e-03 -2.55223701e+02 1.36996967e+01
 2.24810239e+00 -2.39028196e-03 -1.63777600e+00 2.47794148e-03 1.21201787e+02 1.37004871e+01
 -4.07128230e-02 -2.20341181e-03 -9.40511145e-01 4.03102073e-03 -2.34394415e+02 1.36997910e+01
 9.63899088e-01 7.33511348e-03 -7.58286243e-01 -5.46816443e-03 -5.03145408e+02 1.36997578e+01
 -1.71345157e+01 -3.90372525e-03 -1.60383432e+00 7.91800959e-03 3.87499534e+02 1.36967057e+01
 -1.23843404e+01 -3.04271604e-04 -6.07023358e-02 -6.34027235e-03 -2.75910565e+02 1.36973884e+01
 -2.47840821e+01 4.54525955e-03 -5.74769454e-01 -3.60540808e-03 1.65536318e+02 1.36952867e+01
 -3.29726765e+00 1.15443679e-02 -4.66027945e-01 6.09372380e-03 3.60311538e+02 1.36993903e+01
 1.04605077e+01 -4.63381920e-04 -6.97945670e-01 6.47323066e-03 1.33727994e+02 1.37020909e+01
 4.90370459e+00 1.53821606e-02 -1.18215727e+00 1.01688751e-02 2.89702165e+02 1.37010292e+01
 -7.33366969e+00 -6.87019945e-03 -1.58243573e+00 6.96884056e-04 -1.34567527e+01 1.36983523e+01
 -4.44959519e+00 -3.28597902e-03 -1.52363271e+00 -1.24458175e-03 -4.28386063e+02 1.36990073e+01
 -1.47313673e+01 -5.39006402e-03 1.01860806e+00 2.45088680e-03 4.11900732e+00 1.36973531e+01
 -4.76172713e+00 1.11139549e-02 1.16526623e-02 -5.38355481e-03 1.12747159e+02 1.36990251e+01
 9.90132595e+00 -1.03746463e-02 2.07400858e+00 -1.59667714e-02 1.03168995e+02 1.37019018e+01
 1.54859393e+01 -4.39927885e-03 2.81578642e+00 -1.12019538e-03 1.08910715e+02 1.37028660e+01
 2.41077610e+00 -6.54529542e-03 1.89863236e+00 1.24503904e-03 -5.79357735e+01 1.37007164e+01
 -1.03167631e-01 5.40814594e-03 2.13035904e+00 8.92233420e-03 -2.67332288e+02 1.36999017e+01
 3.25702953e-01 6.84848412e-03 -1.03403920e-01 -9.62544972e-03 7.32796959e+00 1.37000269e+01
 2.49105085e+00 -8.70116064e-04 2.30537767e-01 2.91725896e-03 -2.17084340e+02 1.37006310e+01
 1.05828904e+01 7.08255545e-03 -2.20853920e+00 1.68667013e-04 -1.95839676e+02 1.37024337e+01
 -7.72633265e+00 -1.92306512e-03 6.99187100e-02 -3.75011101e-03 7.76851252e+02 1.36984186e+01
 2.35094690e+01 -1.45175027e-03 7.27741406e-01 -1.71815547e-03 -8.05155517e+00 1.37046464e+01
 -3.33186644e+01 -1.60063096e-03 5.42774800e-01 1.43120135e-03 -4.32480733e+02 1.36935001e+01
 2.05306075e+01 -5.62685780e-03 8.32060864e-02 1.41847480e-03 -2.94421125e+02 1.37040074e+01
 4.11433361e+00 -5.32689297e-03 9.16102617e-01 1.05963574e-02 8.72674448e+00 1.37009257e+01
 5.60622287e+00 1.05425677e-03 -2.01000178e+00 -2.17096246e-03 -2.07830413e+02 1.37011481e+01
 -1.02041963e+01 8.90589726e-03 4.80342958e-01 -4.37013962e-03 1.09098986e+02 1.36978965e+01
 -8.09804243e+00 7.44796923e-04 -3.48489146e-01 3.34939817e-03 -2.20288956e+02 1.36987944e+01
 -4.47377509e+00 -6.58516150e-04 6.36836200e-02 8.54525180e-03 -9.21770484e+01 1.36986904e+01
 1.67871629e+01 1.22410935e-03 -3.57754112e-01 3.98662901e-03 -8.67026962e+01 1.37033728e+01
 -1.30185093e+01 -3.53181039e-03 -1.64805016e+00 1.53632965e-02 1.28777210e+02 1.36974880e+01
 1.17164171e+01 1.01452165e-02 -1.85240749e+00 4.45831260e-03 -1.13589689e+02 1.37025215e+01
 1.52704760e+01 1.48982693e-03 1.04834384e+00 5.35592205e-03 3.73802406e+02 1.37030937e+01
 -7.20422480e+00 8.12966036e-03 -9.15615173e-02 8.04780517e-03 6.24187435e+01 1.36982914e+01
 -2.45088759e+01 8.71283838e-03 1.72539437e-02 -1.11871384e-02 1.11334653e+02 1.36948035e+01
 -1.60710243e+01 8.77740002e-03 3.04094170e+00 -3.25364908e-03 1.49094708e+01 1.36969722e+01
 6.12836483e+00 -2.19022698e-03 4.84322617e-01 5.81771765e-04 -4.60748271e+02 1.37011961e+01
 8.64889620e+00 -7.56668823e-03 7.64506453e-01 6.31758665e-03 -1.38683894e+02 1.37020669e+01
 -1.95762083e+01 -3.12831741e-03 -4.66011950e-01 -7.84738991e-03 -1.93476270e+02 1.36960226e+01
 5.27376608e+00 -9.79156145e-03 -3.51083039e-01 -1.17672210e-02 -1.88857620e+02 1.37010456e+01
 -1.47605852e+01 -5.91797154e-03 2.07165138e+00 -9.10930004e-03 4.34142954e+02 1.36971325e+01
 8.04603375e+00 6.60618140e-04 -2.27633535e-01 -7.18574397e-04 1.55729950e+01 1.37015935e+01
 -1.58270749e+01 8.40050800e-03 -9.13128418e-01 -6.23398399e-04 -4.91463355e+01 1.36970912e+01
 -1.23771991e+01 1.81235307e-03 -1.23312526e+00 -2.54193675e-03 2.49197357e+02 1.36975646e+01
 1.72692432e+00 6.00149119e-03 -9.49616513e-01 -1.29620576e-02 3.24823661e+02 1.37006939e+01
 8.28899521e+00 -1.09662964e-03 -9.48684160e-01 -2.29866696e-03 -5.90871117e+02 1.37014668e+01
 1.71828060e+00 -8.22979785e-04 1.99990208e+00 -2.72289297e-03 -4.28433225e+02 1.37003083e+01
 1.63328278e+01 8.82384540e-03 8.04940479e-01 7.80169729e-03 6.81378561e+01 1.37033313e+01
 -9.98983750e+00 -2.06707056e-03 4.42655840e-02 -5.53505508e-03 1.99678705e+02 1.36978304e+01
 2.89851381e+01 1.04114870e-02 -9.82617374e-01 -4.36848744e-03 -6.69767444e+01 1.37056680e+01
 -8.40747778e+00 -4.39228439e-03 -5.39828748e-01 -4.79075502e-03 2.06462494e+02 1.36982744e+01
 1.48181587e+01 -3.72771879e-04 -6.94057108e-01 -1.19162951e-02 4.36511810e+02 1.37030485e+01
 -8.42637680e-01 3.18766926e-03 1.49413985e+00 2.94284772e-03 1.29914958e+02 1.36998279e+01
 9.97595857e-01 -7.57753674e-03 1.10368032e+00 -1.24716332e-02 -2.27705410e+02 1.37003032e+01
 -1.35868060e+01 5.05633353e-03 1.00962468e+00 -1.62995371e-03 2.19709439e+02 1.36973629e+01
 -2.28675930e+00 -5.29583463e-03 -4.58808146e-01 -1.43175719e-02 2.75171879e+01 1.36994519e+01
 5.98280745e-01 1.16558610e-02 -3.41977928e-01 1.67482345e-03 -1.76519281e+01 1.36999933e+01
 -9.61147029e-01 -7.75378302e-03 1.28969476e+00 9.48490932e-03 -1.60799123e+01 1.36995944e+01
 -2.52657990e+00 7.14418964e-03 1.25059967e+00 1.10166543e-03 3.04709265e+02 1.36995650e+01
 -4.32789521e+01 -3.55005005e-03 -1.34087863e-01 -1.51987529e-03 3.01922190e+02 1.36913812e+01
 1.68103946e+01 -5.31017348e-06 -2.51241963e-02 3.66874483e-03 3.28937853e+01 1.37029916e+01
 1.06567472e+01 1.28152594e-03 2.56424814e+00 6.22910885e-03 -4.24442894e+02 1.37019589e+01
 2.46166817e+00 2.04516685e-03 7.06871712e-01 5.28775482e-03 -9.80625599e+00 1.37005155e+01
 -1.95925372e+01 -8.86382653e-03 -2.11652825e-01 1.80155585e-02 -2.35431051e+01 1.36961144e+01
 -9.08070850e+00 6.00524888e-03 2.62122340e+00 1.07902524e-02 -1.64392544e+02 1.36983087e+01
 5.06185266e+00 -3.76075539e-03 3.48241423e-01 -4.39620282e-04 -2.25249454e+02 1.37009021e+01
 1.24590009e+01 -7.38697229e-03 -2.31688260e-01 1.49354626e-03 1.70556015e+02 1.37024680e+01
 1.52479920e+01 1.10178658e-02 7.54628708e-01 6.64380992e-03 1.71874741e+01 1.37031100e+01
 -1.72143970e+01 4.92770177e-03 -2.45246067e+00 -4.17384907e-03 2.92392998e+02 1.36964774e+01
 2.23539382e+01 5.30707136e-03 7.97934650e-01 -9.31927247e-03 1.56113426e+02 1.37041686e+01
 1.06403966e+01 2.46633790e-03 -1.48003115e+00 -6.64944648e-03 -2.73600730e+02 1.37023646e+01
 -1.58884333e+01 8.43871879e-03 -9.05225217e-01 -3.94253977e-04 -2.64217428e+02 1.36967673e+01
 -2.58577596e+01 3.13424689e-03 -3.44171783e+00 4.40244606e-03 2.91586717e+02 1.36947785e+01
 -7.67337262e+00 2.07563883e-06 5.99555715e-02 8.88286986e-03 2.19216437e+02 1.36987355e+01
 -7.77779410e+00 -3.44526823e-03 -9.28255865e-01 1.06543184e-02 -1.13519631e+01 1.36985530e+01
 -1.56312150e+01 1.15127907e-02 -1.24570173e+00 1.65443824e-02 -5.95509731e+01 1.36968314e+01
 1.99329405e+00 9.76524737e-03 -6.13559950e-01 -1.98961715e-04 -1.42236165e+01 1.37002007e+01
 3.44184952e+00 1.20523819e-02 -1.98058128e+00 -3.08525646e-03 -2.71224742e+02 1.37007793e+01
 1.41354210e+01 1.84245560e-03 -8.30730981e-01 5.33365775e-03 1.11910518e+02 1.37028965e+01
 -2.65231400e+01 -3.53080114e-03 -4.78714174e-01 -7.95846566e-03 5.05711255e+01 1.36946675e+01
 1.87016771e+01 3.58855340e-03 -6.74409385e-01 -4.58705502e-03 6.34518488e+01 1.37039879e+01
 -1.16507786e+01 -2.37437359e-03 9.91577261e-01 6.64791676e-03 -5.95527552e+02 1.36977312e+01
 1.29020871e+01 9.89054455e-03 8.19313641e-01 8.28082685e-03 -4.34980161e+02 1.37022894e+01
 -2.53434979e+00 -3.62978325e-03 1.62301639e+00 8.32409545e-03 -3.58552073e+01 1.36993107e+01
 6.49054486e+00 -6.13907173e-03 4.87097151e-01 1.04069745e-03 2.31575610e+02 1.37011893e+01
 1.58687337e+01 1.53107451e-03 -6.37811757e-01 6.68746197e-03 -2.37938472e+02 1.37030777e+01
 1.92001199e+00 2.96347070e-04 2.58809072e-01 3.49183514e-03 3.01913804e+02 1.37005650e+01
 6.67398084e+00 3.06939307e-03 -4.60634647e-02 8.21209929e-04 1.73268249e+02 1.37012306e+01
 4.10987602e-03 -6.39053084e-03 8.46785423e-01 3.32035921e-04 -1.74011620e+02 1.36997797e+01
 2.93937973e+01 -1.32005259e-02 1.30122658e+00 -2.76391314e-03 2.14468621e+02 1.37056868e+01
 -3.08058478e+01 -5.88027701e-03 1.85038459e-01 -2.99338228e-03 -2.56595678e+02 1.36937413e+01
 2.31103670e+01 -5.33859628e-03 -2.06243022e-01 1.52074313e-04 2.40362095e+02 1.37048752e+01
 -3.97089248e+01 -7.04721975e-03 -8.99446251e-01 -2.68640868e-03 4.13433540e+02 1.36919809e+01
 3.20512740e+00 2.48562303e-03 -6.67241393e-02 6.41702939e-03 1.42153230e+02 1.37005406e+01
 7.14209094e+00 3.35768880e-03 -1.56924958e+00 -6.86345501e-03 3.62666709e+02 1.37012310e+01
 -2.75270324e+00 -1.86424509e-03 -1.99614119e-01 5.14113967e-03 -3.73704453e+01 1.36997546e+01
 -1.57208518e+00 -1.06658000e-03 -1.31576806e+00 1.14496986e-02 4.75726186e+02 1.36999231e+01
 3.14455347e+00 -5.78644163e-03 9.30960051e-01 9.76001704e-03 -3.91804522e+01 1.37004927e+01
 6.84644597e+00 -3.09808398e-03 1.32277059e+00 -8.98316917e-03 -3.22293806e+00 1.37014290e+01
 1.01898497e+01 -6.41179920e-04 5.27008386e-01 -4.03407817e-03 -2.12594717e+02 1.37021444e+01
 -4.99523835e+00 1.14876331e-02 1.95654614e-01 1.35007806e-03 -4.89609474e+01 1.36992733e+01
 2.00123062e+01 6.36990959e-03 2.34131996e+00 -3.31409920e-04 -7.60622541e+01 1.37038476e+01
 7.01279550e+00 5.20725813e-03 -1.06809219e-01 -7.53155096e-03 -2.20433625e+02 1.37014359e+01
 9.45751390e+00 6.02199106e-04 1.47917160e+00 8.35271365e-03 3.00220450e+01 1.37017028e+01
 -8.61387079e+00 6.82316604e-03 -9.16031804e-01 -4.26788446e-03 1.56002525e+02 1.36980796e+01
 2.45717981e+00 -4.48180935e-03 -1.06089557e+00 2.38644370e-03 2.46522996e+02 1.37010803e+01
 1.34356816e+01 -7.91504433e-03 -8.15855915e-01 -3.63030704e-03 -3.90014237e+02 1.37027357e+01
 8.58093930e+00 5.47483866e-03 7.45336076e-01 -3.89391745e-03 2.79266693e+02 1.37015616e+01
 1.10505207e+01 2.12589833e-03 -8.37237319e-01 2.50948814e-04 6.05381753e+01 1.37022118e+01
 6.91431284e+00 1.00002985e-02 -2.84172759e+00 -3.73615772e-03 -3.51825844e+02 1.37017287e+01
 -5.60097991e+00 6.41913039e-03 4.31103800e-01 5.17161488e-03 -5.21677997e+02 1.36987249e+01
 -1.02152590e+01 8.94269242e-03 9.59407680e-01 1.44364800e-03 -1.90717987e+02 1.36979105e+01
 7.65494155e+00 6.37333959e-03 1.03980149e+00 5.85120722e-03 4.68341216e+02 1.37015714e+01
 -1.45054721e+01 -8.78785647e-03 4.53002454e-02 7.83120616e-04 -4.57895859e-01 1.36972695e+01
 -1.43811602e+00 -5.76534712e-03 4.31898909e-01 9.70231900e-03 -3.52257967e+02 1.36998965e+01
 -9.42531146e+00 -1.34672794e-03 -7.35318413e-01 7.31196961e-03 9.45274239e+01 1.36981967e+01
 8.61960302e+00 4.07018528e-03 1.69550300e+00 -1.58473305e-03 5.14757316e+01 1.37016928e+01
 -1.80751652e+01 3.01338196e-04 6.29729989e-01 4.20849541e-03 6.44871528e+01 1.36965837e+01
 1.03538705e+01 6.05315700e-03 1.67847979e+00 5.17368392e-03 -1.45892986e+01 1.37021013e+01
 -2.09520616e+01 -9.46066011e-04 1.27685001e+00 -4.41236099e-03 1.82724311e+02 1.36956075e+01
 -8.29333203e+00 -1.29595241e-02 -6.49028373e-01 -1.18153169e-02 -5.47155378e+02 1.36981398e+01
 5.92742834e+00 -4.07776434e-03 -6.79342404e-02 -6.03604798e-03 6.80691166e+01 1.37010259e+01
 2.01988236e+01 5.54298986e-03 1.19745809e+00 -6.00861561e-03 1.63629074e+02 1.37041179e+01
 -2.53730452e+00 -5.34301574e-03 2.87035369e+00 5.77067735e-04 1.20597287e+02 1.36994932e+01
 -1.81344545e+00 3.08958940e-04 -7.44268641e-01 -3.25481950e-03 -3.34615463e+01 1.36993597e+01
 -4.35280913e+00 4.49609731e-03 -6.66145089e-01 -2.41171039e-03 -6.30063582e+01 1.36991953e+01
 1.49314761e+01 -5.59935213e-03 -7.46588665e-01 4.63751929e-03 9.84315488e+01 1.37025305e+01
 -2.73960454e-01 -7.13373674e-03 -1.98898781e+00 -9.06605688e-03 8.30416309e+01 1.37002122e+01
 -1.25973273e+01 8.07829907e-03 -1.48330277e+00 -3.22891597e-03 -3.51215595e+02 1.36976478e+01
 2.31554321e+01 4.05411018e-04 -8.31463475e-01 -2.19506442e-03 2.61222465e+02 1.37046053e+01
 -1.23285403e+00 -2.61285127e-03 -6.92018765e-02 -8.32558593e-04 -1.19112401e+02 1.36999811e+01
 1.77112890e+00 -1.17009767e-02 -1.73082476e+00 9.40737795e-04 -1.01430856e+02 1.37005452e+01
 3.49754347e+00 1.12182047e-03 -1.50023139e+00 2.70028454e-03 -1.86984469e+02 1.37007238e+01
 -7.52452506e+00 -6.10585233e-03 1.14663631e+00 -7.52272514e-03 -3.58246427e+02 1.36984007e+01
 -2.65564506e+01 -3.51983561e-04 -3.31159681e-01 1.51959750e-03 1.94627848e+02 1.36944753e+01
 -4.65921955e-01 7.79840037e-03 -4.22808856e-02 -4.45558569e-03 -5.10874788e+02 1.37000936e+01
 -1.32737343e+01 5.62524579e-03 -8.69045705e-02 2.43307962e-03 -1.02913839e+02 1.36973218e+01
 -1.90487657e+01 -5.64240122e-05 1.99616027e-01 1.09562155e-02 2.42555677e+02 1.36959693e+01
 4.11419511e+00 9.49219492e-04 -9.24062565e-02 -3.60116847e-03 2.13429442e+02 1.37007266e+01
 1.75166270e+01 2.10851351e-03 -6.88895104e-01 -6.90117876e-03 -2.85853414e+02 1.37036023e+01
 -3.43095510e+01 -1.56007147e-03 -2.70950723e-01 1.85347371e-03 2.46688915e+02 1.36931920e+01
 1.99149604e+01 4.57817131e-03 -1.93480483e+00 2.07276438e-03 -2.91095135e+02 1.37039228e+01
 -1.66845507e+01 6.89280797e-03 -1.11705109e+00 -1.21039397e-02 -1.51889799e+02 1.36967096e+01
 -1.54079383e+01 -4.79793967e-03 -6.39538582e-01 -2.18533009e-03 2.87658252e+02 1.36967293e+01
 -1.21413751e+01 4.94221991e-03 5.27571042e-01 9.30097992e-03 2.23991938e+01 1.36973149e+01
 2.03775598e+01 -1.68715418e-03 1.25569611e+00 -1.50293263e-03 2.25654709e+02 1.37041232e+01
 -3.68370130e+01 3.80440224e-03 -1.50157412e+00 -4.19915419e-03 2.63083908e+02 1.36927353e+01
 2.84821995e+00 -6.10259737e-03 -1.84076908e-01 1.99274408e-04 1.49587646e+02 1.37005988e+01
 -1.10835532e+01 -2.75806483e-03 3.27825141e-01 5.41963846e-03 -1.30823371e+02 1.36978815e+01
 1.73426920e+01 -1.28046599e-03 -9.86510331e-01 5.91915090e-04 -3.21622902e+02 1.37037189e+01
 1.76023681e+01 -2.23837880e-03 8.88123116e-01 2.42769650e-03 2.26718189e+01 1.37035621e+01
 9.56753782e+00 5.94896091e-03 4.49182315e-01 4.59561018e-03 6.71060037e+01 1.37017175e+01
 1.63861494e+01 4.90283054e-03 -7.44355240e-01 3.33231275e-04 2.11634267e+02 1.37035032e+01
 2.91292654e+00 3.93171227e-03 5.25516461e-02 3.33048787e-04 9.74576292e+01 1.37007259e+01
 1.07591497e+01 9.16052131e-03 2.36140704e-01 1.23110978e-02 -4.28705595e+01 1.37021107e+01
 1.32305884e+01 -1.18445344e-02 -1.49845449e+00 2.37685330e-03 -1.74795586e+02 1.37027025e+01
 -1.19081369e+01 1.28710993e-02 1.09033860e+00 2.19537055e-03 -2.63303587e+02 1.36977462e+01
 -1.84646157e+01 2.53811803e-03 2.24256998e+00 -2.98733783e-03 -9.29258056e+01 1.36963997e+01
 -4.64704987e+00 9.72582229e-03 2.60770129e+00 1.27653312e-02 2.14410397e+02 1.36990487e+01
 2.26988344e+01 8.76210160e-03 -8.17559293e-01 7.86625085e-03 -2.70130475e+02 1.37045139e+01
 6.40690878e+00 1.97998794e-03 8.21032746e-02 9.40461063e-04 -2.40094890e+02 1.37008919e+01
 3.79533657e-01 -9.35976980e-03 1.86844078e-01 -3.28080223e-04 1.75517595e+01 1.37002001e+01
 -1.85321307e+00 -2.69947521e-03 1.08004932e+00 3.01106566e-03 -3.74427941e+02 1.36997369e+01
 4.27425231e+00 9.38702519e-03 3.96412557e-01 4.68513356e-03 -2.42269639e+02 1.37007547e+01
 -1.35356482e+01 -4.29434474e-03 9.86572514e-01 -1.45227143e-02 1.86680458e+01 1.36972777e+01
 2.75536508e+00 -6.93478717e-03 1.71538057e+00 -8.12839210e-03 -1.48540021e+02 1.37005079e+01
 5.56907038e+00 6.61887830e-03 1.26094767e+00 -5.33704553e-03 1.40753368e+02 1.37011893e+01
 -1.39614531e+01 -1.10738866e-02 -2.67184423e-01 -5.04626518e-03 -4.70073144e+02 1.36971278e+01
 8.77808065e+00 1.15045530e-02 2.28872470e-01 3.26927304e-03 1.81156972e+02 1.37018276e+01
 1.37962854e+01 -4.24971086e-03 1.07726877e-01 -9.10895995e-04 4.88510896e+02 1.37028602e+01
 -1.46265305e+01 2.24824977e-03 -7.92668765e-01 3.54284152e-03 5.00582556e+01 1.36970153e+01
 -9.31871460e-02 -4.93133976e-03 3.01982382e-01 2.76170541e-03 5.07964310e+01 1.37000760e+01
 -3.41782462e+01 -1.03418781e-03 -7.67349604e-01 3.30624971e-03 -2.88372404e+02 1.36930584e+01
 8.01572038e+00 -9.98022500e-03 4.64983039e-01 -5.55225976e-03 -4.91277731e+02 1.37016029e+01
 2.28088975e+01 -3.67194834e-03 -4.68656858e-01 -2.24159115e-03 3.44018035e+02 1.37045066e+01
 -1.61956239e+01 1.44084098e-02 1.55276987e+00 3.25698047e-03 -5.08069268e+01 1.36967329e+01
 3.67129486e+01 -1.14227103e-03 -1.09641925e-01 -2.04654736e-05 1.96000777e+02 1.37073845e+01
 2.28762197e+01 -1.26474025e-02 2.04116324e-01 1.96884678e-03 5.46965114e+01 1.37043147e+01
 -1.32550214e+01 -7.76822971e-03 5.19941092e-01 -9.82287117e-03 1.85570920e+02 1.36974131e+01
 1.34422960e+01 2.17889934e-03 -1.24442232e-01 -6.40369807e-04 -2.72394675e+02 1.37023845e+01
 -9.08894021e+00 1.19530320e-02 -4.63137022e-01 3.29372556e-03 -1.77307487e+02 1.36980461e+01
 -1.46766472e+01 -5.06038485e-04 -1.12886489e+00 5.69563512e-03 1.78633322e+02 1.36970268e+01
 -1.12895666e+01 1.72470608e-03 1.40525564e+00 4.44990934e-03 3.21897130e+02 1.36978350e+01
 -1.89232633e+01 -3.38781564e-03 1.42273040e+00 -1.64168435e-03 5.12707285e+01 1.36963272e+01
 -1.59730240e+01 5.03183138e-03 -6.93943281e-01 7.82768722e-03 -8.77551253e+01 1.36967369e+01
 3.42391677e+00 -1.06808151e-02 9.56277567e-01 3.05838170e-03 -1.02908899e+02 1.37007037e+01
 -2.61940011e+01 1.47408713e-02 4.10025700e-01 -2.05148431e-03 -4.27947756e+02 1.36950434e+01
 3.10984088e+01 1.23231679e-02 -1.36351812e+00 2.51290723e-04 5.59669084e+02 1.37062611e+01
 -1.16562118e+01 2.89029412e-03 1.69230559e+00 7.56827427e-03 1.36977382e+02 1.36975345e+01
 8.26525154e+00 -5.39167021e-03 -6.73609752e-01 3.92586829e-03 -3.96413313e+02 1.37017308e+01
 -2.20491433e+01 1.86160220e-03 -7.41423131e-02 -6.48424763e-03 -6.41822012e+01 1.36954166e+01
 -1.47062260e+01 -1.02956856e-02 8.13319991e-01 5.48709674e-03 -1.64303220e+02 1.36970232e+01
 2.66818425e+00 3.11738633e-03 1.46798632e+00 -5.30649883e-03 -7.42423505e+01 1.37004178e+01
 -5.70692428e-02 7.22822470e-03 2.79465192e-01 -3.62295210e-03 4.49208969e+02 1.37000025e+01
 5.24088736e+00 8.48035639e-03 -4.50165154e-01 -1.77581527e-03 -1.08544171e+02 1.37009971e+01
 -7.13955995e-01 7.09809441e-03 -2.22803200e-01 8.81631852e-03 -1.13117638e+02 1.37000054e+01
 -7.67473652e+00 -1.24399261e-02 -1.37798836e-01 3.68967969e-03 -3.69751977e+01 1.36988514e+01
 -1.16589684e+00 -1.24233566e-02 1.31825714e-01 3.23167879e-03 -1.89938875e+02 1.36998777e+01
 9.07507542e-01 -1.00130980e-02 -1.27553967e+00 -1.44257185e-02 3.80166712e+02 1.37003842e+01
 2.11246857e+01 3.64484108e-03 -2.96528407e-01 4.63360301e-03 -8.76676993e+01 1.37042028e+01
 7.57848219e+00 1.17958938e-02 1.52762289e-01 -4.96106171e-03 -1.53385168e+02 1.37017149e+01
 1.90534325e+01 1.06456676e-03 -9.53576783e-01 -4.66158705e-03 2.71709797e+02 1.37038768e+01
 -2.20353592e+01 -1.02711120e-02 -9.41486971e-01 -1.19016995e-02 -1.31992125e+02 1.36953022e+01
 2.12493482e+00 5.79213114e-03 4.09780261e-01 5.54671211e-03 8.89805166e+01 1.37006865e+01
 -4.71234578e+00 -4.21877114e-03 2.19899434e-01 -3.11212770e-03 -5.16920025e+02 1.36989322e+01
 -2.71096652e+00 -7.06614837e-03 -1.11610089e+00 6.27361387e-03 -9.83943290e+01 1.36995793e+01
 -1.26189486e+01 1.65059511e-02 -1.45356151e+00 6.72757145e-03 -1.81173601e+02 1.36973561e+01
 -6.12459075e+00 -8.29565440e-03 -1.89071947e+00 -5.44647128e-03 -2.24748457e+02 1.36985773e+01
 -1.29711536e+01 -1.38852256e-03 6.16571782e-01 -1.51474625e-03 -4.26195861e+02 1.36972118e+01
 1.49664663e+01 -3.74262925e-03 7.24651487e-01 -6.64907874e-04 -2.11139495e+02 1.37031955e+01
 4.15889392e+00 -5.36238517e-03 1.29521118e+00 6.78099954e-03 -9.38035148e+00 1.37009643e+01
 -1.96426012e+01 1.37571564e-03 3.68818240e-01 2.78364458e-03 8.73344280e+01 1.36961353e+01
 2.23639639e+01 -4.69881369e-04 1.24110853e+00 2.83261911e-03 -4.75328725e+01 1.37040864e+01
 -1.74496562e+01 6.96126488e-03 4.38167820e-01 -1.36562361e-02 -6.32488198e+00 1.36961490e+01
 2.97869048e+01 -3.37450742e-03 -1.02445964e+00 -1.56008556e-03 -5.57622954e+02 1.37063776e+01
 1.09953697e+01 1.10455664e-02 -1.05870505e+00 -2.79949329e-04 5.21664173e+02 1.37021728e+01
 1.91286830e+01 -4.99030434e-03 -3.03056997e-01 -9.29172583e-04 -2.06877690e+02 1.37038224e+01
 -8.57533696e+00 1.26287917e-03 5.80038322e-01 -3.06519252e-03 3.22191905e+02 1.36985487e+01
 7.95089343e+00 -6.36765626e-04 -7.62587027e-01 3.34897127e-03 -2.19366543e+02 1.37016656e+01
 -4.41303541e+01 1.11054826e-02 -6.93050081e-01 6.10761078e-03 1.40485837e+02 1.36911591e+01
 1.25760139e+01 3.76829632e-03 6.33279331e-01 -6.24001673e-03 -5.94512489e+02 1.37025908e+01
 2.61054395e+01 4.05696330e-03 -1.29359511e+00 -2.62607021e-03 3.46360620e+02 1.37053165e+01
 -8.04015300e+00 -1.69351010e-03 -1.31046661e-01 3.11836649e-03 -1.71649820e+02 1.36982533e+01
 -1.37398067e+01 -3.80134104e-03 -6.05282236e-01 -1.38388157e-02 -5.67746462e+02 1.36974027e+01
 -1.75518139e+01 6.63219641e-04 2.26945543e+00 6.53296398e-03 2.49509043e+02 1.36965275e+01
 -9.60254015e+00 -7.47570127e-03 -8.06599666e-02 -3.00706112e-03 -2.01654046e+02 1.36980570e+01
 -8.00290275e+00 9.18833005e-03 -1.38858222e+00 4.52881019e-03 2.94215558e+02 1.36982127e+01
 1.10256364e+01 -4.15158862e-03 1.10169141e+00 1.08159970e-03 -3.37607173e+02 1.37022074e+01
 1.23954798e+01 -4.57408392e-03 -1.93951170e+00 -6.61506294e-03 -2.16060879e+01 1.37023016e+01
 1.30578457e+01 5.60840526e-03 1.50363088e-01 -2.60682048e-04 2.70182377e+02 1.37025577e+01
 2.94025334e+00 6.60427852e-03 8.69162798e-01 9.08039147e-04 -4.93043264e+02 1.37008204e+01
 2.51888058e+01 -4.81125915e-03 -9.55233511e-01 -8.11671676e-03 2.06677361e+02 1.37050371e+01
 2.06452138e+01 -5.97428125e-04 4.04596014e-01 7.82382952e-03 -7.93446910e+01 1.37038730e+01
 9.12055627e+00 1.88273260e-03 1.02282854e+00 -4.57470833e-03 -2.76288813e+02 1.37018186e+01
 3.96953219e+01 -4.75720091e-03 -1.32851168e+00 -2.74758769e-03 4.14639983e+02 1.37080160e+01
 1.65467181e+01 1.60149208e-02 -1.56797634e+00 -1.25718227e-03 -1.60167861e+02 1.37033627e+01
 1.36836042e+01 1.24620398e-02 -8.90743229e-01 -3.98127256e-03 -1.15224018e+02 1.37027790e+01
 9.27340502e+00 3.99190775e-03 1.54370824e+00 2.73617611e-03 -1.12628446e+02 1.37018579e+01
 -2.00297865e+01 -3.74484923e-03 -1.22727788e+00 8.19417384e-03 2.90220732e+02 1.36961019e+01
 6.18696760e+00 -8.13558654e-03 1.13639246e+00 -9.29828363e-04 6.09512551e+01 1.37013475e+01
 1.68024107e+01 5.87162805e-03 -1.50883168e+00 -8.40790769e-03 -3.32087251e+02 1.37034433e+01
 -9.67760044e+00 8.25821112e-03 -9.76704710e-01 -3.22068078e-03 7.27764709e+00 1.36981694e+01
 3.12606052e+00 9.42309876e-03 -1.26498873e+00 -2.92979035e-03 -3.49303720e+02 1.37007138e+01
 5.36019071e+00 1.38606226e-04 3.82981965e-01 -3.70748292e-03 5.49015408e+02 1.37011483e+01
 2.53298049e+01 -9.92215302e-03 2.29056366e-01 -4.20403712e-03 -4.00515608e+02 1.37049996e+01
 5.70855352e+00 2.83408041e-03 9.09872592e-01 2.22483419e-03 5.04358069e+01 1.37010219e+01
 3.94550644e+00 -1.97339563e-05 -1.14426838e+00 3.36113289e-03 1.66476516e+02 1.37007201e+01
 1.10171034e+01 -6.63906299e-03 -1.56183447e+00 7.92327375e-03 -3.22836876e+02 1.37026185e+01
 1.37821699e-01 5.41752599e-03 1.38978926e+00 -9.25105817e-03 1.42460307e+02 1.37002167e+01
 2.09007866e+01 7.04103194e-04 2.08634404e+00 3.91946446e-03 -1.52524310e+02 1.37042092e+01
 -2.82300342e+01 4.43110637e-03 -8.73194007e-01 -3.37882467e-03 -9.23589214e+01 1.36942521e+01
 5.23624907e+00 6.31073666e-03 7.43556721e-02 -4.01124984e-03 2.93861322e+02 1.37010816e+01
 -2.50789733e+01 -5.52869489e-03 2.36386686e+00 -1.13194017e-03 3.16737328e+02 1.36949934e+01
 5.65713793e+00 -2.33331271e-03 -2.57259382e-01 9.93579994e-03 -2.88867851e+02 1.37012069e+01
 -1.31778550e+01 -6.55077028e-04 -8.48563293e-01 -1.45867460e-03 4.41397161e+02 1.36974754e+01
 7.08930855e+00 -4.18865748e-03 -8.54111828e-01 -4.75774963e-03 -4.12582748e+01 1.37013246e+01
 1.51439795e+01 4.60881806e-05 -1.60629209e+00 6.75815872e-03 3.35708417e+01 1.37029637e+01
 -8.07742367e+00 3.12820886e-03 1.01790170e+00 5.10020347e-03 5.70871175e+01 1.36985335e+01
 1.33848818e+01 6.84822288e-03 5.96104923e-01 -1.18727571e-02 -2.55775155e+02 1.37025148e+01
 -1.70044893e+01 -3.49954702e-03 -1.21055923e+00 1.02027544e-02 1.70680929e+02 1.36965966e+01
 -6.08057509e+00 5.22657359e-03 1.21828498e+00 -3.20514584e-03 9.02555881e+01 1.36984440e+01
 -1.29276287e+01 -6.99775753e-03 1.70041944e+00 -3.27676788e-04 -2.14127478e+02 1.36974897e+01
 3.01625429e+01 -5.07171024e-04 1.19284352e+00 1.64836361e-02 1.91596787e+02 1.37059907e+01
 -9.57631366e+00 -1.21374257e-03 -4.90488434e-01 -8.80954225e-03 -3.65540454e+02 1.36978265e+01
 1.56984389e+01 -1.64217657e-02 6.84678728e-01 7.06734267e-03 3.37644235e+02 1.37033005e+01
 -1.23553807e+01 -4.81874849e-03 2.64324424e-01 -7.36147952e-03 -4.56258996e+01 1.36970659e+01
 9.11029190e+00 -1.37642723e-02 -3.54278624e-01 1.05967822e-03 -3.96848385e+02 1.37018983e+01
 -4.73977340e+00 -6.35260104e-03 1.37570447e+00 -7.40822111e-03 3.51512514e+02 1.36992041e+01
 2.13256667e+01 -3.38704320e-03 2.96005512e-01 -1.92425528e-03 -2.88784511e+02 1.37041587e+01
 3.14362507e+00 6.94181446e-03 -1.32680500e+00 -1.24018354e-02 1.41994322e+02 1.37005820e+01
 -2.71058572e+01 -3.07676704e-03 4.67874010e-01 6.14629167e-03 5.54945720e+02 1.36945219e+01
 1.84683121e+01 -2.17347893e-03 1.98566217e-01 3.62048884e-03 5.25332751e+02 1.37038495e+01
 2.70078267e+01 -1.60800505e-02 -1.72983005e+00 -8.89572122e-03 -8.72931301e+01 1.37053357e+01
 1.42437658e+01 4.04376302e-03 -6.58617665e-01 4.46844862e-05 -5.01362757e+02 1.37029682e+01
 2.90050932e+00 -2.27766558e-03 -2.63492207e-01 7.00039601e-03 -4.25338192e+01 1.37005837e+01
 -1.31975637e+01 2.02066460e-04 1.00017517e+00 -2.84608855e-03 2.58983370e+02 1.36972025e+01
 -4.54177462e+00 1.07205105e-02 4.47549502e-01 4.51289948e-03 5.81994922e+01 1.36990744e+01
 1.16946772e+01 1.99236674e-04 3.76168135e-01 1.47006882e-03 -2.73208723e+02 1.37023112e+01
 -1.81470366e+01 -2.61794698e-03 -6.79135124e-01 1.17891183e-02 4.54687994e+02 1.36962883e+01
 -3.29657930e+00 -1.14367897e-02 8.17158141e-01 -9.39207810e-03 2.47643545e+01 1.36993867e+01
 -1.78798383e+01 -2.94878452e-03 -1.57224542e+00 -8.29895824e-03 3.31336093e+02 1.36960684e+01
 6.95703121e+00 1.20406163e-02 -2.69180154e-01 8.84144865e-03 2.76182856e+01 1.37016190e+01
 2.96981924e+00 -2.80927974e-03 -1.03450835e+00 -1.07509295e-02 1.12397515e+02 1.37007029e+01
 -8.99976507e+00 -7.30194950e-03 8.42994005e-01 -7.23094335e-04 4.33455226e+01 1.36984608e+01
 1.17013002e+01 -2.07218514e-02 -1.41836316e+00 -9.04591549e-03 2.34883733e+02 1.37022382e+01
 2.22186776e+01 3.80362828e-03 1.57479716e+00 2.38802184e-03 2.05909686e+02 1.37043299e+01
 -1.31934613e+01 -9.09128513e-03 -2.27737607e+00 -4.69302722e-03 1.43310271e+02 1.36975316e+01
 -2.60081276e+00 8.44303886e-03 -9.52584262e-01 -3.62089697e-03 2.49327441e+02 1.36996932e+01
 -4.73081759e+00 1.01965713e-02 -8.40328946e-01 1.00990091e-03 2.67285499e+02 1.36989725e+01
 5.37674402e-01 1.09309811e-02 -3.99270293e-01 3.14510625e-03 1.77700994e+02 1.37001194e+01
 4.83176962e+00 -6.87388269e-03 -2.64486182e-01 6.52768730e-03 5.52360319e+01 1.37010054e+01
 -4.15162321e-01 -1.09194426e-02 3.57895017e-02 5.32024414e-03 2.63110283e+02 1.36999768e+01
 -2.72513388e+01 -9.09447685e-03 -1.19384132e+00 1.07843264e-02 -3.38046918e+02 1.36943988e+01
 2.57442762e+01 2.01349103e-03 8.56988085e-02 -1.17381250e-02 -1.43844422e+02 1.37051200e+01
 6.84720893e-01 -3.30551327e-03 -4.13851734e-01 1.31817814e-03 -1.18632450e+02 1.37002364e+01
 5.47596900e+00 9.92777360e-03 7.38595351e-02 -7.02644557e-05 7.91744548e+02 1.37007385e+01
 -1.12681947e+01 -8.29310933e-03 3.39013094e-01 -1.08664182e-03 -4.72376935e+02 1.36980175e+01
 6.78293245e+00 8.18054625e-03 -2.53075471e-02 3.77538721e-03 -2.19196670e+02 1.37013123e+01
 -1.27577374e+01 -7.04846380e-04 9.36961154e-01 -4.45038713e-03 1.08150929e+02 1.36974668e+01
 -9.20848050e-01 8.56758746e-03 -2.56936706e-01 5.03770687e-03 -3.24631803e+02 1.36998692e+01
 2.46640050e+01 7.04077018e-03 -1.38080520e+00 -1.13317240e-02 8.55623621e+01 1.37050001e+01
 -1.92916672e+01 3.89875202e-03 -1.04223022e+00 1.28861962e-03 1.89070731e+02 1.36959645e+01
 1.36815758e+01 -1.26263089e-03 -1.05656762e-01 2.89681113e-03 4.06825336e+02 1.37028016e+01
 1.47116802e+01 -1.57048755e-03 1.55854673e+00 4.00475573e-03 -3.00496370e+02 1.37029450e+01
 -5.13651024e+00 -8.79161215e-03 9.65277070e-01 -1.54550454e-02 -3.60774599e+02 1.36989957e+01
 1.68163399e+01 2.38011610e-03 2.42518483e+00 -1.80548440e-03 -3.89044808e+02 1.37032175e+01
 1.28338802e+01 2.82245044e-03 3.87258913e-02 5.70250193e-03 2.25868836e+02 1.37024672e+01
 1.16933548e+00 -9.17676662e-05 -2.83352748e-01 -2.29623865e-03 -6.50894937e+00 1.37004469e+01
 3.82205347e+00 -9.68202508e-03 -1.17836020e+00 1.62772432e-03 -1.01658543e+02 1.37006717e+01
 2.43976024e+01 -1.03704107e-03 -4.30448299e-01 6.90333852e-03 2.00782907e+02 1.37051203e+01
 -1.57013642e+01 -6.62906141e-03 1.98517914e+00 -2.94523487e-03 -2.49347794e+00 1.36967479e+01
 9.43729674e+00 -1.29711207e-03 2.10287609e+00 -1.65563295e-03 1.24609967e+01 1.37017019e+01
 7.35824438e+00 -1.06111504e-02 1.97233582e-01 4.72555317e-03 -5.38538304e+01 1.37014421e+01
 -7.58054059e+00 -4.44404753e-03 -9.30681335e-01 -1.17770649e-02 2.09402006e+02 1.36982948e+01
 9.48997977e+00 1.32180669e-02 -3.69360253e-01 -6.06681519e-03 9.35542354e+01 1.37020767e+01
 -2.27589124e+01 4.42107878e-03 1.10323603e+00 -5.88828550e-03 1.09738213e+02 1.36955046e+01
 7.45451391e+00 3.16895546e-03 -1.92200027e-01 5.72524431e-03 2.40588507e+02 1.37014845e+01
 1.63312000e+01 1.18326087e-03 -3.50782729e-01 1.41852533e-03 4.00303436e+02 1.37034149e+01
 -5.03871124e+00 8.62902376e-03 3.64070360e-01 6.30178598e-03 -1.26027271e+02 1.36990983e+01
 7.31702072e+00 -3.91753494e-03 1.78171830e+00 -9.46901602e-03 -1.63574568e+02 1.37017958e+01
 1.17290967e+01 -1.16024040e-02 6.21707968e-01 -3.20693929e-03 1.20245709e+02 1.37022332e+01
 -7.18845120e-01 -9.08177247e-03 -9.51056009e-01 -4.64385730e-03 -1.10379666e+01 1.36996527e+01
 1.49959655e+01 -1.80618247e-02 2.00304673e+00 -1.40925807e-04 3.46258985e+02 1.37028609e+01
 4.37931226e-01 1.02738964e-02 6.26902268e-01 2.64013801e-03 -1.42216012e+02 1.36999087e+01
 -1.20319369e+01 1.36916037e-02 -1.46075921e+00 5.07850939e-03 1.49441114e+02 1.36975541e+01
 1.61404583e+01 1.28017944e-02 1.62163292e+00 -2.22107486e-03 4.27562350e+02 1.37032270e+01
 -2.49620432e+01 -4.36013607e-03 4.55207024e-01 -3.34758005e-04 -5.97884717e+02 1.36953392e+01
 -1.10230641e+01 1.27710155e-02 -6.52680193e-01 -7.99432016e-03 4.58062038e+01 1.36979367e+01
 -2.98068058e+00 5.03856498e-03 -8.11728996e-01 -4.53278581e-03 1.24096625e+02 1.36992464e+01
 1.56385139e+00 1.78442257e-03 1.34405346e+00 -8.38404069e-04 -1.16620651e+00 1.37002206e+01
 -4.42847381e+00 -2.82851462e-04 7.99669572e-01 2.26157097e-03 3.91596005e+02 1.36992348e+01
 -8.35267843e+00 3.44313095e-03 -1.40041623e-01 6.49229514e-03 2.05966011e+02 1.36985647e+01
 -9.50201312e+00 -1.12653874e-02 2.00482992e-01 -1.46719076e-03 -2.77598762e+02 1.36981416e+01
 -4.50897175e+00 5.14169697e-03 -7.35834198e-01 9.54696542e-04 -1.57986471e+02 1.36992938e+01
 -7.50684417e+00 1.20220238e-02 -1.08549271e+00 2.29609705e-03 -5.20967770e+01 1.36985078e+01
 -1.58384249e+01 -2.15799046e-03 -1.36584567e+00 -9.52443145e-03 -3.34352604e+01 1.36970479e+01
 1.75862561e+01 1.01485138e-02 3.32915278e-01 -2.13423460e-03 -2.16542844e+02 1.37035673e+01
 2.88091950e+00 5.90727894e-03 8.41921292e-01 -7.59944287e-04 7.38767997e+01 1.37004924e+01
 -1.06469665e+00 -7.62054898e-03 -4.97329412e-01 1.56386660e-02 -6.70670287e+02 1.36996667e+01
 -1.82030279e+00 1.85947146e-03 -4.39928403e-01 8.16603277e-03 -3.80995153e+01 1.36998362e+01
 -6.60178528e+00 3.44743087e-03 -2.10516053e+00 -1.40497778e-03 1.84507110e+01 1.36988047e+01
 -1.69156361e+01 2.51001359e-03 -8.62637965e-02 1.12418050e-03 -2.97793845e+02 1.36964306e+01
 2.33735797e+01 -3.89074807e-03 4.88120187e-02 4.52147107e-03 5.43260479e+02 1.37044816e+01
 -7.94911897e-01 -1.09584253e-03 6.75033141e-01 -4.25102891e-03 4.59029367e+02 1.37002402e+01
 -7.21365140e+00 4.40917072e-03 3.88998595e-01 5.61386133e-03 1.21141403e+02 1.36986329e+01
 -4.55027105e+00 4.23919290e-03 1.21981771e+00 -2.55201382e-03 -3.94525902e+01 1.36991429e+01
 -1.04441835e+01 -1.19361838e-02 2.51050739e-01 7.93456120e-03 2.84142425e+01 1.36976049e+01
 -1.18630455e+01 8.88265336e-03 1.19915845e+00 6.02243335e-03 -3.03863719e+02 1.36977360e+01
 -7.30539113e+00 -1.80408258e-02 9.64407757e-01 -1.01731823e-02 4.34510022e+02 1.36983997e+01
 3.31012759e+00 9.28771097e-03 1.74401302e-01 -5.38758030e-05 -4.52815555e+02 1.37005727e+01
 -1.86881474e+01 -1.81548118e-03 -3.28541865e+00 -4.78919530e-03 -2.03135651e+02 1.36963571e+01
 1.62727289e+01 -1.56673832e-02 -1.10650374e+00 -4.44972709e-03 1.29350922e+02 1.37034304e+01
 1.53735729e+01 6.94955741e-03 -4.67532958e-01 8.47125485e-03 4.38698374e+02 1.37030762e+01
 4.51488705e+00 -3.98438725e-03 -4.01069362e-01 4.22405763e-03 -1.32577965e+02 1.37009190e+01
 6.27386359e-01 4.02576804e-03 -5.24767106e-01 -4.07000551e-03 2.41607479e+01 1.37001060e+01
 -2.04501799e+01 -1.07147767e-02 9.04282846e-01 -1.64045595e-03 -2.81561785e+02 1.36958054e+01
 -1.05548320e+01 -6.14523066e-03 1.21501021e+00 -1.62187450e-02 2.48944934e+02 1.36981214e+01
 -4.78665062e-01 2.41108160e-04 1.24769800e-01 2.19601063e-03 1.01364957e+02 1.36998603e+01
 -3.12881017e+00 -4.80750859e-03 -1.49959801e+00 -1.19306515e-03 -3.43693109e+02 1.36993928e+01
 1.40542063e+01 1.12741970e-03 -1.12548681e-01 -5.88786833e-03 -4.86980322e+02 1.37027795e+01
 6.22752813e+00 -9.48158276e-03 -2.28730710e+00 -3.14421525e-03 -7.04684869e+01 1.37009995e+01
 1.60570176e+01 3.80322337e-03 -2.19373133e+00 -5.00809130e-03 -4.35386416e+01 1.37028945e+01
 3.53718425e+00 5.97056898e-03 -1.29597346e+00 -1.44446704e-02 2.20780842e+02 1.37006286e+01
 -1.59208532e+01 5.75531876e-03 1.29177458e+00 -3.32938016e-03 -2.07556877e+02 1.36965764e+01
 -3.46786643e+01 -6.23045725e-03 -2.87284446e+00 -8.42606039e-03 1.80874106e+01 1.36931519e+01
 5.10572604e+00 -9.27851537e-03 -2.74505348e+00 -9.55732061e-03 3.37140242e+01 1.37009140e+01
 -5.32154462e+00 -9.91836235e-03 6.00118638e-01 2.85718097e-03 -2.54888988e+02 1.36988106e+01
 1.47427763e+01 -5.89646535e-03 5.89775441e-01 4.76020759e-04 4.31703178e+02 1.37028280e+01
 1.61159654e+01 1.41719445e-03 -1.82219746e+00 -9.95869667e-04 -2.32690639e+02 1.37030670e+01
 3.93753859e+00 4.49901196e-04 5.50692654e-01 1.91414076e-03 1.18612443e+02 1.37007751e+01
 2.99404210e+00 -1.41795997e-02 -8.21939463e-02 -9.40348094e-04 -2.94026646e+02 1.37008100e+01
 1.23548986e+00 -6.29552598e-03 -7.76644206e-01 1.13138769e-02 -3.25930529e+01 1.37004345e+01
 -1.89711711e+00 -1.07140499e-02 -3.81554738e-01 1.28852897e-03 -2.96912282e+02 1.36994165e+01
 -4.33084301e+00 2.48892078e-03 2.03853859e-01 4.03037542e-03 -1.44794315e+02 1.36991734e+01
 1.76535716e+01 4.63573598e-03 -2.34044628e+00 3.54063147e-03 1.83059284e+02 1.37034029e+01
 -7.20258504e+00 7.38077905e-03 1.45278023e+00 -1.24787247e-02 1.00754692e+02 1.36985876e+01
 2.61972229e+01 -2.05734536e-03 -7.11941271e-01 5.08195334e-03 5.23689257e+02 1.37054731e+01
 9.99249215e+00 -5.23684386e-03 -5.06319004e-01 -3.10868424e-03 3.31457993e+02 1.37020045e+01
 1.15744472e+01 6.43992985e-03 6.98869888e-01 -4.75858136e-03 -2.36591593e+02 1.37022379e+01
 5.85731081e+00 -3.50525640e-03 1.86732297e+00 9.17046145e-03 -5.92212134e+02 1.37014925e+01
 7.30407055e+00 7.30886705e-03 2.83673261e+00 -1.12875723e-02 2.23381326e+02 1.37011687e+01
 3.94333545e-01 -4.37974304e-03 -4.98400709e-01 -9.51763356e-04 6.54051534e+02 1.37000192e+01
 1.74066978e+01 -7.53050957e-03 7.55927083e-01 6.62405355e-03 -2.43864788e+02 1.37033171e+01
 5.87084731e-01 -1.41830437e-03 -2.17222443e-01 -2.61612214e-04 4.26797309e+02 1.37001249e+01
 -4.90041339e+00 -7.38963667e-03 -3.80278126e-01 1.08587176e-03 2.37605049e+02 1.36993745e+01
 1.75647164e+01 6.66464848e-03 -5.79134193e-01 7.37223173e-03 2.04501845e+01 1.37035150e+01
 2.27802030e+01 1.30728091e-02 -1.70412864e-01 -1.73811244e-03 5.33173084e+01 1.37046907e+01
 -7.39760801e+00 1.20066314e-02 6.26422288e-01 -3.86788239e-03 -5.12438236e+01 1.36985232e+01
 1.03342614e+00 -1.67117450e-02 2.91278941e+00 8.14873084e-04 -3.87950938e+02 1.37001451e+01
 6.15010502e+00 1.02300800e-02 -4.43723030e-01 4.55312982e-03 -1.43507942e+02 1.37014006e+01
 5.22015892e+00 1.57283394e-02 1.46668680e+00 -4.30128164e-04 -6.63700587e+01 1.37009383e+01
 4.86878792e-02 3.73258204e-03 5.05924830e-01 1.56091445e-03 1.46965521e+02 1.37001365e+01
 -9.70220159e+00 4.75444732e-03 -1.46515709e+00 -2.52681915e-03 3.35683962e+02 1.36979903e+01
 3.28553156e+00 2.54270803e-03 -1.32963504e+00 -5.40340103e-03 -4.07808705e+02 1.37004359e+01
 -3.03710892e+00 6.49101394e-03 5.01800528e-02 3.59038449e-04 2.54759350e+02 1.36998323e+01
 4.18651821e+00 4.20690089e-03 -9.91372207e-01 -4.12005890e-03 -1.00463075e+02 1.37008640e+01
 4.81763080e+00 3.03303753e-03 1.40448530e-01 -4.34966896e-03 -1.96924688e+02 1.37013613e+01
 -9.18296006e+00 6.17661935e-03 -6.74129981e-01 3.68688479e-03 -4.27315536e+01 1.36977432e+01
 -2.04804388e+01 -1.51614590e-03 1.20885309e-01 -1.76535728e-03 1.54127910e+02 1.36961185e+01
 -2.07392867e+01 -2.85505689e-04 -5.54679364e-01 8.73762149e-03 -2.41311115e+02 1.36959454e+01
 -6.86396759e+00 6.45910753e-03 -1.01679573e+00 -9.20327083e-03 3.25149970e+01 1.36983988e+01
 9.79089626e+00 1.57076083e-03 -5.13767385e-01 3.35049739e-03 -2.06485876e+02 1.37017255e+01
 -7.02105149e+00 -7.23641500e-03 -2.22739027e+00 2.98991349e-03 1.98087043e+02 1.36985843e+01
 1.74840990e+01 -4.01040422e-03 -8.46694033e-01 2.99229354e-03 3.31512723e+02 1.37035421e+01
 2.19774761e+01 1.31197658e-03 -1.07293503e+00 -2.25605232e-03 9.00917681e+01 1.37045296e+01
 9.33278966e+00 2.26598121e-03 -2.37224085e-01 1.17732911e-02 -4.90993078e+02 1.37020535e+01
 4.17386785e+00 -3.53895238e-03 -2.14935570e+00 3.22684819e-03 -5.28502328e+01 1.37008049e+01
 -2.73991440e+01 -1.42600421e-02 -1.28265487e+00 -4.77707910e-03 -7.94340288e+01 1.36945374e+01
 -8.85479983e+00 -1.22295311e-03 -1.28082043e+00 5.06274400e-04 -1.79712818e+02 1.36982750e+01
 6.48231598e+00 -1.90302867e-03 -1.22038479e+00 1.25072910e-03 -6.16797088e+02 1.37012491e+01
 -1.30590033e+01 1.87033053e-03 5.87178671e-01 2.70194420e-03 6.94100268e+00 1.36971979e+01
 2.05918857e+01 -1.67861482e-03 1.84039013e+00 -1.36385849e-03 3.79197128e+02 1.37038461e+01
 7.75776606e+00 1.03548724e-02 3.28253605e-02 -2.48087023e-03 1.94331805e+02 1.37012762e+01
 1.08787766e+01 2.16514048e-03 1.11933667e+00 -1.43824123e-03 5.43647098e+01 1.37023370e+01
 1.13460326e+01 3.79414829e-03 6.70790361e-01 7.24884763e-03 1.30896239e+02 1.37020788e+01
 5.51258825e+00 -1.05277905e-02 -6.21169646e-01 2.30608084e-03 1.13980408e+02 1.37011074e+01
 1.89434276e+01 -2.59867479e-03 -1.26424606e+00 9.25586372e-03 9.07505164e+01 1.37036928e+01
 -7.97589399e+00 2.78134462e-03 7.16659104e-01 6.65375305e-03 -1.75081628e+02 1.36983051e+01
 1.74949696e+01 -4.44587586e-04 5.43585048e-01 -7.57710436e-03 3.78899499e+01 1.37034999e+01
 3.26484292e+01 4.47796228e-03 -5.10666054e-01 -2.02215825e-03 6.09360277e+01 1.37061392e+01
 8.45670122e+00 -3.90254946e-03 9.55284430e-01 -1.31208653e-03 3.69052060e+02 1.37018223e+01
 1.19192296e+01 -4.94633771e-03 -4.33461638e-01 -2.06669864e-03 6.71907592e+01 1.37025670e+01
 9.58506843e+00 -1.66734595e-02 -8.10803837e-01 1.10999947e-02 1.67992324e+02 1.37018747e+01
 3.17408827e+01 6.80120077e-03 -2.30361404e+00 2.26933465e-03 -2.99449099e+02 1.37057609e+01
 -1.11113127e+01 2.37031128e-03 5.26889059e-01 1.08135273e-03 1.05244706e+02 1.36979901e+01
 -1.15400966e+01 1.98846644e-03 3.98392506e-01 5.92558010e-04 -4.28561731e+02 1.36977561e+01
 1.59061617e+01 7.25123027e-03 -1.02247749e+00 3.36222342e-03 3.72179568e+02 1.37032583e+01
 -5.35130353e+00 3.70992188e-03 -9.76282737e-02 -3.75714517e-03 4.54417288e+02 1.36991586e+01
 -1.36861378e+01 -3.54576631e-03 -1.40754902e+00 5.75892311e-03 7.40279106e+02 1.36971904e+01
 -8.39645424e+00 9.36718111e-03 1.30082261e-01 -1.96211104e-04 2.11316911e+02 1.36981001e+01
 -2.77388094e+01 3.04137577e-03 7.13005534e-01 5.96598552e-03 1.55929504e+02 1.36943638e+01
 -1.54023683e+01 6.23235922e-04 -1.49980841e+00 -7.06514150e-03 -3.31110870e+02 1.36970577e+01
 1.99752199e+01 9.95681363e-03 -4.40552678e-01 -8.27688591e-03 -1.91344174e+02 1.37038478e+01
 1.24508370e+01 1.17736251e-02 -9.42804449e-01 1.35652163e-03 -1.07685814e+02 1.37024375e+01
 1.53705492e+01 6.33588424e-03 7.37782526e-01 2.61366394e-03 2.13355783e+02 1.37026724e+01
 1.50678338e+01 2.33604594e-03 3.95466600e-01 -1.16275751e-02 -1.61949623e+02 1.37031244e+01
 -1.87843041e+01 -5.36244035e-04 2.52786961e+00 6.43245945e-03 6.67841491e+02 1.36961835e+01
 1.30870951e+01 5.48686467e-03 9.11429089e-01 1.54018483e-03 -2.77685462e+02 1.37026622e+01
 3.14369977e+00 -1.03521862e-02 5.72356233e-02 2.28406109e-03 -1.69894225e+02 1.37005294e+01
 -1.33237273e+01 -6.41447433e-03 -8.46558098e-01 -2.13952272e-03 -1.97841113e+02 1.36975872e+01
 1.96592289e+01 1.70487224e-03 4.70111226e-02 -3.74850387e-03 -8.10522322e+01 1.37036495e+01
 -1.16540341e+01 -5.22772646e-03 -1.93585074e+00 -5.26198617e-03 -1.11440388e+02 1.36976650e+01
 -2.40735797e+00 5.81495934e-03 8.57414299e-01 5.00195841e-03 1.60398661e+02 1.36995130e+01
 2.26047287e+01 3.16695087e-03 4.73742362e-01 5.44754247e-03 -2.67756038e+02 1.37046284e+01
 -1.17749278e+01 4.96599883e-03 -1.97812094e+00 3.22387398e-04 -3.47370498e+02 1.36979331e+01
 -3.60436676e+00 8.23861196e-03 1.09247336e+00 6.13154897e-03 -5.25658173e+02 1.36994516e+01
 -4.28384665e+00 1.91279155e-02 5.97966899e-01 -4.91667936e-04 -4.06519806e+02 1.36991881e+01
 -3.26090014e+01 -1.60439669e-03 -1.84920386e-02 -2.37135795e-03 -4.58894667e+01 1.36936886e+01
 -5.75877415e+00 -1.53071687e-04 -5.00090257e-01 -6.25912334e-03 1.51099267e+01 1.36987533e+01
 2.35458510e+01 8.90521533e-03 1.33612087e+00 -7.42107881e-03 -3.38584102e+02 1.37048887e+01
 3.48270584e+00 -1.31042088e-03 -8.37121284e-01 7.91819885e-04 -2.24017399e+02 1.37007411e+01
 3.80865384e+00 8.70791945e-03 -4.55191965e-01 -4.57024924e-03 1.25717755e+02 1.37010100e+01
 2.09715590e+01 -1.15436320e-02 -1.20364688e+00 1.81739450e-03 2.69861940e-01 1.37041458e+01
 -1.03157304e+01 3.29270284e-03 1.73288421e+00 -5.83047440e-03 2.12519632e+02 1.36978301e+01
 2.41890353e+00 -1.12837708e-02 -3.01965306e-01 -3.49800602e-03 5.35403399e+02 1.37005425e+01
 -1.56907173e+01 1.68138205e-03 -9.89547503e-01 5.18703784e-03 2.12068357e+02 1.36966721e+01
 1.61953770e+01 9.22510076e-03 -8.10500973e-01 8.42218409e-04 -5.62511492e+02 1.37031237e+01
 -9.68311824e+00 -2.09190412e-02 5.27427341e-01 -1.02036328e-03 5.34820708e+02 1.36981274e+01
 -6.14871439e+00 7.24069222e-03 -9.82252951e-01 -1.83209697e-03 3.46884617e+02 1.36988793e+01
 1.03198102e+00 2.87769217e-04 4.87895792e-01 -1.65404107e-04 3.21787921e+02 1.37000562e+01
 1.79854434e+01 1.60610111e-02 2.22670019e-01 2.24450760e-03 -2.12374256e+02 1.37033709e+01
 2.38783467e+01 4.92356474e-03 2.16606849e-01 -2.86398641e-03 3.07286395e+02 1.37045578e+01
 -2.99107776e+01 4.95527295e-03 2.37957827e-01 6.44515348e-03 3.50594393e+01 1.36942344e+01
 -6.61510721e+00 6.99084172e-03 -1.66627496e+00 -2.91207984e-03 8.50008294e+00 1.36986749e+01
 -5.99717935e+00 -1.87450963e-02 -6.67031627e-01 -9.36702419e-04 -2.14165415e+01 1.36989515e+01
 2.95905190e+01 2.32221713e-03 -2.37674413e-02 3.95471799e-03 3.53635903e+02 1.37059410e+01
 -2.10851447e+01 -4.73858895e-03 1.43793277e+00 2.76309299e-03 -1.44958981e+02 1.36958405e+01
 4.24041942e+00 -6.30475144e-03 -1.87132066e+00 -7.44692058e-03 2.83423909e+02 1.37007433e+01
 1.43635053e+01 -1.16641157e-02 -5.88737124e-02 -2.84550764e-03 -3.35857717e+02 1.37025135e+01
 1.88856217e+00 -3.24077211e-03 -5.29673376e-01 1.08087112e-03 -2.13919790e+02 1.37001869e+01
 -3.22685835e+00 8.03144932e-03 1.23275680e+00 7.28870327e-03 5.37515349e+02 1.36994267e+01
 6.11514391e+00 -1.06752822e-02 -1.23483404e+00 -1.12971947e-02 3.13978784e+02 1.37016423e+01
 8.01123057e+00 -4.39091364e-03 2.13518999e+00 9.73002376e-03 6.74086245e+01 1.37014811e+01
 -1.83227395e+01 4.58970760e-03 -1.74448632e-01 3.79937573e-03 2.93304184e+02 1.36965406e+01
 7.97551294e+00 -7.44646010e-03 -7.37438935e-02 -6.88804352e-03 -1.04151717e+02 1.37014831e+01
 -2.02635896e+01 -4.70920048e-03 -1.01803425e+00 7.38206308e-03 9.75504261e+00 1.36961512e+01
 6.90399503e+00 8.63195590e-03 -5.68575791e-01 -3.51177482e-03 1.78226338e+02 1.37010544e+01
 7.93427232e+00 8.23986328e-03 -8.75842975e-01 7.94011875e-03 1.92636149e+02 1.37015057e+01
 3.59179126e+00 7.70942704e-03 6.12909737e-01 3.07464162e-03 -3.93466937e+02 1.37008455e+01
 -3.26973005e+00 1.69231384e-03 -3.39317900e-01 1.35305401e-03 -1.89557895e+02 1.36993091e+01
 1.34371006e+01 3.29982521e-03 8.80483167e-01 2.87541117e-03 -1.57388958e+02 1.37025775e+01
 -2.13379258e+00 -8.68698792e-03 2.02831818e-02 -5.01881682e-03 -3.19082374e+01 1.36996221e+01
 -1.79107066e+01 1.95722996e-03 -1.13660652e+00 1.20655217e-02 2.52367129e+02 1.36965567e+01
 -1.71239819e+00 5.62311681e-03 2.78611535e+00 3.12793945e-03 -1.48670185e+02 1.36995192e+01
 -2.24791576e+01 1.81635376e-03 9.11553590e-01 -6.45628303e-03 3.48205934e+00 1.36957288e+01
 1.71068854e+01 2.91964695e-03 2.05395251e-01 -4.40973619e-03 5.26089745e+01 1.37032316e+01
 5.47771865e+00 1.23704278e-03 1.07181935e-01 2.58377303e-04 2.15148233e+01 1.37009281e+01
 -1.19811905e+01 -5.98477392e-03 -1.80140688e-01 -7.32748608e-03 4.26789759e+01 1.36981003e+01
 5.73262890e+00 1.80322174e-02 4.62936148e-02 -1.28298927e-02 -1.83312415e+02 1.37013423e+01
 1.04846584e+00 -1.64553352e-03 -1.42450568e+00 -2.65328824e-03 3.91966003e+02 1.36999761e+01
 -1.93828081e+01 9.10233385e-03 2.66079399e-01 -5.94669499e-03 1.42857923e+02 1.36962315e+01
 -2.65596220e+01 8.13136300e-03 4.76035063e-01 -3.43787733e-03 7.34942294e+00 1.36950968e+01
 -4.07662870e+00 -5.44661305e-03 -8.67033387e-01 -4.93445217e-03 -1.61432467e+02 1.36992216e+01
 9.41405257e+00 -5.42400599e-03 1.20924874e+00 5.58093229e-03 -2.73485429e+02 1.37020568e+01
 -7.10242821e+00 8.40797942e-03 -2.73439206e-01 -5.29443076e-03 -1.20884153e+02 1.36985886e+01
 2.10466174e+01 -1.19967913e-03 1.84519105e-01 5.76277765e-04 -2.26608771e+02 1.37042207e+01
 2.34069148e+00 -3.45558383e-03 -4.47171271e-01 -1.13493141e-02 -3.87110613e+02 1.37006974e+01
 -2.20194510e+01 1.53568493e-02 -5.91289656e-01 8.29289565e-04 1.01678723e+02 1.36956999e+01
 1.52088584e+01 4.26287706e-03 3.99923671e-01 -7.59947001e-03 -2.54933647e+02 1.37028364e+01
 -1.51738866e+01 -4.60020055e-03 -2.43244155e+00 -9.40271429e-03 1.57675963e+02 1.36965773e+01
 1.81126150e+01 9.24202553e-03 -7.21104889e-01 -8.98511167e-03 -3.34515243e+02 1.37034839e+01
 2.99807257e+01 -5.00421219e-03 -1.47982257e+00 5.89686859e-03 -1.47870017e+02 1.37057213e+01
 -2.82258393e+01 4.98549903e-03 -3.73566025e-01 6.65651585e-03 2.24584776e+02 1.36942549e+01
 5.11389679e+00 9.33331951e-03 3.88942387e-01 9.29433130e-03 2.13969076e+02 1.37006134e+01
 -1.43097632e+01 -1.00219716e-02 1.53017151e+00 3.24253106e-03 -4.86321145e+02 1.36975476e+01
 2.11056945e+00 5.25792047e-03 -4.67755227e-01 8.11574826e-03 2.03315485e+02 1.37004051e+01
 1.35034655e+01 -5.95621752e-03 8.78123434e-01 2.85319343e-03 -1.21197117e+02 1.37025701e+01
 -2.12685524e+01 2.65851412e-03 1.90837741e+00 -3.75765477e-03 -2.23695586e+02 1.36959796e+01
 1.65936408e+01 8.21292503e-04 -4.30612389e-01 -7.73632693e-03 2.77129497e+02 1.37029825e+01
 -3.90029992e+00 1.09654007e-02 1.18179828e+00 1.08496014e-02 2.51794762e+01 1.36991951e+01
 -2.59646293e+01 5.71192089e-03 1.56613571e-01 3.55976708e-03 1.36077085e+02 1.36946078e+01
 -1.35969379e+01 -7.38280101e-03 8.75102642e-01 2.08896385e-03 -1.86070971e+02 1.36972952e+01
 1.46853045e+01 2.36822996e-02 2.88029547e+00 3.08035199e-03 7.69657562e+01 1.37027928e+01
 1.11121650e+00 -6.50624669e-03 7.60229878e-01 -7.71515226e-03 3.50672723e+02 1.37000467e+01
 7.45032541e+00 8.09858417e-03 1.25850800e-01 2.97204194e-03 -3.94973958e+02 1.37013864e+01
 8.44835168e+00 -6.99321390e-04 -1.84695398e-01 -3.46386477e-03 -2.08418769e+02 1.37020762e+01
 1.72198876e-01 -9.00753015e-04 1.90292007e+00 -3.35550631e-04 9.12516841e+01 1.36999541e+01
 2.42366959e+00 8.02617123e-03 -3.24436183e-01 5.74389522e-04 -4.98212640e+02 1.37004804e+01
 -2.84549509e+01 -5.98941246e-03 2.73572930e-01 -5.19055105e-03 2.68000601e+02 1.36946093e+01
 -1.61293728e+00 5.11288766e-03 2.18772270e+00 -1.01973275e-02 -1.71946842e+01 1.36995271e+01
 -1.12592338e+01 1.03530285e-02 -1.67766416e+00 3.14576842e-03 2.98474895e+01 1.36979520e+01
 9.32804761e+00 7.63376751e-03 5.25595092e-01 4.62148804e-04 4.20866294e+02 1.37018770e+01
 2.38722655e+01 -4.16389261e-03 3.53517171e+00 -2.59509504e-04 -2.45493895e+02 1.37047794e+01
 -3.44531107e+01 3.05802869e-03 2.03938945e+00 -4.13685516e-03 8.20157606e+01 1.36932529e+01
 -1.95964202e+01 -1.25198327e-02 -1.87352380e+00 8.99745793e-04 1.05853647e+02 1.36961945e+01
 -2.56145117e+00 -2.38205449e-04 -3.40588722e-01 -3.63092096e-03 -6.50961691e+01 1.36996524e+01
 -3.43769356e+01 -2.35389963e-03 -8.43669000e-01 -7.73134414e-03 -3.07814224e+02 1.36932441e+01
 2.02652092e+01 1.02541371e-02 -3.50469311e-01 1.62371709e-03 1.09285458e+02 1.37037457e+01
 -6.82173632e+00 1.47645170e-02 1.94696629e-01 3.88457050e-03 2.76340864e+02 1.36986862e+01
 5.41064317e+00 9.20700856e-03 -7.23631320e-01 -3.21266835e-03 2.02442623e+02 1.37011108e+01
 6.59367652e+00 -1.11286379e-02 2.15838619e-01 -1.12373130e-03 1.46731716e+02 1.37014665e+01
 8.10583800e+00 1.03037288e-04 1.45512729e+00 -2.92328520e-03 -5.67309420e+02 1.37017215e+01
 -2.46905382e+01 -1.08001062e-02 1.48260060e+00 -4.53331504e-03 1.54857197e+02 1.36950810e+01
 -3.20530856e+01 3.31992880e-03 2.26044029e+00 4.06968474e-03 -4.82918644e+02 1.36936603e+01
 -5.72240985e-01 -5.84799247e-03 1.28154374e+00 1.07247837e-02 -1.72438809e+02 1.36999967e+01
 -2.33832573e+01 1.70982907e-03 6.24314112e-01 2.05477916e-03 1.91864516e+02 1.36953154e+01
 2.86477633e+01 -4.65627296e-03 -3.57564953e-01 -1.03326041e-03 -5.14713017e+02 1.37054298e+01
 -7.20972690e+00 -1.05099195e-02 -2.21353813e+00 -5.71549974e-03 -1.66898422e+01 1.36984989e+01
 -2.21224486e+01 1.15364212e-02 8.04365652e-01 2.34095804e-03 -3.28058358e+02 1.36957258e+01
 -4.32731275e+00 5.08574535e-03 1.54346071e+00 8.93719046e-03 -1.71976096e+02 1.36991626e+01
 3.87103442e+00 -4.87168447e-03 -5.90979828e-01 -9.44869389e-03 -1.99873803e+02 1.37007861e+01
 -3.99638662e+00 -2.02208502e-03 9.07086924e-02 9.38600130e-03 2.47919805e+02 1.36992973e+01
 -5.08956357e+00 -2.62816397e-03 6.53383929e-01 2.41874437e-03 1.10308579e+01 1.36988900e+01
 -6.82046736e+00 -3.43651784e-03 -1.67038195e+00 -9.84143491e-03 -5.45760169e+01 1.36990405e+01
 -1.88224391e+01 -1.28126929e-02 1.56498626e-01 -1.00432663e-02 -1.38876485e+02 1.36963252e+01
 1.39303061e+01 -2.25258482e-03 8.99637518e-01 -2.11948141e-03 -3.56094680e+00 1.37027282e+01
 1.33755488e+01 1.95265085e-03 -1.34441967e+00 -2.70053570e-03 -2.86180853e+01 1.37022847e+01
 9.03970550e+00 6.87649577e-03 -1.93154706e+00 -1.45441312e-03 -2.13759388e+02 1.37018935e+01
 4.75345585e+00 -2.90663686e-03 2.55604498e-01 -4.35405448e-03 -2.96711390e+02 1.37007460e+01
 3.10144856e+00 -4.72482176e-03 7.26905541e-02 -1.60209865e-02 2.97113378e+02 1.37009459e+01
 -2.24017826e+01 7.94864378e-03 9.89207725e-01 -6.54367067e-04 -6.73250585e+02 1.36958034e+01
 -1.30339681e+01 3.35868110e-04 -1.54601285e+00 3.43585236e-03 -1.29544099e+02 1.36970959e+01
 -1.18693902e+01 -1.64938139e-05 -5.51383753e-01 -5.87751722e-03 3.29619684e+02 1.36978796e+01
 -1.79645853e+01 -4.79843598e-04 8.54776956e-01 -5.57001463e-04 -2.97623361e+02 1.36962340e+01
 7.26438579e-01 -1.49516504e-02 1.01351348e+00 -1.60850906e-02 1.19261923e+01 1.37002368e+01
 -1.41017064e+01 1.44483041e-02 -1.04782286e+00 1.40485015e-03 -2.38213201e+02 1.36974466e+01
 1.51957089e+01 -7.17592723e-03 6.15389902e-01 -3.99668922e-04 2.00595247e+01 1.37031279e+01
 -4.78764222e-01 -9.40920056e-04 8.17641504e-01 -5.13845176e-03 -1.32569605e+02 1.37000389e+01
 -1.97189623e+01 -2.56450412e-03 5.05987726e-01 -7.62495214e-03 -1.79560616e+01 1.36961096e+01
 7.80893735e+00 1.59460736e-02 4.49361908e-01 3.71411085e-03 -1.13427279e+02 1.37014830e+01
 2.05064048e+01 -4.10874854e-03 -4.57601608e-01 2.98055017e-03 -1.04410165e+02 1.37042259e+01
 1.71510169e+01 -8.10404418e-03 -8.93184937e-01 -6.63686368e-03 -3.80462544e+02 1.37030460e+01
 -1.87500952e+01 -7.59779544e-03 6.56933148e-02 -4.61424498e-03 4.19234011e+02 1.36965539e+01
 -8.12228588e+00 -5.95585460e-03 -1.76782887e-01 5.45149868e-04 2.60782938e+02 1.36984098e+01
 -1.13987946e+01 9.47803315e-05 4.83655309e-01 -2.00786406e-03 -4.25611359e+01 1.36978431e+01
 -2.15523339e+00 1.43533908e-02 4.92450766e-01 7.56003425e-03 -2.03023715e+02 1.36994066e+01
 1.02772971e+01 -1.08833467e-02 -1.01847878e+00 1.01460801e-03 -2.89750994e+01 1.37021780e+01
 -1.03007519e+01 1.28630835e-03 -7.62494086e-01 3.66152788e-03 1.06805916e+01 1.36977225e+01
 1.92991409e+01 2.56783000e-03 -7.95896756e-01 6.15703275e-03 -8.62402287e+01 1.37039639e+01
 -2.86791472e+00 7.82219719e-03 -2.49205228e-01 3.09794531e-03 2.87628316e+02 1.36992911e+01
 1.55590290e+01 5.56625726e-03 -4.97521802e-01 -3.20773431e-03 2.38296759e+02 1.37030225e+01
 -1.20825287e+01 4.34683489e-03 8.75438514e-01 -5.90545759e-03 -9.71582432e+01 1.36974142e+01
 -4.64765897e+00 -4.58035528e-03 1.44058245e+00 1.33636446e-02 -2.70912211e+02 1.36991044e+01
 -2.92245273e-01 6.33936801e-03 3.62082565e-01 1.18760411e-02 -3.57255752e+02 1.36995893e+01
 6.37225851e+00 -4.47085211e-03 1.34860839e+00 3.71870304e-03 -7.75820495e+00 1.37014157e+01
 -1.45532256e+01 -9.97670166e-03 5.13106771e-01 -3.80719987e-03 -1.00229416e+02 1.36970471e+01
 -3.10911594e+00 3.08728283e-03 -6.76648479e-01 2.13831461e-03 -1.57896084e+02 1.36993608e+01
 8.48072521e+00 -1.15007954e-02 4.05137498e-02 -3.33974979e-03 5.68054321e+02 1.37014243e+01
 3.21939453e+00 8.65116063e-04 -1.81845568e+00 -2.21015949e-03 -2.52809293e+02 1.37007193e+01
 7.97438732e+00 -5.23191885e-03 -1.12793586e+00 -2.17460194e-03 4.05529921e+02 1.37015238e+01
 1.67171183e+01 -4.61913212e-03 -6.39683784e-02 -5.99359704e-03 3.85998471e+01 1.37032730e+01
 -1.50518091e+01 8.26466346e-03 -3.09779608e-01 4.64598325e-03 -4.43853123e+02 1.36970459e+01
 9.18539995e+00 1.26832611e-02 -3.08619987e-01 -9.38969894e-03 5.46499520e+02 1.37019549e+01
 -8.32921138e+00 -4.79658705e-03 1.46365725e+00 -3.19484839e-03 -1.22999618e+02 1.36983647e+01
 -5.06817275e+00 3.20044573e-03 -1.04929756e+00 6.50338764e-03 -2.35063320e+02 1.36988667e+01
 -1.67710930e+00 3.15354236e-03 -1.51995766e+00 4.77843912e-03 1.98797035e+02 1.36996425e+01
 1.21452521e+00 6.66249488e-03 -1.63737082e+00 -1.73623908e-03 -5.00800843e+02 1.37003048e+01
 2.13608988e+01 -7.47945437e-04 -1.55169869e-01 1.32758965e-03 5.04945037e+02 1.37040569e+01
 1.58052089e+01 -2.38247047e-03 5.05110987e-02 -4.54827391e-03 -1.57297018e+02 1.37031272e+01
 8.90440881e+00 -3.80802560e-03 1.15431319e+00 1.75167915e-03 -3.74853437e+02 1.37018931e+01
 -1.32774589e+00 9.75724201e-03 -2.11452690e+00 3.53756606e-03 -2.25973636e+02 1.36995135e+01
 -1.15311160e+01 -6.71765203e-03 -6.75333202e-01 7.36126255e-03 -9.73911895e+01 1.36975328e+01
 -1.36851702e+00 2.31907587e-03 -6.61383892e-01 4.08761109e-03 -4.12993952e+01 1.36996367e+01
 1.94126107e-01 -4.14244865e-03 1.42253082e+00 2.39355360e-03 -7.17899235e+01 1.36997433e+01
 1.71962767e-02 -1.39354563e-02 1.88402312e+00 -8.45103128e-03 6.00218076e+02 1.36997698e+01
 2.30152511e+01 -2.58207567e-03 -5.62021632e-01 -5.77857748e-03 -1.51356823e+02 1.37044771e+01
 -9.13253666e+00 1.93951014e-03 1.07210151e+00 1.49359043e-04 -2.23817611e+02 1.36981535e+01
 9.98022546e+00 -7.72714707e-03 4.19906405e-01 -4.50025274e-04 -4.01758600e+01 1.37019942e+01
 4.81157382e+00 -4.74361054e-03 -4.04794791e-01 -2.88600298e-03 -1.64826483e+02 1.37009026e+01
 1.12334868e+01 1.22133075e-02 -1.61359094e-01 7.13080905e-03 1.16470390e+02 1.37025803e+01
 2.15465142e+01 -4.27528655e-03 1.44519429e+00 3.05897465e-03 -2.26598766e+02 1.37045308e+01
 -2.38890319e+00 -8.79583034e-03 -4.27545180e-01 -1.09540700e-03 5.42823615e+02 1.36996356e+01
 1.08486595e+01 -1.72119084e-03 -2.05963698e+00 -2.22779867e-04 -1.64503296e+02 1.37023472e+01
 -1.78427980e+01 -1.27894839e-03 1.23980940e+00 -6.37160447e-03 5.57477821e+02 1.36966213e+01
 3.57825569e+00 -5.67936722e-04 2.90594517e-01 -6.35012185e-03 -1.69900317e+02 1.37007313e+01
 1.63789608e+01 2.80311891e-03 -3.59309336e-01 1.87573711e-03 -7.64536975e+02 1.37032391e+01
 3.12787110e+01 -1.69024256e-03 -4.92638606e-01 6.63949487e-04 -9.00441748e+01 1.37063578e+01
 -2.78323964e+01 3.03053697e-03 -1.62677164e-01 3.67123695e-03 9.24091305e+01 1.36944032e+01
 3.20606909e+00 -9.31910191e-03 -9.93959105e-01 8.78557131e-03 5.59903288e+01 1.37006688e+01
 8.24391206e+00 1.08991182e-02 -6.80565618e-01 -8.86363830e-04 2.29061254e+02 1.37015854e+01
 -2.86831237e+00 1.16365227e-03 1.84878121e+00 3.31044444e-03 1.89005236e+02 1.36995703e+01
 4.27125079e+00 5.74016845e-03 -1.46763735e+00 -3.21691235e-05 -4.86792571e+02 1.37009328e+01
 2.34505018e+01 2.46137250e-03 -6.96268873e-01 -3.06764523e-03 5.15187545e+01 1.37047460e+01
 -2.67835739e+01 2.13301766e-03 7.48960532e-01 1.56723774e-03 -2.19056118e+02 1.36946731e+01
 -9.36410434e+00 -5.86006199e-03 2.29474237e-01 -3.25020207e-03 4.81838041e+02 1.36979568e+01
 -2.52231280e+01 3.54482671e-04 -3.35387136e-01 4.84434486e-03 1.82710716e+02 1.36950658e+01
 -2.84790837e+01 2.82515471e-03 -3.47622228e-01 -5.48749758e-03 2.17837671e+02 1.36944406e+01
 -4.35795640e+00 1.29087342e-03 -7.62195557e-01 2.49807116e-03 5.09375041e+00 1.36990353e+01
 -4.32176186e+00 -6.30709663e-03 -1.56221742e-01 -1.45602596e-03 -3.81620151e+02 1.36992756e+01
 1.95080323e+01 -6.83350099e-03 6.37861956e-01 8.66008249e-03 -8.75313582e+01 1.37039163e+01
 1.86721314e+00 1.14258610e-02 -1.24207894e+00 3.17203378e-03 -1.23787315e+02 1.37002585e+01
 9.25693986e+00 -1.57601681e-02 6.69901377e-01 7.69594844e-04 -7.31042338e+02 1.37015355e+01
 -3.38566073e+00 5.20614615e-03 -3.00973681e-01 9.58252269e-03 -1.97076972e+01 1.36994345e+01
 1.78223142e+01 6.02749630e-03 8.13793712e-02 -7.38326475e-03 -3.68684459e+01 1.37036500e+01
 2.13076327e+01 -9.24734823e-03 -1.47878695e+00 2.63141615e-03 1.64393281e+02 1.37045189e+01
 -1.85354857e+01 2.08104788e-03 -9.38887891e-01 1.83294347e-03 -2.75439479e+02 1.36964036e+01
 -4.31675099e+00 -1.16868564e-02 -6.28380835e-01 7.72394371e-03 3.68954382e+02 1.36991269e+01
 1.07609748e+01 5.37074993e-03 1.04000185e+00 8.48223882e-03 2.31595244e+02 1.37021741e+01
 -6.54633537e+00 8.27824303e-03 -4.69607845e-02 1.73246413e-03 7.72319648e+02 1.36983352e+01
 -8.40550349e+00 1.41343715e-03 -1.78298273e+00 -4.37023358e-03 1.88447625e+02 1.36984891e+01
 1.65880927e+01 -6.66012529e-04 1.64222355e+00 2.68230888e-03 4.08533114e+02 1.37032510e+01
 6.41610602e+00 -1.55346680e-02 2.15764624e+00 1.81476369e-02 -6.96850525e+01 1.37011463e+01
 -4.53778991e+00 1.29101782e-03 -5.34196017e-01 1.35287477e-03 -1.41836517e+02 1.36987843e+01
 -1.12481317e+01 -1.76001040e-02 1.14942421e+00 -6.41887625e-03 -5.06977826e+02 1.36977377e+01
 5.16501264e+00 5.01151774e-03 1.13732030e+00 5.62205501e-05 -2.11249915e+02 1.37009408e+01
 -6.09874600e+00 -3.72568445e-03 -1.82217527e+00 7.18269008e-03 1.01532198e+02 1.36988393e+01
 1.20161075e+01 -5.90673189e-04 9.07153072e-01 -4.85076962e-03 1.21220003e+02 1.37019738e+01
 -5.57124236e-01 -1.48492764e-02 -1.02034382e+00 7.25561992e-03 4.55833168e+02 1.36999868e+01
 -7.68730904e+00 7.10380838e-03 -1.06601270e+00 4.70081050e-03 2.20237807e+02 1.36984914e+01
 4.31505544e+00 3.85622860e-03 6.92645909e-01 -5.79811559e-03 -2.21238215e+02 1.37010503e+01
 -2.36586354e+01 9.82274360e-03 -2.33605707e-01 -2.98783089e-03 -5.25196353e+02 1.36951810e+01
 -4.52065816e+00 -7.17064587e-03 1.43457181e+00 -2.99695263e-03 -5.73050063e+02 1.36989896e+01
 -2.86981431e+01 -2.57872725e-03 -1.31972705e+00 -6.62011923e-03 -1.96617526e+01 1.36941299e+01
 -8.73236828e+00 7.89439495e-03 2.88991028e-02 -4.85855235e-03 8.76612422e+01 1.36979193e+01
 -2.83512454e+01 -2.16024852e-03 8.82993965e-01 3.87750642e-05 -6.36396164e+00 1.36942242e+01
 1.01025108e+01 3.29729055e-03 7.07252287e-01 -2.19223749e-03 3.56392366e+02 1.37018888e+01
 -7.19464438e+00 1.30667846e-02 4.56951820e-01 6.17941358e-03 4.51922401e+02 1.36982817e+01
 -1.95720443e+00 -2.91704070e-03 -8.42664115e-01 3.61880355e-03 2.91760513e+01 1.36996261e+01
 1.42735273e+01 -4.49805828e-03 -2.13598847e-01 1.83722503e-03 -1.96644922e+02 1.37027796e+01
 6.31787997e+00 3.48024628e-03 2.20999069e-02 9.93240608e-03 -3.76966915e+02 1.37011940e+01
 1.88236704e+01 -1.16202715e-02 3.58363182e-02 -1.07029964e-02 1.02359656e+02 1.37038616e+01
 1.55715374e+01 1.08557255e-02 -5.28261824e-02 -1.93327368e-03 3.72526877e+02 1.37034749e+01
 1.01079341e+01 6.13999210e-03 -8.70377422e-01 5.91220846e-03 -2.84544742e+02 1.37020192e+01
 -1.31220106e+01 -4.64748816e-03 -2.94473353e-01 -7.08572350e-04 4.18360011e+02 1.36975920e+01
 -1.55741472e+01 -1.10273581e-02 -9.00487333e-01 1.32785832e-03 -3.63493319e+02 1.36967705e+01
 9.15283028e+00 -6.40392425e-03 -4.31072623e-02 2.12067889e-03 -2.38782664e+02 1.37020775e+01
 -2.61072049e+00 6.52618734e-04 -3.09590377e-01 -6.64589275e-03 -2.09766416e+02 1.36994680e+01
 1.36865705e+01 -1.74125889e-02 -1.40052160e+00 2.42518027e-03 -6.90985714e+02 1.37026055e+01
 -4.21349822e-01 -1.59201074e-05 -2.82204133e-01 -1.87234963e-03 1.02076736e+02 1.36999473e+01
 9.19349505e+00 -1.13745858e-02 -2.28852834e+00 -7.80456750e-04 3.02525482e+02 1.37015249e+01
 -6.53646109e+00 -2.44540754e-03 -1.17537997e-01 5.27946930e-03 -2.14273761e+02 1.36986855e+01
 2.21784896e+01 -8.83464011e-04 -3.22713121e-02 -7.86238983e-03 -3.11972801e+02 1.37047780e+01
 6.52336600e+00 -2.60366286e-03 1.15615216e+00 -1.66122466e-03 -3.34486750e+02 1.37014668e+01
 2.08227750e+01 2.31373855e-02 -7.98178077e-01 -1.09446402e-02 2.34813649e+02 1.37040616e+01
 -1.91122067e+00 -1.42340616e-02 -1.55888772e-01 8.25542891e-03 -6.43442728e+02 1.36994909e+01
 1.16732471e+01 2.09401419e-03 1.03279550e+00 8.67801007e-03 -2.27316657e+02 1.37021664e+01
 8.87677350e+00 -6.43731920e-04 1.72746430e+00 -2.45862265e-03 8.66819628e+02 1.37018763e+01
 -2.09379663e+01 -9.24735683e-03 -6.40293349e-01 1.09348143e-02 -5.32567635e+01 1.36958004e+01
 -1.23626101e+01 3.32454561e-03 -1.76490487e+00 2.71059628e-03 2.31726167e+02 1.36976429e+01
 3.09129858e+00 -7.91071740e-03 -1.80124888e+00 -1.00728216e-02 2.53764170e+02 1.37005017e+01
 6.20726005e+00 1.93349036e-03 -1.18538648e+00 1.11596351e-02 -4.82172342e+01 1.37012499e+01
 1.24299317e+01 -3.66194541e-03 1.71686007e+00 -1.08392006e-03 1.68540725e+01 1.37023671e+01
 8.04056369e+00 9.56791335e-03 6.51161438e-01 1.98269885e-03 7.06883933e+02 1.37014423e+01
 -5.87749176e+00 -3.52989529e-04 1.05413644e+00 8.60644149e-03 -2.34470840e+02 1.36988570e+01
 -3.67443179e-01 2.56893171e-03 4.35874719e-01 5.91739550e-03 1.82927885e+02 1.36998948e+01
 -4.46015353e+00 6.32884155e-03 -3.59550976e-01 7.06139812e-03 -2.93452628e+02 1.36987098e+01
 2.07938221e+01 -3.25608653e-03 5.71353333e-01 4.69583509e-03 -2.92099830e+02 1.37040433e+01
 8.20512467e+00 8.76876107e-03 -1.33755419e+00 -7.85208928e-03 1.06478988e+02 1.37018854e+01
 -2.21491545e+01 4.73613114e-03 -1.85875494e+00 -8.66270234e-04 -3.46233345e+02 1.36953047e+01
 -1.90884752e+01 -6.00016558e-03 3.73510976e-01 -7.92873299e-03 3.05942870e+02 1.36964469e+01
 3.23035190e+01 -5.36391443e-03 -1.66923728e+00 8.32681739e-03 1.71773515e+01 1.37063584e+01
 -1.01508585e+01 1.57295193e-02 3.98400731e-01 1.99826087e-04 -5.89017084e+02 1.36980813e+01
 5.22761923e+00 -3.27973854e-03 7.38839802e-01 7.69801354e-03 3.06435431e+02 1.37011238e+01
 -8.01202571e+00 -8.64963187e-03 1.19940003e-01 -5.22107887e-03 2.94531645e+02 1.36982357e+01
 1.55440266e+01 7.07686231e-03 -2.43323388e-01 -1.03763254e-02 8.37349458e+00 1.37034175e+01
 6.20021923e+00 -6.23090248e-03 -6.51694327e-01 1.07493573e-02 -4.30911254e+02 1.37014182e+01
 -3.03086499e+00 8.54148128e-03 2.51275806e+00 9.80320913e-03 7.82475915e+01 1.36989927e+01
 -2.56063560e+01 -6.85110168e-03 -5.49639991e-02 -1.00414292e-02 2.66079360e+02 1.36949182e+01
 -2.59489217e+00 -4.74722729e-03 2.54864004e-01 4.77051124e-04 2.51221295e+01 1.36996232e+01
 -8.45415482e+00 4.11126799e-03 2.29496383e+00 -2.53088627e-03 -1.72224918e+02 1.36982723e+01
 -1.88268485e+01 5.87752456e-03 -1.28804099e+00 -8.60053044e-03 -1.03980040e+01 1.36962514e+01
 -7.87736941e+00 -2.93630624e-03 -1.18985848e+00 -7.86841282e-03 8.30245177e+01 1.36984907e+01
 -1.19580947e+00 -8.14387707e-03 2.68830968e-01 1.84265557e-04 1.87344193e+02 1.36996425e+01
 2.46897755e+00 4.87817838e-03 -7.81966726e-03 -8.15248299e-03 5.46174032e+01 1.37008053e+01
 6.07082012e+00 3.84473449e-03 2.62307832e+00 7.44308921e-03 9.95044033e+00 1.37012640e+01
 -5.15022656e+00 -1.26655262e-02 7.26183944e-03 -1.43208713e-04 8.62292574e+01 1.36987190e+01
 9.62016816e+00 -1.05555409e-03 1.86410941e+00 -3.62939998e-03 1.63900498e+02 1.37019623e+01
 -2.12759563e+01 -5.80110728e-03 6.60486015e-01 -4.11329077e-04 -1.63757871e+02 1.36958364e+01
 -1.32540566e+01 -9.91985403e-03 -3.08545024e-01 -8.56414584e-03 1.53642743e+02 1.36976785e+01
 -3.27604278e+00 -1.71160860e-02 -1.87394019e-02 -6.94389620e-03 -1.75431833e+02 1.36994701e+01
 -5.25004337e-01 6.40012717e-04 1.17651072e+00 5.56136714e-03 5.29367799e+01 1.36999357e+01
 5.59561127e+00 -3.29958273e-04 -7.09465205e-02 2.14087229e-03 9.08701779e+01 1.37013768e+01
 4.59309263e+00 -1.06713041e-02 -1.37803941e-01 5.48710581e-03 3.16663935e+02 1.37009029e+01
 -7.95632990e+00 -2.60945446e-03 -1.07693989e+00 3.87602675e-03 1.07856291e+02 1.36984491e+01
 1.06317244e+01 -2.33230929e-03 2.99542507e-01 4.71564938e-03 5.01668040e+02 1.37016539e+01
 -6.21017554e+00 -1.41345276e-02 -3.58889821e-01 -8.01438346e-03 -6.91550089e+01 1.36988942e+01
 6.39989830e+00 9.77157928e-04 -3.51998840e-01 -8.80907641e-03 2.55088612e+02 1.37014084e+01
 -9.04211032e+00 -1.16971242e-02 -1.63356051e+00 -4.37422588e-03 -3.86681859e+02 1.36978792e+01
 3.00246325e+01 -1.46677423e-03 1.49496362e-01 -8.45771179e-03 5.48337961e+02 1.37060682e+01
 -1.98288475e+00 1.47892808e-03 3.87584282e-01 -5.15305366e-03 3.02989209e+02 1.36997174e+01
 2.22267172e+01 3.25820399e-04 -4.21226169e-01 3.63247653e-04 -9.09055160e+01 1.37042003e+01
 9.56680997e+00 2.47420819e-03 1.82170666e+00 -3.16175613e-03 7.59940706e+01 1.37018660e+01
 9.01470969e+00 9.02979782e-04 1.18705096e+00 -5.73170700e-03 -3.38002852e+02 1.37016042e+01
 -3.03397235e+00 -4.61317962e-03 1.84560276e+00 1.85717677e-03 4.04432193e+01 1.36996527e+01
 -6.28091739e+00 4.91817135e-03 -2.96433576e+00 -9.28090024e-05 3.67788176e+02 1.36987400e+01
 -2.22682928e+00 -3.58058633e-03 4.39899006e-01 1.43785081e-03 1.95400959e+02 1.36993217e+01
 1.66211124e+01 1.83211249e-04 -1.25750662e+00 2.41518651e-03 3.40009408e+02 1.37032176e+01
 4.69736239e+00 -8.65287841e-03 3.08050919e-01 -3.38208701e-03 1.92275759e+02 1.37008570e+01
 -1.90681454e+01 -8.49488438e-03 2.66091988e-01 3.91427162e-03 1.33030671e+02 1.36963299e+01
 7.79509480e+00 3.83671262e-03 -7.58724224e-01 -5.24904222e-03 -3.84188364e+01 1.37011786e+01
 -3.82726505e+00 7.99116316e-03 3.43071394e-01 -1.40375873e-02 1.84258350e+02 1.36990922e+01
 1.25018243e+01 3.05688881e-03 -1.16388083e+00 -4.35193404e-03 7.41110134e+01 1.37022769e+01
 -3.28156736e+00 -8.44903522e-03 5.00716099e-01 -3.81353757e-03 1.96873197e+02 1.36993832e+01
 -1.21684545e+01 -4.62885864e-03 -4.28752651e-01 -1.73896546e-03 1.11923042e+02 1.36978302e+01
 8.01365703e+00 2.45738041e-03 2.56393478e-01 2.04910020e-03 -2.85400404e+02 1.37017106e+01
 1.59356058e+01 -3.69754647e-03 -1.25342208e+00 1.06298424e-02 2.16885933e+02 1.37030331e+01
 1.81528833e+01 -4.01978894e-03 3.34372368e-01 -3.77721147e-04 -2.36007104e+02 1.37038851e+01
 -1.36541019e+01 -1.55203654e-03 -8.20005968e-01 9.45668325e-03 2.00496606e+02 1.36970673e+01
 -7.00412499e+00 -9.84319971e-04 1.28069621e+00 -8.37753320e-03 1.83007480e+02 1.36983972e+01
 1.94566176e+01 -2.63550558e-03 -7.64981242e-01 4.86228525e-03 -3.39732336e+01 1.37042559e+01
 5.61211416e+00 -4.90263158e-03 1.09820858e+00 -1.27855681e-02 -8.63780279e+01 1.37012222e+01
 3.56964170e-01 2.80448390e-03 7.08623883e-01 4.71063334e-03 -1.64610649e+02 1.36999269e+01
 1.52734453e+00 -1.19286629e-02 -2.98939316e-01 -3.61639669e-03 -1.81372022e+02 1.37004924e+01
 4.53496800e+00 -1.13318609e-04 -2.00108361e+00 2.04714439e-03 -8.87834338e+01 1.37009436e+01
 1.21249781e+01 -2.46836808e-03 -8.99718893e-01 -3.87833568e-03 -2.00632164e+02 1.37026826e+01
 9.47074580e+00 -8.72429777e-03 5.69189874e-01 -5.97327870e-03 4.17673098e+02 1.37016253e+01
 1.30972227e+01 -1.79265944e-02 2.53097096e-01 1.84583501e-03 -2.22480445e+02 1.37029688e+01
 -1.27945369e+00 4.44896957e-03 2.08209003e+00 4.47524944e-03 -2.83390692e+02 1.36999023e+01
 6.37337244e-01 9.10196542e-03 2.38007663e-01 3.34713206e-03 3.03764884e+02 1.37002440e+01
 -7.14835071e+00 4.14925058e-03 -3.24959562e+00 -4.72769179e-03 1.95347553e+01 1.36986490e+01
 -1.06707234e+01 -2.16052169e-03 2.34805862e-01 -2.97028707e-04 2.25441178e+02 1.36977646e+01
 9.40262756e+00 7.61459330e-04 4.27679089e-01 9.79178846e-03 9.77428318e+02 1.37017618e+01
 -1.03014129e+01 2.57196709e-03 1.25439803e+00 -3.40106059e-03 -3.57337527e+01 1.36979466e+01
 -1.57743489e+01 -6.22605699e-04 -9.42966381e-01 4.76516188e-03 1.64220283e+02 1.36968441e+01
 -1.57784653e+01 -1.25884296e-02 7.26832926e-01 2.36581298e-04 -1.44446435e+02 1.36967576e+01
 -4.52477298e+00 7.08400836e-03 9.12138222e-03 3.47444386e-03 -8.28207375e+01 1.36991153e+01
 -3.63352067e+00 -4.62831839e-03 -2.01433863e+00 -1.90194739e-03 -1.31354213e+02 1.36991223e+01
 4.42755480e+00 5.43301738e-03 -3.11452213e-01 -5.64538296e-03 2.42899876e+01 1.37009162e+01
 -1.73343843e+01 5.44616624e-03 9.68224295e-01 4.60520622e-03 2.52946931e+02 1.36964347e+01
 7.51992257e+00 1.14193492e-02 6.35166644e-01 1.12897760e-04 -2.41900423e+02 1.37013624e+01
 2.56156120e+01 -3.65815397e-03 -9.52044315e-01 -2.30721384e-03 -1.64304710e+02 1.37054182e+01
 1.27938647e+01 7.58826749e-04 4.01591761e-01 1.56535837e-03 -4.45238448e+01 1.37025353e+01
 -1.89851546e+01 6.14922692e-03 -9.98633062e-01 -2.83266834e-03 -4.02692062e+02 1.36960344e+01
 9.52420959e+00 3.76458499e-03 -1.24680259e+00 2.24879746e-03 3.62665972e+01 1.37016506e+01
 -1.64805820e+01 1.59000737e-03 1.56775168e+00 -4.59172708e-03 2.87638979e+02 1.36967666e+01
 3.15484912e+01 -5.02101771e-03 -8.44775995e-01 1.22940748e-03 -1.30976388e+02 1.37061041e+01
 2.42029131e+00 1.24715239e-02 -1.41525456e+00 2.53928190e-03 1.14400459e+00 1.37007702e+01
 -4.48946463e+00 3.46339656e-03 -2.24967921e+00 -3.04809201e-03 3.02117903e+02 1.36994037e+01
 -1.63558946e+01 -4.21543412e-03 3.32515706e-01 8.72470763e-04 -1.32295379e+02 1.36965584e+01
 1.93155782e+01 9.82530896e-03 2.00595842e+00 -3.04608126e-03 1.66400827e+02 1.37039103e+01
 -2.10882437e+01 7.38499554e-03 -2.19884415e+00 -2.49645098e-04 -1.83016752e+02 1.36962481e+01
 8.29630840e+00 2.53199542e-03 -2.52188113e+00 -7.40218341e-03 -8.88756895e+01 1.37015536e+01
 -1.40509170e+00 -6.64151506e-03 -1.98766213e+00 -1.57184098e-03 -5.37977020e+02 1.36998531e+01
 -6.39601473e+00 3.93913278e-03 1.63933054e+00 1.23521207e-02 -2.66173260e+01 1.36987129e+01
 -1.38153495e+01 1.08238033e-02 -5.83533277e-01 2.32608209e-03 -3.67649977e+02 1.36972404e+01
 -1.74836686e+01 1.26898494e-03 -1.62001567e-01 1.91279164e-03 -3.40718663e+02 1.36967294e+01
 2.18541494e+01 9.59386812e-03 3.17947801e-02 -4.29235247e-03 -2.05045561e+02 1.37046032e+01
 4.73462234e+00 2.42087180e-04 -1.35807705e+00 4.07522314e-03 -2.85688091e+02 1.37011680e+01
 2.31152856e+01 4.26682469e-03 4.35221698e-01 -1.16605916e-03 -1.48930487e+01 1.37046665e+01
 1.39822195e+01 8.36975318e-04 -9.88761797e-01 -3.13474374e-03 3.47031358e+02 1.37026266e+01
 3.44005821e+00 1.23944754e-03 -7.59539521e-01 3.04624616e-03 4.84399639e+02 1.37007253e+01
 -1.97026306e+01 -4.05985623e-03 -3.94207705e-01 -5.36219509e-03 1.33865162e+02 1.36961532e+01
 -2.01175790e+01 -4.60785815e-03 -2.15963646e+00 -5.10675823e-03 -1.81480696e+02 1.36962195e+01
 1.30847156e+01 1.78437025e-03 -4.55370726e-02 3.65206269e-03 1.43743016e+02 1.37022692e+01
 -4.43722202e-01 -2.68083055e-03 -6.13822536e-01 4.03727191e-03 2.71097932e-01 1.37000124e+01
 -6.90201916e+00 -2.17385168e-03 2.17505402e+00 -1.57507498e-03 -2.36100812e+02 1.36988068e+01
 -1.92776429e+00 -3.52802875e-03 2.12948665e-01 7.66307816e-03 4.04264900e+02 1.36994239e+01
 -5.35500570e+00 -6.67015248e-03 -1.45829717e+00 -7.20331544e-03 1.11237455e+02 1.36989713e+01
 1.06564320e+01 -9.98309853e-03 -1.66276188e+00 4.15866513e-03 3.75240789e+02 1.37023796e+01
 1.37806652e+01 -2.68528887e-03 -6.53014491e-01 -1.25977283e-02 1.82254263e+02 1.37028900e+01
 4.28969454e+00 1.04568139e-02 -1.48563757e+00 8.99395295e-03 1.73136863e+02 1.37011222e+01
 -1.34629452e+00 -3.55265504e-03 -8.22236530e-01 -6.18666269e-03 1.04994894e+02 1.36998580e+01
 -1.99868182e+01 2.29316435e-03 -1.36113414e+00 -2.53335170e-03 -1.61304855e+02 1.36957508e+01
 9.30484932e-01 -1.18536577e-03 3.16731171e-01 -4.29118662e-03 3.89825365e+02 1.37004483e+01
 -7.31262989e+00 1.02856777e-02 -8.23090612e-01 -4.87821313e-03 1.21431764e+02 1.36982639e+01
 1.23072686e+01 -6.70659218e-03 2.08261971e-01 -1.20843891e-03 1.25510551e+01 1.37026004e+01
 1.80768258e+00 -4.45529576e-03 3.38559330e-01 -9.59248636e-04 1.58790953e+02 1.37005027e+01
 2.42112135e+01 6.70318875e-03 -1.26132024e+00 -9.09322980e-03 -1.96325853e+01 1.37048828e+01
 1.03089611e+00 -3.04115640e-05 4.82507277e-01 2.29879392e-03 -1.35270774e+02 1.37004697e+01
 2.11282404e+01 7.24846626e-04 -8.04054623e-01 -3.08536896e-03 -3.32115915e+02 1.37042034e+01
 -8.30317079e+00 3.62250672e-03 4.08997829e-02 -6.73301615e-03 2.10764156e+02 1.36985538e+01
 3.04668140e+01 7.38483539e-03 1.42040920e+00 -9.47243881e-03 5.12638264e+01 1.37058845e+01
 -2.92021091e+00 3.30858473e-04 1.00612481e+00 5.67449950e-03 -6.55706603e+02 1.36991791e+01
 5.20429665e+00 -2.19658000e-03 -7.96281078e-01 1.39241756e-02 -5.84383030e+02 1.37010567e+01
 -2.66766815e+01 -1.37480742e-03 -5.98982860e-01 1.09069327e-02 3.64900419e+01 1.36944296e+01
 -2.43101699e+00 -3.26425500e-03 5.66605106e-02 -1.10916812e-02 3.87937966e+02 1.36993265e+01
 8.30953351e-01 -4.87141277e-03 -2.42821233e+00 8.75202792e-03 5.14466321e+02 1.37002271e+01
 -6.59118201e+00 -1.02308535e-02 -7.90061386e-01 -9.82007285e-03 -1.59606793e+02 1.36987055e+01
 -2.65793983e+00 5.14392414e-03 1.93612354e+00 -5.03567287e-03 4.92072494e+02 1.36996889e+01
 -6.12888058e-01 -3.39776878e-04 -3.66265194e-01 6.01070182e-03 -5.26779359e+02 1.36998303e+01
 -6.46168139e-01 -1.34378797e-02 3.04107016e-01 -1.56797884e-02 1.32537574e+01 1.36998343e+01
 -8.45718284e+00 5.41054303e-03 -4.77215292e-01 -5.32424696e-03 6.09926622e+01 1.36979612e+01
 1.87196911e+01 -8.05882210e-03 1.39245876e+00 -1.90912935e-03 2.85783557e+02 1.37039691e+01
 2.09497175e+00 -9.82838535e-03 5.74403946e-01 2.14213614e-04 5.12541890e+02 1.37005074e+01
 1.53655407e+00 -8.01600891e-04 7.70164296e-01 4.86875455e-03 -4.23081823e+01 1.37005435e+01
 -1.93350477e+01 -1.39421165e-04 1.20335905e-01 5.57370500e-05 -1.58733930e+02 1.36958661e+01
 -7.78286477e+00 -1.10282479e-03 -1.57804989e+00 9.32170292e-03 -1.25399291e+02 1.36983731e+01
 4.15937948e+00 1.96534493e-03 4.03515105e-01 -6.89923307e-03 6.66715570e+01 1.37009761e+01
 3.27830277e+01 -4.66074124e-03 -6.04376025e-01 1.45109292e-02 2.10542535e+02 1.37065773e+01
 1.70377471e+00 2.98687705e-04 -1.46588506e-01 1.02001177e-02 1.64103778e+02 1.37000739e+01
 3.02210977e-01 -9.61040011e-03 4.25103874e-01 -8.83575906e-03 -1.68805790e+02 1.36997256e+01
 1.05102643e+00 -1.79922740e-02 2.69078349e-01 -9.16463524e-04 5.97844800e+01 1.37001135e+01
 -6.76503380e-01 -1.42505786e-03 -2.51357240e-01 7.17477215e-03 4.40884507e+02 1.36997435e+01
 -5.23905626e+00 9.86600695e-03 3.95167193e-01 2.10954894e-03 -2.62009845e+02 1.36991962e+01
 -1.97374207e+01 7.67194370e-03 -1.66352890e+00 9.51631280e-03 -1.66819901e+01 1.36963554e+01
 -1.50826834e+01 -3.53337219e-03 3.92861535e-01 1.45964799e-03 1.30434093e+01 1.36968606e+01
 -6.06327046e+00 2.65261760e-03 1.04449423e+00 -9.67218501e-03 2.35194027e+02 1.36988953e+01
 6.75963306e+00 2.71814254e-03 1.43893414e+00 3.88687568e-03 3.18106883e+02 1.37013327e+01
 -8.09101460e+00 1.39691734e-03 2.82617103e+00 -4.71435934e-03 -1.79464382e+02 1.36983199e+01
 -1.62366455e+01 1.10074935e-02 -1.40287913e+00 -8.51375367e-03 -3.30075540e+02 1.36966451e+01
 2.65434328e+00 2.54547062e-03 -8.52143004e-01 3.23889823e-03 1.12426118e+01 1.37005047e+01
 1.37368742e+00 -1.11638729e-02 8.68866666e-01 -7.80173499e-03 1.47535195e+02 1.36999444e+01
 -1.50327449e+01 -2.52483958e-04 -7.85415123e-02 5.24239521e-03 3.16965799e+01 1.36970934e+01
 -2.42150855e+01 -2.64460969e-03 8.05472823e-01 4.73254925e-04 -4.66954817e+02 1.36952091e+01
 6.36596939e+00 -6.59339872e-03 -9.79221452e-01 4.40719151e-03 -5.71824114e+01 1.37015653e+01
 1.32429316e+01 -1.33274116e-02 2.11683743e-01 3.70789365e-03 6.25687546e+02 1.37023192e+01
 -2.00874012e+01 4.63636888e-03 -1.42569506e-01 6.58905434e-03 -6.51574375e+01 1.36961070e+01
 -1.34354560e+01 1.50340814e-03 -1.48880392e+00 -3.10466836e-05 3.39230166e+01 1.36973028e+01
 1.09394032e-02 4.68784097e-04 -8.09112679e-01 5.69257060e-04 -4.11937044e+02 1.37000373e+01
 1.61068296e+00 -1.52279845e-02 -5.76917430e-01 2.56479773e-04 2.61113036e+02 1.37003785e+01
 -4.37373285e+00 5.26195020e-03 -1.52466143e+00 7.59287131e-04 -1.57981237e+02 1.36987365e+01
 -1.17275849e+01 -7.02413046e-03 6.05467236e-01 -5.52961980e-03 1.03799276e+02 1.36975740e+01
 -2.39273035e+01 1.13638054e-02 -1.46379214e+00 -6.70568177e-03 5.85516593e+01 1.36952305e+01
 -9.51196467e+00 7.92957290e-04 -2.10674347e+00 2.53693737e-03 -2.09364895e+01 1.36982069e+01
 -1.19968986e+01 3.58137105e-03 -1.24319809e+00 1.08615493e-02 -2.11430037e+02 1.36977245e+01
 7.00171347e+00 1.01649171e-02 6.62466877e-01 4.55917615e-03 -1.90062127e+02 1.37014842e+01
 2.73890363e+01 -9.91987963e-03 8.66730779e-01 4.37183970e-03 -3.37480654e+02 1.37055202e+01
 3.83776653e+00 -1.19613008e-02 7.29279431e-01 5.57259371e-03 -4.25660224e+01 1.37009075e+01
 1.66077724e+01 -5.77098988e-03 -2.03745672e-01 6.78046729e-03 -2.21131005e+02 1.37034737e+01
 -1.08839561e+01 -6.86849023e-03 8.62731988e-02 -1.07478519e-02 -3.11723726e+01 1.36979134e+01
 -9.33944887e+00 4.61617299e-03 -3.11549481e-01 4.14374815e-03 1.18880628e+02 1.36980807e+01
 -7.36674762e-01 -3.54686382e-03 1.91630712e+00 1.11414956e-02 3.42074310e+02 1.36998988e+01
 6.86131175e+00 9.71126164e-04 9.83275836e-01 -1.96120372e-04 -1.75064950e+02 1.37010714e+01
 -9.67084084e+00 -1.28216071e-03 -1.20965455e+00 6.32016166e-03 3.35206884e+02 1.36979487e+01
 -2.86938844e+01 -3.70652808e-03 1.15056500e+00 -3.51821769e-03 5.27683029e+02 1.36946810e+01
 -2.17858454e+01 -7.45989934e-03 -4.37692780e-01 2.34419346e-03 2.05779647e+01 1.36959056e+01
 -5.71641645e+00 8.25070580e-03 1.12703141e-01 -7.52421056e-04 -1.77040295e+02 1.36988310e+01
 -7.96499013e+00 -1.23170393e-02 7.36690270e-01 -8.90223907e-04 4.83160534e+02 1.36985122e+01
 1.37184901e+01 -3.65916581e-03 5.21256454e-01 6.08866490e-03 -5.41941348e+02 1.37028618e+01
 -8.90722784e+00 -9.87989392e-03 -1.32294807e+00 -2.48911990e-03 4.07316844e+02 1.36984459e+01
 6.62477091e+00 -5.04465269e-03 -7.01745103e-01 1.72666906e-03 -3.59625598e+02 1.37011432e+01
 1.34936953e+01 2.23049552e-02 -4.22903110e-01 8.19752116e-03 -3.58754718e+02 1.37026509e+01
 1.47728683e+01 -1.65171445e-03 -1.77412649e+00 1.49304378e-03 -8.59686180e+01 1.37028885e+01
 -7.15297406e+00 -6.06418927e-03 -1.03285552e+00 3.30829497e-03 -4.71713979e+02 1.36986627e+01
 4.71087282e+00 -9.41145108e-03 -1.07292247e+00 -4.12548440e-03 -2.52266886e+01 1.37010324e+01
 9.79290439e+00 -6.19807193e-03 -1.61136489e-03 -1.81435311e-03 -4.42583547e+02 1.37022152e+01
 -6.74113600e+00 -8.18264859e-03 1.00411593e+00 -9.91301517e-03 3.05276500e+02 1.36986560e+01
 1.16362055e+01 6.37449910e-03 7.57005218e-01 4.30751754e-03 3.79675346e+02 1.37022622e+01
 -7.82965576e+00 -1.20958433e-03 2.60593541e+00 3.22105059e-04 -2.81274530e+02 1.36987302e+01
 -2.32405025e+01 -1.85902168e-03 -7.63669920e-01 -8.70759932e-03 6.03905244e+02 1.36953769e+01
 -4.04460687e+01 6.22546835e-03 -8.26527453e-01 -6.13688206e-03 3.37047050e+02 1.36921047e+01
 -2.06752152e+00 -7.91976579e-03 1.00569118e+00 -1.56505980e-03 -3.63386060e+01 1.36994747e+01
 -8.68992969e+00 -8.32910045e-03 -4.51488066e-01 7.51636901e-03 -3.34454279e+02 1.36982862e+01
 1.61574973e+00 5.66476733e-03 1.67756636e+00 -4.96475348e-03 -1.32933822e+02 1.37002255e+01
 -1.03443980e+01 -1.57845052e-03 -1.23413976e+00 4.36917647e-04 2.57983522e+02 1.36977350e+01
 -1.17599130e+01 -7.51702181e-04 1.02613558e+00 4.91454767e-03 -1.83161945e+02 1.36976513e+01
 1.90404834e+01 -5.59743830e-03 -7.69377485e-01 -7.08943356e-04 2.86317855e+02 1.37040242e+01
 1.58113143e+01 1.79005416e-03 2.21555179e-01 -7.96968105e-03 -1.15750770e+02 1.37032263e+01
 -6.81427229e+00 -3.64328792e-03 1.34777152e+00 -7.90144540e-03 3.80653644e+01 1.36983930e+01
 -1.11340755e+01 -2.11776064e-03 1.79296782e-01 -2.94756712e-03 2.09162954e+02 1.36975745e+01
 -1.98836963e+01 9.14921684e-03 1.13229933e+00 2.11413984e-03 3.60670849e+02 1.36962004e+01
 -1.03171623e+01 -1.03582100e-02 -2.92630527e+00 1.07430630e-03 1.85564053e+02 1.36978319e+01
 -4.19184475e+00 1.89563418e-03 2.57333422e-01 1.34954367e-03 9.61058957e+01 1.36990657e+01
 -5.02633741e+00 5.97270118e-03 1.45810470e-01 -5.40368865e-03 6.17804277e+01 1.36991403e+01
 1.62522327e+00 -5.62901292e-03 -1.22047405e+00 -2.60211625e-03 1.09603438e+02 1.37003041e+01
 8.62186339e+00 -3.35199073e-03 1.64030393e+00 1.34166495e-04 -4.66121831e+02 1.37013723e+01
 -2.18494485e+01 -8.48272922e-03 3.12422133e-01 -2.61106893e-03 -1.01073322e+02 1.36955681e+01
 1.77540431e+01 4.61708340e-03 1.83370593e+00 -2.02833075e-03 4.08372636e+02 1.37036878e+01
 8.22630699e+00 -8.55753705e-03 -3.05233959e-01 9.67404988e-03 2.49608403e+02 1.37016216e+01
 -7.32742494e+00 1.23404605e-02 -6.78435386e-01 4.56604232e-04 -1.32128658e+02 1.36985877e+01
 1.78691810e+00 -2.02323928e-04 -3.69669907e-02 -3.87208229e-03 -1.00639428e+02 1.37005481e+01
 5.50398266e+00 1.09566872e-03 -9.92255917e-01 5.64176429e-03 -3.51071946e+02 1.37009119e+01
 -2.93559515e+01 -2.14927387e-03 1.35589766e+00 -7.01975572e-03 3.67384332e+02 1.36942493e+01
 -1.82595530e+01 3.66799560e-03 9.65071283e-01 4.58853896e-03 -3.75354983e+02 1.36961120e+01
 1.97508551e+01 -7.10498962e-03 -6.02846601e-01 -7.77348433e-04 -1.93331555e+02 1.37039623e+01
 -8.37294686e+00 -5.23085493e-03 6.12746141e-01 -2.96799663e-04 4.46397944e+01 1.36981129e+01
 -8.51407557e-01 -3.97707460e-03 -2.87137510e+00 9.07499070e-03 -2.37258070e+02 1.36996352e+01
 -2.32083434e+01 1.53053837e-03 3.27737279e-01 -4.85504262e-03 2.23805490e+02 1.36952796e+01
 -1.41244679e+01 6.04489561e-03 9.23405164e-01 6.51176815e-03 -3.61695736e+02 1.36970323e+01
 -6.66908580e+00 5.87893221e-03 -2.32733605e+00 -1.44965857e-03 3.87453817e+02 1.36985886e+01
 1.07135037e+01 -4.40668502e-03 -3.05837120e+00 -2.96997628e-03 -6.31450943e+02 1.37021012e+01
 2.18374734e+01 1.23836429e-03 1.46792292e+00 -5.94132504e-03 1.16175309e+01 1.37040269e+01
 7.36404162e+00 3.91427582e-03 -9.54096767e-01 2.59406717e-03 8.75681245e+02 1.37014863e+01
 -1.72777743e+01 1.28516819e-02 4.06206307e-01 1.81440645e-03 1.61496496e+02 1.36963485e+01
 -5.77901714e+00 -7.67041585e-03 -9.18527270e-01 -1.96960600e-03 -1.18897298e+01 1.36989903e+01
 -2.91528406e+00 -1.98379285e-03 -3.48020036e+00 -1.50383519e-02 4.99692278e+02 1.36995111e+01
 -3.65862982e+01 -5.39471139e-03 -4.44431794e-01 -1.10069225e-03 -1.38679990e+02 1.36925445e+01
 -1.95145426e+01 -4.76174069e-03 -1.78049097e+00 8.65405693e-03 3.38855738e+01 1.36960275e+01
 1.82027337e+01 5.38704742e-03 -1.96365075e-01 3.38604434e-03 -4.42727052e+01 1.37034985e+01
 3.45887600e+00 4.83977117e-03 1.13158762e+00 1.53271047e-02 1.99277703e+02 1.37006416e+01
 1.46329939e+01 1.28339055e-03 -2.38243044e+00 4.24488387e-03 4.59473201e+02 1.37026500e+01
 9.00584987e-01 -7.71334089e-03 2.45458505e-01 -8.32813126e-04 4.65677733e+02 1.37000253e+01
 1.01332644e+01 -5.04291702e-03 -7.15153681e-01 -3.55136349e-03 1.06043249e+01 1.37021120e+01
 -8.09410187e+00 -5.11870313e-03 8.68847183e-01 -5.86999047e-03 -4.92186043e+02 1.36985126e+01
 1.61362801e+01 -3.56608421e-03 -1.76808980e+00 2.23941546e-03 3.08133050e+02 1.37030524e+01
 4.55895480e+00 1.26155764e-02 -1.03127777e+00 1.02368880e-02 9.46180989e+01 1.37006775e+01
 3.04235012e-01 2.66017573e-03 1.64656841e-01 -2.14116079e-03 1.68368760e+02 1.36998685e+01
 -1.61773256e+00 2.42419487e-02 -2.62743754e-01 2.25516966e-03 3.37318464e+02 1.36997132e+01
 2.43483605e+01 -6.25361361e-03 -1.31179394e+00 -6.83820942e-03 3.71695977e+02 1.37047143e+01
 3.41505247e+00 -9.18321548e-03 5.78213129e-02 -5.04469003e-03 3.72080524e+02 1.37008033e+01
 -7.79110629e+00 2.47092414e-03 -9.22822145e-01 -1.28982762e-04 -1.76770301e+02 1.36987473e+01
 -1.11277233e+01 6.93655779e-04 1.95697323e+00 -9.07209210e-03 -2.04304420e+02 1.36979957e+01
 -8.22674756e+00 -5.00064138e-03 9.53905904e-01 -3.32949999e-03 -3.90949635e+02 1.36985188e+01
 -4.79200772e+00 1.10236382e-04 -1.82860354e-01 3.53615751e-03 -6.99328292e+00 1.36992038e+01
 4.42636881e+00 5.21329166e-03 2.19440805e+00 2.01504806e-03 -7.61093677e+01 1.37012430e+01
 1.26081722e+01 1.77480470e-02 1.50286515e-01 7.92456805e-03 -1.42496390e+02 1.37021238e+01
 4.32394054e+00 3.00036469e-03 -1.47329193e+00 -2.24201671e-04 1.31139860e+01 1.37011143e+01
 2.02594671e+01 6.12897173e-03 -1.20218312e+00 6.84333977e-03 4.53217823e+02 1.37037794e+01
 1.16528911e+01 -1.43726545e-02 -7.30170007e-01 -5.86005510e-03 -4.16748621e+02 1.37021130e+01
 1.64931107e+01 -1.54618734e-02 -1.10048312e-01 -5.29141855e-03 3.18223784e+02 1.37034038e+01
 -2.29150419e+01 -4.81346963e-03 8.61318034e-01 -3.96167391e-03 -3.43138578e+02 1.36955381e+01
 2.13617370e+01 -3.13296710e-03 6.18401213e-01 -1.29602425e-03 -1.44114805e+02 1.37043005e+01
 -1.36637986e+00 6.42294982e-03 -1.00615709e+00 9.33785642e-03 -3.12455270e+02 1.36996852e+01
 8.64893510e+00 1.31004012e-02 1.52969710e+00 9.28733560e-04 9.88448647e+01 1.37016173e+01
 -1.80433895e+01 6.03650380e-03 -9.39689387e-01 3.48294889e-03 -2.03769989e+01 1.36965406e+01
 -6.17675477e+00 1.03466237e-02 -1.65274173e+00 1.03236376e-02 -2.53659083e+02 1.36988141e+01
 2.55090724e+00 -4.27183863e-03 -6.16496259e-01 -2.69483392e-04 -5.73706928e+01 1.37001168e+01
 -2.56931329e+01 9.18035185e-03 1.47674953e+00 1.21504121e-03 3.46922375e+02 1.36948703e+01
 1.90542834e+01 -2.41675406e-03 -1.87941488e+00 -3.25528798e-04 -3.74396210e+00 1.37039844e+01
 -5.18276150e+00 9.47698345e-04 1.16058990e+00 2.67517721e-03 1.13094139e+02 1.36987831e+01
 -8.63676117e+00 -7.65391997e-03 1.55641219e-01 -4.98507746e-03 5.22321660e+01 1.36980610e+01
 2.70372705e+01 -5.62975657e-03 -3.01468693e-01 -5.14819244e-03 1.19183137e+02 1.37052462e+01
 -2.09235232e+01 2.65702919e-03 -3.61621251e-01 -5.03278663e-03 2.64336252e+01 1.36956442e+01
 4.58291654e+00 9.33441183e-03 -1.08461671e+00 3.21628106e-03 3.16728462e+02 1.37007174e+01
 -1.99273485e+01 1.24952602e-04 -1.28497485e+00 2.07560291e-03 1.54137863e+02 1.36963779e+01
 2.07818687e+01 -1.64968494e-02 -9.47007950e-01 -4.86596895e-03 -1.89456369e+01 1.37043239e+01
 2.53958045e+01 -2.07678969e-04 -3.58612513e-01 -5.50182102e-03 2.76024622e+02 1.37053235e+01
 -1.37692530e+01 -6.82687076e-03 9.17114812e-01 3.31166191e-03 9.27961214e+00 1.36973643e+01
 1.76525536e+01 8.81610710e-03 5.24978520e-01 -1.02893439e-02 -5.34069209e+01 1.37035263e+01
 1.68778959e+01 -2.66664163e-03 1.19177993e+00 4.15583963e-03 -5.07661720e+01 1.37034516e+01
 5.68748517e+00 -4.04483705e-03 -6.41635981e-02 2.08220306e-03 2.74752072e+01 1.37010622e+01
 5.50522550e+00 3.92275541e-03 1.10426366e+00 1.45336675e-03 -1.99952258e+02 1.37012197e+01
 7.51819734e+00 -6.61872341e-03 -5.91008408e-01 -1.12715121e-02 1.00876001e+02 1.37015915e+01
 -3.22257372e+00 2.61345243e-03 -1.01349861e+00 1.00989520e-03 -2.89218928e+01 1.36994502e+01
 -1.95230799e+01 -3.21386270e-03 4.69663037e-01 -9.50562684e-03 9.79240464e+01 1.36960234e+01
 1.83529859e+01 2.89791040e-04 2.85390948e-01 -5.38507167e-03 3.96453040e+02 1.37035990e+01
 1.72098423e+01 -6.95903715e-03 8.21733943e-01 -5.25455364e-03 2.82556118e+02 1.37038060e+01
 1.24002274e+00 -5.40151459e-03 1.84197606e+00 4.88263281e-03 -1.63953405e+02 1.37001831e+01
 5.44791751e+00 -4.34616938e-03 -3.39385043e-01 8.62062894e-03 -4.65847107e+02 1.37012735e+01
 9.74875780e+00 6.09523363e-03 7.89845844e-01 1.32137301e-02 -3.68060847e+02 1.37021044e+01
 9.99469262e+00 -4.02147359e-03 1.42873872e+00 9.61640572e-03 1.68022906e+02 1.37021654e+01
 -4.73984156e+00 1.26679179e-02 -1.07547505e+00 -3.74039491e-03 -2.75852929e+02 1.36989596e+01
 -1.15404649e+01 2.82966687e-03 1.34685970e+00 7.97076281e-03 -2.28904065e+02 1.36978306e+01
 9.14440777e+00 -3.60525448e-03 -4.81000625e-01 9.96758242e-03 1.88433184e+01 1.37021270e+01
 -1.25647690e+00 -1.22087413e-02 -5.17024027e-01 2.74773007e-03 -4.98739374e+02 1.36998446e+01
 -1.52289741e+01 -6.67510767e-03 2.93948478e-01 -2.80997965e-03 1.57877678e+01 1.36967727e+01
 -1.91750631e+01 -6.10811698e-03 -2.74407057e+00 6.02678306e-03 4.01116822e+02 1.36965033e+01
 1.53326735e+01 7.29128045e-03 -1.48748483e+00 -3.69496069e-03 5.69058998e+01 1.37029873e+01
 4.73115002e+00 2.10454270e-03 1.68774570e+00 -5.55094956e-03 1.45853968e+02 1.37010968e+01
 3.69632953e+00 6.49836308e-03 -3.86406051e-01 -2.47628080e-03 -5.58013722e+02 1.37010090e+01
 1.70553036e+01 5.92549215e-03 -6.73249719e-01 2.97146639e-03 4.61320077e+01 1.37034588e+01
 4.82570880e+00 -1.99803777e-03 3.16571411e+00 -2.14991980e-03 -1.20207086e+02 1.37009052e+01
 6.32165403e-01 -4.01708282e-03 3.97166954e-01 -8.25276739e-03 2.78372317e+01 1.37001673e+01
 3.52336879e+00 4.62628982e-03 2.49981635e-01 6.17944916e-03 3.85023779e+02 1.37006833e+01
 -1.42118731e+01 -7.78682477e-03 5.76054321e-01 4.07674819e-04 8.26916227e+02 1.36974090e+01
 -3.47943002e+00 -1.28935319e-02 1.41042908e+00 -7.74287027e-04 -4.66621502e+01 1.36992072e+01
 2.33013371e-01 -1.03825263e-03 1.00801837e+00 1.89267719e-03 3.17669819e+02 1.37000691e+01
 -5.21254372e-02 7.00480102e-03 6.53497346e-01 2.69199372e-03 5.64519048e+01 1.36998156e+01
 4.35579644e+00 1.17626815e-02 -1.83049529e+00 7.83693380e-03 -9.73293455e+01 1.37007641e+01
 2.08091016e+00 2.07222883e-03 -1.37330605e+00 -6.54285302e-04 4.32451143e+01 1.37004259e+01
 -1.70065264e+01 -1.19975112e-02 -9.31413629e-02 3.43784494e-03 -3.51751721e+02 1.36965274e+01
 -3.41804736e+00 3.25235387e-03 -5.29228596e-01 -8.73305895e-04 -7.29567824e+02 1.36994978e+01
 -1.47894572e+00 -6.61101916e-03 -4.46933161e-01 -7.69153613e-03 -4.39021039e+02 1.36995703e+01
 9.86753926e+00 1.12221062e-02 -1.41587811e+00 1.17732193e-05 -2.90365395e+02 1.37021845e+01
 2.25025446e+01 4.74916205e-04 1.93051603e+00 -9.70504079e-04 4.53710106e+02 1.37045492e+01
 6.64233598e+00 1.03203180e-03 -6.24043325e-01 9.00049694e-03 2.22857367e+02 1.37013378e+01
 -7.18808221e+00 1.54804414e-02 -8.56326050e-01 -8.29080369e-04 -2.00150508e+02 1.36988075e+01
 2.17904105e+00 -2.41357183e-02 -5.10805171e-01 3.02589637e-04 -1.23655039e+01 1.37007331e+01
 -1.94566490e+01 7.35970893e-03 2.87027887e-01 -3.13045628e-03 3.67713244e+02 1.36962637e+01
 1.36472124e+01 -3.68093977e-03 5.03743437e-01 -1.57536606e-03 1.38438276e+02 1.37028971e+01
 -1.44266695e+01 -6.86524463e-03 -4.78739313e-01 2.60023519e-03 1.14840996e+02 1.36971261e+01
 1.86025247e-01 -1.84754673e-02 -5.09755287e-01 -2.26183329e-03 -5.23400602e+02 1.36999353e+01
 8.44810712e+00 -1.34912180e-02 3.83695230e-01 -4.29569499e-03 -8.07937091e+01 1.37016508e+01
 -3.93848489e+00 5.79969063e-03 -7.67173237e-01 2.91903563e-03 -4.60301749e+02 1.36991895e+01
 -4.65709490e+00 -1.51482330e-02 4.64005164e-01 3.66316117e-04 -8.77363991e+01 1.36991738e+01
 -5.09913557e+00 -8.92719602e-03 1.36919315e+00 8.09744052e-03 -1.54084696e+02 1.36991288e+01
 3.21115029e+01 5.91410733e-03 6.54021838e-01 3.73113823e-03 3.34757225e+02 1.37063549e+01
 2.91376350e+01 9.64457184e-03 1.99568321e+00 -1.20821274e-03 -1.91336346e+02 1.37057963e+01
 1.30322589e+01 2.27861514e-02 -8.04387106e-01 -4.08063052e-03 -2.23220183e+02 1.37028941e+01
 1.97937340e+00 5.16444570e-04 -3.35706901e-01 2.28988797e-03 -1.30984532e+02 1.37004316e+01
 -1.77766938e+01 2.26346411e-03 -1.56622714e+00 7.41344639e-03 -7.28187309e+01 1.36965433e+01
 1.62205777e+01 4.69983777e-03 1.86668283e-01 2.41400891e-03 -2.02989700e+02 1.37030732e+01
 -3.92468415e+01 -4.30478209e-03 1.00305190e+00 2.22607795e-03 7.49189760e+00 1.36919650e+01
 -1.05482392e+00 -2.37556127e-03 -1.36541216e+00 4.32945020e-03 4.13596988e+01 1.36998053e+01
 1.15020589e+01 -2.46667524e-03 -1.45075865e-01 4.89651024e-03 -1.97974570e+02 1.37022656e+01
 1.01195133e+01 -1.59622042e-03 4.32723280e-01 6.48695730e-03 -8.10275520e+01 1.37019485e+01
 -3.26733650e+00 -1.33085321e-04 -2.86168609e-01 3.09275227e-03 -1.89023198e+02 1.36996160e+01
 2.21784822e+01 4.48738035e-03 1.12101951e+00 3.33771992e-03 2.57192703e+02 1.37044190e+01
 -1.44424580e+01 -5.99178442e-03 -5.19318187e-01 -3.73155433e-03 1.78875293e+02 1.36973483e+01
 -3.02644509e+00 -5.73218056e-03 4.24531056e+00 5.34802035e-03 3.12354117e+01 1.36992076e+01
 -2.51307976e+00 -4.93653130e-04 1.07861096e+00 -1.02842523e-02 1.42904502e+02 1.36994947e+01
 -3.81253216e+00 1.87560613e-03 -3.56748704e-01 -4.20369947e-03 -3.70573308e+02 1.36989002e+01
 2.13631677e+01 -3.88648445e-03 -3.11537611e-01 1.87857418e-03 2.40933289e+02 1.37045440e+01
 5.70904835e+00 7.60885835e-03 -1.10336358e+00 1.76926463e-03 -6.45180055e+02 1.37012712e+01
 2.59410953e+01 3.98863251e-04 5.68270243e-01 5.44605066e-03 -8.25525794e+01 1.37050822e+01
 5.47727021e+00 5.07759566e-03 8.54746842e-01 3.48495350e-03 2.79971690e+02 1.37006554e+01
 -6.24731118e+00 2.22663771e-03 2.32587363e+00 -2.41787409e-03 1.30032157e+02 1.36986055e+01
 7.99889378e+00 2.70310065e-03 -1.40719687e+00 7.51323975e-03 -3.33185764e+02 1.37015104e+01
 1.05295179e+01 1.56986596e-04 2.33600348e-01 -5.08591724e-05 -8.15833334e+01 1.37023520e+01
 -1.28469119e+01 8.99395512e-04 6.01114136e-01 -4.93701385e-03 -8.01959624e+00 1.36971921e+01
 2.34615150e+01 7.74190862e-03 2.25239404e+00 3.83113305e-03 1.85123118e+02 1.37047109e+01
 -1.57646517e+01 -5.17123716e-03 1.38822532e-01 1.17349403e-02 -9.41897879e+01 1.36968895e+01
 -9.59171070e+00 -2.50541092e-03 -7.24808391e-01 2.68275487e-03 3.54348562e+02 1.36982970e+01
 8.30913104e+00 -5.15183983e-03 8.21970265e-01 -6.54068710e-03 -3.51094257e+02 1.37014703e+01
 -4.38124409e+00 1.09363071e-02 -1.38534536e-01 1.55104479e-04 -1.08480662e+02 1.36995081e+01
 -2.36006822e+01 -9.48454267e-03 -8.99242249e-01 5.24630800e-03 2.48266835e+02 1.36950470e+01
 -8.07333918e+00 -4.52837176e-03 -9.33606261e-01 -5.91109820e-03 -1.92121737e+02 1.36981041e+01
 6.57178252e+00 -5.76844491e-03 -9.99604361e-01 -2.38326282e-04 2.26331395e+02 1.37014986e+01
 -1.72623083e+01 -1.27764457e-02 -4.80182794e-02 -1.47989606e-03 -4.65921669e+01 1.36963207e+01
 3.96874253e+00 -4.01246561e-04 -1.00467240e+00 1.22329280e-03 4.99291369e+02 1.37010636e+01
 8.31142863e+00 6.93970591e-03 -7.97589302e-01 9.66098700e-03 -4.49632016e+01 1.37015653e+01
 2.81895600e+00 -4.32862271e-03 9.16147675e-01 -1.14832855e-02 1.49502153e+02 1.37006072e+01
 2.84327376e+00 -5.74708294e-03 -1.68493547e+00 1.59339839e-03 1.02829835e+00 1.37006473e+01
 -1.03333537e+01 -2.31089194e-03 1.28114239e-01 7.56943576e-03 -2.33675995e+02 1.36980805e+01
 2.80425873e+00 -7.22633585e-03 -1.70893035e+00 -1.54534905e-03 3.63237835e+02 1.37003294e+01
 -7.84388083e+00 4.47438831e-03 1.98336361e+00 5.41227731e-03 1.23955224e+01 1.36981092e+01
 1.19657198e+01 5.45703253e-03 -9.53640759e-01 -1.73603838e-02 5.26644268e+02 1.37020876e+01
 -1.20655699e+01 -8.55402301e-03 -1.36489823e+00 -6.78637851e-03 -2.72717549e+02 1.36976060e+01
 1.31109059e+01 -1.54860035e-03 4.42892729e-01 -6.13154975e-03 1.31137122e+01 1.37025261e+01
 1.54855924e+01 -1.21604320e-02 5.24305156e-01 -7.32223696e-03 1.35838935e+02 1.37033298e+01
 -8.02595581e+00 9.09670198e-05 5.41244709e-01 5.42197352e-03 -5.24360241e+02 1.36984708e+01
 -7.92884825e+00 -1.18770522e-02 2.66251948e-01 -5.13404472e-03 -1.60425007e+02 1.36986534e+01
 -9.17060540e+00 -5.04050430e-03 2.77928393e-01 6.85324881e-03 -1.42865126e+02 1.36984444e+01
 -1.59272685e+01 3.72749897e-03 -1.02989553e+00 -7.17725342e-03 -2.57446150e+01 1.36965714e+01
 -2.41960271e+01 2.12819794e-04 1.28596726e+00 2.31686942e-03 -1.01292028e+02 1.36951736e+01
 1.85992481e+01 -7.97314144e-03 4.08478360e-01 -3.87569448e-03 2.36848995e+02 1.37035303e+01
 5.72554467e+00 -8.34638695e-03 -2.17756249e+00 -1.42967100e-02 -1.10169478e+02 1.37014284e+01
 -5.28687797e-01 -4.45909960e-03 -1.96098727e+00 8.63327622e-04 -8.23037414e+02 1.37000981e+01
 1.03969319e+01 -4.95293309e-03 -1.97438788e-01 3.13568640e-03 1.00843448e+02 1.37018162e+01
 -9.10619915e+00 -1.26560612e-03 1.01322820e+00 -2.14555890e-03 2.07614077e+01 1.36982513e+01
 -1.82690256e+01 -7.00776317e-03 -1.75090062e-02 -4.73409176e-03 5.23825431e+02 1.36965565e+01
 3.31388321e+00 -1.02112728e-02 -6.23427137e-01 6.16707619e-03 -1.37960235e+02 1.37008632e+01
 5.53642320e+00 -8.52230483e-03 1.79742221e-01 -4.65952266e-03 2.95869849e+02 1.37015804e+01
 -8.76784540e+00 -9.81302022e-04 -6.42847198e-01 5.10487206e-03 -8.89004975e+01 1.36983631e+01
 -8.52569241e+00 -8.75198819e-03 -1.27507360e+00 1.48947926e-03 -1.05773362e+02 1.36980156e+01
 1.00186452e+01 6.17158322e-04 1.69148437e+00 -1.42073993e-03 4.57742670e+01 1.37021571e+01
 -9.65391035e+00 -2.10501114e-03 2.95184217e-01 -9.34865519e-04 2.86567395e+02 1.36982911e+01
 3.41297113e+00 -3.32642365e-03 -5.40632423e-01 -4.52884128e-03 -8.37551958e+01 1.37007316e+01
 -1.07843370e+01 5.04817181e-03 4.94629144e-01 2.96545867e-03 4.53213162e+02 1.36977619e+01
 2.52914484e-01 -1.29680900e-02 -2.56966866e-01 2.85159774e-03 -1.14088507e+02 1.37003626e+01
 1.84356578e+01 8.81683093e-04 3.24498610e-01 4.81202065e-04 4.39893621e+02 1.37036189e+01
 3.84943717e+00 7.95317399e-03 1.24407585e+00 7.23282535e-03 1.06225153e+02 1.37008234e+01
 1.47526967e+01 1.61959232e-02 3.45800860e+00 -9.26675795e-03 -6.67246693e+02 1.37028330e+01
 3.78664359e+00 -2.23927813e-03 6.20847437e-01 9.68355027e-03 1.02706519e+02 1.37002771e+01
 1.46521753e+01 -2.38615924e-03 3.71374877e-01 1.16260687e-03 -2.48526602e+02 1.37030487e+01
 -1.34101851e+01 -1.30779691e-02 -2.22086793e-01 -1.55933408e-03 -5.00726897e+01 1.36970352e+01
 -1.17430104e+01 -5.76380524e-03 7.43195621e-01 -3.47588341e-03 -4.49188229e+01 1.36973592e+01
 -4.91965626e+00 3.18232332e-03 2.24230464e+00 -4.76203725e-03 3.53493059e+02 1.36987048e+01
 -9.23976031e+00 2.30004804e-03 2.41959255e+00 7.22565040e-04 -1.75279536e+02 1.36980359e+01
 -2.45317652e+00 1.83864877e-03 1.56041708e+00 9.01321387e-03 1.82281508e+02 1.36994916e+01
 1.29976872e+01 -8.14154379e-03 1.04837639e+00 -5.07412371e-04 -1.23223383e+02 1.37027211e+01
 4.92972000e+00 -2.31526817e-03 -3.61957836e-01 -4.65271519e-03 6.84469363e+02 1.37008791e+01
 -2.00538961e+01 1.99156558e-03 -2.44506896e+00 -2.21598741e-03 4.00645446e+02 1.36958019e+01
 -4.56553093e+00 5.35311281e-03 1.25669359e+00 4.06736669e-03 -2.98461987e+02 1.36991793e+01
 -1.31178386e+01 9.77725585e-03 -1.76178439e+00 -5.04237198e-03 -2.98143951e+02 1.36972767e+01
 1.64828490e+00 -8.22107291e-04 -1.36107369e+00 -8.88280006e-03 2.12848513e+02 1.37003494e+01
 2.62293211e+00 -4.17666379e-03 -4.27160116e-01 -8.15921176e-04 1.01016163e+02 1.37002166e+01
 -5.65726548e+00 4.30081480e-03 1.36792483e+00 -7.68364688e-03 4.06026086e+02 1.36987760e+01
 2.88504920e+01 9.09280912e-04 3.01151610e-02 -1.89319507e-03 1.38521691e+02 1.37057732e+01
 -1.08785307e+00 -5.10927167e-03 1.05294791e+00 -1.48698881e-04 2.30823230e+02 1.36999462e+01
 -2.36135216e+01 -1.38928718e-03 -1.31127659e+00 -1.04767121e-02 3.51448968e+02 1.36953281e+01
 -1.22487816e+01 9.90107416e-03 -2.52988939e-01 -2.13776692e-03 7.07330448e+01 1.36972916e+01
 -1.07085962e+01 -4.81852419e-03 1.74806771e-01 -9.36410577e-04 4.33304202e+02 1.36975736e+01
 5.27205094e+00 1.52345007e-02 -2.84052740e-01 -8.93010255e-03 -5.51176907e+01 1.37011616e+01
 2.72565385e+01 -1.98128624e-03 9.78582983e-01 1.75566833e-03 -4.17109083e+02 1.37052270e+01
 4.33350076e+00 -7.91507859e-03 1.29176718e+00 -1.22752908e-03 1.84190198e+02 1.37008813e+01
 1.19275643e+01 -1.20165651e-03 2.67684390e+00 -5.85281514e-04 4.03720640e+02 1.37022991e+01
 -5.59105056e+00 4.07241319e-03 -1.62591800e+00 -3.92807256e-03 -8.69828342e+00 1.36986643e+01
 -9.80729491e+00 1.78218789e-03 -2.04742401e+00 -1.92100896e-03 8.65751433e+01 1.36982023e+01
 1.74609587e+01 1.39447806e-04 4.34276379e-01 -3.35693050e-03 5.53079428e+01 1.37036005e+01
 9.67675888e+00 1.90377241e-03 2.24385069e+00 3.07233480e-03 2.02122962e+01 1.37020294e+01
 -1.21323211e+01 1.47583052e-03 -8.27007674e-01 -6.36402632e-03 -3.25484570e+02 1.36976462e+01
 -1.54935679e+01 -4.21919598e-03 9.28334771e-01 -5.00509938e-04 9.27976904e+01 1.36971102e+01
 -2.94558524e+01 -2.06706798e-03 -3.71019905e-01 -4.60392128e-03 -5.46773190e+02 1.36939703e+01
 -6.10855237e+00 3.64544774e-03 -8.51657920e-01 1.27488260e-02 1.10127655e+02 1.36990545e+01
 1.41195414e+01 -3.93132592e-03 1.61892174e-01 -6.11609334e-04 -1.13101118e+02 1.37026588e+01
 -4.39871747e+00 4.98483800e-03 -1.88014502e+00 1.40797699e-03 2.93368739e+02 1.36989657e+01
 1.84932680e+01 -2.40260633e-03 -9.26160223e-01 -4.07435855e-03 2.12115237e+01 1.37038856e+01
 7.93448089e+00 4.58946686e-03 -1.64946889e+00 5.76723701e-04 -2.86270837e+02 1.37016298e+01
 -1.49424044e+01 1.54427654e-02 -1.45916200e+00 3.84612062e-03 -1.79444238e+02 1.36969094e+01
 -1.19383354e+01 -4.44392273e-03 7.66131293e-01 5.04786733e-03 -3.41933751e+02 1.36976513e+01
 1.70475666e+01 -4.92942154e-03 7.75365592e-01 -7.89783882e-03 8.21179178e+01 1.37034280e+01
 -2.08511091e+01 1.05988224e-02 3.18668239e+00 1.67720227e-03 -2.19733712e+02 1.36956610e+01
 -1.16047008e+01 1.86852743e-03 2.03614448e+00 1.28178025e-03 2.66212954e+02 1.36979877e+01
 -2.14350407e+00 8.90220610e-04 9.17151072e-01 3.12523154e-03 -8.90557684e+00 1.36994537e+01
 -9.66430223e+00 -8.39806912e-03 -2.26574908e-01 2.97495417e-03 5.12366846e+02 1.36984706e+01
 -4.30624004e+00 1.23182513e-03 -2.02533567e+00 3.30018724e-03 -2.86238149e+01 1.36992978e+01
 1.50812544e+01 -1.80863773e-02 -1.64559872e-01 1.09564521e-03 -1.13191721e+02 1.37027697e+01
 1.03752564e+01 -9.99467353e-03 -6.14050886e-01 3.13751195e-03 3.07842773e+02 1.37018867e+01
 -8.53049932e+00 -7.39921032e-03 -1.54417643e+00 5.75509967e-03 -4.28693786e+01 1.36985729e+01
 1.46762707e+01 1.52848554e-02 -1.06721039e-01 -4.11482648e-04 2.54050368e+02 1.37026876e+01
 -1.59224146e+01 -2.94016809e-03 2.17683407e-01 1.03367077e-03 -4.72554114e+01 1.36966826e+01
 -6.65393624e+00 2.83635635e-03 2.86788237e-01 -9.38676334e-03 1.05090879e+02 1.36988145e+01
 2.48165973e+01 1.05106248e-02 -1.20678692e+00 1.74241946e-03 -3.12553077e+02 1.37050016e+01
 6.53813900e+00 -4.37303116e-03 -7.81180673e-01 8.96456258e-04 5.88922138e+02 1.37010040e+01
 -4.04490665e+00 -8.89203638e-03 -1.40823238e+00 -5.28465959e-03 -1.65775105e+02 1.36989106e+01
 2.22002940e+01 6.38764369e-03 2.43137576e-01 -1.08106213e-03 -3.20324627e+02 1.37045058e+01
 -1.99693083e+01 7.43731430e-03 -5.25381607e-01 -4.26167878e-03 2.80930349e+02 1.36961594e+01
 -1.80590171e+01 1.65034899e-03 -4.63417456e-01 -6.84440957e-03 -5.60889473e+02 1.36964188e+01
 8.77876095e-02 1.04057872e-02 -4.99112828e-02 -2.39676139e-03 7.15186622e+01 1.37002378e+01
 -7.84359866e+00 -7.61121434e-03 7.13899547e-01 1.88523375e-03 -8.42357348e+01 1.36983327e+01
 7.08957727e+00 7.33537092e-03 5.66014520e-01 -2.55677438e-03 -2.33006655e+02 1.37015375e+01
 1.32102939e+01 5.18261467e-03 -7.57939362e-02 -4.83413860e-03 4.85954507e+02 1.37027082e+01
 1.45117162e+01 -6.44576223e-03 1.53617837e+00 5.46601057e-03 2.98542579e+02 1.37026770e+01
 6.46705905e+00 1.01404217e-02 2.10751667e+00 -2.16624704e-03 1.22177617e+02 1.37016154e+01
 -4.78662595e+00 -9.12531816e-03 1.17527227e+00 -1.26453052e-02 1.29080850e+02 1.36988508e+01
 1.71345911e-01 8.21057121e-03 -8.38889542e-02 -8.96908705e-03 8.12065622e+00 1.37000471e+01
 1.10662196e+01 -5.61155002e-03 1.12057076e+00 5.40819811e-03 -3.53382832e+01 1.37021922e+01
 1.57040738e+01 -6.10499249e-03 2.18952151e+00 3.53730068e-03 2.36696220e+01 1.37029255e+01
 2.12835196e+01 7.81789698e-03 2.53423339e-01 4.86011248e-03 2.84549777e+02 1.37039979e+01
 -1.33509687e+01 8.77307153e-03 1.50429764e+00 -4.55207605e-03 1.92636422e+01 1.36970130e+01
 -1.42682762e+01 7.06259385e-03 -3.16869056e+00 -7.61167526e-03 -2.41394161e+02 1.36969651e+01
 2.78519392e+00 -4.72464290e-03 -1.15426369e+00 -7.84135403e-03 5.17262541e+01 1.37007676e+01
 -3.65542478e+00 1.12033114e-02 5.34175239e-01 -3.82651072e-03 5.05931421e+01 1.36989437e+01
 1.69238299e+01 1.22517549e-02 -1.81005231e-01 3.65916647e-03 5.00899940e+02 1.37033556e+01
 -1.88770348e+00 -8.88672363e-04 3.19029156e-01 7.29442294e-03 -2.61458805e+02 1.36993658e+01
 1.86957892e+00 -2.34697112e-03 -8.28855946e-01 9.12095248e-03 2.75849580e+02 1.37002371e+01
 2.05748927e+01 -2.43708552e-03 1.68768372e+00 6.36476064e-03 -5.07430936e+02 1.37037316e+01
 1.74127194e+01 -2.64767267e-03 1.08872584e-01 -3.60945072e-04 7.44964029e+01 1.37035595e+01
 9.90486931e-01 1.83348856e-03 4.63309261e-01 -3.75561546e-03 -5.32505836e+02 1.37001468e+01
 1.12221699e+01 -8.29037465e-03 6.37776296e-01 -3.25945646e-03 2.36115939e+02 1.37023295e+01
 -4.75893789e+00 1.50017314e-03 -3.67806209e-01 -1.14063486e-03 1.71123896e+02 1.36989485e+01
 -5.33750176e+00 -3.59660317e-03 -8.36366248e-01 6.49302583e-03 4.72462758e+02 1.36988997e+01
 -1.63832941e+01 1.79593640e-04 7.86717539e-01 1.27542415e-02 -6.16271011e+02 1.36967338e+01
 1.67247216e+01 5.00414151e-03 -5.33015138e-01 -7.28547479e-03 -1.64504740e+02 1.37035852e+01
 7.74593636e+00 -2.26662414e-03 -9.87812073e-01 1.73052791e-03 7.31068834e+01 1.37017044e+01
 7.18328741e+00 -3.99271866e-03 -2.43345449e+00 1.14346935e-03 -5.64691333e+02 1.37013531e+01
 -1.84092031e+00 -8.87727106e-03 3.73113986e-01 -7.15795120e-03 6.83245734e+01 1.37001161e+01
 2.45688460e+01 -1.14583784e-02 -7.79514695e-01 2.52041067e-03 -1.88849363e+02 1.37049528e+01
 -4.17383440e+00 3.69280611e-03 1.39803291e+00 -8.47023799e-04 -2.98336297e+02 1.36989648e+01
 -4.86644395e+00 6.30333799e-03 1.85839181e+00 1.33641439e-02 1.89870850e+02 1.36988826e+01
 -1.56595148e+01 9.60127685e-03 -5.22173891e-02 4.04685865e-04 -5.63866501e+00 1.36967901e+01
 -8.15164134e+00 9.81460721e-03 -4.10734208e-01 1.59420247e-03 3.80964150e+02 1.36986880e+01
 5.93921817e+00 4.51208754e-03 -3.96585349e-01 -6.32299183e-03 -6.06180615e+01 1.37012771e+01
 -2.20974089e+00 1.61436699e-03 -2.19306964e+00 -8.36475839e-03 1.70631620e+02 1.36992978e+01
 1.60290816e+01 -5.33197170e-03 2.08036422e+00 -1.20733131e-02 1.51043536e+02 1.37030761e+01
 -1.75615237e+01 9.99072799e-04 -2.90724684e+00 9.22914946e-03 -5.95239559e+01 1.36966871e+01
 -9.07576501e+00 -5.98122815e-05 -1.56845599e+00 1.19317013e-02 -1.05995363e+02 1.36983115e+01
 -2.19623435e+01 -7.01330556e-03 -1.62482422e+00 4.18433918e-03 -9.05048145e+02 1.36957392e+01
 9.88077246e+00 4.85444602e-06 -9.22130611e-01 -6.83278428e-04 1.13354520e+01 1.37020376e+01
 -2.29940720e+01 8.38228471e-03 8.54597793e-01 -1.89036070e-04 6.78047616e+02 1.36954718e+01
 -1.82543745e+01 -6.24396376e-03 -5.38582833e-03 -2.64830799e-03 4.64981250e+02 1.36965015e+01
 -7.43013393e+00 -6.97695691e-03 8.81243663e-01 -1.02180313e-03 -3.81126242e+02 1.36986289e+01
 2.06563394e+00 -1.15654749e-03 -2.42929278e+00 -6.33891623e-03 -2.93115006e+02 1.37003593e+01
 -1.12153912e+01 6.22265753e-03 -2.26293020e-01 1.17425346e-03 -5.28184179e+02 1.36977309e+01
 -1.62903798e+01 -4.34319685e-03 -1.34914432e-01 4.06018947e-03 -3.86314041e+02 1.36964514e+01
 -1.63309724e+01 -7.97514310e-03 -8.40294079e-01 -5.83892130e-03 -3.60874267e+01 1.36967203e+01
 -3.79058700e+00 -7.26226154e-03 6.43125840e-01 -2.68006521e-03 -1.61241542e+02 1.36992316e+01
 2.67459444e+00 -4.80037439e-03 -6.65859917e-01 4.31176933e-03 3.10786461e+02 1.37005790e+01
 4.20102690e+00 -6.28160242e-03 1.26468924e+00 3.65449839e-03 -2.78685580e+02 1.37008141e+01
 7.67392162e-01 -5.48875289e-03 -1.82891984e+00 2.33703394e-03 6.20214025e+01 1.36999236e+01
 -9.72300211e+00 3.27069420e-03 -4.32580038e-01 3.53850980e-04 -2.16857617e+02 1.36978418e+01
 9.31379933e+00 5.41626282e-03 -2.63913063e+00 3.16541639e-03 2.12398617e+02 1.37020355e+01
 -7.93606958e+00 1.92536416e-03 1.88464630e+00 -1.03595045e-02 4.27606367e+01 1.36981548e+01
 7.42867589e+00 1.44100777e-02 -7.23225663e-01 7.55311306e-03 2.02151097e+02 1.37014620e+01
 5.62079710e+00 -1.76732141e-03 2.43139794e-01 -1.47137085e-03 -5.08336312e+02 1.37010350e+01
 -1.24426539e+01 -1.46487074e-02 -3.24399097e-01 -4.60398108e-03 2.61826588e+01 1.36973977e+01
 1.94645201e+00 -1.74472588e-02 7.29087634e-01 7.57889569e-03 6.24661652e+01 1.37004006e+01
 -1.52262516e+01 -1.52259333e-03 -2.16385524e-01 -1.00750576e-03 2.04515401e+02 1.36966831e+01
 -9.99155307e+00 -1.69088600e-02 2.25602311e+00 5.00902448e-03 1.42821102e+02 1.36982835e+01
 -2.01902236e+01 -7.20167638e-04 3.43055690e-01 -4.47218170e-04 -2.04073457e+02 1.36961548e+01
 2.01253478e+00 -3.85614563e-03 1.62440340e-01 -3.05385222e-03 1.57217523e+02 1.37002265e+01
 -1.26637346e+01 7.25543224e-03 1.72796672e+00 2.00417553e-03 -9.12956742e+01 1.36972478e+01
 -1.33793217e+01 2.40928060e-03 1.29380430e-01 8.39474355e-03 -2.13391496e+02 1.36971429e+01
 -4.65722631e+00 4.53422449e-03 8.27430824e-01 -9.26476389e-04 9.73187902e+01 1.36992674e+01
 1.00561634e+01 -2.92979213e-03 1.49257772e+00 5.74315999e-04 5.81672992e+02 1.37018931e+01
 -9.39760251e+00 -3.70599751e-04 -1.61094449e+00 1.27133900e-02 3.02820734e+02 1.36982869e+01
 -2.09422195e+01 -4.39507027e-03 -1.48398419e+00 -3.42432358e-03 2.76194723e+02 1.36957965e+01
 1.72127059e+01 6.75801757e-03 -1.96150438e+00 6.82941827e-03 4.21728293e+02 1.37037994e+01
 -1.32836336e+01 -5.66484057e-03 1.58565557e+00 4.17739403e-03 -2.63144627e+02 1.36973174e+01
 -9.35066539e-01 4.94005838e-03 -4.46441631e-01 -6.48051750e-03 9.47844769e+01 1.36999327e+01
 -1.42394569e+01 7.45324953e-03 1.95145433e-01 -8.51267186e-03 7.38587406e+01 1.36971870e+01
 -3.88425556e+00 -1.52542755e-03 -1.06328282e+00 -2.12229173e-03 1.25938946e+02 1.36990007e+01
 -3.90326833e+00 -3.66739221e-03 1.87437728e+00 7.21017921e-04 7.79332935e+01 1.36992082e+01
 -1.48104891e+01 -1.10729340e-03 1.13902891e+00 1.59816546e-02 -1.06033818e+01 1.36970085e+01
 2.17687267e+01 -5.20949144e-03 1.46420534e-02 1.16460370e-02 6.52036798e+02 1.37044799e+01
 -4.10634362e+00 -8.90799998e-04 -9.34550725e-01 -1.71343141e-03 2.42049540e+02 1.36993915e+01
 6.26699297e+00 8.08438486e-03 -2.58410318e-01 1.55101518e-03 -9.08864385e+01 1.37010552e+01
 -9.83989731e+00 7.46535842e-03 1.76027676e+00 4.81778341e-03 2.97879133e+02 1.36980679e+01
 -8.24608997e+00 8.12894328e-03 1.13619554e+00 5.05776016e-03 -4.08617248e+02 1.36985667e+01
 1.15458820e+01 2.44716920e-03 1.41422840e-01 4.30279420e-03 -3.20588576e+00 1.37021251e+01
 -2.09749470e+00 -3.49613635e-04 1.39978467e+00 7.85785584e-06 -8.13675833e+01 1.36996181e+01
 1.70482941e+00 -1.51537297e-02 4.00674890e-01 -1.20487638e-02 2.42853459e+02 1.37003684e+01
 3.79490519e+00 3.67325690e-03 1.77762290e+00 4.33075828e-03 1.40685581e+02 1.37005554e+01
 -4.16030868e+00 2.48721736e-03 -1.70840204e+00 -1.43906485e-02 -5.63761239e+00 1.36992235e+01
 4.95924088e-01 4.01894401e-04 1.64082497e+00 -1.63693955e-03 -2.96706849e+02 1.37003784e+01
 -1.20537600e+01 -1.36250730e-03 -2.61359713e-01 -3.03768007e-03 1.00639115e+02 1.36974229e+01
 -1.66624950e+00 3.79360623e-03 1.87948362e+00 5.63587643e-04 -3.66172217e+02 1.36997232e+01
 -1.36803085e+01 8.46759171e-03 -8.33580945e-01 -5.33170600e-04 -1.31349721e+00 1.36970190e+01
 6.73357277e+00 -1.19660551e-02 -7.85910248e-01 -7.77479691e-04 1.41503969e+02 1.37012511e+01
 -2.92561587e+00 1.00783715e-02 -2.00553594e+00 -5.91556822e-03 2.39083436e+01 1.36993526e+01
 1.99819093e+01 -1.36365917e-02 -1.17946719e-01 -4.07362091e-03 -5.76451321e+01 1.37037476e+01
 -3.56190038e+00 -1.85580774e-03 1.12521870e-02 4.09911363e-03 5.14562777e+02 1.36992560e+01
 1.46118323e+01 5.48225129e-03 -9.67855185e-01 -7.56366210e-03 -2.62800300e+02 1.37029398e+01
 -6.83268324e-01 -3.45968769e-03 8.63860368e-01 -6.14413864e-04 1.62448148e+02 1.36998263e+01
 -8.51489800e+00 -7.17605240e-04 3.99757331e-01 4.94855165e-04 -1.01141652e+02 1.36982104e+01
 -1.56027558e+01 -2.99469493e-03 8.85763260e-01 -2.54102590e-03 -2.35103502e+02 1.36966745e+01
 1.91746719e+00 -1.76386959e-02 -1.15943705e+00 -1.11422529e-03 1.49853641e+02 1.37005830e+01
 -1.13158967e-01 -1.04842623e-02 1.84474764e-01 6.66121817e-08 1.25108037e+02 1.37000095e+01
 3.55073799e+00 -1.50957427e-02 4.90047966e-01 7.26193685e-03 5.72750360e+00 1.37008698e+01
 -5.01696113e+00 1.21538488e-02 2.58630246e+00 -1.17393649e-02 -2.97942526e+02 1.36988882e+01
 -1.38654129e+01 -8.68168584e-03 -1.43637691e+00 2.04066384e-03 1.41802648e+02 1.36971247e+01
 -1.85730012e+01 4.43822921e-03 7.98024762e-01 -6.08015718e-03 -7.85304850e+01 1.36960597e+01
 1.37052177e+01 1.30203433e-03 -1.11605325e+00 -3.66857249e-03 1.72417516e+02 1.37026794e+01
 3.87739663e+00 -6.98399510e-03 -3.12385315e-01 8.77132646e-03 -4.12091216e+02 1.37005818e+01
 -4.03392601e+00 8.91077122e-03 3.39894707e-01 3.88676073e-03 -2.48703085e+01 1.36994750e+01
 2.94746401e-01 -4.37522678e-03 -4.78278658e-01 -4.93282490e-03 -2.81104625e+01 1.37003962e+01
 -7.80886017e+00 -1.30095907e-03 -8.03657052e-01 -1.20516295e-02 6.34046599e+01 1.36986017e+01
 1.02854116e+01 -5.48915173e-03 -1.04000696e+00 -2.71713711e-03 8.58109447e+01 1.37019373e+01
 9.11438939e+00 -1.14677403e-02 -9.10059840e-01 6.75935099e-03 -4.76162544e+02 1.37020431e+01
 1.52086933e+01 7.47367300e-03 1.81461011e-02 -8.74740499e-03 5.53679407e+02 1.37025431e+01
 -2.56791641e+01 -1.46837679e-02 2.03446755e+00 -5.54603537e-03 5.91301496e+01 1.36949261e+01
 1.67867534e+01 9.77254389e-03 -6.73111337e-01 3.45319506e-03 5.94969304e+01 1.37036564e+01
 -8.64789311e+00 1.66265412e-02 1.98724057e+00 6.01095918e-04 2.44739758e+02 1.36981391e+01
 4.14882614e+01 -9.16619942e-03 3.87764513e-01 -5.36459939e-03 4.31032277e+02 1.37084393e+01
 9.69484633e+00 -4.83608245e-03 1.06528122e+00 4.07115033e-03 5.41980811e+02 1.37019995e+01
 1.73020772e+01 8.53315205e-04 -7.97217638e-01 -5.16159999e-03 3.89865447e+02 1.37033502e+01
 6.92999122e+00 1.72215186e-02 -5.75093457e-02 -6.69900507e-03 -1.66789588e+02 1.37011833e+01
 1.12302664e+01 4.12655634e-04 -1.30098597e+00 -1.36028589e-03 1.26796468e+02 1.37022238e+01
 3.37791793e+00 7.33034616e-04 5.52401457e-01 -7.51110658e-03 6.01441756e+02 1.37007393e+01
 -2.94256863e+00 -4.71073246e-03 2.45350931e+00 4.52344543e-03 -3.35362202e+01 1.36995356e+01
 -4.12180756e+00 -7.62019197e-03 4.96169761e-01 -1.31411312e-02 4.01078431e+02 1.36988804e+01
 1.53566246e+01 -7.27988032e-03 5.16401773e-01 -5.94002765e-03 -2.51342639e+01 1.37031037e+01
 -1.21836859e+01 2.74375123e-03 -1.75588615e+00 3.91455847e-03 9.71848270e+01 1.36973892e+01
 3.46529593e-01 -3.81078463e-03 1.32252972e-01 -8.47367736e-03 2.56772037e+02 1.36999963e+01
 8.55940457e+00 8.05476192e-03 6.17563490e-01 -3.37709092e-03 -6.74078847e+02 1.37018247e+01
 -1.12155727e+01 4.37426657e-03 1.18914707e+00 -3.50932682e-03 -1.47416741e+02 1.36979629e+01
 -7.71884295e+00 6.44077611e-03 -7.93905151e-01 -1.46118619e-03 1.69470909e+02 1.36984727e+01
 7.36289440e+00 -3.22525071e-04 4.60292324e-01 6.77791910e-03 2.08956379e+02 1.37014387e+01
 5.26451268e+00 -8.44840650e-03 1.84485960e+00 3.97169698e-03 -1.29617502e+02 1.37012747e+01
 -2.39549427e+01 7.58408282e-03 -1.30996593e+00 4.63191570e-03 -2.09660594e+02 1.36950897e+01
 -8.01329873e+00 5.41981510e-03 3.70961902e-01 5.91145491e-03 8.84837304e+01 1.36984926e+01
 6.30004650e+00 9.38973775e-03 -1.41993290e+00 -7.32053819e-04 6.57089602e+01 1.37016122e+01
 -1.49622989e+01 -2.98986123e-03 6.67207964e-01 1.48682852e-03 9.17910262e+01 1.36965791e+01
 -8.54604074e+00 9.90576847e-03 2.77454005e-02 1.21907327e-02 5.32559175e+02 1.36984979e+01
 -1.93748595e+01 -3.33645688e-03 -6.53570305e-02 -2.60174081e-03 8.90079784e+00 1.36957862e+01
 -1.57624091e+01 1.27866028e-03 8.21233638e-01 -4.28670391e-03 -1.88948183e+02 1.36971279e+01
 -8.78021227e+00 1.25331133e-02 1.36137670e+00 6.51741857e-03 -4.52511333e+02 1.36985892e+01
 -7.60687024e+00 8.62644440e-05 -1.96159057e-01 -9.46019396e-04 1.66340260e+01 1.36983920e+01
 1.71863290e+01 7.58275317e-03 8.94243058e-01 -2.56261376e-03 2.27507891e+02 1.37033961e+01
 6.72513772e+00 9.16465511e-04 1.46742411e+00 9.69645698e-03 6.43357830e+01 1.37015177e+01
 1.74295046e+01 2.87294951e-03 5.36080395e-01 3.18242274e-03 -1.91458767e+02 1.37034311e+01
 1.06421956e+00 7.16690031e-03 8.08612740e-01 -5.95620068e-03 -1.71056957e+02 1.37001833e+01
 2.12657840e+01 7.62763655e-04 8.94815126e-02 -3.00305615e-03 1.95715436e+02 1.37041557e+01
 1.85259518e+00 4.42433928e-03 -1.62878434e-01 -8.45075597e-03 2.09277898e+02 1.37003356e+01
 -4.67969464e+00 3.42822517e-03 -2.41413466e+00 -2.32394724e-03 7.81890233e+01 1.36990376e+01
 1.33678433e+01 -1.70714805e-02 -1.88085594e+00 1.46947206e-03 -3.19384175e+02 1.37027931e+01
 1.21668751e+01 -8.06650214e-04 -2.42782941e+00 7.09252249e-03 1.14003945e+02 1.37021798e+01
 9.38474791e+00 -6.26420707e-03 -2.45350585e+00 -4.83225018e-03 1.74434297e+02 1.37020893e+01
 1.49020426e+01 -1.81230297e-03 -7.58140317e-01 -4.92624640e-03 3.40432550e+02 1.37025853e+01
 1.72964644e+01 1.75797457e-03 9.33120731e-01 1.11515276e-02 2.35204630e+02 1.37034001e+01
 -3.40770830e+00 1.27545196e-02 3.87212704e-01 -7.61297641e-03 1.93747607e+02 1.36992007e+01
 1.58507062e+01 3.77309818e-03 1.05652099e+00 -1.74132880e-03 -3.97331466e+02 1.37032274e+01
 4.94434565e+00 -3.92944330e-03 2.24546977e+00 -8.25244562e-03 9.82165332e+01 1.37010890e+01
 6.99886053e+00 6.61915734e-03 2.46144049e-01 -5.10439506e-03 -3.24710091e+02 1.37016036e+01
 -1.33580500e+01 -5.04392241e-03 -2.73273879e+00 1.86452439e-03 -3.10439079e+02 1.36973654e+01
 -3.02409528e+00 7.24468265e-03 -1.46243921e+00 2.10637856e-03 5.15134180e+02 1.36995444e+01
 -2.26162926e+01 7.17289187e-04 2.27681282e-01 7.02681292e-03 -2.85903833e+02 1.36955929e+01
 1.07638911e+01 6.01571882e-03 1.17198781e+00 -3.45375665e-03 6.38711550e+02 1.37021451e+01
 -7.64429479e+00 1.63557131e-02 -3.75946617e-01 2.83266038e-03 -1.50584441e+02 1.36982965e+01
 -3.89756155e+01 4.48608610e-03 2.24849137e+00 5.48109553e-03 -1.03174166e+02 1.36923562e+01
 -6.21409586e+00 -8.06595041e-03 -4.56950381e-01 7.03854509e-04 -3.91849945e+02 1.36987342e+01
 2.54691036e+00 1.00574560e-02 6.74533879e-01 7.46081283e-04 -2.16261403e+02 1.37005472e+01
 -1.14644378e+01 -5.42839958e-04 5.98096380e-01 -3.65440632e-03 -1.85050406e+02 1.36978762e+01
 -5.61761303e+00 2.64990307e-02 8.30907103e-01 -9.09582404e-03 -2.32237395e+02 1.36988793e+01
 1.11618005e+01 -6.13903117e-05 1.69721023e-01 1.14835383e-02 -2.23679382e+02 1.37023330e+01
 -5.54707028e+00 -5.47274716e-03 1.23143662e+00 -5.37451519e-03 3.16462575e+02 1.36988212e+01
 9.71312930e+00 -1.18237619e-03 7.18075831e-02 2.39511227e-04 6.95215601e+01 1.37020583e+01
 1.57345278e+01 1.12996837e-02 9.54830709e-01 -6.68158259e-03 5.76931650e+01 1.37029316e+01
 1.54268853e+01 -7.72808508e-03 1.09810969e+00 -6.53924400e-04 7.80019440e+01 1.37030983e+01
 4.01983132e+00 -4.75210051e-03 3.62683389e-01 -9.98611222e-03 1.18295509e+02 1.37008462e+01
 1.10811716e+01 -5.12255780e-03 -2.63107529e+00 2.83723185e-03 -6.06423789e+00 1.37023647e+01
 -3.67926229e+01 -5.72340185e-03 -6.22481950e-01 5.90149885e-03 -1.31628931e+02 1.36929062e+01
 -4.30301047e+00 -3.77981775e-03 1.27007566e+00 1.71946472e-03 2.64821498e+02 1.36989004e+01
 -1.13533868e+01 -2.14535529e-03 -2.11233803e+00 3.62859727e-03 -1.91144574e+02 1.36978758e+01
 -1.42759796e+00 -9.17887592e-03 1.77087684e-01 5.73041466e-03 -6.19342290e+02 1.36996472e+01
 -1.46566189e+01 6.52949203e-03 6.29940565e-01 6.46020908e-04 -1.61218412e+02 1.36972405e+01
 -3.48290714e+00 2.07858951e-03 1.16202833e+00 -8.71948538e-04 1.33066092e+02 1.36993381e+01
 -1.88330428e+01 -1.12138874e-03 4.86342623e-01 1.04286114e-02 -4.33920867e+01 1.36965372e+01
 2.80270415e+01 1.10787706e-02 3.30738476e-01 -4.81921556e-03 -4.86357276e+00 1.37058245e+01
 -4.92499263e+00 -2.71204534e-03 3.65438602e-01 -7.64179724e-03 -2.29617346e+02 1.36991301e+01
 -9.00760153e-01 4.85814204e-03 -3.22778962e-01 9.60745170e-04 -2.53481527e+02 1.36996219e+01
 -3.45992565e+00 3.78850169e-03 3.50476231e-01 -3.22005278e-03 4.45897949e+02 1.36992829e+01
 3.50621851e+00 3.46900010e-04 -8.74881970e-01 7.77024122e-03 9.84989340e+01 1.37003396e+01
 1.74921221e+01 -1.15718777e-03 2.38398986e-01 -4.37934575e-03 1.56132520e+02 1.37038616e+01
 -8.45854431e+00 -1.03564739e-02 -1.48752435e+00 2.85764163e-03 1.13279320e+02 1.36982238e+01
 5.15690410e+00 6.05436538e-03 -3.04619310e-02 4.57556936e-03 -1.81481129e+01 1.37008900e+01
 1.00154290e+01 7.58205882e-03 -4.40343695e-01 9.08203334e-03 -1.64491543e+02 1.37017500e+01
 -1.74813494e+01 6.49967685e-03 2.12208646e-01 8.08306465e-03 1.62218186e+02 1.36961244e+01
 -1.07337472e+01 -5.81237718e-03 -1.49396251e+00 -6.79060924e-03 3.23980367e+02 1.36982583e+01
 -1.26495326e+01 -6.70291008e-03 1.31201379e+00 3.63034916e-03 2.85598730e+02 1.36977288e+01
 7.98158878e+00 -4.55126312e-03 -3.35955969e-02 8.94004100e-03 -1.63084485e+02 1.37014057e+01
 6.66394812e+00 1.58388599e-02 -1.28336916e+00 -5.71051385e-03 -7.90972392e+01 1.37012026e+01
 1.81549409e+01 -8.28591685e-03 -1.75321615e-01 8.53067706e-03 -1.63549252e+02 1.37034570e+01
 1.42053759e+01 3.29230228e-03 -1.65623960e+00 9.07152401e-04 -1.19426201e+02 1.37027357e+01
 -3.75598068e+00 -7.49420116e-03 1.63264253e+00 1.03903290e-02 -3.81357830e+02 1.36991917e+01
 6.39012014e+00 -6.34342151e-03 -4.22800078e-01 7.42126339e-03 6.26177509e+00 1.37015556e+01
 7.93437699e+00 1.02402269e-02 -7.99528498e-02 -9.45760623e-03 -2.19107655e+01 1.37017963e+01
 1.63128987e+01 -5.90229032e-03 -3.16854922e-01 -6.18235382e-04 3.38060128e+01 1.37031539e+01
 1.16296019e+01 2.15030304e-03 1.19185811e+00 1.11137980e-02 -1.60288422e+02 1.37022537e+01
 -1.66987428e+01 7.73699833e-03 -1.96663061e+00 2.04892955e-03 -2.47655833e+02 1.36964859e+01
 -2.51024799e+00 3.29487465e-04 8.14285113e-01 4.15739032e-03 1.87919394e+02 1.36996714e+01
 2.34891065e+01 -1.83056038e-03 -9.00687887e-01 -1.67395870e-03 1.55293263e+02 1.37044750e+01
 1.18744776e+01 -3.24999226e-03 2.89604580e-01 -3.07158805e-04 4.47480973e+02 1.37023243e+01
 -7.43913436e+00 -3.29250793e-03 -4.62566726e-01 1.10928485e-03 1.50663354e+02 1.36987385e+01
 -5.40561403e+00 -1.39361829e-02 -8.58269002e-01 -5.71063550e-03 -3.38681676e+02 1.36989500e+01
 -4.56669959e+00 1.72209248e-03 -8.43724769e-01 8.48226931e-03 -1.18413460e+02 1.36989224e+01
 -1.03738982e+01 -5.92112535e-03 -2.41280944e-01 3.08461229e-03 9.73475266e+00 1.36980379e+01
 6.41986725e+00 1.20235057e-02 -6.75871558e-02 -4.64523352e-03 -1.46764738e+02 1.37014579e+01
 1.23987827e+01 -5.15747252e-03 -1.67827840e+00 5.15548707e-03 1.30324724e+02 1.37023870e+01
 5.65170328e+00 4.60826276e-03 -9.65323658e-01 4.71577686e-03 8.87237754e+01 1.37010189e+01
 -6.06354872e+00 -1.09030928e-02 -3.82780822e-02 2.13456757e-03 2.93063906e+01 1.36990992e+01
 -1.33265746e+01 1.66256389e-02 1.40920862e+00 7.92534650e-03 3.16256712e+02 1.36973730e+01
 -1.24491800e+01 1.36599803e-02 -6.10899809e-01 8.09543031e-03 2.90163069e+01 1.36973744e+01
 -1.82496794e+01 5.08331711e-03 5.76801675e-01 -7.56510743e-03 3.77370334e+02 1.36964213e+01
 9.62260449e+00 3.25748709e-03 -8.03192031e-01 -2.33748701e-03 -9.57350694e+01 1.37018178e+01
 1.39371836e+01 2.09567637e-03 1.51201699e-01 4.90927605e-03 1.59824949e+02 1.37028290e+01
 2.04279686e+01 6.82692666e-03 6.72541869e-01 1.16387288e-03 -4.09566214e+02 1.37044741e+01
 1.22125553e+01 6.46698182e-04 -8.20275056e-02 -1.12935775e-03 -1.93361537e+01 1.37024171e+01
 1.40522004e+01 4.29685634e-03 7.25585136e-01 1.25093108e-03 -2.68567345e+02 1.37023636e+01
 -9.40017949e+00 2.16640969e-02 -9.51489620e-01 4.74576503e-03 4.52596529e+02 1.36983890e+01
 -1.53827938e+01 -1.37287864e-02 -1.18969134e+00 -5.02881389e-03 1.46218244e+02 1.36969643e+01
 -2.49542519e+00 5.52945964e-03 1.15697720e+00 7.88223247e-03 2.53168854e+01 1.36991403e+01
 3.56233226e+01 -1.16477434e-02 7.65432599e-01 7.24137491e-04 1.36796146e+01 1.37071555e+01
 -1.07311226e+01 -1.95206127e-03 5.80187347e-01 -2.94900288e-03 8.84118703e+01 1.36976658e+01
 1.35528953e+01 7.52829070e-03 6.98253567e-01 8.46900426e-03 -1.08862980e+02 1.37028546e+01
 -1.97799134e+01 -9.26153287e-03 -8.57514624e-01 1.96501305e-03 -5.33080178e+01 1.36960324e+01
 2.17898431e+01 2.26689330e-03 -3.74758542e-01 -3.42532962e-03 -2.78871223e+02 1.37044100e+01
 1.90574170e+01 1.55983174e-03 1.22485877e+00 -9.75826639e-04 -1.51343940e+02 1.37039959e+01
 1.39240587e+01 5.51450317e-03 -1.13750908e+00 -3.41530870e-03 -1.32648293e+02 1.37028236e+01
 -8.60438118e+00 -1.85304479e-03 -1.10635128e-01 -2.26363327e-03 2.66172926e+02 1.36982305e+01
 -3.74693847e+00 -2.82985840e-03 6.71838189e-01 1.06054072e-02 2.18708200e+02 1.36992340e+01
 8.42845735e+00 -1.60534621e-03 2.06434678e+00 4.00283852e-03 -3.36738989e+02 1.37019761e+01
 9.07934545e-01 -3.91407897e-03 2.39373009e-01 -1.64207426e-02 -8.04310162e+01 1.37003962e+01
 -3.23171795e+00 4.66629917e-03 -1.13312893e+00 7.86619994e-03 -1.13092452e+02 1.36991900e+01
 -2.84982170e+00 -2.26591172e-03 6.14866780e-01 5.91050499e-03 -9.46059538e+01 1.36994611e+01
 -2.39359614e+01 9.02427651e-03 -2.70956066e-01 1.83051081e-03 -2.00434949e+02 1.36951106e+01
 6.02808890e+00 -1.35487177e-02 2.77278328e+00 -3.76839968e-03 4.15866477e+02 1.37013901e+01
 -1.83662194e+00 -3.36180520e-03 -8.05226156e-01 -1.36837150e-03 -1.29873038e+02 1.36995665e+01
 8.52975246e+00 1.59876429e-02 -2.09761801e+00 -3.16506914e-03 -5.61810168e+02 1.37018644e+01
 -9.90672158e+00 -1.26127246e-02 5.70287143e-01 1.86659873e-03 5.86511189e+01 1.36979593e+01
 -5.01416495e+00 1.09070679e-02 3.95146572e-01 -8.10120161e-03 1.05314683e+02 1.36992723e+01
 -3.72300078e+00 -3.28652327e-03 1.17206741e+00 -2.35155546e-03 3.47036406e+02 1.36989850e+01
 -5.69815061e+00 9.35185751e-03 -3.76581847e-01 3.42674242e-03 3.04539152e+02 1.36989292e+01
 1.80889860e+01 -3.28310794e-03 1.22518261e+00 3.58406176e-03 4.80798843e+02 1.37036508e+01
 1.90386613e+01 -5.29355088e-04 2.67949117e+00 -3.31097596e-03 -4.33409635e+02 1.37035569e+01
 -1.86507712e+01 7.31073620e-04 -1.47423038e+00 5.78360639e-03 1.39070873e+02 1.36961657e+01
 -1.66713026e+00 1.91788583e-03 7.47965933e-01 3.97610699e-03 -2.77510219e+02 1.36997268e+01
 -2.63694472e+01 1.47025581e-03 -5.33257448e-01 2.57768240e-04 -9.57545188e+02 1.36946772e+01
 -5.58220317e+00 1.87567006e-03 5.64545155e-01 -4.90494918e-03 8.38995274e+01 1.36989546e+01
 6.94809994e+00 -1.66059590e-03 5.62626436e-01 -8.13688527e-03 -2.43856703e+02 1.37012921e+01
 -1.42693429e+01 6.33061885e-04 -8.51317515e-01 -6.34689345e-03 -5.46227826e+01 1.36970164e+01
 2.10672118e+01 -1.97741627e-03 -2.06766149e-01 -5.78613967e-03 -6.89685711e+01 1.37041461e+01
 -1.50968258e+01 3.92614339e-04 8.47729822e-01 -1.91951237e-03 1.03237650e+02 1.36969458e+01
 -6.95148977e+00 -3.43006121e-03 -1.71489478e+00 -5.44573289e-04 1.92625974e+01 1.36987022e+01
 6.95338814e+00 -3.20948648e-03 1.73385293e+00 1.76403313e-03 -3.37348741e+02 1.37010742e+01
 -1.26817734e+01 -7.27655073e-03 5.83482872e-01 3.46982209e-03 -6.70447314e+02 1.36973038e+01
 5.83072231e+00 1.33081087e-02 -2.73124325e-01 1.75567129e-02 -2.76871978e+02 1.37011985e+01
 1.06179870e+01 -6.82935467e-04 2.87352745e+00 -4.47197742e-03 -4.38150807e+02 1.37021957e+01
 -6.10134283e+00 6.98045730e-03 -7.19170432e-01 2.05479619e-05 5.63298519e+01 1.36988238e+01
 -9.28103869e+00 6.32990915e-03 3.01827341e-01 -4.95687800e-03 -1.94934501e+02 1.36985665e+01
 9.28483474e+00 1.52950204e-03 1.10554695e+00 4.59717705e-03 -1.97302551e+02 1.37022730e+01
 -1.02318042e+01 2.05409636e-03 -8.58938270e-01 4.27909850e-03 -4.08688920e+02 1.36980847e+01
 1.95990292e+01 -6.26235362e-03 -7.73673389e-02 -7.03418467e-03 1.23176961e+02 1.37039656e+01
 -1.40990611e+01 -4.05671877e-03 6.81950327e-01 -6.50417913e-03 2.04494296e+02 1.36972765e+01
 2.04993098e+01 -3.50595141e-03 4.24762241e-01 -5.30235398e-03 3.72647652e+01 1.37040502e+01
 -1.81910942e+00 -2.70242298e-03 2.53581410e-01 -3.21549253e-03 -3.19115241e+02 1.36996570e+01
 -2.85562714e+00 -8.76930700e-03 7.23030706e-01 -1.31649329e-02 -9.14338667e-01 1.36992257e+01
 8.66112542e+00 3.60682969e-04 -1.03467531e+00 3.88421323e-03 -2.40654081e+02 1.37017764e+01
 1.51574098e+01 6.69397701e-03 -1.26639705e+00 -7.78814716e-03 5.78428223e+01 1.37031983e+01
 -3.79331444e+00 6.73793762e-03 -1.19880914e+00 7.31559855e-03 -1.50483023e+02 1.36991496e+01
 -1.35109439e+00 -1.78188646e-03 5.26118653e-01 2.76556421e-03 4.91257394e+02 1.36998755e+01
 -5.82465678e+00 -2.34761929e-03 4.51629996e-01 2.68771505e-03 -1.03607697e+02 1.36987433e+01
 1.00488914e+00 -1.28140150e-02 1.63184152e+00 1.47011939e-03 4.40098301e+02 1.37005807e+01
 2.38778701e-01 -1.23613263e-02 1.75587382e-01 8.65823291e-03 -3.50357508e+02 1.36998166e+01
 1.33361518e+01 1.80308015e-03 2.73839809e+00 -9.56276808e-03 -2.95162698e+02 1.37021385e+01
 2.62722836e+00 7.70735414e-03 2.09913143e-01 -1.15068519e-02 -1.34325462e+01 1.37006992e+01
 -9.35877779e+00 1.70600354e-03 -4.03439567e-01 6.04088701e-03 -3.13400660e+02 1.36981617e+01
 -2.09285077e+01 -1.96445054e-03 -1.60940539e+00 -1.85790379e-03 6.56943589e+01 1.36957832e+01
 -1.61591493e-01 -6.03179370e-04 -1.24034070e+00 -8.21074999e-03 2.45408315e+02 1.37000106e+01
 -1.48751922e+01 -1.92967950e-03 -2.47918057e+00 -3.03774570e-03 -1.65544488e+01 1.36972179e+01
 -1.57904581e+01 3.21491478e-03 -5.63344331e-02 -1.58579146e-03 4.05016134e+02 1.36966658e+01
 4.09561334e+00 -4.40771463e-03 -4.89385624e-02 -1.82336545e-02 -2.41498747e+02 1.37005981e+01
 3.47025185e+01 6.43379172e-03 -1.17645878e+00 6.15618661e-03 2.62321507e+01 1.37066564e+01
 -1.01975482e+01 -2.92277635e-03 -2.32097434e-01 7.23640440e-03 1.26313007e+02 1.36978620e+01
 -1.06561558e+01 -1.27011269e-02 5.70107433e-01 6.70767049e-03 6.76400098e+01 1.36981013e+01
 7.94838422e+00 -5.04993737e-03 9.84141250e-02 -1.02887698e-02 9.41939197e+01 1.37014027e+01
 2.06483749e+01 -1.61365420e-03 1.01520501e+00 -3.53995997e-04 -1.38555118e+02 1.37037938e+01
 8.98993156e+00 -1.05549711e-02 3.72797704e-01 3.13445984e-04 -1.24371821e+02 1.37020809e+01
 2.55443838e+00 4.23790992e-03 9.83451982e-01 2.96555198e-04 -2.71964973e+01 1.37006136e+01
 3.01350224e+00 6.38458146e-03 -8.64521890e-03 -4.21769924e-03 8.34665316e+00 1.37009240e+01
 1.79189925e+01 6.66516488e-03 -1.24046953e+00 -1.16183057e-02 -5.37761785e+02 1.37033257e+01
 1.56490096e+01 -1.23093773e-03 3.50688706e-01 4.28541795e-04 1.95659154e+02 1.37033088e+01
 9.88251510e-01 3.41466234e-03 1.96121935e+00 5.19881560e-03 1.27822408e+02 1.37000829e+01
 -7.13187414e+00 9.95171589e-04 1.16202987e+00 -2.86929309e-03 -1.16091679e+02 1.36982287e+01
 -2.34758921e+01 8.45316309e-03 -9.82393509e-02 5.00794967e-03 -3.04434171e+02 1.36953096e+01
 1.02850770e+01 8.70151520e-03 1.66856926e+00 -5.28388677e-03 -3.63429901e+02 1.37020714e+01
 -6.16628890e+00 8.72182961e-03 1.99868122e-01 3.48914161e-03 -1.50051295e+02 1.36990795e+01
 6.96480014e+00 1.47589911e-02 1.66756976e+00 2.71512396e-03 3.67517008e+01 1.37017015e+01
 1.03725712e+01 -3.30726103e-03 9.30042109e-01 -2.71053979e-04 1.07199015e+02 1.37025019e+01
 -5.90341442e+00 3.31226966e-03 6.57074135e-01 2.40658746e-04 -4.27731346e+02 1.36986732e+01
 1.21178529e+01 -2.17802481e-03 -6.79728570e-01 -1.11787525e-02 -6.83186595e+02 1.37026077e+01
 6.75493095e+00 -3.14398127e-03 -3.08144515e-01 -2.25209060e-03 5.39256899e+01 1.37014185e+01
 -1.82434745e+01 -2.19224151e-02 1.41168269e+00 -2.30499974e-03 1.30427736e+02 1.36961539e+01
 1.69668832e+00 4.79421969e-03 4.45239349e-01 -4.05625663e-03 3.20874270e+01 1.37001635e+01
 -8.30107220e+00 -3.57300481e-03 2.35120261e-01 7.63411618e-03 3.04240182e+02 1.36982447e+01
 -1.44213301e+01 1.67241005e-02 4.37691388e-01 -1.18047107e-02 -2.43466190e+02 1.36972218e+01
 -1.19248427e+01 1.06354148e-02 4.34329697e-01 -4.59438235e-05 5.26227680e+01 1.36975160e+01
 5.62551242e+00 -1.75001323e-02 7.48038881e-01 -4.09142492e-03 1.22173880e+02 1.37011966e+01
 -5.53611202e+00 1.47600197e-03 3.95762640e-01 3.51042946e-03 4.28795393e+02 1.36988399e+01
 -3.62770554e+00 -2.17596854e-03 6.00838144e-01 5.70818621e-03 2.07837956e+02 1.36989563e+01
 -3.28577091e+00 2.38049873e-02 8.80547595e-01 -8.78380923e-03 1.35162901e+02 1.36993062e+01
 -1.06389132e+01 -1.01392049e-02 -1.43225131e+00 5.51704102e-03 -3.00100489e+01 1.36979963e+01
 1.38985868e+01 -1.01647554e-03 -3.96838294e-01 -9.45177285e-04 2.93943855e+02 1.37026834e+01
 -3.99128849e+00 -3.49211268e-03 1.93317154e-01 -3.32479477e-03 3.02349490e+01 1.36991169e+01
 -8.10988452e+00 -2.45666579e-03 3.56660001e-01 2.82739806e-03 -3.52105996e+01 1.36985093e+01
 -2.48883240e+01 1.35720786e-02 -6.87119364e-01 -3.81320360e-03 3.91528853e+02 1.36950493e+01
 -1.41561473e+01 -4.01779033e-04 5.02512352e-01 -1.15377543e-03 7.55263159e+01 1.36970067e+01
 2.18250187e+01 -4.14513634e-03 8.34035446e-01 4.16261945e-04 1.88245070e+02 1.37045214e+01
 1.89919839e+00 -1.33707720e-02 -8.20175339e-01 -4.10552724e-03 -5.56035761e+02 1.37005277e+01
 2.54954390e+00 -4.22416321e-05 -5.19216523e-02 -6.94350765e-03 -2.79105218e+02 1.37004336e+01
 -1.00705867e+01 4.34680673e-03 -1.76494784e+00 1.27271106e-02 -1.77150917e+02 1.36980271e+01
 4.88687244e+00 1.00390378e-02 -3.51473485e+00 -2.28480219e-04 4.16063220e+01 1.37009412e+01
 -5.24585594e-02 -2.65054511e-03 8.95855547e-01 -8.98031274e-03 3.29640047e+02 1.36998399e+01
 3.40897753e+00 -9.66287675e-03 -5.91825589e-02 5.47906672e-03 1.16856336e+02 1.37004456e+01
 1.40780423e+01 7.65393234e-03 2.39081715e-01 1.28771913e-02 6.41447426e+02 1.37028295e+01
 1.23976218e+01 -4.04109627e-03 9.59336351e-01 5.21664932e-03 1.49615808e+01 1.37026315e+01
 -7.07094048e+00 3.03345481e-03 8.95647233e-01 1.02151337e-02 -1.55098839e+02 1.36986342e+01
 6.12642383e+00 4.44900669e-03 1.86349067e-01 6.86689148e-03 3.41672088e+02 1.37015631e+01
 -2.46364385e+00 -4.66091672e-03 -3.60079769e-01 -3.22967792e-03 -1.57811687e+02 1.36997232e+01
 2.37606917e+01 -5.59084106e-03 -1.85380717e-01 3.68130425e-04 2.19665474e+02 1.37048148e+01
 9.19151731e+00 -9.88374670e-03 1.17741506e+00 1.50639511e-04 -1.64514757e+02 1.37020067e+01
 1.45848138e+01 1.47537165e-02 -9.34475135e-01 7.35092811e-03 2.43000722e+02 1.37028225e+01
 -6.42398507e+00 -1.12062017e-02 1.81159409e+00 -3.99808200e-03 5.48383366e+02 1.36986052e+01
 -2.24567473e+01 2.69992336e-03 -1.18149798e+00 1.37821889e-02 -3.60701517e+02 1.36957734e+01
 -6.91272493e+00 -5.05025808e-03 1.60981265e+00 8.85506491e-03 2.43518141e+02 1.36985842e+01
 -1.67292556e+01 1.96892795e-02 -2.87499370e+00 3.15781628e-03 1.63261834e+00 1.36966409e+01
 -1.43734849e+01 8.65309657e-03 5.68326569e-01 -8.88843743e-04 2.42472541e+02 1.36971347e+01
 -1.94201229e+01 3.10310512e-03 -2.42754656e+00 1.92240450e-03 -1.71887546e+02 1.36963825e+01
 1.77469392e+01 -6.14968168e-03 8.01588508e-01 7.28795717e-03 -3.84238111e+01 1.37034059e+01
 -1.20492497e+01 -4.38377188e-04 4.75030766e-01 -5.17972222e-04 5.67819127e+02 1.36977459e+01
 1.96750187e+01 1.24886105e-02 -2.37394800e+00 2.05737123e-03 -6.84831023e+02 1.37042386e+01
 -1.73962241e+00 5.35194616e-03 -1.02319671e+00 -1.93979807e-03 -2.70946230e+02 1.37000673e+01
 -1.48361260e+00 -3.70857171e-03 -2.03989546e-01 1.14342742e-03 -2.06159638e+02 1.37001726e+01
 9.84355767e+00 1.72585375e-03 1.96580255e-01 1.00258955e-02 3.54820666e+02 1.37018491e+01
 -2.61565342e+00 -1.03889164e-02 -9.65899615e-01 2.15265289e-03 7.42961277e+02 1.36996020e+01
 -4.08879590e+01 2.02905375e-02 -7.98451917e-01 -4.65296931e-03 -4.68783187e+01 1.36921236e+01
 -3.39491846e+00 1.02387844e-02 5.32362978e-01 -4.15818074e-04 3.88133131e+01 1.36993568e+01
 -3.44505363e+01 -5.50309862e-04 -7.01726079e-01 -3.04448031e-03 -2.24413125e+02 1.36933785e+01
 6.51612330e+00 -5.25933595e-03 8.29957147e-01 7.29677353e-03 2.89776191e+02 1.37013574e+01
 -1.45136305e+01 -1.55604095e-02 -1.41603843e+00 -2.58643116e-03 5.66896537e+02 1.36969206e+01
 -8.38311514e+00 1.14583208e-03 1.03132413e+00 5.41181738e-03 -2.77297141e+02 1.36985350e+01
 2.24506544e+00 -2.28537168e-03 -1.42949769e+00 3.85270862e-04 8.34984958e+01 1.37005451e+01
 -9.04518106e+00 -2.08536513e-03 -1.00829299e+00 1.06440892e-02 -2.13272344e+02 1.36979627e+01
 7.47905735e+00 8.77581565e-03 7.02956212e-02 1.44197261e-02 -2.75319972e+02 1.37014609e+01
 -1.43205309e+01 -5.84583448e-03 -1.62262658e+00 1.25048298e-02 1.96145136e+02 1.36973929e+01
 -1.04466124e+01 -7.14300124e-03 -5.75072088e-01 -1.09511705e-03 2.60314625e+02 1.36979205e+01
 2.10201442e+01 -1.91377092e-02 -3.67458599e+00 1.01807789e-02 7.86295942e+01 1.37043914e+01
 3.51556549e+00 7.23047971e-03 -3.59751434e-01 2.86187809e-03 -1.59431038e+02 1.37008048e+01
 4.16560290e+00 2.36619054e-03 -1.08518748e+00 6.75778874e-03 1.11542098e+02 1.37006191e+01
 -9.63007214e+00 -3.18175412e-03 -1.34928262e+00 -4.38004791e-03 -2.82173843e+02 1.36982798e+01
 -3.32513783e+00 5.72887033e-03 2.08116491e-01 -1.12369491e-02 2.77841527e+02 1.36992607e+01
 -1.08786149e+01 -1.15872478e-02 8.63692253e-01 4.87215830e-03 -6.51165504e+01 1.36980254e+01
 1.55130836e+01 -3.64709187e-03 -1.35129752e+00 9.96827076e-03 -3.35014407e+02 1.37029760e+01
 -1.09827220e+01 -6.08885925e-03 1.14105729e+00 -2.96695127e-03 5.30145509e+02 1.36982342e+01
 -1.82642805e+01 4.82021086e-03 5.79316496e-01 -3.63840855e-03 5.30962535e+02 1.36968073e+01
 1.82223066e+00 -7.22146215e-03 -1.22345435e-01 -9.94659286e-03 -4.34478288e+02 1.37001448e+01
 8.17064542e+00 -2.23410939e-03 5.21877718e-01 -1.84915647e-03 -3.13766368e+02 1.37017123e+01
 5.37581463e+00 1.21301249e-03 -6.20149997e-02 -2.21686162e-03 6.85212158e+01 1.37011062e+01
 5.01265296e+00 -6.35217304e-03 -1.44484519e+00 1.14160860e-02 1.55756844e+02 1.37011799e+01
 -9.58071382e+00 -4.69153479e-04 5.03590918e-01 -4.29781487e-03 -1.37846313e+02 1.36976658e+01
 6.51499616e+00 -4.63791720e-03 -1.15808692e+00 7.94155788e-03 2.27346246e+02 1.37014903e+01
 2.87954064e+01 1.53242871e-03 -8.42526767e-01 -7.64708094e-03 2.36802247e+02 1.37056769e+01
 -1.00779512e+01 5.13004102e-03 -5.62907677e-01 3.05537468e-03 3.97737013e+01 1.36982084e+01
 -1.88643638e+01 -9.62640106e-03 -6.14942845e-01 3.74017084e-04 -1.29634233e+02 1.36958702e+01
 -1.04188814e+01 4.21599522e-03 -2.26401201e+00 -2.88964116e-03 5.18582344e+01 1.36981603e+01
 9.82172382e+00 7.71067192e-03 -6.92568419e-01 9.52318894e-03 -7.82335670e+01 1.37019346e+01
 -3.62190110e+00 -1.72835909e-03 1.32769637e+00 -2.71412922e-04 3.71225005e+02 1.36993339e+01
 -1.93124861e+01 2.38609114e-03 4.04320511e-01 6.28206985e-03 -1.03233237e+02 1.36961443e+01
 2.07831282e+01 1.13298155e-02 -7.77144801e-01 -6.39410873e-03 -2.09120564e+02 1.37040837e+01
 7.74461555e+00 1.01012155e-02 3.58801011e-02 -1.07071070e-03 1.31989003e+02 1.37015286e+01
 2.74183562e+01 -1.03161103e-02 7.37486330e-01 1.15257363e-03 -4.00727724e+02 1.37056296e+01
 -3.02590330e+00 -8.42415352e-03 -1.13274880e+00 -8.67591773e-03 3.03749311e+02 1.36994226e+01
 6.54600922e+00 4.12961696e-04 5.98423004e-01 4.98114157e-03 2.43136618e+02 1.37011559e+01
 -2.27702337e+01 -3.92219346e-03 -1.53615563e+00 7.02640405e-03 2.11942441e+02 1.36957177e+01
 -2.20750297e+00 -7.21385993e-03 1.63544769e-01 2.71837656e-03 -2.73100922e+01 1.36995207e+01
 8.19207176e+00 -6.18844805e-03 -9.07556783e-01 1.06489195e-02 -2.68666761e+02 1.37016924e+01
 -2.12574165e+01 -1.05646106e-02 1.04151652e+00 4.40481073e-03 6.12906782e+02 1.36957546e+01
 2.17891447e+01 2.73995072e-03 1.11445078e-01 -3.14860628e-03 -2.93588376e+02 1.37042056e+01
 -5.90429713e+00 1.68950524e-02 3.19127750e-01 1.42531124e-02 3.03473021e+02 1.36988551e+01
 2.54473337e+01 9.15098731e-03 1.56947093e+00 5.98649296e-03 -4.39665780e+01 1.37048902e+01
 -4.86876056e+01 -7.16893865e-03 8.72751058e-01 -1.67507810e-02 7.04039953e+01 1.36900461e+01
 1.15037381e+01 5.57243064e-03 -4.26530833e-01 -4.14931916e-03 2.87207391e+02 1.37024534e+01
 2.08015883e+01 -5.65303868e-04 -3.17284175e-02 -1.29668706e-02 -1.56866435e+02 1.37044230e+01
 1.81937256e+01 4.48377691e-03 3.81993021e-01 -5.95239475e-03 9.60635903e+01 1.37036489e+01
 1.34378482e+01 5.68214135e-03 -6.13241886e-01 -7.94756261e-03 -4.72860258e+02 1.37029131e+01
 -1.74316163e+01 7.46842342e-04 9.28980406e-01 1.01610114e-02 2.07478380e+01 1.36965572e+01
 -3.40452628e+00 -5.12159554e-03 6.07879767e-01 1.17138452e-03 -1.33605255e+01 1.36994730e+01
 7.05752793e+00 -5.54244798e-04 5.41670160e-01 4.37904078e-03 -4.42269888e+02 1.37016228e+01
 1.18712526e+01 -4.16311136e-03 5.08891836e-01 -8.12973711e-03 2.83035059e+02 1.37024652e+01
 8.21443696e+00 1.04991653e-02 -1.36324340e+00 1.35996793e-03 2.54408982e+02 1.37020576e+01
 8.50330401e+00 -7.04513080e-03 1.75493119e+00 6.42508221e-03 7.72313393e-01 1.37014869e+01
 -2.24773558e+01 -1.10551076e-02 1.43163632e+00 6.47583836e-04 -5.69632962e+01 1.36952690e+01
 -6.81790598e+00 -1.39280722e-03 -1.56526790e+00 -8.44072326e-03 -2.66800700e+02 1.36989521e+01
 1.68970356e+01 1.70666310e-03 -1.86443698e-01 -8.87419878e-04 7.38103775e+01 1.37030611e+01
 -1.44310754e+00 -7.58591495e-03 -7.66120228e-01 5.83402534e-03 5.04078808e+02 1.36995441e+01
 -2.18681050e+01 4.95066395e-03 2.32635508e+00 9.27756943e-03 -9.47345893e+01 1.36952840e+01
 -2.32970565e+01 6.54334963e-03 1.22188371e+00 3.30089318e-03 1.65083528e+02 1.36954068e+01
 5.13123905e+00 3.17434378e-03 1.15819580e-01 -7.42601876e-03 -2.90957818e+02 1.37011725e+01
 1.02722872e+01 -6.16642417e-03 1.25267058e-02 -5.05963266e-03 -5.28130196e+00 1.37019204e+01
 -1.62016261e+01 -3.97329701e-03 1.60963472e+00 -3.46065630e-03 6.24336978e+02 1.36968503e+01
 4.69508667e+00 3.96709196e-03 -9.61768405e-01 2.92656377e-03 1.42434638e+02 1.37009836e+01
 3.00644107e+01 1.09837718e-02 1.69644713e+00 -1.02163705e-03 -7.08907819e+01 1.37060195e+01
 4.95889000e+00 7.87634142e-04 -1.44381700e+00 -4.26525449e-03 2.65007932e+02 1.37008174e+01
 1.77061493e+01 7.76808083e-03 7.59448921e-01 -1.27704255e-02 3.73729421e+02 1.37035046e+01
 6.70157755e+00 -6.36389445e-03 1.15151207e+00 -4.81574271e-03 1.15164248e+02 1.37014108e+01
 -2.24963857e+00 -4.62415963e-03 2.36938081e-01 -1.01734644e-02 2.90872864e+02 1.36995319e+01
 1.87303090e+01 2.95579065e-03 1.14540476e-01 3.57092649e-03 -5.31875085e+01 1.37040322e+01
 7.13695346e+00 8.59789910e-03 -1.43685150e+00 -2.45583119e-03 -2.80293305e+02 1.37014333e+01
 -3.48669526e+00 -4.82492382e-03 -2.34449218e-01 7.36458723e-03 2.47027395e+01 1.36993107e+01
 3.23054091e+01 -1.46480665e-02 2.32860740e-01 8.88967513e-03 4.86813694e+02 1.37063746e+01
 2.54829667e+01 -3.90460941e-03 1.82231292e+00 -4.38387294e-03 1.64608995e+02 1.37050540e+01
 7.28455385e+00 -4.51985190e-03 -1.58964782e+00 1.42762893e-03 -6.37947565e+01 1.37012135e+01
 -1.72395212e+00 -6.30949957e-04 8.73686115e-02 -1.05397781e-02 2.24404112e+02 1.36993747e+01
 2.65900622e+00 -1.48212491e-03 1.63905539e+00 3.73401172e-03 2.56872887e+02 1.37008116e+01
 -8.60313292e+00 -1.01243721e-02 1.26303718e+00 -2.62382250e-03 1.44110223e+02 1.36983710e+01
 -2.01488034e+01 5.44496928e-03 -1.65980361e+00 -1.54224222e-03 -2.50184693e+01 1.36961252e+01
 4.51035986e+00 -2.29655482e-04 -2.26499265e-02 -2.50642398e-03 -4.18622037e+02 1.37011552e+01
 2.92640688e+01 2.02973807e-04 6.16172243e-01 1.72405803e-03 -3.74099540e+02 1.37058507e+01
 -2.02838937e+01 -1.08350733e-02 -7.73171513e-01 -3.97283334e-03 -4.54495887e+01 1.36960910e+01
 1.24640562e+01 -4.61253571e-04 2.05422518e+00 -1.22605647e-03 -4.45895275e+02 1.37023197e+01
 -3.17422471e+00 6.37946269e-03 1.36780459e+00 -2.57603081e-04 -2.67955435e+02 1.36991022e+01
 5.73288865e+00 -6.47914758e-03 2.08988094e+00 -5.13796852e-05 3.13640781e+02 1.37008698e+01
 -1.08911795e+01 6.90342000e-03 3.09862247e-02 -2.29060889e-03 1.58478576e+02 1.36977686e+01
 4.47495438e+00 -7.18226949e-03 1.43538752e+00 6.12087272e-04 -1.28266795e+02 1.37006432e+01
 -3.32422410e+00 -3.86962387e-03 1.24695015e+00 3.82080009e-03 -1.04882761e+02 1.36995766e+01
 2.76411302e+00 8.95803517e-03 -3.27947493e-01 -1.34521575e-02 -2.49896573e+02 1.37005322e+01
 2.83541397e+00 -1.65539224e-03 -4.72781503e-01 6.79276527e-03 5.14774795e+02 1.37005266e+01
 -2.62603345e+01 -8.90169426e-03 -1.00114112e+00 -2.06795687e-03 9.19004408e+00 1.36947190e+01
 7.82683277e+00 4.07585263e-03 1.49628296e-01 -4.20388454e-03 1.34508148e+02 1.37015207e+01
 -1.92600647e+01 -3.43160407e-03 1.70282115e+00 -6.43159905e-03 -8.90067504e+01 1.36960392e+01
 -8.91536233e+00 -2.57374755e-03 2.29137693e+00 -5.29018768e-03 -1.85783726e+02 1.36984499e+01
 5.90491599e+00 1.66124629e-02 1.04132650e+00 -1.36428758e-03 2.92627772e+02 1.37012884e+01
 7.48039090e+00 -4.11802846e-03 1.85976585e-01 1.01894439e-03 -7.35959588e+01 1.37013269e+01
 1.27538001e+01 6.47955013e-03 1.08050068e+00 2.15812882e-03 -4.10849456e+02 1.37027577e+01
 8.94958320e+00 -9.18123266e-03 9.71107367e-01 8.31189648e-03 -3.18695373e+01 1.37016965e+01
 1.73509681e-01 8.33895550e-03 1.44805130e+00 -4.10566376e-03 2.19284466e+02 1.36999971e+01
 2.37648354e+00 9.47373704e-03 -5.60495829e-01 -6.43240386e-03 -7.35565567e+01 1.37005141e+01
 1.55585385e+01 3.96482348e-03 2.07942149e+00 -3.70829316e-03 -1.77111519e+01 1.37034119e+01
 -2.30880775e+01 4.45740504e-04 6.51739251e-03 1.82564364e-03 1.21448223e+02 1.36955681e+01
 2.58001403e+01 1.25333217e-03 3.75814381e-01 6.84221768e-03 3.13795055e+01 1.37049469e+01
 -5.17017518e+00 -6.81306596e-04 -9.55488116e-02 -3.95613206e-03 -3.15905029e+02 1.36986151e+01
 -4.34140924e+00 7.67241226e-03 1.95848538e+00 -3.02141372e-03 -8.71664440e+01 1.36988153e+01
 7.84695416e+00 3.96772627e-03 2.63532605e+00 -1.15191423e-02 5.61942813e+02 1.37016140e+01
 -5.24428028e+00 1.81512336e-03 -7.16313415e-01 5.94708752e-03 -1.08996201e+02 1.36985342e+01
 -2.69354488e-02 -1.24602764e-02 5.41525228e-01 3.67331857e-03 -5.91497703e+01 1.37000934e+01
 1.88966028e+01 3.39769990e-03 -1.89480715e+00 2.21272179e-03 1.13728884e+02 1.37035550e+01
 -5.27514045e+00 -1.08276946e-02 -1.92580689e+00 6.98685638e-04 8.77400290e+01 1.36992216e+01
 -8.81231040e+00 -7.90638849e-03 1.82798029e+00 -4.32354658e-04 -1.50674433e+02 1.36982808e+01
 1.58566413e+01 -8.88254711e-03 1.84167828e+00 2.71861852e-03 1.22998676e+01 1.37030057e+01
 1.71670997e+01 -7.15992446e-03 -2.26122831e+00 7.00407993e-03 -1.31853185e+02 1.37033752e+01
 2.85747299e+01 1.42563248e-02 -1.86559597e-01 -2.89529466e-03 -5.11624494e+02 1.37060300e+01
 -2.35783274e+01 -8.95284618e-04 1.87544470e+00 1.67008526e-03 8.54191835e+02 1.36952632e+01
 3.06305244e+01 2.18164321e-03 8.40756451e-01 -5.68061867e-03 -1.03152357e+02 1.37060276e+01
 -1.37728135e+00 1.58510488e-02 -2.33549517e+00 8.48822835e-03 4.22254394e+02 1.36997202e+01
 -2.98382744e+00 -5.43313931e-03 -3.74141595e-01 2.89149761e-03 -4.51958891e+01 1.36996052e+01
 -5.09974583e+00 -1.03042988e-02 -1.39725719e+00 -7.63340616e-03 -8.15462919e+01 1.36989527e+01
 -3.29024056e+00 -7.04163089e-04 1.07795632e+00 3.22083669e-03 -1.57175480e+02 1.36991033e+01
 -1.39688519e+01 3.55149353e-03 -2.79572808e-01 8.98677084e-03 -2.73348604e+02 1.36972937e+01
 -2.36093532e+01 1.31092706e-02 -6.19425496e-02 1.76794645e-03 -6.77071291e+01 1.36955918e+01
 7.31275494e+00 4.81411008e-03 4.23952600e-01 -9.64800332e-03 2.85505376e+02 1.37013211e+01
 2.08114392e+00 -4.65354368e-03 -9.15868478e-01 1.77139036e-03 -1.02477840e+02 1.37002316e+01
 -8.24097130e+00 1.40003428e-02 -2.46068839e+00 -5.89155344e-03 1.89407331e+02 1.36986557e+01
 7.53097844e+00 -4.05753689e-03 2.92585813e-01 1.95795392e-03 -2.47759184e+01 1.37018451e+01
 2.57824266e+01 -7.89519618e-03 -4.86831189e-01 -7.25289864e-03 4.39876460e+02 1.37047801e+01
 1.67953586e+01 -1.80703434e-03 -1.27389171e+00 1.30710855e-03 -4.59098777e+02 1.37030574e+01
 -2.42923611e+00 -1.17334907e-02 -5.41024541e-01 -4.38182907e-04 -1.36234207e+02 1.36992994e+01
 6.88074068e-01 -6.96797614e-03 -3.75835472e-01 -4.10454004e-03 6.01289018e+01 1.37000353e+01
 6.53152276e+00 -2.59682340e-03 5.94281634e-01 -3.40207689e-04 1.47130085e+02 1.37012589e+01
 -1.31564985e+00 -2.05959918e-02 -1.59831928e+00 -4.12572314e-03 -1.47962692e+02 1.36996856e+01
 4.10958179e+00 4.62751148e-03 4.64922678e-01 8.55132176e-03 3.67569739e+02 1.37005734e+01
 1.61406699e+01 -5.34993365e-03 -2.26382782e-01 -5.55793483e-03 1.56233682e+02 1.37030787e+01
 7.86220624e+00 3.76164784e-03 1.11358605e+00 -3.09881873e-03 -1.53922982e+02 1.37016761e+01
 5.40865031e+00 4.73677448e-03 2.04264576e+00 2.67614552e-03 -1.51618093e+02 1.37014768e+01
 -1.96657142e+01 -2.29359664e-03 4.40724397e-01 -7.58196328e-03 -3.10999852e+02 1.36964708e+01
 -3.29260248e+00 5.17506833e-03 3.26067665e-02 5.78573570e-03 5.38332978e+01 1.36995383e+01
 9.54436395e+00 -2.46913950e-02 -4.25716194e-01 -5.13855791e-03 -1.01754542e+02 1.37021591e+01
 2.72247972e+01 -1.73444732e-04 -7.42737749e-01 4.95477123e-03 5.24159726e+02 1.37054473e+01
 -4.06274785e+00 9.31470325e-03 8.67838809e-02 -4.89958161e-04 1.27076796e+02 1.36988287e+01
 8.77021477e+00 4.53065887e-03 -4.64522759e-01 1.79622403e-03 -2.09316906e+02 1.37016483e+01
 -1.72615507e+01 4.49990450e-03 3.29535814e-01 -5.45534560e-03 6.98227937e+01 1.36965752e+01
 -1.29873063e+01 -5.89259870e-03 1.92300623e+00 -3.43468016e-03 -3.44592245e+02 1.36971882e+01
 4.03412546e+01 -1.95697384e-03 -1.61985296e-01 4.82084496e-04 -4.28727871e+02 1.37078454e+01
 8.11923861e+00 5.24373979e-03 -2.63342874e+00 2.79348534e-03 1.13752436e+02 1.37012175e+01
 2.01776326e+01 -1.12719200e-02 -8.25225663e-01 -1.49493874e-03 -3.80723353e+00 1.37038097e+01
 1.58545968e+01 -1.92581911e-03 -1.66678276e+00 -1.06198586e-03 8.74952216e+01 1.37031532e+01
 4.73987353e+00 6.21167936e-04 2.95239955e-01 -1.89139800e-03 -1.03507288e+02 1.37012028e+01
 -7.16617739e+00 2.14638919e-03 1.29144488e+00 1.29253149e-05 -2.47773614e+02 1.36985535e+01
 9.24446345e+00 3.97466125e-03 7.10907775e-01 -4.41484736e-03 -3.38474015e+01 1.37019020e+01
 -3.07062877e+00 1.07306074e-02 -1.60733908e+00 -1.63025566e-03 3.82358132e+01 1.36994978e+01
 5.39451505e+00 1.96858034e-03 3.83314830e-01 -4.55773154e-03 -2.79684398e+02 1.37010646e+01
 -1.92184343e+01 6.27655610e-03 2.31747423e+00 5.84367183e-03 1.46151781e+02 1.36963285e+01
 4.39013589e-01 -1.19066969e-02 2.86463292e-01 5.81823040e-06 3.12315469e+02 1.37001653e+01
 4.52208451e+00 6.33218182e-03 1.86823392e+00 -1.81815512e-03 1.37622771e+02 1.37005709e+01
 1.84449460e+01 -9.50746675e-03 1.17748429e+00 8.72911353e-03 4.78344147e+01 1.37033997e+01
 1.29049033e+01 -1.38187272e-03 -9.56993539e-01 2.88175355e-03 2.77767705e+02 1.37023771e+01
 4.60800017e+00 3.42962444e-03 3.26368178e-01 -5.24653516e-03 -4.72853795e+02 1.37012378e+01
 -2.76429124e-01 8.02285648e-03 -1.68078534e+00 1.69372098e-03 4.47779356e+02 1.36999552e+01
 1.06512797e+01 5.40177634e-03 -5.63331844e-01 1.07393444e-02 4.89802371e+02 1.37020816e+01
 -3.86642483e+00 1.19893618e-02 -6.48581889e-01 -1.50265931e-03 3.12700633e+02 1.36992888e+01
 2.14284719e+01 -6.82646370e-03 9.44139807e-01 -5.61613979e-03 2.32856008e+01 1.37041649e+01
 -8.23037186e+00 -1.16845933e-02 -4.07860078e-01 4.34108653e-03 3.58964538e+02 1.36982847e+01
 1.95360677e+01 3.12316905e-03 -8.91038458e-01 -1.97420046e-03 -1.03717845e+01 1.37039862e+01
 -6.67865292e+00 2.15337805e-02 -1.40669489e+00 -6.71836325e-05 -3.28903611e+02 1.36988703e+01
 5.14902081e+00 3.18266413e-03 1.19949548e+00 -7.31030090e-03 -4.88680289e+01 1.37010710e+01
 1.15425271e+00 -1.34573216e-03 8.89374230e-01 -1.70951122e-03 -5.11056298e+01 1.37001427e+01
 -1.75729576e+01 7.52185334e-03 -3.86161035e-01 -8.05151486e-03 4.66349764e+02 1.36966338e+01
 9.54348427e+00 -8.40663509e-03 -1.24818580e+00 -1.33308011e-03 -3.74904123e+02 1.37019367e+01
 1.72339888e+01 3.21591339e-03 -1.31256450e+00 -1.67958419e-03 -3.33408864e+01 1.37033683e+01
 1.60186692e+01 7.22483931e-03 1.72223849e+00 -1.27301254e-02 3.28880994e+02 1.37032054e+01
 -1.03968232e+01 4.26766196e-03 -1.22439594e+00 1.03348503e-02 2.83066098e+02 1.36978535e+01
 1.39834410e+01 1.18782427e-02 -4.08256567e-02 -5.40721308e-04 -1.92758300e+02 1.37029367e+01
 -1.93790924e+00 -1.13238491e-02 2.67862228e+00 -6.60982560e-03 -1.35852272e+02 1.36994207e+01
 -1.38933110e+01 -6.13045336e-05 1.79065954e-01 7.61565296e-03 -8.02191441e+01 1.36970036e+01
 -7.51992240e+00 -5.90755907e-03 2.98824397e-01 -2.07994375e-04 2.01319233e+02 1.36982480e+01
 1.04181542e+01 1.10005649e-02 7.50629821e-01 -1.03598030e-02 5.13258239e+01 1.37021716e+01
 3.79145920e+00 -5.94140314e-03 -2.99046718e-01 1.23557497e-02 -6.09434900e+01 1.37009575e+01
 -1.17999954e+01 5.40433582e-04 1.21366622e+00 -2.53579699e-03 -2.75136506e+02 1.36978150e+01
 3.76225703e+01 4.17823339e-03 -8.70653661e-01 -4.45370969e-03 -1.97973837e+02 1.37072757e+01
 -1.61757691e+01 -1.25817110e-03 -2.85606221e+00 2.17700648e-05 7.19308202e+01 1.36969035e+01
 -7.01926557e+00 -3.07236925e-03 1.02832488e+00 4.88438421e-05 5.37823271e+02 1.36984899e+01
 -1.28210188e+01 5.60663317e-03 3.06836318e+00 -3.78941000e-03 -2.37170337e+02 1.36974406e+01
 -9.19717794e+00 5.65670051e-03 4.47286698e-01 5.28168212e-03 -2.06558263e+02 1.36981373e+01
 -4.16408973e-01 -1.38585148e-02 -9.19223098e-01 5.99839036e-03 5.11064538e+02 1.37000509e+01
 1.25300464e+01 -6.41277976e-04 -2.40524991e-01 1.62302755e-04 1.00534935e+02 1.37028617e+01
 -6.36829098e+00 2.14481884e-03 1.04629960e+00 5.03870223e-03 -1.98844346e+01 1.36987188e+01
 -1.68642014e+01 -9.69156155e-03 -1.33458989e+00 -9.29737510e-03 -1.68507708e+02 1.36968004e+01
 -2.42857527e+00 9.83605390e-03 -1.17028002e-01 6.38602755e-03 1.23420067e+02 1.36994677e+01
 1.78856879e+01 3.00189053e-03 8.35776526e-01 7.24671633e-04 -4.74824772e+02 1.37035880e+01
 -9.16977611e+00 -5.26982357e-03 -1.91690804e-01 -3.43491136e-03 -4.66192795e+02 1.36981877e+01
 1.18021146e+01 -1.47919604e-02 1.23237416e+00 -3.36273066e-03 -1.73316761e+02 1.37021223e+01
 -4.01150817e+01 9.76706658e-03 -8.01989501e-01 3.96681045e-03 -2.66186983e+02 1.36921890e+01
 -3.85305165e+00 -7.59328591e-03 2.09895565e+00 4.52004712e-03 -5.02765287e+02 1.36989998e+01
 2.31804563e+01 -2.15623641e-03 -4.32510526e-02 4.62472194e-03 -6.91369892e+01 1.37045631e+01
 3.48796853e+00 -9.22233343e-03 -9.77347403e-01 -3.67675395e-03 -1.58442251e+02 1.37009301e+01
 1.55212769e+01 8.57867155e-03 1.03388758e+00 -3.10261458e-04 -2.49866998e+02 1.37030212e+01
 -1.60566776e+01 -5.74471077e-03 -1.31295947e+00 -1.63314180e-02 8.12615065e+01 1.36967632e+01
 -3.05350121e+01 7.01163877e-03 -1.17201917e+00 4.81578493e-03 1.85860666e+02 1.36939214e+01
 1.76136685e+01 -4.71628621e-03 -1.49552184e+00 4.38604884e-03 5.20547235e+01 1.37033898e+01
 -1.69133741e+01 3.57335137e-03 -4.39694694e-01 1.73686640e-02 2.04601809e+02 1.36966164e+01
 4.09059076e+00 -1.08054886e-02 8.86649970e-01 3.29282015e-03 -3.53829551e+01 1.37010352e+01
 -1.10917507e+00 -3.38410408e-04 -3.31047726e+00 -4.70105221e-03 4.57835366e+01 1.36995985e+01
 2.46538644e-02 1.64982515e-02 -1.17701627e+00 5.42176203e-03 -2.89596808e+02 1.36999051e+01
 -1.54880072e+01 -2.70336885e-03 1.66474760e-03 6.99918299e-03 9.91861199e+01 1.36968685e+01
 -1.84095478e+01 7.27184597e-03 -2.47982148e+00 4.02017370e-03 -2.18576871e+02 1.36962426e+01
 -3.30759229e+00 1.18798995e-02 1.46761812e+00 -4.67958275e-03 4.07868098e+02 1.36995925e+01
 -2.55007682e-01 6.68140848e-03 1.07936669e+00 1.91715228e-03 2.22938060e+02 1.37001613e+01
 2.50056889e+01 2.59393858e-03 -3.14322192e-01 3.91464152e-04 -7.73450114e+01 1.37047661e+01
 -5.79589098e+00 -6.15589650e-03 1.23285248e+00 -7.21653412e-03 -7.74727058e+01 1.36984508e+01
 -2.78333635e+00 2.98165942e-03 -2.21148550e-02 -3.87812069e-03 3.29480878e+02 1.36995192e+01
 8.37786379e+00 1.97290477e-02 -4.86091173e-01 -7.83595743e-03 -6.41161689e+01 1.37019058e+01
 -3.65183542e+00 -3.71737212e-03 -1.55070840e+00 -1.32458226e-02 -2.67008140e+02 1.36996548e+01
 2.71583024e+01 4.29358572e-04 -9.49141238e-01 -6.45301854e-03 2.82867645e+02 1.37054160e+01
 2.05578810e+01 -2.22916507e-03 -3.08795824e-01 -1.24415646e-03 -6.35417917e+02 1.37042981e+01
 2.41728984e+01 3.71741810e-03 4.46520740e-01 -1.43244479e-02 3.56993807e+02 1.37047785e+01
 -8.13188896e+00 1.56974718e-03 1.56228412e+00 -5.81923333e-03 -7.72849346e+01 1.36984964e+01
 -9.29363181e+00 -1.04668548e-02 1.78880252e+00 -3.88397381e-04 -2.40701268e+02 1.36980383e+01
 2.13688295e+01 4.93254949e-03 -5.93270545e-02 -1.05725142e-03 -4.27132919e+01 1.37043806e+01
 4.35389250e+00 -6.61284644e-03 1.06272309e+00 -8.07559204e-03 8.26404421e+01 1.37010269e+01
 -4.73946426e+00 -9.85244946e-03 -1.02971080e-01 -5.59313610e-03 -4.58832873e+02 1.36988826e+01
 -5.27220316e+00 -1.35763645e-03 1.59321124e+00 3.27580242e-03 -3.68771102e+02 1.36989500e+01
 3.88955388e+00 6.69590666e-03 -1.54897173e+00 -8.18660720e-03 -1.39249787e+02 1.37006763e+01
 1.25902185e+01 6.29061224e-03 -1.18352529e+00 1.12323109e-02 3.37267221e+02 1.37026500e+01
 -9.11071555e+00 -1.83855001e-03 -8.14967543e-01 -5.41322920e-03 -3.95192855e+02 1.36982957e+01
 -3.05070171e-01 1.42587343e-03 6.40440512e-01 -2.55702492e-03 -3.39267847e+02 1.36997558e+01
 4.15936835e+00 1.14631075e-02 -1.95306750e-01 -1.13237790e-02 -2.39828880e+02 1.37009217e+01
 -3.91813646e+00 2.54019005e-03 7.72335367e-01 1.77730957e-03 -2.37407021e+02 1.36991574e+01
 1.14839416e+00 -8.78256174e-03 -6.99814867e-01 7.25940678e-03 -5.22516330e+02 1.37007708e+01
 1.28336665e+01 -1.43429679e-02 1.42940375e+00 -2.92810316e-03 1.56222275e+02 1.37021578e+01
 -3.39509712e+01 4.81183631e-03 -7.50592387e-01 -5.21325203e-03 8.12570143e+01 1.36931453e+01
 8.54125652e+00 4.28176592e-03 -1.05607905e-01 -6.25333628e-03 6.43004678e+02 1.37014926e+01
 -1.60609010e+00 3.81550656e-03 1.05698220e+00 1.16265487e-03 -4.90557971e+02 1.36995612e+01
 -2.86746625e+01 -1.71114219e-03 2.71194561e+00 -4.94000367e-03 9.90270844e+00 1.36939329e+01
 -2.07166502e+00 -1.08362010e-02 1.05998064e+00 4.28032638e-03 -2.14269241e+01 1.36993692e+01
 8.69664345e+00 4.35829831e-03 1.42191910e+00 -8.91298919e-04 -1.50232707e+02 1.37018900e+01
 -1.95082006e+01 -7.10169657e-04 -4.66505174e-01 -1.16905562e-02 3.41458447e+02 1.36962886e+01
 -2.48606806e+00 -3.56936461e-03 1.36805994e+00 -1.39455755e-03 4.00726340e+01 1.36996086e+01
 1.41559352e+01 -2.61695470e-03 5.17955633e-02 -3.46194506e-03 -5.87445417e+02 1.37029914e+01
 -1.42104610e+01 -3.94589938e-03 -1.11334617e+00 -6.81246652e-03 -8.90435762e+01 1.36973284e+01
 -7.06463439e-02 -1.23600246e-02 -8.64605101e-01 -7.03564982e-03 -4.48300838e+02 1.36998777e+01
 1.48476025e+01 4.18520844e-03 1.26616501e+00 7.99139348e-04 -4.12794586e+01 1.37028816e+01
 6.63314823e+00 1.06338984e-02 1.95705848e+00 -1.06441853e-02 2.06428478e+01 1.37013010e+01
 -8.51371660e-01 6.90482495e-03 1.13484766e+00 -5.87809660e-04 -3.51024146e+02 1.37000314e+01
 9.19732857e+00 1.85094738e-03 1.05716543e+00 2.17670122e-03 -3.19107627e+02 1.37019641e+01
 -7.58425373e+00 2.54249492e-03 8.09678496e-01 -2.15445874e-03 1.04685914e+02 1.36984263e+01
 9.47711614e+00 1.81119102e-03 -1.65421343e+00 -7.68449816e-03 -2.70302087e+02 1.37016629e+01
 -1.89502182e+01 1.20824390e-02 -1.78490222e-01 2.20262880e-03 -2.22732364e+02 1.36965395e+01
 1.48431751e+01 -5.01472858e-03 1.92183832e+00 1.02924220e-03 4.67908011e+01 1.37029062e+01
 -7.14416402e+00 6.26220962e-04 2.56137997e+00 -4.97706332e-03 -6.76226418e+01 1.36987791e+01
 1.01440539e+01 -7.64312665e-04 1.76628184e-01 -6.39415140e-03 -3.23216849e+02 1.37017165e+01
 1.24224803e+01 4.55871593e-03 -1.98605198e+00 5.08941360e-03 -2.37442728e+02 1.37024860e+01
 1.68563304e+00 -3.97439716e-03 8.14908575e-01 -2.47351443e-05 1.22014182e+02 1.37008015e+01
 -1.08729162e+01 9.44500824e-03 -1.92904269e-01 3.92495696e-03 8.26510477e+01 1.36979337e+01
 1.45339486e+01 -4.30270618e-03 -4.84496746e-01 1.15898470e-03 -1.86165566e+02 1.37028874e+01
 1.27008907e+01 8.85471282e-03 9.46259963e-01 4.03568876e-03 4.21596295e+02 1.37024594e+01
 7.94044339e+00 7.88683810e-03 -1.94080084e+00 -7.20541705e-03 -6.45921679e+01 1.37014462e+01
 1.81647617e+01 -2.14126325e-03 1.57743754e+00 -4.59952348e-03 -3.78210573e+02 1.37035376e+01
 2.61476038e+01 -1.20584286e-02 2.46927599e-01 4.79004375e-03 -1.62290925e+02 1.37052770e+01
 1.59884326e+01 -3.32293735e-04 3.85868953e-01 -4.23796887e-03 3.15601536e+02 1.37032217e+01
 -1.42557599e+01 -1.46188193e-02 -2.09859823e+00 -8.79504258e-03 1.71469138e+02 1.36969966e+01
 -1.15212434e-01 -8.61725849e-03 3.91851787e-01 1.98104309e-03 -3.56543518e+02 1.36999913e+01
 -5.29823004e+00 -8.49843616e-03 -9.96289834e-01 -7.03332875e-03 1.14257348e+02 1.36989314e+01
 2.31221899e+01 -1.37614149e-03 8.71434910e-02 1.16312601e-02 5.25832444e+02 1.37046655e+01
 1.18635435e+01 7.48667679e-03 -3.76115907e-01 -2.83042434e-03 -4.44418441e+01 1.37023809e+01
 1.23606490e+01 6.64702375e-03 9.66877824e-01 1.98793766e-04 -2.62710410e+02 1.37022359e+01
 -1.21691893e+01 1.00928654e-02 -3.48353566e-01 2.30914212e-03 4.36039319e+02 1.36975710e+01
 3.30287465e+00 1.55717681e-03 -7.81038045e-01 -4.05731821e-03 1.82919362e+02 1.37007810e+01
 2.91284096e+01 -4.27745001e-03 3.58614785e-01 -1.08701031e-03 -3.55202199e+02 1.37059166e+01
 8.61490663e+00 8.46203811e-03 7.58275843e-01 6.54863505e-04 7.71066510e+00 1.37015228e+01
 1.17347183e+01 2.41415713e-03 2.67153016e-01 8.16910286e-03 9.12291224e+00 1.37022350e+01
 -5.46682221e+00 -5.47960589e-03 -9.02460587e-01 2.19223624e-03 8.15877232e+01 1.36988950e+01
 1.98044668e+01 -9.48309555e-03 -4.79666526e-02 -6.52633258e-04 1.93055145e+02 1.37039083e+01
 5.35135678e+00 2.17829285e-03 8.08328404e-01 -4.11187876e-03 2.04584956e+02 1.37014858e+01
 1.47259653e+01 -5.72458443e-03 2.94261329e-01 6.49986658e-04 1.08951176e+02 1.37032316e+01
 2.25380146e+00 -2.97029568e-03 -1.24172592e+00 2.57335090e-06 -9.57620792e+01 1.37003684e+01
 -6.71089696e+00 -1.02815769e-02 2.70991134e+00 -4.84471206e-03 -6.28822897e+02 1.36986320e+01
 3.10490852e+00 -4.27760645e-03 3.21498588e-01 6.22847419e-03 2.96142950e+02 1.37008507e+01
 2.89937945e+00 -5.87728362e-03 3.28448472e-01 1.39378205e-03 2.29949399e+00 1.37007255e+01
 1.30915496e+00 -1.21464720e-02 -3.23583996e-01 -3.27076481e-03 1.09241793e+02 1.37002531e+01
 -7.81034700e+00 2.69214427e-03 -1.60403143e-03 -8.26792703e-03 6.80714250e+01 1.36980301e+01
 1.13317041e+01 -4.46585723e-03 -4.06322531e-01 7.22125963e-03 -1.24694917e+02 1.37022967e+01
 -1.27190761e+00 -6.65715394e-03 7.19195693e-01 -1.19224730e-02 2.86689907e+02 1.36998716e+01
 -5.38013621e+00 1.25379438e-02 9.15776524e-02 -6.41019589e-05 -3.01944667e+01 1.36988563e+01
 4.98969406e+00 -1.03084338e-02 6.58082098e-01 -8.88739346e-03 4.75272437e+02 1.37009251e+01
 4.17591525e+00 -4.59852825e-03 1.67151181e+00 1.39870760e-02 4.27521849e+01 1.37008660e+01
 1.00750133e+00 -1.19942109e-02 4.65432696e-01 4.92130972e-03 4.50670506e+01 1.37000063e+01
 -7.47998083e+00 5.38489631e-03 -4.00596038e-01 7.98049071e-04 9.84195757e+01 1.36983434e+01
 -1.12638092e+01 1.33672937e-02 2.01014184e+00 1.08518084e-02 3.39380036e+01 1.36976322e+01
 -1.21383887e+01 -8.69182581e-03 1.47064842e+00 -4.59502395e-03 -2.79381101e+01 1.36975768e+01
 8.31627734e+00 -3.89511238e-03 6.51723337e-01 2.73543292e-04 1.16308372e+02 1.37015681e+01
 1.62890203e+00 -4.38642407e-03 9.16615336e-02 8.05744898e-04 1.90255761e+02 1.37006052e+01
 2.75089143e+01 2.69338092e-03 4.00135104e-02 -1.31911618e-02 -1.97799303e+02 1.37054768e+01
 -4.75796615e+00 -9.20000934e-03 -5.15512096e-02 5.42698653e-03 -9.17999897e+01 1.36987611e+01
 -9.34124422e+00 5.43792458e-03 -2.14337377e-01 3.41968990e-03 3.08499097e+02 1.36982670e+01
 2.35344453e+01 3.37167979e-03 1.98397586e+00 -1.74866909e-03 7.54964831e+01 1.37044238e+01
 5.74880554e+00 1.95643080e-03 -2.69750098e-01 -3.82191044e-03 5.33182088e+02 1.37013333e+01
 4.61425257e+00 2.39232913e-03 1.82511353e+00 -6.98658210e-03 -4.46648865e+01 1.37008522e+01
 9.37115611e+00 -7.60914717e-03 -3.18498200e-01 9.03403684e-04 3.75314923e+02 1.37017920e+01
 -1.00460155e+01 7.27152423e-03 1.40356521e-01 -9.90136617e-03 -2.70720504e+02 1.36981307e+01
 -1.02892476e+01 -1.24478151e-02 1.62233474e-01 -1.77403929e-03 1.64442128e+02 1.36976737e+01
 2.05687180e+01 -1.21752121e-03 -1.81108642e+00 -7.32776480e-04 -3.47031015e+02 1.37039846e+01
 7.62736045e+00 5.35731812e-03 -6.65243495e-01 -2.12886261e-04 5.97065463e+01 1.37017646e+01
 -1.52159058e+01 -1.05460363e-02 -1.91844724e+00 -2.46557158e-03 1.54968661e+01 1.36970596e+01
 1.32425201e+01 7.91245174e-03 -9.53175156e-01 -8.96942761e-03 3.48591043e+02 1.37027871e+01
 -2.11604439e+01 -3.24071773e-03 -2.31218941e-01 4.04818868e-03 2.64874026e+02 1.36956420e+01
 7.96512054e-01 1.23960037e-02 5.43694471e-01 -4.79935691e-03 -1.74602036e+02 1.37002634e+01
 -5.17367983e+00 -8.35760879e-03 1.52238915e+00 -2.92327828e-03 2.74719066e+02 1.36988653e+01
 -3.69793828e+00 -6.32357917e-03 8.11952135e-01 -1.12266699e-03 -1.36922998e+02 1.36990472e+01
 -1.01344984e+01 -5.22197746e-03 -2.57844702e+00 8.33611665e-04 1.99222695e+02 1.36978355e+01
 1.49129180e+01 1.39313948e-02 9.00733239e-01 -9.48311063e-03 1.30982181e+02 1.37027595e+01
 -2.73279116e+01 -4.66611848e-03 -3.66195399e-01 -7.20535272e-03 -4.18687708e+01 1.36947556e+01
 2.66402077e+00 -9.26459425e-03 5.82242372e-01 -6.81755839e-03 -2.76687282e+02 1.37002822e+01
 2.64451026e+01 -4.63688482e-03 -4.97960711e-01 -7.62540097e-03 -2.55382599e+01 1.37053426e+01
 6.60308294e+00 -9.50983686e-03 -1.18335709e+00 -3.91864942e-03 -2.02859721e+01 1.37010965e+01
 1.72599770e+01 1.53847469e-03 4.95158993e-01 3.17474490e-03 -8.96163035e+00 1.37035050e+01
 -2.37361634e+00 6.05300151e-03 -1.24973474e+00 1.14759240e-02 1.50147430e+02 1.36996842e+01
 -1.55652231e+01 1.98670415e-02 5.37766343e-01 2.87301825e-03 -2.29572717e+02 1.36967999e+01
 -7.34458561e+00 3.89064208e-03 -1.22455985e+00 -5.48117526e-04 3.50512777e+01 1.36985529e+01
 -3.22072997e+01 -3.63450340e-03 3.58929777e-01 -3.85378228e-03 1.34539201e+02 1.36937893e+01
 1.50198456e+01 -8.62577013e-04 6.32108522e-01 2.26339377e-03 -1.93587933e+02 1.37026158e+01
 -1.57458843e+01 1.40127393e-02 8.24870255e-01 -8.85580600e-03 4.62691484e+02 1.36969348e+01
 -2.57390872e+01 8.31200787e-03 -2.40365471e+00 -4.70420284e-03 2.66770881e+01 1.36948741e+01
 -6.22569438e+00 9.21049879e-03 1.51003413e+00 1.92173347e-03 1.16072383e+02 1.36988384e+01
 -7.15000915e+00 1.31597052e-02 -5.93852515e-01 -4.12334103e-03 -1.23246451e+02 1.36984920e+01
 -1.85122048e+00 8.00805447e-03 -3.25747223e-01 -3.39644732e-03 -4.05600099e+02 1.36996138e+01
 5.89377094e+00 -7.72993239e-03 3.56989201e-01 -4.93160425e-03 3.21924230e+02 1.37012829e+01
 1.54421217e+01 -2.68450360e-03 4.98410825e-01 3.18339378e-04 -4.31483873e+02 1.37032128e+01
 -1.40907399e+01 7.70000502e-04 -1.06258639e+00 -4.77688153e-03 1.52115579e+01 1.36969805e+01
 1.55488954e+01 1.02729954e-02 -6.99484234e-01 -6.10946506e-04 7.13972773e+01 1.37030535e+01
 1.78690944e+01 9.74154151e-03 6.23963729e-01 -2.34776263e-03 -1.83384728e+02 1.37036775e+01
 1.50864027e+01 -4.47639793e-03 -1.16401152e-01 -1.25763820e-02 7.75626550e+01 1.37029289e+01
 9.78762484e+00 -2.14023471e-03 9.66632681e-02 -1.04825247e-02 -3.35939425e+02 1.37018810e+01
 -2.50256518e+00 -1.65741006e-02 8.34979359e-01 -1.48104742e-02 -1.69677768e+02 1.36996033e+01
 -2.25213490e+01 4.87451366e-03 9.11560697e-01 3.26360449e-03 5.20958685e+01 1.36956063e+01
 -5.32717215e+00 -5.39046726e-03 -5.59543613e-01 5.88010673e-03 9.64236704e+01 1.36986737e+01
 3.71969180e+01 5.80231219e-03 4.54084557e-01 -3.06909208e-03 -8.98271802e+01 1.37072112e+01
 1.51936788e-01 1.23019954e-02 -1.66725139e-01 8.40338147e-03 4.31400994e+02 1.37000673e+01
 -8.54623406e+00 1.62622954e-03 7.84095555e-01 -3.49187772e-03 -2.42036946e+02 1.36983430e+01
 2.94699046e+00 -2.65621717e-03 1.17578706e-01 -4.11668461e-03 9.96883646e+01 1.37005429e+01
 -6.67468765e+00 8.67320602e-03 -4.43076458e-01 5.28625304e-03 -8.61847617e+01 1.36988022e+01
 4.42839529e+00 7.45829728e-03 3.52126271e-01 -1.86956195e-03 -5.29351246e+01 1.37005635e+01
 -1.71729745e+01 -4.69888866e-03 2.28470253e+00 1.99487507e-03 -2.84598682e+02 1.36962519e+01
 -4.10191842e+01 1.16693795e-02 2.36937884e-01 4.34109595e-03 -6.29964364e+01 1.36921466e+01
 9.60233449e+00 -1.11502797e-03 3.69645850e+00 -8.90847887e-03 2.47839749e+02 1.37016734e+01
 1.53375218e+01 1.17062746e-03 -5.19886409e-01 -2.18969293e-03 1.01576616e+02 1.37032865e+01
 8.85772121e+00 1.00224039e-02 -8.09019384e-01 2.87392053e-03 -4.00385343e+02 1.37016285e+01
 2.67089878e+01 -1.28739339e-02 -2.12254273e+00 -4.44120355e-03 -7.61180000e+01 1.37053382e+01
 2.43593577e+00 -1.64994931e-03 1.23969294e+00 -4.19747927e-03 -6.47168867e+01 1.37005008e+01
 -4.77224252e+00 -1.22687330e-02 -5.50445500e-01 1.09711635e-03 1.51618120e+02 1.36988106e+01
 -7.77589078e+00 2.49862549e-03 1.26782147e+00 -5.16864289e-03 1.89375246e+02 1.36984275e+01
 -1.28129141e+01 3.52320197e-03 2.56954988e-01 1.20054948e-03 -1.55586592e+02 1.36972174e+01
 1.70739214e+01 2.45423083e-03 -3.75828420e-01 -3.06067153e-03 -1.42906688e+02 1.37033848e+01
 -5.41530162e-01 -5.79355559e-03 -1.75759578e+00 -1.23477180e-03 1.82247805e+02 1.36997598e+01
 4.63315717e+00 -7.06274024e-03 -3.55258550e-01 6.38829397e-03 -2.89163562e+01 1.37008979e+01
 -2.10510311e+01 3.81211806e-03 -2.62026805e-01 -2.73201722e-03 4.72944965e+01 1.36958331e+01
 -3.74272404e+00 1.75126414e-03 -1.57051998e+00 -5.74126589e-03 9.32822033e+01 1.36992122e+01
 4.60136079e+00 -1.05479156e-03 -4.09707070e-01 -4.20666107e-03 2.32879433e+01 1.37012328e+01
 2.60082341e+01 1.51865746e-02 -1.23263230e+00 2.32629290e-03 -1.48168080e+02 1.37053956e+01
 5.13354411e+00 -3.61451271e-03 -9.43125819e-01 -4.49875061e-03 -2.56561522e+02 1.37008591e+01
 -1.32160464e+01 -1.01072491e-02 1.90530715e+00 1.13350556e-03 -8.16147892e+01 1.36972543e+01
 1.09776696e+01 8.72181196e-04 9.82561973e-01 4.12237776e-03 -5.77448191e+01 1.37022480e+01
 -5.43302322e-01 3.20824680e-03 2.71062651e-02 1.07652806e-03 6.73526242e+02 1.36997035e+01
 4.33759693e+00 6.63007017e-05 -1.48329695e-01 -8.23651040e-03 -9.86243847e+01 1.37005123e+01
 -5.57150162e+00 -9.65231155e-03 -1.16782819e+00 6.41280151e-03 -2.79429439e+01 1.36988402e+01
 5.31318551e+00 1.29447775e-03 1.29437965e-01 -1.12676185e-02 5.44616950e+02 1.37014258e+01
 -8.66316394e+00 5.48471830e-03 9.26279626e-01 -6.05254744e-03 -4.45129701e+02 1.36984786e+01
 1.85692474e+01 -3.26742998e-03 -1.54703302e+00 -1.60358689e-03 7.42569981e+01 1.37037144e+01
 9.46426159e+00 3.62107575e-03 -1.47593177e+00 -1.00034361e-02 -3.32952151e+02 1.37018214e+01
 -2.30858670e+01 1.17424011e-02 -4.88539499e-01 -4.08456800e-03 -3.26638787e+02 1.36954811e+01
 -6.06078190e+00 1.11531489e-02 -3.28939214e-01 -7.85456831e-03 -5.10095373e+02 1.36987414e+01
 -2.41461975e-01 -1.16357284e-02 -1.44174936e+00 5.02094527e-03 1.07629365e+02 1.37002762e+01
 2.11926645e+01 -8.74862728e-03 -9.79249845e-01 -4.11612438e-03 1.36780707e+02 1.37039128e+01
 -1.82115197e+00 2.43952914e-04 -7.30660096e-01 1.74600755e-03 2.30524966e+02 1.36999934e+01
 -2.31943803e+01 -7.45990975e-03 -1.33584818e-01 1.45203639e-03 -5.79018923e+01 1.36957410e+01
 3.12322460e+01 -1.06643664e-03 -1.05729425e+00 -6.54387584e-03 -3.38001100e+02 1.37061275e+01
 -3.45196115e+01 3.74833258e-03 -3.32320973e-01 1.61298815e-04 -1.44353671e+02 1.36931006e+01
 1.02069922e+01 -5.63423962e-03 1.92673046e+00 8.33188902e-03 2.43609512e+02 1.37018406e+01
 2.72541285e+01 -5.09137552e-04 -6.91332370e-02 -4.87418717e-04 2.78567152e+02 1.37054571e+01
 -1.24266167e+01 3.05295240e-03 -2.69962106e-02 4.24105326e-03 -1.35096615e+02 1.36978010e+01
 2.84224736e+01 -3.96769553e-03 1.07853595e+00 2.78794704e-03 -4.46580184e+02 1.37053786e+01
 -1.04416857e+00 -1.26171834e-02 9.45756230e-01 5.99933466e-04 2.71658324e+02 1.36999299e+01
 -7.74999980e+00 1.20847673e-03 -1.55378013e+00 -5.90323211e-03 -1.97156639e+02 1.36987479e+01
 4.38077394e+00 3.80618229e-03 1.28895238e+00 1.83134594e-04 -2.25208617e+02 1.37009230e+01
 8.16683155e+00 -1.95600028e-03 -7.73346287e-01 -4.18236943e-03 -3.39583963e+02 1.37014036e+01
 -5.44660584e+00 3.72549026e-05 -1.90958374e-01 3.45105591e-03 -3.14067541e+02 1.36984682e+01
 -2.71438775e+01 1.70650422e-03 5.86619207e-01 4.81960148e-03 6.63290634e+01 1.36945446e+01
 8.23135639e+00 1.31277362e-02 6.16371521e-01 -1.43225266e-03 5.95011438e+02 1.37020493e+01
 2.20427677e+01 -7.82070784e-03 8.67630748e-02 4.55088863e-03 3.13455430e+02 1.37048169e+01
 5.58590223e+00 7.52750301e-04 1.55166111e+00 -2.53776311e-03 -2.96738239e+02 1.37010340e+01
 1.41641754e+00 8.12060009e-03 1.92511472e-01 3.50670948e-03 3.80851123e+02 1.37002030e+01
 8.43827535e+00 -3.02248329e-03 -5.92372982e-01 2.44715813e-04 -6.53184039e+01 1.37015376e+01
 4.76229548e+00 8.85158047e-03 2.76891121e+00 4.26496422e-03 1.96069964e+02 1.37009231e+01
 -1.22451084e+01 -1.00178381e-03 -3.80698538e-02 3.58797616e-03 -1.75705679e+02 1.36975863e+01
 5.93615169e+00 -4.25494025e-03 -9.77204193e-01 5.75290309e-03 -3.66845323e+01 1.37010379e+01
 1.21052313e+01 -1.16379818e-03 -1.32802947e+00 3.91402396e-07 2.18104089e+02 1.37024616e+01
 -3.33860057e+00 2.46319587e-03 1.78453720e+00 3.94551784e-04 -2.58044225e+02 1.36995724e+01
 -4.11910176e+00 -2.62655626e-03 5.74285639e-01 -1.86748357e-03 -2.27308606e+02 1.36994641e+01
 9.63042861e+00 -2.63967641e-03 2.20202263e+00 -7.41110701e-04 1.09267033e+02 1.37021168e+01
 2.64443374e+01 -9.24849575e-03 5.19961430e-01 -8.79871861e-03 1.53138155e+02 1.37053528e+01
 -9.70172344e+00 4.46803694e-03 -1.45848788e+00 -5.60384609e-03 -2.82257015e+02 1.36983008e+01
 -1.63196566e+01 -4.04689210e-03 -5.81664118e-01 5.53348889e-03 -1.17721721e+02 1.36967216e+01
 -5.58745964e-01 -2.22285558e-03 -1.48769580e+00 4.86130338e-03 1.34080790e+02 1.36998043e+01
 -5.17225056e+00 1.94505462e-03 1.29402740e+00 -2.09678296e-03 -1.91859189e+02 1.36985833e+01
 -2.18859745e+01 1.43200400e-02 1.71528391e-02 -4.60628484e-03 3.79347312e+01 1.36956060e+01
 9.07160625e+00 -4.83751888e-03 -1.36537459e+00 3.85270149e-03 4.95447673e+02 1.37014881e+01
 2.32976505e+01 -4.95388198e-04 -9.30349167e-01 -6.24901619e-04 -2.41046255e+02 1.37046444e+01
 -3.20038860e+01 2.94102182e-03 1.62158793e+00 -5.03644087e-04 7.40314433e+01 1.36937227e+01
 -8.76001379e+00 -7.99525474e-03 -5.74561249e-01 3.71133719e-03 -1.87313046e+02 1.36982437e+01
 -1.51991686e+01 9.69760977e-03 -1.50703187e+00 3.56293266e-03 -3.31235917e+02 1.36970748e+01
 6.12203419e+00 9.95371565e-03 -2.22804298e-01 -4.12138440e-03 -2.60123164e+01 1.37013602e+01
 -6.16005324e+00 2.57230280e-03 5.30864122e-01 -2.06283300e-03 5.47938133e+02 1.36990193e+01
 5.75946144e+00 1.46547748e-02 -6.64778706e-01 -1.70360459e-03 -8.06733494e+01 1.37010560e+01
 1.43198820e+01 1.32433699e-03 5.09606028e-01 5.49836255e-04 -2.83898769e+01 1.37028409e+01
 -2.20078273e+00 -1.34138040e-02 -1.74187126e+00 -4.03811862e-03 -6.62528039e+02 1.36997010e+01
 6.67900262e+00 2.91045100e-03 4.36003951e-01 1.24592929e-03 -1.86125697e+02 1.37014785e+01
 3.37542811e-01 1.55965168e-03 -6.06514085e-01 1.14244250e-02 -2.84983651e+02 1.36999326e+01
 9.95814853e+00 1.03170007e-02 6.10617749e-01 -7.88041933e-03 -2.74267376e+02 1.37024062e+01
 -8.05569154e+00 6.83003696e-03 -1.55651957e+00 2.46141300e-03 -2.50865943e+02 1.36986941e+01
 -9.71241515e-02 -5.01863010e-04 8.47762211e-01 -1.46847148e-02 1.30870776e+02 1.36998650e+01
 -3.36242711e-01 -2.85712920e-03 -2.11048273e+00 -7.82818578e-04 3.90420288e+02 1.36999619e+01
 5.24882030e+00 4.94664601e-03 1.62781491e+00 -1.02770876e-02 9.04500917e+01 1.37011329e+01
 9.42766992e+00 9.00725813e-03 2.90660382e-01 -8.08388314e-03 2.76351177e+02 1.37018827e+01
 2.14335180e-01 1.73399468e-02 6.59931419e-02 -5.89606647e-04 -1.97620833e+02 1.37000506e+01
 8.98880133e+00 2.59560355e-03 -3.29627177e-01 2.99999786e-03 2.95685554e+02 1.37017696e+01
 2.31641480e+00 3.66200719e-04 1.21635669e+00 -2.23979465e-03 -3.72025379e+01 1.37004700e+01
 -8.26243556e-02 -1.20283253e-02 -1.14559074e+00 1.68600481e-03 6.39440157e+01 1.36994785e+01
 -3.34124880e+01 -6.40412935e-03 1.14606716e+00 -7.36056493e-04 -3.22260813e+02 1.36936229e+01
 1.22674480e+01 6.67464470e-03 1.05151495e+00 2.07587601e-03 -7.68220934e+01 1.37021931e+01
 -1.01459641e+00 7.07562859e-03 1.23150268e-01 -1.22416203e-02 -4.26749738e+02 1.36999157e+01
 -9.88627725e+00 1.54618411e-02 -1.05000312e+00 1.06509561e-03 1.72621037e+02 1.36980888e+01
 2.57493103e+01 -2.86596840e-03 -2.85999667e+00 -9.65885858e-04 2.30855449e+02 1.37050640e+01
 3.59699960e+00 -4.65998870e-04 7.24458378e-02 -3.56813105e-03 -2.17620735e+02 1.37012148e+01
 -1.13467154e+01 -1.66038009e-02 -5.80314021e-01 7.57465619e-03 -1.33348936e+02 1.36972435e+01
 4.08271571e+00 -2.14450851e-03 -5.88103817e-01 6.97290354e-04 1.47121143e+02 1.37005815e+01
 1.23460543e+01 -1.33587787e-02 -9.73976133e-02 -1.55879151e-03 -2.38680601e+01 1.37022121e+01
 -5.51654132e+00 -1.59146069e-03 -7.12947921e-01 8.70512893e-03 5.50385990e+02 1.36993412e+01
 -8.19805018e+00 2.25668549e-03 -1.11725362e+00 -9.04319545e-04 -8.26133239e+00 1.36983762e+01
 -3.15157775e+01 3.56746321e-03 -1.47319756e+00 -3.28561193e-03 1.42972971e+02 1.36938060e+01
 4.59373704e+00 -8.50499991e-03 4.25002597e-01 3.91912592e-03 1.81453885e+02 1.37007801e+01
 1.71513409e+01 5.77313266e-03 -3.92623489e-01 7.80494139e-03 -5.06066752e+02 1.37033781e+01
 -1.51175804e+01 2.04568172e-03 7.44310168e-01 4.08878993e-03 -3.43789005e+02 1.36970853e+01
 4.45445807e-01 1.58575139e-03 -2.21522319e+00 -4.91144016e-04 -2.78278938e+02 1.37003943e+01
 1.03164166e+01 -2.04274555e-06 -8.76546105e-01 2.45111395e-03 3.75463474e+02 1.37019911e+01
 -2.22496444e+01 1.20122026e-02 -1.77531215e-01 6.04476370e-03 -2.12091175e+02 1.36957145e+01
 2.99054388e+00 9.54559776e-04 -1.49659612e+00 4.11122046e-04 -1.51924972e+02 1.37005829e+01
 8.07533907e+00 1.77366692e-03 -5.83362928e-01 -7.62262555e-03 -2.69733777e+01 1.37015929e+01
 3.96887033e+00 1.30390573e-03 -1.34493813e-01 6.25985699e-03 -2.62721147e+02 1.37010248e+01
 -6.02756335e+00 1.00323854e-03 3.20011385e+00 8.43954532e-03 2.98852056e+02 1.36988144e+01
 7.85785482e-01 -1.85372102e-03 9.44856810e-01 1.86454373e-04 1.80977630e+01 1.37001270e+01
 1.53068276e+00 -1.88026420e-02 -1.29201867e+00 4.47247175e-03 1.95118476e+02 1.37002928e+01
 -2.12710897e+01 -2.61121525e-03 5.30184013e-01 -2.96773987e-03 -2.52498473e+02 1.36957231e+01
 -2.24865661e+01 4.19424754e-03 -1.54559954e+00 4.28606561e-03 1.41188370e+02 1.36954685e+01
 3.33855334e+00 9.22133629e-03 1.61417210e+00 3.51626581e-03 -4.42891213e+01 1.37008012e+01
 9.55471861e+00 2.04599595e-03 -6.27756250e-01 -1.13822928e-03 4.63393648e+02 1.37018076e+01
 -1.26611539e+01 -6.85701074e-03 -1.77785700e+00 6.72788573e-03 2.80711896e+00 1.36975251e+01
 -5.16760810e+00 7.44593562e-03 -2.78830868e-01 -2.42624587e-03 -2.41523075e+02 1.36991338e+01
 -1.21300042e+01 8.95970949e-03 1.93690267e+00 3.62963093e-03 -1.88168376e+02 1.36976022e+01
 -1.47125901e+01 -9.38581643e-03 1.11814540e+00 -5.13199364e-03 -2.14089639e+02 1.36969537e+01
 7.40947136e+00 -1.22586414e-02 -5.16140825e-01 1.44179949e-03 4.67863308e+02 1.37013717e+01
 8.95215615e+00 1.80674290e-03 2.14293324e-01 -1.13994971e-02 -1.42940115e+02 1.37021114e+01
 1.53661623e+01 -3.64522408e-03 -1.25195517e+00 1.50543396e-03 -1.60336284e+02 1.37031666e+01
 -4.79356146e+00 -7.91389736e-03 1.09107475e+00 3.42065406e-03 1.66570715e+02 1.36991970e+01
 9.95160074e+00 -2.93228935e-03 6.23153516e-01 -1.28773064e-02 1.64887036e+02 1.37019146e+01
 5.12985556e+00 -9.86421148e-03 -1.14852061e+00 1.61047611e-03 -2.63527071e+01 1.37010083e+01
 3.64935245e+01 -1.35841956e-02 1.28413047e+00 -3.44033467e-03 3.26489784e+02 1.37072666e+01
 -1.48012329e+00 -6.48726175e-03 5.29504571e-01 1.66488337e-03 -3.27449282e+02 1.36997087e+01
 2.01124864e+01 -2.52058566e-03 3.31724306e-01 6.54686659e-03 -1.13890379e+02 1.37039408e+01
 -6.94281502e-01 -8.43126260e-04 8.24055768e-01 -1.83013735e-03 -9.78753997e+01 1.36999072e+01
 1.39614718e+01 7.48599513e-03 4.23300693e-03 -2.98799936e-03 6.58390534e+02 1.37023791e+01
 1.07310748e+01 -8.62279867e-03 1.23373384e+00 -1.23096902e-02 -2.16358867e+02 1.37020714e+01
 2.59480580e-02 -1.40443582e-02 4.57849804e-01 -7.35293783e-04 5.84895162e+02 1.36998863e+01
 -1.86830745e+01 1.23540292e-03 -7.43568550e-02 1.27335103e-02 -6.46110048e+00 1.36960968e+01
 6.17414987e+00 -1.11369442e-02 -1.00241255e+00 -7.11948038e-03 -3.56188033e+01 1.37012704e+01
 1.20071171e+01 -4.10926723e-04 6.46693711e-01 2.24810277e-03 2.07025514e+02 1.37020302e+01
 4.09644583e+00 3.02559099e-03 -8.28876026e-01 -7.36014710e-03 1.70635625e+02 1.37008337e+01
 8.63419740e-01 -1.24018355e-02 8.54938608e-01 5.92946781e-03 -1.57683218e+02 1.37001143e+01
 -7.34419533e+00 5.51259017e-03 -6.86773507e-01 -6.10859574e-03 -9.48532523e+01 1.36985272e+01
 -1.43067661e+01 3.87215433e-03 7.65445400e-01 2.06628945e-03 7.56732256e+02 1.36969198e+01
 3.62203652e+00 -2.62045824e-03 -1.47411144e+00 1.18450907e-02 -5.76650064e+01 1.37005715e+01
 5.63972784e+00 -1.91872809e-03 -4.40895987e-01 -6.18904034e-03 5.03280588e+02 1.37010022e+01
 8.19007975e+00 -7.91095770e-03 -5.51577361e-01 1.67526655e-03 -4.11354253e+02 1.37018035e+01
 3.03118797e+00 6.35493986e-03 -8.73983698e-01 -5.38399340e-03 2.46701742e+02 1.37005646e+01
 8.78279712e+00 -1.87898876e-03 -6.30374615e-02 -7.63692564e-03 -2.09894563e+02 1.37016788e+01
 2.11087640e+00 2.13167249e-03 -6.37985127e-01 -1.03500609e-02 -2.96792477e+02 1.37004223e+01
 -3.25037060e+00 -1.40645643e-03 2.64907288e+00 6.81406972e-03 1.12912607e+02 1.36997670e+01
 1.05271826e+01 -3.22137685e-03 -3.89028588e-01 -4.16396314e-03 1.58665623e+02 1.37023439e+01
 3.12980248e+01 6.63915812e-03 8.03260209e-01 6.68127183e-03 -1.26344859e+02 1.37065411e+01
 -3.72221753e+00 -5.72574028e-03 2.61715336e+00 3.29955179e-04 -3.64548929e+02 1.36995211e+01
 4.18116522e+00 -1.61377452e-02 3.04147772e+00 5.11168370e-03 -1.16318845e+02 1.37007379e+01
 -1.78907488e+01 -6.17512347e-03 6.27894976e-01 1.45383028e-03 -1.70977072e+02 1.36961659e+01
 1.14136510e+01 -1.60861515e-03 -5.80296357e-01 -3.63049130e-03 1.14061880e+02 1.37025817e+01
 6.13004326e+00 1.39987906e-02 -3.98801029e-01 8.65547195e-03 -3.33235903e+00 1.37014030e+01
 3.08256395e+01 -2.96320372e-03 -1.16209917e+00 -2.41842239e-03 -3.47857002e+02 1.37060919e+01
 -3.46329872e+00 -8.71738811e-03 2.83517671e-01 -1.12392483e-03 -1.58160361e+02 1.36997279e+01
 -1.54575388e+00 -1.23525963e-02 -1.83411578e+00 8.78838648e-03 -4.26780429e+02 1.36996339e+01
 -1.22290754e+00 1.26430991e-02 7.09946205e-01 3.39875602e-03 -5.13722098e+02 1.36996610e+01
 -3.24483310e+00 7.45637331e-03 -4.27578941e-01 3.23465251e-03 7.05591918e+01 1.36992879e+01
 -4.16954815e+00 1.53442792e-02 -2.33352267e+00 -8.91935306e-03 -2.44536910e+02 1.36987842e+01
 1.90509484e+01 3.02490618e-03 -7.95360836e-01 4.27821400e-04 1.33915841e+02 1.37037044e+01
 1.55425197e+01 -8.93096125e-03 4.48343014e-02 1.04752905e-02 -4.27873069e+02 1.37029612e+01
 -1.74969317e+00 1.11837466e-02 1.51239048e+00 5.20199089e-03 -3.45361282e+02 1.36996154e+01
 -2.73640047e+01 -1.93673430e-02 8.05304140e-02 -3.23127938e-03 6.92856809e+01 1.36944788e+01
 1.92093824e+01 1.83761185e-02 6.28271556e-01 -4.28593861e-03 -1.75309893e+02 1.37036252e+01
 -6.23707556e+00 -7.03830357e-04 1.26999121e+00 -3.07770059e-03 -3.98130945e+02 1.36989648e+01
 -1.73950220e+01 -2.96239199e-03 -6.23430322e-01 5.10139242e-03 1.53233925e+02 1.36965077e+01
 -2.98187592e+00 1.57573327e-03 -1.04927531e+00 -6.77248773e-03 -4.35412960e+02 1.36991685e+01
 2.24957318e+01 5.48460514e-03 -2.64089895e-02 -9.26902326e-03 -1.23495766e+02 1.37042552e+01
 -7.22530959e+00 9.57371584e-03 -1.49167034e+00 -8.93227716e-03 1.24375702e+02 1.36987105e+01
 -2.81461851e+00 -2.36659836e-02 -5.87254962e-01 -6.03320106e-03 2.58369251e+02 1.36997276e+01
 -2.02328273e+01 1.02911496e-02 1.30135268e-01 -6.51020094e-03 1.51424150e+01 1.36960906e+01
 -1.67604117e+01 1.20908681e-04 1.28369015e+00 -2.25906509e-03 -8.26249000e+01 1.36970242e+01
 -8.20070059e+00 5.48661992e-03 1.10571987e+00 -6.85242633e-03 6.43226585e+01 1.36983639e+01
 -1.77388301e+00 3.13418148e-03 -2.58290126e-01 5.76939227e-03 -5.25769467e+02 1.36996947e+01
 1.30521197e+01 8.59390645e-03 -2.65275212e+00 1.65429508e-02 1.09955681e+02 1.37027452e+01
 4.55179131e-01 4.53144783e-03 4.08603169e-01 2.78110292e-03 -5.36962369e+01 1.37000115e+01
 1.30871406e+01 -1.27548496e-02 -1.69185359e+00 -1.10716933e-02 -2.23576812e+02 1.37027172e+01
 5.41590515e+00 7.31612765e-04 -9.47210449e-01 3.90952518e-04 2.08453811e+02 1.37013085e+01
 9.62010624e+00 1.14267748e-02 8.28658937e-01 -1.57462116e-03 1.85050873e+02 1.37018619e+01
 8.45642458e+00 9.61022580e-03 -4.27684323e-01 8.47954251e-04 -5.79775116e+02 1.37015406e+01
 -5.68201248e+01 -7.60341200e-04 -9.53182251e-01 -7.25265762e-03 -4.19500585e+02 1.36886878e+01
 -1.55676455e+01 3.72766851e-03 -5.90931251e-01 -1.15603053e-03 3.91136756e+02 1.36969056e+01
 -2.46339451e+01 2.34132341e-02 -1.78009929e+00 1.10180244e-02 -2.18736356e+02 1.36950056e+01
 1.48682445e+01 1.28576347e-03 1.77053461e+00 -1.00097392e-02 -5.02496014e+02 1.37031796e+01
 -7.90047160e+00 -1.24919043e-02 -8.17333230e-01 -2.01110812e-03 3.44313602e+02 1.36983774e+01
 -1.03065630e+01 1.03487555e-02 -5.23979193e-01 4.53679725e-03 2.11974128e+02 1.36977739e+01
 3.63628626e+01 -6.13344685e-03 -3.63981397e-01 3.60946527e-03 -2.47099413e+02 1.37072116e+01
 2.11777595e+01 -2.99001473e-03 1.64665616e+00 4.52471385e-03 -1.91129811e+01 1.37041893e+01
 1.69101083e+01 1.72248583e-02 1.71222692e-01 3.63808456e-03 1.32448738e+02 1.37035343e+01
 5.08933879e-01 6.83046537e-03 -1.66421845e+00 2.87384475e-03 1.08987289e+03 1.37000438e+01
 7.11257261e+00 -1.07652252e-02 1.51692551e-01 -7.55074508e-04 1.06803572e+02 1.37015190e+01
 -5.89103756e-01 -9.07509051e-04 -6.78808084e-01 7.17500791e-04 -5.59490820e+01 1.36998393e+01
 -1.31701909e+01 -1.40610391e-02 1.32912748e+00 4.72979737e-03 -1.64693168e+02 1.36974554e+01
 -8.30708150e+00 6.98734193e-03 -1.86584130e+00 3.89788387e-03 4.10563581e+01 1.36985840e+01
 1.86417678e+01 7.75725579e-03 -7.78331437e-01 -1.09028574e-02 2.39561021e+02 1.37036074e+01
 -1.25608783e+01 -1.16700098e-02 -1.54704732e-01 9.82490934e-03 -2.56227257e+02 1.36975599e+01
 1.94683366e+00 -4.81580414e-03 -8.43633385e-01 8.26111507e-03 2.35938143e+02 1.37007154e+01
 4.28899476e+00 9.21201626e-03 7.38811113e-01 8.04276282e-03 1.25906472e+02 1.37012818e+01
 6.48610868e+00 -2.20018724e-04 -2.29221406e+00 -5.94330150e-04 -9.68088207e+01 1.37011051e+01
 -1.32257190e+01 -9.32287522e-03 1.16817975e+00 1.28642630e-03 -2.04114558e+02 1.36974178e+01
 1.96079506e+01 -2.92378735e-03 1.34780540e+00 -9.44304312e-03 -1.93537048e+02 1.37037150e+01
 -1.28530206e+01 -1.92115638e-03 1.19471052e+00 2.22582749e-03 -2.58743900e+02 1.36972736e+01
 4.54815590e+00 -6.78724126e-04 -2.68095294e-01 4.99774810e-03 3.98724625e+02 1.37009927e+01
 -5.02246231e+00 6.73533367e-03 -6.05211013e-01 -3.75172971e-03 2.01268050e+02 1.36987762e+01
 -8.47120773e+00 -3.05709689e-03 -5.42425333e-01 1.10247081e-02 1.89266532e+02 1.36983952e+01
 -1.36405734e+01 1.49171041e-02 7.81058076e-01 -1.86823263e-03 -2.51608067e+02 1.36969439e+01
 -9.22682386e-01 4.19329447e-04 8.21253450e-01 1.18083573e-03 1.00208127e+02 1.36996614e+01
 1.17993962e+01 -6.87192258e-03 1.26822528e+00 6.66707392e-03 1.01697289e+02 1.37020612e+01
 -7.17386688e+00 -4.92691868e-03 2.38659720e-01 2.99590942e-03 6.02715727e+02 1.36984978e+01
 2.97704264e+01 2.30231641e-04 4.31529336e-01 -1.06408290e-05 -3.44392368e+02 1.37058425e+01
 -1.70992150e-01 1.49595588e-03 -1.21860452e-01 7.15782950e-03 6.19222614e+01 1.37003200e+01
 9.98755984e+00 7.19420772e-03 5.09633365e-03 -2.10227146e-03 6.61826213e+01 1.37019697e+01
 1.72091207e+01 1.20743087e-02 -2.94836271e-01 -4.42851613e-03 1.56852363e+02 1.37029902e+01
 -1.02682609e+01 4.69067546e-03 -5.99877970e-01 1.21681774e-03 -3.23088027e+01 1.36978708e+01
 -6.87618498e+00 -1.06296570e-04 -3.73199556e-02 -1.70434901e-03 -3.54953633e+01 1.36986839e+01
 -4.37697437e+00 7.77968403e-03 -8.30183616e-01 -4.45442213e-03 -2.72101731e+01 1.36990925e+01
 3.31389846e+00 -8.83203022e-03 8.90561392e-02 3.90058014e-03 -3.16518769e+01 1.37006182e+01
 -1.62691039e+01 6.55571490e-03 8.59992507e-01 -1.30450861e-03 -1.45338921e+02 1.36966324e+01
 2.50745602e+01 -4.48917058e-03 1.81613072e-01 -9.71055048e-04 -3.24272014e+01 1.37047770e+01
 1.89588993e+00 4.65172483e-04 1.36700928e+00 -6.17296971e-04 -2.30160117e+01 1.37003849e+01
 1.16401675e+01 1.36966774e-02 1.64557169e+00 -1.37604049e-04 2.50566474e+02 1.37024741e+01
 9.46388484e+00 1.82444794e-03 1.14800881e+00 4.43753761e-03 -2.87311424e+02 1.37016409e+01
 -7.43637817e+00 -4.66638715e-03 -2.32080256e+00 -1.67110657e-03 -1.64683597e+02 1.36984437e+01
 1.84027666e+00 1.53652899e-02 1.30206038e+00 7.96358180e-04 7.26762760e+00 1.37004428e+01
 -8.87484465e+00 3.02588214e-03 -1.90569136e+00 6.17948800e-04 -1.21174993e+01 1.36985185e+01
 -1.64524407e+01 -1.38632593e-02 -1.37666811e+00 -5.08301342e-04 3.53570938e+02 1.36965844e+01
 -1.59502462e+01 1.06052890e-02 -9.59699128e-01 -8.25034178e-04 1.92205877e+02 1.36968752e+01
 -2.36328071e+01 5.69911471e-03 1.05976007e+00 -1.17893847e-02 -2.44144152e+02 1.36952540e+01
 -1.26712084e+01 2.17630232e-03 -1.64854486e+00 -8.90835040e-03 5.61259751e+01 1.36976621e+01
 -1.75566840e+00 4.25826890e-03 -1.03715519e+00 -3.62759285e-04 4.89990337e+01 1.36992180e+01
 -3.03747259e+00 -2.94980883e-03 1.10155292e+00 -4.79680544e-06 -8.74702788e+01 1.36993898e+01
 -8.70512891e+00 2.62774029e-03 4.94749334e-01 -7.89048804e-03 6.09277295e+01 1.36985477e+01
 -9.46725003e+00 7.66833664e-03 -6.78768208e-01 8.77543832e-03 -1.94356153e+02 1.36982286e+01
 5.87635376e-01 4.99137107e-03 -5.37584483e-01 4.85433903e-03 2.60608100e+02 1.37002678e+01
 4.67793168e+00 -1.22411320e-02 2.98369167e+00 -7.63927550e-03 4.47659263e+01 1.37010299e+01
 -9.78836930e-01 -4.12271567e-03 7.03465908e-01 -7.80145780e-03 -2.36191057e+02 1.36995985e+01
 4.23076731e+01 -5.86691219e-03 4.35775030e-01 2.26062526e-03 3.78398133e+02 1.37084016e+01
 -5.11654103e+00 -2.56635450e-04 9.30553333e-03 -1.11021541e-02 6.12956782e+02 1.36991451e+01
 7.44657981e-01 -1.30401057e-02 -9.32102274e-01 3.73926275e-03 -1.36150671e+01 1.37004498e+01
 1.36301730e+01 -2.82126716e-03 -1.09079214e-01 -2.85056411e-05 -4.71074960e+02 1.37031018e+01
 -1.57859010e+01 -8.96326575e-03 8.73060231e-02 4.06706207e-03 1.82650677e+02 1.36969471e+01
 7.95883086e+00 -3.19148383e-04 2.86633300e-01 -4.62075956e-03 1.50309309e+02 1.37016992e+01
 1.99135478e+01 -4.42767424e-04 1.11364828e+00 2.86331805e-03 4.27012242e+01 1.37040620e+01
 -3.74509075e+00 -4.25072301e-03 6.02008117e-01 8.84756263e-03 3.23321681e+02 1.36991367e+01
 2.71529608e+00 -1.12814263e-03 1.06720778e+00 2.33085313e-04 -1.58414262e+02 1.37004795e+01
 5.73793347e+00 -7.85147326e-03 4.90573360e-01 3.37760915e-03 4.00474751e+02 1.37010837e+01
 4.64017832e+00 1.41813916e-03 1.06297539e+00 -7.71459381e-03 9.71732824e+00 1.37006161e+01
 1.11774880e+01 5.38782183e-03 1.63432914e+00 -5.41910328e-04 -2.10206670e+02 1.37019670e+01
 1.23671478e+01 3.77466115e-03 1.53440288e+00 3.21130675e-03 4.97597346e+02 1.37024435e+01
 4.23998041e+00 8.96010417e-03 1.04714181e-01 -1.02655728e-02 -3.85714791e+02 1.37011351e+01
 6.64320915e+00 -5.09721870e-03 2.08724520e-01 -4.93820041e-03 -6.78009214e+02 1.37011604e+01
 -2.29225064e+00 4.06734580e-03 1.33623443e+00 6.36231240e-03 -3.39683972e+02 1.36995749e+01
 -7.46473126e+00 4.35707926e-03 -1.76175823e+00 6.50155854e-04 -6.60296027e+02 1.36985537e+01
 6.72995068e+00 -5.36188920e-03 1.08187704e+00 4.22538869e-03 -5.06713708e+01 1.37013550e+01
 -1.22144703e+01 8.67103198e-04 1.43343634e+00 1.30748341e-03 -8.82242497e+01 1.36977455e+01
 4.40764542e+01 6.12266331e-03 1.20951249e-01 -4.36477284e-03 9.22300537e+01 1.37087151e+01
 5.88133999e+00 4.02341704e-03 -2.02634909e+00 -3.97331411e-03 1.22034872e+01 1.37011584e+01
 -1.31416388e+01 9.40775178e-04 -9.67916264e-01 -4.24813444e-03 -1.34688909e+02 1.36975062e+01
 5.57174469e+00 5.29683862e-03 7.72241450e-01 1.53167101e-03 1.28170091e+02 1.37011137e+01
 -5.23019150e+00 5.47791399e-03 1.13275260e-01 2.48122169e-03 6.27724833e+01 1.36990375e+01
 1.91777753e+01 4.77358673e-03 1.31713319e+00 -8.17010585e-03 1.73519987e+02 1.37037442e+01
 -2.83828511e+01 8.36479574e-03 -1.90537624e+00 4.91445686e-04 3.13177812e+02 1.36945617e+01
 8.48162456e+00 -2.45622901e-03 -2.72181925e-01 -9.63093861e-03 -4.48726460e+02 1.37018785e+01
 -2.01672670e+01 -1.07694300e-02 1.13573299e+00 -1.33400730e-02 -2.88078060e+02 1.36958739e+01
 1.97638261e+01 8.41510541e-03 -1.79932314e+00 9.47293863e-03 1.07229162e+02 1.37038752e+01
 -1.55635594e+01 4.48287226e-03 6.59953870e-01 6.15811042e-03 -8.38647622e+01 1.36968251e+01
 4.25238851e+00 -4.90031439e-03 1.41633115e-01 3.31653736e-03 4.31562779e+02 1.37005669e+01
 1.73930362e+01 -4.10852411e-03 9.65661287e-01 -2.67113350e-03 5.90939437e+01 1.37033046e+01
 2.21474587e+01 1.05110334e-02 1.25153585e-01 6.98558200e-03 1.33259422e+02 1.37046934e+01
 5.97073815e+00 -7.94733265e-03 1.29429097e+00 5.46006264e-04 2.71933037e+02 1.37012144e+01
 -5.74852710e+00 3.05955358e-03 -2.63180064e+00 3.57060583e-03 7.23514255e+01 1.36990735e+01
 7.89790036e+00 3.05414895e-03 -9.16620386e-01 -1.27372570e-03 1.63441282e+02 1.37016921e+01
 9.81272169e+00 -8.24630258e-03 5.35731059e-01 8.44670154e-03 -5.57821007e+02 1.37021265e+01
 9.69100127e-01 -9.68411430e-03 -7.79442247e-01 -5.40578970e-04 -4.94420078e+02 1.37002049e+01
 -1.23187661e+00 7.16720088e-05 -5.12704534e-02 4.24026198e-03 2.88157253e+02 1.36998750e+01
 1.06263506e+01 -6.32425677e-03 -3.88762660e-01 7.43173173e-03 -1.43756894e+02 1.37020330e+01
 1.20843740e+01 2.85775329e-03 1.50680587e-01 -7.99130932e-03 -4.54533713e+00 1.37023469e+01
 -2.67049409e+01 -5.29480852e-04 -1.31799215e+00 1.52184637e-03 1.81016828e+02 1.36944672e+01
 1.65230186e+01 -3.42415756e-03 1.61749413e+00 -6.96584269e-03 2.39919972e+02 1.37029644e+01
 7.01406118e+00 -1.84265843e-02 4.25845884e-02 -8.16258606e-03 8.26275962e+01 1.37013397e+01
 2.11479759e-02 1.11143000e-02 1.44765511e-02 -7.09088555e-03 -1.39019424e+02 1.37000289e+01
 1.02166528e+01 3.77399045e-03 -6.31114331e-01 8.61792159e-04 4.09256662e+02 1.37022686e+01
 1.23235874e+01 2.63030549e-03 -1.79001340e-01 -1.69566616e-03 -5.17482578e+02 1.37026352e+01
 -1.88359318e+01 -1.22645746e-02 -2.28178662e-01 -5.93509773e-03 7.00588848e+01 1.36962808e+01
 -1.77828812e+01 8.20723581e-03 -6.23424400e-01 9.11986505e-04 2.31764573e+02 1.36964197e+01
 -8.56755932e+00 2.02734547e-03 1.06432551e+00 3.77127041e-03 -1.81812945e+02 1.36984093e+01
 1.70873276e+01 1.11586471e-03 4.19711215e-01 -1.67207853e-03 -2.59370584e+02 1.37033251e+01
 -1.06687568e+01 -6.07074102e-03 -7.92656061e-01 -6.89362300e-03 2.47627674e+02 1.36977599e+01
 -3.79016850e+00 3.51238364e-03 -2.83554205e-01 -5.64735024e-03 6.01037238e+02 1.36993579e+01
 -1.93940475e+00 4.42997059e-03 1.35001210e+00 -8.74613898e-03 1.09950415e+02 1.36996068e+01
 -2.04301598e+00 -1.26607638e-02 4.51992500e-01 -2.10736897e-03 -2.33041292e+01 1.36996170e+01
 -4.77773193e+00 6.94360772e-03 3.41261276e+00 -1.73004263e-02 -2.52114505e+02 1.36992070e+01
 -6.32578211e+00 5.68171790e-03 -1.07041283e+00 -5.18339568e-03 4.08477491e+02 1.36984327e+01
 -3.04589399e+00 -5.83106506e-03 -1.68124033e-01 4.13225288e-05 -2.72749131e+02 1.36993386e+01
 1.34197836e+01 -5.36389732e-04 -1.29702360e+00 6.70772743e-03 1.81228858e+02 1.37027422e+01
 -1.81480716e+01 -7.84414361e-03 -1.71676908e+00 6.61813769e-05 -4.01651948e+02 1.36963170e+01
 -1.21203146e+01 2.13982419e-03 1.30900396e+00 3.37876547e-03 -6.35317972e+01 1.36976710e+01
 5.82909053e+00 -1.11773272e-02 -3.82063948e-01 3.03753298e-03 -7.61035899e+01 1.37011517e+01
 8.65218172e+00 -6.70619596e-03 -1.09262148e+00 -3.94952971e-03 7.59856773e+02 1.37015399e+01
 -5.07538549e+00 4.52969215e-03 2.09299437e+00 3.87406596e-03 3.45133551e+02 1.36990040e+01
 -2.53492059e+00 7.53819323e-03 -7.52678413e-01 -8.07020822e-03 3.62188933e+02 1.36993238e+01
 3.07727440e+01 -5.14499543e-04 1.06043624e-01 9.26159175e-03 -5.70154935e+02 1.37064741e+01
 -6.69536680e+00 -4.09704487e-03 7.17389168e-02 1.52248794e-03 -3.75639738e+02 1.36986364e+01
 5.35783782e+00 9.24994517e-03 -1.07873735e+00 -1.05804834e-02 9.64288128e+01 1.37012477e+01
 -1.04285203e+01 4.23446072e-03 -3.28701701e-01 9.48275504e-03 1.28059654e+02 1.36977339e+01
 -2.40161051e+01 2.71470620e-03 4.62065243e-01 -1.54989348e-02 -4.75626767e+02 1.36953938e+01
 -1.88492170e+00 1.11232443e-03 2.65054550e+00 -1.13807519e-02 4.79102851e+02 1.36996467e+01
 1.34468189e+01 -7.26883553e-03 -3.18272313e-01 -1.00536811e-02 -4.34161898e+02 1.37027648e+01
 3.52603234e+00 -3.45212582e-05 -5.34559530e-01 4.07540373e-03 1.31373948e+02 1.37007515e+01
 -8.82991522e+00 -1.08002257e-02 8.00055885e-01 7.04899241e-03 6.50055555e+00 1.36980845e+01
 8.98193489e+00 -1.35858798e-02 -1.52728271e+00 7.97058419e-03 -8.47765588e+00 1.37016177e+01
 -1.52392856e+01 4.50111239e-03 6.84446296e-02 -1.70244383e-03 -7.70536895e+01 1.36968409e+01
 -1.24545770e+01 2.05737856e-03 1.25061062e+00 3.48819062e-03 -1.04134535e+02 1.36978083e+01
 -3.00105903e+01 7.05031905e-03 -1.29995722e+00 -3.34230831e-03 -1.43265591e+02 1.36937630e+01
 1.58958488e+01 2.61252217e-03 -1.06725875e+00 -9.10351949e-04 -2.27008658e+02 1.37033883e+01
 1.32465220e+01 3.06729401e-03 -3.46234748e-01 6.10552865e-03 -7.74569719e+01 1.37024923e+01
 1.41805141e+01 2.76536792e-03 -2.43014065e-01 5.74925962e-03 5.98667297e+01 1.37028477e+01
 2.64219642e+01 1.33972754e-03 4.04362072e-01 -5.36002585e-03 1.19753895e+02 1.37051789e+01
 1.96244700e+01 8.44595685e-03 -8.71378918e-02 4.34257969e-04 -1.12595558e+02 1.37039856e+01
 -2.95696778e+00 -8.31819386e-03 -1.43639718e-01 2.82539628e-03 2.01994028e+02 1.36995028e+01
 2.81688475e+00 -8.32563219e-03 1.04563794e+00 -3.57612446e-03 -1.97223667e+02 1.37006372e+01
 -5.96286123e+00 8.51686645e-03 2.04563325e+00 2.45479835e-04 1.35295601e+02 1.36989859e+01
 2.97191380e+01 1.13882415e-02 -1.34938128e-01 3.74225006e-03 1.80452354e+02 1.37062379e+01
 8.03548168e+00 -7.65034873e-03 6.53620428e-01 2.22264616e-03 2.95121942e+02 1.37017921e+01
 5.18786442e+00 -5.98296755e-03 5.99838297e-01 4.72101243e-03 2.31459224e+02 1.37012401e+01
 1.92028167e+01 -5.02499952e-03 -1.15034578e+00 1.22417437e-02 6.55466170e+02 1.37037255e+01
 9.61026582e+00 2.68121840e-05 5.67488192e-01 -1.53359043e-03 -1.62747491e+02 1.37018351e+01
 -1.85011958e+01 -4.36384757e-03 -1.34553639e-01 -1.01191252e-04 -4.04893807e+02 1.36965378e+01
 4.98505518e+00 -2.19084005e-03 -4.31147344e-01 4.51461127e-03 9.51134699e+01 1.37010044e+01
 7.67202153e-01 1.83895960e-03 -3.75638275e-01 1.01998228e-02 -8.33801624e+01 1.37001584e+01
 2.88305686e+00 1.47353636e-02 -1.20974925e+00 3.68515961e-03 -2.29155485e+02 1.37004249e+01
 -8.87415780e+00 5.33281839e-04 -3.28998838e-02 -5.55999250e-05 1.70991576e+02 1.36984710e+01
 1.86303933e+01 -6.77615613e-03 -5.27259925e-01 4.32648846e-03 -8.21760722e+01 1.37037130e+01
 -6.59207889e+00 -7.00353449e-03 -1.05693955e+00 2.07582579e-06 4.67233878e+01 1.36989070e+01
 -9.30803673e+00 4.22454723e-03 2.10684738e+00 -4.34189700e-05 1.48794372e+02 1.36979290e+01
 1.47879364e-01 -1.88450122e-03 9.51565496e-01 -9.41014219e-03 -2.38910106e+02 1.37001159e+01
 7.38013279e-01 2.38233124e-04 1.97651180e+00 1.34743550e-03 -2.41132328e+02 1.37000692e+01
 -1.03694979e+01 1.10974130e-02 -1.42444151e+00 -1.14289387e-04 3.50890285e+02 1.36980164e+01
 9.71999686e+00 6.41761257e-03 6.26992706e-01 5.72423480e-03 1.58567911e+00 1.37019022e+01
 1.35670116e+01 -5.78187066e-03 4.39505391e-01 -7.55364390e-03 -5.51803970e+01 1.37025468e+01
 -2.85694207e+00 1.37334685e-02 1.03894608e-01 -6.99806878e-03 1.69712203e+02 1.36990948e+01
 -8.15623614e+00 1.37279071e-03 -6.26089607e-01 7.90617874e-03 3.19670807e+01 1.36984876e+01
 1.86630844e+01 8.32420704e-03 6.34619341e-01 -7.90183317e-03 2.07740256e+02 1.37036803e+01
 3.16050493e+00 -5.68877678e-03 7.65575307e-01 2.67651046e-03 3.40023675e+02 1.37006443e+01
 1.38418380e+01 -2.21708483e-03 -1.65307134e+00 -9.00933157e-03 2.72270827e+02 1.37032101e+01
 -3.55296847e+01 -4.50738870e-03 5.29907269e-01 -2.78477312e-03 -5.46980759e+02 1.36930343e+01
 1.50241792e+00 -3.96445416e-03 3.01370511e+00 -1.13119007e-02 -2.20789691e+02 1.37002924e+01
 -1.45609884e+01 -1.56570613e-02 -9.60757853e-01 1.41655333e-03 -5.47710537e+01 1.36970873e+01
 -9.32569191e+00 -3.62679491e-03 -4.60944465e-01 -5.13210111e-03 -6.39113540e+01 1.36978087e+01
 -1.07244446e+01 2.40461488e-03 1.33961401e+00 -8.16671249e-03 -3.27422216e+02 1.36977253e+01
 2.63806178e+00 -1.24129180e-02 9.11178376e-01 -5.93532801e-03 2.75118721e+02 1.37005189e+01
 1.38648347e+00 3.81757798e-04 2.45637752e+00 -3.05306257e-03 1.48150668e+02 1.37004647e+01
 -1.19164390e+01 -2.11650889e-03 -7.38913592e-01 -4.89347833e-04 1.66213078e+02 1.36977674e+01
 -1.72715844e+01 4.27726495e-03 7.90882661e-01 -6.78083950e-03 -1.69983989e+02 1.36964603e+01
 -2.08431779e+01 1.00156314e-02 1.57443915e+00 -2.23575175e-03 -2.71860027e+02 1.36957032e+01
 2.03312061e+01 7.66366122e-03 -9.42462623e-01 1.19088770e-02 2.15057107e+02 1.37038619e+01
 -2.96841497e+00 4.77193810e-03 8.58180778e-01 -1.78794799e-04 1.37701494e+02 1.36993433e+01
 -4.36817578e+00 -1.05061031e-03 4.93100452e-01 1.93803363e-03 1.03359695e+02 1.36989655e+01
 2.74460253e+01 1.38764739e-02 -5.85965240e-01 3.94926595e-03 -3.14659554e+02 1.37049066e+01
 1.14341898e+01 -1.84288093e-04 8.24295870e-01 9.39732589e-03 -2.27153592e+02 1.37018698e+01
 -1.45700292e+00 -6.81775874e-03 -1.32639433e+00 -9.51269155e-03 -1.82867864e+02 1.36999100e+01
 -5.26320653e+00 5.73108450e-03 -8.88593228e-01 -7.93120736e-03 -1.08405840e+02 1.36991474e+01
 1.04650675e+01 -7.07928011e-03 1.80501647e-01 -1.71569097e-03 -1.79598981e+02 1.37019676e+01
 -1.52283541e+01 -7.00384559e-03 -5.91439535e-01 3.56772081e-03 2.19179727e+02 1.36971363e+01
 1.92373058e+01 4.05752130e-03 6.19586079e-01 -1.52300876e-03 -1.77317448e+01 1.37036694e+01
 1.49746260e+01 3.53869876e-03 -1.58794029e+00 -5.52351178e-03 1.83884838e+02 1.37031356e+01
 2.30518852e+00 -1.21355094e-02 -3.40861679e-01 -6.90623926e-03 6.82126649e+01 1.37005557e+01
 -1.11941076e+01 -3.21096781e-03 -1.06905895e+00 -2.32271820e-04 -1.35620829e+02 1.36976063e+01
 9.04441850e+00 1.68886694e-02 1.60125843e+00 4.96042990e-03 -2.41685071e+02 1.37018859e+01
 -8.52869941e+00 -1.98624847e-03 2.08626388e+00 -7.65494909e-03 1.42396514e+02 1.36985102e+01
 2.54507888e+00 7.64806336e-03 -1.59391729e+00 6.71418467e-03 -3.61578001e+01 1.37004630e+01
 9.55555980e-01 -3.89806307e-03 -1.74594204e+00 -8.65610051e-04 2.89476372e+02 1.37001112e+01
 2.20654734e+00 -1.13045364e-03 2.98961023e-01 1.07950986e-02 -7.16658159e+01 1.37005221e+01
 5.20320335e+00 -3.31497317e-03 6.32059690e-01 3.05834227e-03 2.08542363e+02 1.37008460e+01
 1.64177477e+00 -1.74568151e-03 7.62759547e-01 2.57305858e-03 1.14248796e+02 1.37003487e+01
 -3.21066438e+00 -1.19721922e-02 5.40432147e-01 -6.94646739e-04 -3.27880870e+02 1.36995373e+01
 -1.16442222e+01 -5.66582912e-03 5.95628784e-01 2.58948355e-05 -3.24337330e+02 1.36976232e+01
 1.10807648e+01 -1.39021344e-02 -5.08410419e-01 -2.04460241e-03 4.80662020e+02 1.37021911e+01
 -3.05571127e+00 -3.85744517e-03 1.11456297e+00 -3.43908529e-03 1.21672485e+02 1.36993929e+01
 -7.95145235e+00 1.93491682e-03 2.41658331e-01 2.39354144e-03 -1.49224285e+02 1.36984547e+01
 8.81610678e+00 -1.51980060e-02 5.07410113e-01 2.98230858e-03 1.53614299e+02 1.37017167e+01
 1.29797129e+01 -4.33396629e-03 -8.62678761e-01 8.53414520e-03 2.59258917e+01 1.37026863e+01
 8.68996791e+00 1.09161202e-03 -1.70511010e-01 4.15298024e-03 -4.32866722e+02 1.37016754e+01
 2.50570420e+01 2.99854252e-03 6.56291912e-01 -3.74444829e-03 2.64303651e+02 1.37048457e+01
 -5.24008543e+00 -1.20593725e-03 2.68272252e+00 -4.47957402e-03 -3.52037043e+01 1.36988171e+01
 -1.03559532e+01 3.44732700e-03 -2.53557220e+00 7.84014579e-04 -1.57850482e+02 1.36975610e+01
 1.02349414e+01 5.33677377e-03 -4.58749572e-01 6.80440272e-05 8.11328618e+01 1.37020796e+01
 -2.03135227e+01 -4.49000061e-03 4.61096322e-01 -1.15479067e-02 3.33242165e+02 1.36963619e+01
 3.48147188e+01 -2.98595303e-03 2.03616298e+00 1.56098007e-03 1.28567136e+01 1.37070861e+01
 1.28326814e+01 6.34433016e-03 7.02239622e-01 -3.54605626e-03 -2.09389975e+02 1.37026001e+01
 3.67732233e+00 -4.17453082e-03 -5.38618581e-02 8.36132914e-04 1.28296557e+02 1.37004897e+01
 -1.25021393e+01 -5.36216117e-03 -7.35938740e-02 -1.41290235e-03 9.62000613e+00 1.36976135e+01
 5.27994624e+00 1.14866754e-02 -9.95834752e-01 8.21314533e-03 7.95387300e+01 1.37010502e+01
 2.44555046e+01 -5.59621499e-03 -4.60814437e-01 -4.90479349e-03 4.02023638e+00 1.37047180e+01
 1.48550866e+01 -5.32993371e-04 1.07333957e+00 4.39863294e-03 1.51173477e+02 1.37029090e+01
 -1.18683312e+01 -2.34040716e-03 -1.29699303e+00 -4.42691501e-04 3.62122552e+02 1.36977830e+01
 -1.06800558e+01 8.58734559e-03 9.95651962e-01 -7.37654136e-04 -7.06958298e+01 1.36981409e+01
 -1.44428042e+01 1.17010710e-02 -7.83637761e-01 -1.41157803e-03 -6.27496841e+01 1.36972688e+01
 1.86859645e+01 8.02324331e-03 -1.56403216e+00 2.77702736e-03 -1.60830051e+02 1.37035377e+01
 -5.43029450e+00 8.05942918e-03 -1.54159893e+00 3.72216127e-03 3.16968740e+02 1.36989116e+01
 -5.62916667e+00 -8.40867900e-03 -1.72738152e+00 -6.14520514e-03 4.22220161e+02 1.36989015e+01
 -3.72419503e+00 -6.37766341e-03 5.06335749e-01 7.35896277e-03 3.76678314e+01 1.36995406e+01
 2.42252194e+00 -2.37923364e-03 -1.13957859e+00 6.20882494e-03 1.20378713e+02 1.37002825e+01
 8.41674799e+00 2.81417322e-03 7.47251840e-01 3.10155246e-03 -1.36714832e+02 1.37017789e+01
 -7.80008902e+00 2.11856620e-03 6.97943537e-01 -6.99968342e-03 1.68208252e+02 1.36986670e+01
 -1.15487278e+01 -7.99485249e-04 -2.84138759e+00 2.57730896e-04 6.69002973e+02 1.36978525e+01
 -7.79284634e-01 -6.09290001e-03 7.12799425e-02 2.02421500e-03 3.26713339e+02 1.37000475e+01
 4.28086235e+00 5.21908238e-03 1.86874543e+00 -9.68122524e-03 1.31940009e+02 1.37007656e+01
 9.51736518e+00 -1.07019875e-02 -8.57119598e-01 1.08176966e-02 3.37571823e+02 1.37019560e+01
 1.52927357e+01 -9.47960137e-03 -1.82625229e+00 -4.52681779e-03 9.54282650e+01 1.37030801e+01
 -1.58759439e+01 9.74251569e-03 1.15914447e+00 9.12921805e-03 2.35048938e+02 1.36965050e+01
 1.60006016e+01 8.78339313e-04 -1.36975766e+00 6.65951865e-03 -2.07114501e+02 1.37034541e+01
 -7.71728489e+00 3.94607491e-03 -7.38013773e-01 2.24410287e-03 -3.93869015e+02 1.36982752e+01
 9.80193360e+00 9.62691948e-03 9.59017762e-01 3.95212778e-03 2.63435267e+02 1.37017779e+01
 1.37598148e+01 -7.58793224e-03 -2.17129794e+00 1.05317248e-03 -4.09689602e+01 1.37026168e+01
 1.73507914e+00 -3.63020355e-03 -4.17981459e-01 4.68992437e-04 3.47085671e+01 1.37000486e+01
 2.30744350e+01 9.29816462e-03 1.69419574e+00 2.33891796e-04 3.96456530e+02 1.37048692e+01
 -3.00734185e+01 7.77974793e-05 -5.80645568e-01 2.86252898e-03 3.63074359e+02 1.36939995e+01
 1.33255361e+01 4.63479287e-03 8.82537586e-01 7.46382980e-03 -2.36606583e+01 1.37028174e+01
 -2.45567158e+00 9.11205843e-03 -2.36103526e-01 -6.15038456e-03 5.52917151e+02 1.36994368e+01
 1.36866447e+01 -5.06068549e-03 1.57694630e+00 1.39144350e-03 1.97519246e+02 1.37026343e+01
 7.83014840e+00 1.22690079e-02 -8.87477571e-02 2.35900165e-03 -7.73794507e+01 1.37013057e+01
 1.58796526e+01 3.11692891e-03 -7.17044670e-01 -3.11871334e-03 -3.37085015e+02 1.37033807e+01
 -1.57197767e+01 4.46709623e-03 6.59677305e-01 2.05370011e-03 -2.69605164e+02 1.36968602e+01
 -1.08509425e+01 5.43637696e-03 -1.04619262e-01 -4.67077526e-03 -1.63496915e+02 1.36977185e+01
 -5.37115889e+00 -4.39857655e-03 8.45442892e-01 6.67403979e-03 -7.69776612e+01 1.36988079e+01
 -1.35938940e+00 7.87554698e-03 -4.43276235e-01 -8.97848805e-03 -9.62531848e+01 1.37000259e+01
 2.62129984e+01 -1.95848569e-03 6.00025873e-02 -3.45378341e-03 -2.04078435e+02 1.37051535e+01
 1.70414797e+00 -1.17298422e-02 9.47849881e-01 -1.23108278e-03 -2.42636297e+02 1.37002407e+01
 -1.69935195e+00 -1.40513499e-02 -1.50988582e+00 1.78235177e-03 6.56944918e+01 1.36997956e+01
 8.00677772e+00 6.73706055e-03 3.68252627e-01 -6.96516507e-03 1.89012507e+02 1.37015227e+01
 -1.72689714e+01 1.82293791e-02 -1.32196041e+00 1.35861927e-03 7.71860127e+01 1.36964320e+01
 -3.47450844e+00 1.22684557e-02 -4.20668916e-01 -4.28682404e-03 -9.77121763e+01 1.36993047e+01
 -4.60510900e+00 -4.37611554e-03 8.18319025e-01 1.14931488e-03 9.98384670e+01 1.36991496e+01
 8.33449182e+00 -2.95972715e-03 -5.47910451e-01 -3.54126033e-03 4.75786270e+02 1.37015910e+01
 6.03300908e+00 5.85595084e-03 -6.33308238e-03 -2.29532208e-03 -2.43839832e+02 1.37013099e+01
 -1.68010729e+01 2.37471045e-03 -4.74913484e-01 4.01919157e-04 -3.20937614e+02 1.36969487e+01
 -2.05644716e+01 1.22706915e-02 -3.02366637e-01 -5.76212010e-03 1.56369631e+02 1.36954205e+01
 -1.28711449e+01 2.36321032e-03 -1.14351955e+00 -1.06975230e-02 -1.11904203e+02 1.36977271e+01
 6.15786110e+00 -8.23676155e-03 -9.98499640e-01 -8.76063683e-03 4.59823626e+02 1.37012284e+01
 1.56539075e+01 1.00484387e-02 3.50508876e-01 1.83453744e-03 -3.31851839e+02 1.37030509e+01
 -1.61971174e+01 -5.60470060e-03 5.48245895e-02 -6.38674097e-03 -2.57814922e+02 1.36966524e+01
 -9.31737448e+00 1.00604941e-02 1.28273085e+00 1.10423542e-02 -4.11451630e+02 1.36980618e+01
 1.15046132e+01 1.14779636e-02 1.12953709e+00 -9.27248272e-03 -1.46361581e+02 1.37021022e+01
 1.65687565e+01 1.22852699e-02 -7.37407808e-02 -2.62333821e-03 -5.20109104e+01 1.37034895e+01
 9.75485625e+00 1.22646054e-03 1.27450212e+00 -9.07705168e-03 2.84419597e+00 1.37019854e+01
 5.35464239e+00 9.15873398e-04 -2.20098023e+00 8.91884222e-03 2.03466372e+02 1.37008242e+01
 4.39620219e+00 -1.04089915e-02 9.07662807e-01 -7.42005128e-03 3.81925502e+01 1.37011584e+01
 1.53470074e+00 -9.10633527e-03 1.49412143e-01 4.69852862e-04 -4.73876102e+02 1.37005993e+01
 -1.41415517e-01 -4.30475840e-03 -2.08970907e-01 -3.44114547e-04 -1.99291516e+02 1.37000274e+01
 -1.34994673e+01 1.87514531e-03 7.70850637e-02 -6.29370640e-03 -1.34099619e+01 1.36974494e+01
 -1.53358508e+01 -3.41435064e-03 1.67633665e+00 1.17913303e-03 1.16879304e+02 1.36970539e+01
 -1.34275225e+01 6.35603836e-03 -7.31947012e-02 5.15424340e-03 -1.12594509e+02 1.36970704e+01
 1.07838070e+01 2.15683454e-04 -6.99355476e-01 -9.19379402e-03 3.10098436e+02 1.37023474e+01
 1.52395235e+01 1.44033819e-04 2.51436854e-01 3.34267738e-03 -2.51825556e+02 1.37032199e+01
 -3.75474162e+00 -9.37835458e-03 -2.92516148e-01 -1.89750454e-03 4.74993337e+02 1.36992092e+01
 -8.32302090e+00 -2.45461857e-02 -1.87075423e-01 -1.58432056e-03 7.45789234e+01 1.36984584e+01
 -1.96519644e+00 9.26974049e-03 -1.05406469e+00 3.91617313e-05 -4.16390323e+02 1.36995681e+01
 8.31457146e+00 -1.12728062e-02 -1.16194449e-01 -3.35719415e-03 3.62950325e+02 1.37013847e+01
 -2.01484054e+00 7.86515784e-03 -6.70094330e-01 2.98458325e-03 -1.18143398e+02 1.36997340e+01
 3.21841740e+01 2.00239236e-03 3.65441440e-01 5.11601445e-03 3.70831052e+02 1.37062259e+01
 4.23263058e+00 -1.27475150e-02 9.55228939e-01 -3.67752843e-03 1.54074848e+02 1.37006686e+01
 -2.86463055e+00 4.95246402e-03 5.88691735e-02 1.68621488e-03 6.42868570e+01 1.36992201e+01
 1.78351362e+01 -9.03244558e-03 1.47221084e-02 -4.29050891e-03 -1.52943941e+02 1.37034894e+01
 -3.71360447e+00 -6.31608962e-03 4.17697697e-01 1.55414427e-03 2.35548247e+02 1.36990833e+01
 -8.46849999e+00 -3.53865236e-03 -8.35236239e-01 -2.98656867e-03 -5.23388350e+01 1.36983604e+01
 1.71669527e+01 -3.54131224e-03 2.69393168e+00 8.14263132e-03 -3.29911517e+02 1.37033706e+01
 -1.39741780e+01 -3.28375661e-03 1.04652231e-01 3.25522501e-03 -2.23080635e+02 1.36970819e+01
 -1.96483293e+01 -5.95900808e-04 1.50408900e+00 -8.76137709e-04 -1.78663367e+02 1.36962014e+01
 1.39595796e+01 7.70971139e-03 7.58816549e-01 -5.03696857e-03 -2.25201571e+02 1.37028958e+01
 -8.25309086e+00 1.62478437e-03 1.29478553e-01 -1.94333266e-03 3.39871486e+02 1.36981419e+01
 3.96983303e+01 -5.22657137e-03 2.86233170e+00 8.01113656e-04 -1.36019612e+02 1.37078950e+01
 -1.26058838e+01 1.83359256e-03 2.74558782e+00 5.20779837e-03 -4.62079240e+02 1.36973762e+01
 -2.48662682e+01 2.10358372e-03 -8.30565763e-01 6.03472023e-03 1.20668251e+02 1.36951918e+01
 3.28473169e+01 4.80079396e-03 -1.21992376e+00 -4.90144578e-03 -8.83332984e+01 1.37066927e+01
 -1.77033808e+01 -1.33161713e-03 -6.23790907e-01 -3.39340294e-03 3.33969815e+02 1.36967768e+01
 -5.81774032e+00 -1.21674932e-03 -1.43779882e+00 3.88810678e-03 -7.62879714e+01 1.36984378e+01
 5.65897462e+00 -1.27622597e-02 -3.76423473e-01 2.73854103e-03 -1.61663663e+02 1.37010538e+01
 6.77229877e+00 -9.41028485e-03 7.96160716e-01 -8.42147426e-03 4.85168693e+02 1.37012713e+01
 -1.46828921e+00 1.99912053e-03 8.83636930e-01 6.15535763e-03 1.13926486e+01 1.36995317e+01
 -7.76673770e+00 1.03517124e-02 2.89682352e+00 -6.92716189e-03 3.79624722e+01 1.36983117e+01
 9.14822969e+00 -8.42641505e-04 -1.59498552e+00 2.17013569e-03 4.86313990e+02 1.37016739e+01
 1.13952743e+01 1.48789443e-02 2.39844241e-01 8.88845057e-03 2.32795099e+02 1.37024736e+01
 -3.81739569e+00 -8.42575214e-03 1.34024413e-01 -4.97190820e-03 -5.06717979e+02 1.36992994e+01
 -6.37774851e+00 4.43578419e-03 -2.95332738e-02 7.82146875e-03 5.83705505e+02 1.36987288e+01
 1.75411780e+01 -4.79734028e-03 1.86926908e+00 -3.73061996e-03 -2.66541761e+02 1.37032642e+01
 -1.07479132e+01 -1.45770790e-03 6.72909448e-01 1.38560343e-03 6.61184498e+01 1.36979336e+01
 -2.10580847e+01 6.07510975e-04 1.44729103e+00 9.47488515e-04 5.66812837e+02 1.36958873e+01
 -1.36210826e+01 1.22908096e-02 1.09115738e+00 1.70016020e-03 2.03582810e+02 1.36971624e+01
 -1.72304237e+01 -1.04191757e-03 -9.08517417e-01 2.91174179e-03 -5.40502249e+02 1.36964043e+01
 5.07286633e+00 1.24085538e-03 1.14919130e+00 -2.32829800e-03 2.48360947e+02 1.37006895e+01
 -1.10112910e+01 3.30723493e-03 1.00868828e-01 -2.18536901e-03 -2.26259292e+02 1.36980283e+01
 7.02586219e+00 1.35924810e-03 2.13827469e-01 -6.90349603e-03 5.84981518e+01 1.37014062e+01
 8.28280519e+00 -6.34335094e-03 1.85616687e-02 -3.17510351e-03 -1.08826425e+02 1.37014595e+01
 3.86670681e+00 -6.81423204e-04 -3.05846642e-01 4.68838809e-03 3.45161905e+02 1.37006332e+01
 -1.76419253e+01 -5.60135540e-03 1.70084673e+00 -6.02380885e-03 -1.79698550e+02 1.36961260e+01
 1.04525257e+01 4.78611006e-03 -9.32474395e-01 -1.25864404e-04 9.18050172e+01 1.37022914e+01
 1.06412922e+00 8.05096211e-03 -1.11991113e+00 1.05821088e-02 -1.96009390e+02 1.37001100e+01
 1.22123200e+01 -8.45283565e-03 -4.04812700e-01 -3.15759581e-04 2.93808200e+02 1.37022904e+01
 -8.43426929e+00 1.51559555e-02 -3.47835305e-01 4.52351126e-03 4.56378340e+02 1.36983098e+01
 -3.43669733e+00 -1.40621816e-02 -9.30185425e-02 3.81132843e-03 6.58115870e+01 1.36991389e+01
 4.16577579e+00 4.28330241e-03 1.55845716e+00 -1.64984584e-03 -3.23928114e+02 1.37008618e+01
 4.35204880e+00 8.38793586e-03 5.79125175e-01 9.28973418e-04 3.53263837e+01 1.37008060e+01
 -1.03167373e+01 1.04996980e-02 -1.15563149e+00 -4.65921138e-03 -3.98125675e+02 1.36981677e+01
 1.27609941e+00 3.03358905e-03 6.26992738e-01 -3.70162201e-03 -2.67276646e+02 1.37000430e+01
 -3.08360256e+01 -2.99686056e-03 -7.14601185e-01 -9.45723117e-03 -1.38373816e+02 1.36938678e+01
 1.97350128e+01 6.29132920e-03 -1.85833162e-01 2.25881544e-03 3.11498414e+01 1.37042098e+01
 1.31884926e+01 -2.40627027e-03 2.12740866e-01 1.17500520e-03 6.24588327e+02 1.37024424e+01
 4.16327547e+00 -8.12905496e-03 -7.14429670e-01 5.01397649e-03 2.92519651e+01 1.37011228e+01
 -1.02367037e+01 -9.72589750e-05 -6.44356048e-01 -5.64274522e-03 1.42235816e+02 1.36978853e+01
 1.68642395e+00 6.08641262e-03 -1.06528010e+00 1.53922832e-03 3.92305733e+02 1.37002218e+01
 -2.06029183e+01 -5.50396782e-03 -4.14657699e-01 1.01585708e-03 -8.97972922e+01 1.36956957e+01
 -4.95465718e+00 -3.77713711e-03 9.79517071e-01 -4.22622715e-03 3.01738607e+02 1.36992862e+01
 -2.93815848e+00 3.60961302e-03 7.31109398e-01 -1.06084039e-03 -4.91596468e+02 1.36994217e+01
 -1.28856797e+01 3.79203081e-03 -1.70937234e+00 -6.80148039e-04 -1.61192238e+02 1.36970898e+01
 8.80866050e+00 -2.42553038e-03 -1.24945817e+00 -1.71466303e-03 -1.68663184e+02 1.37017878e+01
 -1.26063041e+01 2.16856893e-03 7.09989425e-01 1.04263128e-02 1.28597439e+02 1.36974641e+01
 5.05592829e+00 5.73016068e-03 1.42077040e-02 -6.68098411e-04 -1.97841936e+02 1.37013208e+01
 2.15718695e+01 9.08101380e-03 2.42679781e-01 -8.05348683e-03 3.62043579e+01 1.37045026e+01
 8.43032664e+00 -2.64062705e-04 8.86434419e-01 -7.18323735e-04 -3.06527289e+02 1.37014596e+01
 7.22227565e+00 1.01194543e-02 2.18610658e+00 -1.01816985e-03 3.11421489e+02 1.37012947e+01
 -2.02845046e+00 7.18504923e-03 1.89529497e+00 7.17182190e-03 -2.27556377e+02 1.36994856e+01
 -3.58585414e+01 4.15622147e-03 -1.36989795e+00 -1.00919135e-02 6.30819468e+01 1.36927889e+01
 -1.45697373e+01 -3.81539978e-03 4.00173731e-01 5.27317344e-03 9.50785574e+01 1.36970672e+01
 -6.69360194e+00 8.51015650e-03 -5.08991555e-01 2.28361628e-03 -3.74551593e+02 1.36984179e+01
 -1.81670051e+01 7.11984192e-03 -5.35451154e-01 2.02464534e-03 -3.23495243e+01 1.36964914e+01
 7.25465077e+00 5.27995747e-03 -2.97007627e-01 -6.32649367e-03 8.68175439e+01 1.37017179e+01
 -2.55070894e+00 -2.43683556e-03 1.81859112e+00 2.50781817e-03 -1.38386817e+02 1.36993045e+01
 -2.80617568e+00 6.70144873e-03 9.32643016e-01 8.86307116e-04 1.70798772e+02 1.36991954e+01
 -1.49804506e+01 -2.05731534e-03 -1.39421677e+00 -3.26965560e-03 3.22181491e+01 1.36967464e+01
 -1.19510426e+01 4.46137490e-03 1.65937049e+00 -9.84946095e-03 4.27219478e+01 1.36978013e+01
 5.59146916e+00 -2.75077432e-03 1.81469207e+00 -6.52687498e-03 2.11125429e+02 1.37010611e+01
 3.51018459e+01 3.64779831e-04 -2.15259107e-01 4.87279981e-03 3.11873613e+02 1.37072043e+01
 1.24987498e+01 -1.53186799e-02 3.73266922e-01 -7.36343354e-03 2.01103021e+02 1.37023682e+01
 -2.18377931e+01 9.68985351e-03 1.22546182e+00 9.51707192e-03 -5.04315548e+02 1.36957416e+01
 5.69760591e+00 3.90712008e-03 -6.14133399e-01 -2.04474017e-04 -4.83397011e+01 1.37008178e+01
 1.04152940e+01 1.10305886e-02 9.99682740e-01 -1.54300879e-04 -3.74007252e+02 1.37020657e+01
 7.59499589e+00 1.18373709e-02 4.85977257e-01 2.73087963e-03 2.65530679e+02 1.37016022e+01
 1.66240584e+01 3.29283890e-03 1.57274437e-01 -7.07711928e-03 -1.28467692e+00 1.37031610e+01
 5.03978080e+00 1.25771853e-03 -3.39031579e-01 1.54951405e-03 1.31218670e+00 1.37010124e+01
 -6.99400942e+00 -6.98951525e-03 -7.87321288e-01 2.19398434e-03 -2.00030995e+02 1.36985155e+01
 2.27321545e+01 -5.28799054e-03 2.86647245e+00 -2.55358640e-03 -4.19987864e+02 1.37046271e+01
 6.88829998e+00 2.66161932e-03 -1.56247228e+00 -9.14621941e-03 -1.09390886e+02 1.37012373e+01
 9.15335631e+00 1.20019011e-02 -2.48152976e-01 7.52050930e-03 -4.87918196e+02 1.37021867e+01
 -3.01062396e+01 6.06956704e-03 -2.05824318e-01 2.97503170e-03 -1.70363634e+02 1.36940371e+01
 -3.94413041e+00 -4.47455854e-03 -7.66487026e-01 -3.50426617e-03 1.48988883e+01 1.36993141e+01
 8.25359269e+00 -6.17208395e-03 5.60395887e-01 -2.09480020e-03 1.42352024e+00 1.37018115e+01
 -6.44825080e+00 3.51949106e-03 8.15353082e-01 2.92869775e-03 6.18034888e+01 1.36989015e+01
 1.38867570e+01 6.28535601e-03 8.88556986e-02 -6.58971344e-04 -2.57120275e+02 1.37026036e+01
 -4.51409083e+00 -8.07920541e-04 -2.30518879e-02 -6.43214760e-03 9.40823229e+01 1.36989027e+01
 -6.80212313e+00 -3.21312579e-03 -4.89959138e-01 5.92578292e-03 2.18234321e+02 1.36992597e+01
 -1.59601817e+00 -2.88444823e-03 5.28748829e-01 -1.45064727e-02 1.11508100e+02 1.36996136e+01
 -2.76570117e+00 1.10384126e-02 4.78813785e-01 -4.83174160e-04 -1.73597007e+02 1.36996287e+01
 -1.78459155e+00 -9.22801360e-03 1.95922705e+00 8.69474807e-03 -3.34819719e+02 1.37000095e+01
 3.45573398e+00 1.07977789e-03 2.22338019e+00 -3.17692228e-03 -1.30077120e+02 1.37005210e+01
 2.24597162e-01 4.35011868e-03 -7.26903862e-01 6.79347646e-03 4.47563501e+02 1.37001475e+01
 -1.41338062e+01 1.10768624e-02 -1.23894812e+00 5.89291252e-03 -1.76287814e+02 1.36975194e+01
 -1.25967704e+01 -6.14947917e-03 2.26949266e+00 -8.02821124e-03 5.23245224e+02 1.36976399e+01
 1.43537378e+00 1.54889699e-03 -1.94485285e+00 -5.04135706e-04 -6.83420558e+00 1.37003903e+01
 -1.40936899e+01 -8.63543227e-04 -8.64511822e-01 -1.51144086e-03 -1.90077637e+02 1.36972292e+01
 -1.67785810e+00 -3.83489578e-03 -1.47008849e+00 1.44624654e-03 -1.30938888e+01 1.36993397e+01
 -1.61196871e+01 9.30040282e-03 1.16219071e+00 -6.10222025e-04 3.01793933e+02 1.36965592e+01
 2.09356192e+00 -4.66921313e-03 5.20482693e-02 3.75566845e-03 2.90257691e+02 1.37002295e+01
 1.29552970e+00 -6.77437551e-03 4.64931352e-02 -1.91512018e-03 -1.71103539e+02 1.37002365e+01
 1.17573117e+01 -4.27316016e-03 -4.93960614e-01 4.56146264e-03 1.81565025e+02 1.37020743e+01
 1.19357009e+00 -5.21396477e-03 2.09666093e-01 -1.26980428e-03 -1.21080378e+02 1.37002644e+01
 -1.44597791e+01 -2.29171399e-03 -3.08178048e-01 -9.21268324e-03 -2.27327044e+02 1.36970149e+01
 4.26182973e+00 -2.73011441e-03 -3.49932205e-01 -1.18011589e-03 1.68910296e+02 1.37012918e+01
 -1.42682240e+01 -4.41549590e-03 5.74941900e-01 -3.09172492e-03 -3.41606800e+02 1.36968101e+01
 -4.41600832e-01 7.39199580e-04 -5.79615412e-01 6.51641122e-03 -7.38138077e+01 1.36998372e+01
 1.79485191e+00 -1.37117532e-02 -1.19109862e+00 6.36808899e-03 9.65464635e+01 1.37003375e+01
 2.39152150e+00 8.01373952e-03 1.29967387e+00 3.93018199e-03 2.50631302e+00 1.37005529e+01
 -4.52893245e+00 7.51607738e-03 -1.31447344e+00 6.34241628e-03 1.05906787e+02 1.36989738e+01
 -2.98910232e+00 -2.16263602e-03 2.77812204e+00 -8.79963230e-03 -2.59915368e+02 1.36995438e+01
 -2.18832881e+01 1.30615992e-03 5.93484072e-01 -2.56231166e-03 -4.77780083e+02 1.36955672e+01
 -9.32931972e+00 1.05413489e-02 -1.15130569e+00 9.61182153e-03 -2.72594935e+01 1.36977877e+01
 -6.85944131e+00 -3.84868085e-03 2.38789621e-01 2.11303886e-03 -9.73206146e+01 1.36991594e+01
 -9.45628066e+00 1.75580137e-03 -1.43612223e+00 7.76512157e-03 1.10232891e+02 1.36984846e+01
 5.04544781e+00 -8.16998826e-03 -4.16073083e-01 1.29823333e-03 1.30515688e+02 1.37005797e+01
 -1.12794021e+01 -4.51933664e-03 -3.83764196e-01 6.40552167e-03 5.23591428e+02 1.36981315e+01
 -1.28839676e+01 2.99483841e-03 -2.50908230e-01 6.14515538e-03 1.31878168e+02 1.36974172e+01
 -1.48784651e+01 6.63201050e-03 -6.00450897e-01 -7.44565499e-04 -1.71040420e+02 1.36972457e+01
 -1.29332586e+01 8.16042527e-04 2.87960660e-01 2.80664647e-03 1.68456972e+02 1.36976959e+01
 -5.39776022e+00 -6.99885563e-03 2.09526757e+00 -4.52256578e-03 4.85886672e+02 1.36991109e+01
 1.64690343e+01 -2.16631757e-03 -9.44695921e-01 9.84583672e-03 2.23657374e+02 1.37035540e+01
 2.11531583e+00 6.14997907e-03 -1.12627779e+00 -1.23421447e-03 3.26219051e+02 1.37005044e+01
 -5.98978879e+00 4.88702134e-03 6.00295123e-01 2.42951862e-03 -5.98890615e+02 1.36987657e+01
 7.89027982e+00 -7.94169601e-03 -2.00808851e+00 5.98804145e-03 -5.80457342e+02 1.37015920e+01
 1.74503251e+01 3.91342054e-03 1.07935364e+00 -7.72198688e-03 1.32784461e+02 1.37034958e+01
 -7.98878862e+00 5.91735283e-03 1.33294313e-01 5.05033001e-04 -4.42954752e+01 1.36985120e+01
 6.57423805e+00 -4.28970928e-03 3.26890446e-01 -1.43369349e-03 -2.70237019e+01 1.37011529e+01
 2.03890515e+01 -2.02860268e-02 -3.62413413e-01 4.33503526e-03 6.37858585e+01 1.37040499e+01
 4.53138321e+00 1.99225694e-02 2.72096132e+00 -9.57153134e-03 -1.36363279e+02 1.37009906e+01
 -2.23502933e+01 -1.41551588e-03 -1.01701027e+00 -6.57131867e-03 2.18738437e+02 1.36952431e+01
 -5.40494718e+00 2.26210056e-03 -3.45066175e-01 -1.37308730e-02 1.69380540e+02 1.36991668e+01
 1.93648180e+01 1.66285329e-03 8.10581994e-01 -2.79769914e-03 -3.73169788e+02 1.37043339e+01
 -1.15195178e+01 -6.89200872e-04 1.13245619e+00 -1.74310656e-03 2.80265445e+01 1.36976695e+01
 -1.27163573e+01 2.54927345e-02 5.73077805e-01 8.29893673e-04 4.61564406e+01 1.36976114e+01
 7.32444562e+00 -1.20810680e-02 -1.12774906e+00 -1.05084990e-03 8.09104644e+01 1.37012904e+01
 7.46776515e+00 -2.80042946e-03 1.62242846e-01 4.36341366e-04 2.08080249e+02 1.37014955e+01
 -1.93615771e+01 4.00128100e-03 -1.69238348e-02 -1.03581013e-03 1.27124813e+02 1.36958808e+01
 -9.83997521e+00 -5.38709506e-03 -8.63999300e-01 6.37688819e-03 -1.14203327e+02 1.36979390e+01
 1.76883227e+01 -3.00939415e-03 7.11162950e-01 -7.40745024e-03 -2.88584919e+01 1.37032527e+01
 -4.91384007e-01 -4.93362359e-03 2.18716658e-01 3.74150676e-04 5.03597605e+01 1.37002825e+01
 2.58917873e+01 8.06733852e-03 -8.89009310e-01 4.75219598e-03 -4.75370298e+02 1.37052835e+01
 -1.88492369e+01 -5.54577889e-03 -2.83477957e+00 -2.18308950e-03 2.62853003e+02 1.36965056e+01
 1.69073723e+01 5.12901669e-03 8.03035691e-01 1.29925163e-02 -4.24937189e+02 1.37034045e+01
 6.84061271e+00 -2.66024329e-03 -1.51229086e+00 9.76983154e-03 -1.65936061e+01 1.37015696e+01
 4.57624985e+00 -1.35825228e-02 -5.08100206e-01 4.29004591e-04 -1.68243365e+02 1.37014447e+01
 -1.65506217e+00 -1.75298944e-03 -1.09102958e+00 -1.19852008e-04 3.36656730e+02 1.36995482e+01
 1.85064050e+01 5.42792810e-03 5.43108648e-01 -1.04273936e-03 1.98582326e+02 1.37040579e+01
 1.12551922e+00 3.66760190e-03 -2.30151005e+00 1.09409835e-02 -4.31956362e+02 1.37004282e+01
 9.68046249e-01 -1.07083216e-02 -8.14560005e-01 7.98314491e-04 -5.62517925e+02 1.37004100e+01
 -9.37809715e+00 4.44915647e-04 -8.56113580e-01 3.56437137e-03 1.62009551e+02 1.36983688e+01
 2.10541284e+01 2.34830195e-03 1.68880478e+00 4.63253876e-03 3.81443381e+02 1.37041736e+01
 -1.21463619e+01 -3.27974738e-03 2.56352869e-01 3.95456269e-03 4.19576375e+02 1.36974591e+01
 -1.49313392e+01 2.52393133e-03 1.22620338e-01 3.61118306e-03 1.43255918e+02 1.36971597e+01
 -7.46900780e+00 3.11366150e-03 -4.74504962e-01 -8.04106905e-03 3.02326874e+02 1.36984973e+01
 1.23528264e+01 -2.11764786e-03 8.53401282e-01 3.83766204e-03 -7.30953329e+02 1.37026022e+01
 1.68494204e+01 8.57730101e-03 -4.46061160e-03 -1.01578906e-02 -5.13601703e+02 1.37031539e+01
 -4.95231109e+00 5.89341095e-03 8.39272224e-02 2.12805057e-03 6.00570774e+01 1.36993092e+01
 9.23296907e+00 6.15359471e-04 -3.10335887e-01 7.08087691e-04 -2.14561951e+02 1.37018023e+01
 -2.62418551e+01 1.08623953e-02 -7.61302239e-01 -7.97393401e-03 6.06906870e+02 1.36945533e+01
 -9.79414053e+00 8.45368732e-03 -2.30354011e-01 5.31893329e-03 -3.85441434e+02 1.36980668e+01
 -2.21203988e+00 -9.53520339e-03 -3.16809465e+00 3.24487230e-03 3.05049316e+01 1.36997851e+01
 -3.70756514e-01 -8.90302193e-03 8.81737997e-01 -7.22392036e-03 1.91952336e+02 1.36996195e+01
 -5.48176031e+00 -1.64504118e-03 -1.06070285e+00 -9.54965752e-03 -2.03604256e+01 1.36991103e+01
 3.52508064e+00 -9.85458980e-03 -1.35286341e+00 -9.89198101e-04 3.32553015e+01 1.37006658e+01
 -9.35978144e+00 -8.74204503e-03 -9.83732457e-01 1.02978265e-02 -1.61722966e+02 1.36981251e+01
 5.55688335e+00 9.99473778e-03 -2.41075274e-01 4.95675072e-05 -1.85419728e+01 1.37011214e+01
 1.08629244e+01 2.70457010e-03 1.51074163e+00 -3.70641935e-03 -9.31741861e+01 1.37019975e+01
 5.55803061e+00 -9.80682046e-04 -1.97073868e+00 -6.32203552e-04 5.03191322e+01 1.37014649e+01
 -2.89176591e+00 -9.50192183e-03 -1.40280566e+00 -6.37983222e-03 -2.96057926e+01 1.36993552e+01
 -9.34031243e+00 4.91527704e-03 6.17049238e-01 1.74275577e-03 4.22426024e+02 1.36980293e+01
 -1.59092379e+00 -7.46962821e-03 1.46496658e+00 -5.57560535e-03 -2.95726586e+02 1.36996574e+01
 -8.73452382e+00 2.37664219e-03 -1.07081652e+00 -5.96325941e-03 2.31415063e+02 1.36983218e+01
 -2.16022827e+01 -8.25738852e-03 -9.00239849e-01 4.21749742e-03 1.92961936e+02 1.36958824e+01
 -1.49251070e+01 -3.35818874e-03 1.10423166e+00 8.08750466e-03 -1.15626147e+02 1.36972312e+01
 -1.04865196e+01 3.58034023e-04 -5.16194365e-01 9.99483890e-03 1.09060395e+01 1.36981985e+01
 -2.99468683e+01 -5.64414436e-04 -7.55069221e-01 2.45093959e-03 1.00298495e+02 1.36939288e+01
 1.11557518e+01 -2.17160806e-03 -1.21225460e+00 -3.54250488e-03 -8.71351729e+01 1.37019343e+01
 3.73881938e+00 -9.27773430e-03 2.90995651e+00 -4.29566678e-03 -9.24918922e+01 1.37006929e+01
 -5.27317584e+00 -5.60083119e-03 -1.45202090e-01 3.10417874e-04 -1.87528696e+02 1.36988051e+01
 -3.28515507e+01 3.02903991e-03 1.21934560e+00 -3.98646430e-03 7.84417734e+01 1.36934878e+01
 -6.99230720e+00 -3.01016577e-03 6.72663095e-02 5.67942746e-03 2.74530721e+02 1.36986444e+01
 8.29988687e+00 8.75951159e-03 -4.16502486e-01 -7.92359459e-03 1.33013727e+02 1.37015537e+01
 -1.98586733e+01 -2.24859277e-03 -8.87771921e-01 -1.28850379e-03 -1.90611233e+02 1.36961599e+01
 -7.28824424e+00 -4.95656806e-03 1.46556931e+00 -1.11646429e-03 4.36717816e+02 1.36984407e+01
 -8.08379139e+00 -7.20615321e-03 1.18794891e+00 -1.19996426e-02 6.59285840e+02 1.36987102e+01
 -2.45980074e+01 -2.80150527e-03 7.40375427e-01 -2.16593645e-03 -3.86598971e+02 1.36949880e+01
 -9.54629163e+00 3.23264162e-04 1.42878062e+00 -1.65285093e-03 -3.95787132e+01 1.36976763e+01
 3.38209002e+00 -8.94237768e-04 1.74369909e+00 -2.95712638e-03 9.84249613e+01 1.37008248e+01
 -9.92250201e+00 4.61615312e-03 -9.86184550e-01 7.37701229e-05 -1.42784287e+02 1.36980956e+01
 -3.35690394e+00 9.88944749e-03 2.54603612e+00 1.62962158e-03 2.23039784e+01 1.36993960e+01
 4.61913949e+00 -9.99522170e-03 -8.63229128e-02 1.06241385e-02 1.94306928e+02 1.37008316e+01
 -6.50387025e+00 9.27505471e-03 -1.75164606e+00 -4.75153098e-03 -2.52879534e+02 1.36987381e+01
 2.74966584e+01 8.22528706e-03 -7.65399074e-02 -1.56777645e-03 3.05496388e+02 1.37055646e+01
 -6.95541329e+00 3.85001036e-03 -1.86120386e+00 2.03319821e-03 -1.32160521e+02 1.36985716e+01
 1.33699910e+01 -1.04038739e-03 2.28891131e+00 -2.13472847e-03 2.08776502e+02 1.37025004e+01
 1.28686428e+00 3.52678618e-03 6.20747035e-01 8.06366772e-03 4.08928663e+01 1.36999549e+01
 -9.93410316e+00 3.81809714e-03 -1.27550841e+00 -2.36729837e-03 4.12377832e+02 1.36977212e+01
 -4.01379702e+00 -1.00889505e-02 -4.61877735e-01 8.46362591e-04 -2.06347080e+02 1.36992330e+01
 -4.93442513e+00 -7.79635128e-03 -5.00052929e-01 -6.32922374e-03 3.72086507e+02 1.36991727e+01
 1.27895922e-01 5.20144597e-03 6.94909240e-01 -6.88052604e-03 -1.78019725e+02 1.37002992e+01
 2.60540395e+01 -1.11893244e-02 1.66865307e+00 -6.11147523e-03 2.25922838e+02 1.37054603e+01
 -1.42377576e+01 -8.48501316e-03 1.66476445e-01 6.32019996e-04 -4.07388807e+01 1.36971838e+01
 1.40032122e+01 4.44429930e-03 6.40346986e-01 -2.43337056e-04 4.03199125e+02 1.37028320e+01
 -1.06880995e+01 1.91162756e-03 -1.01734445e+00 -6.57155422e-03 3.91950815e+01 1.36975779e+01
 -1.72144790e+01 6.69022905e-03 -1.04382841e+00 -6.45099634e-03 1.59366474e+02 1.36967156e+01
 -5.24653400e+00 -7.40233997e-03 1.33952897e+00 -8.99875128e-03 -2.38795769e+02 1.36991604e+01
 6.66339221e+00 4.57198218e-03 -2.05490778e+00 2.30351085e-03 2.05039808e-01 1.37013903e+01
 5.66922306e-01 -1.11188327e-03 -1.44894599e+00 -6.99266100e-03 2.53635798e+01 1.36999367e+01
 8.51328387e+00 -1.70690909e-03 1.54575114e+00 -4.96107790e-03 9.13065372e+01 1.37016959e+01
 -1.58618331e+01 1.01601776e-02 6.02739447e-01 -8.78408215e-03 -2.58182193e+02 1.36966413e+01
 5.03197092e+00 -3.91698714e-03 -1.22726945e+00 -2.80933586e-03 9.82175584e+01 1.37009951e+01
 -4.60610341e+00 8.98693549e-03 5.54756743e-01 -9.56330032e-05 -2.97593778e+02 1.36993596e+01
 -1.44353674e+01 5.89603949e-04 6.79962655e-01 7.41339440e-03 2.62873755e-01 1.36970426e+01
 -5.18311654e+00 -5.48413141e-03 -4.61936314e-01 6.18399220e-03 2.16882077e+02 1.36990307e+01
 7.98857828e+00 8.80347028e-03 4.94133935e-01 2.52341602e-03 8.81731501e+01 1.37015597e+01
 -1.55358359e+00 -4.92961546e-03 -7.12384206e-01 3.16486170e-03 2.75157315e+02 1.36996826e+01
 -2.50668473e+01 -5.86175244e-03 -2.67253592e-01 1.66781694e-04 1.06833588e+02 1.36951954e+01
 -1.22142634e+01 -4.68460006e-03 2.11465639e-01 -5.09379364e-03 3.86614743e+01 1.36974718e+01
 -3.80884820e+00 -1.42968588e-02 1.63224175e+00 -7.35987435e-03 -3.43157488e+01 1.36991432e+01
 -7.88164605e+00 -9.86913770e-03 1.36681671e+00 1.52339084e-03 2.93202859e+02 1.36983082e+01
 -1.56484863e+01 1.61241487e-03 1.01610792e+00 -7.09497969e-04 2.37171380e+02 1.36968777e+01
 -1.62322656e+01 3.12526026e-03 -1.56762943e+00 -4.14638546e-03 -7.30903891e+01 1.36966690e+01
 8.11410672e+00 2.31768419e-03 -9.08722157e-02 -8.02860277e-03 -4.46150245e+02 1.37017926e+01
 -4.88664266e+00 -1.46790038e-03 -2.06382288e+00 6.04420558e-03 5.56913502e+01 1.36988527e+01
 -2.95218002e+00 6.43252471e-03 -1.27800469e+00 -3.94082845e-03 3.96616294e+02 1.36997850e+01
 1.65765008e+01 -7.40818358e-03 -4.64804440e-01 -1.22594654e-02 -4.47105649e+02 1.37031204e+01
 2.28134037e+00 3.57818572e-03 -1.47138024e+00 -9.75228644e-03 2.46999669e+02 1.37004645e+01
 -2.42744776e+01 -6.27277428e-03 -3.90266255e-01 -1.00983044e-03 -2.39209719e+01 1.36951063e+01
 1.52362240e+01 1.67058164e-03 -1.38465947e+00 -1.51236320e-03 -2.71623336e+02 1.37034360e+01
 3.77238130e+00 -4.49090772e-03 -1.68350481e-01 5.47016896e-03 2.93534716e+01 1.37006647e+01
 -1.93678152e+00 -9.47893353e-03 -5.44874141e-01 9.69964912e-03 4.86017023e+01 1.36996630e+01
 1.99575712e+01 -4.37784588e-03 1.15311920e+00 -9.78739525e-03 -1.85888760e+02 1.37041500e+01
 -5.27835728e-02 -4.53573054e-04 -1.70065066e+00 -1.56007567e-02 2.52446298e+01 1.36999900e+01
 7.45211641e+00 9.07772083e-03 -6.85705678e-01 -1.25339897e-02 3.19608075e+02 1.37015845e+01
 -5.09645600e+00 2.16602777e-03 7.07959294e-01 -7.76697193e-03 1.77874224e+02 1.36988335e+01
 2.72590655e+00 2.72026743e-04 2.24346366e-01 -7.68634644e-03 -2.63543877e+02 1.37007794e+01
 1.71950487e+01 -9.11582256e-03 1.00259830e+00 -1.60113134e-03 -3.15678271e+02 1.37034569e+01
 -1.38342598e+01 8.29632911e-03 2.23806123e+00 7.37828519e-03 1.04289548e+02 1.36973249e+01
 -4.08682623e+01 -2.64081402e-03 -1.98753604e+00 6.55537361e-03 -1.34850523e+01 1.36920854e+01
 1.48214808e+01 -2.70409267e-03 -1.15478833e+00 -4.53629846e-03 3.08197287e+02 1.37026572e+01
 -2.92728395e+01 8.22029264e-03 1.67808917e+00 -2.48538115e-03 -2.93978023e+02 1.36942706e+01
 -3.93508057e+00 -2.25367011e-03 -5.65900574e-01 -4.74497544e-03 -1.68142489e+02 1.36991647e+01
 -2.27167351e+01 -8.09674133e-03 1.76101354e+00 2.47798607e-03 7.38858908e+02 1.36954987e+01
 -1.83243324e+01 -3.42571064e-04 5.69460887e-01 -3.70689238e-03 -1.79603436e+02 1.36966314e+01
 3.03357682e+00 -8.80592307e-03 5.88504205e-01 -5.71899215e-03 9.02383277e+01 1.37008226e+01
 -1.16921795e+01 9.57340467e-03 -1.94943276e-01 -1.55927335e-03 -3.34255619e+02 1.36977010e+01
 -2.23754663e+00 -2.86198571e-03 4.18014749e-01 5.26018126e-03 -9.12061654e+01 1.36994773e+01
 5.06155567e+00 4.75217043e-03 -4.25423690e-01 -1.37740596e-03 1.48228548e+02 1.37010161e+01
 1.14811174e+01 3.80210432e-03 -1.09821243e+00 -8.75534759e-04 4.38536940e+02 1.37022783e+01
 -3.29990323e+00 -1.13444705e-03 -1.17042416e+00 1.63189860e-03 1.78747995e+02 1.36994071e+01
 3.88736041e+00 4.91364376e-03 1.90534306e-01 1.06732606e-02 2.47507201e+02 1.37006884e+01
 -2.58884483e+01 9.67823347e-03 -9.38021544e-01 -2.64911565e-03 2.37989683e+02 1.36948982e+01
 1.35527840e+01 -4.16049293e-03 -6.60510004e-01 9.84385185e-03 2.14358177e+02 1.37027072e+01
 -2.71593481e+01 -9.84234172e-04 -1.53383386e+00 -8.35456211e-04 2.09743885e+02 1.36943849e+01
 1.10134523e+01 -6.41545484e-03 3.97680181e-01 2.61425500e-03 -5.66289067e+01 1.37019790e+01
 1.36358222e+01 -5.12311062e-03 -7.47639301e-01 -3.08591928e-03 -3.65985166e+00 1.37025811e+01
 1.17783368e+01 3.31603954e-03 -1.82823060e+00 -2.23208802e-03 3.49772588e+02 1.37017884e+01
 -3.52179544e+01 -6.87257931e-03 -8.14860246e-01 -8.35219305e-03 3.30006369e+02 1.36931799e+01
 -6.86193509e+00 -1.57078716e-03 -2.88783676e-01 -5.03067341e-03 -2.49343847e+02 1.36985125e+01
 1.45658179e+01 -1.52369501e-03 1.91870893e+00 -1.33419947e-03 1.77787020e+02 1.37028923e+01
 -1.66036674e+01 -5.48520704e-03 -1.65672062e+00 -3.44574494e-03 1.25330864e+02 1.36965215e+01
 3.63353290e+00 -7.63731446e-03 1.42089926e+00 -1.64081035e-03 -2.29980191e+02 1.37005665e+01
 1.95639294e+01 -2.16065968e-03 9.75346395e-01 -1.18057159e-02 -1.76222208e+02 1.37043930e+01
 -5.82297326e+00 -1.57524528e-02 1.48141904e+00 -1.68803764e-03 -8.79858142e+01 1.36988983e+01
 -2.88933497e+00 8.63006619e-03 -9.48496871e-01 -5.52846224e-03 -8.48068436e+01 1.36995379e+01
 -1.08329634e+01 -1.10761726e-03 -5.62370317e-01 -2.55069791e-03 2.11367883e+02 1.36976149e+01
 1.95267882e+01 -8.07425477e-03 -8.71368587e-01 1.52751665e-03 -3.65855801e+02 1.37039429e+01
 1.85801338e+01 -3.04823140e-03 7.37467126e-01 1.80093049e-03 2.03423168e+02 1.37036786e+01
 1.54878219e+01 -2.47132090e-03 1.17298483e+00 3.67178656e-04 3.45905396e+02 1.37028541e+01
 4.08200558e+00 7.92210852e-03 -8.42127234e-01 5.43223344e-04 -5.16468814e+01 1.37006001e+01
 2.42078802e+01 7.64717434e-03 -3.56744507e-01 8.89442145e-03 -3.87112664e+02 1.37050996e+01
 -7.43388065e+00 -2.21173378e-03 -9.15156180e-01 4.57626097e-03 2.12067425e+02 1.36983543e+01
 -2.34817931e+01 -1.80176920e-03 3.57609782e-01 -1.96592497e-03 2.80575215e+02 1.36955916e+01
 -1.33522644e+01 -3.46110770e-04 -1.32441962e+00 -4.03342037e-03 -4.44340396e+01 1.36975208e+01
 3.50759315e+00 1.08004117e-02 -2.58449553e-01 6.91929194e-03 2.70104444e+02 1.37005941e+01
 2.03014507e+01 1.01745214e-02 1.59843353e+00 -5.47225701e-03 -2.37245469e+02 1.37039244e+01
 -2.05365207e+01 1.22237813e-02 1.34322062e+00 5.87411794e-03 -1.65055621e+02 1.36959780e+01
 -2.59225006e+01 6.57191162e-03 1.58678212e+00 3.85362266e-03 4.14129241e+02 1.36949017e+01
 -1.55903477e+01 1.78770447e-03 8.01924387e-01 -9.53071124e-04 -3.41604143e+01 1.36965936e+01
 -1.50895643e+01 1.36076688e-02 -1.88043091e+00 -3.55991936e-03 -1.18229230e+02 1.36966950e+01
 2.82515298e+01 7.79437311e-03 -8.64861553e-01 1.46750119e-03 -2.73439876e+02 1.37053911e+01
 -8.90078140e+00 7.80118400e-03 5.19238880e-01 -8.53382981e-03 7.34846883e+01 1.36985899e+01
 -7.24958105e+00 -3.59480221e-03 -4.22932319e-01 -1.62612596e-03 1.09723240e+02 1.36986402e+01
 5.39700138e+00 -9.71159484e-03 2.28900013e+00 7.56730238e-03 6.31764853e+02 1.37010286e+01
 1.30065185e+01 -4.16657473e-04 -7.97885981e-02 -6.86178218e-04 1.12868841e+02 1.37024995e+01
 3.28301923e+01 1.93339013e-02 -5.08751897e-01 2.23577206e-04 3.63254121e+02 1.37066551e+01
 -2.76695565e+00 -1.06894148e-02 7.84838831e-01 -7.43989815e-03 1.90518002e+02 1.36991902e+01
 1.00385173e+01 -6.42454670e-03 -4.77905856e-01 6.39209646e-03 3.83634715e+01 1.37021929e+01
 -6.06405237e+00 5.72668569e-03 -8.78467485e-01 -1.74710663e-03 -4.76814844e+02 1.36989889e+01
 -9.98307087e-01 7.02078737e-03 -9.51819868e-01 -5.80710701e-03 1.79185671e+02 1.36998934e+01
 -1.93100945e+01 2.31318714e-03 1.55807100e+00 -4.51155240e-03 1.65180327e+02 1.36959648e+01
 -1.76079401e+00 -2.23619075e-03 1.04702906e+00 1.56549343e-03 -5.29894222e+02 1.37002651e+01
 1.42717429e+01 -2.05681359e-03 -9.18287926e-01 1.23449945e-02 -3.23034260e+01 1.37028054e+01
 1.24280188e+01 4.47865658e-03 6.57524466e-01 -4.87335106e-03 -2.00659084e+02 1.37029629e+01
 -1.16662957e+01 -7.66533341e-03 1.73590294e+00 -3.94894575e-03 3.28615055e+02 1.36976657e+01
 3.46214803e+00 6.46022212e-03 -2.14250745e+00 -1.77537599e-03 -1.15088437e+01 1.37010937e+01
 2.53788599e+01 1.74192869e-03 8.02793563e-01 -5.32258809e-03 -1.39828505e+02 1.37047327e+01
 2.30975721e+01 -6.09047551e-03 8.08761483e-01 -2.34813894e-03 -1.33244701e+02 1.37045966e+01
 -7.58847659e-01 3.75884972e-03 6.90798891e-01 -2.20647825e-03 1.66835844e+02 1.36999071e+01
 -4.83515256e+00 5.76558015e-03 1.36677660e+00 -1.03242878e-02 1.25401204e+02 1.36988321e+01
 1.89695110e+01 -4.98495622e-03 -2.85420228e-01 1.25989447e-04 3.86519068e+02 1.37036033e+01
 6.48016343e-01 2.76314194e-03 -7.62006880e-01 1.01804157e-02 2.60547554e+02 1.37001303e+01
 1.38241030e+00 2.82312443e-03 -1.14844394e+00 4.24948420e-04 -2.21482707e+02 1.37004476e+01
 6.55191286e+00 5.40391615e-03 2.90643352e-01 7.21298854e-03 -1.02203544e+02 1.37014085e+01
 -7.95649558e+00 -1.58729203e-02 -3.21643642e-01 -4.73027782e-03 5.76485646e+01 1.36985280e+01
 -1.78374493e+01 -8.72480714e-03 3.03892814e-01 -5.28157939e-03 -1.36257061e+02 1.36965278e+01
 -5.53485672e+00 -7.30553651e-03 1.46036528e+00 1.84031145e-04 2.75212710e+02 1.36988789e+01
 1.72012310e+01 -1.08230000e-02 -5.15224334e-01 2.15985898e-03 -1.74742703e+02 1.37035750e+01
 3.46638855e+00 8.66196211e-03 -7.58067481e-01 1.21931909e-02 9.98013866e+01 1.37005995e+01
 1.59909768e+00 -2.76651797e-04 -1.52364626e+00 9.45656566e-03 1.95167365e+02 1.37006044e+01
 9.05619809e+00 -1.82524674e-02 -1.05648897e+00 1.20112692e-02 -1.92254338e+02 1.37018065e+01
 -2.06021999e-01 -5.83919297e-03 -5.93528665e-01 -5.93304941e-03 3.05646293e+01 1.36998664e+01
 -1.25577620e+01 1.29998243e-03 -3.13472604e-01 -1.17895942e-02 -1.04240182e+02 1.36970988e+01
 -6.70177920e+00 -1.62773947e-02 1.41812010e+00 -1.27049169e-02 2.75427760e+02 1.36985372e+01
 6.58246752e+00 -1.36211892e-02 1.10367526e+00 1.12347839e-03 1.89162472e+02 1.37011425e+01
 -1.66743208e+01 -2.79027025e-03 2.51057737e-01 1.29519650e-03 -9.42017220e+00 1.36969152e+01
 1.89782789e+01 4.23433895e-04 -8.80227435e-01 -1.82887707e-03 2.23779846e+02 1.37034757e+01
 -1.75735997e+01 -1.25886432e-02 -4.44772501e-01 3.59339972e-03 6.50435542e+01 1.36965170e+01
 6.86764830e-01 -5.33559295e-03 -2.27897172e+00 5.90479717e-03 -7.19390628e+01 1.37001087e+01
 -8.03811211e-01 -5.90067054e-03 2.72808986e-01 4.38119974e-03 6.05879725e+02 1.36998863e+01
 -1.69125287e+01 -1.81326532e-03 -1.10281972e-01 -8.56097073e-03 3.99649628e+01 1.36970179e+01
 1.40947569e+01 7.44400530e-03 9.12885053e-01 -2.87842875e-03 1.01356698e+01 1.37025827e+01
 3.33727331e+00 2.00980498e-03 1.81025907e+00 8.59349846e-03 -8.61062346e+02 1.37008349e+01
 -1.58640889e+00 9.85134047e-03 8.51491837e-01 -1.27067871e-03 7.48264156e+01 1.36998796e+01
 -1.22890822e+01 -9.48183033e-04 -1.35449283e-01 2.28150877e-03 -1.76931955e+02 1.36975279e+01
 5.24017914e+00 6.68451301e-03 -1.22869998e+00 1.10781944e-03 1.63413235e+02 1.37012059e+01
 4.77525744e-01 4.55155560e-03 -1.95258678e-01 -3.22731949e-03 -1.05345855e+02 1.37003949e+01
 8.92419879e-01 -4.13862742e-03 5.75919854e-01 -7.60208731e-03 1.14699966e+02 1.37001350e+01
 5.58575514e+00 3.55083026e-03 1.86878541e+00 8.87629321e-03 -1.72782053e+02 1.37012902e+01
 -2.02176941e+00 4.94262114e-03 1.42219016e+00 1.08720020e-02 -1.44978107e+02 1.36995728e+01
 -2.06790950e+01 -6.13544261e-03 1.88862925e-01 6.64781266e-03 -8.22423751e+01 1.36957452e+01
 -5.63778246e+00 5.48565943e-03 -1.26334340e+00 -1.01371075e-02 -3.40996226e+02 1.36989164e+01
 5.96246260e+00 3.12361195e-03 -2.19023173e+00 3.53530317e-03 1.32400741e+02 1.37011228e+01
 7.61228583e+00 -4.90912104e-04 -1.37995327e-01 3.01973536e-03 -3.79777200e+02 1.37016870e+01
 -1.46354534e+01 -7.82299022e-03 -5.76615751e-01 7.10079276e-03 1.19123614e+02 1.36969722e+01
 3.62401698e+00 1.33749704e-02 -7.83940515e-01 3.72827230e-03 3.73683949e-01 1.37007684e+01
 9.74321181e+00 -7.97347552e-04 5.34821320e-01 1.06061506e-02 -1.17367720e+02 1.37020209e+01
 2.70335847e+01 -1.58516782e-03 -1.61819748e+00 -4.55449643e-03 -3.48426309e+02 1.37053044e+01
 4.47183854e+00 3.07227266e-03 6.39200468e-01 1.24286349e-03 1.93728092e+02 1.37007607e+01
 4.12623399e+00 8.37083890e-03 2.12486072e+00 8.20027998e-03 4.62138066e+02 1.37008356e+01
 -1.18497332e+01 -8.25002691e-04 -8.52628882e-01 4.47670325e-03 1.38252870e+02 1.36973612e+01
 -4.52873849e+00 3.68527482e-04 -2.28587349e+00 -3.31203979e-03 3.52525683e+01 1.36988016e+01
 -4.71866433e+00 6.91337681e-03 -2.33599404e+00 6.10682113e-03 3.63944067e+02 1.36991993e+01
 -6.67405391e+00 -2.58805096e-03 1.99589069e+00 -1.49590944e-02 -2.99290767e+02 1.36986008e+01
 1.06442719e+01 -9.60053343e-03 -1.05724543e+00 -4.39919535e-03 7.53315027e+02 1.37022496e+01
 -1.33872977e+01 2.80636290e-03 2.12526945e+00 7.51481476e-03 5.05163543e+02 1.36973695e+01
 -8.73841106e+00 3.71093587e-03 -5.93411350e-01 -5.24506584e-03 1.37521002e+02 1.36984354e+01
 -2.95884833e+00 3.56006544e-03 2.20046501e+00 1.19475098e-02 4.85776262e+01 1.36992368e+01
 -1.05899058e+01 1.50572255e-03 -1.50912058e+00 -1.27213019e-03 -5.64906146e+02 1.36978317e+01
 2.44336810e+00 -8.31004670e-03 -5.45833716e-01 3.04263419e-03 7.22208265e+01 1.37003953e+01
 6.24138689e+00 1.54147896e-02 -1.63630844e+00 -4.09165181e-03 9.41429906e+01 1.37011299e+01
 -1.02422826e+01 3.19974562e-03 -1.15026698e+00 3.66565764e-03 6.53992876e+01 1.36980552e+01
 -8.26752835e+00 3.79548806e-03 4.70934655e-01 -2.94335918e-03 3.67246115e+02 1.36983928e+01
 -2.12932043e+00 -5.66036170e-03 -2.03996695e+00 4.81342070e-03 -2.06545138e+02 1.36996153e+01
 2.69458750e+00 -1.07428668e-02 4.18721772e-01 9.20948679e-03 3.11574000e+02 1.37007107e+01
 2.22453524e+01 -2.08626095e-03 -7.91330878e-03 -9.75935308e-04 -1.19610624e+01 1.37045371e+01
 1.10117471e+00 -5.47069305e-03 1.28591606e+00 7.42754891e-03 1.50693421e+02 1.37003662e+01
 9.55202352e+00 -3.12847430e-03 -7.96245643e-01 1.79406677e-03 3.99744543e+02 1.37017309e+01
 -3.72104878e+01 -4.74280900e-06 1.60593724e-01 -5.05475304e-04 -7.72748349e+01 1.36924815e+01
 -2.45194564e+01 -7.67731564e-03 -6.54131794e-01 1.04840050e-02 -3.94166166e+02 1.36948660e+01
 -1.01918425e+00 -1.64571385e-02 1.18781471e+00 8.54040711e-03 -5.45419513e+01 1.37002056e+01
 1.70719519e+01 8.29850426e-04 -5.00150298e-01 4.19526357e-03 -1.67517494e+02 1.37033253e+01
 -1.11981038e+01 -8.96444303e-03 -8.57039769e-01 -9.06539352e-03 1.15204459e+02 1.36979456e+01
 9.93405450e+00 -1.57281690e-02 -6.79291295e-01 1.33291546e-03 1.30141580e+02 1.37016951e+01
 5.88031521e+00 -1.17999541e-02 -6.73366323e-01 1.41361836e-03 -7.04602625e+01 1.37012734e+01
 -5.16654740e+00 -8.73279277e-03 5.05538140e-01 1.03961849e-02 -1.16283199e+01 1.36989100e+01
 1.71179374e+01 -1.18343830e-03 -1.01074602e+00 -1.10507746e-02 3.97111736e+02 1.37032171e+01
 7.21896538e-01 1.30354634e-02 1.33167995e+00 -3.27495332e-03 3.20965539e+02 1.37001485e+01
 2.80368959e+01 -5.42215682e-03 -1.77132494e-01 4.38192758e-03 3.47746132e+02 1.37053760e+01
 -3.66297126e+00 1.00754448e-02 -2.36112937e-01 1.03645348e-03 2.27640946e+02 1.36993974e+01
 1.35568420e-01 6.64294452e-03 -1.40302262e-01 -9.05423055e-03 -1.62652011e+01 1.37001064e+01
 1.59679624e+01 4.29534506e-03 6.83076183e-01 -1.67509505e-03 5.94637879e+02 1.37030386e+01
 5.52795779e-02 2.22486790e-03 -2.79890447e+00 -3.13762410e-04 7.64986841e+01 1.37001293e+01
 -7.47591040e+00 1.87496741e-03 -2.08093289e+00 -1.30862384e-03 -2.47098125e+02 1.36984435e+01
 5.98421451e+00 6.84268074e-03 -2.95784182e-01 3.78959191e-03 -1.68195374e+01 1.37011256e+01
 3.05005616e+01 1.60943242e-02 -1.16806042e+00 -4.14835883e-03 -2.74767359e+02 1.37062363e+01
 1.72779498e+00 -2.61146378e-04 -4.46812421e-01 -7.77391686e-04 -5.82562508e+02 1.37002686e+01
 -4.86932232e+00 7.44110541e-03 3.78192203e-01 -1.92428409e-03 -1.32815844e+02 1.36991534e+01
 -1.46308286e+01 2.99408396e-03 -4.51917399e-01 -3.74841128e-04 5.03216474e+01 1.36969222e+01
 1.53711745e+01 1.07180098e-02 3.87189212e-01 9.26335550e-03 -1.23310155e+02 1.37032661e+01
 2.51688442e+00 -3.65833181e-03 -7.27908798e-02 3.39572795e-04 2.80770063e+02 1.37002491e+01
 5.81788933e+00 5.17651043e-03 9.60987357e-01 5.87177785e-03 1.98665799e+02 1.37011212e+01
 3.82068516e+01 -1.23434979e-02 2.85601179e+00 -1.75140908e-02 -2.10069907e+02 1.37075296e+01
 1.04934320e+01 -7.88838836e-03 -1.44493066e+00 5.60890885e-03 1.53881852e+02 1.37021310e+01
 1.10667218e+01 -4.69554905e-03 -1.11028817e+00 5.15303012e-03 -6.19487256e+02 1.37019932e+01
 -1.13326740e+01 1.84658062e-03 4.51907256e-01 2.63271330e-03 1.46797656e+02 1.36979260e+01
 -2.28329610e+01 -9.81536994e-04 8.47090737e-01 1.19197246e-03 6.78394797e+00 1.36957183e+01
 -1.89180112e+01 1.83012927e-02 3.36984286e-01 7.72386938e-04 2.65516402e+01 1.36964371e+01
 -1.15283622e+01 1.20501099e-02 -2.13564628e+00 -1.52531742e-02 -4.08966022e+02 1.36980315e+01
 -1.29947438e+01 -3.06273059e-03 -1.21988567e+00 2.93023189e-03 -3.92339776e+02 1.36976136e+01
 8.61252368e-01 -3.87111494e-03 1.20476064e+00 -5.99084161e-03 -3.51150888e+02 1.37002549e+01
 -1.79924167e+01 -4.01693543e-04 1.14760819e+00 1.80618243e-03 1.66482489e+02 1.36967420e+01
 -6.37804814e+00 1.21985768e-03 -1.85979182e-01 3.58295973e-03 1.97390821e+02 1.36984811e+01
 3.95647148e+00 7.32324443e-03 -8.87684196e-01 -8.04563137e-03 2.37738069e+02 1.37008943e+01
 4.00887747e+00 8.83774923e-03 9.02321581e-01 -5.24741345e-03 -6.73460899e+02 1.37008392e+01
 -5.82431940e+00 -2.52728165e-03 8.89985980e-02 2.70988074e-03 -1.53912139e+02 1.36987358e+01
 -1.04197151e+01 -4.62633611e-03 -7.69307155e-01 1.77198512e-03 -2.26931878e+01 1.36975472e+01
 -3.67025488e+00 7.32068651e-03 2.53782442e-02 1.99723483e-03 -3.93631758e+02 1.36996280e+01
 2.43156943e+01 8.05047656e-03 1.01419745e-02 5.58897414e-03 -7.42725525e+01 1.37047993e+01
 2.08323571e+00 -8.33011837e-03 2.77579310e+00 8.05394752e-04 -6.75565176e+02 1.37003832e+01
 -2.45789748e+01 -6.93093505e-03 1.30233070e+00 1.11604963e-02 1.61834181e+02 1.36949745e+01
 -2.22393212e+01 -4.17760821e-03 1.48388275e+00 -4.34937232e-04 -2.86855115e+02 1.36955953e+01
 1.01240425e+01 -1.16542891e-02 8.04886701e-01 3.39340058e-03 4.90204006e+01 1.37019370e+01
 2.94352073e+00 -4.51298332e-03 7.87139565e-01 3.11250297e-03 -2.53494044e+02 1.37004215e+01
 -3.13392263e+00 -9.01373865e-03 -3.10978419e-01 -6.09736034e-03 -2.40244005e+02 1.36993688e+01
 1.37047922e+01 4.68240129e-03 -4.13791869e-01 -2.70129128e-03 5.50901083e+02 1.37025346e+01
 -5.54934526e+00 -2.39024340e-03 1.60204489e+00 -9.39314755e-04 -4.54373882e+02 1.36990281e+01
 2.65107452e+00 -1.66228734e-03 -2.87982470e-03 1.06398626e-02 2.51835420e+02 1.37006193e+01
 8.04442937e-02 1.03307479e-02 -1.45314359e+00 -6.44881963e-04 -1.49094306e+02 1.37002088e+01
 4.21328806e+00 3.90465234e-03 -5.55398939e-02 -3.23072193e-03 3.04040868e+02 1.37007971e+01
 -8.75524464e+00 -1.57944584e-02 1.11097848e+00 -5.50531543e-03 -1.74860336e+02 1.36985454e+01
 -9.05615862e+00 -1.95759803e-03 -6.55330682e-01 1.59132224e-02 4.76213044e+02 1.36984106e+01
 -7.34592384e+00 8.25107348e-03 5.60117136e-02 -1.71508666e-03 -7.17004583e+01 1.36986027e+01
 2.48194944e+00 6.13768004e-03 3.25666815e-01 4.93988058e-03 -8.14714704e+01 1.37007479e+01
 -1.53466763e+01 9.02159098e-03 1.47374555e+00 1.33576116e-03 1.58403839e+02 1.36970718e+01
 -3.53374097e+00 6.06357321e-03 -8.23300165e-01 1.57792878e-02 -8.33039906e+01 1.36990798e+01
 -1.29542765e+01 -6.69106256e-03 -3.90400855e-01 -3.89516372e-03 7.12426171e+01 1.36974194e+01
 -1.74884650e+00 1.89601408e-03 -6.33501356e-01 1.81097984e-03 2.40075438e+00 1.36994045e+01
 4.08643011e+01 4.57425955e-03 -6.50520314e-01 5.96252510e-03 2.87382398e+01 1.37083632e+01
 1.43962192e+01 -8.43387158e-04 -1.30214154e+00 -1.08434591e-03 6.60705729e+02 1.37030097e+01
 6.02645851e+00 -4.76156260e-04 -1.29160526e+00 -7.71126473e-03 -8.24497043e+01 1.37011659e+01
 -1.29815884e+01 3.22893205e-03 -1.45530118e+00 -2.72138015e-03 1.89860748e+02 1.36974878e+01
 1.12068440e+01 -5.18447334e-03 -1.86081576e+00 -3.43383069e-03 2.32264509e+02 1.37022027e+01
 1.92712116e+01 -2.61914198e-03 -2.34264732e+00 -8.04132077e-04 3.23440407e+02 1.37038715e+01
 -3.68202609e+00 -3.57031931e-03 2.73359665e+00 -1.79478896e-03 1.59895619e+02 1.36993020e+01
 -5.21430565e+00 3.40441925e-03 2.33424902e+00 5.27976188e-03 8.39551023e+02 1.36989602e+01
 -7.59266039e+00 -9.16443227e-04 -1.61455630e+00 -5.19164625e-03 -1.02859209e+02 1.36986852e+01
 -2.65206176e+01 -7.10111603e-03 -7.59009511e-01 -2.49394887e-04 -5.35474116e+02 1.36947668e+01
 -2.24471224e+00 3.95465642e-04 -7.72433728e-01 4.40413293e-03 -1.64187379e+02 1.36995886e+01
 -1.05613299e+01 6.57223505e-03 -6.88512217e-01 -4.02678949e-03 -3.65908990e+02 1.36976310e+01
 3.07965007e+01 1.49457365e-03 -1.36843259e+00 3.77143605e-03 -1.40205671e+02 1.37060727e+01
 -3.54705403e+00 1.58873502e-03 -9.54119046e-01 5.08505427e-03 -4.13550437e+02 1.36995301e+01
 2.82276107e+00 1.15615009e-02 -2.15564153e+00 -3.30234375e-03 1.50790089e+02 1.37003952e+01
 -3.18607317e+01 3.77571641e-03 4.50620814e-01 -8.89836923e-03 5.05122926e+02 1.36940952e+01
 -2.22663662e+01 -1.32109495e-03 -2.25158603e+00 7.20607087e-03 2.03367942e+02 1.36958667e+01
 -1.37263902e+00 4.46961412e-03 5.33076699e-02 1.61383307e-03 5.87158282e+01 1.36996822e+01
 2.17324084e+01 -4.43716587e-03 -2.13795899e-01 9.03972631e-03 1.90830247e+02 1.37042430e+01
 -6.21625020e+00 6.88022499e-03 7.74626500e-01 -1.38452512e-03 4.00811924e+02 1.36986701e+01
 2.78125499e+00 6.63985975e-04 1.42087573e-01 2.42090779e-03 3.08933776e+02 1.37007236e+01
 1.77743200e+01 8.34017466e-03 -2.75058680e-02 9.15579392e-03 2.83616742e+02 1.37034542e+01
 -5.78374980e-01 9.72987528e-04 1.53935274e+00 7.70516986e-03 -1.28272369e+02 1.36998833e+01
 -2.52850298e+01 -5.05876924e-03 -1.77008312e+00 6.21974446e-03 3.11916296e+02 1.36952789e+01
 2.43655638e+00 1.47258385e-02 -1.06719694e+00 6.52806227e-03 6.55799980e+02 1.37003375e+01
 -1.29352392e+00 4.86497711e-03 -9.73232287e-01 8.03567241e-04 5.83537392e+02 1.36995216e+01
 1.33360795e+01 -5.31010930e-03 9.32081946e-01 1.60085616e-03 3.91359838e+02 1.37028611e+01
 -7.91822272e+00 2.88900672e-03 -1.30165040e+00 6.49215506e-03 -6.55995532e+01 1.36980913e+01
 -5.47640368e+00 1.15271786e-02 1.67426282e+00 -9.69682611e-04 -2.12240448e+01 1.36991641e+01
 -1.02210385e+01 -2.17110137e-03 -2.14813460e-02 -9.78496570e-03 1.62132955e+02 1.36981663e+01
 -1.83648828e+01 5.98686872e-03 -3.04688588e+00 1.59251110e-03 -1.56439475e+02 1.36961340e+01
 -1.99729525e+01 -1.26089197e-03 -3.31119773e-01 1.39464641e-03 -3.24007027e+01 1.36962732e+01
 1.66662978e+01 -7.94508694e-03 -2.00065891e-01 -1.23323217e-02 2.61548727e+02 1.37032671e+01
 -3.17388357e+01 6.75327844e-03 8.41760305e-01 -2.15872277e-03 -3.00518867e+02 1.36932639e+01
 -7.40506606e+00 8.37139757e-03 -1.61215990e+00 -8.32612097e-03 -1.68253616e+02 1.36983589e+01
 -4.64440791e-01 -2.21524782e-03 -2.26652502e+00 -9.89622680e-03 4.31976066e+02 1.37000062e+01
 1.29596588e+01 -1.17163766e-02 1.96326211e+00 -3.63261572e-03 1.98508139e+01 1.37024976e+01
 -1.01023851e+01 8.96829078e-03 1.30535995e+00 8.81450358e-03 4.88390605e+02 1.36978860e+01
 -1.40611899e+00 7.60040915e-03 -7.53884436e-02 3.02495924e-03 -3.21184803e+01 1.36994164e+01
 -1.03101229e+01 -5.85838103e-03 -2.96064709e-01 -6.54909781e-03 -1.77754297e+02 1.36981615e+01
 1.72695288e-01 -2.02731905e-03 -8.15648902e-01 1.83770486e-03 2.68691914e+02 1.37002218e+01
 2.50358945e+01 2.72969062e-03 1.39243267e-01 -6.53148218e-03 -3.97142236e+01 1.37049883e+01
 2.12889101e+01 1.16898404e-03 -8.50310709e-01 -2.96018058e-03 -2.44914953e+02 1.37041880e+01
 7.25386427e+00 6.66127006e-03 8.70116127e-01 -2.15541557e-03 -5.61152713e+02 1.37014578e+01
 1.33696392e+01 -5.40578254e-04 -3.58021836e-01 -3.41868599e-03 2.19530425e+02 1.37026168e+01
 1.82564535e+01 8.09587940e-03 6.93536517e-01 -1.62284040e-03 4.04409723e+02 1.37033160e+01
 -1.72897363e+01 -5.91749771e-03 -6.61262938e-02 -5.52954404e-03 -3.29968107e+01 1.36964103e+01
 1.39578965e+01 1.60373397e-02 1.29641209e+00 4.37397416e-03 3.23485397e+02 1.37027040e+01
 2.93613368e+01 1.15684891e-03 -2.43011506e+00 1.55441087e-03 1.53542296e+02 1.37061686e+01
 -2.44603996e+01 5.25514621e-03 -1.55050217e-01 7.91484961e-03 -1.98424808e+00 1.36951420e+01
 1.01662442e+01 -8.27908853e-03 3.55393334e-01 -1.13925301e-03 -2.41443267e+02 1.37021657e+01
 5.04535149e+00 -3.43951513e-03 8.99051414e-02 -8.93175121e-03 -3.27284832e+00 1.37010421e+01
 -1.61029715e+01 1.04529470e-02 -7.82910209e-02 -1.58518259e-03 3.46799467e+02 1.36966960e+01
 -7.97573408e+00 8.41948665e-04 -3.32780480e-01 1.26232638e-02 -2.74994280e+02 1.36980425e+01
 1.45928746e+01 -1.11274347e-02 3.32674080e-01 -6.60405890e-03 1.90028489e+02 1.37027315e+01
 1.52611070e+00 8.47071326e-03 1.09099944e+00 -3.75850734e-03 7.49050706e+01 1.37001459e+01
 -8.45206358e+00 1.14000430e-02 -1.99353172e-01 -5.23522137e-03 1.77115842e+02 1.36981800e+01
 1.26993225e+01 8.82052680e-03 -1.73154325e+00 -9.82763940e-05 -1.66224207e+01 1.37025503e+01
 -1.44024867e+00 -9.91433625e-03 -1.62262511e-01 4.29144350e-04 1.47004324e+02 1.36999516e+01
 8.92306675e+00 1.25383692e-03 -2.54891318e-01 2.58208913e-03 3.47811365e+02 1.37021191e+01
 -1.06847078e+01 -2.38892947e-03 -6.33632508e-01 3.10462152e-03 -3.00649611e+02 1.36979691e+01
 3.68742937e+01 -6.52211787e-03 -3.37892678e-01 -3.95527564e-03 3.37286538e+02 1.37072972e+01
 6.08788435e+00 4.48796025e-03 -5.62337154e-01 -1.08928677e-02 -3.54951881e+02 1.37016158e+01
 1.97645083e+00 -7.13239243e-04 1.69182856e-02 1.35569400e-02 7.90433859e+01 1.37005403e+01
 -2.02555969e+00 1.31811104e-02 -1.21908667e+00 -4.34573119e-03 -2.06867189e+02 1.36995011e+01
 4.99710024e+00 -1.01516312e-02 5.66329055e-01 1.11073162e-03 -5.17888495e+02 1.37010349e+01
 9.81112516e+00 -5.03816743e-03 -3.08375422e-01 -1.51954510e-04 2.46213892e+02 1.37017573e+01
 1.04010917e+01 -2.92022473e-03 6.34974360e-02 4.83395720e-03 -2.77350340e+02 1.37019078e+01
 1.40526221e+01 -1.12203949e-03 -1.32223490e-01 2.87534018e-03 3.99810057e+02 1.37027061e+01
 1.51709875e+00 -4.10842234e-03 1.44938563e+00 -1.49650736e-03 -7.08892942e+02 1.37003350e+01
 -3.63813917e+00 -2.47215598e-03 8.48137845e-02 -3.12076267e-04 -7.14330619e+01 1.36991826e+01
 -8.82370612e+00 5.27261212e-03 -4.07892774e-01 7.29622577e-03 -9.28469141e+01 1.36980399e+01
 8.65234906e-01 7.18309911e-03 1.36325965e+00 1.41392870e-03 -2.66531094e+02 1.37003272e+01
 1.77314453e+01 5.40564759e-03 -1.08774516e+00 -7.18652715e-04 1.56631164e+01 1.37035281e+01
 3.18812917e+00 9.64508203e-03 -3.50670017e-01 5.22490467e-03 -2.94767527e+02 1.37006814e+01
 -9.68183455e-01 -8.85285178e-05 -1.06369861e+00 8.68188074e-03 3.81173934e+00 1.36996214e+01
 -1.62528048e+01 1.03830585e-03 -3.61986527e-01 -2.86404479e-03 2.39842054e+02 1.36964400e+01
 1.18554068e+01 -7.37649043e-04 1.19324820e+00 3.69807698e-03 1.03331275e+02 1.37023043e+01
 -8.17978899e+00 6.28406297e-03 -8.65620963e-01 1.97383095e-03 4.27275175e+02 1.36983271e+01
 -5.11820211e+00 -7.15671668e-03 -1.43994932e+00 2.61660908e-03 -1.41388390e+02 1.36988767e+01
 2.67312730e+00 -1.11380063e-02 -5.82165215e-01 -1.79694412e-03 2.06780410e+02 1.37007250e+01
 -4.95224236e+00 1.76820712e-03 2.64291525e-01 5.31861862e-03 -2.55691113e+02 1.36991750e+01
 -8.55550922e+00 1.23757710e-03 7.64273472e-02 5.01646240e-03 2.37027952e+02 1.36986057e+01
 1.30533334e+01 -2.29645287e-03 7.40426864e-01 8.47121296e-03 2.41012513e+02 1.37022764e+01
 7.43863384e+00 7.33360929e-03 3.74836192e-01 -3.00105339e-03 -4.86525865e+02 1.37015568e+01
 -1.64424549e+00 3.97033939e-04 -2.89130489e-01 5.89746727e-03 -3.63316029e+02 1.36997352e+01
 -1.28797452e+01 3.20188477e-04 -2.37393630e-02 7.68114949e-04 2.80414266e+02 1.36974169e+01
 -1.66712061e+01 1.08986194e-02 -1.47256029e+00 5.30356301e-03 -2.37559537e+02 1.36968658e+01
 2.66926345e+00 5.24455481e-03 -5.38925575e-01 -7.98903567e-03 1.28699997e+02 1.37007862e+01
 1.46016154e+01 -2.22669937e-03 -8.34890180e-01 7.51904142e-03 3.59122296e+02 1.37030781e+01
 -6.89218620e+00 8.41110018e-03 1.13159385e+00 -3.89614025e-03 3.85494802e+01 1.36984815e+01
 1.21309904e+01 8.98701570e-04 2.70431363e-01 3.27375609e-03 5.23014762e+02 1.37025337e+01
 -3.49761200e+00 1.41928780e-02 -2.27462710e+00 1.33897334e-02 -1.47576819e+02 1.36995056e+01
 2.86333383e+01 3.74645523e-04 -5.70609139e-01 1.98859905e-03 -2.21908882e+02 1.37057869e+01
 1.18323128e+01 -9.14346340e-03 -1.37359810e+00 8.90233092e-03 -1.94293867e+02 1.37024958e+01
 1.24597480e+00 -5.18850564e-03 9.89763469e-01 2.87832669e-04 -2.60190565e+02 1.37003660e+01
 -7.39296086e-01 -7.38617149e-03 -4.58232282e-01 2.32572632e-03 -2.57259557e+02 1.36999563e+01
 -1.04133002e+01 2.17073546e-03 5.70884749e-01 -8.40405124e-04 2.20708247e+02 1.36982073e+01
 -2.32730856e+01 -6.43052882e-03 8.92525889e-01 -4.86806145e-03 1.18536922e+02 1.36952664e+01
 3.60652684e+00 -6.85069593e-03 -4.84696015e-02 -3.72103636e-03 -8.81979208e+02 1.37006805e+01
 -8.46323686e+00 -9.42659007e-04 8.27192896e-01 -3.57386959e-03 -1.04102969e+02 1.36983162e+01
 -1.26257548e+01 4.81940143e-03 -1.14322402e+00 7.06135464e-03 -2.23346722e+02 1.36979569e+01
 2.32362059e+00 -1.81228617e-03 1.03240428e+00 9.45849644e-03 1.64015565e+02 1.37003035e+01
 2.76209632e+01 -5.19797482e-03 1.05400303e+00 4.51904478e-03 1.35253494e+02 1.37053960e+01
 -4.85287911e+00 4.32770323e-03 1.06882975e+00 -4.57948592e-04 1.15878677e+02 1.36990668e+01
 1.80531625e+01 -1.07798587e-02 9.02779978e-04 6.09959020e-03 1.59444914e+02 1.37039920e+01
 -3.17856868e+01 3.55694517e-03 -1.36337202e+00 -9.47593538e-03 3.10544441e+02 1.36935987e+01
 7.20509166e+00 -4.94056054e-03 -4.54748567e-01 1.21358617e-03 2.73492139e+02 1.37013536e+01
 -9.24593279e+00 -2.08880929e-03 -1.49523279e+00 -1.48315051e-02 -2.17581630e+02 1.36984642e+01
 2.04194002e+01 1.05528510e-02 -1.13086030e+00 4.83387039e-05 1.68195782e+02 1.37040503e+01
 1.70615611e+01 -1.72775774e-03 1.54118239e-01 1.14287362e-03 -1.58837411e+01 1.37036679e+01
 -3.87631659e-01 6.54912576e-04 -3.48384348e-01 -2.38639276e-03 5.12574594e+02 1.36999403e+01
 9.03630651e+00 1.72706351e-03 -4.60025926e-01 9.34077426e-03 3.19515354e+01 1.37018802e+01
 -8.96080427e+00 -6.90351460e-03 1.15757617e+00 -2.35345054e-03 3.21099945e+02 1.36980197e+01
 -1.41745382e+00 4.28341774e-03 -1.31981776e+00 6.83629522e-03 1.52287263e+02 1.36999057e+01
 2.94677113e+01 -4.74799920e-03 1.07839061e+00 -5.22303473e-03 -1.29899742e+02 1.37059344e+01
 2.08964105e+01 -5.81569994e-03 -8.76204290e-01 2.09075468e-03 8.60304415e+02 1.37040147e+01
 -1.65690164e+01 -8.22638378e-03 -2.14994245e+00 -9.00703694e-03 3.14633931e+02 1.36967000e+01
 -5.75177871e+00 8.68568125e-04 1.68149662e+00 8.99804153e-03 -1.28202138e+02 1.36993431e+01
 -1.13822372e+00 -1.48399103e-02 -6.28868069e-01 9.72835855e-04 -1.11745270e+02 1.36996012e+01
 2.37334090e+00 -4.52764120e-03 1.22633718e+00 -4.09688979e-03 1.09528267e+02 1.37005605e+01
 1.75925795e+01 -5.76215834e-04 -3.78825830e-01 2.90793088e-03 -7.23533549e+01 1.37035577e+01
 1.56984804e+00 1.52492276e-03 -7.53960926e-01 1.46028282e-03 1.59505499e+02 1.37000444e+01
 -9.48442964e+00 -7.91618936e-03 -4.83009771e-01 6.41827269e-03 2.97407913e+01 1.36982927e+01
 2.16566511e-01 -1.38354880e-03 1.85771616e-01 6.28096378e-03 7.05900412e+02 1.36998776e+01
 -1.44261800e+01 -4.04796347e-03 1.51039620e+00 2.90901441e-03 -1.18878153e+02 1.36971439e+01
 -2.38189653e+01 -3.35860629e-03 4.18528622e-01 -3.76698717e-03 -3.04942734e+02 1.36952498e+01
 -2.28107109e+01 -7.94078787e-05 -1.65505815e+00 5.08698610e-03 -8.60895449e+00 1.36954228e+01
 -2.16239690e+01 4.22901360e-04 5.18696352e-02 2.02843139e-04 -1.86712564e+02 1.36959790e+01
 -1.51767903e+01 -1.09812403e-02 1.82201254e+00 4.81155171e-05 -1.88515943e+02 1.36972213e+01
 1.64786475e+01 6.09498977e-03 1.43508958e+00 -3.79035095e-03 -1.71506731e+02 1.37032636e+01
 -2.05673803e+01 -5.04124967e-04 -7.25540326e-01 4.92930637e-03 -4.65412860e+01 1.36961185e+01
 6.12367200e+00 -5.23471091e-03 1.59056786e+00 6.50888150e-03 -3.74253590e+01 1.37012061e+01
 8.20725113e+00 6.74571526e-03 3.68848954e-01 -9.68231170e-03 -1.42852016e+01 1.37017580e+01
 1.46215632e+01 -9.04358905e-03 -4.61652773e-01 7.55685494e-03 -6.50657044e+01 1.37032650e+01
 -8.42578118e+00 -4.49667761e-04 1.61583931e+00 -5.64333403e-03 9.25341316e+01 1.36985263e+01
 -5.91997946e+00 -2.96029987e-03 2.93016436e-01 6.46498837e-03 1.44260455e+02 1.36991598e+01
 -2.32670670e+01 -4.61474506e-03 -1.11176470e+00 8.47022772e-03 -4.31412869e+01 1.36958645e+01
 -1.55692065e+01 2.75807715e-03 1.59517488e+00 -2.63192954e-04 4.93258403e+01 1.36969586e+01
 6.50633675e-01 2.24162080e-04 8.64614792e-01 -5.60370649e-03 2.22597334e+02 1.36998923e+01
 -1.57516636e+01 -1.26337861e-02 2.19358468e+00 -5.97955794e-03 1.73067137e+02 1.36966107e+01
 2.10408319e+01 -1.01199497e-03 2.49673949e-01 -5.68113840e-03 -1.32834274e+02 1.37042921e+01
 6.01548791e+00 -7.84617441e-03 -4.51292221e-01 6.20920400e-03 7.09174389e+02 1.37011879e+01
 -1.42217938e+01 -9.95469563e-03 8.31906110e-01 -5.04819216e-03 -1.44512205e+01 1.36969998e+01
 -4.09851300e+00 7.45141883e-03 3.15788241e-01 -5.54443046e-03 -1.09057998e+02 1.36990565e+01
 -2.41145563e+01 -1.86241116e-02 -9.95644823e-02 2.66406515e-03 8.02488230e+01 1.36949135e+01
 5.75826311e+00 -1.21907704e-03 -1.83807262e+00 -8.65445563e-03 -2.49682824e+01 1.37013066e+01
 3.22607583e+01 -7.23560328e-03 -6.03492421e-01 -2.36148848e-03 6.53343866e+01 1.37066562e+01
 1.40585820e+01 -6.97137958e-03 -8.34853834e-01 -2.85088596e-03 1.70175916e+02 1.37028656e+01
 7.99093513e-01 8.43234198e-03 -8.38298094e-01 3.02951149e-03 7.29118272e+00 1.36999728e+01
 -1.30064418e+01 -4.27001890e-03 9.52496122e-01 2.02913578e-03 -9.18276366e+01 1.36972249e+01
 -1.18118839e+01 -8.69504349e-03 -3.31027758e-01 1.36995989e-02 2.88189975e+02 1.36977200e+01
 6.06279726e+00 1.90381193e-04 7.96914302e-02 -1.16049151e-02 -1.13546423e+02 1.37009803e+01
 -2.37072335e-01 -3.86959057e-03 -3.53485230e-01 2.28250182e-03 -6.82973808e+02 1.36998583e+01
 -2.28843303e+01 2.33767088e-04 1.56046068e+00 4.05698630e-04 -2.31277784e+01 1.36955054e+01
 4.30881193e+00 5.67277692e-04 4.61123789e-01 3.31196453e-03 3.99815757e+02 1.37008025e+01
 5.48462860e+00 -1.40670152e-02 9.54572399e-01 -1.56768587e-03 4.77983001e+02 1.37008265e+01
 -2.61408908e+00 -9.36040387e-03 2.07634979e+00 4.16081794e-03 2.05424124e+01 1.36994739e+01
 -1.76551409e+00 1.19332122e-02 -6.50177052e-02 -2.98241982e-03 -1.74614003e+01 1.36997801e+01
 -2.25720552e+01 -5.62281916e-03 -1.67752459e+00 -2.73715466e-03 1.53834978e+02 1.36956734e+01
 -1.51910954e+01 1.30083182e-03 3.36373132e-01 4.64271384e-03 -2.89859402e+02 1.36973868e+01
 5.73735153e+00 -4.69949370e-04 -2.99069476e-01 -5.17376387e-03 3.34218837e+00 1.37010789e+01
 -4.83243314e+00 9.20471657e-04 -2.03303127e-02 -4.32475818e-04 -2.72827409e+02 1.36988047e+01
 -1.11357243e+01 1.37262478e-02 4.48953608e-02 -1.42812205e-03 -1.46904707e+02 1.36980035e+01
 -6.45981469e+00 -3.38649621e-04 1.75506012e+00 -2.59762502e-04 4.17251724e+02 1.36987262e+01
 -3.45086406e+00 1.88740925e-03 9.17293245e-01 8.19728798e-03 -1.00109998e+02 1.36997566e+01
 1.63262556e+01 2.79997690e-03 -2.19750580e-01 -2.79216805e-03 5.46884734e+02 1.37034984e+01
 2.45348107e+01 -1.10636962e-03 3.15917120e-01 -4.50264229e-03 -2.69596727e+01 1.37050104e+01
 6.86365424e+00 -8.13097078e-04 1.98810086e+00 2.18860171e-03 -2.54975492e+02 1.37016367e+01
 -2.66305803e+00 -5.80939560e-03 -1.31653401e+00 -1.79883735e-03 1.81386237e+02 1.36993702e+01
 1.44905691e+01 -8.35883560e-03 7.65244659e-01 -1.84151738e-03 3.70699137e+02 1.37027125e+01
 -1.17933734e+01 -1.25274554e-03 -7.03699641e-01 -3.78124127e-03 2.11297496e+02 1.36977716e+01
 -5.72270796e+00 -2.48969508e-03 1.86345628e-01 1.89263589e-03 -2.97657044e+02 1.36988176e+01
 1.78259695e+01 7.17571270e-03 3.60184617e-01 7.33258849e-03 -1.84792008e+01 1.37036367e+01
 2.31169154e+01 8.22955730e-03 2.08685176e+00 -1.23595802e-02 2.06754671e+02 1.37048337e+01
 7.54141719e+00 -7.56725072e-03 3.08558188e-03 -4.26166382e-04 -1.95956990e+02 1.37014578e+01
 -9.91302114e+00 5.61022172e-03 2.47984219e-01 -1.46317901e-03 2.89038332e+02 1.36979402e+01
 1.87803005e+01 4.10039328e-03 3.87826905e-01 -4.85220400e-04 -5.83522471e+01 1.37039397e+01
 -1.07179153e+01 -2.06238735e-03 -7.81750558e-01 -8.42436300e-03 -2.75283134e+02 1.36980811e+01
 1.74954640e+00 1.19006809e-02 -7.00746142e-01 1.12593246e-02 -4.31939740e+01 1.37003428e+01
 1.15922732e+01 -5.67400673e-03 7.08371145e-01 1.74543316e-02 -7.62738742e+01 1.37024919e+01
 -4.56406057e+00 7.29833926e-03 1.91595813e-01 3.33805916e-04 5.19625773e+02 1.36992253e+01
 -5.27025376e+00 -2.55912251e-03 1.00587196e+00 5.17473212e-03 1.49603699e+02 1.36989247e+01
 8.17504037e+00 1.31114991e-03 2.43105319e+00 -2.89137512e-03 -1.13345289e+02 1.37016876e+01
 -2.31111115e+01 -1.20445775e-02 2.28276785e+00 -8.82413818e-03 -3.24293248e+02 1.36954164e+01
 3.95868232e+01 5.32264166e-03 -2.32628822e+00 -2.54265254e-03 -3.79818219e+00 1.37076829e+01
 3.35039630e+00 1.34658681e-03 -5.18025714e-01 1.01695487e-03 1.63412227e+02 1.37008179e+01
 1.98196211e+01 6.59319241e-04 1.15002623e+00 8.06176516e-03 -3.73123347e+01 1.37042902e+01
 1.97179896e+01 9.13288972e-04 -7.03824884e-01 6.17874720e-03 4.38136924e+01 1.37038014e+01
 -1.63167690e+00 4.42811180e-03 7.40521822e-01 4.20501936e-03 2.79461098e+02 1.36999808e+01
 9.14191898e+00 2.23652666e-03 2.66129173e-01 1.39134418e-03 4.53835849e+02 1.37018861e+01
 1.84931580e+00 -1.80311902e-03 -8.74803490e-01 4.48531103e-03 -1.55780249e+02 1.37005048e+01
 -1.01411849e+01 -5.51080149e-03 -1.07599652e+00 -9.53092423e-03 -5.33843953e+01 1.36979938e+01
 1.55848689e+01 -8.38300696e-03 4.87207021e-01 2.55117156e-04 2.82443680e+02 1.37030658e+01
 4.46059845e+00 2.29114629e-03 2.93993777e-01 7.29021064e-03 -5.97180778e+01 1.37010562e+01
 -9.91587432e+00 -1.04768680e-02 -7.12465051e-01 -4.75181839e-04 9.01622658e+01 1.36980019e+01
 9.75050830e+00 -5.26239909e-03 -1.17785548e+00 2.28633332e-03 1.31189402e+02 1.37023670e+01
 2.16487485e+01 -3.06912041e-03 -3.11026971e+00 -1.23022864e-02 -3.97132858e+02 1.37041173e+01
 9.48483572e+00 1.26467073e-02 5.65309003e-01 5.38681997e-04 -3.19338856e+02 1.37016238e+01
 -1.27346364e+01 3.72726707e-04 -1.33508775e-01 6.23988016e-03 -1.20833629e+02 1.36976903e+01
 2.11285733e+01 -7.77878704e-03 -1.12487169e-01 -1.15284349e-02 -2.37767053e+01 1.37039913e+01
 8.72623922e+00 -1.10525710e-03 -8.76061460e-01 -1.07162716e-03 5.43069623e+01 1.37017567e+01
 1.80992904e+00 -1.04620901e-02 -8.57206550e-01 -6.03328444e-03 3.19566595e+02 1.37002992e+01
 -7.54597534e+00 5.92449262e-03 1.94998813e+00 -1.50680735e-03 6.17558341e+01 1.36984501e+01
 -6.97790710e+00 -5.25554438e-04 5.04344071e-01 -6.34467482e-03 2.78072896e+02 1.36987030e+01
 -1.29440004e+01 1.58707947e-03 -1.24256253e+00 -4.55158219e-03 -4.66414091e+01 1.36977009e+01
 1.69635775e+00 -4.05597278e-03 3.62443805e-01 -7.80226656e-03 4.46281035e+01 1.37000583e+01
 7.10305202e-01 -1.91525239e-03 -3.89607301e-01 -1.40706320e-03 2.99685821e+02 1.37001478e+01
 -2.94342914e+00 -9.56826304e-03 5.44532653e-01 7.92775202e-03 -2.41895920e+01 1.36995383e+01
 7.06822385e+00 -1.19450278e-02 3.93459507e-01 2.83298713e-03 -4.06896792e+02 1.37011812e+01
 2.07841058e+00 -5.53920155e-04 -1.07126495e+00 -4.00148495e-03 -2.04972772e+02 1.37002765e+01
 1.65169125e+01 -2.47446814e-03 6.93234261e-01 4.52314213e-03 -3.62379061e+02 1.37034161e+01
 -4.18642961e+00 -7.68275652e-03 -1.10026305e-01 6.89731459e-03 3.86663484e+02 1.36993786e+01
 -1.55636095e+00 1.06391722e-02 -2.57186682e-01 6.22991187e-03 3.49085468e+02 1.36995327e+01
 -3.51238129e+01 -4.52561640e-03 1.07419213e+00 3.32622887e-03 -2.79269819e+02 1.36925191e+01
 1.91977932e+01 5.03700166e-03 -2.13588711e-01 2.71119693e-03 -2.95036464e+02 1.37038475e+01
 -3.16648305e+01 1.94949516e-03 -5.56341124e-01 -2.07456658e-03 3.99507064e+02 1.36938375e+01
 -9.23097341e+00 3.84140654e-03 1.20816960e+00 4.80970347e-03 -4.76123046e+02 1.36983174e+01
 1.44810530e+00 -1.07622819e-02 -1.25045163e+00 -1.21848111e-02 -4.22230729e+02 1.37007929e+01
 7.87721041e+00 7.74307946e-03 3.60691926e-01 2.79368796e-03 2.98695785e+02 1.37010282e+01
 2.01999859e+00 6.78349659e-03 1.84905411e+00 -6.40673998e-04 -2.68634428e+02 1.37005328e+01
 -1.12854285e+01 3.88725489e-03 4.64753734e-02 -3.93154832e-03 -3.88441323e+01 1.36980261e+01
 1.20146385e+01 -2.24533148e-03 1.19506169e+00 -7.01409935e-03 -4.93412136e+02 1.37023748e+01
 6.40994276e-01 -1.14655601e-02 3.20488882e-01 1.40172728e-03 9.17519992e+01 1.36998860e+01
 8.04165985e-01 -2.32021308e-03 -6.81823826e-01 4.82236208e-03 -1.85711768e+02 1.37000420e+01
 2.56621107e+00 -3.74766284e-03 -1.71183732e+00 -8.72012554e-03 2.19346878e+02 1.37007146e+01
 -8.34716498e+00 7.96644734e-03 -2.95854494e+00 1.70405857e-03 6.82729750e+02 1.36985621e+01
 9.98009558e+00 5.77953746e-03 -2.12680014e+00 -4.09333426e-03 1.45508816e+02 1.37020332e+01
 -1.63001343e+01 4.63541809e-03 -8.08474920e-01 -8.12114601e-03 -2.70361250e+02 1.36967455e+01
 -2.74435943e-01 -1.86092458e-02 7.64369661e-01 -1.36477383e-03 3.58775213e+02 1.37000114e+01
 -1.65923964e+01 6.33496640e-03 -2.27619151e-01 1.10394982e-03 -1.52665990e+01 1.36965235e+01
 5.92725004e+00 -1.19972187e-02 3.72309393e-01 -5.23468956e-03 9.43814901e+01 1.37010012e+01
 1.37834598e+01 7.65712987e-03 3.54400391e-01 -8.63559579e-03 1.22953361e+02 1.37027714e+01
 3.68298022e+00 5.26011559e-04 -8.75475979e-02 -2.45235442e-03 -5.00962764e+02 1.37005996e+01
 -8.53765070e+00 -6.77697421e-03 1.10622543e+00 -2.92834628e-03 -2.23296459e+02 1.36985549e+01
 -5.36733060e+00 -1.00571116e-03 -6.97559608e-01 9.66632895e-03 -4.30803210e+02 1.36992073e+01
 -1.65661340e+01 9.94100837e-04 -6.11298580e-01 -1.10110092e-03 -3.59078846e+02 1.36969911e+01
 1.57858901e+00 1.18902987e-03 3.25173301e-02 1.13089852e-02 -1.36911340e+02 1.36998915e+01
 1.33620479e+00 3.78129419e-03 -2.00273200e-01 -2.88541805e-03 6.61986560e+01 1.37003240e+01
 -4.47730513e+00 -8.63853520e-04 1.90444579e-01 4.75454770e-03 2.81601095e+02 1.36991699e+01
 -1.21470012e+01 -1.50638665e-02 9.83239816e-01 -1.01636472e-02 9.72635130e+01 1.36977340e+01
 -1.81476967e-01 3.02910852e-04 2.37196812e+00 3.28188664e-03 -3.64089166e+02 1.37000317e+01
 -9.92626966e+00 -9.73123108e-04 5.18686079e-01 -5.51553515e-03 -4.15742081e+02 1.36979375e+01
 6.75395981e-01 4.65422966e-03 -1.38534681e+00 -5.26569698e-04 -2.77075016e+02 1.36996461e+01
 -2.47146080e+00 5.11833636e-04 7.47774609e-02 -1.68424442e-03 -2.00052046e+02 1.36997313e+01
 6.53867263e+00 2.47958684e-03 5.78516163e-01 -3.64833599e-03 -2.81284817e+02 1.37011584e+01
 -1.92497243e+01 3.17824741e-03 -1.20102988e+00 8.19155103e-04 -1.96896097e+02 1.36960634e+01
 5.81788018e+00 4.70084488e-03 -1.42521621e+00 -3.22819392e-03 -2.13462648e+02 1.37012565e+01
 -7.06002634e+00 -2.30238003e-03 1.69776282e+00 -7.21494394e-03 1.25373832e+02 1.36989038e+01
 -1.33439359e+01 7.98915877e-03 1.33403585e+00 7.09086521e-03 -3.98383619e+01 1.36972378e+01
 2.28536536e+01 -2.65645073e-03 -1.68624423e+00 2.25072935e-03 -1.33954813e+02 1.37043197e+01
 6.07219165e+00 4.73500150e-03 -4.81969424e-01 5.07629081e-03 3.26923097e+02 1.37010648e+01
 6.86540734e+00 -2.59681030e-03 3.81490295e+00 -6.56232192e-03 -4.97612264e+00 1.37010054e+01
 -8.13769190e+00 -7.89739634e-04 -2.05446590e-01 -5.66690631e-03 -1.53571157e+02 1.36982375e+01
 -1.14070901e+01 -4.55678387e-03 -1.25090043e+00 3.84230387e-03 -1.04080228e+02 1.36976253e+01
 9.07448347e+00 -2.44776931e-03 7.58784752e-01 8.99412890e-03 -2.42731599e+02 1.37016275e+01
 -1.42738440e+00 7.40031221e-03 -7.97176288e-01 -3.08145055e-03 -2.09638600e+01 1.36998017e+01
 -9.93215184e+00 6.96652124e-03 -1.03545503e+00 1.78755592e-03 -3.15429974e+02 1.36976548e+01
 1.62653697e+01 -4.74352958e-03 -2.38859481e-01 1.33204297e-02 -5.81243479e+01 1.37033126e+01
 2.20982113e+00 1.71770153e-02 -1.09818859e+00 -1.18423316e-02 5.05128148e+02 1.37005128e+01
 3.59723186e+00 1.45407073e-02 -2.50079546e-01 -8.59431092e-03 -6.64235896e+01 1.37008384e+01
 1.50768475e+01 1.61639958e-03 4.31118820e-01 3.39240029e-04 -8.91576878e+01 1.37028470e+01
 1.83644311e+00 1.80841001e-03 1.63359871e+00 5.36964750e-03 -1.68784106e+01 1.37003856e+01
 2.08305444e+01 -9.10614022e-03 6.24516518e-01 -1.33338193e-03 -3.05588820e+01 1.37045349e+01
 7.90583299e-01 -3.87914708e-03 -5.44947705e-01 8.54133222e-03 -2.84018377e+02 1.37003320e+01
 9.14375420e+00 6.71799728e-03 -3.15972898e-01 5.33805423e-03 5.79430481e+02 1.37014665e+01
 -5.00628140e+00 -2.96244523e-03 4.28235841e-01 1.12513686e-02 -3.28858000e+02 1.36990455e+01
 2.17389071e+01 1.05046708e-02 -1.44768801e+00 -6.49036771e-03 -1.08724925e+02 1.37039957e+01
 -1.82672700e+01 -4.21438246e-06 -7.62056156e-01 5.32578255e-03 -2.44464096e+02 1.36965633e+01
 -3.54586868e+01 2.49312534e-03 -1.28965637e+00 -6.48111077e-03 1.39276410e+02 1.36932092e+01
 -1.15929152e+01 4.57305093e-03 1.70042163e+00 -2.28150718e-03 3.47807943e+02 1.36979561e+01
 4.52485878e+00 -8.80975088e-04 3.21630121e-01 4.16673990e-03 2.10007772e+02 1.37009151e+01
 1.60027366e+01 8.56631677e-03 1.64479687e-01 -1.82988025e-03 6.45982264e-02 1.37031546e+01
 -1.10015654e+01 -1.81597288e-02 -5.28538112e-01 6.00805585e-03 -3.68281812e+02 1.36975604e+01
 7.66892348e+00 -1.24507223e-03 6.86779581e-01 3.09137221e-03 5.14906704e+02 1.37015437e+01
 1.64839553e+01 2.69178518e-03 -1.53345157e+00 -4.91448083e-03 3.54286556e+02 1.37033288e+01
 6.01813876e+00 -1.10586013e-03 -3.80314492e+00 2.40052314e-04 6.06450866e+02 1.37012000e+01
 -1.56222565e+01 3.32542680e-03 7.17248646e-01 7.13263066e-03 -3.52779459e+01 1.36970584e+01
 -4.18850001e-01 5.88435864e-03 1.45375238e+00 -6.54729882e-04 -2.86620456e+02 1.37001152e+01
 1.14271529e+01 -5.34518235e-03 -9.16518317e-02 -2.10534583e-03 -2.89554645e+02 1.37024378e+01
 2.29716882e-01 -6.12292961e-03 -1.61968769e+00 1.74949229e-03 3.13825311e+02 1.36999767e+01
 1.75502615e+01 -3.44546864e-03 4.31294608e-01 5.22132956e-04 1.79614494e+02 1.37033625e+01
 -1.22565078e+01 -2.47296938e-03 3.75971592e-01 -2.36401622e-03 1.54668673e-01 1.36976497e+01
 -3.17936567e+00 2.39971493e-03 -1.45480567e-01 -1.10499129e-02 -4.88744743e+02 1.36994765e+01
 -4.52993420e+00 2.34000130e-03 6.25482857e-01 4.26449299e-03 -2.09117982e+02 1.36988572e+01
 1.08953981e+01 2.77748101e-03 -1.19106835e-02 -1.01677958e-02 2.02063671e+02 1.37022743e+01
 7.18621036e-01 4.99249265e-03 -1.52215739e+00 -6.58496536e-04 7.49999935e+01 1.37000928e+01
 1.75961192e+01 -1.43501094e-02 3.02093297e-01 -2.39715694e-04 6.36262974e+01 1.37034817e+01
 1.92504642e+01 3.18701684e-05 8.20276214e-02 -5.71091457e-03 -5.33037414e+02 1.37038420e+01
 1.27963756e+00 1.79569092e-03 6.16509279e-01 1.99970951e-03 -6.66897431e+02 1.37000723e+01
 7.05546905e+00 1.12004992e-03 1.99634973e+00 1.58496967e-02 -1.45371295e+02 1.37013428e+01
 5.46160720e+00 9.12781373e-03 1.02792049e+00 3.29895859e-03 -2.82459708e+02 1.37011618e+01
 -2.91286408e+00 9.09548036e-04 3.78969656e-01 6.75320740e-05 -1.86398923e+02 1.36994297e+01
 -1.89347026e+00 -1.19493444e-02 -9.02851164e-01 -4.89910735e-03 -2.41991766e+02 1.36997112e+01
 -8.47872084e+00 4.39086497e-03 1.54616599e+00 2.48204182e-03 1.29446702e+02 1.36981859e+01
 1.70529790e+01 3.30228396e-03 1.42554627e+00 -4.76880359e-03 -6.42294600e+02 1.37035748e+01
 -2.91952524e+00 -3.04563455e-04 1.26851736e+00 9.58116753e-03 -4.19799013e+02 1.36995039e+01
 -1.62810255e+01 2.12099964e-03 1.45264420e+00 9.42405558e-03 2.98036161e+02 1.36970823e+01
 -3.44172667e+00 -4.43550231e-03 -1.34057914e+00 -3.87776032e-03 1.37042545e+01 1.36991378e+01
 -1.11860748e+01 -2.61368998e-03 -7.44770063e-01 -7.07332293e-03 1.15890755e+02 1.36976454e+01
 1.28570535e+00 5.50778400e-03 -2.22859816e-01 -3.81513798e-03 1.12255658e+02 1.37000770e+01
 5.19568431e+00 2.44713375e-03 -1.29872356e-01 1.04399155e-02 3.50368885e+02 1.37010784e+01
 4.29164686e+00 6.65820426e-03 -1.05672639e+00 -4.57658629e-03 3.29673519e+02 1.37010316e+01
 -1.25501256e+01 -7.63688637e-03 1.15786695e+00 -5.95575002e-03 -1.86014708e+02 1.36973182e+01
 2.44628478e+01 -3.73272654e-03 4.00398591e-01 -1.68754836e-03 -9.96188386e+01 1.37048543e+01
 -1.58646259e+01 -9.73252267e-03 -1.91878886e+00 -9.64873677e-04 4.47524888e+01 1.36968114e+01
 8.52557096e+00 9.40880421e-03 8.12240415e-01 -8.47885264e-04 1.12402117e+01 1.37019783e+01
 1.32175076e+01 -5.32428633e-03 1.54687710e+00 6.61851475e-03 3.74484596e+02 1.37022729e+01
 2.36903209e+01 2.26912866e-04 1.06518435e+00 -4.93748037e-03 -3.62894103e+02 1.37041733e+01
 -1.15149387e+01 -2.69774211e-04 6.57888290e-01 -5.66799677e-03 -2.91170451e+02 1.36977338e+01
 5.67836887e+00 -2.73888418e-04 1.15997351e+00 2.91356145e-03 8.47035782e+01 1.37009802e+01
 -6.50145400e-01 5.33214854e-03 5.47558225e-01 -1.05226624e-02 1.29438795e+02 1.36999659e+01
 -9.48688902e+00 -5.25684350e-03 -5.69340072e-01 -6.12771668e-03 -2.18718957e+02 1.36981281e+01
 -1.19842198e+01 1.04337837e-02 -6.71515050e-01 6.95889516e-03 -7.19475769e+02 1.36976964e+01
 2.04972062e+01 -7.42887023e-03 1.06335547e+00 -8.35300377e-03 8.66525134e+01 1.37043383e+01
 -9.90296798e+00 8.43902353e-03 9.71672356e-01 1.55787515e-03 -5.51574261e+02 1.36981636e+01
 -1.87794244e+01 7.80091918e-03 -2.66198446e+00 2.76978126e-03 -1.25343256e+02 1.36963792e+01
 2.87416626e+01 -8.49211728e-03 1.60859639e+00 -4.60011759e-03 -2.49977781e+01 1.37055773e+01
 -2.50485150e+00 -1.93487777e-03 -1.18721512e+00 -1.28274189e-03 4.70327564e+01 1.36995893e+01
 8.98653355e+00 2.10809662e-03 1.06037995e+00 -1.07486169e-02 -3.38909804e+02 1.37017692e+01
 -3.35044255e+00 -8.57166559e-03 5.22928780e-01 -5.90283797e-03 1.60312666e+02 1.36994578e+01
 -7.02300150e+00 1.80901639e-02 2.38814583e+00 -3.20160340e-03 -3.74394469e+02 1.36986210e+01
 4.02585714e+01 1.01398952e-04 -1.27544252e+00 1.05838099e-02 -2.51803533e+02 1.37082185e+01
 9.44645628e+00 -2.71717627e-03 1.31983141e+00 -3.53057779e-03 3.68604331e+02 1.37016979e+01
 -5.90231035e+00 -9.16290542e-03 -9.30748639e-02 -1.66689749e-03 -1.31495973e+02 1.36987219e+01
 1.05795891e+01 8.19487592e-03 5.69960597e-01 -8.74810285e-03 5.06448279e+02 1.37018353e+01
 -1.62340042e+01 -1.83838302e-03 8.52414020e-01 -9.70897540e-03 -1.59004782e+02 1.36968921e+01
 -1.47349799e+01 3.14694740e-04 -5.82972612e-01 -8.83063523e-03 1.80669917e+02 1.36969961e+01
 -2.23835114e+01 -1.01755303e-02 -1.42964495e+00 -8.65384183e-03 -1.29981844e+02 1.36954833e+01
 -6.96866030e-02 -1.49648548e-03 5.28187609e-01 1.77047555e-03 1.21411782e+02 1.37000698e+01
 2.24836212e+01 -6.04396226e-03 -6.42664948e-01 9.44832476e-03 -3.73107450e+02 1.37045021e+01
 -1.22968187e+01 -9.10855149e-04 9.97313321e-03 4.46921250e-03 7.54824490e+02 1.36977212e+01
 -1.46783286e+01 4.75100479e-03 -7.37651091e-01 -4.40364500e-03 2.48860566e+02 1.36974318e+01
 5.89486159e+00 -2.04233993e-03 -9.68348108e-01 3.33536810e-03 -9.31183128e+01 1.37007970e+01
 -4.66499073e+00 -4.81176914e-03 1.08836576e-01 -5.05049263e-03 5.12760160e+02 1.36990564e+01
 2.47425578e+01 6.25951207e-03 -8.32247145e-02 -2.42727957e-03 -3.60489394e+02 1.37049283e+01
 1.82111941e+01 5.70571005e-03 -1.63138007e-01 -3.99437328e-03 -2.10684555e+02 1.37036930e+01
 -2.31439497e+01 -1.43085781e-02 2.52323456e-01 -7.29089115e-03 -2.60805925e+02 1.36954360e+01
 -1.75212766e+01 -9.06399901e-03 -9.81426710e-01 1.54084717e-03 2.39922520e+02 1.36964855e+01
 -2.37888959e+01 -1.68617549e-02 -7.21346804e-01 1.14983955e-02 1.25490502e+02 1.36954531e+01
 -1.90262476e+01 -4.14226538e-03 5.09757770e-01 9.49716527e-03 -2.70385488e+02 1.36960611e+01
 1.14827122e+01 4.47294269e-03 -1.59168230e+00 4.70672040e-03 7.36450639e+01 1.37021949e+01
 9.51124726e+00 -1.85227366e-03 9.73125785e-01 6.75833435e-03 -2.46104285e+02 1.37018515e+01
 -1.56285260e+00 -2.81251258e-03 -1.33835708e+00 1.44393660e-02 1.83075459e+02 1.36996579e+01
 -1.88473240e+01 6.40745152e-03 -3.93698192e-01 -5.28794339e-03 3.75905171e+02 1.36959153e+01
 1.19830355e+01 -1.42915641e-04 5.44726505e-01 3.24439831e-03 -7.00746154e-01 1.37022393e+01
 5.61332262e+00 -1.35585588e-02 1.69319936e+00 -2.78385940e-05 -4.25282524e+01 1.37013095e+01
 -7.89534576e+00 -1.46719693e-03 3.80556834e-01 -3.45975645e-03 -1.97764839e+02 1.36987163e+01
 -1.66532013e+01 3.10777978e-03 -3.37792840e-01 -3.55977544e-03 1.81187359e+02 1.36965593e+01
 -2.36037003e+01 7.61640546e-03 3.62754887e-01 3.62337711e-03 7.90990190e+01 1.36953687e+01
 9.62485260e+00 1.27949788e-02 -1.09247640e+00 1.85939944e-03 1.62306615e+02 1.37019817e+01
 1.60237862e+01 1.06164504e-02 -8.57639627e-03 6.92307756e-03 -5.72354599e+02 1.37031237e+01
 -1.48414917e+00 -8.98944909e-03 -2.08661954e-01 -2.51372854e-03 3.26333504e+02 1.36994656e+01
 -1.22024170e+01 -4.26489359e-03 -2.46351103e-01 -4.54984114e-03 6.89357452e+02 1.36976174e+01
 1.04568236e+01 6.34622565e-03 -1.43764657e+00 9.62202580e-03 -3.79051326e+02 1.37021560e+01
 4.51565230e+00 1.21571233e-03 2.43705465e+00 3.56770469e-03 5.93444785e+02 1.37009058e+01
 -2.14476952e+00 -7.99633133e-04 2.01426031e-01 -6.47801513e-03 2.68121775e+01 1.36994095e+01
 -1.14524507e+01 -8.96052936e-03 -1.79155395e+00 -3.62967549e-03 1.63836462e+02 1.36978758e+01
 -1.33604170e-01 -9.06763417e-03 5.93701424e-01 2.49862209e-05 4.18497877e+02 1.36999969e+01
 2.06490991e+00 3.57601919e-03 -1.32272911e+00 4.54646669e-04 -3.54797747e+01 1.37004649e+01
 -1.07214675e+01 1.02924028e-02 -1.55046431e+00 -1.00263361e-02 -8.30887723e+01 1.36980696e+01
 -1.70295445e+01 -6.86591658e-03 1.03499590e-01 -5.79391061e-03 3.24578836e+02 1.36965665e+01
 8.67071217e+00 4.41686024e-03 -2.78857398e-01 -4.77269331e-03 2.61519047e+02 1.37014835e+01
 -8.91289921e+00 -2.43745169e-03 -1.20416625e+00 -2.77199923e-03 1.92866035e+02 1.36982380e+01
 -4.96344454e+00 -1.18013627e-02 3.81476552e+00 -5.93404670e-03 3.87728342e+01 1.36989342e+01
 -3.75933167e+00 3.48808981e-03 1.56960569e+00 5.52615597e-03 -1.57269512e+02 1.36992368e+01
 -2.54486192e-01 4.66727655e-03 1.34214248e+00 2.74742046e-03 -1.10682000e+01 1.36998599e+01
 1.34509183e+01 3.69958211e-03 -2.46808413e-01 8.33146241e-03 2.80098568e+02 1.37028332e+01
 1.17801969e+01 3.95244836e-03 2.56445918e+00 -8.44481768e-03 1.27298992e+02 1.37021948e+01
 -1.10474410e+01 1.04300968e-02 1.77057631e+00 -4.68468228e-03 4.68472560e+02 1.36977742e+01
 -2.22152740e+01 8.53221743e-03 -4.93776481e-01 -8.81047375e-03 -3.03798477e+02 1.36956891e+01
 -1.05533855e+00 6.00397610e-03 8.50686849e-01 3.60372249e-03 -1.45132207e+02 1.36999246e+01
 -8.61671314e-01 -9.28018014e-03 -1.98709904e+00 5.95528236e-03 3.80073197e+02 1.36997779e+01
 -6.52969003e-01 1.30985205e-03 -9.49785876e-01 -4.49661694e-03 8.61876795e+01 1.36998533e+01
 -1.53477495e+01 4.69357939e-03 -1.58458089e-01 7.30683475e-03 7.97875615e+01 1.36965813e+01
 -6.10202782e+00 4.41649622e-03 -4.58767043e-01 1.22359331e-02 -5.88032824e+01 1.36993615e+01
 1.82218993e+01 1.20381600e-03 -1.62210443e+00 8.71026307e-03 5.40493469e+02 1.37036389e+01
 1.44941887e+01 -1.45978311e-03 9.11614655e-02 2.05027905e-03 5.34652904e+02 1.37026663e+01
 -9.40452026e+00 -8.38021110e-03 -6.24614934e-01 -4.96980837e-03 7.14667507e+02 1.36982107e+01
 -1.27412312e+01 2.86109961e-03 -1.33280212e-01 8.75433404e-03 2.28157325e+02 1.36975136e+01
 -5.61919505e+00 4.27443604e-03 2.33875722e-01 7.53724353e-03 2.59723042e+01 1.36989499e+01
 1.78458631e+01 -9.00833924e-03 -6.22034798e-01 -4.20736581e-03 1.57162638e+02 1.37036117e+01
 1.37277446e+01 -3.74609170e-03 -2.53500220e-01 5.31396701e-03 2.41304306e+02 1.37025935e+01
 -7.62529029e+00 -5.91211286e-03 -3.77671471e-01 8.69989548e-03 -5.38915019e+02 1.36986459e+01
 8.49358916e+00 2.66537773e-03 4.57327015e-01 -5.90310036e-03 8.41507591e+01 1.37015031e+01
 -1.51852480e+01 2.62100003e-03 1.37930013e+00 3.25437437e-03 -1.50147694e+02 1.36972113e+01
 3.57585803e+00 -5.92813539e-03 -2.12366318e+00 2.78674629e-03 -7.05558441e+01 1.37006448e+01
 8.90148017e+00 -4.04354536e-03 4.11030555e-03 -5.88196516e-03 4.32126829e+01 1.37018142e+01
 -7.90093404e-02 5.03021360e-03 -1.61035274e+00 -3.21965167e-03 1.49243255e+02 1.37003747e+01
 -7.79984320e+00 -4.37535693e-03 -1.55908242e+00 9.41023051e-04 -2.05550561e+02 1.36980459e+01
 -2.65600052e+01 -3.05816278e-03 1.38057064e-01 1.82553393e-03 -3.28971011e+02 1.36950541e+01
 -5.95890544e+00 -5.45536324e-03 4.73529976e-01 3.22693925e-04 -1.20438199e+01 1.36989420e+01
 -1.32057029e+00 -8.74271281e-03 3.30067169e-01 2.59835130e-03 2.60007391e+02 1.36996452e+01
 6.13235081e-01 -3.60926746e-03 -1.05455209e+00 -1.50263074e-03 2.16596926e+01 1.36998091e+01
 -4.55885889e+00 2.39421503e-03 6.94596610e-01 -2.49344090e-04 -7.07124303e+01 1.36986514e+01
 -1.99181952e+00 -3.25126035e-03 2.67221757e-01 5.60095906e-03 -2.51982101e+02 1.36996737e+01
 -4.35914818e+00 -1.68697214e-02 -1.15624400e+00 9.18435161e-03 2.39657873e+02 1.36992014e+01
 -9.20512764e+00 -2.19182143e-03 7.75314899e-01 1.02925280e-03 9.69926371e+01 1.36982821e+01
 -2.03161854e+01 -4.18567556e-03 -2.89450459e+00 2.51315531e-03 -2.14934495e+02 1.36958877e+01
 1.19029134e+01 -8.89346060e-03 1.19529460e+00 -5.49110286e-03 2.72088928e+02 1.37023079e+01
 -8.84369135e+00 -4.56032663e-03 7.78652332e-01 1.45878206e-03 1.94530198e+02 1.36985474e+01
 -1.88339718e+01 1.31871263e-02 -1.41689817e+00 -1.03545507e-02 3.61142790e+01 1.36961780e+01
 -2.21252986e+01 6.24440275e-03 1.47143764e+00 -6.58052346e-04 5.64788001e+01 1.36954886e+01
 -8.50243645e+00 -9.32927327e-03 1.28761080e+00 6.41428138e-03 2.08679310e+02 1.36985761e+01
 7.27314352e+00 -4.63540515e-03 -1.03585564e+00 5.26024454e-05 -3.34619929e+02 1.37016391e+01
 -1.29028382e+01 6.69409887e-03 7.83988485e-01 2.20384577e-03 -3.74918246e+02 1.36977743e+01
 -1.46240937e+01 -1.13657139e-02 4.67332461e-02 1.17171232e-03 -3.90725514e+02 1.36971998e+01
 -4.58448795e+00 -1.16958128e-02 5.11117713e-01 -1.09723648e-02 1.61074309e+02 1.36990730e+01
 -1.04958177e+00 -2.99711553e-03 2.00989452e+00 4.08139398e-03 1.20075351e+02 1.36998244e+01
 1.98798736e+01 1.04723747e-03 1.36086440e+00 -9.12508303e-03 -2.28423374e+02 1.37039493e+01
 1.65542218e+00 -5.59533727e-03 5.11625018e-01 4.14395226e-03 5.64837727e+00 1.37002623e+01
 9.85049681e+00 1.72675730e-02 1.32735721e-01 1.02739949e-02 2.99903578e+02 1.37017198e+01
 8.04502044e+00 -1.33820718e-02 -9.48006217e-01 -4.11519234e-04 -2.44814769e+02 1.37016725e+01
 -3.46379867e+00 2.27660322e-03 -3.09273013e-01 -1.77526151e-03 -1.39415108e+02 1.36991307e+01
 9.59874339e+00 4.10787887e-03 3.12387636e-01 -2.17401033e-03 -4.94389737e+01 1.37016694e+01
 8.53288653e+00 1.38501289e-02 1.85070129e+00 -2.33628898e-03 4.13834714e+01 1.37016707e+01
 -2.53375046e+01 -9.05060433e-03 7.67798470e-01 3.59653726e-03 -3.42592561e+02 1.36949760e+01
 -1.38956105e+01 8.67845208e-04 1.32102463e+00 2.05519819e-03 7.33528779e+00 1.36973323e+01
 -1.34072788e+01 1.37424362e-02 -3.24228016e-01 -9.77034032e-03 -1.92623039e+02 1.36975047e+01
 -7.09116001e+00 -6.25859278e-03 -1.41248782e+00 -1.16230830e-02 -3.37746531e+01 1.36984674e+01
 2.05914483e+01 -4.83493310e-03 1.09525502e+00 5.67226274e-03 -4.91011327e+02 1.37043248e+01
 2.36711739e+01 9.48173942e-03 -1.87580409e+00 1.44809430e-02 2.81130461e+02 1.37050422e+01
 1.80584984e+01 -1.37425763e-02 4.98876779e-01 5.97711217e-03 8.52581088e+01 1.37034450e+01
 7.29423480e+00 -2.22200613e-03 -6.00419646e-01 -2.98815667e-03 2.03572113e+02 1.37015206e+01
 8.48545101e+00 -6.89775687e-03 -8.06749264e-01 -4.50008346e-03 1.26972762e+01 1.37017784e+01
 -1.03915970e+01 1.08478348e-02 -2.63370142e+00 -3.10016285e-03 7.11374366e+01 1.36980348e+01
 -9.74110343e+00 -9.27095709e-03 -8.13852882e-02 4.47970143e-03 -2.57769264e+02 1.36982341e+01
 1.72081969e+01 -1.98614735e-03 -1.21743981e+00 -2.68048858e-03 2.64210352e+02 1.37034133e+01
 5.23522478e+00 -1.21082116e-02 2.34089197e-01 -3.27407186e-03 1.65400085e+02 1.37010531e+01
 4.84922048e+00 5.43403170e-03 7.46268519e-01 2.62201706e-03 1.76181933e+02 1.37003639e+01
 -2.69616607e+01 -3.99190374e-03 -8.59453937e-03 -7.64606314e-04 -8.02741654e+01 1.36943759e+01
 2.33784506e+01 8.99673154e-04 -1.63351700e-01 -1.77366809e-03 -3.42632362e+02 1.37048017e+01
 -6.76319270e+00 7.61906979e-03 1.55766797e+00 -6.04189559e-04 1.80078432e+01 1.36983402e+01
 3.24708503e+00 -1.49709917e-02 -1.06102862e+00 7.28872750e-03 3.10507312e+02 1.37005681e+01
 2.13816379e+00 1.09982963e-02 -7.25230641e-01 1.65901656e-03 -2.85689448e+02 1.37004294e+01
 9.34927461e+00 1.66388574e-03 2.66835768e-01 -3.80932600e-03 -3.39465205e+02 1.37017814e+01
 2.47673791e+01 -2.40723839e-03 5.85487068e-01 -3.63484483e-03 1.79692104e+02 1.37051031e+01
 -1.39020573e+01 -6.44740055e-03 -3.41081243e-02 -5.68666168e-03 1.47058770e+02 1.36971520e+01
 -7.50647560e+00 -1.16354317e-02 4.02127599e-01 4.67122758e-03 1.33169783e+02 1.36984715e+01
 -3.87780382e+00 1.88278341e-03 -8.12722664e-01 -1.05688820e-05 4.31354827e+01 1.36990888e+01
 1.49642329e+01 -6.57215814e-04 1.28908996e+00 -7.38874704e-03 -1.49076202e+02 1.37031145e+01
 2.51640215e+01 -2.04596868e-02 -9.17200512e-01 -5.61508160e-03 -3.03579005e+02 1.37049763e+01
 -1.37277858e+01 -2.72329193e-03 8.62988772e-01 -4.30983294e-03 -7.73481121e+01 1.36974793e+01
 -8.08802996e+00 -4.65521366e-03 1.96676319e+00 -3.57990580e-03 -2.36435637e+02 1.36983685e+01
 1.70128069e+00 -5.78151488e-03 -1.39200945e+00 -4.10816340e-03 7.34477932e+01 1.37003891e+01
 -1.72110071e+00 2.65324879e-03 -1.24808565e+00 1.05943365e-03 -3.72967587e+02 1.36994701e+01
 1.62174670e+01 9.98484722e-03 2.89894856e+00 -1.67554637e-03 1.11711646e+02 1.37031361e+01
 -1.97422481e+01 -2.65751674e-03 -7.55341360e-01 -3.62450071e-03 -2.08613317e+02 1.36961594e+01
 1.43101693e+01 1.13628603e-03 -2.72322569e-01 1.18251960e-02 1.07562624e+02 1.37029015e+01
 2.98098447e+01 1.26883825e-03 5.53488531e-01 -4.67408030e-03 -2.45954577e+02 1.37058919e+01
 -1.23694003e+00 -1.35120819e-02 1.09618662e+00 -1.92613183e-03 -1.77773634e+02 1.36998545e+01
 6.58381499e+00 3.34331228e-03 1.57453998e+00 7.26958189e-03 1.55407696e+01 1.37013169e+01
 6.81090454e+00 5.93542146e-03 1.88616708e+00 -2.16783832e-03 5.74475596e+01 1.37012930e+01
 -1.31917245e+01 7.70509608e-03 8.33188442e-01 -3.37012500e-03 -2.81582012e+02 1.36974878e+01
 9.70887112e+00 1.17404471e-03 -3.06317391e+00 -9.88574343e-03 1.07167049e+01 1.37020488e+01
 -3.81576405e+00 9.53921734e-03 -2.47304817e-01 1.51756883e-03 1.24325378e+02 1.36989040e+01
 1.44651881e+01 4.33744071e-03 3.43624377e-02 8.52609913e-03 1.87213686e+02 1.37028168e+01
 1.52155525e+00 1.54092410e-03 3.12939020e-01 4.97677815e-03 -5.61039476e+02 1.37004411e+01
 1.23783072e+01 1.24474134e-02 -1.80498125e+00 3.41418761e-03 1.99826284e+02 1.37025456e+01
 -9.02169450e-01 -6.91000217e-03 -2.06048004e+00 9.70273065e-03 -1.11254604e+02 1.36996189e+01
 4.15162186e+00 -1.66114895e-02 7.63736801e-01 7.43696583e-03 3.77726214e+02 1.37008738e+01
 1.36771833e+00 1.78508591e-03 3.00590436e-01 -6.05675570e-03 -3.86589639e+02 1.36998509e+01
 8.59710770e+00 5.32388328e-03 1.44555601e+00 3.78947376e-03 1.86958535e+02 1.37020586e+01
 7.60251033e-02 1.60772520e-03 3.63191155e-01 6.84808665e-03 9.79978315e+01 1.37001893e+01
 -2.40430412e+01 -5.77196495e-03 -1.74225584e-01 3.71321567e-03 -1.29056213e+02 1.36951235e+01
 1.63228473e+01 1.46116662e-02 2.33373410e-01 4.34227436e-04 -1.44139615e+02 1.37035512e+01
 -2.40723810e+00 -7.32564981e-03 -1.62876133e+00 -6.90515343e-03 2.33491182e+02 1.36995539e+01
 3.99488732e+00 1.26392444e-02 1.80036756e+00 -5.37206473e-04 3.03884672e+02 1.37009653e+01
 -1.61346704e+01 1.34743910e-03 -3.80369161e-01 -4.70171739e-03 -1.66570919e+02 1.36968809e+01
 -4.51194172e+00 -6.36391569e-03 3.83117429e-01 -2.10356313e-03 -2.05958392e+02 1.36990513e+01
 -1.20059669e+01 1.82930966e-04 1.03252111e+00 7.70636020e-03 -4.68827652e+01 1.36979043e+01
 -1.18512904e+01 2.75719220e-03 -1.38883189e+00 5.83331234e-03 -5.48762892e+01 1.36973912e+01
 2.99639362e+00 3.22525822e-03 1.27713752e+00 7.15524887e-04 -1.57906058e+01 1.37003834e+01
 1.84139843e+01 1.36173477e-02 -2.12677978e-01 2.54042532e-03 -7.94181173e+01 1.37039422e+01
 -1.89475070e+01 -2.49422203e-03 8.27814300e-01 -5.18108611e-03 -1.21133503e+02 1.36964049e+01
 -3.56503125e+00 -5.05200660e-03 1.06315387e+00 -6.00371413e-03 -1.13724962e+02 1.36993712e+01
 -1.09422377e+01 6.20478033e-03 -1.32479884e+00 -3.92945605e-03 -4.59714278e+02 1.36977178e+01
 -1.70325653e+00 -2.75070502e-03 -1.61263225e-01 -3.48341127e-03 1.39510996e+02 1.36995305e+01
 1.06370365e+01 -1.60488404e-03 2.12283959e+00 1.42635056e-03 -3.68177106e+02 1.37021182e+01
 -2.36050639e+01 -9.04895926e-03 1.19795163e+00 -4.62009570e-03 9.83051641e+01 1.36954875e+01
 6.86170260e+00 -9.08773121e-03 -4.77993583e-01 9.57685789e-03 -5.03729084e+02 1.37011119e+01
 1.83706155e+01 -9.52178761e-03 1.37250504e+00 3.35725360e-03 1.53626081e+02 1.37036783e+01
 -2.23289554e+00 -3.75282145e-03 7.75558107e-02 2.61297918e-03 -1.23312431e+02 1.36992911e+01
 -1.68182777e+01 7.68947176e-03 -1.15946964e+00 -2.48602117e-03 -1.39419064e+01 1.36965427e+01
 1.27891368e+01 5.75765165e-03 7.63594698e-01 -1.16865031e-02 -3.15581793e+02 1.37024321e+01
 2.14524435e+01 -2.79886853e-03 -1.29631685e+00 -1.59336499e-03 -9.54358808e+01 1.37042181e+01
 -2.09072916e+00 -1.42249797e-02 -7.76428407e-01 -2.57152650e-03 3.21392714e+02 1.36991515e+01
 -1.98727889e+01 1.55721692e-03 3.16006277e-01 9.94518272e-04 4.56049174e+02 1.36961098e+01
 -8.22701221e+00 9.44798092e-03 -1.14991522e+00 -3.70902481e-03 4.63209872e+02 1.36985101e+01
 3.79195006e-01 4.22224548e-03 -1.44058203e+00 -1.53572305e-02 1.76748833e+02 1.37001588e+01
 2.82354836e+01 -7.62540963e-03 -3.58062251e-02 1.60250884e-03 -3.40409155e+01 1.37057071e+01
 -9.18685944e+00 -5.21456884e-03 -1.01889174e+00 -4.41251325e-03 5.79404650e+01 1.36981344e+01
 8.61669633e+00 -9.26110452e-03 1.75540118e+00 7.78396270e-03 -5.14782611e+02 1.37017156e+01
 5.53781056e+00 2.59003760e-03 -2.93038940e-02 -3.50009011e-03 -2.51777690e+02 1.37012801e+01
 -1.02502985e+01 4.53592116e-03 -9.67236788e-01 -6.28467177e-03 1.84587586e+02 1.36979515e+01
 -7.60853138e+00 -3.22873704e-03 1.68630541e-01 1.11393201e-02 -1.68383453e+02 1.36985551e+01
 1.94522480e+01 -5.88475165e-03 -1.22201185e+00 -4.39875073e-03 2.66938299e+02 1.37038291e+01
 -1.09469008e+01 -2.03994382e-03 -3.63699590e-01 -4.18410858e-03 -4.55392589e+02 1.36981841e+01
 -6.81761717e+00 6.92736703e-03 -1.97771270e+00 1.14309826e-02 -4.74863007e-01 1.36987095e+01
 -3.77614311e+00 7.34762456e-03 5.50121896e-01 -7.78041558e-04 -2.13755895e+02 1.36991513e+01
 -1.38734621e+01 -1.01991039e-02 -8.33638728e-01 -4.76689866e-03 -1.05354140e+01 1.36970249e+01
 8.66787713e+00 -8.90759222e-03 -1.79415954e+00 1.58610959e-03 2.66614178e+02 1.37016304e+01
 -1.83221082e+01 5.10236299e-03 -7.38518771e-01 4.69671106e-03 2.91068159e+00 1.36964262e+01
 -1.34332708e+01 -2.19346804e-04 -3.09498913e+00 3.87426527e-03 1.93672981e+02 1.36970072e+01
 3.36802433e+01 9.37665145e-03 -1.10545653e-01 -7.14029989e-03 -5.65906886e+02 1.37067405e+01
 5.17767616e-03 -4.12433672e-03 6.76366708e-01 2.09900902e-03 3.91036486e+01 1.36996664e+01
 -1.24838648e+01 -2.15580814e-04 -4.93639112e-01 1.30075069e-02 1.94330049e+01 1.36978222e+01
 -1.13398545e+01 1.62975746e-02 -9.91494067e-01 1.50401755e-03 -1.74531907e+02 1.36978112e+01
 1.07042799e+01 -2.61990022e-03 -1.43800889e-01 1.13210333e-02 -3.40601877e+02 1.37020517e+01
 -6.96715056e+00 7.82039297e-04 -2.88402885e-01 -2.45536658e-03 1.89992492e+02 1.36987732e+01
 2.11723902e+01 -8.76301937e-03 -5.69595747e-01 -1.97571394e-04 -1.78459801e+02 1.37044936e+01
 4.55436477e+00 4.27109910e-03 1.64694677e+00 2.78686713e-03 1.69098994e+02 1.37009889e+01
 1.99005700e+00 -6.18222241e-03 1.79380648e+00 2.20385869e-03 -3.77641827e+02 1.37006427e+01
 4.16998061e-01 3.61919891e-03 3.16740911e-01 1.63164163e-03 8.10093020e+01 1.37000234e+01
 -1.49105730e+01 9.74316049e-03 7.95405226e-01 -6.21036885e-03 2.98388702e+02 1.36966251e+01
 -2.35982519e+01 -1.06374235e-02 -6.63446561e-02 -2.23923703e-03 1.96875372e+00 1.36954037e+01
 -9.88474183e+00 4.82187659e-03 -6.10786989e-01 7.36052542e-03 -1.42777017e+02 1.36978582e+01
 -1.09721774e+01 -4.38692996e-03 4.06369872e-02 1.24422051e-02 2.79931574e+02 1.36978622e+01
 -8.79305058e+00 5.17930263e-03 -2.30052103e+00 3.87317985e-03 2.43981413e+02 1.36983315e+01
 2.23010266e+00 -1.87454915e-02 -8.99058454e-01 3.51174377e-03 4.47155128e+02 1.37006272e+01
 -6.62464048e+00 4.46555693e-03 -5.83747325e-01 3.63409627e-03 3.48747925e+02 1.36985362e+01
 1.25441057e+01 -7.76571601e-04 -1.49425869e+00 -1.28147537e-03 1.24930733e+02 1.37024434e+01
 1.31115002e+01 -1.20603062e-02 -7.05918367e-01 -2.71970789e-03 -1.17200591e+02 1.37023924e+01
 -8.40920208e+00 -1.20588635e-03 -2.16782622e+00 -8.14979769e-03 -1.96934210e+02 1.36983003e+01
 -8.41586542e+00 -3.24255401e-03 8.21850595e-01 -5.03505650e-03 -2.44152280e+02 1.36981321e+01
 -1.19749892e+01 1.46426035e-03 7.13271723e-01 4.07852261e-03 4.50788586e+02 1.36974547e+01
 1.16612378e+01 3.48953416e-03 -1.16282195e+00 -5.75536107e-03 -1.44780034e+02 1.37023356e+01
 1.37880459e+01 -1.54951753e-03 -2.80704719e-01 -3.12717303e-03 -5.89449997e+02 1.37028749e+01
 1.75869136e+00 2.02542814e-03 1.41644871e+00 9.48965205e-04 -9.26641936e+01 1.37002501e+01
 -1.47161030e+01 1.09964997e-02 7.85271042e-01 6.02661195e-03 3.01857888e+02 1.36970019e+01
 3.39186234e+01 2.67939565e-03 -2.01920464e-01 -7.40555217e-03 7.93275337e+01 1.37067183e+01
 -6.44143031e+00 1.63129924e-02 1.18590492e+00 -3.66768249e-03 7.88022997e+00 1.36986662e+01
 -1.43902714e+01 1.97793696e-04 -6.08603544e-01 7.06923058e-03 2.59577240e+02 1.36969547e+01
 -8.86115527e-01 -2.38104576e-03 1.15752947e+00 -7.22418242e-03 -2.30766283e+02 1.36996747e+01
 8.67484317e-01 -3.77079934e-03 8.87459395e-03 -6.40811053e-03 5.80218233e+01 1.36999905e+01
 -2.34912719e+01 -5.60397580e-03 2.35362368e+00 5.33661424e-03 -1.80890717e+02 1.36955135e+01
 6.92392154e+00 -1.11180015e-02 -7.65771330e-01 8.72860370e-04 -1.61949147e+01 1.37012458e+01
 2.28488120e+01 -1.54380252e-02 -2.08365563e-01 4.06329722e-03 1.09630405e+02 1.37045779e+01
 -2.25857377e+00 6.94267884e-03 1.61402744e+00 8.05947677e-03 -2.03534202e+02 1.36998915e+01
 -8.40026878e+00 -7.25611785e-03 -8.89096205e-01 2.88133289e-04 3.00750312e+02 1.36985662e+01
 1.71029058e+00 -5.16141960e-03 3.77929799e-01 3.28701448e-03 1.50975531e+02 1.37006083e+01
 -3.15213349e+00 2.34404095e-03 -1.35357680e+00 9.25172724e-04 -4.69523220e+01 1.36991996e+01
 2.58981572e+00 1.21979586e-02 -2.13827876e-01 -3.79082810e-03 2.74931338e+02 1.37005942e+01
 1.67017618e+01 -5.63611317e-03 6.88824488e-01 -2.82616345e-03 3.18069847e+02 1.37032743e+01
 1.06755764e+01 -1.48280028e-03 2.72025291e-01 5.37107789e-03 1.05582145e+02 1.37018596e+01
 1.95574383e+01 1.02944514e-02 -1.61948775e+00 2.66068504e-03 9.74401066e+01 1.37040399e+01
 -1.02991275e+01 7.44609674e-03 9.94370170e-01 7.67874280e-03 -3.33139853e+02 1.36980733e+01
 -5.82567745e+00 4.49603535e-03 1.48578443e+00 -3.52531215e-04 9.30564859e+01 1.36987312e+01
 -1.57995227e-01 5.88688596e-03 2.21186212e-01 1.11440832e-02 9.41139785e+01 1.36999777e+01
 2.69755584e+00 1.50784995e-03 -9.69798342e-01 2.01400408e-03 -2.88118882e+02 1.37007171e+01
 -2.14295528e+01 -1.99447262e-02 -4.74010368e-01 3.26079221e-03 -5.87670079e+01 1.36959017e+01
 -4.66744411e-01 6.48092720e-04 1.02244708e+00 2.63368926e-04 -4.69313363e+02 1.36999898e+01
 5.38702248e+00 -1.62038892e-02 -1.23194966e+00 -7.09616998e-03 -1.24449289e+02 1.37011398e+01
 9.64940090e+00 -3.36500813e-03 1.49209379e+00 8.65061473e-03 -2.48317757e+02 1.37016588e+01
 1.97459121e+01 7.12749426e-03 -1.66646322e+00 -3.57512321e-03 1.30132347e+02 1.37038270e+01
 1.43870292e+01 -1.08064221e-02 -8.53589599e-01 -5.44177934e-03 -9.20826125e+01 1.37027902e+01
 -2.31783540e+01 -7.52542412e-03 -4.39063459e-01 -4.60889831e-03 1.56310036e+02 1.36957378e+01
 1.51166336e+01 6.82223583e-04 -4.80896066e-01 3.22997268e-03 -3.75635169e+01 1.37031791e+01
 -4.38460264e+00 -2.61671632e-03 1.97834616e-01 -9.97784675e-03 2.55633831e+02 1.36990754e+01
 1.83684265e+01 9.76863682e-03 5.50510493e-01 -2.51172130e-04 -2.69857201e+02 1.37037663e+01
 -1.03700953e+01 5.58194603e-04 -1.84035518e+00 -2.69802118e-03 -9.61559827e+01 1.36978656e+01
 5.42091674e+00 -2.01910165e-02 1.12649362e+00 -9.75762126e-03 3.74800127e+02 1.37012241e+01
 -1.63612794e+00 7.59139321e-03 -2.16863634e+00 7.20211986e-03 1.07094853e+02 1.36997213e+01
 1.22136104e+01 -4.59198067e-03 -4.50104136e-01 -6.42626767e-03 -5.90744814e+01 1.37024058e+01
 5.21066081e+00 -8.07668678e-03 -1.19866087e+00 4.85850867e-04 2.25061671e+02 1.37008746e+01
 8.14987916e+00 3.06729071e-03 -1.63909428e-01 -1.61566142e-03 -5.89324455e+01 1.37018126e+01
 7.81702364e+00 1.15936767e-02 -6.88243668e-01 -2.80281531e-03 1.43553862e+02 1.37013746e+01
 4.38670671e+00 -9.99301392e-04 7.80852847e-02 4.29996621e-03 -5.82774824e+01 1.37007478e+01
 1.53112510e+01 4.74896197e-03 -1.98830915e+00 -7.33308913e-03 -1.30800384e+02 1.37029825e+01
 1.69754119e+01 -1.31024827e-03 1.41470678e+00 -2.86720543e-03 1.63723932e+02 1.37032671e+01
 -1.13754085e+01 -6.17429220e-03 9.10466337e-02 7.29568578e-04 -1.55466369e+02 1.36976470e+01
 1.13544411e+00 -1.99036410e-03 -1.79545967e+00 8.76642354e-04 3.87507261e+02 1.37000816e+01
 4.11679910e+01 -7.16699611e-03 1.39292364e+00 3.14703392e-04 -5.07978444e+01 1.37078486e+01
 -1.43062514e+01 2.68820426e-03 1.78838687e+00 -3.80403476e-03 -2.10908961e+02 1.36969492e+01
 3.03743326e+01 -1.25065786e-03 8.31760841e-01 5.97163956e-03 -3.32182365e+02 1.37061383e+01
 7.86578928e+00 -1.08372739e-02 -1.21315445e+00 6.97435333e-03 -3.47277218e+02 1.37016234e+01
 1.36859861e+01 -2.87095966e-03 2.14953864e-01 -6.29658454e-03 -9.39982644e+01 1.37028152e+01
 -1.17870119e+01 -2.84037261e-03 -2.42496870e+00 -4.00754311e-04 -3.83121674e+00 1.36973657e+01
 3.66632924e+00 -6.41486319e-03 3.53197261e-01 6.37586442e-03 2.28768235e+02 1.37006354e+01
 2.66260694e+00 4.65266246e-03 1.55474974e+00 -2.26443139e-03 1.52724794e+02 1.37006797e+01
 1.68351895e+01 -1.77940775e-03 3.03309364e-01 -9.41985627e-03 -2.10231018e+01 1.37034086e+01
 2.03747506e+01 3.10412673e-03 -1.62100666e+00 -4.91483959e-03 -3.11413294e+01 1.37038354e+01
 -1.27458889e+01 -7.51962930e-04 3.33988119e-01 1.58836219e-03 1.02383255e+02 1.36973591e+01
 8.67266030e+00 -3.27457278e-03 5.38047787e-01 -7.14417893e-03 1.36041771e+02 1.37017324e+01
 4.44740052e+00 -4.39305170e-03 6.33896499e-01 -1.16620110e-03 4.19235088e+01 1.37014127e+01
 -5.15941550e+00 8.68076043e-03 1.30506055e+00 -2.53055314e-03 -1.68179823e+02 1.36988382e+01
 -5.48320646e+00 -4.27875506e-03 -4.46624456e-01 -8.86432912e-03 1.71895703e+02 1.36986644e+01
 2.72930942e+01 9.44271083e-03 -4.82403066e-01 -3.27092057e-03 9.41328997e+01 1.37055764e+01
 7.28694601e+00 -4.91361588e-03 -1.07127446e+00 1.05601330e-02 2.70075866e+02 1.37014592e+01
 1.69498311e+01 -5.01435281e-03 3.93094690e-02 -2.19393751e-03 2.25273117e+02 1.37035243e+01
 2.62011705e+01 -9.81517137e-04 -1.18547130e+00 -3.29673049e-03 -2.68450275e+02 1.37049077e+01
 2.64504198e+00 9.83638190e-03 -6.07539898e-01 -7.03389155e-03 -1.13758235e+01 1.37000696e+01
 -1.31161519e+01 7.41576586e-03 1.05502415e+00 -2.18174748e-03 2.10911373e+02 1.36973786e+01
 -4.71728516e+00 -5.65077456e-03 -3.65854967e-01 2.62282352e-03 -1.85299286e+02 1.36988511e+01
 -1.56387339e+01 -1.85703545e-03 5.35798690e-01 -6.16598486e-03 -3.46836019e+02 1.36967989e+01
 -4.85740713e+00 7.52391937e-04 1.87688419e-02 -5.06698969e-03 -5.51931581e+02 1.36989203e+01
 -1.29604163e+01 -3.42151212e-03 9.04344311e-01 -6.79985275e-03 2.26561714e+02 1.36975365e+01
 2.83619076e+01 4.31686807e-03 -3.26989553e-01 -2.36296643e-03 -2.06991794e+02 1.37058384e+01
 3.57611190e+00 1.34384577e-03 2.15138958e-01 -4.23628325e-03 -1.00742247e+02 1.37007344e+01
 -9.17594477e+00 -2.09127157e-03 4.58101432e-01 5.22755147e-03 -4.68765930e+01 1.36981618e+01
 -6.20369101e-01 -6.37356890e-04 5.81510810e-03 -2.28676025e-03 1.17344506e+02 1.36998634e+01
 -2.18251551e+01 -4.09674794e-03 8.65343247e-01 9.29091600e-03 3.91745177e+01 1.36955208e+01
 -7.57921424e+00 -9.30843292e-03 -7.07242128e-03 -8.94753787e-04 1.33794566e+02 1.36986387e+01
 -1.20830233e+00 6.92543187e-03 -1.03987739e+00 -3.76169974e-03 1.23678246e+01 1.36998154e+01
 2.66658668e+01 -8.09491634e-03 -1.18631707e-01 9.57701980e-04 1.09476879e+02 1.37050488e+01
 2.35351405e+00 7.24047216e-04 7.01436024e-01 -1.79035335e-03 9.90581445e+01 1.37006631e+01
 -8.22993646e+00 1.06552883e-02 -2.58657142e+00 6.47236016e-03 -4.69895709e+02 1.36983960e+01
 -3.40941794e+00 6.47917320e-03 1.25124990e-01 4.17195362e-03 -2.21344139e+01 1.36992458e+01
 1.28440276e+01 -9.02181977e-03 -2.27951667e-01 4.18121658e-03 -2.93546426e+01 1.37028776e+01
 1.98009952e+01 1.10555541e-02 1.90012248e-01 -2.42364997e-04 -3.14825230e+02 1.37037876e+01
 7.90137866e+00 -7.23053042e-03 -3.95667197e-01 -7.65996672e-03 -2.36315947e+02 1.37011662e+01
 6.15838322e+00 -5.53726822e-03 -1.55247226e+00 -4.74304163e-05 -2.62127541e+02 1.37011932e+01
 4.25925249e-01 4.13535386e-03 8.04889308e-01 -5.74825726e-03 -1.49995653e+02 1.37001489e+01
 -7.15448061e+00 1.89550473e-03 -1.81159043e-02 2.33428350e-03 1.49807573e+02 1.36985794e+01
 1.46588575e+00 6.27592006e-03 6.36643548e-01 1.81245110e-03 5.62481201e+00 1.37005172e+01
 1.25091131e+01 6.60593401e-03 1.79242213e+00 2.57326797e-03 3.13992702e+02 1.37025645e+01
 2.75840486e+00 1.24561144e-02 -1.01342612e+00 1.82348417e-03 1.05924527e+02 1.37004882e+01
 2.23503004e+01 9.26406673e-03 1.86869362e+00 -2.39844024e-03 -8.93750734e+00 1.37044185e+01
 1.67170948e+01 1.57035640e-03 2.05440913e-02 5.49962950e-06 8.38265863e+01 1.37033924e+01
 -2.13131219e+01 1.43227429e-02 1.43557461e+00 8.58276575e-03 -1.56418418e+02 1.36958101e+01
 8.84797083e+00 5.43760733e-03 1.46112682e+00 -9.13496713e-03 3.94481209e+02 1.37017320e+01
 1.40275025e+01 -3.39342982e-03 5.26811702e-01 5.11386487e-03 7.14890671e+01 1.37025409e+01
 2.60882667e+00 -3.35629354e-03 -4.69456270e-01 1.39113052e-02 2.42195473e+02 1.37003231e+01
 -1.24161114e+01 -2.44584120e-03 7.96772271e-01 5.89077622e-03 2.12633561e+02 1.36976300e+01
 -1.57685834e+01 -1.08913323e-02 1.68521668e+00 -4.99744306e-03 1.97527048e+02 1.36969184e+01
 -2.71251349e+00 8.86111207e-03 2.26337430e+00 9.31457279e-03 2.71748976e+02 1.36997144e+01
 5.95246836e+00 6.14823843e-03 7.78719511e-01 -6.42776304e-03 4.41647611e+02 1.37010920e+01
 -2.20273023e+00 -1.25450648e-02 5.04358878e-01 1.60267344e-03 -1.94860758e+02 1.36996407e+01
 2.91114033e-01 1.00259349e-02 -1.45501970e+00 -4.89733073e-03 2.42296227e+02 1.36998331e+01
 -6.63867182e+00 4.04299240e-03 -4.43577595e-02 4.48891803e-03 2.29238745e+02 1.36988359e+01
 3.11045159e+01 1.37394784e-03 -7.63614847e-01 3.10057460e-03 -5.92960500e+02 1.37061738e+01
 -3.26386385e+00 3.40289010e-03 1.81601804e+00 1.40725829e-03 7.71725677e+02 1.36994357e+01
 1.48784752e+01 6.63449598e-04 1.08124366e+00 6.29130453e-03 7.11955867e+01 1.37029914e+01
 2.75414737e+00 -8.43485320e-03 -2.75688014e+00 4.26095857e-03 -3.31774091e+02 1.37003630e+01
 -4.13751558e+00 -5.95404143e-03 -2.49876208e-01 1.87835092e-04 1.14379585e+02 1.36990168e+01
 2.04974848e+00 1.39572870e-04 -2.99786006e+00 1.08968580e-02 4.46251038e+02 1.37002881e+01
 3.46353300e+00 1.33842148e-02 8.07231379e-02 1.09264053e-03 -2.97810564e+02 1.37003643e+01
 2.47252048e+01 2.34654358e-03 -7.19230487e-01 -1.50521446e-03 2.43402421e+02 1.37048075e+01
 -6.55177234e+00 -1.34152564e-02 1.49198122e+00 -1.01716777e-03 5.36438923e+01 1.36988122e+01
 8.35175496e+00 -7.13756226e-03 1.47532880e-01 -3.59756013e-04 -2.88963066e+02 1.37015924e+01
 3.99368534e+00 -1.91742186e-02 1.94081630e+00 -9.93860862e-03 2.19150150e+02 1.37006620e+01
 -1.69096590e+01 6.56382333e-03 8.57872920e-01 1.05455008e-02 3.37958869e+01 1.36966044e+01
 1.73505191e+01 5.17626590e-03 7.32711225e-02 -4.97401210e-04 2.26969731e+02 1.37035203e+01
 1.39699636e+00 -1.75937130e-03 -7.29873125e-01 5.98614259e-04 1.96137525e+02 1.37001387e+01
 1.40320174e+01 -6.67496663e-03 6.88930185e-01 -2.10324484e-03 3.19641457e+02 1.37027208e+01
 -2.19935114e+00 -6.78230359e-03 -7.87176442e-01 -9.36778468e-03 -2.30000675e+01 1.36998743e+01
 -7.40520671e+00 2.77328804e-04 -2.45175628e+00 -2.84304927e-03 6.20644370e+02 1.36985345e+01
 -2.09570482e+01 -1.35098393e-02 -2.66868230e-01 1.91224963e-03 -4.51577013e+02 1.36956624e+01
 -3.88290221e+00 -6.01254259e-03 3.23405419e-01 6.65181483e-03 3.80545054e+01 1.36995148e+01
 -2.25253120e+00 -5.28276090e-03 1.02786550e+00 6.28557227e-03 -6.99966277e+01 1.36994076e+01
 3.88090669e+01 1.75898801e-02 -2.68862760e+00 -1.01840734e-03 2.56324921e+01 1.37076302e+01
 1.66411843e+01 4.47223943e-03 1.28375193e+00 1.28693920e-02 -5.73432567e+02 1.37034982e+01
 -1.24007801e+01 -5.48896964e-03 -1.04993798e+00 -3.97741421e-03 -7.08086604e+01 1.36976996e+01
 2.66721731e+00 1.10371969e-02 5.61738520e-01 -3.80529562e-03 2.14546581e+02 1.37005376e+01
 -7.93956055e+00 -2.23241527e-03 1.48287613e+00 2.28732179e-03 -3.64702989e+01 1.36983873e+01
 9.43470662e+00 -1.38005353e-02 -1.83292272e+00 -1.74192546e-03 1.78642005e+02 1.37017425e+01
 2.53602411e+01 -3.99232187e-03 -1.19268506e+00 5.46123306e-03 2.98516669e+02 1.37050921e+01
 5.73533153e+00 6.40474434e-03 1.09615051e+00 5.73134681e-03 2.82324767e+02 1.37010652e+01
 -6.93346965e+00 -1.03910167e-04 -2.89707663e-01 3.40511555e-04 6.23350773e+01 1.36983811e+01
 -6.64215372e+00 -5.48876789e-03 -1.04334801e+00 1.35008698e-02 -1.93798034e+02 1.36989126e+01
 1.35797768e+01 -3.54488099e-03 6.88506118e-02 1.55055415e-03 1.84821662e+02 1.37025473e+01
 6.13809354e+00 8.06152343e-03 -7.39266006e-01 -2.42585507e-03 1.72572097e+02 1.37010160e+01
 -1.71096916e+01 -4.10823371e-03 1.56769545e+00 4.98636295e-03 4.89977135e+02 1.36968237e+01
 1.24317012e+01 -1.53529147e-02 -1.86438372e-01 6.75754803e-04 -9.78209982e+01 1.37026748e+01
 -2.70957413e+00 1.63497500e-03 -4.41412732e-01 1.45099558e-03 -1.43746656e+02 1.36993464e+01
 1.82366326e+00 -5.69505682e-03 -8.87037291e-01 2.95377294e-03 -3.90778121e+01 1.37002192e+01
 6.22027207e+00 -1.34497631e-02 -9.88560582e-01 -3.98226612e-03 5.75971799e+01 1.37011466e+01
 -1.05246454e+01 5.24327717e-03 -2.25107913e+00 -7.71271852e-04 4.37497775e+02 1.36980212e+01
 -6.31972142e-01 4.86637294e-03 1.06610322e+00 3.87086582e-03 -1.36760608e+02 1.36998401e+01
 3.64004660e-01 6.21302946e-03 -3.64535036e-01 5.11944384e-03 2.09460812e+02 1.37001565e+01
 -1.17405909e+01 -1.90724735e-03 -6.27755787e-01 -3.70273012e-03 3.30850296e+02 1.36976306e+01
 -1.08412673e+01 -5.18452947e-06 1.49515819e+00 -1.76758263e-03 -2.92843965e+02 1.36981091e+01
 1.26320488e+01 6.06649274e-03 -3.04466654e-01 4.61753926e-03 -5.90119491e+02 1.37025331e+01
 6.18758910e+00 1.41364469e-02 1.33039924e+00 -1.36516674e-02 8.84111440e+01 1.37013880e+01
 -4.56852074e+00 1.54253203e-02 5.92810568e-02 2.93873347e-04 4.86654841e+02 1.36991089e+01
 -7.37694916e+00 -2.07664320e-03 1.32729613e+00 4.88928377e-03 -2.14036018e+01 1.36982609e+01
 -4.59711088e+01 4.09433739e-04 1.39405232e+00 2.20025224e-03 2.22117257e+02 1.36910763e+01
 6.82459172e+00 9.11781585e-03 -3.98199640e-02 5.65171742e-03 7.64931112e+01 1.37013351e+01
 1.22766705e+00 -7.59972202e-03 -9.35787396e-01 -3.81538273e-04 1.84893598e+02 1.37004514e+01
 1.94912664e+01 -4.51169768e-03 3.50082315e-01 -8.22711917e-03 1.21095397e+02 1.37041242e+01
 -1.77079750e+01 3.61142374e-03 -1.46080278e+00 -3.56125784e-03 -1.26574775e+01 1.36967486e+01
 -7.57391947e+00 -7.96886425e-04 -2.33279668e-01 -7.75224102e-03 -9.27354552e+01 1.36984394e+01
 -1.70517021e+01 -3.85352793e-03 1.60720629e+00 5.87755203e-03 8.07188686e+00 1.36968296e+01
 -2.59796034e+00 -1.09027431e-02 -1.24597875e+00 3.18824336e-03 -1.16197083e+02 1.36995795e+01
 -4.30583986e+00 2.23746042e-03 -1.35984279e+00 -2.04406428e-03 4.02243904e+02 1.36989810e+01
 -9.64752855e+00 -3.31611040e-03 -1.38292894e+00 -5.29652692e-04 6.41626892e+01 1.36981618e+01
 1.25063505e+01 -1.97562859e-03 1.46065547e-02 -1.36843838e-02 -3.94017616e+02 1.37026107e+01
 1.39434617e+01 1.52747532e-02 -9.11003585e-01 5.22198831e-05 -4.04509344e+02 1.37024827e+01
 -3.18385600e+00 -1.13071818e-02 -1.24220977e-01 -2.39723249e-03 2.23428424e+02 1.36992677e+01
 2.64607018e+00 1.70021177e-03 -1.01427603e+00 2.88519152e-03 -1.85454080e+02 1.37006891e+01
 -6.11112026e-01 -6.95492716e-04 2.51231048e-01 -7.51081521e-03 2.11885857e+02 1.36997800e+01
 -6.98514577e+00 6.93554963e-04 -1.58757964e+00 3.54362032e-04 3.84282528e+02 1.36986051e+01
 -1.93287981e+01 -9.13802183e-03 6.96572068e-01 2.07342652e-03 -1.67511005e+02 1.36962102e+01
 -1.65982425e+01 5.10234415e-03 3.70170318e-01 -1.01927660e-02 -3.25458940e+01 1.36968523e+01
 8.56133185e+00 4.68891756e-03 3.85238795e-01 -4.24280985e-03 -3.58768506e+02 1.37018526e+01
 1.14796646e+01 1.53312998e-03 2.05047681e-01 3.77915774e-04 1.83642537e+02 1.37021330e+01
 -1.49825227e+01 -1.94430304e-03 1.52753765e+00 6.89797653e-04 2.54537817e+02 1.36967141e+01
 -1.03558123e+01 7.84925854e-03 -4.12927468e+00 5.60844500e-03 -1.76748217e+01 1.36977590e+01
 1.38928145e+01 -1.34612573e-02 -6.99071898e-01 -1.36055734e-03 -2.96664038e+01 1.37025756e+01
 -5.84224719e+00 9.54869854e-03 -1.77058728e+00 5.92390295e-03 4.60020152e+01 1.36987281e+01
 -3.90047977e+00 5.93789972e-04 1.11729272e+00 -3.56905265e-03 5.86064115e+02 1.36991866e+01
 2.25386188e+01 6.40186199e-03 -8.92889490e-01 -6.67370642e-03 -1.75322241e+02 1.37047605e+01
 3.08439278e+01 -1.13519551e-02 2.24507143e-01 1.53368271e-03 -3.41962312e+02 1.37062285e+01
 7.84089642e+00 -6.00328712e-04 -8.06594123e-02 -5.80432480e-03 1.07000020e+02 1.37013567e+01
 2.14707266e+01 9.34632180e-04 1.17017183e+00 1.09719071e-02 1.09359119e+02 1.37043384e+01
 4.15984960e+00 -8.74017529e-04 -1.60893861e+00 7.10473781e-03 3.02722221e+02 1.37006432e+01
 -2.56875205e+00 1.38742857e-02 -1.59227140e-01 -6.77492123e-03 3.25559093e+02 1.36994903e+01
 -2.73128935e+01 -1.81308569e-03 9.55913573e-01 4.69900269e-03 -6.34201546e+02 1.36949350e+01
 -9.26376868e+00 8.89414760e-04 1.57148529e+00 -2.33959557e-03 -3.03064604e+02 1.36982411e+01
 -1.17394389e+01 1.09857843e-02 9.32761236e-01 1.05568076e-03 1.76255961e+02 1.36974560e+01
 -3.45159218e+00 -1.66706975e-02 1.29758561e+00 2.23285708e-03 -8.37292348e+01 1.36993921e+01
 1.68204281e+01 3.90790858e-03 3.74053029e-01 -7.22869668e-03 -9.48022597e+01 1.37037582e+01
 2.55904894e+00 9.70139957e-03 7.14371786e-01 -4.30508332e-03 1.30925139e+02 1.37002106e+01
 -8.38871599e+00 -8.46034426e-03 -9.65542150e-01 6.37210980e-03 -3.69666620e+02 1.36986700e+01
 -2.05624175e+01 -4.06241615e-03 1.22552141e+00 7.92392767e-05 1.64391005e+02 1.36957902e+01
 -2.01331837e+00 1.23118799e-02 -1.79287295e+00 5.33044122e-03 -6.71351422e+01 1.36998284e+01
 -1.84887342e+01 1.68523458e-04 6.38694818e-01 2.06837451e-03 1.31681858e+02 1.36965300e+01
 -5.63890114e+00 1.71780201e-02 1.03972983e+00 -9.44750717e-03 4.83542492e+00 1.36987310e+01
 -7.37608479e+00 1.28803122e-02 7.71251494e-01 2.86825874e-03 2.38681561e+02 1.36987157e+01
 4.64662453e+00 -8.85779868e-03 5.66428476e-01 -3.83794333e-03 -6.70029903e+02 1.37006604e+01
 -1.21275936e+01 -2.89811373e-03 -1.27794857e-01 3.48539558e-03 -5.25763542e+01 1.36977524e+01
 -1.81172169e+01 -3.20701639e-03 -2.33029311e+00 -3.92222056e-03 2.83697013e+02 1.36965837e+01
 -3.05049658e+00 2.06863000e-03 1.36109345e+00 3.61976682e-03 4.36082149e+02 1.36996265e+01
 1.76233616e+01 -3.55723863e-03 3.82857587e-01 -2.70762893e-03 -2.40547696e+02 1.37036749e+01
 -1.86285472e+01 -5.01410586e-03 9.02625388e-01 9.91468907e-04 1.08045088e+02 1.36965094e+01
 -1.30001726e+01 -2.07376952e-04 -1.83800528e+00 -3.65681742e-04 1.59932705e+02 1.36975982e+01
 1.24422878e+01 4.13809817e-03 2.31129892e-01 -1.19992095e-02 2.30378364e+02 1.37028193e+01
 1.45886681e+01 7.77069575e-05 -5.03750241e-02 -2.42210167e-03 3.17419300e+02 1.37029352e+01
 -1.73310305e+01 2.70771697e-03 -6.08880796e-01 -1.14261657e-02 -2.43151291e+02 1.36967704e+01
 -1.49342666e+01 1.28853699e-02 -2.00453019e-01 2.24622564e-04 5.02343881e+02 1.36971229e+01
 2.11069474e+00 -1.07792949e-02 8.11717763e-01 1.32918436e-02 -2.30029661e+02 1.37005511e+01
 1.20994725e+01 -1.19208109e-02 -1.23174314e-01 -4.22500061e-03 2.95396157e+02 1.37023874e+01
 -1.76324529e+01 5.72335736e-03 -8.96031916e-01 6.97532134e-03 -4.39504124e+02 1.36968361e+01
 -1.30645862e+01 -1.84484036e-03 -6.33396983e-01 9.90333362e-04 -4.07498061e+01 1.36973873e+01
 -2.71074254e+00 6.27066215e-03 -5.09088136e-02 3.03349981e-04 1.76181064e+02 1.36993829e+01
 -1.57628537e+00 1.29537141e-03 -1.54307239e+00 6.98112904e-03 5.35392380e+02 1.36995466e+01
 1.31143117e+01 -1.83100224e-04 -8.71087935e-01 -5.95964633e-03 -2.10533274e+01 1.37024061e+01
 9.71236834e+00 -6.46155577e-03 -7.59153496e-01 1.07093049e-03 -4.46190742e+02 1.37019074e+01
 2.42339034e+01 -6.33723010e-03 -2.08247890e+00 -1.62479155e-03 1.01748119e+02 1.37050107e+01
 1.28870562e+01 2.19716777e-03 4.15286072e-01 -3.27129997e-03 -3.72216013e+02 1.37025872e+01
 -7.39215356e-01 5.22383589e-03 -1.60032928e+00 5.64195629e-03 -2.70187368e+02 1.37000810e+01
 4.82661958e+00 5.43614904e-04 2.02630622e+00 2.94718827e-03 3.97968165e+02 1.37008607e+01
 -1.55233271e+01 3.30791838e-03 -1.98386398e+00 8.63909628e-03 -3.60298619e+02 1.36973593e+01
 6.13622149e+00 9.51754652e-03 1.20929130e+00 1.10859324e-02 4.75457993e+02 1.37016250e+01
 -1.75132607e+01 -8.23481090e-04 1.21239521e+00 -2.59479696e-03 -2.56011797e+02 1.36962138e+01
 -4.56547224e+00 -5.91033832e-03 -5.70274386e-01 2.71222565e-03 1.55394114e+02 1.36991526e+01
 1.76698429e+01 -4.53755853e-04 -2.40670700e-02 -6.36604580e-03 1.44554369e+02 1.37038118e+01
 -1.30745928e+01 -1.92193634e-02 8.56782888e-01 6.84647352e-03 -3.83496116e+02 1.36977812e+01
 7.41486929e-01 -6.85181886e-03 9.84287359e-02 3.98150179e-03 -3.01504878e+02 1.37000203e+01
 -1.87879531e+01 4.10492738e-03 -9.76611981e-01 -3.77176143e-03 8.87009412e+02 1.36961523e+01
 -6.42181045e+00 7.06503924e-03 1.36696749e-01 1.11009735e-02 -9.26933139e+01 1.36987328e+01
 5.29640178e+00 -4.77511761e-03 2.41868528e+00 -6.63346298e-04 8.90498125e+01 1.37009940e+01
 -1.74134733e+01 4.08455930e-03 1.10256049e+00 6.21754563e-03 2.24254288e+02 1.36963899e+01
 -8.42477068e-01 -4.86811654e-03 -1.82297551e+00 -1.09464948e-03 5.89194651e+01 1.36998639e+01
 1.29865073e+01 9.65893125e-03 -9.35934712e-01 1.25260982e-02 -2.50962046e+02 1.37023997e+01
 1.47757853e+01 -1.61498180e-03 1.45952040e+00 -2.50971277e-03 4.00464278e+02 1.37029041e+01
 1.57293124e+01 -1.42996708e-02 -1.64950338e+00 1.40149635e-04 7.67149192e+01 1.37030224e+01
 3.63834910e-01 -1.42914566e-02 -1.01670457e+00 2.22697041e-03 1.90865187e+02 1.37001494e+01
 -1.49008592e+01 -6.06737008e-03 3.25430861e-01 7.01618162e-03 -3.36330821e+02 1.36970171e+01
 6.66338319e+00 -3.41106858e-03 3.03854574e-01 -5.71565681e-03 3.31538464e+01 1.37011076e+01
 -1.13548254e+01 1.79821916e-03 1.54304038e+00 1.07411473e-02 1.52487254e+01 1.36973484e+01
 1.99928315e+00 -1.23750536e-02 1.36814730e-01 1.02622134e-02 -1.79372100e+02 1.37001606e+01
 3.49518650e-01 -2.33074186e-05 -2.14192224e+00 5.08163414e-03 -5.59883680e+01 1.37000988e+01
 -1.26787459e+01 -1.21542197e-02 6.68373621e-01 -6.20311017e-03 -3.86970605e+02 1.36974216e+01
 -1.44898742e+01 7.18224578e-03 6.86338127e-01 4.88880790e-03 1.49411885e+02 1.36972095e+01
 1.01853849e+01 -8.78852911e-04 2.61762434e+00 -1.37515925e-02 1.11740389e+01 1.37021865e+01
 -1.91608145e+01 6.03347452e-03 -1.68922037e-01 1.18353202e-03 1.96753792e+02 1.36964205e+01
 3.80261082e+00 -1.33681309e-02 -1.17775570e+00 -3.57281681e-03 5.88070611e+02 1.37006861e+01
 -7.05896874e+00 -1.25023426e-02 -8.68645408e-01 1.51554904e-03 3.94763423e+02 1.36988187e+01
 2.49239548e+01 7.86216567e-03 1.90325754e-01 6.76202022e-03 -5.61197363e+02 1.37047227e+01
 1.98008469e+01 -2.97450453e-03 3.18755351e-02 -3.13507857e-03 -4.58496772e+02 1.37040223e+01
 1.21809356e+01 -5.13214640e-03 -6.96698332e-01 4.10727860e-03 1.77089415e+02 1.37022902e+01
 -3.52940291e-01 9.30733072e-03 -1.55415432e+00 -5.29546922e-03 3.62492462e+01 1.36998794e+01
 1.78130924e+01 9.82189730e-03 6.15038957e-01 -3.14854738e-03 1.99137217e+02 1.37038072e+01
 1.25531687e+01 1.05552821e-02 -2.08476255e-01 -3.35763277e-03 3.05490650e+02 1.37024406e+01
 -1.05471112e+00 5.33174324e-03 -7.81234556e-01 -9.15959551e-03 3.03297530e+02 1.36997279e+01
 -1.22757242e+01 3.54637201e-03 -4.94813295e-01 -7.37546865e-03 3.72651994e+02 1.36977431e+01
 -1.13630079e+01 -1.02772247e-02 1.73191719e+00 3.04839068e-04 -5.96446758e+02 1.36977937e+01
 -4.87855071e+00 1.04215423e-02 -2.32662668e-01 -1.37749499e-03 -1.34105676e+02 1.36992564e+01
 1.44666941e+00 5.02855964e-03 -1.54836058e+00 -1.12154839e-02 3.56146919e+02 1.37001683e+01
 -3.69997235e+00 5.03530638e-03 1.23500508e-01 1.12679898e-03 -1.66813401e+02 1.36996123e+01
 3.06595570e+00 -5.47456438e-03 3.85998740e-01 -7.11218986e-03 -1.29999148e+02 1.37005744e+01
 -1.93419500e+01 3.15250325e-05 -2.87972944e-01 4.07097404e-04 -1.87698699e+02 1.36960314e+01
 1.17096860e+01 -9.11605995e-03 6.92211563e-01 4.54335017e-03 1.92693143e+02 1.37019491e+01
 2.51032934e+00 5.38419070e-04 7.44880332e-01 4.36117274e-03 -4.02465784e+01 1.37003093e+01
 1.10044697e+01 -2.19085936e-03 6.04693062e-01 -8.51763227e-04 -3.41548809e+02 1.37021910e+01
 2.16185260e+01 -4.98328328e-03 7.44709908e-01 -8.97745861e-04 3.08037870e+02 1.37042106e+01
 -5.16855070e+00 1.66972786e-02 -1.06351768e-01 -2.92895044e-03 -4.50679661e+02 1.36991182e+01
 1.73733074e+01 -1.00088145e-03 1.68187945e+00 -9.69628818e-04 1.15696982e+02 1.37035996e+01
 1.29599227e+01 -4.02766214e-03 2.01116036e-01 -3.26095702e-03 -3.92407339e+02 1.37028832e+01
 -2.23749356e+00 3.51568243e-03 3.64211003e-01 5.42549041e-03 1.48329829e+02 1.36996236e+01
 2.31749242e+00 -2.39683830e-03 5.35599885e-01 5.23987835e-03 -3.26129871e+02 1.37003072e+01
 2.01159114e+00 2.72675703e-03 3.86562326e-01 -6.49817464e-03 -4.86617900e+02 1.37003814e+01
 -1.31393727e+01 5.42209457e-03 -7.79900691e-01 1.92103890e-04 -3.41840989e+01 1.36975814e+01
 -2.97107708e+01 3.66236303e-03 -2.26769344e-03 -6.48678571e-04 -4.32253723e+02 1.36941786e+01
 1.14473170e+01 2.18428700e-03 7.88658651e-01 1.10444376e-03 -6.94625036e+00 1.37026325e+01
 -1.05952462e+01 8.83083993e-03 -1.17101727e+00 -2.28865622e-03 -1.88091330e+02 1.36976402e+01
 1.97014713e+01 7.96424678e-03 1.33024520e+00 -7.54479856e-03 -1.70705541e+02 1.37039757e+01
 -1.03078983e+00 -1.79969976e-03 -8.31901888e-01 1.30433194e-02 2.43434891e+02 1.36994326e+01
 -2.10628375e+01 1.23414119e-03 -2.96791003e-01 -5.02495131e-03 -2.12687313e+02 1.36958812e+01
 3.46827617e+01 5.30199273e-03 -4.20262600e-01 1.13897086e-02 -1.27458259e+02 1.37069031e+01
 -1.30076054e+01 -4.19917925e-04 -7.21861111e-01 -4.35539735e-03 2.07499031e+02 1.36972786e+01
 -1.51879734e+00 -3.97229496e-03 3.08621767e+00 -5.73943600e-03 -9.03386420e+01 1.36995885e+01
 1.10079133e+01 8.92099489e-04 -1.07423192e+00 -1.01641942e-02 -1.89112689e+01 1.37024052e+01
 3.44345906e+00 -1.41365206e-02 4.46186559e-01 -9.75854414e-03 2.55244372e+02 1.37002640e+01
 3.09774530e+00 -1.18897317e-02 -1.75116948e-01 1.03282927e-02 2.45311411e+02 1.37006760e+01
 -1.62323928e+01 5.25318343e-03 1.12952136e+00 3.75583724e-04 5.06312101e+01 1.36967050e+01
 4.94829944e+00 -5.10609461e-03 1.03925666e+00 1.06268254e-03 4.46246179e+01 1.37010150e+01
 -4.88181783e+00 2.97554013e-03 2.08718847e+00 -1.35405876e-02 1.57775585e+02 1.36989123e+01
 2.25540580e+01 1.98338429e-03 3.30973804e-01 -2.76939796e-03 -2.27489184e+02 1.37046931e+01
 1.95453389e+01 -6.38839583e-03 1.50573379e+00 4.34280689e-03 -2.68523636e+02 1.37040834e+01
 -1.09528210e+01 -3.11305992e-03 -7.36960957e-01 -6.98704588e-03 2.33514806e+02 1.36976681e+01
 -1.74080555e+01 1.42134658e-02 -5.30677501e-01 -6.71136203e-05 3.14444256e+01 1.36964906e+01
 1.77926541e+00 -2.33482804e-04 1.48103389e+00 1.88965036e-03 6.59688543e+01 1.37002333e+01
 -4.49693481e-01 7.24430282e-03 -7.69986401e-01 3.43469814e-03 -2.05816156e+02 1.37000399e+01
 -5.53784196e+00 2.40079811e-03 -2.09249015e-01 -8.16648102e-03 1.57235250e+02 1.36987620e+01
 -1.41659397e+01 9.54718417e-03 1.63852233e+00 -6.15238614e-03 -1.25211709e+01 1.36973509e+01
 5.29663190e+00 -6.35225731e-03 -9.74227529e-01 6.78632980e-03 -3.69711119e+02 1.37011901e+01
 8.58077371e+00 -1.13239460e-02 -1.66549485e+00 -3.52906216e-03 1.85414211e+02 1.37018390e+01
 -1.33524889e-01 8.91528959e-03 2.02904098e-01 1.59099443e-03 -9.24340241e+01 1.36996574e+01
 6.47204387e+00 -6.43600917e-03 -2.33413929e-01 1.91518933e-03 7.76633985e+01 1.37012795e+01
 1.11475550e+01 2.74080266e-03 -1.80972429e+00 -1.07503670e-03 -1.92733682e+02 1.37023078e+01
 9.92251830e+00 -9.45194999e-03 1.34118668e+00 -3.15753771e-03 9.79295360e+01 1.37019233e+01
 1.62762487e+01 3.46729947e-03 -3.49215150e+00 1.04422619e-04 1.41020182e+02 1.37033525e+01
 -1.44201964e+01 2.90976607e-03 1.87069862e-01 -2.68291517e-03 1.42884525e+02 1.36969012e+01
 2.13030092e-01 6.85622669e-03 -1.52899376e+00 -3.85121096e-03 1.94381497e+02 1.37000590e+01
 -2.57294403e+01 1.31784465e-02 -6.03397023e-01 1.70310454e-03 -1.85086515e+02 1.36947667e+01
 1.91909090e+01 2.54714488e-03 -1.51712048e+00 7.82180577e-03 -1.01379780e+01 1.37037877e+01
 1.54761595e+01 -8.77093419e-03 -1.26450232e+00 9.41776066e-03 1.95365317e+02 1.37032434e+01
 4.57625704e+00 4.44182546e-03 -1.58612271e+00 1.43586432e-03 -1.39649894e+02 1.37009355e+01
 2.02405060e+01 -7.14391442e-03 1.48685364e+00 1.18416932e-02 3.26774896e+02 1.37042399e+01
 2.47056900e+01 6.07222392e-03 -4.72029993e-01 1.29006183e-03 -2.15168197e+02 1.37049251e+01
 -6.91614993e+00 5.19756393e-03 -3.06327435e-01 -1.07271215e-02 -4.01775595e+02 1.36985820e+01
 1.63637615e+01 1.30708434e-02 -1.35080361e-01 -9.23811646e-03 -2.12078422e+02 1.37030682e+01
 -2.95201915e+01 4.77832382e-03 3.50324421e-01 1.33925940e-03 3.42300786e+01 1.36940332e+01
 -1.61479115e+00 1.04508439e-02 -4.42383203e-01 9.62322944e-03 3.25332427e+02 1.36995780e+01
 2.01504007e+01 9.06863850e-04 -2.26201677e-02 7.17442375e-03 -1.52870008e+02 1.37040997e+01
 -7.22747655e+00 -6.29908389e-03 -2.17882885e-01 -1.03287502e-02 -4.35393773e+01 1.36984512e+01
 -2.18164479e+01 5.52647117e-03 -9.87911624e-01 -5.54866630e-03 4.28357173e+01 1.36954694e+01
 -2.74046746e+01 3.53892928e-03 5.33174183e-01 -8.46852429e-03 -2.22332031e+02 1.36943936e+01
 5.38296861e+00 5.37665480e-03 -3.72010024e-01 -2.29957987e-03 9.08941693e+01 1.37011435e+01
 -9.52578670e+00 -2.40365994e-03 -7.12208289e-01 1.53160352e-03 2.52240827e+02 1.36981993e+01
 -3.68545767e+00 -1.28489176e-03 -5.76471231e-01 3.22631654e-03 -3.81240895e+02 1.36994094e+01
 1.78837558e+00 1.01018567e-02 1.66902652e-02 1.46747289e-02 -1.72940069e+02 1.37005426e+01
 2.09809793e+01 1.79612624e-03 1.39591840e+00 4.39298773e-04 -9.42610389e+01 1.37042206e+01
 3.55245827e+01 -1.33717640e-02 8.40674947e-02 2.76121256e-03 -2.09358445e+02 1.37072347e+01
 -9.74179011e-01 -7.76593142e-03 -7.49984137e-01 8.82277262e-03 1.27865879e+02 1.36995835e+01
 -7.33790767e-01 -5.69499785e-03 -5.52371890e-01 -1.18370521e-02 5.66708128e+02 1.36996597e+01
 -3.47592961e+01 2.36879137e-03 -4.38367145e-01 3.38512757e-04 -4.00899070e+02 1.36931558e+01
 -1.51877226e+01 5.77834884e-04 3.08976231e-01 1.65684321e-03 -7.31689130e+01 1.36970129e+01
 -7.45923335e+00 -1.05455857e-02 1.09488601e+00 1.23846275e-02 -4.96911649e+01 1.36981526e+01
 -1.52758185e+01 1.29977952e-03 -4.34912838e-02 -5.13378202e-03 3.36504753e+02 1.36969882e+01
 -8.67426762e+00 -1.46862698e-03 4.46154262e-01 -1.23568946e-02 3.98773795e+01 1.36983943e+01
 8.83091908e+00 -7.34850854e-03 -8.41259307e-01 4.48258042e-03 7.51314375e+01 1.37016317e+01
 -6.28525086e-01 1.22900531e-02 -4.23866725e-01 1.31154810e-03 5.85362172e+02 1.36999268e+01
 2.16312485e+00 4.58325170e-03 2.50221436e+00 1.61262983e-04 -1.87049836e+02 1.37000418e+01
 8.89521292e+00 5.89841068e-03 1.17466660e+00 2.27690311e-04 -2.83125859e+02 1.37016486e+01
 -6.79281878e+00 -4.97375485e-03 2.82209301e-01 -1.16761265e-03 2.97231126e+02 1.36984770e+01
 -3.24349029e+00 -6.29333017e-04 4.79719146e-01 1.21188105e-02 -1.81540973e+02 1.36991556e+01
 5.10529299e+00 -2.06408454e-02 -8.98855411e-01 -1.05579212e-03 5.85332406e+02 1.37008911e+01
 4.49511413e+00 -6.64887166e-03 -2.37523943e-02 -1.02945692e-03 4.11835953e+02 1.37010270e+01
 3.09517580e+01 5.81941017e-03 -1.00671789e+00 -5.99233008e-03 3.07097663e+00 1.37063277e+01
 1.11168650e+01 2.24383170e-05 7.67789352e-01 -8.36641799e-03 1.12860360e+02 1.37024213e+01
 -1.03773163e+01 1.12534091e-02 -1.59882038e+00 -5.66871815e-03 -1.81726616e+02 1.36978112e+01
 1.21403068e+01 8.48898674e-03 1.57137383e+00 -5.77961714e-03 9.81484264e+02 1.37022342e+01
 1.47219888e+00 6.42525847e-03 -4.82178989e-01 -1.63496488e-03 -9.75633530e+02 1.37004067e+01
 8.31168271e+00 -7.27719974e-03 -1.00272054e+00 8.00816075e-03 -1.19055920e+02 1.37020978e+01
 3.46074981e+00 2.36213793e-03 1.58215301e-01 1.42714824e-03 3.31322409e+01 1.37001831e+01
 -9.69510756e+00 1.44962376e-04 1.04163575e+00 -8.27293013e-03 1.56603567e+00 1.36978071e+01
 -9.82258545e+00 -3.99733399e-03 -3.05306816e+00 8.66956788e-03 5.39885154e+02 1.36983509e+01
 -1.50993998e+01 5.28878247e-03 -3.66642828e-01 1.30787878e-03 -2.04847535e+02 1.36968109e+01
 2.13875244e+01 1.16055651e-02 3.37105295e-01 -2.67316298e-03 2.54038480e+02 1.37041771e+01
 1.42508887e+01 2.40419776e-03 1.34908055e+00 1.54905330e-03 5.05131865e+02 1.37026855e+01
 -1.69173140e+01 2.87904714e-03 -7.71264308e-02 -4.29170380e-03 2.19761892e+01 1.36961579e+01
 -5.38544698e+00 -1.24648904e-02 -6.88748559e-01 -6.61464790e-03 5.92470477e+01 1.36989802e+01
 -1.23064580e+01 3.66644433e-03 -6.61223549e-01 4.01959437e-03 8.96868318e+01 1.36977155e+01
 5.49652977e+00 -2.33384351e-03 -2.80062231e+00 1.48849683e-03 3.97130158e+02 1.37014009e+01
 -1.04741501e+01 2.02755525e-03 4.71216496e-01 1.32457216e-03 -8.33744622e+01 1.36980423e+01
 -1.11843738e+01 -6.23610918e-03 -1.21841733e-01 -1.05753592e-02 -5.13189889e+02 1.36977917e+01
 6.92461878e+00 3.81549910e-05 -9.78096137e-02 -2.35006295e-03 -4.81220903e+02 1.37012339e+01
 -6.47099483e+00 7.19929772e-03 -3.17373897e-01 -3.46331964e-03 1.99850827e+02 1.36988486e+01
 -1.08888348e+01 -8.52195290e-03 1.71775770e-01 8.62819759e-03 1.85835153e+02 1.36977570e+01
 8.45129127e+00 6.26342654e-05 -9.73993052e-01 3.59616200e-03 1.97716614e+00 1.37016797e+01
 -2.40675977e+00 1.99658441e-03 -1.18567503e+00 -8.21984852e-03 -5.90426753e+02 1.36991880e+01
 9.35840427e+00 1.91565455e-03 1.79079387e-01 1.47890324e-02 -5.88257850e+01 1.37017562e+01
 -6.46039591e+00 -6.51414739e-03 -2.17585876e-01 -8.14428930e-03 -3.17030986e+02 1.36989174e+01
 7.71684406e+00 4.95606306e-03 -6.86332739e-01 1.14185799e-03 3.50975891e+02 1.37015990e+01
 -1.90759766e+01 1.85182272e-04 -1.46808999e+00 7.78911931e-04 -1.77244833e+02 1.36963249e+01
 7.82016536e+00 -7.80702654e-04 -1.72036186e+00 2.93912727e-03 1.64901953e+02 1.37015069e+01
 2.27966280e+00 -1.59741979e-03 -2.81537089e-01 1.19127535e-02 -1.92460498e+02 1.37005111e+01
 -1.00275314e+01 -2.83546756e-03 1.49288344e-01 2.63906665e-03 -8.54401204e+00 1.36982061e+01
 1.61158940e+00 -9.10355025e-03 -9.66204532e-01 1.00824651e-02 3.21326952e+00 1.37001965e+01
 4.40708898e+00 -2.63283655e-03 1.80743488e-01 -3.52533961e-03 -1.76543752e+02 1.37008250e+01
 2.12539476e+01 4.80896873e-03 -1.00895520e+00 1.70376762e-03 -1.32065441e+02 1.37039193e+01
 8.54187847e+00 -1.12792960e-02 -7.28652474e-01 -1.15595360e-03 -1.85068587e+02 1.37016612e+01
 8.95895316e+00 -4.67267881e-03 9.77406377e-01 -7.75723885e-03 -6.69756001e+02 1.37019524e+01
 -1.99092519e+01 -4.29698656e-03 1.52115762e+00 -2.64962592e-03 3.67775828e+02 1.36962607e+01
 1.05521734e+01 -7.16772407e-03 -1.22127165e-01 8.89951950e-03 -6.27281762e+02 1.37018513e+01
 4.36988988e+00 -8.37929080e-03 1.97734169e+00 1.18108152e-02 -3.87703201e+02 1.37007691e+01
 2.26772409e+00 1.31508313e-02 4.12740969e-02 -1.51592213e-03 -2.16961378e+02 1.37004139e+01
 -1.04900836e+01 1.15184902e-03 3.06841148e-01 -1.21966465e-03 -1.52136766e+02 1.36978208e+01
 7.46549553e-01 -2.75880198e-03 -4.55655241e-01 5.30352057e-03 -3.69201164e+02 1.37003265e+01
 7.12407325e+00 -4.02449549e-03 1.10950325e+00 -1.21886045e-03 -3.39027201e+01 1.37013276e+01
 -4.38024920e+00 -1.07703296e-02 -1.88658159e-01 -4.69365894e-03 3.07904306e+02 1.36992571e+01
 -1.71351168e+01 1.44645930e-02 7.21163628e-01 -1.60563652e-03 -1.28202203e+02 1.36966733e+01
 -3.06891280e+01 -1.12590881e-03 -1.47443620e-01 5.80936480e-03 -5.36563804e+02 1.36937668e+01
 -3.09139085e+01 4.27743767e-03 -5.68198090e-01 2.81010329e-04 3.72092915e+01 1.36940395e+01
 -1.01259593e+01 -8.33916194e-04 -1.36318465e-01 1.11837451e-02 4.83869839e+02 1.36979189e+01
 -3.72814525e+00 -1.65618815e-03 3.15340480e-01 8.21009078e-03 2.13912727e+02 1.36991433e+01
 -2.97833740e+01 -5.30888725e-03 2.85078975e+00 6.08605804e-03 -4.86679758e+01 1.36939491e+01
 -1.10450969e+01 8.78028817e-03 3.74089547e-01 1.76296501e-02 3.25238859e+02 1.36976360e+01
 7.66768877e+00 -1.92538827e-03 4.91236369e-01 1.34796952e-03 -1.28919067e+02 1.37012849e+01
 7.61148766e-01 4.78088777e-03 -3.02506139e-01 9.04264101e-04 -2.37613222e+02 1.37001257e+01
 1.81668502e+01 3.92477494e-03 -2.75480854e+00 -5.71956081e-03 4.51756617e+01 1.37034728e+01
 -1.95288915e+01 5.20854644e-03 8.58120455e-01 2.62467368e-03 -9.13374045e+02 1.36963007e+01
 -1.77494725e+01 5.44274219e-03 1.31617286e+00 6.38336041e-03 -3.50949453e+02 1.36962928e+01
 -1.59606010e+01 -7.22185040e-03 -2.77697322e+00 1.01748649e-02 8.44607291e+01 1.36970157e+01
 1.94243942e+01 -1.43485538e-02 -1.14195181e+00 -5.84893030e-03 1.58355277e+02 1.37035949e+01
 -7.00720912e-01 -1.45543213e-03 5.18216005e-02 3.44405519e-04 2.21325606e+02 1.36999754e+01
 -1.33202536e+01 5.85647918e-03 -1.12990846e+00 -2.31057448e-03 -1.18865693e+01 1.36975085e+01
 -5.06340595e+00 8.55506322e-04 -7.62624027e-02 7.70599222e-03 -4.93201628e+01 1.36990218e+01
 9.90625793e+00 4.84890896e-03 -8.97293858e-01 -7.08016236e-03 1.13598878e+02 1.37018517e+01
 -5.79644357e+00 2.83241377e-03 -1.97467608e-01 9.45804627e-03 -3.98818075e+02 1.36988371e+01
 8.92751530e+00 -3.52838809e-03 1.11301774e+00 -4.28530719e-03 1.61617310e+02 1.37018136e+01
 -7.42995328e+00 5.18842743e-03 7.94729181e-01 1.20110285e-02 -5.56686296e+02 1.36986299e+01
 -2.61709775e-01 -3.95864893e-03 7.89667120e-01 6.88935082e-04 1.61757305e+02 1.36997409e+01
 -5.22849020e+00 -1.60444543e-02 9.28760583e-01 4.39759654e-03 6.10218327e+01 1.36986749e+01
 -1.25147040e+01 -3.27052916e-03 -4.16788293e-01 5.00616240e-04 -2.57859308e+02 1.36975290e+01
 -1.27478068e+01 5.48180671e-03 2.92510070e-01 3.77597314e-03 3.01813895e+02 1.36972144e+01
 -8.45779976e+00 7.17881828e-03 1.17543393e+00 -1.31236367e-02 2.95977540e+02 1.36983663e+01
 2.26689063e+00 -4.93997047e-03 5.66575985e-01 1.35837966e-03 -4.19366817e+02 1.37008115e+01
 -1.32784214e+01 6.81821942e-03 9.52208610e-01 6.01523229e-03 3.83402264e+02 1.36971833e+01
 3.45150970e+00 1.16501092e-02 4.43664144e-01 -4.65781044e-03 -7.97451858e+01 1.37004278e+01
 1.30971578e+01 -9.88886440e-05 1.02406290e+00 -1.10844158e-02 -5.49124426e+01 1.37020710e+01
 5.45542997e+00 3.35307884e-03 1.50814394e+00 -1.31124912e-03 -2.12226415e+02 1.37009128e+01
 -1.61443601e+01 -5.27004626e-03 -1.55422564e-01 -1.56088798e-04 3.53884603e+02 1.36971420e+01
 1.88080908e+01 -1.28265567e-03 -1.74913736e+00 3.71026746e-03 -1.54788979e+02 1.37035744e+01
 -1.38375191e+01 5.56583149e-04 2.18622702e+00 3.77696293e-03 1.79473642e+02 1.36973247e+01
 -8.31717054e+00 -6.54789346e-03 -1.71969612e+00 3.95740889e-03 -1.22342434e+02 1.36984517e+01
 2.03629181e+01 -7.86643638e-03 4.81775530e-01 6.28251909e-04 -1.22211913e+01 1.37039422e+01
 -2.45095445e+01 7.70996277e-03 -7.99666108e-01 -1.08818767e-02 2.12283967e+02 1.36951231e+01
 1.33365048e+01 6.14799335e-03 -7.03952421e-01 9.75268363e-03 -3.78689868e+02 1.37025040e+01
 4.42924676e+00 -1.21152899e-02 -3.81118042e-01 -8.16868494e-03 -5.28403267e+02 1.37005488e+01
 1.47710146e+01 -6.86500558e-03 -6.10107855e-01 -4.53348806e-03 -7.79242217e+02 1.37030424e+01
 -8.33450021e+00 -1.30898704e-03 -1.16952789e+00 -8.24698615e-04 -6.46418542e+02 1.36982964e+01
 -3.47663891e+00 -5.87471377e-03 2.15108230e+00 7.50640820e-03 5.10308773e+02 1.36994071e+01
 6.39577795e+00 4.71298950e-03 -1.42071225e+00 2.08629965e-03 -2.73605261e+02 1.37012566e+01
 -4.55973327e+00 -1.93737557e-02 8.72493041e-01 -4.27335154e-03 1.70279962e+02 1.36988644e+01
 -2.57445960e+00 -7.47001149e-03 1.05333957e+00 -8.60946211e-03 3.02278308e+02 1.36996732e+01
 1.56356077e+01 5.10232885e-04 3.21025349e-01 -8.15483516e-03 1.99809887e+02 1.37032169e+01
 8.79871997e+00 4.58921369e-03 1.66268606e+00 -4.22932900e-03 7.70358330e+01 1.37020803e+01
 9.57168516e+00 -4.89435819e-03 -4.49259990e-01 -8.93917080e-03 -8.78942147e+01 1.37018569e+01
 4.01317598e-01 -7.97656652e-03 2.50485296e-01 -5.12890524e-05 3.73995435e+02 1.37001555e+01
 -1.45889964e+01 -8.92398504e-03 -1.84846810e+00 -4.14271724e-03 -3.10793311e+00 1.36972042e+01
 3.77226962e+00 -1.21251486e-02 1.90098464e+00 5.39298068e-03 4.48212321e+02 1.37009351e+01
 1.46970653e+01 9.31724120e-03 7.88943390e-01 -1.01593261e-02 -6.00288699e+01 1.37026613e+01
 1.63710803e+01 1.47565131e-02 7.82837460e-02 1.28166666e-03 -3.53620800e+01 1.37031806e+01
 -1.60674675e+00 -1.28600186e-03 -8.45176245e-02 -2.96108109e-03 -4.60251732e+02 1.36998045e+01
 -1.77090226e+01 -2.80109800e-03 3.90671924e-02 -7.38954152e-03 1.50120803e+02 1.36966345e+01
 3.82468907e+00 6.02183241e-03 -1.11679707e+00 1.00543305e-03 -1.93915163e+02 1.37008151e+01
 2.01798859e+01 -7.26000017e-03 2.16691276e-01 1.37978726e-02 -3.01502026e+02 1.37039469e+01
 1.27465160e+01 5.78831835e-03 -4.56864810e-01 -3.05399803e-03 5.24492009e+02 1.37023928e+01
 -1.00929721e+01 6.63613026e-03 -1.41380642e+00 -3.93639403e-03 4.05415233e+00 1.36979517e+01
 5.37422568e+00 -6.16084207e-03 3.81030350e-02 -6.61903366e-03 -9.32998843e+01 1.37009529e+01
 4.78571074e+00 -1.06523161e-02 -1.32640893e+00 5.00904659e-03 5.48273838e+02 1.37011170e+01
 -7.91467623e+00 -5.35764983e-03 1.23844369e+00 3.03968278e-03 7.71552151e+01 1.36985727e+01
 2.62244056e+00 6.28918446e-03 -1.64723908e+00 1.13845144e-03 2.19609999e+02 1.37002602e+01
 1.49717313e+01 -8.68877563e-04 -1.01508077e+00 -1.21976886e-03 9.97654436e+01 1.37031173e+01
 8.16871036e+00 7.17227900e-03 1.59179127e+00 4.02952322e-04 -2.36315461e+01 1.37017152e+01
 1.47960533e+00 1.67709447e-03 -9.80138948e-02 5.94910870e-03 1.53350561e+00 1.37001502e+01
 -4.37320779e+00 -6.22990937e-03 3.51397507e-02 -4.00729191e-03 3.50413970e+01 1.36987873e+01
 -5.87152664e+00 4.75597061e-03 -3.89302600e-02 4.30523387e-03 -2.70223224e+01 1.36988630e+01
 6.55743598e+00 6.74552552e-04 -2.96206750e-01 9.80728935e-03 8.85940406e+01 1.37016259e+01
 -9.43895686e+00 3.11613839e-03 2.53299610e+00 -3.13217501e-03 5.29909204e+02 1.36983294e+01
 -1.93229543e+00 -1.83892123e-03 -1.44368327e+00 -1.33367535e-02 -2.12402298e+02 1.36999611e+01
 -1.19971933e+00 -4.01690444e-04 -1.95898350e+00 1.72312229e-03 1.33668889e+00 1.36999094e+01
 1.29629000e+01 -8.22157842e-03 2.95218397e-01 3.24455956e-03 -5.39200577e+02 1.37027140e+01
 5.71112530e+00 3.19760990e-03 1.92396227e-01 5.29085793e-03 -4.03242365e+02 1.37010844e+01
 -4.05482182e+00 2.10254554e-03 -1.92489448e+00 -6.83326732e-03 3.11483247e+00 1.36990098e+01
 -1.93288152e+01 1.58684597e-02 -6.94699514e-01 1.37959592e-03 4.78252416e+01 1.36961721e+01
 1.52491066e+01 3.70220686e-04 -1.08942640e+00 9.99365971e-04 2.19552575e+02 1.37027871e+01
 -8.95828001e+00 7.21492484e-04 -8.40710715e-01 -3.50676643e-03 2.49097962e+01 1.36980587e+01
 -2.63276481e+01 5.11532285e-03 -1.02154890e-01 -1.27777442e-03 -4.65957167e+02 1.36949777e+01
 2.03568750e+01 1.83362175e-03 2.49655843e+00 -3.11715997e-03 1.75763482e+02 1.37037509e+01
 -1.33162326e+01 -7.00018037e-03 7.17620568e-01 7.80101101e-03 1.21038752e+02 1.36971536e+01
 7.41566532e+00 -7.02689099e-03 -2.16226742e-01 4.48272925e-03 -4.56045259e+01 1.37015313e+01
 -2.07473987e+01 -1.01769788e-03 4.64207114e-01 -1.81166461e-03 1.33570270e+02 1.36961243e+01
 2.01701362e+01 -1.18889801e-02 2.92814490e+00 3.66161798e-03 -1.85516989e+02 1.37041899e+01
 -6.31189406e+00 1.57285083e-02 1.13548210e+00 -7.31920391e-03 4.74559154e+01 1.36988408e+01
 -1.82837332e+01 -6.03039839e-03 -1.16387673e+00 7.67384786e-03 -6.21542727e+01 1.36964686e+01
 5.81819575e+00 1.36112705e-02 -1.12063349e+00 -5.90101403e-03 3.69925702e+02 1.37009529e+01
 3.99906011e+00 -3.50705866e-03 6.98570140e-01 -1.88588501e-02 -2.32699368e+02 1.37009284e+01
 -4.87181011e-01 9.76022501e-03 1.54884233e-01 1.61215253e-03 8.97298495e+01 1.36995832e+01
 -1.64582022e+01 -6.44385229e-03 -9.63181305e-01 -3.55561619e-03 -1.81812377e+01 1.36969190e+01
 4.54580345e-01 -4.14207170e-03 -3.64409740e-01 3.85378936e-03 1.32364142e+02 1.37000206e+01
 1.84534409e+01 -1.67527138e-02 1.07308866e+00 6.57517358e-03 2.05645575e+02 1.37034199e+01
 -1.14790151e+01 -3.99679163e-03 -8.50645880e-01 -3.51615166e-03 8.64959176e+01 1.36975664e+01
 -6.91065379e+00 1.44752791e-02 -6.34677836e-01 -6.93510321e-03 -4.67520100e+02 1.36983953e+01
 4.47295572e+00 1.02255623e-03 -1.43259667e+00 7.43425171e-03 -1.12756917e+01 1.37011035e+01
 -1.51667338e+00 -1.46404823e-02 -1.09414191e+00 -8.23840189e-03 -1.77129637e+01 1.36995583e+01
 1.81093122e+01 -2.95761998e-04 2.92662005e-02 1.38243972e-03 -1.09321662e+02 1.37034960e+01
 -1.68766985e+01 -1.67432825e-03 1.88979679e-02 4.50677135e-03 -1.75998324e+02 1.36968455e+01
 7.42533205e+00 -6.06247920e-03 -2.19924287e+00 -5.99994099e-04 2.60024311e+02 1.37013802e+01
 5.38374263e+00 1.17523791e-03 1.76853039e+00 6.85164908e-03 -1.74502354e+02 1.37012281e+01
 2.93278667e+00 -1.18134393e-02 -1.86945194e+00 -1.11736016e-03 -4.43849193e+01 1.37003934e+01
 -1.00716871e+01 6.48601155e-03 -1.35057189e+00 1.46851906e-03 1.35733487e+01 1.36978891e+01
 -2.01682563e+00 -4.27668244e-03 -5.43125540e-02 6.17319257e-03 2.29741542e+02 1.36993439e+01
 1.04570654e+01 -2.07888775e-03 1.85096108e+00 -4.71119084e-03 -6.95941601e+02 1.37018610e+01
 -1.16900823e+01 3.85244081e-03 1.61139979e+00 3.84309981e-03 4.83686549e+01 1.36974387e+01
 8.21823345e+00 -9.78252637e-03 3.37167350e-01 7.22241123e-04 -2.28424012e+02 1.37015234e+01
 1.99905745e+01 1.68738000e-03 1.95846598e+00 -1.60917655e-03 -3.34970345e+02 1.37038613e+01
 7.23373457e+00 1.33043625e-02 1.79653796e-01 -1.54953505e-03 3.51893794e+02 1.37013686e+01
 -2.21111439e+00 -1.00219620e-02 1.16453483e+00 -8.79949231e-04 4.12455365e+01 1.36993635e+01
 -1.46166753e+01 -9.58183955e-03 -2.97473023e+00 -1.97020322e-04 1.88833919e+02 1.36967011e+01
 7.44366000e+00 3.77371030e-03 -1.87007206e+00 -5.60977255e-03 1.91625758e+02 1.37016075e+01
 -2.39340662e+01 -8.29590963e-03 1.77677080e+00 -2.63813956e-03 -4.23947878e+02 1.36952612e+01
 7.03389251e+00 3.47365562e-03 1.12256686e+00 -5.55763065e-03 1.07676430e+02 1.37013656e+01
 -9.20833295e+00 -5.81469078e-03 -1.58128239e+00 -4.66203337e-04 -2.77511263e+02 1.36979966e+01
 -2.02922114e+01 -1.17615547e-02 -1.09477300e+00 -4.20994326e-03 -9.57252653e+01 1.36960525e+01
 2.18478823e+01 -1.25986568e-02 -5.64045403e-01 1.63365337e-03 -1.85543555e+02 1.37045866e+01
 -2.85828873e+00 6.64296747e-04 9.49094182e-01 -1.21426669e-02 -1.71503460e+01 1.36995895e+01
 1.90869067e+01 8.53912215e-04 9.66795544e-01 1.85889894e-02 9.59542822e+01 1.37037725e+01
 -7.83135942e+00 6.31336347e-04 -8.15676756e-01 -9.56485981e-03 -3.73177094e+02 1.36986635e+01
 6.55152034e-01 -9.50900867e-03 3.82985375e-02 3.31361971e-03 -2.47069223e+02 1.37001797e+01
 4.13400168e-01 -4.10768823e-03 -1.95780469e+00 1.72806669e-03 4.72660580e+01 1.36999081e+01
 -8.23976814e+00 3.84335577e-03 3.13811399e-01 3.19378284e-04 -5.26529952e+01 1.36983913e+01
 -8.55660686e+00 7.86256668e-03 -9.37171267e-01 -4.91895654e-03 1.26954933e+02 1.36982121e+01
 -3.98929780e+00 -1.90014602e-03 6.44253153e-01 1.91491203e-03 -6.00035497e+01 1.36990998e+01
 1.24634649e+01 3.18642326e-03 8.29566390e-01 1.08796908e-02 -3.31730808e+02 1.37023007e+01
 1.44620808e+01 4.10480251e-03 9.65992687e-01 -4.55162633e-03 3.50175625e+02 1.37028313e+01
 9.87467631e+00 5.87540177e-03 -4.02554918e-01 -2.71043254e-03 -2.95631144e+02 1.37019246e+01
 -1.09386112e+01 -3.33055972e-03 1.87385529e+00 8.21566587e-03 4.91295269e+02 1.36982375e+01
 -1.11642441e+01 -1.15633076e-02 2.00278319e+00 3.36873186e-03 -3.01758191e+02 1.36981064e+01
 1.39734979e+01 9.17668240e-03 -2.02192476e+00 3.82554333e-03 1.26146157e+02 1.37025071e+01
 5.87176859e+00 -1.31562434e-02 -5.84405929e-01 7.31677023e-03 -2.28164329e+02 1.37013018e+01
 5.02725452e+00 4.53276659e-03 -1.22838842e-01 -5.28937160e-03 -1.58973531e+02 1.37007787e+01
 1.64827878e+01 -1.29235692e-02 -1.27832834e+00 -2.39537528e-04 1.73590831e+02 1.37031296e+01
 -5.46209091e+00 1.28948236e-02 -9.03191626e-03 -9.65520791e-04 7.14126869e+00 1.36986465e+01
 5.63625934e+00 9.51494751e-03 6.48082507e-01 -1.46880697e-02 1.63089262e+02 1.37012713e+01
 -2.23120945e+00 2.79332228e-03 6.61113047e-01 3.32120371e-03 2.03554099e+00 1.36996840e+01
 1.22892656e+01 -6.93494747e-04 -1.39687601e+00 -6.64606544e-03 -3.02156964e+02 1.37025040e+01
 -8.25407064e-01 -3.72204346e-04 -1.62409307e-01 -3.85037230e-03 1.37438210e+01 1.36998686e+01
 -4.68889043e+00 -9.01383373e-04 2.22096133e-01 3.69065372e-03 3.18993906e+02 1.36993425e+01
 2.03979394e+01 -4.00749621e-04 1.69413769e+00 6.99561353e-03 1.90379501e+02 1.37043304e+01
 -1.16965450e+00 -3.56825291e-03 -2.84060851e-01 -7.41517987e-05 -1.91566979e+01 1.36996743e+01
 -7.46508867e+00 -8.80667440e-03 9.96226895e-01 -1.37903554e-03 2.82813212e+02 1.36984751e+01
 6.02220261e-01 4.75644604e-03 -1.88349860e+00 -4.02559144e-03 6.11619323e+01 1.37003851e+01
 9.26529081e+00 2.54717275e-03 -1.11699458e+00 9.66172915e-03 -5.39799966e+01 1.37014332e+01
 5.78649908e+00 4.14894058e-03 9.32602257e-01 -6.49050529e-03 1.20982261e+02 1.37010479e+01
 -2.11169598e+01 -2.95396948e-03 5.29090078e-02 -4.07307840e-03 4.51756360e+02 1.36957110e+01
 -9.68865065e+00 -3.28384974e-03 -9.93273766e-01 -2.44817785e-04 9.75852270e+01 1.36979833e+01
 -2.25085953e+01 -2.86125900e-03 6.63763165e-01 -1.38809014e-03 1.12866179e+02 1.36956230e+01
 -8.63414365e-01 -6.32772613e-03 6.42476644e-01 1.95810643e-03 -3.22191401e+02 1.36995849e+01
 -8.48729543e+00 -8.60234054e-03 -9.66917713e-01 -9.19477362e-03 -6.80786300e+02 1.36981069e+01
 1.16572280e+01 -1.15773009e-02 4.81142541e-01 5.46098896e-03 -1.03161256e+02 1.37022395e+01
 3.60025478e+00 7.96718477e-03 -6.24233235e-01 2.54840428e-03 -1.41259594e+02 1.37009492e+01
 -7.56840170e+00 -1.05219849e-02 -1.60749080e+00 2.01559732e-03 6.22147013e+02 1.36985176e+01
 2.01222742e+01 -1.23594209e-03 -6.07357645e-01 1.09865578e-02 -5.46970709e+02 1.37042218e+01
 -6.94140273e+00 3.97203012e-03 -2.46500368e+00 2.11161779e-03 1.57053948e+02 1.36986836e+01
 -1.83318012e+01 2.53382172e-03 -5.25958479e-01 3.96111415e-04 -8.66381809e+01 1.36961406e+01
 -2.50121825e+01 7.74108518e-03 -4.83705131e-01 -9.16792628e-04 -1.60222210e+02 1.36948319e+01
 2.62679850e+00 -8.79415250e-03 -2.11263740e+00 6.57632909e-03 3.59947447e+01 1.37007508e+01
 -3.62805795e+00 3.59397295e-03 -1.07406460e-01 2.88649336e-03 2.55455209e+01 1.36991282e+01
 -2.70081338e-01 -1.14659922e-02 1.22924849e-01 3.84879471e-03 -8.09289763e+01 1.36998056e+01
 4.76460320e+00 1.90461432e-03 -4.00002887e-01 1.07997066e-02 -3.70351281e+02 1.37010918e+01
 -1.99887606e+01 1.16767309e-02 -8.78024033e-01 -1.25572533e-03 -3.26871814e+02 1.36961694e+01
 -2.22318432e+00 1.07840822e-02 1.01764188e+00 -4.59205551e-05 -8.66663135e+01 1.36994450e+01
 5.12155207e+00 -8.29654674e-05 -2.45648695e+00 -4.45348920e-03 -1.31951397e+02 1.37013173e+01
 -2.27594174e+01 1.05365597e-02 9.94919082e-01 2.03423737e-03 3.22403649e+02 1.36954985e+01
 -3.03281792e+00 6.09372131e-03 -1.93514387e+00 3.06463053e-03 5.11201304e+02 1.36993106e+01
 1.55434851e+01 3.67802534e-04 -9.42138074e-01 -1.11563040e-02 1.31618333e+02 1.37031254e+01
 9.62541657e+00 6.43827028e-03 -8.46356135e-01 -1.11945139e-03 -5.49407796e+01 1.37019135e+01
 -1.11690330e+01 -1.05778127e-02 7.88828657e-01 7.73463736e-03 1.89801616e+02 1.36974630e+01
 3.15909224e+01 -3.59184324e-03 3.99158638e-01 2.95440207e-03 -1.96996733e+00 1.37065122e+01
 3.30316595e-02 -1.63834668e-02 2.18985927e-01 1.76227068e-04 2.43407548e+02 1.37001230e+01
 1.51070358e+01 -3.73786791e-04 1.83263563e-01 -5.67364783e-03 1.14813939e+02 1.37027845e+01
 5.85575874e+00 -1.07553676e-02 4.68226560e-01 -3.33748644e-03 -3.01252578e+02 1.37013719e+01
 -2.58796881e-01 -1.08721783e-03 -8.06488898e-01 2.62823009e-04 7.96173169e+01 1.36998641e+01
 1.42072779e+01 1.14209665e-03 -7.03799093e-01 -1.26004254e-02 2.96007160e+02 1.37027304e+01
 2.50433802e+01 -7.19564024e-03 -2.98506235e-01 -7.22108500e-03 -4.21400544e+02 1.37048691e+01
 -2.30990201e+01 -9.90161259e-03 -1.83566522e+00 -6.25687985e-03 -1.02030638e+02 1.36955237e+01
 1.53918978e+01 -2.54017219e-03 -2.87889234e-02 -9.53247255e-03 1.12918023e+02 1.37029503e+01
 -1.59726997e+00 -1.08520542e-02 -4.46677268e-01 1.00669036e-03 2.09314206e+02 1.36994915e+01
 2.52359784e+00 -6.27996660e-03 -2.22878824e+00 8.68849370e-04 2.12265917e+02 1.37003038e+01
 1.34460534e+01 2.87393174e-03 9.51220997e-01 -6.18295260e-03 4.82780084e+02 1.37026597e+01
 1.53219104e+01 -4.37027346e-03 -1.42992220e+00 -6.57977520e-03 -6.62032419e+01 1.37027953e+01
 7.93610307e+00 -4.63532859e-03 8.36215110e-01 8.33606871e-04 -1.48792134e+01 1.37015564e+01
 -9.64830221e+00 -7.59790043e-03 -6.70802735e-02 -3.88924276e-03 -8.10162580e+00 1.36980148e+01
 -2.74926726e+01 1.12370823e-03 -1.94736829e+00 1.64078914e-03 1.81917526e+02 1.36942433e+01
 -1.80876489e+01 -6.87591932e-04 1.07441974e+00 1.08800554e-02 9.14552941e+02 1.36965078e+01
 -5.01567204e+00 7.32425686e-03 7.89396867e-01 8.58149843e-04 -1.10556830e+02 1.36991160e+01
 -2.87749384e+01 -7.62818853e-03 2.29408351e-01 2.84008236e-03 -1.26086102e+02 1.36947053e+01
 -4.06489986e+00 5.06573024e-03 -1.08021025e+00 5.85434160e-03 -9.73641411e+01 1.36992064e+01
 6.84249538e+00 1.78498222e-02 -8.84212195e-01 5.83721459e-03 1.90656787e+02 1.37013835e+01
 6.87965922e+00 1.65053294e-03 1.52353681e+00 3.43678859e-05 4.94033313e+02 1.37011042e+01
 9.25341457e+00 8.33020304e-03 -1.07707743e+00 -3.81644230e-03 5.66374124e+02 1.37020658e+01
 1.15901903e+01 -4.82419463e-03 -2.08632260e+00 -5.47166325e-03 3.31829936e+01 1.37024794e+01
 1.49289829e+01 -3.04767457e-02 -6.96134217e-01 1.06718342e-02 2.82473252e+02 1.37031396e+01
 -8.21621935e+00 -1.60852073e-02 2.02621195e-01 5.66796157e-03 -6.36445379e+02 1.36982062e+01
 -2.19650224e+01 -1.21276702e-02 3.09048966e-01 -1.95050578e-03 5.09267416e+02 1.36954239e+01
 5.92839760e+00 -2.12505264e-02 6.52508288e-01 -2.79075056e-03 1.18955646e+02 1.37011999e+01
 -6.10575361e+00 -9.33597413e-03 5.12482909e-01 2.60165488e-03 -1.37436558e+02 1.36987100e+01
 -1.13652732e+01 4.85878787e-03 -5.18864018e-02 -5.90435708e-03 5.13954230e+01 1.36975885e+01
 -5.24550149e-01 2.00410523e-03 -9.13229313e-01 -8.00707767e-03 -2.03718198e+02 1.36998300e+01
 -1.93325503e+01 4.61948090e-03 1.47636645e-01 3.68808316e-03 1.89259898e+02 1.36957210e+01
 -7.24494463e+00 2.30128972e-03 -1.67551862e+00 -3.36797892e-03 2.01470386e+02 1.36985475e+01
 5.20459464e+00 -1.47003672e-02 -1.18929950e+00 2.25771537e-03 -8.58934893e+01 1.37012263e+01
 -1.37548333e+00 1.22847044e-02 -1.84276323e+00 1.55266742e-03 1.12184515e+02 1.36994096e+01
 -9.56120487e+00 2.02798659e-03 2.03327890e+00 -3.62073889e-03 -6.31294118e+01 1.36977306e+01
 2.79329399e+01 -6.48964632e-03 -3.32526800e+00 3.19985930e-03 -8.85406073e+01 1.37060047e+01
 1.59047873e+01 1.07142327e-02 -1.33412069e+00 -4.48837580e-03 1.34223269e+01 1.37032464e+01
 -1.50486342e+01 -1.37707610e-02 1.47868893e+00 -3.69685631e-03 4.08083607e+01 1.36970849e+01
 4.52405188e+00 2.22909122e-03 -2.66541650e-01 -4.81344996e-03 3.10962046e+02 1.37005970e+01
 2.96628637e+00 -8.77340165e-03 5.50610077e-01 7.37228382e-03 -6.11377513e+02 1.37005825e+01
 -1.46299351e+01 6.59839804e-03 -3.69603829e-01 -6.30879494e-03 1.91255366e+02 1.36969508e+01
 -8.22069076e+00 1.90904965e-03 2.97359970e+00 6.20426170e-04 4.09386136e+02 1.36984242e+01
 1.18947239e+01 1.29185320e-03 3.54822104e-01 -8.49024895e-03 5.80539517e+01 1.37021599e+01
 -1.36190744e+01 -4.55880958e-03 -2.25161307e+00 3.53807819e-03 4.64890175e+02 1.36975143e+01
 1.01948071e+01 -1.52250001e-02 2.32862629e-01 -3.89743857e-03 -9.21100844e+01 1.37018318e+01
 1.21833465e+01 -3.15735985e-03 -8.08752067e-01 5.62948371e-03 3.12290402e+02 1.37025309e+01
 -1.55993105e+01 3.69955074e-03 -1.19342596e+00 -1.35532484e-02 -3.27377975e+02 1.36969008e+01
 -2.69643060e+00 1.23184018e-02 -5.13585309e-01 -5.44365113e-03 -4.76470534e+01 1.36993658e+01
 4.12977377e+00 -6.32378265e-03 -9.25845951e-01 2.00565439e-03 -1.90705998e+02 1.37006853e+01
 -5.25879321e-01 6.69531944e-03 2.18991246e+00 7.89567059e-03 2.59092873e+02 1.37000446e+01
 1.00250914e+01 -1.22719673e-02 3.19815629e-01 -2.95813050e-03 -4.36013894e+02 1.37019011e+01
 2.31779210e+01 2.65746602e-03 1.39789283e-01 -3.44470999e-03 1.10271482e+02 1.37048876e+01
 -8.79952596e+00 -7.53978015e-03 -1.05569555e-02 -4.45205138e-03 2.88413857e+02 1.36977766e+01
 -1.49075160e+01 1.25156422e-02 -1.86173974e-01 -2.48699023e-03 -1.12309918e+02 1.36968730e+01
 -6.96709706e+00 -9.88230318e-03 -1.74101592e+00 -1.55224366e-03 6.80468129e+01 1.36985855e+01
 -3.83089917e+01 2.58171352e-03 1.22477032e+00 1.47118236e-03 1.65267574e+02 1.36920465e+01
 1.56408783e+01 -1.97833633e-03 1.86665975e+00 5.61621531e-03 2.08172736e+02 1.37029375e+01
 1.08302321e+01 9.34607401e-03 4.50691916e-01 8.60766692e-03 1.23691762e+02 1.37024912e+01
 3.83836656e+01 -2.99019090e-03 1.94004674e+00 9.36296522e-03 -4.97759541e+01 1.37081290e+01
 -2.60422498e+01 -9.64448849e-03 2.65972121e+00 -3.13311741e-03 -2.26562621e+02 1.36949982e+01
 -9.45309200e+00 6.87973965e-03 3.56177127e-01 3.86476413e-03 -3.89536601e+01 1.36981469e+01
 6.53463690e+00 -3.40728611e-03 1.13401223e+00 1.28668607e-02 6.38039939e+02 1.37012419e+01
 6.68149276e+00 5.66734416e-03 -2.92424842e-01 -3.39471357e-03 8.36479545e+01 1.37010787e+01
 -1.29013015e+01 1.52590348e-04 -2.61820846e-01 1.28768495e-03 4.83659562e+02 1.36975876e+01
 -1.82460916e+01 2.18736969e-02 -7.51584163e-01 -1.13410360e-03 -9.46763923e+01 1.36964191e+01
 1.94595465e+01 3.70282972e-03 -1.22552588e+00 6.41318656e-06 1.89998758e+02 1.37036933e+01
 1.69046400e+01 -4.34911064e-03 -1.27679132e+00 -4.63311274e-03 -2.60306951e+02 1.37032123e+01
 2.02658237e+01 -1.02587144e-02 -1.27037546e+00 -3.40812574e-03 -1.29111606e+02 1.37042561e+01
 -5.59767344e+00 -1.06213631e-02 6.25850089e-02 -9.11949749e-03 2.36661536e+01 1.36986416e+01
 -1.14977276e+01 6.59782548e-03 -6.07058053e-01 6.54534482e-03 -4.77939545e+02 1.36975433e+01
 1.78836465e+01 -3.76919182e-03 1.41126592e+00 1.20056732e-03 1.98030100e+02 1.37036576e+01
 1.46533150e+01 1.41301196e-03 -1.57444914e-02 -9.54391783e-03 -2.95451789e+02 1.37029326e+01
 1.24800658e+01 6.91829713e-03 -1.22351109e+00 -8.74584838e-03 1.23079752e+02 1.37024618e+01
 -2.05610906e+01 -8.97695850e-03 -1.80165226e+00 3.63208821e-03 8.37616893e+02 1.36960412e+01
 -1.25495512e+01 1.04633764e-03 -7.33883418e-01 -1.34976982e-02 2.04481321e+02 1.36977328e+01
 -1.39867933e+01 -1.54791902e-02 -4.51790452e-01 5.61278937e-04 -1.84391235e+02 1.36974727e+01
 -1.19851680e+01 1.95040143e-03 1.82712700e+00 -5.61226245e-03 -1.08868175e+02 1.36975653e+01
 -1.37097648e+00 8.17584288e-03 -4.39194868e-01 -1.54608441e-02 3.53999219e+02 1.36997472e+01
 -2.80741282e+01 -7.18309377e-03 -4.65948364e-02 -5.59630785e-03 -3.12232606e+01 1.36943785e+01
 -9.29644789e+00 1.89529179e-02 1.95722556e+00 5.76451917e-03 1.41727796e+02 1.36979289e+01
 5.34391647e+00 -8.54264256e-03 -1.01381646e+00 -3.39942620e-03 -3.09744433e+02 1.37012158e+01
 1.22028202e+01 -1.89619961e-03 3.64437754e-01 5.66732502e-04 -7.23519799e+02 1.37024365e+01
 -2.65602069e+00 2.23146738e-03 -5.57535877e-01 5.38727712e-03 -4.86589169e+01 1.36997749e+01
 -5.73404925e+00 -1.98496213e-03 5.28120641e-01 2.91188256e-05 2.02322827e+02 1.36987555e+01
 -2.37711652e+00 -2.94815264e-04 -4.95117357e-01 -5.17051468e-03 -1.04062832e+02 1.36995198e+01
 -6.46801676e+00 3.61193667e-05 8.16886730e-01 6.15112959e-03 -4.60142625e+02 1.36987296e+01
 -1.30152018e+01 -1.08978243e-02 5.16120486e-01 -6.17481921e-03 3.96953208e+02 1.36973325e+01
 8.56939975e+00 -1.04356088e-03 1.13568745e+00 2.62986162e-03 -6.86587844e+01 1.37014946e+01
 -6.19717079e+00 -3.57279225e-03 4.01827503e-01 -5.61657774e-04 -2.93232042e+02 1.36987233e+01
 1.46110287e+01 1.26842487e-02 9.12540335e-01 7.79024637e-03 -1.61076689e+02 1.37030328e+01
 2.91704462e+00 -7.67167647e-03 -4.37337200e-01 -1.18766752e-03 -3.13225470e+02 1.37004780e+01
 -1.24908284e+01 -8.33984495e-04 7.03102379e-01 3.69950518e-03 -3.99866563e+01 1.36974612e+01
 -5.50021558e+00 1.28176682e-02 1.50341779e+00 -6.77612178e-03 6.20786855e+01 1.36985869e+01
 4.00514916e+01 -3.08713955e-04 -1.77121934e-02 1.58352612e-03 -1.25657974e+02 1.37079178e+01
 1.05163466e+01 -5.85945959e-03 -7.99312867e-01 -8.88769140e-03 -3.38153579e+02 1.37021393e+01
 -1.73973213e+01 6.78986938e-03 -1.84763106e+00 -3.22079814e-03 -4.18363075e+02 1.36963059e+01
 -1.71859074e+01 6.11916549e-03 -4.77282561e-01 1.27957639e-02 9.69866976e+00 1.36965005e+01
 8.89215107e+00 3.76074019e-03 -3.20338372e-01 7.04281992e-04 -4.42826139e+02 1.37020971e+01
 7.71741116e-01 1.81082955e-03 -1.08059947e+00 4.88354153e-03 -4.56713718e+01 1.36999778e+01
 6.20396851e+00 3.29091160e-03 1.43836315e-03 -9.18619725e-04 2.74518219e+02 1.37010729e+01
 -9.15940994e+00 1.34442790e-03 -8.89164203e-02 -2.50619302e-03 -6.86670868e+02 1.36984670e+01
 -1.86285155e+01 2.13055323e-03 -6.24934985e-01 -3.93252841e-04 2.41997681e+02 1.36964052e+01
 -1.41082345e+01 7.49004159e-03 1.20799771e+00 -7.03917177e-03 2.60290660e+02 1.36970133e+01
 -1.00384033e+01 -1.74424641e-03 -1.45885548e+00 1.48257158e-02 4.82673286e+02 1.36978108e+01
 -6.02111032e+00 3.99205808e-03 -6.31350814e-01 -1.18692692e-02 4.78462017e+02 1.36986181e+01
 -7.54045893e+00 3.00302661e-03 1.64637667e+00 8.89375834e-04 -1.41984922e+02 1.36984119e+01
 5.51158928e+00 3.95844389e-03 -9.53958015e-01 1.75294520e-03 -3.89352916e+02 1.37013597e+01
 -1.66149488e+00 7.20619090e-03 -7.70459476e-01 -1.74952754e-03 1.06480360e+02 1.36998252e+01
 -1.94518388e+00 -9.27579528e-04 -2.81376450e+00 7.10671335e-03 -1.05683701e+02 1.36996472e+01
 1.91661251e+01 3.33820391e-04 1.17540711e-01 -1.27859326e-03 1.35366515e+02 1.37038992e+01
 -5.10091261e+00 -1.54406553e-02 -1.75043297e+00 8.65237234e-03 -6.99595991e+02 1.36993763e+01
 -9.51785262e+00 1.01637242e-02 -6.89696263e-01 3.15886700e-03 2.54290526e+02 1.36981165e+01
 7.85793132e+00 -4.86758996e-03 -7.67792727e-01 4.03004435e-03 -5.10436591e+02 1.37014287e+01
 2.85804657e+01 -8.67157165e-03 -9.33056861e-03 1.22694805e-02 3.30348785e+02 1.37056260e+01
 9.41501657e+00 5.08905902e-03 -7.69893243e-01 2.89712674e-04 4.75900575e+01 1.37022035e+01
 1.50942499e+01 -1.16630381e-02 -1.26964354e+00 3.79738564e-03 -6.10035522e+01 1.37027258e+01
 2.20786155e+01 -1.17020739e-02 2.71078364e-01 5.29295777e-03 -6.61361296e+01 1.37044622e+01
 -1.74797090e+01 7.81165239e-04 9.10885871e-02 -5.20783395e-03 1.35060658e+02 1.36964018e+01
 -1.18572445e+01 5.08664043e-03 6.77454845e-01 -5.41258096e-03 -7.37243188e+01 1.36978280e+01
 -7.57813523e-01 9.49527213e-03 -2.01172186e+00 -8.70411969e-03 -1.05107936e+02 1.36997108e+01
 1.79652107e+01 3.36949118e-03 -1.55916373e+00 9.63734331e-03 4.62557609e+02 1.37036571e+01
 1.74667989e+00 1.00851195e-02 -1.36473765e-01 1.32774257e-02 2.14827670e+01 1.37005231e+01
 1.82112077e+01 -9.92154740e-03 -1.84920454e-01 3.83733913e-03 1.80222177e+02 1.37036459e+01
 4.75018318e-01 3.20771497e-03 1.42386965e+00 3.92962122e-03 -2.88694373e+02 1.37000405e+01
 1.01193865e+00 4.86720189e-03 -6.37249709e-01 -7.07363121e-03 3.34824011e+02 1.37002696e+01
 3.41691678e+01 2.73397754e-03 -3.75804795e-01 6.29837466e-03 -6.75734034e+01 1.37066913e+01
 -2.20460685e+01 -6.54450689e-03 -1.22530362e+00 -3.58210669e-03 -6.93390830e+02 1.36957215e+01
 -6.27343808e+00 -7.34596812e-03 1.83127981e+00 -1.32308374e-03 -6.99029965e+01 1.36987410e+01
 -1.88154247e+01 5.61129086e-03 -1.38421700e+00 -1.14196829e-04 -2.80764660e+02 1.36965123e+01
 8.51793001e+00 -5.50837157e-03 1.67125613e+00 3.60297120e-04 -1.93561476e+02 1.37018585e+01
 2.08753258e+01 5.46816139e-03 -6.20101649e-01 -9.42763683e-03 -2.09407286e+02 1.37039164e+01
 1.87852029e+01 -2.00850524e-03 1.66204633e+00 -1.62648429e-03 -4.08968905e+02 1.37035964e+01
 7.94515576e+00 6.39080156e-03 1.64522188e+00 6.93417793e-03 -2.27609763e+02 1.37017410e+01
 -1.94809133e+01 -2.59460086e-03 -8.61039047e-01 -8.24575692e-04 6.53047145e+02 1.36963777e+01
 1.30140510e+01 2.08897147e-02 5.72692957e-01 8.93187512e-04 -1.84533826e+02 1.37026367e+01
 2.08454885e-01 -1.93849709e-03 1.22067609e+00 -9.14695902e-03 1.28902537e+02 1.37000997e+01
 -8.56696223e+00 -3.80200003e-03 -6.47585094e-01 -1.45467642e-03 3.53840126e+02 1.36981960e+01
 9.19164677e+00 3.10325265e-03 -1.23252346e+00 6.62227537e-03 -3.37686754e+02 1.37018965e+01
 9.96551861e+00 8.76458807e-03 -1.62822920e+00 2.23402843e-03 4.25933513e+02 1.37022109e+01
 8.86438489e-01 -8.81072317e-03 1.31161355e+00 1.35184950e-04 2.73588084e+02 1.37004037e+01
 1.21180962e+01 4.63111262e-04 3.70414830e-01 -8.25837867e-03 3.19105002e+02 1.37022354e+01
 7.82548428e+00 -1.39926899e-03 -8.94426231e-01 3.49861810e-04 1.20857809e+01 1.37017736e+01
 -7.07805157e+00 3.27814143e-03 -1.08748089e+00 -3.64949784e-03 9.98126747e+01 1.36986876e+01
 -8.58629143e+00 4.80723583e-03 9.82814673e-02 5.52096865e-03 -1.32583251e+01 1.36984811e+01
 9.87121972e+00 6.49649323e-03 -3.95258646e-02 -2.30281835e-03 3.51347923e+02 1.37017429e+01
 1.16233720e-01 -1.33992489e-03 9.71422832e-01 4.23335922e-03 3.87750797e+02 1.37002107e+01
 1.95731621e+01 -2.18814320e-04 1.46842248e+00 4.26939415e-03 -3.88885381e+00 1.37040070e+01
 -1.56921400e+00 9.16120111e-04 -7.06837356e-01 -9.22199927e-04 -1.28981835e+02 1.36996366e+01
 -2.13660599e+01 3.05980117e-03 1.19887468e+00 3.94793698e-05 -7.60224435e+01 1.36953491e+01
 6.69917836e+00 3.80283869e-03 1.30808138e+00 -3.01876921e-03 7.12754056e+02 1.37014919e+01
 2.99930014e+01 -1.66555410e-02 -2.14069564e+00 -1.00583672e-02 -6.39020280e+02 1.37058081e+01
 1.82637309e+01 9.27717680e-03 -6.06001779e-01 -1.19974486e-02 3.34236108e+02 1.37034866e+01
 -1.26356116e+01 1.22320108e-02 7.12811389e-01 -1.79477884e-03 -2.87550148e+02 1.36974543e+01
 3.19127071e+01 -5.00321669e-03 -7.53473499e-01 -1.54822857e-02 -9.03955304e+01 1.37069643e+01
 2.04928357e+01 1.17423294e-03 4.75008027e-01 -1.46871237e-03 -2.60935947e+01 1.37043948e+01
 -1.04170764e+01 1.88952453e-03 1.05847358e+00 -4.68840777e-03 -3.98607755e+02 1.36976956e+01
 -2.26485181e+00 -2.40239535e-03 -2.02592242e+00 -2.35605548e-03 -3.18631628e+02 1.36997028e+01
 9.34237838e+00 -8.96966684e-03 -9.25414418e-02 5.30722148e-03 -3.41935332e+02 1.37015668e+01
 -6.26274585e+00 8.04699734e-03 8.94193898e-01 -9.32696914e-03 -4.80105095e+02 1.36985888e+01
 7.33877404e+00 1.39219618e-02 7.49463434e-01 -1.05531006e-02 2.86613605e+02 1.37014463e+01
 -1.48381689e+01 -4.63846758e-03 -5.19984978e-01 2.23843859e-03 2.13962928e+02 1.36971680e+01
 -2.21503685e+01 -5.03409049e-03 2.87225612e+00 2.53162234e-03 5.39988184e+01 1.36957789e+01
 1.10030444e+01 1.40968008e-02 1.13790265e+00 -4.44981569e-03 1.33469881e+02 1.37025356e+01
 1.55669466e+01 2.17148363e-03 -8.11328589e-02 5.01564371e-03 -7.13571976e+01 1.37031714e+01
 -4.79279915e+00 5.25231569e-03 -1.39827992e+00 2.15348621e-03 -1.28734432e+02 1.36989879e+01
 3.66894933e+00 7.42386636e-04 8.11972961e-01 8.59082765e-04 3.67448195e+02 1.37008151e+01
 6.42932554e+00 8.51460601e-03 7.28770824e-01 6.26890089e-03 3.00661944e+02 1.37013132e+01
 1.39903225e+01 -9.33971510e-03 1.05965970e+00 -2.12120258e-03 -4.47100098e+02 1.37027585e+01
 -1.14261716e+01 -9.61872335e-03 1.60697349e+00 -4.01066411e-03 -1.78328665e+02 1.36978683e+01
 -1.97793264e+01 5.62001701e-03 8.10394958e-01 3.41920620e-03 2.93760479e+02 1.36960093e+01
 -1.46580073e+01 1.08439725e-02 -2.55349487e-01 1.05648625e-02 -4.20150910e+02 1.36969611e+01
 8.97302126e+00 3.38760366e-03 -9.72811217e-01 3.03691111e-03 -4.22418841e+02 1.37014282e+01
 -5.83596184e+00 4.36228530e-03 -8.45948973e-01 1.50448348e-02 -4.04004544e+02 1.36991208e+01
 1.87737695e+01 9.20037480e-04 -2.28319436e-01 -6.39097946e-04 -2.28009239e+02 1.37034590e+01
 1.97831273e+01 5.54544863e-03 9.58161040e-01 3.21171620e-04 1.86361772e+02 1.37040361e+01
 -8.28002061e+00 6.29568774e-03 2.95027434e+00 -3.89412952e-03 -1.28303416e+02 1.36985764e+01
 -4.02970988e+00 -3.28016477e-03 -2.61958616e-01 2.01025410e-03 1.89471778e+02 1.36992602e+01
 7.82087364e+00 -6.96525471e-03 -7.37113495e-01 1.42326163e-02 -1.82066237e+02 1.37015020e+01
 -1.26894007e+01 -1.99206931e-02 9.60518887e-01 -2.55224785e-03 3.00883926e+02 1.36975125e+01
 7.17486744e+00 3.95968415e-03 -9.52202175e-01 4.95265675e-03 2.11881854e+02 1.37015335e+01
 -1.81003001e+01 -1.02302905e-02 -5.28814190e-03 2.36164531e-04 -2.25566520e+02 1.36964907e+01
 -2.14924403e+00 3.02282526e-03 -1.38041292e+00 5.93256101e-03 2.74560638e+01 1.36993871e+01
 -1.23156499e+01 -2.19843201e-03 1.26077084e+00 8.88176815e-04 1.04006233e+01 1.36974629e+01
 8.39984785e+00 -1.02278741e-02 6.63685086e-01 1.45159012e-02 3.89951079e+02 1.37018103e+01
 -5.45914457e+00 -3.40549776e-03 -7.96904360e-01 -5.52696533e-04 -4.50151802e+02 1.36989010e+01
 -2.87447577e+01 -1.83212820e-03 -2.14786108e+00 -1.89619968e-03 3.28346388e+01 1.36943276e+01
 6.81411026e+00 2.08189860e-03 2.94091706e-01 1.46713058e-03 -1.14351439e+02 1.37015380e+01
 2.67337858e+01 9.97136918e-03 -6.04227144e-01 -1.29495843e-03 -2.85206265e+01 1.37052436e+01
 4.46642412e+00 1.59134316e-03 -1.44497330e+00 -2.78717346e-03 -1.00880586e+02 1.37008127e+01
 9.99429862e-01 7.21668365e-04 -5.88694114e-01 4.19758557e-03 -5.18834097e+01 1.37001717e+01
 -1.67677885e+01 1.59565767e-02 1.14879652e+00 -4.84253393e-03 -5.06851014e+01 1.36968071e+01
 4.54318811e+00 4.87326521e-03 -5.00850094e-01 2.78156863e-03 3.97520258e+02 1.37010153e+01
 1.61622486e+01 8.14839188e-03 -2.26513950e-03 -3.98105021e-03 -6.43031339e+02 1.37029311e+01
 -2.31268222e+01 1.43968770e-02 2.22653386e+00 -5.56295499e-03 -6.15726809e+02 1.36953825e+01
 -6.91059956e+00 -3.24590994e-04 -2.61633591e-01 2.47605625e-05 -7.31308896e+02 1.36986817e+01
 4.08974246e-01 -2.02104497e-03 2.74725330e-01 -5.26789437e-03 1.96377672e+02 1.37000662e+01
 3.71882542e+01 1.13831844e-02 1.90164005e+00 -2.79038010e-03 2.24778586e+02 1.37079653e+01
 -2.74760904e+00 7.90534400e-04 -5.34419315e-01 -6.65558335e-03 -3.16232109e+02 1.36990186e+01
 9.18854001e+00 2.93327391e-03 -1.38102827e+00 -4.66968592e-03 1.13187745e+02 1.37017061e+01
 -2.73674658e+00 5.80098968e-03 1.29353207e+00 -5.91908182e-03 -9.14493098e+01 1.36994845e+01
 6.60729412e+00 -5.95006289e-03 8.07837873e-01 -7.81251128e-03 -3.34276174e+02 1.37013911e+01
 -1.66201107e+00 -2.46204888e-04 -8.89283410e-01 9.30825031e-03 -2.17339118e+02 1.36999532e+01
 1.37396446e+01 1.86856582e-03 -4.44753720e-01 6.74738543e-03 -5.28573748e+01 1.37028171e+01
 -1.60766527e+01 -2.06546145e-03 2.38395877e-01 -6.11079929e-03 9.56165428e+01 1.36966454e+01
 2.30269116e+01 -3.15007835e-03 1.38882869e+00 -4.03548898e-03 3.54382393e+02 1.37047564e+01
 -1.67267738e+01 -1.44152365e-02 3.29931690e-01 9.17683547e-03 -1.99313669e+02 1.36963700e+01
 -2.03599192e+00 -3.45543895e-03 -4.70972812e-01 -6.62959787e-03 -3.40755647e+00 1.36995668e+01
 2.52019927e+01 -3.08432650e-03 6.33456854e-01 -7.42312467e-03 -2.58152355e+01 1.37047993e+01
 -1.05402318e+01 -2.92874676e-03 6.69746568e-01 2.20852160e-03 -5.96628749e+02 1.36979762e+01
 1.42368361e+01 4.06434249e-03 2.20705749e+00 -6.33867308e-03 5.33769680e+02 1.37027499e+01
 -8.45575840e+00 2.99855702e-03 1.02434364e+00 -9.35167596e-03 3.19576537e+02 1.36983095e+01
 -1.05322884e+01 2.95222721e-03 -9.15722207e-01 1.15560350e-02 2.35570508e+02 1.36978642e+01
 4.93807571e+00 3.17504794e-03 2.67138328e+00 -3.16465729e-03 -2.02264255e+01 1.37014404e+01
 -2.21567943e-01 5.84834570e-03 -1.83500295e+00 9.11158669e-03 -4.16754420e+01 1.37000955e+01
 1.52347225e+01 2.11513890e-03 2.90073694e+00 1.47229824e-02 3.83854908e+02 1.37028766e+01
 1.83726202e+01 7.30661327e-04 -3.81273548e-01 1.17813186e-03 2.15572564e+02 1.37037986e+01
 -2.94231912e+00 -1.24336008e-02 -9.21786720e-01 -7.42874696e-03 -1.68333668e+01 1.36995225e+01
 -4.20646467e+00 2.21383568e-03 1.54442609e+00 -5.03752240e-03 7.63849734e+01 1.36995513e+01
 -7.16662610e+00 2.39262864e-03 -1.81377633e+00 -4.73006020e-03 7.41950111e+01 1.36984206e+01
 -1.58718711e+00 2.17329506e-03 1.23509422e-01 5.31426110e-03 -3.04661084e+02 1.36996236e+01
 6.01642585e+00 -1.64727479e-02 2.59456122e-01 -1.65331383e-03 8.38042334e+01 1.37013389e+01
 -7.59790358e+00 8.00686547e-03 5.96508259e-01 1.03797166e-02 -2.20892075e+02 1.36986705e+01
 1.37105369e+01 9.02605797e-03 -1.50326819e+00 9.60526869e-04 -1.15161873e+02 1.37030273e+01
 1.37423851e+01 -1.48991518e-03 -1.21406425e+00 -3.19437909e-04 -8.46207787e+01 1.37026088e+01
 5.75482238e+00 -5.27716894e-03 1.63603852e+00 2.77967453e-03 2.31311056e+01 1.37014926e+01
 -2.51902979e+01 7.86687337e-03 -2.80397324e+00 -2.44489578e-03 -2.28270227e+02 1.36947503e+01
 2.26374225e+01 4.22579465e-03 1.50537289e+00 7.01326342e-03 -8.50956864e+02 1.37045379e+01
 -1.16327025e+01 -6.61018931e-04 1.08230412e-01 -9.06433241e-03 3.84123048e+02 1.36974821e+01
 -1.74047365e+01 -1.26903980e-02 -8.08459179e-01 -3.83689457e-03 2.89424562e+01 1.36965216e+01
 -2.42389809e+01 -1.84776351e-03 -1.23734265e+00 6.32633598e-03 1.31161957e+02 1.36951987e+01
 6.88263018e+00 -6.86254860e-04 2.43342187e-01 7.81579028e-03 1.25499522e+02 1.37013906e+01
 -1.54187301e+01 4.32685740e-03 -1.14405419e+00 -7.23018094e-03 -1.29778582e+02 1.36966977e+01
 1.16739121e+01 3.99063310e-03 -1.11907314e+00 1.16115222e-02 1.81243282e+02 1.37022146e+01
 -8.97780097e+00 -1.59782737e-03 4.92481698e-01 2.62806861e-03 -3.06872752e+02 1.36983130e+01
 -1.35350684e+01 -4.15269161e-03 -2.52294479e-01 -1.30079786e-02 -4.30720768e+02 1.36977999e+01
 1.55322832e+01 8.93496642e-03 -1.46679714e+00 -6.96339959e-04 2.77868651e+02 1.37030194e+01
 3.96700102e+01 -7.50301921e-03 -5.86603658e-01 2.09512920e-03 -2.15663688e+01 1.37078636e+01
 5.29951144e+00 1.27762534e-02 -2.58673621e+00 -1.02873975e-03 -2.28056316e+01 1.37011014e+01
 1.17373114e+01 1.26410643e-02 3.95308386e-01 1.03300696e-02 -1.99038891e+02 1.37021769e+01
 -1.16082849e+00 1.40919477e-03 -2.63080604e-01 -4.18296947e-03 2.60472930e+02 1.36998805e+01
 -4.62858104e+00 -2.62195166e-03 2.27749813e+00 -5.94746014e-03 8.04988900e+01 1.36991229e+01
 1.21353556e+01 -9.33798300e-03 5.71138561e-01 8.62474167e-04 -8.94033043e+01 1.37024423e+01
 9.65216333e+00 1.11063571e-03 1.45785463e+00 2.32222907e-03 5.49741697e+01 1.37015638e+01
 -4.55405466e+00 2.76183584e-03 3.62396497e-01 3.05263621e-03 3.57318870e+02 1.36986242e+01
 6.77896081e+00 -1.99886292e-03 1.94534682e-01 -1.07060799e-02 -3.40603086e+02 1.37008364e+01
 -5.69688777e+00 6.63417205e-03 -3.79265196e-01 1.51537974e-02 -1.94236569e+02 1.36985776e+01
 -7.44095149e+00 1.77803976e-03 -1.23817085e+00 9.50645515e-03 3.05748734e+02 1.36986213e+01
 -1.67323993e+01 -3.54245246e-03 2.38283318e+00 -5.99692935e-03 2.36558398e+02 1.36966792e+01
 9.98226438e+00 9.06196027e-03 1.00634772e+00 -1.43237171e-03 5.42162202e+01 1.37019683e+01
 2.41684767e+01 -8.59249118e-03 1.52647252e+00 3.92176934e-03 -1.80780291e+02 1.37052219e+01
 -5.67309263e-01 -5.14122502e-03 1.09877682e+00 -9.47590208e-04 -1.50262536e+02 1.36998795e+01
 -3.85760218e+01 8.59147793e-03 -8.12314662e-01 4.16651000e-03 5.60205688e+00 1.36921954e+01
 6.39035659e+00 4.86047564e-03 1.13351193e+00 3.52206661e-03 1.63582534e+02 1.37010752e+01
 -1.91406752e+01 -1.68769082e-03 1.09879433e+00 -2.38368852e-04 -4.68187395e+02 1.36960164e+01
 -1.76111676e+01 1.32294614e-03 1.24157456e+00 3.34918929e-03 -1.31805429e+02 1.36964964e+01
 4.74391168e+00 5.84354887e-04 6.35944285e-01 3.50100065e-03 -1.12172671e+02 1.37009589e+01
 -1.92429835e+00 -1.01168770e-02 -2.61926826e+00 5.32768626e-03 5.23918176e+01 1.36996880e+01
 1.60755040e+01 -7.33991374e-03 8.84140056e-01 -1.03468784e-02 -3.39891281e+02 1.37031213e+01
 9.53107882e-01 9.85266596e-03 -1.49991634e+00 1.69412600e-03 6.79649671e+01 1.37001325e+01
 1.12782734e+01 1.72755602e-03 1.43367570e-01 5.36900370e-03 -1.58877173e+02 1.37020093e+01
 -2.07630313e+00 7.63597147e-03 8.38955001e-01 1.76833173e-03 -1.90621259e+01 1.36996934e+01
 1.76310729e+01 -4.46804957e-03 -1.00695239e+00 1.23342319e-03 -5.15613433e+02 1.37035380e+01
 -2.87316008e+01 1.73344652e-03 1.68979246e+00 5.07890180e-03 2.91380568e+02 1.36946040e+01
 -8.64519918e-02 -5.77572004e-03 2.72011829e-01 -6.41719114e-03 3.31068369e+01 1.36998456e+01
 2.49897826e+00 -9.74626221e-03 -3.49843750e-01 1.47272357e-03 1.33953480e+02 1.37003946e+01
 1.91234382e+00 -1.08198136e-02 -1.19246726e+00 3.44445750e-03 3.25600625e+02 1.37004047e+01
 -7.63330878e+00 -5.52139154e-03 -1.14250498e-01 1.80976541e-03 -1.74007350e+02 1.36985411e+01
 -3.69521451e+00 3.31994398e-03 -8.60872409e-01 -7.51537233e-03 -9.20137859e+01 1.36994971e+01
 1.22667128e+00 2.04371751e-03 1.30326636e+00 9.34775608e-03 -2.29123708e+02 1.37001573e+01
 4.39801032e+00 8.99329689e-03 1.19214702e+00 5.85490629e-03 3.50976124e+02 1.37009996e+01
 1.54656523e+01 1.80043452e-02 -1.54395277e+00 -4.64403339e-03 -1.70560898e+02 1.37032907e+01
 -9.18683672e+00 8.65239777e-04 3.34434716e+00 2.27499773e-03 9.74653059e+01 1.36983448e+01
 5.05369668e+00 1.20800416e-03 4.88448618e-02 -1.25775263e-05 3.39214815e+02 1.37012571e+01
 2.56312286e+01 -2.62107340e-03 2.30349735e+00 -3.02963626e-03 7.16471519e+02 1.37048027e+01
 1.55611108e+01 -1.33325818e-02 1.12161493e+00 6.41184622e-03 1.33170357e+02 1.37030755e+01
 6.17785231e+00 -2.28278901e-03 -4.94972515e-01 -5.90495901e-03 -4.12417265e+00 1.37012429e+01
 -1.18555013e+01 -6.94301465e-03 9.52259040e-01 3.20950884e-04 1.21541893e+02 1.36977530e+01
 7.37489257e+00 1.30846379e-02 -1.70381526e-01 -5.02229937e-03 3.58691466e+02 1.37012806e+01
 2.56476142e+01 7.09665094e-03 -2.23966857e+00 -7.52963330e-04 3.27228735e+02 1.37053072e+01
 3.56668349e+00 6.74995532e-03 5.20071888e-01 8.79313018e-03 3.66601966e+02 1.37009056e+01
 -1.87592225e+01 -2.46495398e-03 2.00311867e-01 -1.49486733e-03 -5.53556191e+02 1.36963079e+01
 -2.99313051e+00 -2.34903385e-03 -1.69762496e+00 -3.32542590e-03 8.39705926e+01 1.36992319e+01
 -9.82869752e+00 -4.88365213e-03 5.31351766e-01 3.07861987e-03 1.29872640e+02 1.36982908e+01
 -6.05030949e+00 -6.29221205e-03 7.63573644e-01 8.13740319e-04 -1.41401548e+02 1.36988174e+01
 1.31632615e+01 2.38090917e-02 -7.27880106e-01 6.09941388e-03 1.87134577e+02 1.37025184e+01
 -1.17571858e+01 1.17508782e-02 1.06437073e+00 6.66007322e-03 2.11666388e+02 1.36975310e+01
 -3.25011982e+00 -1.67381546e-02 -2.54467043e-01 -6.16537669e-04 -1.40304202e+02 1.36988328e+01
 -8.78107819e+00 3.06959592e-03 2.22506841e-01 -6.61940083e-03 1.83380639e+02 1.36983495e+01
 6.65241342e+00 4.20076964e-03 1.31889234e+00 -7.32213643e-03 -2.59198474e+02 1.37013032e+01
 -1.07202026e+01 5.29022566e-03 1.98792253e-01 -7.60990915e-03 -1.65480735e+02 1.36976521e+01
 -7.45239970e+00 3.89857473e-03 -1.66775815e+00 -1.70094849e-03 -9.73481289e+01 1.36985758e+01
 -1.45633634e+01 -3.76927087e-03 3.04415894e-01 -4.00502847e-03 -2.06491636e+02 1.36973938e+01
 6.26251739e+00 1.01462350e-02 -4.22535841e-01 -4.75245418e-03 -4.46691797e+02 1.37012801e+01
 -2.53878013e+01 -1.66928658e-03 -1.41807827e+00 -7.70953594e-04 2.89287782e+02 1.36950729e+01
 1.07114980e+01 -1.17070005e-02 -1.72332732e+00 -5.40053726e-03 -2.84229623e+01 1.37018882e+01
 -8.79942390e-01 -8.54480718e-03 1.16445462e+00 -9.21910441e-03 2.09619704e+02 1.36998248e+01
 -1.39442159e+01 7.59501760e-03 -6.20225562e-01 -1.02594023e-03 6.13884337e+02 1.36972784e+01
 1.52540237e+01 1.23114994e-02 2.06057344e+00 -3.13901659e-03 -2.88159808e+01 1.37029325e+01
 1.49110251e+01 5.14277992e-03 -1.01620681e+00 5.26307489e-03 -7.18342435e+01 1.37028967e+01
 -3.33333547e+00 -4.67320905e-04 -1.97797696e+00 -4.43216083e-04 -1.04339739e+02 1.36991287e+01
 -8.35275495e+00 -9.41737230e-03 5.31009781e-02 -7.19321078e-03 -1.56848786e+02 1.36986421e+01
 1.43687126e+00 2.29351021e-03 -2.06342317e+00 -3.28772008e-03 3.29321080e+02 1.37001768e+01
 -2.17675251e+00 -1.67183295e-03 -8.57419268e-01 -1.02553863e-02 -1.34276097e+02 1.36997843e+01
 -5.27793787e+00 -1.69412248e-03 5.81390264e-01 -7.45149386e-03 2.72544040e+02 1.36989968e+01
 -1.68033276e+01 -3.05103464e-03 -3.10109347e-01 -2.33782562e-03 -1.07985768e+02 1.36965237e+01
 -1.09429933e+00 2.63435758e-03 1.07911264e+00 -3.96231548e-03 2.37569457e+02 1.36998199e+01
 2.53358436e+01 -8.77321486e-04 -1.37413082e+00 -3.99734633e-03 5.04945150e+02 1.37051435e+01
 2.65453206e+01 8.25143581e-03 8.38468152e-01 5.27287970e-03 2.42810165e+02 1.37049026e+01
 -1.67492555e+01 3.53452267e-03 1.32621663e-01 3.08549798e-03 3.89011453e+01 1.36967438e+01
 1.32259304e+00 -4.45746994e-03 -4.77126565e-01 -2.27223055e-03 1.16489202e+01 1.37006933e+01
 -7.38514932e+00 1.39263791e-02 1.46585071e+00 -1.08624542e-03 1.00258421e+02 1.36984448e+01
 2.53387028e+00 4.76150542e-03 -6.64843212e-01 8.67517244e-03 -4.86833201e+01 1.37003281e+01
 -2.11048187e-01 7.98654609e-05 9.96080721e-01 4.64542524e-03 -1.03441708e+02 1.37000495e+01
 -2.17100794e+01 3.40057794e-03 5.67718547e-01 -2.10043036e-04 -4.33731903e+01 1.36955513e+01
 5.61579869e+00 -9.70864324e-03 -1.22235389e-01 1.90209577e-03 8.39559819e+02 1.37012582e+01
 -2.28812434e+00 5.77423552e-03 2.64424024e-01 -9.20315018e-03 2.91316230e+02 1.36994983e+01
 1.66888744e+01 -6.26728167e-03 1.26965902e-01 -5.76823088e-04 -2.31359899e+02 1.37035754e+01
 -1.40354672e+01 2.53274558e-03 -1.81296507e+00 2.48217305e-03 2.95383641e+01 1.36969893e+01
 5.84508112e+00 1.35441016e-02 2.11553745e+00 -8.56431277e-03 -6.81050277e+02 1.37014927e+01
 1.55429165e+01 -1.82693971e-02 1.54976561e-01 1.01253195e-02 6.35481533e+01 1.37034193e+01
 4.75811251e+00 3.93298464e-03 -1.83055409e+00 2.44103941e-03 1.57364557e+02 1.37010717e+01
 -1.07687477e+01 5.35489456e-03 -5.34666285e-01 -1.70263354e-03 4.07360910e+01 1.36977645e+01
 2.35883664e+01 1.02225316e-02 -1.42819945e+00 -1.24333324e-03 2.23699768e+02 1.37045302e+01
 -2.89570075e+00 -3.03191817e-03 7.02316925e-01 -2.25527643e-03 5.46095972e+02 1.36991010e+01
 -1.08568609e+00 -8.71146341e-03 7.72105220e-01 -1.67539229e-03 -1.28395482e+02 1.37001369e+01
 3.81165993e+00 1.68657489e-03 1.70154759e+00 -2.17651092e-03 7.72893443e+01 1.37009620e+01
 9.12823191e+00 1.36251693e-03 -6.62329746e-01 -9.55491010e-04 1.68053858e+02 1.37022690e+01
 2.30197796e+00 4.80017974e-03 -7.03062954e-01 8.23409058e-03 1.67195864e+02 1.37002672e+01
 9.39518413e+00 4.12832375e-03 -3.75580696e-01 -2.39337292e-03 4.48712056e+02 1.37018111e+01
 2.21306851e+01 -5.96989721e-05 3.50943341e-01 2.38793674e-03 1.83794761e+02 1.37043696e+01
 3.41773850e+01 5.70836917e-03 3.10120244e-01 9.57257334e-03 2.57453551e+01 1.37065129e+01
 -2.83887440e+00 -2.66300828e-03 6.86253836e-02 1.28559632e-03 -2.11752250e+02 1.36993395e+01
 -8.35489604e-01 -1.93087278e-02 -9.15027401e-01 -4.92141738e-04 -1.06012545e+02 1.36997566e+01
 1.11974278e+01 -1.45700582e-02 8.75717498e-01 -5.90522962e-04 1.78040117e+02 1.37025647e+01
 -1.48251920e+01 -5.46628231e-04 -6.91759125e-01 1.97972441e-03 1.72154125e+02 1.36972804e+01
 1.41312621e+01 1.16905103e-02 -1.13703968e+00 1.13860480e-02 9.38369712e+01 1.37027763e+01
 -1.32442221e+01 2.71252431e-03 -1.36607989e+00 3.12625581e-03 2.47774081e+02 1.36972045e+01
 -1.45531807e+01 -2.02290167e-03 -1.78298282e+00 5.26921273e-03 4.49723343e+02 1.36972341e+01
 -1.30980228e+01 5.08960223e-03 -5.38359451e-01 -6.47677137e-03 -2.33765853e+02 1.36971958e+01
 2.38211581e+00 -9.04531507e-03 -5.98077658e-01 7.63425378e-03 5.70820267e+02 1.37007380e+01
 4.87362785e-01 1.22734994e-02 2.15866193e-01 -3.16138881e-03 -5.14993886e+02 1.36997957e+01
 1.78656964e+00 -4.76457314e-03 -1.30011569e+00 1.80808909e-04 -1.55738737e+01 1.37005289e+01
 -2.40436975e+00 1.52191476e-02 2.99886393e-01 -4.56180570e-04 5.20396053e+01 1.36996291e+01
 -7.03373252e+00 -1.97078651e-02 4.77992102e-01 7.86209957e-03 -7.66775844e+01 1.36986510e+01
 -2.02603892e+01 -9.97612125e-03 2.17952141e+00 1.68691862e-04 -1.61507163e+01 1.36961455e+01
 -1.39509713e+01 7.34469680e-03 5.88236148e-01 3.18008250e-03 -2.70983625e+02 1.36971839e+01
 -9.46104018e+00 9.41504159e-04 -6.26866625e-01 7.74701667e-04 -3.49874225e+01 1.36982512e+01
 4.25801127e+00 -4.01942913e-03 -1.03194216e+00 8.82314992e-03 4.67698640e+02 1.37008365e+01
 1.61984555e+01 -7.49883539e-03 3.15692684e-01 -2.07999505e-03 -1.17029184e+02 1.37028583e+01
 4.76468318e+00 -4.49972770e-03 -2.46684374e+00 -6.05309123e-03 -1.81840415e+01 1.37010394e+01
 3.30380830e+01 7.80981300e-03 6.83537763e-01 1.79316933e-03 -4.91397419e+02 1.37064667e+01
 -1.48670092e+00 9.40445777e-03 1.01410721e+00 -6.86288664e-03 7.86232640e+00 1.36997276e+01
 9.55380534e+00 4.31221075e-03 -9.68609051e-02 5.77096137e-04 8.63622452e+01 1.37016735e+01
 -2.16654042e+00 -1.41652315e-03 2.36203032e+00 3.36824012e-03 2.09775575e+02 1.36996735e+01
 -1.39009170e+00 4.78193889e-03 -5.40179413e-01 1.38001247e-03 5.21148792e+02 1.36997523e+01
 6.52300243e+00 6.53257408e-03 -1.30664126e+00 -1.52239812e-02 -1.07068193e+02 1.37011402e+01
 8.69215941e+00 1.66593954e-02 1.12746299e+00 -3.16185791e-03 1.72809782e+02 1.37017416e+01
 1.52466097e+00 -1.39551388e-03 2.33945242e+00 -1.70981257e-03 1.46432481e+02 1.37002522e+01
 -2.00813905e+01 7.10218577e-03 1.43649422e+00 1.74684906e-03 2.70318605e+02 1.36960310e+01
 2.23587151e+01 3.91894878e-03 6.55078829e-01 7.74278529e-04 -2.37437973e+02 1.37046979e+01
 2.41451964e+00 -5.71653734e-03 3.94474367e-01 -4.98494842e-03 -6.11468982e+00 1.37004180e+01
 -2.98960530e+01 -3.43413972e-03 -1.86293317e+00 -2.07841168e-03 3.09510031e+02 1.36942165e+01
 -2.49700945e+01 -1.05601828e-02 -5.43797193e-01 3.18779217e-03 7.60104639e+00 1.36950479e+01
 6.58629797e+00 -1.44549169e-03 1.42410898e+00 9.04027975e-03 5.45316918e+02 1.37017220e+01
 -1.49491692e+01 1.22571425e-03 1.20511358e+00 -3.20012297e-03 9.36106969e+02 1.36969689e+01
 -2.69770225e+00 -1.43654673e-03 -2.11326295e-01 1.22190283e-03 -8.98707573e+01 1.36991560e+01
 -1.28682362e+01 -3.49754736e-03 -8.76588067e-02 5.79420592e-04 1.53314211e+02 1.36976990e+01
 4.45137814e+01 3.91634236e-03 2.36520341e-01 4.18658181e-03 2.30847578e+01 1.37093454e+01
 -1.13582691e+01 -2.63083561e-03 7.97095728e-01 2.84422549e-03 6.29894796e+01 1.36979365e+01
 6.63706417e+00 4.74318621e-03 -6.30073197e-01 -1.38161818e-03 -2.60832886e+02 1.37013023e+01
 -6.66813462e+00 -1.23369211e-03 -6.45684440e-02 1.00256775e-02 5.38664131e+01 1.36986441e+01
 -4.57983398e+00 6.11574756e-03 1.07125908e-01 1.30387390e-02 -1.74418024e+01 1.36991099e+01
 -3.43354026e+00 -2.72787862e-03 1.25992908e-01 7.75404107e-03 4.03582080e+02 1.36991899e+01
 3.35129078e+00 1.43469992e-02 5.40107944e-01 -1.29574018e-03 -5.65282681e+02 1.37005559e+01
 -2.83849041e+00 7.96870901e-03 1.07399935e+00 -1.37583818e-02 -2.48827612e+02 1.36996726e+01
 -4.27983669e+01 4.11941716e-03 2.33139851e-01 -2.77170304e-03 -3.14468143e+02 1.36912485e+01
 -2.67379171e+00 5.24222298e-03 8.69180442e-01 2.29188652e-03 -6.16811449e+02 1.36995045e+01
 7.09042246e+00 -7.71413218e-03 -1.37402014e+00 6.20380371e-03 4.66964220e+02 1.37013679e+01
 7.40518589e+00 -5.15129360e-03 2.65961482e+00 -1.53522200e-03 -3.04795629e+02 1.37010488e+01
 -5.36726404e+00 5.77933666e-03 8.33886048e-01 -3.83156637e-04 -4.88229692e+02 1.36990923e+01
 5.20430362e+00 5.17310711e-03 -1.26747047e+00 3.88051859e-03 -4.45810680e+02 1.37007076e+01
 -2.47731030e+01 1.11783422e-03 -3.01855134e-01 -4.34618735e-03 -3.59100827e+02 1.36951999e+01
 1.55870269e+00 2.45618057e-03 -4.80534986e-01 -2.39510528e-03 -2.13520132e+02 1.37005337e+01
 -2.35759459e+00 -8.64177412e-03 6.34410239e-01 -8.96496715e-03 -4.77059986e+02 1.36994428e+01
 -1.12521327e+01 6.39062287e-04 -5.18594358e-01 5.88644326e-03 1.72872580e+02 1.36975703e+01
 1.34277628e+01 -1.34287079e-02 6.12716541e-01 1.50931091e-03 2.70729661e+01 1.37026017e+01
 -2.26221674e+01 2.03488488e-03 6.45463623e-01 -4.55909651e-03 -4.21997670e+02 1.36955181e+01
 2.31372646e+00 3.51310839e-03 1.33631082e-02 -3.54219010e-03 -2.57234785e+02 1.37004011e+01
 3.05255691e+00 3.20497008e-03 -2.01182327e+00 -1.51293915e-03 3.18826160e+02 1.37009168e+01
 2.08844584e+01 1.89057956e-02 2.12478861e+00 -6.33659806e-03 -2.02208388e+01 1.37039714e+01
 -1.04936547e+01 -1.95867227e-02 2.90375510e-01 6.58160048e-03 1.24800075e+02 1.36979154e+01
 1.57252581e+01 -8.62032152e-03 -1.17973456e+00 -1.26715225e-02 1.34880178e+02 1.37032132e+01
 1.07820667e+01 -1.11122855e-02 -6.97449987e-01 6.25965317e-03 9.45762951e+01 1.37019083e+01
 -2.20805997e+01 1.21592571e-02 9.60118703e-01 5.64561823e-03 7.57960558e+01 1.36955017e+01
 -6.49126761e+00 -5.67382148e-04 1.93932603e+00 9.88173750e-03 3.37448135e+02 1.36991250e+01
 2.45620166e+01 -1.72636854e-03 -2.88330374e-01 -7.31850338e-03 -1.33856151e+02 1.37048591e+01
 -1.80004379e+01 2.26337156e-04 -2.72571397e+00 -1.09018180e-04 -4.12068506e+02 1.36964056e+01
 1.08195854e+00 -5.53007679e-03 -5.59857726e-01 2.10197729e-03 -3.10463520e+02 1.36998022e+01
 -1.56619671e+01 3.07353623e-03 2.10904201e-01 6.08565449e-04 2.17841923e+02 1.36967626e+01
 8.71533199e+00 5.16845708e-03 -9.61382954e-01 -5.25299017e-03 -8.00708738e+01 1.37018579e+01
 1.72005209e+00 -1.99825683e-02 5.99689562e-02 -9.56992875e-03 4.40329269e+02 1.37002394e+01
 -6.08021910e-01 1.20179900e-02 -7.51045975e-01 2.87156852e-03 -3.35009122e+02 1.36999162e+01
 -1.06663887e+01 3.92981806e-03 6.62885143e-01 -2.05828157e-04 1.26598342e+02 1.36978860e+01
 7.50306621e+00 1.60188354e-03 -5.88692221e-01 -1.50293929e-03 4.31208206e+02 1.37012737e+01
 -3.72942903e+01 7.54113719e-03 2.13682231e+00 1.32473305e-04 1.23507344e+02 1.36927675e+01
 4.26100806e+00 -1.15439170e-02 -2.36665915e-01 -5.08532931e-03 -4.34079331e+02 1.37006793e+01
 1.02212527e+01 -1.04897656e-02 1.94758362e-01 -9.84356073e-04 -3.62415554e+02 1.37020551e+01
 -2.23132445e+01 3.13334486e-03 -2.35601888e+00 2.23117443e-03 -1.22561647e+02 1.36956787e+01
 7.89517247e+00 6.36716958e-03 1.33874697e+00 9.44747729e-03 7.97893201e+01 1.37015256e+01
 2.70662944e+00 -1.03721026e-02 -1.40880241e-01 -5.78716789e-05 -6.28431395e+02 1.37006597e+01
 -1.41806094e+01 2.27064541e-03 -9.09084575e-02 -2.41267268e-03 -1.25918027e+01 1.36969242e+01
 4.90768615e+00 5.70784314e-03 4.06126978e-01 1.35508157e-02 -7.30407571e+02 1.37009993e+01
 5.56039449e+00 -1.56749707e-03 -6.94813545e-01 -2.65214623e-03 8.53616680e+01 1.37006405e+01
 -4.41153483e+00 -2.63384952e-03 -2.39679068e+00 6.43591960e-03 -2.52113680e+01 1.36993054e+01
 2.51451641e+00 -1.28080337e-03 5.08859419e-01 1.70308520e-03 -2.28129607e+02 1.37007708e+01
 -3.28940569e+00 -6.98516834e-04 -1.70300662e+00 1.30289428e-03 -6.49878891e+01 1.36992445e+01
 6.85776287e+00 1.73652195e-03 -9.55564123e-01 -5.32009183e-05 -6.46526278e+02 1.37015765e+01
 -4.56349790e+00 5.93330928e-04 4.67249478e-01 -2.24059975e-03 3.06533051e+01 1.36990312e+01
 -8.19747725e+00 8.71316972e-04 5.34023881e-01 -1.37235103e-02 4.53031701e+02 1.36983881e+01
 1.18610198e+01 -3.09116963e-03 -5.67038404e-02 8.48205419e-03 -2.31642951e+02 1.37022666e+01
 -2.12204969e+01 -1.11602531e-02 -8.30773533e-01 -4.42203841e-03 1.24793278e+02 1.36961336e+01
 -1.48575480e+01 1.33973726e-02 -9.75418840e-01 -7.41722690e-03 -3.45610967e+02 1.36969121e+01
 1.26569041e+01 6.00618427e-03 -4.71373685e-01 4.81952461e-03 1.81028801e+02 1.37031381e+01
 1.90358779e+00 -9.52896246e-05 -2.63646958e-01 9.19234531e-03 -5.17832913e+01 1.37002897e+01
 -1.55559813e+01 3.57505509e-03 5.10966836e-01 -1.76953916e-03 6.72716142e+01 1.36971075e+01
 9.30450631e+00 7.68308349e-05 2.56224454e-01 4.86811290e-03 1.38923549e+02 1.37017164e+01
 1.03790357e+01 -4.89586029e-03 1.73783681e-01 -5.50956550e-05 -1.05926517e+02 1.37019154e+01
 7.79205666e+00 9.74029880e-03 8.18085822e-01 1.51380110e-03 -2.11153474e+01 1.37015604e+01
 -7.19430769e+00 8.19934496e-03 -2.97706326e-01 -9.74482450e-03 -2.32102193e+00 1.36986978e+01
 -1.70793173e+01 -6.76180286e-03 -1.00330394e+00 -1.16377226e-03 -5.49889596e+02 1.36962905e+01
 8.40642595e-01 -5.02832094e-03 2.84970006e+00 -1.18893848e-02 -4.45207673e+02 1.37003057e+01
 1.58220449e+01 -1.12356515e-04 -1.25766081e+00 4.06436169e-03 2.06450759e+02 1.37030654e+01
 1.35819093e+01 -8.66521131e-03 -1.11339982e+00 1.11180958e-02 -1.66361630e+02 1.37028624e+01
 -1.28206847e+01 -4.00928987e-03 -1.03010826e+00 1.00559176e-02 1.71233839e+02 1.36975373e+01
 -1.13331005e+01 1.08793493e-03 6.09152977e-03 -7.65175097e-03 1.84756237e+02 1.36976523e+01
 3.91012865e+00 -8.64283544e-03 3.63821888e-01 -1.18298825e-04 3.83874549e+01 1.37005416e+01
 6.61788105e+00 9.56014807e-03 6.60220543e-01 -1.53419039e-02 -1.39498840e+02 1.37011176e+01
 -2.23250016e+01 4.10844997e-03 1.83023712e-01 1.20265674e-03 -2.39965274e+01 1.36952806e+01
 -1.88488741e+00 7.37840110e-03 1.21180248e+00 8.82881324e-03 5.69209439e+01 1.36997892e+01
 9.55299935e+00 2.06559249e-03 -2.40352371e+00 1.25646727e-03 -1.18963715e+02 1.37019223e+01
 -6.01003703e+00 -3.07741571e-03 -4.72789475e-01 -3.12536642e-03 2.33440445e+02 1.36985217e+01
 -1.20054687e+01 -1.84398415e-03 2.58532732e-01 -7.62702375e-03 4.67021663e+02 1.36975082e+01
 -5.73140893e+00 7.85403746e-04 4.54421127e-01 5.48684496e-03 7.50912444e+01 1.36991921e+01
 1.14259781e+01 5.36798532e-03 -6.36689575e-02 -8.14624769e-03 4.48532934e+02 1.37025161e+01
 5.71700051e+00 -1.15942843e-02 -7.83864334e-02 8.56904796e-03 9.27414270e+01 1.37010527e+01
 -8.95151416e+00 1.00086522e-03 -6.91723719e-01 3.12899965e-03 2.93958913e+02 1.36985050e+01
 -1.64049477e+00 -3.65367894e-03 8.04346606e-01 -3.06332664e-03 3.08342540e+02 1.36998670e+01
 2.29282757e+01 -7.80951730e-04 -2.41643444e-01 -1.35322842e-04 3.02257283e+02 1.37046090e+01
 -2.19531684e+01 1.37980787e-02 -6.19045893e-01 1.92329735e-03 -2.94547971e+02 1.36951519e+01
 -9.34386418e+00 7.51015921e-04 -2.42774542e-01 -7.43037470e-03 -1.48613662e+02 1.36981756e+01
 -2.40727198e+01 -6.19438369e-03 -3.43589260e+00 -1.56651475e-02 -8.71856988e+01 1.36952220e+01
 3.60590383e+01 4.37420656e-03 -1.27986921e+00 -6.39174351e-03 -8.44114323e+02 1.37070954e+01
 -7.90096286e+00 -1.26043604e-03 1.46362907e+00 -2.20802590e-03 2.64362817e+02 1.36984012e+01
 -8.63554179e+00 1.03202136e-02 -7.77129464e-01 1.02226263e-02 -6.29086753e+02 1.36980003e+01
 -5.50805043e+00 8.85133344e-04 8.88558551e-01 1.04742124e-02 1.19209290e+02 1.36988812e+01
 8.24319928e-01 -3.56178753e-03 1.87126626e+00 -6.77707600e-03 -1.09926620e+02 1.36999714e+01
 2.03723740e+01 -9.95036997e-03 3.74953364e-01 -2.37271842e-03 4.53169165e+02 1.37039948e+01
 1.31546681e+01 2.06693477e-03 2.53823093e-02 1.01921333e-04 2.33208070e+02 1.37025488e+01
 -4.27887290e+00 6.63594809e-03 -1.21371245e+00 6.11011487e-03 -1.75627084e+02 1.36993176e+01
 -1.57803606e+00 -2.14873998e-03 3.37385058e-01 8.14098114e-03 2.20109654e+01 1.36995153e+01
 -1.54320410e+00 -4.54697983e-03 -1.26444621e-02 2.24295128e-03 3.12373700e+02 1.36998403e+01
 -6.58664578e+00 -9.97327751e-03 1.90646492e+00 2.54600384e-04 1.42065854e+02 1.36988253e+01
 -1.53769911e+01 7.23675574e-03 1.18530322e+00 -5.13718000e-03 4.11699432e+02 1.36971054e+01
 1.65034605e+01 9.17256339e-03 -1.15364978e+00 1.39335563e-03 1.01390278e+00 1.37031188e+01
 1.85656637e+01 -6.32013156e-03 -1.46202633e+00 -3.69555506e-03 -9.80408611e+00 1.37037263e+01
 2.74596959e+01 3.96820239e-03 -8.63529893e-01 1.95770599e-03 1.18020691e+02 1.37054044e+01
 -1.11998510e+01 -8.39986639e-03 1.22051362e+00 -5.54252164e-05 -6.92627648e+02 1.36977498e+01
 1.77194283e+01 -2.37295144e-04 -7.17406515e-01 3.71949622e-03 2.42299971e+01 1.37034922e+01
 4.74307924e-01 -8.91016596e-03 -1.53274264e+00 -2.66228571e-03 2.68198843e+02 1.37000072e+01
 -5.73294558e+00 -2.69921081e-03 1.09274761e-01 -4.18548195e-03 1.45472800e+02 1.36986031e+01
 2.38268352e+00 -1.11444918e-02 1.02018359e+00 4.73824062e-04 -1.73354913e+02 1.37000965e+01
 -7.50680537e+00 2.69571668e-03 2.62717246e+00 4.81446295e-03 -2.42751419e+02 1.36985153e+01
 -1.47113235e+01 3.38450412e-03 1.64771331e+00 -4.39598215e-03 1.83335238e+02 1.36969686e+01
 2.45790566e+00 1.11385405e-03 7.93437896e-01 -1.61049244e-03 3.35921521e+02 1.37003307e+01
 -6.37997168e-01 2.90267496e-03 -7.77619229e-01 1.60357349e-02 3.66229369e+02 1.36998789e+01
 -6.08349765e+00 2.42015750e-03 1.30782157e+00 -4.12696745e-04 8.72349690e+00 1.36986259e+01
 -5.87616925e+00 -9.24594375e-03 -1.74440238e+00 -7.01725319e-03 -1.74165100e+02 1.36986061e+01
 1.04737707e+00 -4.02212694e-03 -1.13924143e+00 6.91368981e-03 7.44306124e+02 1.37002551e+01
 8.63612086e+00 9.70968993e-03 -1.75982722e-01 -3.75673430e-03 7.48740287e+01 1.37021036e+01
 6.94930248e+00 1.14017860e-03 -4.40526154e-01 -6.25253022e-03 7.89280665e+01 1.37010147e+01
 1.39485874e+01 5.31192439e-03 1.19165006e+00 -9.03025158e-04 -5.86174483e+01 1.37026945e+01
 8.50859115e+00 -7.55105211e-03 8.43239487e-01 -9.29397117e-04 -1.51106960e+02 1.37016593e+01
 -1.15278683e+01 -1.17078319e-03 7.37809141e-01 1.09000897e-03 -3.23091523e+01 1.36975002e+01
 5.73890390e+00 -1.23090414e-02 4.36158364e-01 -3.55468502e-03 -3.66715754e+02 1.37013688e+01
 -3.23366399e+00 2.66316959e-03 -2.39649725e-01 1.00126316e-02 -2.22741117e+02 1.36990150e+01
 2.42797894e+01 -1.14578287e-03 -5.11157322e-01 1.37597252e-03 6.34091329e+01 1.37048265e+01
 2.32212809e+00 -1.18549625e-02 1.68818373e-01 -1.33081231e-03 -4.67353984e+02 1.37004363e+01
 9.45317219e+00 -3.52667234e-03 -1.86942409e+00 -1.12975700e-03 -3.43361628e+01 1.37020423e+01
 -1.38898881e+01 7.22317872e-03 5.90294053e-01 -2.65947889e-03 -2.04920062e+02 1.36972679e+01
 -1.70081182e+00 4.08536251e-03 5.73545245e-02 -1.76485752e-03 -7.31317772e+01 1.36996486e+01
 2.41793746e+01 2.07764055e-03 -4.95480695e-02 8.28478777e-03 3.14660363e+02 1.37048782e+01
 -5.90170448e+00 2.77980354e-03 1.44874347e+00 3.32688226e-03 -1.82000214e+02 1.36987772e+01
 -2.19239601e+01 -2.42598486e-03 5.25659857e-02 -3.46015679e-03 -3.96681101e+02 1.36957214e+01
 -1.12590020e+01 -4.77782517e-03 1.89006882e-01 -2.98379846e-03 3.11938010e+01 1.36978410e+01
 -1.99852319e+01 1.06548661e-03 8.78356415e-01 1.03887500e-02 2.60035682e+01 1.36960096e+01
 1.51137419e+01 -4.50874256e-03 4.72463919e-01 -6.70230810e-03 -1.28879885e+02 1.37026359e+01
 -1.06852801e+01 -1.30250466e-03 3.73512647e-01 3.06272287e-03 -5.04147293e+02 1.36978448e+01
 4.32749367e+00 -8.39635518e-03 -1.17828010e+00 -4.97490536e-03 -2.80469746e+02 1.37008117e+01
 2.19418471e+01 5.08351632e-03 -7.05423209e-01 -2.09713987e-03 3.01409076e+02 1.37040710e+01
 7.50105624e+00 -2.16318527e-03 1.50957190e+00 -6.64637275e-03 -3.91532044e+02 1.37016393e+01
 -1.20491175e+01 -6.00329757e-03 -2.89174096e-01 7.28741890e-03 -2.53217106e+02 1.36976992e+01
 -1.93403605e+01 -5.07817184e-03 1.78020617e+00 1.86888669e-03 -1.52375609e+02 1.36965540e+01
 6.84616093e+00 -2.69309789e-04 -2.38346464e-01 -6.60647800e-04 8.59487791e+01 1.37012116e+01
 7.55732297e+00 -1.01107789e-02 2.37460226e+00 1.15132887e-03 2.87839412e+02 1.37014340e+01
 3.79205025e+00 -2.37829228e-03 5.44631123e-01 -8.19031672e-03 -5.02180287e+02 1.37010497e+01
 1.20878911e+01 -5.97271763e-03 2.31078375e-01 5.81963115e-03 3.50404082e+01 1.37026291e+01
 -5.00823586e-01 3.95940368e-03 9.03293324e-01 4.72399494e-03 3.14245056e+02 1.37000894e+01
 2.47660839e+00 3.70679347e-03 -3.38438627e-01 4.55708643e-04 2.10720338e+02 1.37007745e+01
 -1.52342363e+01 5.90129905e-03 2.43027187e+00 -6.04826617e-03 -3.23621336e+01 1.36972270e+01
 -7.96191175e+00 2.80934430e-03 -2.01679446e+00 3.00109524e-03 -3.14354821e+02 1.36986541e+01
 2.27744372e+01 -7.00987683e-03 -1.61457720e+00 3.81827489e-04 2.49828746e+02 1.37045970e+01
 -1.10380448e+01 -8.67346940e-03 -1.06823791e+00 -1.92221706e-03 -4.08581491e+02 1.36978116e+01
 -1.30510374e+01 1.93011058e-03 -2.42461853e+00 8.15046134e-03 9.72281821e+01 1.36976061e+01
 -2.82647927e+00 1.57942303e-02 1.10338931e+00 5.59384731e-03 7.22725852e+00 1.36993116e+01
 1.55807822e+00 -2.49471859e-03 9.11610833e-01 1.33995231e-03 3.28461076e+02 1.37003361e+01
 9.92920023e+00 -1.11843600e-03 2.26883512e+00 5.98883661e-03 3.32619045e+01 1.37020135e+01
 4.37955109e-01 -1.07454661e-02 1.37264164e+00 2.20211022e-03 -1.51078682e+02 1.36998454e+01
 -7.49039590e+00 1.08673423e-03 -3.60023269e-01 -4.13582582e-03 2.61706670e+02 1.36986404e+01
 -2.02318398e+01 -2.16733565e-03 2.30188879e-01 1.94846751e-03 -1.69318385e+02 1.36956703e+01
 1.13033824e+01 7.81846807e-03 -1.20489943e+00 -2.15790073e-03 3.40555999e+02 1.37024248e+01
 -1.98048466e+01 -1.92605581e-03 6.10509248e-01 5.78450260e-03 -3.62038558e+02 1.36958614e+01
 -7.23147507e-01 7.66670827e-04 6.42163610e-01 -1.54491675e-03 1.18074000e+02 1.37000570e+01
 2.01000865e+00 2.55331139e-03 1.64766782e+00 -7.40493445e-04 6.69292826e+02 1.37004563e+01
 1.03728286e+01 -6.28521768e-03 6.27491791e-01 8.68040146e-03 3.05599272e+02 1.37022380e+01
 -1.31521004e+01 8.70023870e-03 6.98373223e-01 3.78108542e-04 -6.03887311e+01 1.36972538e+01
 1.45794497e+01 6.24745008e-03 -1.12696862e+00 3.48611415e-03 2.49778878e+02 1.37029291e+01
 2.40225450e+01 -1.74619489e-02 2.34701772e-01 6.06966792e-03 3.39987826e+01 1.37047633e+01
 -8.18672661e-01 -7.66281897e-03 2.13206912e+00 6.39184391e-03 -8.10761955e+01 1.36998658e+01
 -1.41035279e+01 6.00315470e-03 -1.45463067e+00 1.18681957e-02 -4.27987614e+02 1.36968937e+01
 -5.61573240e-01 -9.72560724e-03 1.02206069e+00 1.15307231e-02 -1.36722154e+02 1.36998771e+01
 -3.41533098e+01 -1.54082449e-02 2.97023441e-01 3.89986236e-03 -6.95916722e+01 1.36933758e+01
 1.83554339e+01 -3.23873401e-03 4.33121346e-01 -6.23731481e-03 2.18849039e+02 1.37038097e+01
 1.38058579e+01 -1.53719272e-03 2.25236635e-01 -4.61464215e-03 3.52146489e+02 1.37025730e+01
 2.25356370e+01 -4.40105359e-03 1.01704044e-01 -1.53803261e-03 1.31063439e+02 1.37045658e+01
 -4.07058344e+00 9.26461935e-03 -3.23613463e-01 1.04676439e-02 -3.93897853e+02 1.36992033e+01
 -1.41057069e+01 1.22102438e-02 -2.36009753e+00 8.46844761e-03 2.70962435e+02 1.36975362e+01
 -2.01904224e+01 4.54086065e-03 -1.20220598e+00 3.78660758e-03 -1.53089856e+02 1.36960936e+01
 2.28350254e+00 -5.81519464e-03 -1.13576086e+00 2.47850850e-03 2.61284885e+01 1.37002929e+01
 1.31792081e+01 -1.84336019e-02 3.35781618e-01 -6.30475175e-03 -4.31706050e+02 1.37028303e+01
 7.18662632e+00 -2.09780205e-03 -4.49521009e-02 6.44380328e-03 2.88035193e+02 1.37011948e+01
 8.97492303e+00 -2.01606489e-02 -1.53759723e+00 -2.25552775e-03 -5.86813353e+02 1.37020997e+01
 -6.36425965e+00 7.17337274e-03 2.65891968e+00 -3.37400864e-03 -3.40094721e+02 1.36987322e+01
 -1.28530368e+01 5.32155222e-03 6.96697531e-01 2.98179074e-03 -1.68882771e+02 1.36976904e+01
 -9.68819799e+00 -4.28769313e-03 -1.74385413e+00 -1.13095005e-02 2.13311271e+02 1.36977048e+01
 2.27501104e+01 4.92188643e-03 -2.29941266e+00 1.32111478e-03 4.86100585e+01 1.37043894e+01
 -3.40638685e+01 -4.02407228e-03 8.46731994e-01 -2.69261720e-03 -9.21656876e+01 1.36931655e+01
 1.57791412e+01 -8.17970728e-03 3.41919638e-01 5.92168934e-04 6.32083378e+01 1.37030619e+01
 1.29827054e+01 4.92571667e-03 -1.26814191e+00 -5.86826086e-04 2.70917536e+02 1.37029108e+01
 3.95212843e+00 7.48539512e-03 2.07110661e+00 1.55371460e-03 2.23515663e+02 1.37005318e+01
 -4.02904590e+00 2.22435758e-03 -7.10207917e-01 -2.44641332e-03 1.28946483e+02 1.36991351e+01
 -1.47259387e-01 1.19336172e-03 -7.40300098e-01 4.29826545e-04 9.21334856e+01 1.36999660e+01
 5.20508583e+00 -7.52898897e-03 -2.52640033e-01 -8.52857279e-04 -3.39987220e+02 1.37009338e+01
 1.97111823e+01 1.16275789e-02 -1.10404074e-01 7.12392342e-03 -2.94099496e+02 1.37039664e+01
 -1.37159654e+01 -5.96248226e-04 1.38757303e+00 -2.00033401e-03 -9.87717305e+01 1.36971313e+01
 -8.36094164e+00 6.62701596e-03 7.57463999e-01 -1.58979736e-03 -5.58828403e+02 1.36981871e+01
 8.97951218e+00 -1.68784480e-03 -1.25557790e+00 -4.00992891e-03 -6.38735328e+01 1.37015785e+01
 1.91628680e+00 -8.82445858e-03 8.60304738e-03 -3.20976081e-03 -3.06786887e+01 1.37004736e+01
 1.34036101e+01 1.24516871e-02 7.58053505e-01 -3.28142887e-03 1.36082979e+02 1.37027520e+01
 1.71283430e+00 1.96108983e-03 -2.49709137e+00 -9.74283930e-03 -9.72768467e+01 1.37004042e+01
 -5.65019399e+00 2.03754765e-03 -2.87521160e-01 1.56065861e-03 2.70308268e+02 1.36986128e+01
 9.12210972e-01 7.22456046e-03 -8.71302069e-02 -1.60279860e-03 -1.72145596e+02 1.37002451e+01
 2.00658306e+01 3.15002485e-03 1.16921539e-01 -1.93106040e-03 -3.61202404e+02 1.37040853e+01
 8.86667601e+00 6.65520579e-04 1.65609306e+00 -2.35098687e-03 -3.42306556e+02 1.37017227e+01
 2.96774844e+01 8.49088585e-05 -3.80318104e-01 -5.33004543e-03 3.79779979e+02 1.37056982e+01
 -1.36496694e+00 -4.68826044e-03 4.27416056e-01 -1.06852190e-02 -3.39634613e+01 1.36999327e+01
 1.88572714e+01 1.94884179e-02 8.68230797e-01 -9.34097807e-03 -9.67273525e+01 1.37038756e+01
 -1.33652798e+01 -4.33748599e-03 9.19511782e-01 -8.01187903e-04 1.87364668e+02 1.36975253e+01
 -5.30388040e+00 -2.10267694e-04 2.56429955e+00 2.46425221e-05 8.99561631e+01 1.36991101e+01
 -3.38947834e+01 -1.87336621e-02 7.43962661e-01 -2.08158650e-03 -1.95597243e+02 1.36929891e+01
 5.33689642e+00 -9.58365847e-03 -2.01125705e-01 -5.39251837e-03 -2.76127079e+02 1.37012317e+01
 2.00391398e+00 -3.48663627e-03 7.40901065e-01 3.76272299e-03 2.44638367e+02 1.37001399e+01
 1.96087575e+00 7.87040402e-03 -1.86014645e-01 -1.34870550e-02 -1.01668959e+02 1.37004641e+01
 -2.65807517e+00 4.81390110e-03 2.10187797e+00 6.37232942e-03 -3.86539059e+01 1.36994851e+01
 -2.71432520e+01 -4.47525352e-03 -4.65024249e-01 3.57603538e-03 -2.84673747e+02 1.36944304e+01
 2.63666721e+01 -6.20034263e-03 8.09584846e-01 -6.39747095e-03 5.31238400e+02 1.37054061e+01
 -1.08544657e+01 -1.33615210e-03 -8.60485498e-02 -7.41934668e-03 -2.11108413e+02 1.36977394e+01
 -2.03566740e+01 2.94247172e-03 1.07110206e+00 3.22578098e-04 -2.34744806e+02 1.36960988e+01
 8.39368827e+00 -8.13313262e-03 -6.52941020e-01 6.01061779e-03 3.92304270e+01 1.37016641e+01
 9.67671718e+00 -6.07915431e-04 6.87539729e-01 7.91770462e-03 -1.18727480e+02 1.37018242e+01
 7.51359633e+00 -6.74065759e-04 1.86927124e+00 3.14038726e-03 -3.58178444e+01 1.37014127e+01
 4.19712327e+00 -3.55027130e-04 5.11356024e-01 -7.43480492e-05 2.49887398e+02 1.37009380e+01
 -1.27194517e+01 1.34504028e-02 2.19946755e-02 -2.76122700e-03 1.00151207e+02 1.36973082e+01
 1.20434719e+01 2.41380241e-03 1.00594555e+00 -4.09389424e-03 1.35026807e+02 1.37024349e+01
 -5.83172871e+00 1.85651152e-04 -7.37885167e-01 -7.38798489e-03 1.42504288e+02 1.36992559e+01
 -3.78322929e-01 -2.07916738e-03 1.24604890e+00 4.87121769e-03 8.47017295e+01 1.36997027e+01
 5.06021282e+00 1.15910018e-03 -9.72896619e-01 -2.37125565e-03 1.91644427e+02 1.37008320e+01
 -4.53990739e+00 -5.61215053e-03 -1.46894567e+00 -2.85398431e-03 1.61108851e+02 1.36989564e+01
 -3.26952492e+00 6.38444317e-03 1.46111844e-02 3.24246509e-03 -1.81740253e+02 1.36993896e+01
 7.08116622e+00 -1.48367287e-02 1.40338170e+00 -9.20638922e-04 1.86399292e+02 1.37014591e+01
 3.80997443e+01 1.18478462e-02 -4.15592260e-01 -1.22111197e-02 4.00574408e+02 1.37078726e+01
 4.79293216e+00 -9.31973343e-04 1.32019338e+00 -4.15835973e-03 1.65763166e+02 1.37010762e+01
 -2.48766966e+00 -4.78279920e-03 3.88778583e-01 -9.61460554e-04 5.13699264e+01 1.36995295e+01
 -1.94382573e+01 -3.70727315e-03 1.11932828e+00 -1.85277099e-03 2.91844210e+02 1.36960465e+01
 1.29335753e+01 -4.17021812e-03 1.36162970e+00 2.78447486e-03 -8.47523040e+01 1.37025417e+01
 4.31329850e+01 -2.73438820e-03 1.58473314e-01 -4.61686840e-03 2.88862947e+02 1.37083383e+01
 1.01253902e+01 -8.30610310e-03 7.16720360e-02 -7.16633871e-03 -3.59328905e+02 1.37019058e+01
 8.13436726e-01 2.14207025e-03 -4.38775032e-01 2.63130052e-03 -5.53687676e+02 1.36999500e+01
 1.72687643e+01 -9.05727587e-03 5.46898853e-01 8.64950078e-04 3.28970289e+02 1.37034636e+01
 -1.68634321e+01 -1.31459183e-02 9.73938216e-01 1.59998456e-03 -9.52709773e+01 1.36965650e+01
 5.03497477e+00 -2.69466560e-03 -2.10590854e-01 -1.72912733e-02 -3.86985782e+02 1.37006901e+01
 2.39545629e+00 2.90081577e-04 1.57685821e+00 -9.87289097e-03 2.42940483e+02 1.37004860e+01
 -2.11993167e+00 1.10326349e-02 8.81330680e-01 4.11208247e-03 3.01480833e+02 1.36993547e+01
 1.28598934e+01 6.98491196e-03 9.61077464e-02 -7.65728642e-04 -1.47720243e+01 1.37026944e+01
 1.36238524e+01 9.35909138e-04 -1.04896939e-01 1.46640862e-03 7.00999842e+00 1.37028814e+01
 6.66539277e+00 -7.79803761e-03 4.79849969e-01 -7.08943221e-03 -7.37686190e+01 1.37012429e+01
 -5.26441486e-01 -7.15748728e-03 -7.17685099e-01 1.28107188e-03 1.04813207e+02 1.36999541e+01
 -5.48330028e+00 1.23927275e-02 1.38986307e+00 -6.56936753e-03 5.04013680e+02 1.36990511e+01
 1.05658494e+01 -3.70329864e-03 1.18941463e+00 -1.56359158e-02 1.63249009e+01 1.37020099e+01
 -4.50569973e+00 7.70743613e-03 7.58865704e-01 6.03882170e-03 -3.60358738e+02 1.36993297e+01
 6.71482617e+00 7.21436872e-04 -5.89771493e-01 -5.79107614e-03 2.60707108e+02 1.37013032e+01
 -5.40811256e+00 -6.13011805e-03 -6.14119140e-01 -4.63877957e-03 4.45659172e+02 1.36990120e+01
 -1.91393534e+00 1.10912710e-02 -4.11854867e-02 -1.15745834e-02 1.09497485e+01 1.36996764e+01
 -1.08045286e+01 -1.70221727e-04 3.70326926e-01 1.28140002e-03 1.18774920e+02 1.36978633e+01
 2.79866947e+01 9.76777141e-03 3.03016247e+00 -2.10316390e-04 5.12892621e+02 1.37053443e+01
 1.27935326e+01 -1.32351310e-02 8.20824204e-01 -3.37035289e-03 1.71472520e+02 1.37024131e+01
 -1.25083286e+01 5.14862890e-03 6.62906600e-01 1.32741944e-02 -2.91238501e+02 1.36977434e+01
 2.44352788e+00 1.91309887e-03 -3.74813883e-01 1.28140736e-03 4.69983798e+02 1.37005250e+01
 2.15327194e+01 8.91967241e-04 1.58273418e-01 -1.57496435e-03 2.65326648e+02 1.37041396e+01
 -3.83113926e-01 7.03033244e-03 2.74235454e-01 -1.08803898e-02 -1.55334015e+02 1.36999086e+01
 -4.34360437e-01 8.09856891e-03 -2.40582551e+00 6.37308827e-03 2.04169030e+01 1.37000136e+01
 -1.63145451e+01 2.66085043e-04 -4.97310327e-01 -8.23528651e-04 4.55143938e+01 1.36970724e+01
 -1.31355139e+01 -1.15864242e-02 -2.20305831e-01 3.63759850e-03 1.37333042e+02 1.36976543e+01
 5.81065906e+00 2.67218702e-03 -1.60955269e+00 1.05389308e-03 2.22991464e+01 1.37013039e+01
 -7.56795758e+00 -8.92397273e-03 -1.36544086e+00 6.97285841e-03 -5.70626661e+01 1.36987661e+01
 -7.60122045e+00 -2.79013098e-03 2.73431261e+00 2.50363908e-03 -1.04374340e+02 1.36984582e+01
 2.97429119e+00 -6.29021863e-03 2.71691518e-01 5.98736102e-03 1.93103783e+02 1.37002776e+01
 -1.19882663e+01 -4.74179197e-03 -3.87295571e+00 -7.35820543e-04 -2.69004653e+02 1.36974490e+01
 1.25996184e+00 -5.54911923e-03 -1.51172968e+00 -1.14894937e-03 2.49963067e+02 1.37002623e+01
 -9.99450728e+00 -1.19056241e-02 1.66962507e-01 5.97535465e-03 -1.25390887e+02 1.36981396e+01
 -8.97695853e+00 5.90437717e-03 3.32204270e+00 7.24165699e-03 2.37344840e+01 1.36981824e+01
 -6.30366597e+00 4.21269520e-03 -1.69824724e-01 1.12452158e-02 2.61118775e+02 1.36986498e+01
 2.69290897e+01 -1.67782793e-04 -4.32088744e-01 1.56948115e-03 -1.28997431e+02 1.37058573e+01
 -7.22300917e+00 -8.26369049e-03 -9.79686012e-01 2.69355633e-03 -2.06751064e+02 1.36986632e+01
 1.43762724e+01 -7.48355878e-05 -1.45750270e-01 5.94933877e-05 -4.11873747e+01 1.37028657e+01
 4.66096614e+00 -2.48065640e-03 4.19026150e-02 -4.00961267e-03 -4.71370245e+02 1.37009614e+01
 -3.12090184e+00 2.60844518e-04 -7.95129025e-01 8.52825760e-03 -1.54443781e+02 1.36995954e+01
 -5.49552388e+00 1.76302855e-03 -1.28112918e+00 -8.40947428e-04 4.90783729e+01 1.36989147e+01
 9.57882376e+00 4.00679295e-03 1.92792005e+00 -1.13264022e-03 -3.17882419e+02 1.37019184e+01
 -3.58650671e+00 -3.27101582e-03 -3.01491212e+00 -5.94267265e-04 -3.46699793e+02 1.36993406e+01
 -1.40250142e+01 -5.42009343e-03 -6.84101409e-01 -4.44049378e-04 1.32433795e+02 1.36973366e+01
 4.78670284e-01 4.50461100e-05 1.93462316e-01 3.03803933e-03 1.33560059e+02 1.37000011e+01
 -1.75162098e+01 2.08433218e-03 1.77384681e+00 -7.07635237e-03 -2.76932746e+02 1.36963121e+01
 2.94243728e+01 7.57682656e-04 1.59564054e+00 -1.93926430e-03 -9.25000174e+01 1.37059799e+01
 -5.49558864e+00 1.34877467e-02 1.33473078e+00 3.86044539e-03 1.28545235e+02 1.36990429e+01
 -7.44304314e+00 -1.41279311e-02 3.78622316e-01 -3.71532456e-04 -1.51187624e+02 1.36986631e+01
 -7.20208960e+00 2.13934210e-03 5.24019702e-01 -7.26369802e-03 -3.26025370e+02 1.36983041e+01
 1.16810137e+01 1.26923614e-02 -5.40200029e-01 -2.65741398e-04 -1.65450377e+02 1.37023630e+01
 -1.05865561e+01 4.42958839e-03 5.43722549e-01 8.70716853e-03 -2.28704689e+02 1.36978486e+01
 4.43284010e+00 1.32515632e-02 -8.85302377e-01 4.98499432e-03 -3.13896654e+02 1.37006852e+01
 2.40589748e+00 -9.52706758e-03 -1.30366313e+00 6.21692283e-04 -1.18449282e+02 1.37003487e+01
 6.94748495e+00 1.26630012e-03 -9.84284486e-02 -2.06623927e-03 -6.37744094e+00 1.37015580e+01
 -2.18199768e+01 1.04270353e-02 2.81256927e+00 1.87453755e-03 9.76899319e+01 1.36954091e+01
 7.63790143e+00 -4.42662094e-03 1.01388628e+00 3.42165690e-03 2.99302606e+02 1.37016627e+01
 -2.00235331e+01 1.03868185e-03 -2.54521825e+00 -1.52217816e-04 1.43954855e+02 1.36962546e+01
 4.32383133e+00 2.19767832e-03 7.57285770e-01 -9.80190891e-03 -2.49963138e+02 1.37006671e+01
 1.24952991e+01 -1.30327627e-02 -1.55762860e+00 3.63009083e-03 -1.02469251e+02 1.37024497e+01
 1.25448972e+01 2.24767310e-03 -5.52545887e-02 2.95105918e-03 -3.43923086e+02 1.37021599e+01
 -1.79066709e+00 2.29716686e-03 1.35468274e-01 6.60747070e-03 5.17024491e+02 1.36998871e+01
 3.96413633e+00 -9.77756833e-04 1.24885318e+00 9.64337291e-03 3.90733287e+02 1.37007385e+01
 6.78874957e+00 7.82419096e-03 1.15163165e+00 -2.30639413e-03 1.61908064e+02 1.37012678e+01
 1.29861467e+01 -2.94922948e-03 -1.65684164e+00 -4.42552989e-05 -6.22947986e+01 1.37025215e+01
 -6.31858245e+00 -5.60058464e-05 -4.75595312e-01 -7.23163855e-03 -2.96823587e+02 1.36990326e+01
 -1.57831112e+01 3.83881707e-03 -6.38561934e-01 -4.90992990e-03 -3.01460403e+02 1.36968116e+01
 1.00265439e+01 1.18254128e-02 -1.60498139e-01 2.59143999e-03 4.60573539e+02 1.37022592e+01
 -9.33678019e+00 3.13486634e-03 -9.14443697e-01 5.05253902e-03 -1.09144159e+01 1.36979547e+01
 1.45128045e+01 1.00626426e-02 7.51788181e-01 7.98953203e-03 -2.20036770e+02 1.37028026e+01
 1.84645069e+01 -1.54681644e-02 -3.18672501e-02 -1.87012624e-03 -2.62522357e+02 1.37038179e+01
 1.18833753e+01 -1.45362129e-03 5.89859187e-01 -8.87333341e-03 -6.45266145e+02 1.37022920e+01
 4.20665080e+01 2.20836249e-03 5.64789980e-01 -5.21874949e-03 -3.22808999e+02 1.37083570e+01
 -2.53609538e+00 4.76221357e-03 -1.03858332e+00 2.33479973e-03 -1.13560815e+02 1.36998337e+01
 -1.37031388e+01 1.97132822e-02 1.89324513e+00 6.59438117e-03 5.84923680e+01 1.36973654e+01
 2.40661875e+00 3.06257096e-04 -7.79622623e-01 -5.24897226e-03 -3.39345891e+02 1.37004638e+01
 1.78647265e+01 -1.13937974e-02 4.54862247e-01 9.25734363e-03 3.02872611e+02 1.37036057e+01
 -1.80480198e+01 3.96006436e-03 -1.44801638e+00 -2.92483260e-03 -3.20682671e+02 1.36965647e+01
 1.62410483e+01 1.15142759e-03 8.34016089e-01 -4.38110889e-03 -4.01605540e+02 1.37032442e+01
 -5.45494877e+00 -7.58565755e-04 6.56302689e-01 2.10128688e-03 -2.86981171e+02 1.36988532e+01
 8.87448334e-01 -1.66330894e-03 -9.61670762e-01 1.12804387e-02 -6.28451696e+02 1.36998106e+01
 -6.23490375e+00 9.02450107e-03 -3.95889132e-01 -5.68717964e-03 -1.79631912e+02 1.36985038e+01
 3.28997867e-01 3.61986765e-04 -6.39400580e-01 1.57360907e-03 7.39342169e+01 1.37000317e+01
 7.81374119e+00 5.47155440e-03 3.35097911e-01 8.79661695e-03 5.19216898e+02 1.37014898e+01
 1.94606572e+01 1.51004844e-02 -1.23482525e+00 7.61702885e-03 -1.33698138e+02 1.37040947e+01
 2.59181058e+00 4.29553859e-04 6.20595642e-01 -1.41122460e-02 -3.07804505e+02 1.37005685e+01
 -2.81563439e+00 5.88811756e-03 -3.44874374e+00 -8.37846714e-04 -5.59987555e+02 1.36993171e+01
 -5.05156962e+00 1.61366517e-03 3.67227204e-01 -2.19409153e-03 1.28231402e+02 1.36986862e+01
 -5.61624187e+00 1.20403235e-02 -1.38846531e+00 -7.23758802e-04 2.11335834e+01 1.36990295e+01
 -1.77488950e+01 7.08037701e-04 1.32064100e+00 -2.68107164e-03 -2.26378934e+02 1.36964401e+01
 -1.50810899e+01 -4.31383159e-03 2.64945062e+00 -4.60409020e-03 1.24514789e+02 1.36972053e+01
 3.66878759e+00 3.94132307e-04 -1.24183980e-01 4.26130796e-03 7.04429397e+01 1.37007142e+01
 8.80438168e+00 9.61496185e-03 -4.66806028e-01 -2.50166069e-03 -4.55077836e+02 1.37018781e+01
 -2.04663496e+01 -1.56923877e-02 7.44087524e-01 -4.99337643e-03 1.08554047e+01 1.36961292e+01
 7.43919214e+00 -4.55273323e-03 1.80846278e+00 7.36832262e-03 -4.80137932e+02 1.37014725e+01
 -7.07040561e+00 -1.27765597e-03 9.72123068e-01 -3.11712156e-04 3.46895136e+02 1.36988274e+01
 9.02501121e+00 -5.96429538e-03 1.55938514e+00 5.18617545e-03 1.73357566e+02 1.37017712e+01
 5.57628346e+00 -1.06627237e-02 2.05742629e-01 1.25306495e-02 1.73813725e+02 1.37010185e+01
 -3.39399733e+01 1.26151297e-02 -5.05130245e-02 -1.00855774e-02 4.14695227e+01 1.36934641e+01
 -2.74173535e+00 -1.70356264e-02 -1.21952801e+00 6.90241010e-03 1.86845821e+02 1.36995306e+01
 7.92884080e+00 4.44484331e-03 1.41452044e+00 -1.15040843e-02 -1.62648515e+02 1.37015225e+01
 3.74893587e+00 2.69464175e-03 7.59050409e-01 8.75014611e-03 3.73901742e+02 1.37008262e+01
 1.94417261e+01 -1.05310617e-02 -1.45172939e+00 3.58625311e-03 -3.48078846e+02 1.37035535e+01
 2.70907852e+01 1.13966041e-02 -1.68221924e+00 8.00223985e-03 2.33099130e+00 1.37052919e+01
 1.56339429e+01 -7.76315166e-03 1.54942978e+00 4.05266379e-03 -8.04405711e+00 1.37033423e+01
 -2.03112182e+01 1.53606421e-02 -1.40354118e+00 1.20723800e-02 2.47099081e+02 1.36956830e+01
 7.27816581e+00 4.07210687e-03 -4.04533508e-01 -1.85268776e-03 1.45593180e+02 1.37015307e+01
 -1.71680775e+01 -8.65283381e-03 9.55272321e-01 2.13215770e-03 -6.16844546e+02 1.36967762e+01
 1.41921982e+00 -1.49612187e-03 3.48247251e+00 1.92481076e-03 4.51223096e+02 1.37003708e+01
 2.81632463e+01 -4.01044017e-03 -3.10892253e-01 1.77845007e-03 1.06409232e+02 1.37058764e+01
 -5.09398156e+00 5.17487805e-03 -1.48938264e+00 -3.25699125e-03 -3.32956706e+02 1.36989677e+01
 1.10696756e+01 -7.70317075e-03 1.43827441e+00 -3.06765678e-03 6.63466958e+01 1.37021004e+01
 -8.83256522e+00 -4.42536561e-03 2.12425116e-01 1.07594608e-02 -5.03271920e+01 1.36982710e+01
 1.19322735e+01 -6.29415704e-03 6.17551366e-01 1.37584216e-02 3.51764262e+00 1.37024738e+01
 1.23543567e+00 1.95493131e-03 -8.92391871e-01 6.46770114e-04 6.07181961e+02 1.37004745e+01
 -7.36038175e+00 9.20940842e-05 -2.86512054e+00 -5.17382253e-03 -7.15942614e+02 1.36984770e+01
 -1.25955278e+01 -6.27122326e-03 3.39118877e-01 -5.57690116e-03 -5.11954541e+01 1.36975861e+01
 3.87664911e+00 -1.45246524e-03 -4.53977836e-02 3.80271287e-03 2.50624216e+02 1.37008235e+01
 -1.11601300e+01 -1.49668394e-02 -9.25046453e-01 2.46840195e-03 2.81897818e+02 1.36977195e+01
 1.69037439e+01 -5.98919977e-03 -9.22314448e-01 8.16188701e-03 1.61556326e+01 1.37033534e+01
 8.95432555e+00 -6.46097143e-03 -7.87815393e-01 6.31711286e-03 2.74404277e+02 1.37018229e+01
 -1.58512487e+00 3.34780326e-03 1.07052686e+00 -5.54609726e-03 -3.61921475e+01 1.36997122e+01
 6.43834476e+00 -5.35125145e-03 -9.39883382e-01 -3.00301429e-04 3.64162965e+02 1.37014384e+01
 1.00456900e-01 -9.20034849e-03 -4.49113515e-02 5.08483808e-03 -5.33091161e+02 1.36998730e+01
 7.23768018e+00 9.33540851e-03 -1.33931180e+00 3.05797884e-03 -2.96317976e+02 1.37015372e+01
 1.64709352e+01 -4.25403757e-03 -1.11995961e+00 -6.30870894e-03 -2.85202752e+02 1.37032101e+01
 -2.11878086e+00 -4.43779942e-03 1.08693173e+00 3.56709812e-03 -8.64146333e+01 1.36996707e+01
 8.99858979e+00 1.38160044e-02 2.45694024e-01 7.21973783e-03 3.61214282e+02 1.37016144e+01
 -1.24892531e+01 1.79263642e-02 1.47738603e+00 -1.46283337e-02 -2.40409412e+02 1.36973899e+01
 -1.28174333e+01 8.73670462e-03 -1.08881275e+00 -5.95652838e-03 -2.15561207e+02 1.36974349e+01
 -1.62374245e+01 3.57415975e-03 -1.00361760e+00 -3.80748877e-03 -2.16939113e+02 1.36968372e+01
 5.70075115e-01 -1.98002616e-02 7.59824294e-01 1.55967665e-02 -2.85209875e+02 1.37002092e+01
 -2.71185002e+01 -5.03086119e-03 1.46446333e+00 -9.27696660e-04 -2.34654688e+02 1.36944474e+01
 -1.13540517e+00 1.91810987e-03 1.35374011e-01 8.76762775e-03 5.50925193e+02 1.36998538e+01
 -2.04879970e+01 -3.95849238e-03 -7.82930664e-02 -1.05376431e-02 2.94001345e+02 1.36960984e+01
 2.18100063e+01 -9.39979709e-03 -1.95325108e+00 -1.36254119e-04 9.66633452e+01 1.37044066e+01
 3.15668927e+00 -4.97992126e-03 7.74205644e-01 9.17871304e-03 5.39633817e+02 1.37004841e+01
 1.42130448e+01 -1.82631014e-03 1.73015940e+00 8.11320873e-03 -7.78738309e+01 1.37026622e+01
 -5.15535934e+00 -3.02290174e-03 2.46216378e+00 -1.12091781e-02 -3.57384871e+02 1.36989044e+01
 -8.46743842e+00 8.05879366e-03 9.68326545e-02 8.11298450e-03 -3.27484084e+02 1.36983256e+01
 1.34110949e+01 1.00686213e-02 1.25737835e+00 3.82076944e-04 -2.18554652e+02 1.37028624e+01
 1.17638985e+01 8.86790461e-04 -1.32251037e-01 -5.22306096e-03 4.36166440e+02 1.37021856e+01
 -2.71969183e+01 4.96879340e-03 -5.33516543e-02 3.99192069e-03 4.14053052e+02 1.36946194e+01
 1.18012141e+01 6.67873019e-03 5.94752816e-01 -7.55287833e-04 -7.99988206e+01 1.37024128e+01
 -2.21020599e+01 3.47822904e-03 -7.00161896e-01 -1.30673432e-03 1.87500869e+02 1.36957206e+01
 3.44757158e+00 8.59819145e-03 -9.17342740e-01 6.16695225e-03 1.47382181e+02 1.37008271e+01
 -7.35148195e-01 1.21409845e-02 -1.12113481e+00 -2.33710862e-03 -8.92699121e+01 1.36999954e+01
 6.95131695e+00 -4.88717104e-03 4.40053317e-02 -7.61587456e-04 1.56750471e+02 1.37012189e+01
 -1.14657375e+01 -2.62040593e-03 -2.09684298e+00 -5.02797610e-04 2.01935002e+02 1.36977255e+01
 -1.40012284e+01 -1.00721971e-02 -1.60772258e-01 -2.74998142e-03 -5.29262365e+01 1.36972627e+01
 -1.10672082e+01 -1.11676392e-03 9.38732758e-01 -6.50391881e-03 1.05752389e+02 1.36977524e+01
 8.78100613e+00 3.01596352e-03 -1.02030908e+00 7.79228706e-03 -1.60514329e+02 1.37017103e+01
 4.92122717e+00 5.95449851e-03 -8.37936525e-01 1.31826485e-03 -1.59966817e+02 1.37010051e+01
 5.03960190e+00 1.20252966e-03 5.82213269e-01 -3.59409358e-05 2.18305018e+02 1.37007157e+01
 -2.17987298e+00 6.36600542e-03 5.27900496e-01 -1.15933641e-02 -1.85661047e+02 1.36996084e+01
 -3.59704551e+00 -3.23199764e-03 6.06098127e-01 5.52857523e-03 -5.62742072e+01 1.36991511e+01
 -2.69351981e+00 -3.35583657e-03 1.18507304e+00 1.44014287e-03 -4.76434216e+01 1.36994211e+01
 -7.69750805e-01 -3.01933074e-03 1.40569697e-01 4.29693115e-03 -2.63304954e+02 1.36998071e+01
 -9.77555799e-01 1.04179867e-02 -1.32933278e+00 9.14103444e-03 2.74903194e+01 1.36997469e+01
 -5.91118267e+00 1.13100398e-02 -4.01711189e-01 6.21599984e-03 3.91116235e+02 1.36986099e+01
 -1.35620317e+01 -2.32469033e-03 3.77939963e-01 -9.18943804e-03 4.59905015e+02 1.36974829e+01
 1.52711048e+00 7.74528919e-03 1.47445722e+00 1.11219407e-03 -2.68689786e+02 1.37001282e+01
 -2.07791791e+01 -1.07823095e-02 4.49364796e-03 1.47572295e-03 7.62397769e+00 1.36958131e+01
 1.77549096e+01 -6.05408247e-03 9.45716712e-01 -7.03948684e-04 3.46424436e+01 1.37037933e+01
 -1.96316557e+00 -1.64803129e-03 -3.40836871e-01 1.00449367e-03 -1.35736429e+02 1.36996703e+01
 3.49121039e+00 -1.19464322e-02 3.59516950e-01 3.97930075e-03 -8.90341221e+01 1.37007717e+01
 4.51748217e+00 -8.99668338e-03 1.63026676e+00 -3.06750325e-04 4.26548027e+01 1.37012527e+01
 1.22023014e+01 -1.12481119e-04 1.57553182e-01 -3.00765001e-03 2.43752007e+02 1.37021601e+01
 1.49158160e+01 -1.01350159e-02 -8.62142711e-01 -7.77231387e-04 8.38723403e+01 1.37031049e+01
 2.06021495e+01 -1.05218673e-02 -1.79112284e-02 -2.97641998e-03 -3.45868370e+02 1.37038236e+01
 -2.62993893e+01 4.63702085e-03 7.33411281e-01 -5.41610761e-05 -2.60364762e+02 1.36949026e+01
 -1.29136192e+01 3.71335628e-03 -6.49247849e-01 -7.66075743e-05 8.18532484e+00 1.36972798e+01
 -3.81651056e+00 -2.49316717e-04 2.32708133e+00 6.42449625e-03 1.64116115e+02 1.36990259e+01
 -2.25471783e+00 -1.97788657e-03 1.23447954e+00 2.39892114e-03 -2.20110947e+02 1.36994983e+01
 1.61204901e+00 4.59106968e-03 -2.81967177e-01 3.94492181e-03 -3.92208347e+01 1.37004490e+01
 -4.97351808e+00 -9.92357432e-03 -3.09435065e+00 -7.85532588e-03 -8.46230702e+00 1.36989414e+01
 -2.86490449e+01 4.00870825e-04 -3.13221609e-02 7.38529481e-03 2.95493871e+01 1.36944063e+01
 2.01852814e+01 -3.92502891e-06 8.38459034e-01 9.55966903e-04 2.91664968e+02 1.37040658e+01
 -1.19355766e+01 -1.76931088e-02 -1.19660297e+00 -3.34746844e-03 -9.52981659e+01 1.36976101e+01
 4.98998600e+00 1.68622450e-03 9.67599145e-01 5.26801810e-04 2.67907712e+02 1.37010169e+01
 2.93695663e+00 -1.13145425e-02 -2.12137384e+00 2.95641071e-03 -3.28099723e+02 1.37004501e+01
 -3.18669764e+00 1.62118058e-02 -1.03616274e+00 -2.18614448e-03 -2.43425914e+02 1.36994169e+01
 3.31789606e+00 4.09239291e-03 5.98083583e-01 -4.06665001e-03 -4.59330069e+02 1.37007479e+01
 -2.69430684e+01 1.32717498e-02 -2.24257792e+00 7.14813913e-03 2.86494723e+02 1.36947190e+01
 -9.53888244e+00 -5.46167987e-03 3.08225793e-01 -2.85464010e-03 1.68875770e+02 1.36979562e+01
 -6.52074152e+00 -5.29303998e-03 -5.12265113e-01 -1.62248200e-03 3.01907368e+02 1.36986451e+01
 -7.37997069e+00 7.91870139e-04 -1.05127357e-01 2.17855591e-04 -4.04904235e+02 1.36983871e+01
 -1.18864091e+01 -5.29821760e-03 -8.37396283e-01 -1.03449766e-02 3.94415366e+02 1.36975791e+01
 -3.61139332e+00 1.15336956e-02 -7.56286969e-01 -1.65216479e-04 -1.32834458e+02 1.36992456e+01
 9.74513089e+00 -1.22623155e-03 8.62719006e-01 2.65967897e-03 5.02123376e+02 1.37019250e+01
 1.07446899e+01 5.16978188e-03 1.07884299e+00 -9.34035957e-03 -1.17660806e+02 1.37021012e+01
 1.06643410e+00 5.20455121e-03 3.29421197e-01 -6.52610300e-03 2.15072824e+02 1.37003503e+01
 8.85368775e+00 -9.92458143e-03 -1.31999688e-02 -8.28928791e-03 -4.55797707e+01 1.37014860e+01
 1.44573278e+01 -7.91754999e-03 -4.55841631e-01 9.52884589e-04 2.06826498e+02 1.37029253e+01
 -1.04995972e+01 4.44627458e-03 -3.81814119e-01 -2.25452025e-03 -7.72897535e+01 1.36977828e+01
 -9.64205640e+00 2.86836030e-04 5.55672100e-01 5.74966525e-03 -2.78089969e+02 1.36977269e+01
 -2.58186208e+00 1.32124098e-02 -9.30028558e-01 1.38642144e-02 -2.76568859e+02 1.36995390e+01
 -2.44733325e+01 -5.94523199e-03 -1.32557408e+00 1.77906134e-03 2.88730418e+02 1.36949913e+01
 -3.75592351e+00 -6.41764742e-03 -2.42547942e-01 4.17731990e-04 -1.87083412e+02 1.36994612e+01
 -1.73829494e+01 -2.17251606e-03 4.57300395e-02 4.68798666e-03 9.76341531e+01 1.36966210e+01
 3.60810285e+00 1.08083408e-02 -2.66592767e-01 7.10445644e-03 -5.67406524e+02 1.37008419e+01
 7.84776515e+00 -6.71233237e-03 -1.36721936e+00 -1.65691408e-03 -3.26951103e+02 1.37017402e+01
 -3.72839020e+01 -3.78670949e-03 -1.15852691e+00 -1.76640833e-03 4.64561648e+01 1.36924759e+01
 -1.89245924e+01 -3.89863508e-03 -1.47543861e+00 -3.57877967e-03 -4.95517791e+02 1.36960911e+01
 -1.06707225e+01 9.97080407e-03 5.09409625e-01 -4.20736463e-03 -2.56419403e+01 1.36977775e+01
 -1.44140321e+01 8.28503366e-03 -8.87047015e-01 6.65616366e-03 -9.21922731e+02 1.36971474e+01
 4.56104304e+00 6.24292260e-03 -8.69286062e-01 3.92686158e-03 4.53931898e+02 1.37011540e+01
 1.50686571e+01 -1.73305850e-02 -2.10669196e+00 7.91146643e-03 -2.72238830e+02 1.37028685e+01
 1.74282754e+01 -3.45711084e-03 8.64000012e-01 -4.69747558e-03 6.34469273e+02 1.37034269e+01
 -3.52088301e+00 5.22023257e-03 2.32963015e-02 5.99157092e-03 -3.25432183e+02 1.36994529e+01
 -4.23699974e+00 1.16622034e-02 4.66146665e-01 -4.91755758e-03 -9.26329443e+01 1.36990703e+01
 8.07672918e+00 -5.97230840e-05 3.68081723e-01 6.73912486e-03 -1.45795550e+00 1.37017362e+01
 -2.71907454e+01 8.83045782e-03 1.54644754e+00 1.08970891e-02 3.77697617e+02 1.36948641e+01
 -2.69345193e+00 2.59144141e-03 1.09253865e+00 5.48907862e-03 8.86047939e+02 1.36992860e+01
 5.91957921e+00 5.65264653e-03 -1.99506432e+00 -2.84098244e-03 1.38191879e+02 1.37013366e+01
 9.72793334e+00 1.07346574e-02 -3.97095144e-01 -8.91533565e-04 3.81540685e+01 1.37020495e+01
 3.60871265e+00 2.44479135e-03 -7.52895749e-01 -5.21760150e-04 5.40663247e+02 1.37009016e+01
 4.24679460e-01 -6.50891231e-03 -7.77525243e-01 3.77269570e-03 -1.55042682e+02 1.36998399e+01
 1.18727334e+01 -8.02253252e-03 1.33204777e+00 1.79762271e-03 -6.40045134e+00 1.37022047e+01
 -8.08360040e+00 -6.00403151e-03 -7.23916023e-01 -8.51261296e-03 -4.70918686e+02 1.36983510e+01
 1.26120886e+01 -2.35164821e-03 -1.28673920e+00 -4.78966568e-03 -1.98255724e+02 1.37028166e+01
 2.83753574e+00 2.61953788e-03 2.48801969e+00 6.11184026e-03 2.72918461e+02 1.37008509e+01
 -6.18099949e-01 -5.61151368e-03 -1.31379965e+00 -3.68040409e-03 -1.91067252e+02 1.36996834e+01
 1.00879794e+01 9.27828169e-03 1.05444227e+00 4.88990926e-03 -3.76238096e+01 1.37015451e+01
 -1.50866283e+00 -4.40719881e-04 -5.34882999e-01 -7.86625139e-03 3.08936791e+02 1.36995826e+01
 5.22395427e-01 -3.54715725e-03 -9.01530014e-01 7.62380867e-03 -1.02828105e+02 1.37001726e+01
 -9.55178196e-01 -2.98728356e-03 2.03174857e+00 -3.81699714e-04 4.30881901e+02 1.37000052e+01
 1.76706503e+01 5.56694388e-03 -6.59084356e-01 -1.95206006e-03 8.95721958e+01 1.37035005e+01
 1.67320680e+01 -1.74111985e-03 -7.89236024e-02 5.03121497e-03 4.36113913e+02 1.37032781e+01
 -3.78683084e+00 1.95921201e-03 3.09415370e-01 -1.24588652e-02 -7.67816625e+01 1.36993699e+01
 4.48646311e-01 -2.43774955e-03 -1.34152361e+00 5.16990445e-03 7.46023402e+01 1.37000485e+01
 1.31824369e+01 3.11368886e-03 7.07819210e-01 -5.34293085e-04 -3.28648989e+01 1.37025912e+01
 9.02404351e+00 3.40608122e-03 3.23583881e-01 -2.48451699e-03 2.19395026e+02 1.37019644e+01
 -1.21331172e+01 -3.72619659e-03 -2.60556303e+00 4.81707223e-03 -1.93290794e+00 1.36973968e+01
 -2.19732769e+00 -3.76320492e-03 -2.17922203e+00 5.53547860e-04 7.66035938e+02 1.36994076e+01
 -2.37901404e-01 -1.60911785e-02 -1.98050492e+00 -2.45513378e-03 6.84380055e+02 1.36999538e+01
 -2.00291682e+00 -2.65597465e-03 -1.26687501e+00 -1.51102705e-03 -3.70226283e+00 1.37000717e+01
 -1.90908037e+01 5.87595438e-03 -6.70500071e-01 -6.04190015e-03 -2.85101051e+02 1.36961737e+01
 -1.58707923e+01 -7.14864667e-03 6.14415986e-01 3.31110354e-03 5.63162124e+01 1.36969091e+01
 4.58880348e+00 -2.66511961e-03 7.37496728e-01 -5.98151174e-03 -7.71307784e+01 1.37007555e+01
 -1.28772034e+01 4.69219944e-03 4.71555266e-01 -1.35730857e-02 -1.75457218e+02 1.36977046e+01
 1.24601448e+01 8.11799207e-03 1.36513106e+00 5.21997261e-03 1.07258084e+02 1.37023642e+01
 9.10641466e-01 1.13778423e-02 3.89192226e-01 3.67259924e-04 5.65136081e+01 1.37000835e+01
 -2.22207848e+01 -6.72143527e-03 2.04015490e+00 4.21875433e-03 -3.42086828e+02 1.36954151e+01
 -1.65548898e+01 4.44578894e-03 1.44709050e+00 -5.42004677e-03 -2.48702033e+02 1.36966734e+01
 1.37497827e+01 -5.61547462e-03 4.36523841e-01 1.83358761e-03 -1.83455745e+02 1.37025844e+01
 2.94388099e+01 7.02242655e-04 -1.62407623e+00 6.45076325e-03 -8.15144072e+00 1.37058624e+01
 6.13426832e+00 -1.60390910e-03 -8.89318014e-01 -7.04327441e-04 -3.29315528e+02 1.37010967e+01
 -3.37034420e+00 1.42982236e-02 -1.37174292e+00 -5.15593991e-07 4.85189100e+02 1.36995945e+01
 1.99919766e+01 -4.82105854e-03 -4.26941216e-01 6.18697374e-03 3.57803572e+02 1.37039997e+01
 -9.43063306e+00 -1.95460197e-02 1.19683979e+00 -9.21720046e-03 8.13178580e+01 1.36980693e+01
 -2.50625079e+00 1.17910166e-02 -1.28833041e+00 -3.91871561e-03 2.78471174e+02 1.36998139e+01
 1.00726707e+01 -1.10437659e-02 8.20675557e-03 -3.93639857e-03 -1.72409341e+02 1.37018314e+01
 -1.49388623e+01 -4.19604521e-03 1.61208033e+00 9.25511571e-03 -3.32259681e+02 1.36969330e+01
 2.95140249e+00 3.41415611e-03 -9.51009870e-01 7.34001701e-03 -9.84273494e+01 1.37004714e+01
 -1.10044909e+01 1.25859761e-03 1.45094654e+00 -1.15441738e-03 4.27951241e+02 1.36979908e+01
 -8.05422463e+00 -9.04198243e-03 -5.37347197e-01 2.34750160e-04 3.24354327e+02 1.36981742e+01
 -8.66592862e-01 4.75271191e-03 -5.97754416e-01 1.24843225e-02 2.80644860e+02 1.36999218e+01
 4.13849868e+00 7.28692033e-04 -2.42831105e-01 -3.33237868e-03 -1.51999071e+02 1.37008012e+01
 2.08075805e+01 -7.21030372e-04 9.95821154e-02 -1.56469414e-03 1.19848803e+02 1.37039124e+01
 5.14624267e+00 -2.79684542e-03 1.19394896e+00 7.84519563e-03 -4.22812585e+01 1.37012299e+01
 9.34059768e-01 2.92818414e-03 -1.11249816e+00 6.84258722e-03 -4.13610304e+02 1.36999436e+01
 -2.18975360e+01 1.83082389e-02 1.24287859e+00 -1.21386220e-02 8.01087587e+01 1.36956069e+01
 7.91691201e+00 7.58454866e-04 6.40808432e-01 -5.37923375e-03 -1.75182097e+02 1.37015307e+01
 -1.01374448e+01 1.06154392e-02 8.12760876e-01 -9.48428746e-03 1.81726477e+02 1.36978864e+01
 6.33885672e+00 -3.37116574e-03 8.50367915e-01 4.46004709e-03 -4.70462884e+02 1.37011711e+01
 -1.57351958e+00 -8.79545515e-03 7.30365766e-01 -1.56090509e-03 2.28774207e+02 1.36996583e+01
 -2.44515995e+01 6.34492076e-03 2.64409097e-03 -7.27820035e-03 -1.39511808e+02 1.36951683e+01
 -1.29482675e+01 1.25254809e-03 6.08180362e-01 -1.90727262e-03 1.38528365e+02 1.36974572e+01
 5.34353946e-01 -3.66102157e-03 -6.93738101e-02 6.54886411e-03 5.39123833e+01 1.37002351e+01
 -3.67540065e+01 -7.41044312e-03 -7.18472228e-01 1.00280434e-03 4.86678937e+02 1.36926626e+01
 -7.51424189e+00 1.24432999e-03 1.37427689e+00 2.69535769e-03 5.77481327e+01 1.36984978e+01
 -2.50772914e+01 -2.67791145e-03 -6.24658133e-01 -4.47061889e-03 1.05401733e+02 1.36949567e+01
 2.13565299e+01 -7.28210186e-03 8.59024960e-01 -3.90666159e-04 -6.87451189e+02 1.37042681e+01
 -6.80780845e-01 -1.35859422e-02 1.38731667e+00 -1.31813130e-03 1.59085795e+02 1.37000543e+01
 -8.89891546e+00 3.51666471e-04 2.74543431e-01 -1.07218650e-02 1.78943482e+02 1.36984481e+01
 -3.41823227e+01 -9.46966300e-03 -4.15873990e-01 1.16366779e-02 -1.58144754e+02 1.36932302e+01
 7.30744181e+00 1.18194172e-02 -1.84337564e-01 1.01725943e-02 -3.06746817e+02 1.37013674e+01
 2.90796379e+01 1.59760430e-02 -1.31269197e+00 -6.90742385e-03 -4.94338720e+02 1.37053346e+01
 -2.83851503e+01 -8.65866064e-03 5.68007570e-01 -1.08373490e-02 -2.60804549e+02 1.36943670e+01
 -7.02320550e+00 -4.99606515e-04 -4.60648303e-01 1.04026568e-03 1.02665276e-01 1.36986111e+01
 -1.38882877e+01 5.77348365e-03 1.22692939e+00 2.32726315e-03 -1.58403485e+02 1.36972785e+01
 -2.11057127e+00 8.91249277e-03 2.92483003e-01 -3.14157100e-03 2.52687664e+01 1.36996557e+01
 1.95394659e+01 3.94905122e-03 9.03218641e-01 4.07545139e-03 3.44942408e+02 1.37034427e+01
 -1.71092448e+01 1.47083990e-02 1.04787712e+00 3.99722210e-03 -2.83328529e+02 1.36964584e+01
 1.44195497e+00 -6.62809047e-03 -5.40542545e-01 -1.18827755e-02 2.55741371e+02 1.37003789e+01
 -1.12546264e+01 5.50447827e-03 -1.74113482e-01 -6.83904904e-03 1.22755477e+02 1.36976697e+01
 -6.72667267e+00 3.48326554e-03 -2.02824158e+00 -2.61834252e-03 7.83643096e+01 1.36989603e+01
 -1.24483212e+01 4.96261734e-03 -3.23311376e-01 -9.84421209e-03 -1.53085268e+02 1.36975592e+01
 2.32706625e+00 1.78778348e-02 -5.94782977e-01 1.01989036e-02 3.51535709e+02 1.37003105e+01
 -2.01182767e+01 -2.14274735e-04 6.84436826e-01 5.77277778e-03 1.30472642e+02 1.36960554e+01
 -2.17627470e+01 -4.96842070e-04 5.16162361e-01 -6.03146910e-03 1.26767282e+02 1.36957922e+01
 -2.36210733e+01 -6.39417393e-03 -8.76644846e-01 -8.76785963e-03 1.43804519e+02 1.36954395e+01
 3.30494927e+01 -2.12347896e-03 4.42176374e-01 -1.18960490e-02 -1.66100124e+02 1.37066946e+01
 1.26644671e+01 5.09356246e-03 -5.42459635e-01 8.63362416e-03 1.77107252e+02 1.37023609e+01
 1.33663143e+01 -7.69406586e-03 1.53918572e+00 -2.24978167e-03 3.55174425e+02 1.37028513e+01
 -8.66725503e+00 4.28524212e-03 -8.58692549e-01 1.28604280e-02 -2.29985876e+02 1.36983375e+01
 -9.79478802e+00 -7.23371916e-03 6.55142857e-01 -5.33800805e-03 7.80683040e+01 1.36980019e+01
 5.11603790e+00 2.84531401e-03 -6.32158057e-01 -3.14423810e-03 -9.71851811e+01 1.37008165e+01
 -7.88370635e+00 2.89477295e-03 -2.03166816e+00 1.04583710e-02 -1.64176478e+02 1.36981767e+01
 1.48478205e+00 -5.52883441e-03 1.02859738e+00 9.11337415e-04 2.74867359e+02 1.37006410e+01
 1.24151982e+00 1.29808109e-02 1.47039757e-01 -1.08125588e-02 5.40237185e+00 1.37004058e+01
 -8.12724990e+00 -3.82372601e-03 4.88324112e-01 4.96457640e-03 -1.34849554e+02 1.36983501e+01
 3.88072597e+00 4.99201021e-03 -8.88809782e-01 -1.53184136e-03 1.65228501e+02 1.37006280e+01
 -2.32883665e+01 1.85351975e-02 1.51118287e+00 -1.79741943e-03 -2.12614968e+02 1.36949142e+01
 -3.19720266e+00 6.17162244e-03 2.35967677e+00 4.52136550e-03 -4.72941718e+02 1.36992940e+01
 3.95597051e-01 1.11896581e-03 1.84284323e+00 2.31632653e-03 8.87939762e+01 1.37001286e+01
 -1.37927914e+01 -1.38752283e-02 -3.24552039e-01 1.06185953e-02 -6.84320547e+01 1.36969574e+01
 6.79133493e+00 7.64043707e-03 2.59603778e+00 2.94688369e-03 -1.19540946e+02 1.37012775e+01
 -8.19115379e+00 5.31307088e-03 -2.71298469e-01 -4.61258486e-03 -1.38654030e+02 1.36984014e+01
 -3.10974109e+01 3.21407496e-03 -3.35902216e-01 5.35549623e-03 -1.18307041e+02 1.36940969e+01
 1.02448582e+01 3.19542052e-03 1.08637827e+00 3.02817091e-03 -8.66074833e+01 1.37022932e+01
 1.15078901e+01 1.26368211e-02 -1.32122958e+00 9.75063974e-03 -2.78400999e+02 1.37020013e+01
 2.02689515e+00 3.57313389e-03 -6.52842423e-01 -7.85639130e-03 2.49134732e+02 1.37002895e+01
 7.95957004e+00 1.72887981e-02 6.95311319e-01 -8.01124838e-03 1.08278690e+02 1.37014618e+01
 -2.92838684e+01 -1.76946414e-02 2.92469297e-01 7.82987763e-03 -6.50151132e+01 1.36942482e+01
 1.43777663e+01 -2.41492097e-04 -1.45368689e+00 1.81273676e-03 2.28006743e+02 1.37028040e+01
 -3.36699825e+00 4.52066432e-03 1.09625111e+00 -6.88736435e-03 -3.85787313e+02 1.36991992e+01
 -1.01730381e+01 -1.37889056e-02 -1.49191848e+00 -3.44099141e-03 5.92129881e+02 1.36975807e+01
 -2.37647108e+01 -4.26959760e-03 1.24638188e+00 6.63938903e-03 6.42926681e+00 1.36952994e+01
 -1.32355101e+01 6.13896189e-03 -3.78618256e-01 -7.58292720e-03 -3.28795132e+02 1.36974508e+01
 2.20332672e+01 1.00408902e-02 -1.46085726e+00 7.62226522e-03 3.12230811e+02 1.37045150e+01
 -8.25860231e+00 -7.84276587e-03 1.55699478e+00 2.56508134e-03 -5.07600763e+02 1.36982934e+01
 -1.83000024e+01 1.17293135e-03 -9.95897300e-01 -4.98738071e-03 -2.19821735e+02 1.36963496e+01
 -8.92385581e+00 -2.24793947e-03 1.74041614e+00 1.69139345e-03 -3.89245314e+02 1.36980944e+01
 -1.77516794e+01 -2.90617683e-03 5.14298515e-01 -5.53783904e-03 -7.10204735e+02 1.36967135e+01
 -2.40130985e-01 -7.95832631e-03 -1.19245953e+00 -3.66089692e-03 -1.67180456e+02 1.36998616e+01
 1.28482081e+01 2.25881854e-03 -1.06930117e+00 8.01313583e-03 2.21425992e+02 1.37020599e+01
 1.12306179e+01 4.42172096e-03 -1.51688369e+00 -9.71526188e-03 4.52471078e+02 1.37023771e+01
 2.52018290e+01 5.41911677e-03 -1.26273607e+00 -6.26590535e-03 -6.61811362e+01 1.37048825e+01
 -8.42320261e+00 -4.17743470e-03 1.20579980e+00 -7.05369235e-03 -2.17276408e+01 1.36980791e+01
 2.78643613e+01 -9.18301344e-03 2.31880689e-01 -5.30615354e-03 -1.35056296e+02 1.37053467e+01
 -1.49693359e+01 -5.24642739e-04 -1.11700777e+00 1.44195579e-03 7.02524706e+01 1.36972024e+01
 -1.30088096e+01 -2.93035476e-03 8.48722409e-02 3.48878131e-03 -1.10642836e+02 1.36976077e+01
 -2.08949011e+01 -1.30204906e-02 2.45870557e+00 5.70884739e-03 -1.81763827e+02 1.36958854e+01
 1.08064029e+01 5.35499612e-03 1.44772890e+00 -2.41411592e-04 -2.25041422e+02 1.37023099e+01
 7.09883579e+00 4.19585011e-03 6.46528410e-01 -3.47542811e-03 -3.20419854e+02 1.37011883e+01
 -1.26005994e+01 1.51485462e-02 1.12342134e+00 -5.07530138e-03 -3.84233486e+02 1.36974274e+01
 -2.50716306e+01 1.61743827e-02 7.28993971e-01 6.54180919e-03 2.71694672e+02 1.36949879e+01
 -1.44190972e+01 4.19651892e-03 -4.78686529e-01 -2.37232788e-03 1.17911283e+02 1.36972495e+01
 6.11742973e+00 5.66651137e-03 -7.07113666e-01 -1.55006088e-03 3.18310451e+02 1.37008536e+01
 2.79173743e+01 -4.03332814e-03 -3.09000725e-01 -3.80365925e-03 -8.47382922e+01 1.37056454e+01
 -2.56170390e+01 -7.86005279e-03 4.72870112e-02 -2.29937437e-03 -8.48096625e+01 1.36952606e+01
 -1.02406409e+01 -1.29188888e-02 8.45956605e-01 2.48098045e-03 3.88033864e+02 1.36982252e+01
 -2.26392385e+01 1.06938321e-02 -1.98073458e+00 -4.09420589e-04 -6.24824090e+01 1.36955068e+01
 -1.03829990e+01 1.06584207e-02 3.82326762e-01 2.75054660e-03 -5.37193779e+01 1.36973701e+01
 2.58842209e+00 4.63050197e-03 1.07742530e+00 -1.88744615e-03 -2.46373674e+02 1.37002532e+01
 -4.09858795e+01 -2.29453485e-03 -2.53936334e+00 -1.76485123e-04 -4.27781493e+01 1.36919099e+01
 1.30514587e+01 3.42623327e-03 -1.99216952e+00 -6.54098891e-03 7.39298922e+02 1.37027559e+01
 -7.97214483e+00 2.41479084e-03 -5.76482209e-01 6.31459191e-03 1.86010658e+02 1.36982291e+01
 -4.09482016e+00 1.92651787e-02 1.23293894e-01 -2.77738958e-03 3.01631886e+02 1.36989653e+01
 1.04987481e+01 -6.68948878e-03 -2.41529346e-02 -6.37155747e-03 -3.30735064e+02 1.37022265e+01
 2.66159270e+00 -1.10354046e-02 -1.51242240e+00 -6.82627723e-03 -2.99313902e+02 1.37005371e+01
 1.09197548e+01 9.29959134e-04 8.49960121e-03 -2.30207337e-03 5.17942965e+01 1.37020089e+01
 7.63133105e+00 1.04621578e-02 6.64817505e-01 9.33139096e-03 -4.16475297e+02 1.37017471e+01
 -8.60178525e+00 -8.23584977e-03 6.35096545e-01 -9.93536883e-03 -2.02689472e+02 1.36981785e+01
 -8.65742958e+00 7.72151259e-03 -7.09542338e-02 -2.50520878e-03 4.48951764e+02 1.36982079e+01
 -1.80331065e+01 5.38293359e-03 1.84368424e+00 -2.92135377e-04 3.07227886e+02 1.36963153e+01
 2.14859076e-02 -5.99111373e-03 1.37828866e+00 1.82956120e-03 -3.06702375e+02 1.36999963e+01
 -1.86776989e+00 -6.61403796e-03 -5.10270342e-01 -3.81857904e-03 1.54454267e+02 1.36994275e+01
 -1.56081830e+01 -2.02524360e-03 -1.33083890e+00 8.44076016e-03 1.59767626e+02 1.36970739e+01
 -2.46602377e+01 -1.45896829e-03 -6.10350676e-01 3.02932391e-03 -4.32935504e+02 1.36948525e+01
 1.27457843e+01 4.95522836e-03 2.82693547e-01 1.13722613e-02 1.47670571e+02 1.37022915e+01
 2.58624463e+01 -1.24968642e-02 6.55260722e-01 7.20229920e-03 2.07311929e+01 1.37047362e+01
 1.64254041e+00 -2.32805653e-04 -6.87016355e-01 9.10401332e-03 5.26992174e+02 1.37002303e+01
 1.76573043e+01 -4.28461081e-03 -5.19073384e-01 -9.06072192e-03 -2.69096722e+02 1.37036724e+01
 -3.54925640e+01 -7.77297035e-03 -1.66179864e+00 5.08807351e-03 2.00051160e+02 1.36932121e+01
 -2.46679947e+01 3.09323382e-03 -2.65351526e+00 -7.46041795e-03 3.84321359e+01 1.36952150e+01
 -8.73439761e+00 -2.09140246e-03 9.96462624e-01 -2.12782536e-03 3.28185233e+02 1.36982151e+01
 4.74115462e+00 -5.81445904e-03 -3.14212669e-01 2.51328712e-03 8.74873341e+01 1.37009952e+01
 2.57732344e+01 -5.28548180e-03 -1.64882189e+00 -8.72324452e-03 -4.02992483e+02 1.37052990e+01
 5.50043407e-01 -4.95467750e-03 -1.54625201e+00 2.46297923e-03 -2.91206003e+02 1.36998859e+01
 -3.45538061e+01 1.03394418e-02 -2.26336101e-01 5.98723380e-03 2.03228026e+02 1.36929423e+01
 -3.85467863e+01 1.35898979e-02 -1.18211619e+00 -5.29187832e-03 -3.57413990e+01 1.36922772e+01
 5.26972492e+00 -7.22268990e-03 5.89380103e-02 -5.32265372e-04 -7.51271552e+01 1.37009064e+01
 -1.97611187e+00 -1.21639563e-02 -5.98224248e-01 -4.48070944e-03 1.82843121e+02 1.36996190e+01
 -3.58405908e+00 3.07418275e-03 9.94203977e-01 -5.70969321e-03 -5.26317511e+01 1.36993201e+01
 -1.38149383e+01 -1.25353964e-02 9.86232561e-01 2.25344346e-03 -5.64164082e+02 1.36971790e+01
 6.55024944e+00 -6.16580521e-03 1.57161924e+00 -6.14396362e-03 4.79882927e+02 1.37012202e+01
 -1.44754062e+01 4.40645055e-03 -8.22795288e-01 9.30836326e-03 2.34783680e+02 1.36971285e+01
 5.75022993e+00 -3.26953714e-03 -9.18218053e-02 6.72879162e-03 -4.38398186e+02 1.37014312e+01
 -9.33063435e+00 -4.40039409e-03 -9.50775014e-01 -3.80161371e-03 -2.05837482e+02 1.36985368e+01
 -8.53376123e+00 8.87908877e-03 -6.03558862e-01 -2.43959494e-03 8.14189792e+02 1.36984174e+01
 -6.33547060e+00 -7.35167706e-03 4.11653857e-01 -1.06402063e-03 7.41008201e+01 1.36987191e+01
 1.38483935e+01 -3.37992456e-03 -3.54769587e-02 -1.04277331e-04 3.03133518e+02 1.37026230e+01
 -9.60071990e-02 8.30987263e-03 8.28790841e-01 -8.79198604e-03 1.92828245e+02 1.36996570e+01
 -2.54704473e+00 -4.36395990e-03 -1.27038090e+00 1.01633245e-03 1.31195703e+02 1.36993987e+01
 1.01366947e+01 -9.52866523e-03 -2.87729812e-02 -4.30734311e-04 3.76458531e+02 1.37020808e+01
 -1.56966568e+01 2.37489824e-03 8.56326588e-01 -7.42655862e-03 7.51631195e+02 1.36968634e+01
 1.44907372e+00 -2.94569618e-03 4.04343848e-02 2.52736497e-03 -6.39359286e+02 1.37000104e+01
 -2.20652806e+00 -1.19810441e-02 -1.71975856e-01 -4.84703573e-03 -1.06740181e+03 1.36993000e+01
 8.88734978e+00 -8.23266016e-03 -1.05959124e-01 7.81189180e-03 1.83426535e+02 1.37017588e+01
 -2.41874294e+01 -1.88732299e-03 1.26601186e+00 6.35009007e-03 2.26847777e+02 1.36947519e+01
 -8.56584699e+00 5.69309153e-03 -5.87491628e-01 -2.98554814e-03 -4.67900208e+02 1.36979339e+01
 -6.25842802e+00 -2.68429276e-03 -2.17350083e+00 -8.25292151e-03 -5.87082912e+02 1.36988341e+01
 -9.23324194e+00 1.44731508e-02 -1.56559684e+00 3.60852100e-03 -2.42364231e+02 1.36984180e+01
 -1.17055645e+01 1.28829275e-02 -4.68813387e-01 9.84001246e-03 -3.64104239e+00 1.36976740e+01
 -2.76108955e+01 -9.32265485e-03 -1.27689427e+00 -3.85295989e-03 -9.76521690e+01 1.36944816e+01
 1.26523934e+01 -5.19214268e-03 6.09256277e-01 -3.65427018e-03 -4.45986707e+02 1.37027601e+01
 -3.51616946e+01 1.59220439e-02 1.44301789e-01 2.12706862e-05 -8.22985397e+00 1.36929952e+01
 -3.30056307e+01 4.70675876e-03 -8.46417031e-01 1.50609314e-02 -3.96174837e+02 1.36933836e+01
 -3.54579982e+00 -3.37868696e-03 7.38833041e-02 4.55950190e-03 -2.21821415e+02 1.36989265e+01
 -7.24965747e+00 -7.22657912e-03 4.74141216e-01 -4.03581207e-03 2.70911792e+01 1.36986236e+01
 1.90023016e+01 2.18652463e-02 -5.83395910e-01 2.66822558e-03 9.16615827e+01 1.37034272e+01
 3.89665414e+00 -7.48089713e-03 -2.03289901e+00 1.10533978e-02 -4.26761996e+02 1.37005538e+01
 -1.26481396e+01 -3.23872486e-03 1.12998231e+00 8.13411557e-03 -2.67157430e+01 1.36977050e+01
 -3.33202894e+00 7.75713451e-03 -1.17898023e-01 -1.18877979e-03 -2.07492053e+02 1.36989420e+01
 2.58514303e+00 2.52883751e-04 -1.67631555e-02 -4.62732986e-05 -9.67052170e+01 1.37003357e+01
 -1.39515961e+01 6.78996889e-03 4.46560394e-01 1.05760010e-02 -2.24191335e+00 1.36975989e+01
 2.42178023e+01 -7.13442687e-03 -1.55858225e+00 4.93310025e-03 -7.43231741e+01 1.37046899e+01
 -7.83560862e+00 5.19717594e-03 -5.31368552e-02 7.23843874e-03 -1.45921030e+02 1.36986616e+01
 7.12602981e+00 6.60443983e-03 -1.48854578e+00 -4.00504688e-03 -7.22616297e+01 1.37015338e+01
 -9.71665346e+00 -5.68803543e-03 1.20218583e+00 -6.54734784e-05 2.21652433e+02 1.36978248e+01
 -1.44359155e+01 -2.31708050e-03 7.86772486e-01 3.49386850e-04 3.31365784e+02 1.36971721e+01
 -1.18877599e+01 -6.98067345e-03 -1.10644719e+00 4.43020729e-03 4.06670487e+02 1.36978050e+01
 -3.04069769e+01 -3.64485178e-03 -1.72639112e+00 6.29419868e-03 5.07404327e+01 1.36941211e+01
 -8.93240191e-01 2.02095935e-03 -2.29360548e+00 -4.23585039e-04 2.44969476e+02 1.36999050e+01
 -2.04722066e+00 5.02679397e-03 9.02004546e-01 6.56696094e-03 -1.41344062e+02 1.36996920e+01
 -1.14378056e+01 1.95147946e-02 1.56155541e+00 7.20421842e-03 -2.55533235e+02 1.36980694e+01
 2.51456907e+01 6.49329009e-03 2.86375835e-01 7.52313733e-05 -1.50526461e+02 1.37051766e+01
 -1.11649886e+01 2.97269608e-04 -1.67389703e+00 -6.83464939e-03 3.64831537e+02 1.36975666e+01
 -1.05519411e+01 8.08100884e-04 -3.28464543e-01 1.17084826e-03 -2.34006533e+01 1.36980243e+01
 1.87481443e+01 4.27999342e-03 -8.75217113e-01 8.40009456e-03 3.22094606e+02 1.37033560e+01
 -7.15950864e+00 8.25091840e-03 3.28671786e-01 6.57505548e-04 6.22739757e+02 1.36984519e+01
 5.60830013e+00 -9.14326385e-03 -3.22403387e-01 -7.87564430e-03 -4.11682111e+02 1.37010938e+01
 -1.52707778e+01 5.38150791e-03 -6.60103847e-01 -4.92294867e-03 -5.28174134e+00 1.36972261e+01
 2.89743050e+00 -1.31042068e-02 -8.53648205e-02 9.12536836e-04 4.96957160e+02 1.37006620e+01
 1.10759437e+01 -9.21567461e-03 1.14423677e+00 -4.46635900e-03 -3.15911629e+02 1.37021954e+01
 -8.18267587e+00 -1.15948420e-02 -6.26416307e-01 1.89106971e-03 -2.37358068e+00 1.36984255e+01
 1.80029368e+01 4.15046769e-03 8.82737008e-01 9.91883686e-03 -8.92365801e+01 1.37036245e+01
 -1.79545945e+01 1.47872477e-03 -1.82290102e-01 5.00509272e-03 -2.19644043e+02 1.36965551e+01
 -9.52044832e+00 -1.98578081e-03 3.75690874e-01 -1.20777956e-03 -5.70955201e+02 1.36979506e+01
 5.51823846e+00 -8.24857039e-03 2.79713811e-01 -3.03589384e-03 -2.14664099e+01 1.37009689e+01
 -4.94407790e+00 1.64061431e-02 -2.19114120e+00 -5.45864950e-03 3.29584637e+02 1.36989681e+01
 2.54829264e+01 5.66933031e-03 1.74243564e+00 1.25933388e-03 1.88100164e+02 1.37049252e+01
 -2.72884621e+00 1.18467472e-02 7.50679069e-01 -4.28104035e-03 -3.14601223e+02 1.36992632e+01
 -8.15143496e+00 -1.17078043e-02 1.54391429e+00 8.33059271e-03 2.29834479e+02 1.36982733e+01
 -1.72713460e+01 -1.77917459e-02 -2.02291276e-01 2.26984512e-03 8.22513494e+01 1.36968934e+01
 1.58224022e+01 2.88087674e-03 1.40075557e+00 3.67123913e-03 -6.64433705e+01 1.37030422e+01
 3.37640369e+00 -8.08452219e-03 -2.58106683e-01 3.55077902e-04 1.47036650e+02 1.37007880e+01
 -3.84018220e+00 -2.31622137e-04 -3.36701407e-01 2.99984795e-03 -2.17693151e+02 1.36992968e+01
 1.87250728e+01 -3.22952763e-03 7.84518017e-01 6.98438443e-03 -1.69347263e+02 1.37039302e+01
 6.99718497e+00 -6.23106112e-03 -2.86307352e+00 3.96375997e-03 6.00873122e+02 1.37012729e+01
 -5.77104271e+00 -5.32559289e-03 -1.70516209e-01 3.21684608e-03 4.40292168e+02 1.36986467e+01
 -2.87628142e+00 -1.10784806e-02 6.80269991e-01 -7.79520204e-03 2.09600551e+02 1.36994113e+01
 -9.73796096e-01 -9.06413272e-03 1.37846858e+00 9.69813302e-04 -1.13412198e+02 1.36994853e+01
 5.34784235e+00 2.74063263e-03 -1.11008820e+00 -9.43074180e-03 -9.20527962e+01 1.37011909e+01
 -1.59709395e+01 3.33431076e-03 -7.51047448e-01 -2.76661226e-04 1.00927809e+02 1.36969400e+01
 -1.44788467e+01 2.95641245e-03 4.98651034e-01 4.32999453e-04 -1.41064278e+02 1.36968154e+01
 3.38716893e+01 -7.72805093e-03 -1.79863657e+00 -4.05656218e-03 -4.65916957e+02 1.37065249e+01
 -7.64355391e+00 -3.58400212e-03 4.80423088e-01 4.65275481e-04 -7.44848948e+01 1.36983529e+01
 7.84822435e+00 5.83465065e-03 1.73278282e+00 -1.88959976e-03 -2.76006289e+02 1.37016372e+01
 3.32391687e+01 5.35055639e-03 1.96193518e+00 -4.22338762e-03 -2.46764639e+01 1.37068592e+01
 -3.32668009e+00 6.47095316e-03 -5.07214920e-01 -5.46744065e-04 3.25705677e+01 1.36992766e+01
 1.53390745e+01 6.06266032e-03 -5.39652819e-01 2.42107534e-03 -2.76742398e+02 1.37035106e+01
 1.03697511e+01 -6.54483665e-03 1.14147928e-01 1.09119715e-03 5.39945380e+02 1.37022079e+01
 1.32864351e+01 -5.67623699e-03 5.48723790e-01 -1.47285103e-03 -1.19885009e+02 1.37028934e+01
 5.33009154e+00 -7.37122689e-03 2.96660501e+00 3.61482533e-03 -1.61597927e+02 1.37011155e+01
 7.61872280e+00 7.65172130e-03 -8.13911749e-01 -3.36511018e-03 1.70496796e+02 1.37015579e+01
 -2.63990809e+00 -2.22300616e-02 -8.39810496e-03 -1.34586877e-03 -2.06084677e+01 1.36995484e+01
 6.05571423e+00 -1.41488492e-02 -2.27065171e+00 7.53603933e-03 2.48314474e+02 1.37009701e+01
 -6.94410878e+00 -4.16516188e-03 8.47997206e-01 -7.20686363e-03 -3.04398886e+02 1.36988233e+01
 3.37222940e+00 -4.85860620e-03 -3.11626449e+00 8.62476228e-03 1.19108453e+02 1.37005455e+01
 -1.23750812e+01 -7.39187139e-03 -1.86018230e-01 8.88267746e-04 -2.74695009e+02 1.36973838e+01
 1.77789890e+01 2.37691580e-03 1.59955240e+00 1.18133123e-02 1.54766235e+02 1.37037559e+01
 -2.81791347e+01 3.64522905e-03 -3.53346263e-01 9.16731069e-03 -2.14481675e+02 1.36945152e+01
 -8.19798677e+00 -2.60292186e-03 2.30716383e+00 -5.75579690e-03 -1.46287216e+02 1.36981726e+01
 2.00359133e+01 6.39973834e-03 1.65758001e+00 -3.45827918e-03 2.54435846e+01 1.37038619e+01
 1.38000095e+01 -3.66136580e-03 -1.40079352e+00 -1.69398411e-03 -2.68640116e+02 1.37030942e+01
 -7.34534272e+00 -4.47714409e-03 6.53629391e-01 -9.24123462e-03 -2.28560428e+02 1.36983105e+01
 -2.07120032e+01 8.55813050e-04 -1.64447904e+00 -2.74411673e-03 2.33156630e+02 1.36956093e+01
 4.26442889e+00 1.84207300e-03 2.41984891e+00 -1.21100422e-02 -1.35928922e+02 1.37005557e+01
 3.19211594e+00 8.10880192e-03 -1.51724850e+00 3.28814667e-03 -1.55640852e+02 1.37009354e+01
 -5.18499436e+00 7.37841170e-03 2.35184178e-01 -4.68070109e-03 -7.03308118e+01 1.36994451e+01
 -1.20910108e+01 4.30905067e-03 -1.71084722e+00 2.33620562e-03 2.69788334e+02 1.36975140e+01
 -1.38425350e+01 -3.06001607e-04 -1.55803362e+00 -1.34046418e-02 -2.94857613e+02 1.36973231e+01
 -1.00287547e+01 1.27880050e-03 3.86213946e+00 -8.94542525e-03 1.62487661e+02 1.36977294e+01
 1.16720074e+01 1.19614533e-02 1.22742766e+00 -4.61259715e-03 1.34620350e+02 1.37022390e+01
 6.88665768e+00 -4.86591760e-03 7.79225217e-01 -6.50229727e-03 -1.10584919e+02 1.37011100e+01
 -1.65696747e+00 -1.05729245e-02 1.36574642e-01 8.64033386e-03 -4.27682010e+01 1.36998408e+01
 1.48090844e+00 -9.92353069e-03 1.78841801e+00 -4.88136322e-03 -2.12737388e+02 1.37003180e+01
 1.51625297e+01 -1.68572091e-02 1.71772832e+00 8.12729242e-03 -1.75453463e+02 1.37028238e+01
 1.35704525e+01 3.94214135e-03 5.70276885e-02 -7.01578963e-04 2.92242472e+02 1.37026871e+01
 1.90547484e+01 -6.59471244e-03 5.80650433e-01 7.63989005e-03 -3.25711443e+02 1.37036804e+01
 -1.29364291e+01 -3.32134386e-04 -9.02473840e-01 8.73225158e-03 4.22482716e+02 1.36972532e+01
 1.43734269e+01 -4.43982865e-03 7.16844450e-01 7.01215844e-03 2.97494515e+02 1.37029131e+01
 -1.15990778e+01 1.94775290e-03 9.54473180e-01 4.68271769e-03 -2.15208183e+02 1.36977958e+01
 3.43509361e+00 -5.72828716e-03 2.14218304e-01 1.20763139e-02 1.46797690e+02 1.37005263e+01
 9.62855131e+00 1.89864176e-02 1.22595878e-01 2.84596670e-03 4.07542451e+02 1.37020360e+01
 9.34079564e+00 9.08713417e-03 2.36863196e-01 -6.42324058e-03 -7.97852002e+02 1.37017966e+01
 2.69384038e+01 3.22562176e-03 -4.13750210e-01 -3.03649311e-03 1.13962281e+02 1.37055427e+01
 6.38356500e+00 -1.04600498e-02 -1.41084425e+00 -1.88481108e-03 -9.67907260e+01 1.37013416e+01
 -3.29358140e+00 6.87002828e-04 1.77706600e+00 -9.76628475e-03 3.91666730e+02 1.36992819e+01
 -4.88423906e+00 -1.76580008e-03 -4.64725603e-01 -1.60402602e-04 -1.37131959e+01 1.36988963e+01
 2.99725387e+01 9.34000136e-03 -1.38662407e+00 2.10933940e-03 -2.61762537e+02 1.37056445e+01
 9.47324601e-02 -4.83828575e-03 1.11792178e+00 -1.04057533e-03 1.47234609e+02 1.36998959e+01
 8.68454081e+00 9.57855686e-03 -1.53307326e+00 -1.36639416e-03 -2.98999124e+02 1.37016256e+01
 -1.06204240e+01 -1.47199145e-02 1.94062562e+00 6.72282866e-03 -2.05928890e+02 1.36978046e+01
 1.68279348e+01 5.51297966e-03 3.93054152e-01 -2.07892395e-04 -1.64200654e+02 1.37033211e+01
 -7.19651933e+00 -5.52894600e-03 1.37448537e+00 4.67862307e-03 2.29821354e+02 1.36985130e+01
 6.28583921e+00 1.99206890e-03 -2.31639105e-01 -7.59545282e-03 1.65921057e+02 1.37013130e+01
 -5.62747022e+00 -4.50374383e-03 -5.22646244e-01 6.99483826e-04 -6.84495251e+02 1.36988259e+01
 8.41984681e+00 5.49043245e-03 -5.23077381e-01 7.90274546e-03 1.04140003e+02 1.37016834e+01
 1.57401052e+01 -6.29794892e-03 4.27571755e-01 3.84435241e-03 -3.79787263e+02 1.37031258e+01
 1.87319132e+01 8.58854551e-03 -5.84844497e-01 3.36669364e-03 -1.12515080e+02 1.37034848e+01
 5.23073227e+00 -2.24947699e-03 1.28870294e+00 -9.95302066e-03 -2.63538295e+02 1.37009031e+01
 -2.94607410e+01 -2.29483502e-03 4.78007921e-01 -4.87939948e-04 1.79377853e+02 1.36942209e+01
 9.96318017e-01 9.18696755e-03 9.88107380e-01 -4.21161315e-03 -2.42736499e+02 1.36999068e+01
 1.43738492e+01 8.00224174e-03 -2.58482284e-01 1.02373933e-03 -1.28633677e+02 1.37027514e+01
 -1.26040733e+01 -3.01411728e-03 1.79026580e-01 -3.84365411e-03 -3.34137572e+02 1.36974230e+01
 -1.66192414e+01 1.53370862e-02 1.14170241e-01 -4.40687693e-03 5.16654785e+02 1.36971195e+01
 -1.29248957e+01 -2.69765479e-04 -9.27194231e-01 -6.73827710e-03 -4.88854315e+02 1.36976762e+01
 1.91569034e+01 1.03705397e-03 -1.34655992e+00 1.59089641e-03 -1.83581224e+02 1.37037811e+01
 1.71980484e+00 -2.04490705e-03 -1.58710538e+00 4.16096502e-03 3.23703769e+01 1.37001192e+01
 1.07809862e+00 6.47695335e-04 -9.80651764e-01 -5.17013442e-03 7.21626529e+01 1.37004175e+01
 5.73224645e+00 -5.18316539e-03 5.36971749e-01 -4.79966623e-03 -4.68385364e+01 1.37012816e+01
 1.18788477e+00 -1.18530738e-03 -1.02647276e+00 1.09146706e-02 -3.64389979e+02 1.37000172e+01
 1.07749316e+01 9.64468291e-03 1.09393211e+00 -4.83367666e-03 1.98544634e+02 1.37022079e+01
 -1.35178071e+01 -2.31925268e-03 -1.63021802e+00 -1.32566867e-02 -7.92080320e+01 1.36969285e+01
 -9.05728056e+00 1.21028083e-03 -1.46490584e+00 -1.09697631e-02 6.60551551e+01 1.36982425e+01
 1.63301737e+01 9.69218429e-03 5.23359801e-01 2.53248220e-03 3.96256983e+02 1.37034960e+01
 -1.32348676e+00 3.88770578e-03 6.12634355e-01 -7.37974437e-03 -1.62154724e+02 1.36993288e+01
 2.29349533e-01 1.20658653e-03 2.41888072e-01 -8.69856698e-04 -1.73191947e+02 1.37001344e+01
 -1.51263321e+01 -3.16749754e-03 4.27342917e-01 6.76290234e-04 1.41113774e+01 1.36965557e+01
 -9.11616078e+00 1.51633600e-02 -1.33008020e-01 -5.41763944e-03 -2.86121261e+02 1.36981782e+01
 2.06389045e+01 9.56977520e-03 -1.52811541e+00 -3.11176099e-03 -1.53028930e+02 1.37044578e+01
 -1.32553766e+01 -3.77371677e-03 3.14119911e-01 -4.87030151e-03 4.61312349e+02 1.36973855e+01
 -3.29382296e+00 2.89871213e-03 -3.00188829e-01 5.00462458e-03 -3.84083308e+02 1.36992505e+01
 -1.21803160e+01 -3.60962643e-03 8.84054926e-01 -3.92347023e-03 -1.67704832e+02 1.36974699e+01
 6.45901507e+00 9.64802265e-03 -1.50614659e+00 -9.35867940e-03 -2.16532740e+02 1.37010048e+01
 -3.65354659e+00 3.53324846e-03 -9.97251928e-02 1.31624211e-02 2.13425330e+02 1.36991730e+01
 -1.22595333e+01 -1.30718843e-02 -1.45644785e+00 -1.08591761e-02 1.63260971e+02 1.36972031e+01
 -2.25948700e+01 -4.28074197e-03 -6.34232617e-01 -8.88517532e-03 -5.99446011e+01 1.36956070e+01
 9.28776497e+00 1.96966452e-03 1.72012932e+00 -1.63075593e-03 8.85891297e+00 1.37017485e+01
 1.48107103e+01 -1.46493852e-02 7.24474521e-01 4.99939723e-03 6.64492727e+02 1.37028904e+01
 3.39765803e+00 8.53686901e-03 -4.81547467e-01 6.68655819e-04 -2.64712542e+02 1.37007721e+01
 -7.18588289e+00 3.32556540e-03 8.48367665e-03 -1.79745154e-03 -6.05369606e+02 1.36988603e+01
 -1.05747950e+01 -1.10801468e-02 -4.31086404e-01 1.43929544e-04 -3.60525889e+02 1.36976572e+01
 -1.82282154e+01 -6.36413489e-03 8.55383411e-01 -4.22930618e-03 1.24158510e+02 1.36961908e+01
 -1.86694890e+00 -5.47563490e-03 -1.59995177e+00 1.48863152e-02 -1.43902274e+02 1.36995127e+01
 -2.53898257e+01 4.55331479e-03 3.04966142e+00 -4.96516505e-03 1.58786868e+02 1.36949792e+01
 -2.46142891e+01 -1.04246768e-02 2.72896227e-03 6.10562298e-03 -2.15444711e+02 1.36955105e+01
 1.24075246e+01 -1.13849408e-03 6.41321506e-01 -6.86458431e-03 5.55436004e+01 1.37024593e+01
 8.06341460e+00 3.90706728e-03 -2.78737254e-01 -1.81129592e-03 -1.36549484e+02 1.37015445e+01
 -9.45200934e+00 9.21798355e-03 -1.50913882e+00 6.31321361e-03 -1.45852768e+02 1.36982327e+01
 -8.51544607e+00 -3.88272864e-03 3.59607049e-01 -1.75847545e-03 1.23716760e+02 1.36984921e+01
 7.62114608e+00 1.74062675e-02 9.24287805e-01 -5.05106926e-03 4.39340564e+02 1.37013828e+01
 -1.88315539e+01 1.05787731e-03 -1.27826901e+00 -9.40661292e-03 2.62683044e+02 1.36962330e+01
 -1.36706072e+01 3.75716284e-03 2.68713360e-01 5.95904568e-03 1.49923452e+02 1.36971123e+01
 2.88038629e+00 1.56125664e-02 2.49294932e-01 3.81557761e-03 2.02643344e+02 1.37006478e+01
 -2.42604264e+01 3.63299524e-03 -1.51739146e+00 6.49983742e-03 5.89536419e+01 1.36954306e+01
 7.32547521e+00 1.02914973e-02 1.17249557e+00 -4.19559416e-03 -3.55364703e+02 1.37017871e+01
 -4.03266458e+01 -8.17792192e-03 1.86519549e-01 9.58840794e-03 2.42634090e+02 1.36922531e+01
 -4.33869516e+00 3.33330583e-03 2.23101517e-01 -5.97414920e-03 -2.94333537e+02 1.36992784e+01
 2.16220764e+01 6.25202900e-04 1.23149486e+00 2.34563168e-05 -6.42806810e+02 1.37040811e+01
 1.94124409e+01 -1.51927371e-02 6.84558146e-01 7.34859997e-03 -1.57111652e+02 1.37041697e+01
 1.34161718e+01 1.10362896e-03 -6.21550395e-01 2.52241818e-03 3.47022942e+02 1.37025645e+01
 -3.83630327e+00 1.31632174e-03 -1.82341061e+00 -5.11745140e-03 1.57956993e+02 1.36992707e+01
 -1.67461698e-01 7.22292535e-03 -1.00071204e+00 -6.32847691e-03 -1.49431710e+02 1.37002354e+01
 1.95442227e+01 -1.01470963e-03 5.91982268e-01 -3.44636308e-03 -5.91059326e+01 1.37039034e+01
 9.22341909e+00 -1.45845336e-02 1.87574110e+00 9.61922103e-03 1.67249152e+02 1.37018509e+01
 -1.47087699e+01 -1.89818951e-03 -1.90554330e+00 8.71415458e-03 5.53159034e+02 1.36970602e+01
 -1.59954911e+01 5.81570550e-03 1.32561901e+00 -1.12349726e-02 -9.66560527e+01 1.36967454e+01
 -2.63895389e+00 -1.37075297e-02 1.06137262e+00 -4.19976493e-04 -3.12987664e+02 1.36994951e+01
 1.66962554e+01 9.06408241e-03 -1.90561552e+00 4.70809364e-04 1.39876526e+02 1.37034563e+01
 -1.38641089e+01 9.75646026e-03 -8.00055694e-01 -5.54863743e-03 4.84004189e+02 1.36971202e+01
 -1.43482054e+01 -2.86675326e-03 -1.83219554e+00 -6.71202334e-03 2.89712198e+02 1.36976885e+01
 -3.30115466e+00 -1.04580144e-02 -3.07728330e-01 -6.67048455e-03 -2.74930957e+02 1.36994807e+01
 4.49752655e+00 6.98542578e-03 2.25847123e-01 3.03379136e-03 2.89750554e+01 1.37009109e+01
 -1.40144297e+01 3.25609471e-03 -6.26672564e-02 1.09635810e-02 -2.71540597e+02 1.36971834e+01
 1.12355750e+01 -9.53598150e-03 6.59181292e-01 6.24474439e-03 -3.19793307e+02 1.37023885e+01
 4.12049070e+00 6.13150464e-03 4.00024943e-01 4.50519295e-03 2.94012931e+02 1.37003548e+01
 -9.70084823e+00 4.42018642e-03 2.12189565e-01 2.53264820e-03 3.78117851e+02 1.36981092e+01
 2.01375782e+01 1.64771350e-03 3.96844659e-02 -4.07624194e-04 2.57743755e+02 1.37037592e+01
 1.63234738e+00 5.15296712e-03 -7.10124147e-01 -1.10206862e-02 3.93779569e+02 1.37002507e+01
 -2.94087820e+01 1.85236388e-03 5.74289163e-01 9.08145462e-03 -3.36229289e+02 1.36942711e+01
 1.65466504e+01 -3.03718587e-03 -1.11421858e-02 2.23131138e-03 1.59639857e+02 1.37032959e+01
 -1.44322695e+01 -2.32487806e-02 -6.63535088e-01 -2.39882739e-03 3.79475379e+01 1.36969380e+01
 -5.75991490e-01 -8.46448963e-03 -4.62244994e-01 -6.19731924e-03 3.02092878e+02 1.36996832e+01
 3.06353599e+00 -4.51008348e-03 1.25958527e+00 2.16138710e-03 -1.46368665e+02 1.37002137e+01
 -1.75297459e+00 -2.93294924e-03 4.08254365e-01 -1.30954941e-02 -1.51977946e+02 1.36999030e+01
 -8.05184863e-01 -6.09336628e-03 -1.60888722e+00 -7.48743750e-04 -2.69055682e+01 1.37000342e+01
 4.87136443e+00 -4.44834319e-03 5.26952290e-01 7.39383480e-04 -2.22951808e+02 1.37008192e+01
 -4.08193438e+00 -5.12463192e-03 1.03257201e+00 -1.22872789e-03 -2.73454215e+02 1.36994717e+01
 3.14230459e+00 -1.18950503e-02 1.40704005e-01 -2.74562327e-03 1.87007101e+02 1.37001789e+01
 1.09128858e+01 3.70904635e-03 -5.02751879e-01 -2.25916719e-03 5.48269083e+02 1.37025445e+01
 6.53854674e+00 2.90885488e-03 -5.64461594e-01 2.96233786e-03 8.43226506e+00 1.37011825e+01
 -3.75000687e+01 4.28922557e-03 -3.45481160e-01 3.04449951e-03 -1.58920532e+02 1.36924332e+01
 -1.02075231e+01 -9.28400647e-03 -1.31207725e+00 2.88706790e-03 6.44839693e+01 1.36981395e+01
 3.03227262e+00 -9.22651601e-03 -1.43050109e+00 -7.13837801e-03 -1.43611144e+02 1.37006109e+01
 1.58959866e+01 3.67644946e-04 1.04187685e+00 8.81642185e-04 -4.92109309e+02 1.37032424e+01
 -4.75513528e+00 -6.09826148e-03 -1.04779307e+00 4.53696059e-03 -5.44836870e+02 1.36991340e+01
 2.69710636e+01 -2.94664387e-03 -1.02446431e-01 2.74236235e-03 3.86241645e+02 1.37056639e+01
 -2.17038073e+01 1.10431612e-02 4.31903670e-01 5.33607871e-03 -2.43178066e+02 1.36955311e+01
 -7.91718283e-01 1.44818258e-03 3.00021778e-01 3.96781268e-03 6.64926393e+02 1.36999743e+01
 1.26450490e+01 -2.19583677e-03 -1.90570936e+00 -1.60517397e-03 -1.36343931e+02 1.37025034e+01
 2.88115617e+01 1.15252384e-04 -4.89853037e-01 1.22837772e-02 2.23640788e+02 1.37055410e+01
 -1.13569913e+01 -7.03930280e-03 1.13087358e-01 1.82887414e-03 -4.30562273e+02 1.36979609e+01
 -2.90832705e+00 -1.16109586e-02 -5.46956957e-01 4.52085382e-03 8.75150193e+01 1.36994709e+01
 1.87957927e+01 8.38021934e-03 2.89714838e-01 -6.27425765e-03 3.05005236e+01 1.37036520e+01
 1.43281003e+00 1.43345188e-03 -1.21620815e+00 9.96468490e-04 -1.08294836e+02 1.37000183e+01
 -1.94234581e+00 3.80879253e-03 -4.20661051e-01 -1.52586503e-02 9.93315226e+01 1.36996806e+01
 9.06890160e+00 4.16720386e-03 -2.56270075e-01 3.31033136e-03 -3.78057448e+02 1.37016834e+01
 -6.67514645e-01 -1.32400173e-02 -8.55977229e-02 -7.36740373e-03 -2.51014647e+02 1.36998414e+01
 -7.14345509e+00 4.44383547e-03 2.25825663e+00 -1.54456931e-03 -1.39413220e+02 1.36988474e+01
 2.10215585e+01 9.43011477e-03 1.65345181e+00 5.63877352e-03 -1.50624935e+02 1.37041071e+01
 8.67338206e+00 8.20289423e-03 4.41188265e-01 3.79062552e-03 3.01317483e+02 1.37016589e+01
 -4.49441132e+00 -2.11510042e-03 1.00949120e-01 -6.95321849e-07 -8.80046620e+01 1.36990016e+01
 6.63527066e+00 3.63804177e-03 -3.20207776e-01 -1.44502986e-02 5.64347375e+01 1.37012505e+01
 1.17891537e+01 -1.32067706e-02 -3.94597167e-01 -2.36153319e-03 -7.39233522e+01 1.37022573e+01
 2.96665652e+01 -2.56946676e-03 4.41246379e-01 3.45838162e-03 2.23316671e+02 1.37058250e+01
 6.79211094e-01 3.84664592e-03 -1.64269888e+00 3.78986015e-03 3.59683951e+02 1.37001423e+01
 -1.26323451e+01 -9.63725646e-03 -1.60503431e+00 1.18966226e-02 4.64953404e+01 1.36975041e+01
 3.33164038e+00 -9.01514252e-03 1.17682945e-02 -2.52636993e-03 -3.39551938e+02 1.37008796e+01
 8.26439591e+00 -4.22084577e-03 6.73418758e-01 3.64782153e-03 -1.21029486e+02 1.37018984e+01
 -2.76101501e+00 -5.29516783e-03 -1.16933217e+00 1.11346120e-02 1.47815390e+02 1.36992086e+01
 2.30466834e+01 3.75545250e-03 -2.50172222e+00 6.43067154e-03 1.46637445e+01 1.37047705e+01
 2.49316819e+01 9.48845007e-04 1.74203166e+00 2.00069070e-03 2.41532001e+02 1.37049629e+01
 -1.22211714e+01 7.60145420e-03 -7.03833567e-02 -3.49793061e-03 1.25410456e+02 1.36977473e+01
 -2.83013146e-01 6.27513253e-03 1.22707498e+00 -3.90863457e-03 -5.73418345e+02 1.36994013e+01
 -1.43131935e+00 -9.24513562e-03 -9.62713019e-01 -1.04639780e-02 -1.99057152e+02 1.36991421e+01
 -2.03383318e+01 1.87140057e-03 2.02203598e+00 6.69004226e-03 -8.32693974e+01 1.36959081e+01
 2.59050664e+01 -3.36675658e-03 2.35635409e+00 5.92979464e-03 5.44402250e+02 1.37051717e+01
 6.67035291e+00 6.86714125e-03 -1.01869730e+00 -4.30413875e-03 -1.97539159e+02 1.37012780e+01
 -1.38154345e+00 2.46388049e-03 1.10847465e+00 -8.82372782e-03 1.26711971e+01 1.36998298e+01
 -6.95331580e+00 1.52317531e-03 -1.48246766e+00 -1.13760363e-02 9.31431511e+01 1.36984779e+01
 8.28495022e+00 4.26192823e-03 -6.69960262e-01 1.09176947e-02 4.03956639e+02 1.37018190e+01
 -1.10864692e+01 1.79208065e-03 5.91059786e-01 4.98737660e-03 -3.63743373e+02 1.36976924e+01
 1.40628677e+01 -5.03436043e-03 1.77899175e-01 -4.65132894e-03 5.78585638e+01 1.37031099e+01
 -7.34303872e+00 -1.14089669e-02 -1.05918608e-01 2.04625863e-03 -5.18739631e+02 1.36982776e+01
 -1.01251097e+01 3.84039948e-03 2.12574071e-01 -7.82242307e-04 -2.92728576e+02 1.36980322e+01
 1.40417763e+00 -1.56662314e-03 1.07421833e+00 3.20406886e-03 5.04312851e+02 1.37004158e+01
 -9.18851248e+00 -1.20578532e-03 1.43475604e+00 2.49468328e-04 1.47545483e+02 1.36987275e+01
 -1.07822370e+00 -1.64197254e-03 -7.66564645e-02 9.80573597e-03 2.58208654e+02 1.36996318e+01
 3.38006201e+00 -5.48719001e-03 -8.16445115e-01 9.38817951e-03 -7.28230430e+01 1.37005656e+01
 -1.33667846e+01 5.22251770e-03 -8.15761121e-01 8.55045204e-03 1.45798964e+02 1.36975582e+01
 -1.12189686e+01 -2.95935052e-03 -1.23193511e+00 1.03447455e-02 -4.02486597e+02 1.36980567e+01
 -9.58828109e+00 -3.45083653e-03 -8.86015222e-02 2.55647353e-04 1.50865630e+02 1.36981934e+01
 -1.13669596e+01 -4.10636991e-03 7.59670162e-01 -7.93670286e-03 -1.42291347e+02 1.36977688e+01
 -1.89481298e+01 4.62142407e-03 5.67070886e-01 -2.75230814e-03 -6.15008844e+02 1.36965038e+01
 2.10920415e+01 1.55457196e-03 -6.52820796e-01 8.12084855e-03 1.49365225e+02 1.37040870e+01
 -1.21206122e+01 6.78408242e-03 1.14846849e-01 -6.20365349e-03 -3.17820073e+02 1.36972436e+01
 -1.64422462e+01 -3.89225192e-03 -1.63998215e-01 4.80551066e-03 2.54425970e+02 1.36967618e+01
 -1.08224776e+01 3.17372150e-03 9.75811472e-01 4.73892615e-03 9.71449767e+01 1.36981966e+01
 -1.20268744e+01 -1.35072063e-02 4.30506828e-01 3.14798254e-03 -4.94643918e+02 1.36977154e+01
 -1.42960766e+00 -7.61240946e-04 -2.63002604e-01 1.45391949e-02 -1.06133656e+02 1.36995907e+01
 -7.47416397e-01 -4.35649785e-03 -1.21329207e+00 3.32010171e-03 -1.73293473e+02 1.36996906e+01
 -1.84746585e+01 1.86398867e-03 1.05448286e+00 8.58435105e-05 8.91101822e+01 1.36963047e+01
 1.33362637e+01 -3.11623735e-03 -2.83900693e-01 1.26894217e-02 5.13195100e+02 1.37024511e+01
 2.61937384e+00 5.07733216e-03 -1.01286490e+00 -3.31845086e-03 5.04515607e+01 1.37003298e+01
 1.32865589e+01 5.04983975e-03 -1.22133927e-01 -1.04992866e-03 -4.20296366e+01 1.37024791e+01
 -1.04776227e+01 -5.74373243e-03 -1.47042819e+00 4.29075605e-03 7.68829921e+01 1.36978866e+01
 -1.19902558e+01 -1.83171117e-02 2.04446921e+00 -3.98457877e-03 -3.48311893e+02 1.36974876e+01
 -4.46830999e+00 -6.27598158e-03 2.11769105e+00 1.13970218e-02 -2.31697138e+02 1.36990158e+01
 -1.16705423e+01 5.43994842e-03 -1.18797171e+00 -7.44878970e-03 5.19007997e+02 1.36977030e+01
 -7.71466928e+00 -3.64819984e-03 -4.69548008e-01 -2.09147495e-03 -1.26427788e+02 1.36984522e+01
 1.00341145e+01 5.75878247e-03 -9.65706926e-01 7.02362609e-03 3.54233080e+02 1.37020250e+01
 -2.10116130e+01 -1.23337630e-02 4.19750589e-01 1.03732987e-02 5.70713553e+02 1.36955291e+01
 2.97969044e+00 -7.89442708e-03 -1.46334788e+00 7.16802421e-03 4.59836323e+01 1.37006481e+01
 -1.19234803e+01 -3.89949968e-03 1.17067927e+00 -3.36261960e-03 -4.68714355e+02 1.36975849e+01
 1.76686156e-01 3.44702544e-03 -1.09989685e+00 -9.36104408e-03 1.27644136e+02 1.37000579e+01
 -6.67464771e+00 -3.71338634e-03 1.30543233e+00 -5.56002411e-03 1.43148334e+02 1.36985689e+01
 2.41491376e+01 2.49171514e-03 -7.14195844e-01 5.45343645e-03 -3.21516642e+02 1.37044210e+01
 1.47430530e+01 -9.13336563e-03 -6.93151884e-01 -1.98588571e-03 -3.64251650e+02 1.37028451e+01
 -3.12490882e+00 -1.79304396e-04 -1.80467474e+00 -2.66813587e-03 1.04160144e+02 1.36996488e+01
 1.91171196e+01 9.56231913e-03 -5.62050765e-01 -5.49557936e-03 2.80875662e+02 1.37037357e+01
 -2.47023825e+00 4.08066751e-03 7.09043807e-01 1.03185027e-02 -8.54919564e+01 1.36994455e+01
 2.61617752e+01 1.29996011e-02 1.29664312e+00 1.00625396e-02 -1.10793759e+02 1.37053377e+01
 -1.47978416e+01 1.18326467e-03 -2.08378949e+00 3.67058698e-03 3.16923186e+02 1.36974176e+01
 1.00011949e+01 -4.37563954e-03 -2.33592394e+00 -3.27334297e-03 -4.08791592e+01 1.37020381e+01
 -2.02470886e+01 7.01199770e-03 -7.41863010e-01 3.45778529e-03 5.27641425e+02 1.36957790e+01
 1.26900624e+01 -3.11767765e-03 1.46410890e+00 -8.31478541e-04 1.28943424e+02 1.37026611e+01
 -1.11721473e+01 1.78247123e-02 9.89673072e-01 -4.47124132e-03 9.39425334e+01 1.36977993e+01
 -1.31328262e+01 1.05031725e-03 -9.79796015e-01 2.67954232e-03 -4.77876109e+02 1.36973311e+01
 -2.70986651e+00 9.19065853e-04 -3.69282846e-01 2.11764898e-03 2.30202011e+01 1.36995268e+01
 -1.69468997e+01 -4.25752174e-04 -1.85628443e-01 -7.79829423e-03 -1.21676468e+02 1.36966978e+01
 2.73200638e+01 -5.02126634e-03 -5.69798735e-01 -1.80015010e-03 -1.99206970e+01 1.37056731e+01
 1.91247621e+01 -3.71152560e-03 -1.07146707e+00 2.85110629e-03 -1.51173004e+02 1.37039371e+01
 6.06876711e+00 -8.19263796e-03 -7.90847762e-01 2.37572306e-03 -2.55364536e+02 1.37012437e+01
 -1.40121421e+01 5.72058758e-03 -1.58642022e+00 -7.83558709e-03 -3.92900471e+02 1.36976994e+01
 6.41356186e+00 -1.21771795e-02 2.46804378e+00 3.57684222e-03 2.14259531e+02 1.37012319e+01
 7.14672767e+00 6.47221413e-03 5.12921575e-01 7.54632988e-03 1.24498215e+02 1.37010929e+01
 -1.09685989e+01 5.15432630e-03 1.12499780e+00 1.41674135e-02 6.75934870e+01 1.36979526e+01
 1.77166872e-01 6.07820840e-03 -6.89340916e-01 -1.53320270e-03 2.94128628e+02 1.36999658e+01
 -4.31741189e+00 -8.31233674e-04 1.57735282e+00 3.88752987e-03 2.73077610e+02 1.36990152e+01
 -8.74545235e+00 9.20842977e-03 3.50312119e-02 -4.73422312e-04 1.05328277e+02 1.36979830e+01
 9.89348908e+00 -5.37104909e-03 -8.43887641e-01 -8.20099148e-03 -4.29586665e+02 1.37019941e+01
 -5.32918534e+00 1.75178387e-03 4.73757201e-01 -2.45989884e-03 1.25794237e+02 1.36986890e+01
 -7.03820639e+00 -1.10817392e-02 2.38145978e-01 -6.88513154e-03 2.10654421e+02 1.36985773e+01
 -4.72870726e+01 -1.18235340e-03 1.57132799e+00 7.29752290e-03 6.89703225e+01 1.36906967e+01
 6.96956053e+00 -6.14041135e-03 9.18301092e-01 -2.26648731e-03 -1.51309784e+01 1.37012464e+01
 -3.44841999e+00 -6.35636820e-03 1.02304967e+00 2.28787707e-03 -7.01571598e+01 1.36993749e+01
 6.02253651e+00 -1.80372637e-04 1.13090533e+00 3.24469369e-03 2.14206287e+02 1.37011354e+01
 -1.71244531e+01 2.98384224e-03 5.03144042e-01 2.98550524e-03 1.73175377e+02 1.36963773e+01
 1.49207899e+01 -1.25443916e-02 -1.09957237e+00 7.66298441e-03 -6.59204287e+01 1.37029291e+01
 -2.68024217e+01 4.06417963e-03 -1.12018022e-01 -9.24638466e-04 5.49850021e+02 1.36946497e+01
 2.03051404e+01 1.89029254e-03 4.47288952e-01 7.13228588e-03 -1.42057037e+02 1.37041370e+01
 -3.45647139e+00 -1.06858408e-02 -9.52079864e-01 8.23743672e-03 2.99731610e+01 1.36991633e+01
 -1.52624493e+01 -8.45483723e-03 -1.09007030e+00 4.60554120e-03 -8.84836363e+01 1.36967562e+01
 -1.45068967e+01 -8.16542481e-03 1.33957392e+00 6.94254325e-03 1.64874623e+01 1.36975319e+01
 3.50511626e-01 8.87330904e-03 8.87750706e-01 3.96461348e-03 1.18403482e+02 1.37001157e+01
 -3.21927719e+00 -8.11110877e-03 5.21448761e-01 6.69156250e-03 -1.84505766e+01 1.36995830e+01
 -5.57110523e+00 9.30223160e-03 4.22453791e-01 5.51754271e-03 -3.63204394e+02 1.36988628e+01
 3.48768483e+00 6.21373616e-03 1.12301658e+00 4.44241136e-03 -3.69877170e+02 1.37008410e+01
 4.27335199e+00 3.23081744e-03 2.33755799e+00 1.35194606e-02 -7.34977105e+01 1.37007722e+01
 2.08905110e+00 4.10541509e-03 9.57089842e-01 8.91624523e-03 3.31413762e+01 1.37002793e+01
 1.17572430e+01 1.64553215e-03 1.69578193e+00 2.28102745e-03 -2.31158745e+02 1.37021316e+01
 -6.33487853e+00 -4.40079381e-03 -2.91578141e-01 -8.27925520e-03 4.21663644e+02 1.36986425e+01
 -4.18549155e-02 5.79605411e-03 -1.86382876e-01 -1.65730772e-03 -1.74862036e+02 1.36998466e+01
 9.14698160e+00 7.74614871e-03 5.88825158e-02 -1.01058939e-03 8.18945155e+01 1.37015706e+01
 -3.68940681e+00 5.57447823e-04 -1.77240996e-02 -2.95574753e-03 1.12966327e+02 1.36991701e+01
 -1.59178437e+01 -1.26268203e-02 -1.02862374e-01 6.28348968e-03 2.82438768e+02 1.36967883e+01
 -1.71475349e+01 -1.19722665e-03 7.35964057e-02 -8.24259309e-03 -4.21507109e+01 1.36963245e+01
 1.18411646e+01 2.20980993e-02 -1.84035129e+00 -8.89306815e-03 -1.87022181e+02 1.37024336e+01
 3.89660470e+00 -3.21785732e-03 1.84137527e-02 -3.41475382e-03 -2.14945592e+02 1.37007782e+01
 -2.20806689e+01 -1.51295449e-02 -1.91824280e+00 7.03774721e-03 -1.82428731e+02 1.36956120e+01
 -2.73724262e+00 -4.22030524e-03 1.72010280e+00 1.91493857e-03 4.49516464e+01 1.36994544e+01
 1.70306861e+01 -3.20484788e-03 -7.40956920e-01 -2.67706877e-03 -1.05889217e+02 1.37036264e+01
 1.40792263e+01 1.57655072e-03 3.39374095e-02 -1.88036712e-03 1.32905413e+01 1.37029036e+01
 -6.18230374e+00 1.29941212e-02 -6.55561011e-01 -3.45947506e-03 7.10292859e+01 1.36988394e+01
 -3.03419883e+00 -7.31674741e-03 -2.02025771e+00 -6.43129831e-04 -3.58919658e+02 1.36992442e+01
 -5.68408552e+00 -9.98773814e-04 8.03692500e-01 -9.83389038e-03 -2.18608733e+02 1.36985945e+01
 -2.32613184e-01 8.04312576e-04 -8.38383302e-01 -1.71049601e-03 1.76546144e+02 1.37000115e+01
 -7.99994345e+00 6.06514054e-03 -1.19982847e-01 2.61087484e-03 -2.25983830e+02 1.36981576e+01
 -1.62741003e+01 -1.18932316e-02 -5.47870115e-01 -1.18503785e-03 -2.91590445e+02 1.36971671e+01
 -1.62569327e+01 -8.73271587e-03 4.06430680e-01 2.32352745e-03 -3.97499893e+02 1.36963478e+01
 -2.70675096e+01 -1.28856209e-03 -4.31575326e-02 -1.96541107e-03 -1.17852773e+02 1.36948006e+01
 1.24229019e+00 4.74065436e-03 2.04998285e-01 -4.62525078e-05 -2.04278634e+01 1.37001702e+01
 -3.37674480e+00 1.10462780e-02 -4.58236255e-02 -4.84592264e-03 -1.92579067e+01 1.36994366e+01
 -1.82524568e+01 4.73884410e-03 -3.30702086e-01 -7.83396370e-03 2.75193601e+02 1.36964197e+01
 -1.72245422e+00 -9.29944913e-03 1.42436807e+00 7.74831637e-03 -1.24093454e+02 1.36998977e+01
 -1.11663175e+01 1.04750447e-02 2.33404645e-01 6.48493137e-04 -2.54428772e+02 1.36975242e+01
 1.12898370e+01 7.21282325e-03 -4.16991873e-01 -1.22730617e-03 1.05446989e+02 1.37021249e+01
 5.43763090e+00 5.70955068e-04 2.82419269e-01 -1.69925290e-03 -3.85905618e+01 1.37007439e+01
 -5.08884149e+00 9.00834352e-04 2.96646409e-01 -9.75591889e-04 -5.32895908e+01 1.36991558e+01
 1.26805972e+01 1.00007661e-03 6.92435116e-01 6.08463013e-03 -6.29301976e+01 1.37023415e+01
 2.67968462e+01 8.72345263e-05 3.10377822e-03 3.60362329e-03 2.69093786e+02 1.37048893e+01
 -2.66777133e+00 1.09993328e-03 1.20376427e+00 -5.70185274e-04 -2.21027651e+02 1.36995020e+01
 -8.87782270e-01 1.48063375e-02 5.01965618e-01 -4.36016788e-03 1.40139671e+02 1.37000510e+01
 -5.35433187e-01 1.65406684e-03 1.98668147e+00 1.33172337e-03 1.72016066e+02 1.36999747e+01
 -4.46929114e+00 -3.40251419e-03 2.32922954e-01 -4.16611641e-03 1.38016217e+02 1.36992548e+01
 -1.45496831e+01 -1.46945032e-04 1.10942229e+00 -1.26205756e-03 2.85268478e+02 1.36969944e+01
 -2.23612602e+01 -9.11917046e-03 3.66923798e-02 -2.00240389e-04 2.45144974e+02 1.36958073e+01
 -1.46690317e+00 3.44733943e-03 5.15816449e-01 -9.20991607e-03 -8.76410284e+01 1.36996974e+01
 4.61928005e+00 3.16233389e-04 1.54915593e-01 4.52399846e-03 -1.19474343e+02 1.37010081e+01
 -5.75398209e+00 8.39099447e-03 -4.01794167e-01 7.42798986e-03 -3.38218340e+02 1.36984383e+01
 2.08573719e+01 -5.07062347e-03 1.64599971e+00 -1.95962727e-03 1.51680169e+02 1.37044565e+01
 1.59577706e+01 -1.08335464e-03 -2.50531511e+00 -4.13380400e-03 -3.46642633e+02 1.37030395e+01
 1.14126431e+01 -1.53646780e-02 1.95027398e+00 2.93116879e-04 8.39090654e+01 1.37022074e+01
 -4.10768663e+00 -9.67829526e-03 9.56004433e-01 3.12650425e-03 -2.97532427e+02 1.36992327e+01
 4.55492720e+00 -1.42695462e-02 -2.02002980e+00 6.66337849e-03 -4.19951312e+02 1.37007773e+01
 -3.53277214e+01 -8.61445375e-03 3.16932912e-01 -3.82775513e-03 -1.82497988e+02 1.36931341e+01
 -1.11437398e+01 -7.43478806e-03 -3.61377385e-03 4.48530205e-04 1.73938547e+02 1.36977524e+01
 4.66867851e+00 1.11726962e-02 -1.15910366e+00 2.19851078e-03 2.72958145e+02 1.37007507e+01
 -7.56017798e+00 4.85557844e-03 -4.74408678e-01 -6.15627847e-03 2.03673548e+02 1.36984930e+01
 -1.87661543e+01 4.81440449e-03 6.78148723e-01 1.16902936e-02 -6.94230744e+02 1.36962579e+01
 1.60310007e+01 2.07986227e-03 -1.91898592e+00 6.95330861e-05 1.43029369e+02 1.37032963e+01
 -6.80587980e+00 1.46786705e-03 3.32385695e-01 -1.17359863e-02 3.42024414e+02 1.36987034e+01
 -2.92641385e+00 1.31505004e-03 2.00598475e+00 -4.23757231e-03 -1.01996746e+01 1.36996791e+01
 5.12227499e+00 7.01747373e-03 -1.40801244e+00 2.20958762e-03 -2.55154844e+01 1.37011482e+01
 -5.97560315e+00 3.05188917e-03 -1.02194982e+00 9.43153921e-04 5.13749060e+01 1.36986665e+01
 1.85366659e+00 1.05598825e-02 -5.30016438e-01 1.37067266e-02 -4.55823216e+01 1.37006632e+01
 -2.29737234e-01 -7.53004768e-03 -1.61969707e+00 5.73741145e-03 2.21344690e+02 1.37000888e+01
 -1.34363270e+01 4.81222992e-03 1.46520645e+00 4.58033203e-04 1.07182807e+02 1.36970611e+01
 -2.30031905e+01 -2.89959348e-03 -1.03046335e+00 -1.07516569e-02 -3.29024754e+02 1.36955405e+01
 1.12525696e+01 -4.50396721e-04 1.55894836e+00 9.54781773e-03 -2.93745321e+02 1.37022964e+01
 3.33370255e+01 -5.05603839e-03 9.64793579e-01 6.96315316e-03 -3.23798346e+02 1.37063907e+01
 -1.74536470e+01 9.50402139e-04 -1.48585481e+00 2.86364785e-03 5.72346079e+02 1.36965506e+01
 4.26872458e+00 -1.75860290e-03 -8.01814765e-01 2.97098373e-04 -3.06635756e+02 1.37009680e+01
 -7.71442039e+00 -7.96719854e-03 -2.25672721e+00 2.92691324e-03 -1.44993006e+02 1.36985077e+01
 4.16242142e+00 2.21925463e-03 7.20121425e-01 5.23043536e-03 -3.47866701e+02 1.37007707e+01
 -5.69940143e+00 8.85986314e-03 8.72150995e-01 2.02222323e-03 -3.30014219e+00 1.36990168e+01
 -1.86902644e+01 -3.85270876e-03 -1.49538966e+00 -2.61780265e-03 -1.72064602e+02 1.36964722e+01
 1.51757794e+01 3.64531888e-03 2.05887372e+00 6.62923344e-03 1.77371154e+02 1.37029604e+01
 -1.21915829e+01 -3.58896472e-03 -1.45182687e+00 4.55424377e-03 -3.15857019e+02 1.36973732e+01
 -6.38687591e+00 1.63054242e-02 4.71540240e-01 3.93855616e-05 -1.01778791e+02 1.36991089e+01
 -7.45311155e+00 5.97078098e-03 -1.06864779e+00 5.04371356e-03 -1.16233552e+02 1.36985147e+01
 2.36826457e+01 -7.92998154e-03 -9.71863675e-01 1.35497390e-03 -7.72845698e+02 1.37044899e+01
 -2.26622927e+01 -5.70354419e-03 1.62775979e+00 -8.28401720e-03 -2.86646925e+02 1.36954769e+01
 -8.31604467e-01 4.30087604e-03 -6.14218271e-01 -3.34864435e-03 9.40290649e+01 1.36995743e+01
 4.64619582e+00 8.36503268e-03 -5.08272801e-01 4.60059095e-03 -1.26126053e+02 1.37010840e+01
 -5.16349806e+00 -5.37505231e-03 1.38468055e+00 -7.93675931e-03 1.53701702e+02 1.36991763e+01
 1.22972459e+01 -6.77558126e-04 -2.40943702e+00 -1.06163139e-03 -4.73422812e+00 1.37022154e+01
 2.02622082e+00 -9.08558631e-04 5.62012845e-01 6.95780555e-03 -3.68603311e+02 1.37003296e+01
 -2.47360157e+01 -6.85194278e-04 2.78010190e+00 -1.42301824e-03 1.44245602e+02 1.36952488e+01
 1.15255828e+01 2.87402828e-03 -1.38683591e+00 -8.49396688e-03 9.95040585e+01 1.37023954e+01
 1.80183732e+01 8.21699487e-04 7.06303092e-01 3.98933628e-03 6.49069246e+01 1.37035468e+01
 -1.81518100e+01 1.05003369e-02 8.86031142e-01 2.76579895e-03 -1.76842657e+01 1.36965332e+01
 -3.65388012e-01 1.33445206e-02 8.46797623e-01 -3.42786747e-03 4.49714495e+02 1.36998001e+01
 2.27075256e+01 -1.06665656e-02 -9.74618790e-01 2.94958601e-03 5.91771771e+02 1.37042497e+01
 -7.65471204e+00 8.82968260e-03 1.73786068e-01 1.19153649e-02 4.80770525e+02 1.36985272e+01
 4.04017473e+00 3.58341724e-03 -8.26780821e-01 4.12192652e-03 -4.55812445e+02 1.37006002e+01
 -4.48425548e+00 2.45887894e-03 -7.34462255e-01 -5.12013069e-03 1.39602247e+02 1.36989690e+01
 -2.03860771e+01 -8.37984850e-03 -3.74610133e-01 -8.50929115e-03 -1.49987737e+02 1.36961970e+01
 -2.37386183e+00 -7.73937303e-04 1.68406465e+00 5.20441240e-04 3.09963555e+02 1.36993980e+01
 -3.03554771e+01 -1.18512553e-03 -9.51180724e-01 -5.78299500e-04 5.75827293e+01 1.36939889e+01
 -3.49386450e+01 5.65329260e-03 2.87048425e-01 -1.01736437e-02 -5.20365474e+02 1.36934080e+01
 1.11109595e+01 1.32798730e-02 -7.84113937e-01 -5.53353390e-03 5.44016949e+02 1.37022907e+01
 -7.60500721e+00 4.30689112e-03 -8.07932257e-01 5.91625029e-03 -1.42928906e+02 1.36990038e+01
 -8.28464477e+00 6.39883958e-03 2.55909757e-01 -5.16653863e-03 -3.15065612e+02 1.36983258e+01
 -3.51830658e+00 2.47607899e-03 -1.65939159e-01 9.98588207e-04 1.76642426e+02 1.36992731e+01
 3.10826091e+00 -4.96275475e-03 5.90939419e-01 5.88718368e-03 3.07844062e+02 1.37004115e+01
 -7.58310205e+00 5.48605268e-03 1.22546284e+00 1.74108396e-03 -1.36492200e+02 1.36986511e+01
 1.16379061e+01 -1.36496090e-02 -2.98897455e-01 4.50185291e-03 7.37428480e+02 1.37024895e+01
 -2.56271329e+01 7.04891294e-03 -1.10905722e+00 -7.90551938e-03 6.17707453e+02 1.36950522e+01
 1.13994948e+01 -3.54147367e-04 1.11028109e+00 -4.71423348e-03 5.83140531e+02 1.37023416e+01
 8.84078510e+00 7.37705899e-03 6.43040290e-01 -1.07426710e-02 1.52531971e+02 1.37015211e+01
 9.02847115e+00 -8.76908222e-03 1.44044200e+00 -6.64020611e-03 -1.41698955e+02 1.37019038e+01
 5.41918934e+00 -5.21929530e-03 -2.10260825e+00 9.48804696e-04 -2.69197716e+02 1.37010565e+01
 -3.03878087e+01 1.27983748e-02 -4.44078330e-01 -4.51448063e-03 -3.48057607e+02 1.36940641e+01
 9.90640579e+00 3.88430384e-03 4.14399587e-01 6.23048576e-03 1.43975606e+02 1.37018530e+01
 -2.79828928e+00 1.52989751e-02 5.59069374e-01 1.19447268e-03 2.81586143e+02 1.36991848e+01
 9.83090318e+00 -1.09136382e-03 -9.11269390e-01 6.54411186e-04 2.78000680e+02 1.37018347e+01
 1.18721627e+01 -1.49055714e-02 -1.00206694e+00 -6.17706325e-03 -2.36752630e+02 1.37023087e+01
 -9.03739541e+00 -1.33057632e-02 -4.21364853e-01 6.06517074e-03 2.00929769e+02 1.36980421e+01
 -1.91544579e+01 4.56737724e-03 2.38391525e+00 -4.82367814e-03 -1.67286205e+02 1.36963564e+01
 -1.24380372e+01 4.95105013e-03 2.23531854e-01 3.94235906e-03 -1.38776309e+02 1.36977620e+01
 -1.18033023e+01 3.27984845e-04 -8.21578829e-02 -5.38463317e-03 1.26074601e+00 1.36978951e+01
 5.90371806e+00 -1.82984798e-03 -2.08620448e+00 5.87268332e-03 8.58930702e+01 1.37011982e+01
 -1.14165420e+01 8.26586007e-03 1.08229485e-01 4.83310637e-03 5.26424961e+02 1.36978038e+01
 8.10466700e+00 -3.51424420e-03 1.41697314e+00 -4.49280048e-04 -3.17671364e+02 1.37014336e+01
 1.43538101e-01 1.04434197e-02 -2.35524382e-01 2.57174379e-03 -5.84994623e+02 1.37005119e+01
 -1.86581826e+00 -2.64624231e-03 -1.25122092e+00 -1.50251158e-04 -2.26271391e+02 1.36996750e+01
 3.42616463e+00 9.12616268e-04 6.28503228e-01 -2.14643726e-03 7.15088154e+00 1.37005870e+01
 -2.57685060e+01 3.56095416e-03 -8.15821725e-01 -5.51904723e-03 5.17168212e+02 1.36948850e+01
 -2.30889928e+00 -2.37912491e-03 2.71467881e-01 -5.94404644e-03 1.93100553e+02 1.36993092e+01
 -5.16178002e+00 -6.94993435e-03 2.70043122e-02 -5.72091504e-03 3.26373273e+02 1.36990344e+01
 -6.45293812e+00 1.19885383e-03 -2.97265160e-01 -5.47529156e-03 4.04726548e+01 1.36988702e+01
 2.48526898e+01 -3.97518359e-03 1.21836648e+00 -5.69501149e-04 4.42776788e+02 1.37047675e+01
 1.29562012e+01 -3.65902413e-03 1.34904087e+00 -1.32570050e-03 -1.13898982e+02 1.37025065e+01
 -1.97597865e+00 1.61733958e-04 1.27365625e+00 4.28791015e-03 1.82554659e+02 1.36994425e+01
 9.35479368e+00 1.63949666e-03 3.41151446e-01 -2.76976401e-03 -2.22670375e+01 1.37017035e+01
 -1.98560380e+01 -4.15922346e-03 -1.06418796e+00 -3.68186755e-05 -4.63933497e+02 1.36959762e+01
 -5.68632132e+00 1.42093332e-03 -1.79111602e+00 -8.87788812e-03 -9.16025712e+00 1.36989677e+01
 1.22647375e+00 1.78135888e-02 -3.34961226e-01 5.33722502e-03 -5.35800792e+02 1.37005042e+01
 1.38998210e+01 -7.12551319e-03 -8.54730047e-01 -7.43116672e-03 4.42832141e+02 1.37027784e+01
 -1.45725680e+01 7.13552226e-03 -2.47348063e-01 -9.05381077e-03 -4.30223850e+02 1.36973213e+01
 1.59635529e+01 1.17775729e-02 -8.32523550e-01 3.36730408e-03 -1.91022242e+02 1.37030631e+01
 -2.15104737e+01 1.85874934e-02 6.60082877e-01 4.77511826e-04 -1.75526912e+02 1.36955412e+01
 -1.15163437e+01 -2.01936161e-03 -1.48053103e+00 8.86773973e-03 1.13277160e+01 1.36978651e+01
 2.30976100e+01 -8.37744599e-03 3.77446432e-01 -9.95050060e-03 -1.21409108e+02 1.37042870e+01
 1.67101552e+01 1.42202079e-03 1.61235287e+00 -4.24561068e-03 2.23002835e+02 1.37035176e+01
 -2.37677391e+01 8.27361817e-03 4.91342439e-01 -4.29375219e-03 -2.26747736e+02 1.36951433e+01
 -3.16369821e+00 1.02460595e-02 -7.94904304e-01 -6.88417239e-03 -4.21744521e+02 1.36992565e+01
 5.75071555e-01 8.44852163e-04 -2.25457133e+00 6.51216543e-03 -1.92220605e+02 1.37001812e+01
 4.55548735e+00 1.22582655e-03 -1.60269080e+00 -6.41274279e-03 -3.07789306e+02 1.37005128e+01
 -7.55535802e+00 8.80629569e-03 -1.75664587e-01 -4.54647621e-03 2.09984837e+02 1.36983909e+01
 3.02551160e+00 8.00745806e-03 -3.63380428e-02 -3.43561488e-03 4.03809721e+02 1.37007123e+01
 1.93559979e+01 -4.24209865e-03 -1.15083426e+00 -3.89273906e-03 1.65138546e+02 1.37039601e+01
 -3.13525934e+01 2.41767227e-03 -9.99991330e-02 1.51688570e-03 3.86954749e+02 1.36936081e+01
 -9.06206480e+00 -1.81003532e-04 1.29110754e+00 -9.25819359e-03 1.36613896e+02 1.36981097e+01
 8.66368978e+00 4.09427165e-03 8.23333940e-01 -9.21885890e-03 -6.74639659e+00 1.37017105e+01
 8.74547187e+00 5.07624864e-03 -1.13830202e+00 -7.46007124e-03 6.02707183e+01 1.37018061e+01
 -2.18457886e+01 -6.68199444e-04 -1.52032887e+00 -4.20035331e-03 1.05625870e+02 1.36955780e+01
 3.01529346e+01 3.13816467e-04 7.56939251e-01 3.44037392e-03 -9.35157671e+01 1.37059000e+01
 -2.89341884e+01 2.79694724e-03 -1.55234083e+00 -7.29310375e-03 1.58269407e+02 1.36942769e+01
 -2.78617457e-01 8.86346317e-04 -3.46671864e-01 -4.71720542e-03 -4.65948240e+02 1.36997876e+01
 1.65909494e+01 7.73011709e-03 -5.70410044e-01 4.01679117e-03 4.21963990e+02 1.37032906e+01
 -6.27936349e+00 -1.02664191e-02 -4.91178651e-01 1.70547352e-03 -2.24508568e+02 1.36987719e+01
 1.42379626e+01 -1.07047123e-02 6.52458913e-01 -7.21772811e-03 -6.36399171e-01 1.37028590e+01
 3.28255861e+01 1.74577186e-02 -9.88526173e-01 1.94266677e-03 -1.67759117e+02 1.37064996e+01
 8.44343469e-01 3.86916554e-03 -2.20351499e+00 -2.82728119e-03 5.73755424e+01 1.37006649e+01
 -1.92602982e+00 -6.16981941e-03 -7.35519317e-01 4.07638766e-04 1.45943099e+02 1.36998569e+01
 -1.80084499e+01 -1.37470221e-03 -1.37109026e+00 5.39394712e-03 -1.81529607e+02 1.36962615e+01
 4.35736533e-01 4.08318185e-03 7.27109591e-01 -1.85329253e-03 7.89325614e+01 1.37002760e+01
 1.29687290e+01 -5.31938350e-04 -2.57213130e-01 -4.45652580e-03 -1.86882914e+02 1.37025718e+01
 1.92157253e+01 -7.62711230e-03 -1.76683729e+00 -2.25895186e-03 8.61530868e+01 1.37036901e+01
 -2.25761269e+01 8.79000870e-04 -1.01673898e-01 1.39215569e-02 1.72018279e+02 1.36954545e+01
 1.74670750e+01 6.20996341e-03 8.52257233e-01 4.36567030e-03 -1.82787592e+02 1.37036485e+01
 3.23075960e+00 1.16052172e-02 6.75538046e-01 8.49406218e-04 -1.18991529e+02 1.37006269e+01
 7.48496493e+00 -1.23057806e-06 -1.14513495e+00 4.34341124e-03 -2.05750922e+01 1.37013988e+01
 7.50615950e+00 -6.95656115e-04 -9.93568884e-02 5.84079768e-03 -4.41334777e+01 1.37013082e+01
 -1.11288232e+00 1.70668508e-03 -1.33488447e+00 2.80651503e-03 -2.84766271e+02 1.36997783e+01
 -1.17390082e+01 -2.93965154e-04 -9.67742330e-01 -1.35989156e-03 -2.42458814e+02 1.36979324e+01
 -1.67091880e+01 5.36093950e-03 -2.86726056e-02 -7.93389859e-03 2.25238591e+01 1.36969867e+01
 -1.65679065e+01 -1.35671495e-02 2.14404228e+00 -2.05975285e-03 1.47135101e+02 1.36966317e+01
 -1.87851247e+00 -2.46227596e-03 -1.04364182e+00 -5.54401189e-03 5.75923655e+01 1.36996090e+01
 -1.31080488e+01 7.38506185e-03 -5.01735171e-01 6.36809066e-03 -2.33585752e+02 1.36975234e+01
 2.63973380e+00 -4.38949604e-03 1.87398909e+00 -5.13117510e-03 -7.26716153e+02 1.37005287e+01
 -6.18398481e+00 -1.01373078e-02 -3.37788621e-01 7.28772016e-03 -1.54340865e+00 1.36989502e+01
 -7.60740693e+00 -5.77647175e-03 -3.14978922e-01 1.07820788e-03 9.05490420e+01 1.36985013e+01
 1.92197415e+01 1.20898680e-02 -1.66261316e+00 1.12971468e-02 -5.60361875e+02 1.37035475e+01
 1.14450837e+01 -2.76964610e-03 -3.89742750e-01 2.41475745e-03 -1.10067133e+01 1.37023634e+01
 2.18484109e+01 5.77056032e-03 -3.27197325e-02 -1.01937401e-02 5.27076199e+01 1.37046306e+01
 -1.20712749e+01 7.85357031e-05 1.05931965e+00 5.49239867e-03 -4.21057823e+01 1.36977463e+01
 1.51194486e+01 5.30669252e-03 1.89291653e+00 -6.88524400e-04 -1.57527240e+02 1.37032913e+01
 9.28081532e-01 2.81063446e-03 -5.45422474e-01 7.83250416e-03 5.61555432e+01 1.37003738e+01
 1.36782190e+01 -4.13829480e-03 -6.47313246e-01 7.56246762e-03 -7.06502611e+02 1.37026593e+01
 -9.59630025e-01 1.11293882e-02 4.75491065e-01 2.99207958e-03 5.14245652e+01 1.36995156e+01
 -3.35648371e+01 1.99885351e-03 9.62759656e-01 4.36573457e-03 2.48667719e+02 1.36931487e+01
 -3.33839573e+00 -1.58158178e-02 -1.00698581e+00 -4.58282315e-03 -2.43671791e+02 1.36995983e+01
 1.68726254e+01 -5.76811573e-03 1.13895960e+00 -8.33391577e-04 2.17887189e+02 1.37033381e+01
 3.82775981e+00 5.00005194e-03 7.17606984e-01 -5.98259769e-03 -4.79127364e+00 1.37004667e+01
 -1.50667078e+01 2.32178630e-03 1.70024772e+00 1.31910752e-03 1.32828820e+02 1.36964527e+01
 5.55089277e+00 -1.56307768e-02 -2.70108267e-02 1.34697168e-03 -1.58021571e+02 1.37012877e+01
 3.46180581e+00 5.49006175e-03 1.69756440e+00 -4.32026444e-04 1.29634808e+02 1.37006746e+01
 4.67531634e+00 1.81178044e-02 -4.11077160e-01 1.46000100e-03 4.92753181e+02 1.37008549e+01
 -1.60476343e+01 1.08955309e-02 -1.12774455e+00 -5.03979227e-04 -4.54664735e+02 1.36965692e+01
 3.95135653e+00 -5.50269324e-03 -2.78127327e-01 5.76991191e-04 1.53437546e+02 1.37007630e+01
 7.34134587e+00 -8.71588469e-03 5.12105227e-01 -3.68965539e-03 5.38702538e+01 1.37012029e+01
 -2.53390470e+01 1.02465887e-02 1.31150133e-01 -5.84547351e-03 -1.16835753e+02 1.36948436e+01
 4.41005388e-01 -8.83946794e-03 1.86129284e+00 4.33655307e-03 -2.27444287e+02 1.37002654e+01
 9.27208005e+00 -5.44817420e-03 1.85772246e+00 -9.24681762e-03 -4.27051512e+02 1.37016539e+01
 1.33240148e+01 3.26418761e-03 1.29391736e+00 -3.82756967e-04 -4.56021783e+02 1.37030694e+01
 1.04068074e+01 -1.33812463e-02 9.72317452e-01 1.90300003e-03 5.07983512e+01 1.37020025e+01
 -3.20870791e+00 5.57787905e-04 -1.82638586e-01 -4.03012819e-04 6.34270911e+01 1.36992899e+01
 -3.84819784e+00 -2.70762468e-03 8.72727771e-02 -3.60072991e-03 -2.63863047e+02 1.36990550e+01
 -1.41523870e+01 -6.19032479e-04 -1.06350828e+00 -2.37519827e-03 -1.11482439e+02 1.36972125e+01
 -2.18184811e+01 -8.92749379e-03 3.20094107e-01 9.36809725e-03 3.17840828e+02 1.36952994e+01
 1.95232783e+01 2.01296964e-04 2.25859304e+00 -1.04933893e-02 1.32982222e+02 1.37037964e+01
 -2.14410887e+00 -5.14966308e-03 -7.75144967e-01 -2.96606559e-04 -1.47261354e+02 1.36997454e+01
 -2.95043232e+00 1.63910459e-03 -4.25473416e-01 2.91603043e-03 2.69852567e+02 1.36995167e+01
 -9.07620189e+00 -9.62445115e-03 -7.12617112e-01 4.33314615e-03 -1.43512335e+01 1.36980814e+01
 3.14747387e+00 2.30157983e-03 -1.13435214e+00 -2.06409151e-03 -1.74826003e+02 1.37005954e+01
 6.02806695e+00 -3.09451682e-03 -8.97845048e-01 6.91796280e-03 8.70083169e+01 1.37011077e+01
 3.41375095e+01 -5.02160163e-04 3.40953353e-01 8.65481929e-03 3.24908606e+02 1.37069806e+01
 1.29073249e+01 -2.16092035e-03 -1.31372550e+00 -7.13334221e-03 -8.06154055e+01 1.37025441e+01
 8.94104548e+00 1.01281634e-02 -2.21964374e+00 -2.07137336e-03 -5.14968644e+02 1.37017421e+01
 7.48354823e+00 -9.23923791e-03 -2.66810901e+00 1.06597892e-03 -3.10977729e+02 1.37013352e+01
 3.23289624e+01 -8.44839754e-04 -3.72541241e-01 2.44635630e-03 -3.23083766e+02 1.37065091e+01
 2.62153408e+01 -6.01192403e-03 -3.13664019e+00 -4.19631050e-05 -1.50124370e+02 1.37048522e+01
 -8.48746579e+00 8.76508543e-03 2.40416817e-01 6.56529488e-03 -1.94951176e+02 1.36986029e+01
 8.63941234e+00 1.31468518e-02 1.15238815e+00 -1.07894128e-03 2.70668557e+02 1.37014306e+01
 -1.74941313e+01 1.28571986e-02 9.19467346e-01 4.54302430e-03 -1.04663524e+02 1.36962881e+01
 3.50027387e+00 -9.10954618e-03 -1.04947642e+00 7.74997503e-03 -6.22800869e+01 1.37007848e+01
 -1.94376077e+01 3.75833630e-04 -2.79611352e-01 -5.19758801e-03 -2.89702997e+02 1.36964956e+01
 -2.46518961e+01 -9.62983133e-03 -8.05400266e-01 7.50923403e-05 2.99870356e+02 1.36946017e+01
 -5.05284093e-01 6.22683613e-03 6.67698150e-01 -5.59685893e-03 2.19228220e+02 1.36999257e+01
 2.03327239e+01 7.38656060e-03 1.44990881e+00 -9.78730558e-04 5.51055681e+00 1.37039951e+01
 1.65311381e+01 -2.30814467e-03 6.78603569e-01 6.22754159e-03 4.26164749e+01 1.37033558e+01
 -1.25214820e+01 1.47804666e-02 -1.24914339e+00 7.33219354e-03 -4.33218221e+02 1.36975054e+01
 -1.90712457e+01 -3.19019072e-03 1.26481892e+00 -5.52972569e-04 -2.23913552e+02 1.36963823e+01
 3.48931446e+00 4.54380140e-03 -2.91212318e-01 -4.17827669e-03 2.57232484e+01 1.37006172e+01
 -5.28897666e+00 8.98508852e-03 -2.78873989e+00 1.80964401e-03 6.32290914e+02 1.36991485e+01
 -1.54560161e+01 -5.61712292e-03 -3.64495089e-01 9.30788458e-03 3.11309896e+02 1.36971468e+01
 -2.36845794e+01 2.93564840e-03 1.84128099e+00 3.66428671e-03 1.29669522e+02 1.36950876e+01
 1.38366522e+01 3.04398237e-03 1.11247027e-01 2.93680273e-03 2.14991302e+02 1.37026705e+01
 -1.16395086e+00 9.02331596e-04 -1.37011716e+00 1.72031669e-03 4.33125137e+02 1.36998037e+01
 5.60722553e+00 5.62255247e-04 1.54091900e+00 -3.80007327e-03 -1.35063374e+02 1.37012013e+01
 -2.97641000e+01 -3.96001418e-03 -2.16051093e+00 -6.62561299e-03 2.12542683e+01 1.36942167e+01
 5.54301616e+00 9.99468120e-04 -1.91976145e+00 1.08892651e-02 3.61267343e+02 1.37013262e+01
 2.81110964e+00 6.92698338e-03 -1.27826842e+00 -2.48126201e-03 3.01073694e+02 1.37006793e+01
 -1.76895626e+01 -1.78064405e-03 1.40020957e+00 -5.26903362e-04 -3.40880637e+02 1.36967337e+01
 -2.39774276e+01 -5.87295217e-03 -5.96088470e-01 1.01686772e-02 2.68643036e+02 1.36954189e+01
 -2.30116669e+01 6.92387856e-03 -1.80939333e-01 1.40431940e-03 3.33272417e+01 1.36954284e+01
 1.49967648e+01 4.89173959e-05 -1.22287916e+00 -7.90489003e-03 -4.73487421e+01 1.37028301e+01
 2.64085400e+00 4.65425390e-03 7.16403330e-01 -2.10720083e-03 -3.04277708e+02 1.37000198e+01
 -1.05102578e+01 5.81105079e-03 -1.50980145e+00 -8.26999230e-03 1.56628889e+02 1.36977307e+01
 -1.76613255e+01 -1.47120777e-02 -9.84264191e-01 5.85234272e-03 8.44082495e+01 1.36966506e+01
 6.88927990e+00 -4.40294907e-03 4.07964125e-01 3.93254510e-03 -5.99150076e+01 1.37013697e+01
 -7.63746093e+00 9.91084900e-04 8.93707493e-01 -6.68299873e-03 -5.31763604e+01 1.36984994e+01
 1.80290837e+01 9.40160096e-03 -8.85916607e-01 -1.38448169e-03 6.30968026e+02 1.37036569e+01
 1.03838356e+01 1.66558467e-03 1.43368510e+00 -1.54386872e-03 1.88114863e+02 1.37018261e+01
 -2.40799269e+00 -3.32304487e-03 7.17870181e-01 2.49316299e-03 -1.24862247e+02 1.36994874e+01
 1.72060032e+01 -8.13671186e-03 -4.13664008e-01 2.39926195e-03 -6.59006074e+01 1.37033783e+01
 -2.00173405e+01 3.31279642e-03 -2.49559863e+00 -1.29384545e-03 4.20903449e+02 1.36960287e+01
 -1.92833313e+01 1.48463007e-02 -5.32087752e-01 5.95355866e-03 5.48368176e+01 1.36963787e+01
 2.94399216e+01 -1.14409412e-03 1.61874633e+00 5.18319439e-04 -7.21009216e+01 1.37057624e+01
 3.01040357e-01 1.13844331e-04 -1.44422221e+00 -3.39747470e-04 -1.39854918e+01 1.37001447e+01
 1.13565725e+01 -4.21728461e-03 1.31344683e+00 1.98313541e-03 8.77021915e+01 1.37017782e+01
 -2.41688029e+01 3.41762166e-03 4.00907153e-01 -7.83999312e-03 8.65389409e+01 1.36950744e+01
 -7.04677929e-01 -1.07800498e-02 -7.15913168e-01 -8.01160980e-03 -5.64015091e+01 1.36996280e+01
 -5.96404891e+00 8.54310927e-03 2.98210693e-01 8.05115502e-03 -3.08482485e+02 1.36987864e+01
 9.71480991e+00 3.11649314e-03 -1.18124554e+00 -4.86055277e-04 -6.85195752e+01 1.37018513e+01
 9.80022363e+00 6.93238159e-04 9.75737254e-01 -5.17011012e-04 -2.73294526e+02 1.37018512e+01
 2.51248017e+01 -7.98057856e-03 2.70346550e-01 5.18036802e-03 3.18574184e+02 1.37049148e+01
 3.83444949e+00 -3.95488110e-03 1.89794308e-01 -7.53046991e-03 -3.65648142e+02 1.37006732e+01
 -2.37282618e+01 -5.93066251e-03 5.92045552e-01 -1.91109203e-03 1.49837028e+02 1.36953150e+01
 1.11702390e+01 1.18047533e-02 2.05241582e+00 -6.27076275e-03 -6.32645606e+02 1.37021175e+01
 -1.49712398e+01 8.27453707e-03 -2.26752606e+00 -3.98131999e-04 1.19073112e+01 1.36971553e+01
 1.78265301e+01 2.05528144e-03 -8.64260531e-01 -6.31923630e-03 2.26581228e+02 1.37035232e+01
 1.66813187e+01 3.68727234e-03 -6.36506028e-01 1.11470579e-02 2.11445092e+02 1.37032896e+01
 -1.02493563e+01 -2.52121064e-03 -7.37963464e-01 -1.35548080e-03 8.08063709e-01 1.36978633e+01
 2.28808798e+01 -1.86548474e-02 -5.04977060e-01 -6.50731491e-03 -3.85869249e+02 1.37044573e+01
 -1.97674056e+01 -6.72528606e-03 1.16305388e+00 -6.14499792e-03 -1.52605708e+02 1.36964179e+01
 1.29708027e+01 7.02907173e-03 2.02751917e-01 1.87074393e-03 1.63037521e+02 1.37026239e+01
 5.11535322e+00 -7.90884405e-04 1.97755677e-02 2.53810599e-03 1.74417561e+02 1.37014311e+01
 -1.21398096e+01 4.05935406e-03 2.31586635e+00 3.50600739e-03 -1.42466538e+02 1.36973734e+01
 -1.97076181e+01 -1.83543167e-02 1.17002781e+00 2.30952001e-04 2.80069662e+02 1.36961803e+01
 1.17419778e+01 -5.10843260e-03 -2.45810319e+00 2.32155078e-03 -4.92068094e+01 1.37024799e+01
 -2.14234743e+01 -2.67878926e-03 2.95686947e+00 -1.13783383e-02 -1.08382241e+02 1.36957786e+01
 2.33800719e+01 3.83481678e-03 -2.81615469e-01 -3.75061479e-03 8.29001538e+00 1.37043683e+01
 1.73304368e+01 5.73417031e-03 -2.14861553e+00 1.70266530e-03 -1.27874629e+02 1.37034108e+01
 -5.00769813e+00 4.05432875e-03 -2.00183620e-02 1.47023372e-03 -2.34260106e+02 1.36988591e+01
 6.46802294e+00 -5.81805981e-03 -8.30144106e-02 -1.85474288e-03 -2.04004138e+02 1.37013171e+01
 -8.23395939e+00 5.65197897e-03 5.60781500e-01 -7.63811836e-03 -3.74756489e+01 1.36982361e+01
 -3.08649695e+01 2.49364630e-03 -6.28224379e-01 -4.64541008e-03 2.29073419e+01 1.36938311e+01
 -3.34909225e-01 -5.57964620e-03 -5.92598049e-01 4.19538070e-03 -5.06661423e+02 1.36996785e+01
 1.18694579e+01 -6.23990998e-04 6.40894787e-01 6.75921848e-03 -1.82690430e+02 1.37025000e+01
 -2.27087025e+01 -6.24608483e-03 6.81406914e-01 -6.20922893e-03 -3.71730999e+01 1.36957055e+01
 2.08632393e+01 6.08151855e-03 1.71957486e+00 -5.81676016e-03 -3.34962816e+02 1.37038442e+01
 3.49679126e+01 3.99602659e-03 -9.12352028e-02 2.42322288e-03 1.60028978e+02 1.37069999e+01
 -1.80584873e+01 3.59058259e-04 1.13200623e+00 6.60612763e-03 -2.24768782e+01 1.36962665e+01
 -8.64039825e+00 1.41840149e-03 4.07563347e-01 5.03985831e-05 -2.40679563e+02 1.36985936e+01
 8.06091802e+00 -3.43519058e-03 5.24633491e-01 3.11410128e-03 -3.65674867e+02 1.37016838e+01
 -5.93004404e-01 -1.45669536e-02 2.29127484e+00 -1.04339351e-02 -2.21037096e+02 1.36996176e+01
 1.46133191e+00 2.38146127e-03 1.90579930e+00 -1.03485340e-02 4.00234020e+02 1.37000227e+01
 -1.75640168e+01 -1.04207639e-02 4.62681496e-01 -4.90889960e-03 1.50371499e+01 1.36965809e+01
 -1.26381543e+01 -8.79813389e-03 -6.75785718e-02 -2.02043572e-03 -3.42852968e+00 1.36974517e+01
 3.58058719e+00 -2.90019517e-03 -5.23835205e-01 2.74811343e-03 5.19220901e+02 1.37006085e+01
 -5.92924359e+00 2.02292067e-03 2.22911292e+00 -7.78735068e-03 -9.65566426e+01 1.36990502e+01
 5.71522908e-01 1.11269824e-02 2.94177484e-01 6.55071128e-03 2.31150473e+02 1.37002777e+01
 1.37836576e+01 1.52032825e-02 -9.35053760e-01 4.60248484e-03 1.12234245e+02 1.37029430e+01
 -1.24788077e+01 3.27730600e-03 4.33476503e-01 4.36246900e-03 6.99344129e+01 1.36976844e+01
 1.74726307e+01 1.32546242e-03 -2.53514272e+00 -4.42825629e-03 -2.38605421e+02 1.37034262e+01
 3.69048599e+01 1.58929604e-03 6.32962600e-02 1.48291215e-03 -4.52732152e+02 1.37072630e+01
 -3.06284819e+00 3.14421222e-03 -9.99660600e-01 4.26501432e-03 -4.40509643e+01 1.36991722e+01
 8.82271407e+00 -8.34026602e-03 1.18681751e+00 -4.35306765e-03 -9.07855757e+01 1.37017634e+01
 -2.84735006e+00 -5.76914450e-03 -6.87893008e-01 3.47440725e-03 9.58346159e+01 1.36995015e+01
 -6.07946638e+00 8.10637679e-03 -8.54768040e-01 2.30551655e-03 -1.47511587e+01 1.36990119e+01
 1.77015018e+01 -1.19428087e-02 1.12898855e+00 8.81996718e-03 4.18655088e+01 1.37034301e+01
 1.77638120e+00 -5.79135288e-03 -1.89217689e-01 4.59684700e-03 1.35713590e+02 1.37003337e+01
 -3.42104434e+00 -2.93420952e-03 -1.15282116e+00 -1.24506654e-03 5.10133888e+02 1.36994555e+01
 -1.29141892e+01 5.29742598e-03 -6.47710038e-01 -4.18919081e-03 3.70680759e+01 1.36974052e+01
 6.17688935e+00 -2.35619573e-03 -2.98717388e-01 3.43303727e-03 -1.66080036e+02 1.37015801e+01
 2.04529346e+01 7.83349775e-03 1.81880591e+00 -7.57821890e-04 -9.94792685e+01 1.37039761e+01
 -5.26509647e+00 8.24494608e-03 -4.31674843e-01 -1.39269321e-02 -2.38621257e+02 1.36988641e+01
 6.98844870e+00 -7.81152694e-03 4.96643738e-01 -3.35209858e-03 -7.98820693e+01 1.37014025e+01
 -2.82185306e+00 -1.00894341e-02 5.33713457e-01 9.13116247e-03 -4.07459041e+02 1.36993709e+01
 4.12967338e+00 -4.87020563e-04 -7.48177744e-01 -5.09161208e-03 4.05885297e+02 1.37010461e+01
 1.81021740e+01 -5.89746931e-03 2.12413223e+00 -3.60671240e-05 3.88363743e+02 1.37037319e+01
 1.42009665e+01 -4.55303796e-03 3.32945784e-01 -1.06606872e-03 1.42877545e+02 1.37027855e+01
 1.53780846e+01 -1.50467902e-03 1.05394145e+00 1.19520779e-02 -3.71440744e+02 1.37035591e+01
 2.94612870e+00 1.56643522e-03 -1.57261893e-02 -7.13342907e-03 -3.09387278e+02 1.37008914e+01
 -1.13465297e+01 6.49483843e-03 -1.98455286e+00 3.13954391e-03 2.11466805e+01 1.36979984e+01
 -5.59125769e+00 -1.52554114e-02 -2.51570086e+00 5.65109895e-04 -1.18711486e+02 1.36990909e+01
 1.55775118e+01 -5.54857261e-03 2.32692756e-01 -2.44115675e-03 2.68548119e+01 1.37030434e+01
 -5.89541193e-01 -5.22074222e-03 -1.60569692e+00 8.89416299e-03 -2.88684852e+02 1.37000158e+01
 4.70133189e+00 -7.89804435e-05 1.35091364e+00 6.45151364e-03 -2.54087914e+02 1.37009357e+01
 -5.45573432e+00 -1.31707878e-03 -3.20362014e-01 -2.34479297e-03 3.00214555e+02 1.36987312e+01
 1.38260145e+01 -1.23376759e-02 9.26447836e-01 1.32517890e-03 4.03119143e+02 1.37027337e+01
 -1.17219024e+01 2.45153188e-03 -2.14136691e+00 4.44773413e-04 6.01173397e+02 1.36973819e+01
 -5.54964107e+00 -2.90611832e-04 -1.52056572e+00 -3.07000311e-03 6.09575350e+02 1.36994534e+01
 -1.53641359e+01 -6.19357510e-03 -5.43321631e-02 5.53046690e-03 -9.13226608e+01 1.36967249e+01
 6.10056446e+00 1.61936966e-03 -7.97745823e-01 -4.45018449e-03 1.45609413e+02 1.37014076e+01
 -3.65116509e+00 7.94526060e-03 -7.59188364e-01 -1.65108188e-02 -6.88743355e+01 1.36988726e+01
 5.85992674e+00 -6.76823792e-03 1.46947861e+00 -5.19063660e-03 -1.42921624e+02 1.37012864e+01
 -1.77685264e+01 9.81073334e-03 -1.10230509e+00 7.42920024e-03 3.49632661e+02 1.36963198e+01
 -3.18812412e+00 -1.24694727e-02 6.07280013e-01 1.12955265e-03 -3.25575899e+01 1.36995197e+01
 1.45983262e+01 5.41966633e-03 4.69507818e-01 -3.23981907e-03 -1.59857599e+02 1.37026750e+01
 -5.73617641e-01 3.91786175e-03 1.40201623e-01 -6.26832794e-03 8.17382536e+02 1.37001384e+01
 2.22669654e+01 3.92717730e-04 -1.79684438e-01 3.28368158e-03 -3.75818608e+02 1.37043029e+01
 1.98826350e+01 5.47123108e-03 2.06486458e-01 -1.18195446e-03 3.05760150e+02 1.37042984e+01
 -9.21763090e+00 2.52316866e-03 1.00229599e+00 1.13979559e-02 1.13578793e+02 1.36980726e+01
 2.32934905e+01 -1.11522136e-03 -2.44033333e-01 -9.28174981e-03 3.32655713e+02 1.37046506e+01
 4.13503436e+00 1.21979054e-02 -1.03065373e-01 -1.28132030e-02 -2.17489321e+02 1.37010522e+01
 1.00278420e+01 7.88129928e-03 2.01825329e+00 9.50468858e-03 1.27647166e+02 1.37019162e+01
 -2.32434992e+01 7.12913950e-03 9.99141437e-01 -7.00011208e-03 4.09985560e+02 1.36952826e+01
 8.59884329e+00 -1.06598791e-04 5.60279687e-01 1.06490686e-02 3.86372803e+01 1.37022454e+01
 -1.57886747e+01 6.34699598e-03 1.05953020e+00 6.27255293e-04 8.38721641e+01 1.36969929e+01
 -5.72480735e+00 -4.02340802e-03 -1.18936703e+00 -4.34794988e-03 5.80624025e+01 1.36989322e+01
 3.89097739e+00 -8.77967218e-03 -8.70897221e-02 1.92903394e-03 -2.43421634e+02 1.37008235e+01
 -1.51931341e+00 -1.33067562e-03 7.79263399e-01 -6.66368585e-03 2.92997376e+02 1.37000303e+01
 3.09022457e+01 6.61580253e-04 -7.01120368e-01 7.23711128e-03 6.81441689e+01 1.37058820e+01
 -2.20936544e+01 9.69873267e-05 -4.13833156e-01 3.01389757e-03 -1.36466068e+02 1.36957419e+01
 -3.38924520e+00 9.16397840e-03 9.31703850e-01 6.28006672e-03 -2.42527558e+02 1.36996386e+01
 -5.86225889e+00 -6.29942838e-03 -1.64014077e+00 3.12086751e-03 -3.50231681e+02 1.36992008e+01
 1.22633702e+00 -1.17037769e-02 -6.99865177e-01 5.87364264e-03 2.52765321e+02 1.37003152e+01
 -2.52074961e+01 2.38982916e-03 6.18548134e-02 1.60261101e-03 1.21925809e+02 1.36950444e+01
 -7.06376580e+00 6.13956107e-03 -6.08908231e-01 4.92838032e-03 -3.74405819e+02 1.36986947e+01
 -1.65209095e+01 1.33798132e-03 9.14038278e-01 1.16791466e-02 -4.07508249e+01 1.36968895e+01
 -8.14116022e+00 5.16285056e-03 1.38574721e+00 2.20400199e-04 -1.39548371e+02 1.36985797e+01
 4.53772681e+00 5.82528932e-03 4.01784851e-01 -8.96813715e-03 2.75956756e+02 1.37008913e+01
 1.45089748e+01 -5.05097546e-03 -1.05457190e+00 -4.56402063e-03 -5.19751147e+01 1.37028969e+01
 -1.14952901e+01 -5.37528225e-03 7.13125206e-01 3.34256518e-03 1.31441848e+02 1.36979021e+01
 -1.35740578e+01 8.42192090e-03 -1.70383241e+00 -6.32153863e-03 4.61725281e+02 1.36972319e+01
 -1.77466124e+01 -2.11049837e-03 3.34638585e-01 -5.63253866e-03 -3.01914341e+02 1.36968013e+01
 -3.07365703e+01 -1.26827858e-02 1.12562409e+00 -6.39600571e-03 1.18653453e+02 1.36940210e+01
 6.70498862e+00 -4.68378901e-03 1.37101430e+00 4.44172844e-03 -2.06360325e+02 1.37015575e+01
 -1.45004322e+01 4.82038648e-03 -1.41266770e+00 -6.89195198e-03 -2.70038080e+02 1.36971126e+01
 1.36574893e+01 -5.24028605e-03 -8.71633666e-01 1.82704075e-03 6.33900968e+02 1.37026444e+01
 2.25314632e+00 -1.28337727e-02 7.58709840e-01 -3.50151382e-03 -3.48852301e+02 1.37003280e+01
 -1.36310083e+01 -1.04183213e-03 1.26963344e+00 6.78882146e-03 -3.45407557e+02 1.36976810e+01
 1.91372690e+01 1.34012824e-02 3.29394629e-01 2.49735229e-03 -3.99657902e+02 1.37039332e+01
 -8.06570877e-01 9.89530326e-04 1.22867376e+00 6.70317250e-03 -1.32618847e+02 1.36997413e+01
 2.13566579e+01 5.36818536e-03 -8.58050515e-01 -1.81766700e-04 1.88909353e+02 1.37042362e+01
 -1.41053706e+01 -9.61251836e-03 1.35807341e+00 3.19479725e-03 -2.50467219e+02 1.36972807e+01
 1.42665914e+01 3.56983378e-03 2.17595128e+00 -3.76850723e-03 -3.46736361e+01 1.37026555e+01
 -7.64526388e+00 8.30707439e-03 -3.39061359e-01 -8.53068984e-03 8.24341987e+01 1.36986304e+01
 -1.29313818e+01 1.01769028e-03 -9.53443527e-03 1.09737807e-02 -6.54791537e+00 1.36972205e+01
 1.17166369e+01 1.13330467e-02 -2.19745857e-01 -2.72754697e-03 -9.09734470e+01 1.37021577e+01
 1.21310268e+01 -6.38363620e-03 -2.35041246e+00 6.56976351e-03 2.74297821e+02 1.37025302e+01
 6.17819560e+00 2.90389164e-04 -5.36494579e-01 -4.11854963e-03 -1.30570342e+02 1.37011838e+01
 3.74405885e-01 1.70608888e-03 1.00886679e+00 5.89642849e-03 -5.49725699e+02 1.37000238e+01
 -4.76133680e+00 7.25739453e-03 -6.37851001e-01 -4.48740443e-03 -6.03982602e+01 1.36991420e+01
 2.06478097e+01 3.11152133e-03 1.53354675e+00 -3.13926397e-03 -5.59162139e+02 1.37039306e+01
 -8.42107053e+00 -8.34321274e-04 -1.62480708e-01 2.53783585e-03 -4.33844848e+02 1.36984152e+01
 1.13759833e+01 3.48225878e-03 2.24678887e-01 -8.02491129e-03 5.18756104e+02 1.37021293e+01
 2.30159299e+01 1.40992205e-02 7.43952536e-01 3.26858629e-03 -5.94456330e+02 1.37046225e+01
 1.49280106e+01 -1.89309521e-02 2.87501290e-01 -4.50449386e-03 -1.26704649e+02 1.37028609e+01
 -1.09113482e+01 1.72837133e-02 3.19394648e-01 4.33014026e-03 1.18364642e+02 1.36983277e+01
 -1.84828955e+01 -7.14628269e-03 -1.90529087e+00 5.63719419e-04 -1.48798781e+02 1.36960744e+01
 -2.56777875e+01 -6.34347370e-03 2.25651276e+00 2.78987307e-03 1.80181514e+02 1.36944788e+01
 3.47474612e+00 -7.84205067e-03 2.42019183e-02 -2.41705518e-03 -4.74419560e+01 1.37006402e+01
 1.39899833e+01 5.12629775e-03 -7.21125046e-01 -6.46503519e-04 -6.97837459e+01 1.37026541e+01
 2.29005359e+01 4.77673470e-03 3.06162738e-01 1.45417661e-02 -1.39112512e+02 1.37046347e+01
 9.99098655e+00 8.53569900e-03 9.20971622e-01 -8.43385576e-03 1.65602741e+02 1.37019541e+01
 3.92093306e+00 -4.10123228e-04 -6.11444732e-01 1.04022598e-02 -1.04072559e+02 1.37006650e+01
 3.31634755e+00 1.17589598e-03 1.08899386e+00 -1.11331696e-03 1.65494909e+02 1.37006619e+01
 1.72256412e+01 7.62177780e-03 1.62767528e+00 -1.11620816e-03 3.49204932e+02 1.37036579e+01
 1.64628762e+01 1.78609837e-03 4.49769075e-01 -3.40383540e-03 -4.46883988e+01 1.37032915e+01
 3.42705777e+00 -3.73989303e-03 6.83885318e-01 5.61936129e-04 1.25223089e+02 1.37007487e+01
 -3.04728147e+00 -5.97057601e-03 1.31884743e+00 9.47722015e-03 -8.61148723e+01 1.36993163e+01
 1.12762712e+01 -2.78029669e-03 -2.83813928e-01 -7.90508184e-03 1.00588717e+02 1.37021071e+01
 8.91453767e-01 6.98032312e-03 1.43147197e+00 -2.74898297e-03 2.39281408e+02 1.37003199e+01
 5.76576087e+00 -7.65713367e-03 5.43791493e-01 -6.66407586e-03 1.93171570e+02 1.37010216e+01
 4.95510755e+00 1.24039476e-02 -8.37792444e-01 -2.52568824e-03 3.21674116e+02 1.37010007e+01
 -1.52062115e+00 -8.42059155e-03 6.24490499e-01 -6.05098358e-03 -2.89274447e+02 1.36998802e+01
 -3.87969086e+00 1.65848125e-03 5.30731987e-01 -7.66539446e-03 -1.94132751e+02 1.36991054e+01
 7.72182177e+00 5.97033483e-03 -4.48604118e-01 -3.32970838e-03 -2.67916026e+02 1.37018377e+01
 -1.10108485e+01 -7.19418853e-03 1.04935571e+00 -6.41610397e-03 9.64614262e+01 1.36979899e+01
 3.54540304e+00 3.44455655e-03 1.60394971e+00 2.82107053e-03 -3.77340374e+01 1.37005437e+01
 -2.36436011e+01 -7.32710021e-03 -4.71958661e-01 -3.67393932e-03 -1.60251266e+02 1.36954927e+01
 -1.22037148e+01 1.84372534e-03 2.36151527e+00 5.35187880e-03 9.86158480e+01 1.36974872e+01
 -2.67368207e+01 -3.68516224e-03 1.14970847e+00 7.81627416e-04 -3.34025592e+02 1.36947787e+01
 -1.46997876e+01 -2.59522268e-03 4.86661666e-01 -8.96593352e-03 -3.61741789e+02 1.36973247e+01
 1.90837133e+01 6.64351663e-03 8.36796440e-02 -4.48193141e-03 -1.90847457e+02 1.37039854e+01
 5.71135182e+00 1.01997955e-02 1.30226681e+00 4.45725947e-03 -1.58857273e+02 1.37011312e+01
 -8.19028945e+00 -8.18980239e-03 4.31270431e-01 -9.61230107e-03 1.67701682e+02 1.36982241e+01
 -2.71131918e+00 -1.15996847e-03 -9.85588798e-01 -8.23320222e-03 -1.49275226e+02 1.36994730e+01
 2.91868175e+00 5.34912731e-03 7.38936974e-01 1.45461325e-03 -5.11693986e+02 1.37004802e+01
 1.03736837e+01 -3.08174307e-03 2.35678556e-01 -4.27950978e-03 5.60890979e+02 1.37020275e+01
 -9.62822517e+00 7.56409918e-03 -8.26332559e-01 2.40811158e-03 3.35229533e+02 1.36984484e+01
 -3.22760655e+01 -1.11348940e-02 -1.19817040e+00 -1.88445842e-03 3.79136359e+02 1.36934931e+01
 -8.29284703e-01 4.17497065e-03 1.19033497e+00 -6.45838694e-03 2.07382988e+02 1.36997306e+01
 4.21844861e+00 1.77548253e-03 1.24933796e-01 -5.36465129e-03 2.43528935e+02 1.37007780e+01
 -2.46779642e+01 1.10339394e-02 1.23659578e-01 -2.04775239e-03 1.39488141e+02 1.36951335e+01
 -1.10673435e+01 -9.72798051e-03 -4.78404154e-01 -6.21793088e-03 8.39353117e+01 1.36975724e+01
 1.64559624e+01 -2.72872600e-03 -1.27444572e+00 -4.47338236e-03 2.77592737e+02 1.37033226e+01
 -1.09102430e+01 1.13040590e-02 1.53675426e+00 -9.13360113e-03 -2.67380477e+02 1.36979042e+01
 -2.54868513e+01 9.61844307e-03 1.17486549e+00 1.30444294e-03 4.12643303e+02 1.36947567e+01
 -2.88274764e+00 -2.19616214e-02 -1.26268492e-01 5.01407936e-03 6.03409667e+02 1.36998058e+01
 -2.76035016e+00 3.69005038e-03 1.28099655e+00 -1.80089483e-04 -1.20796962e+02 1.36993597e+01
 -1.31150256e+01 -9.61947423e-03 -2.07738085e+00 -9.16350688e-04 3.74532124e+00 1.36977193e+01
 -6.78407649e+00 -6.18858925e-03 -1.17857506e+00 -1.34883387e-03 3.02834648e+02 1.36982987e+01
 -1.36838278e+00 9.44800955e-04 -2.54828416e+00 -8.45800948e-03 4.04935772e+01 1.36997762e+01
 -6.68630710e+00 -6.40980537e-03 -6.32395745e-01 -2.31740627e-03 2.27605065e+02 1.36986999e+01
 -1.34345150e+01 -7.71050409e-03 -3.54371875e-01 1.18458821e-02 5.12966468e+02 1.36975438e+01
 1.75050038e+01 2.28655271e-04 -5.11655513e-01 1.67728994e-03 2.92849454e+02 1.37033945e+01
 -6.84597542e-01 1.20102235e-02 -2.92918070e+00 2.41915241e-03 1.53952225e+02 1.37000542e+01
 1.89964614e+01 7.15210993e-04 -9.35118251e-01 2.64228437e-03 1.26099037e+02 1.37037026e+01
 3.31136584e+01 -1.69705009e-03 2.33008273e+00 -9.64802043e-03 -4.98679186e+01 1.37063263e+01
 9.84108815e+00 6.71395121e-03 -1.08095043e+00 9.56380483e-03 -9.72160367e+01 1.37018049e+01
 -1.88986546e+01 1.27508634e-02 1.06588227e+00 6.89275302e-03 2.17801658e+02 1.36960260e+01
 -5.75340238e+00 -7.90032288e-03 1.57421831e-01 -6.66550804e-03 3.58389335e+01 1.36986395e+01
 -8.59074507e+00 -6.88139714e-05 -4.08152423e-01 1.64269564e-03 1.25332907e+01 1.36979691e+01
 -8.14647895e+00 -9.87848099e-03 -1.16462156e+00 -2.40047555e-03 -3.00304317e+02 1.36981916e+01
 -1.25498182e+01 -6.81677509e-03 1.41728760e+00 -6.46846806e-03 -1.78778490e+02 1.36973943e+01
 -4.24857523e+00 -1.13024034e-02 -7.17300024e-01 -3.21049477e-03 3.76846384e+02 1.36995800e+01
 2.55237415e+01 9.58878576e-03 4.13395792e-01 -1.10580510e-02 -3.01662747e+02 1.37052639e+01
 -8.84001097e+00 2.93236532e-04 1.90145251e-01 5.69001790e-03 -4.62827025e+02 1.36981720e+01
 1.39566691e+01 -6.10330915e-03 3.73772119e-01 -7.42066654e-03 -7.78733315e+01 1.37027805e+01
 -5.64699464e+00 -6.44811492e-03 -7.53026502e-01 1.14684663e-02 -1.08018507e+02 1.36987590e+01
 8.96928026e+00 8.60605578e-04 -9.55131203e-01 -5.44366669e-03 -3.92932621e+02 1.37016395e+01
 -4.04590958e+00 -2.02220843e-03 -7.00175391e-01 -4.61726986e-03 -5.41557628e+02 1.36992916e+01
 -1.16310030e+01 1.02367803e-02 4.42767859e-02 2.69834450e-03 5.75169515e+02 1.36976980e+01
 -9.32889178e+00 -4.69843546e-03 -5.78393856e-01 -5.47375497e-03 -4.11965435e+02 1.36983160e+01
 2.26009342e+00 -7.30320430e-03 -1.75241401e+00 -1.46301826e-02 2.00511462e+02 1.37005546e+01
 -5.14984377e+00 6.89568936e-03 -8.28958688e-02 -2.63019449e-03 -2.95353534e+02 1.36986987e+01
 2.44347783e+00 7.76086721e-04 -2.99024632e+00 -3.51102375e-03 -4.27786521e+02 1.37006054e+01
 2.81112531e+01 -6.55737719e-03 1.22594822e+00 -5.73876135e-03 1.48350934e+02 1.37054671e+01
 2.53173165e+01 7.68519330e-04 5.44786721e-01 -7.86261074e-03 -1.05253957e+02 1.37049917e+01
 -2.15349344e+01 2.84336969e-03 8.48560646e-01 1.37725236e-03 3.40513299e+02 1.36957925e+01
 -1.60751580e+01 -4.73107755e-03 1.66509333e+00 4.33198312e-03 6.59788833e+01 1.36968825e+01
 2.48690971e+00 8.97016873e-03 1.67875924e+00 3.50978839e-03 6.24602679e+02 1.37003906e+01
 2.50228568e+01 -4.81202545e-03 -3.41729321e-02 -6.30165798e-03 2.88364527e+02 1.37050581e+01
 -3.75815824e+00 -3.45947542e-03 -9.64939556e-01 1.24338221e-03 1.82328971e+02 1.36994193e+01
 -3.68022641e+00 9.81721709e-03 7.87599285e-01 -1.42482301e-02 -2.09386656e+02 1.36991878e+01
 6.46466306e+00 -3.48987473e-03 6.97712807e-01 -1.50659133e-04 4.95624743e+01 1.37016092e+01
 1.74888007e+01 -5.45058857e-04 1.20769173e+00 -6.46580929e-03 -1.50826965e+02 1.37033934e+01
 1.00952317e+01 5.93723071e-03 -1.14673710e+00 9.56964622e-04 -3.34143960e+02 1.37019735e+01
 -4.31090526e+00 8.55319775e-03 -1.02860500e+00 7.15032601e-03 -1.35853322e+02 1.36989329e+01
 -1.00119520e+01 -1.89609954e-03 -9.62517004e-02 -2.58131685e-03 1.35890393e+02 1.36981398e+01
 1.18010148e+01 -5.97725428e-03 -7.86772205e-02 4.26475001e-03 -1.21315232e+02 1.37018324e+01
 -1.68049943e+01 -1.16015153e-02 -5.49969223e-02 -8.85470870e-03 -2.40343586e+02 1.36967987e+01
 3.15664835e+01 3.51698743e-03 -6.36985647e-01 8.07449702e-03 2.88486970e+02 1.37063920e+01
 3.21333698e-02 -8.75496904e-03 -2.03156646e-01 5.56577849e-03 -2.47741281e+02 1.36999792e+01
 3.06057200e+01 6.90737089e-04 2.19246954e-01 -4.99682858e-06 6.37016456e+01 1.37061299e+01
 5.15117342e+00 -3.17969271e-03 1.00952876e+00 2.56977639e-03 1.10059935e+02 1.37012104e+01
 1.55632213e+01 9.36514384e-03 -7.99320215e-02 -2.66512601e-03 -1.82799949e+02 1.37031106e+01
 -9.35364703e+00 -1.66179692e-03 -1.77652848e+00 -3.64003592e-03 1.29250970e+02 1.36979697e+01
 7.99949725e+00 -2.32588442e-03 -5.48306168e-01 2.89126090e-03 -4.05378789e+02 1.37013099e+01
 9.88144542e-01 -7.91417370e-03 1.35523541e+00 -5.98113207e-03 -2.84715117e+02 1.37000463e+01
 -2.33161591e+01 5.32142710e-03 1.53055455e+00 -5.27156138e-03 4.15236981e+02 1.36953466e+01
 -8.08441756e+00 -6.54117912e-05 -1.62571901e+00 -1.08772847e-02 -8.27716769e+01 1.36982820e+01
 -1.78613272e+01 -7.43608839e-04 1.98723567e+00 5.33460665e-03 3.44523419e+02 1.36967186e+01
 1.37720780e+01 8.52430070e-03 -6.02496270e-01 2.75499630e-03 -6.02421631e+02 1.37029820e+01
 -2.59005022e+01 -1.45199196e-02 4.09741992e-01 -4.91139845e-04 2.12041604e+02 1.36948068e+01
 -1.55089589e+01 9.30326360e-03 1.17478846e-01 2.09469464e-03 1.23129717e+02 1.36969222e+01
 1.57727222e+01 -8.68981410e-03 5.23690365e-01 -1.43220818e-03 4.64489108e+02 1.37034368e+01
 -8.11444513e+00 1.78324737e-03 -2.04896729e+00 8.12195206e-03 -2.67626887e+02 1.36987425e+01
 5.32050492e+00 -5.11092643e-04 -3.41438552e-01 1.48913314e-03 -9.07087399e+01 1.37008914e+01
 1.26435310e+01 9.10258266e-03 6.60524191e-01 -1.27680937e-03 1.75417967e+02 1.37024181e+01
 -1.45408032e+01 1.46226253e-03 2.58198334e-01 1.53041766e-03 6.83085544e+01 1.36971183e+01
 -1.09628500e+01 9.76183013e-03 4.53824269e-01 7.90178448e-03 2.00489383e+02 1.36977184e+01
 -7.78380244e+00 -2.06914499e-02 -5.66572919e-01 1.75626092e-03 -1.48773857e+02 1.36985501e+01
 1.20412282e+00 -1.26061022e-02 -2.91468917e-01 1.62255786e-04 -4.29438660e+01 1.36999366e+01
 3.24258130e+01 3.93395611e-03 -1.01209765e+00 1.29758673e-03 1.85874379e+02 1.37059739e+01
 1.11360602e+01 -3.89221558e-03 1.64527263e-02 4.22056859e-03 -2.61812678e+02 1.37024951e+01
 7.00831327e+00 3.10583849e-03 2.07688760e-01 2.08028097e-03 1.20349400e+01 1.37014524e+01
 -6.31491597e+00 4.36221653e-03 6.65202661e-01 6.03606956e-03 -1.76132551e+02 1.36987570e+01
 9.06734640e-01 -4.17071840e-03 1.26014976e+00 -9.64514178e-03 1.15195524e+02 1.37002677e+01
 8.56496003e+00 -3.28356854e-03 6.57363690e-01 5.48805275e-03 -1.40795368e+01 1.37017126e+01
 1.58819778e+01 -2.16940487e-03 -3.84402928e-01 -2.66006186e-03 5.66380426e+02 1.37033455e+01
 1.08883259e+01 -5.62217194e-03 2.52289482e-01 -8.34499250e-03 3.76465686e+02 1.37020602e+01
 8.19741002e+00 -7.25512422e-03 -2.19588577e-02 -7.62114648e-03 -3.74918331e+01 1.37015672e+01
 1.15772659e+00 2.42610781e-03 -8.89713157e-01 5.45393695e-03 -2.94743978e+02 1.37002088e+01
 -2.28230499e+01 3.01920834e-03 -7.37627249e-01 -7.14104637e-03 -1.34419011e+02 1.36954820e+01
 -1.10559181e+01 -8.79878959e-03 -3.28398211e-01 -1.20527355e-03 2.65075132e+02 1.36975697e+01
 8.89220960e+00 -7.09067875e-03 7.81887177e-01 -1.06852968e-02 -2.96010620e+02 1.37017773e+01
 -8.57594559e+00 9.93068517e-03 -1.48574987e+00 -3.31050598e-03 1.55325958e+02 1.36984918e+01
 2.95431554e+01 8.60725973e-03 -1.03493403e+00 7.86735638e-03 -1.84937200e+02 1.37056169e+01
 2.19078622e+01 8.85380383e-03 1.31027098e+00 -2.33533832e-03 1.17162406e+02 1.37042252e+01
 -4.03429904e+00 8.18055261e-03 -8.25411068e-01 4.20605401e-03 -3.18103207e+02 1.36990551e+01
 -2.21161183e+00 -1.77351767e-03 -1.56843379e-01 -2.29097635e-03 -2.84647424e+02 1.36995748e+01
 1.10518960e+01 1.57784598e-02 -7.01829382e-01 -4.66430858e-03 -1.77374370e+02 1.37023992e+01
 -7.61972195e+00 -5.91319310e-03 -5.45111469e-02 -4.68816919e-03 4.84494383e+02 1.36984271e+01
 9.32862945e+00 1.37004430e-03 1.03486040e+00 -8.05807727e-03 -2.16724335e+02 1.37017538e+01
 -8.98169140e+00 2.90785858e-03 3.49116417e-01 4.42621645e-03 -2.80723751e+02 1.36982943e+01
 9.71430043e+00 6.40204413e-03 -1.73991556e+00 -2.88976032e-03 6.63720062e+01 1.37019224e+01
 4.20000673e+00 4.59371143e-03 4.74567940e-01 -8.57897077e-03 -4.92029034e+02 1.37007705e+01
 -3.14916930e+00 -3.16794838e-03 -5.11074489e-02 1.21267517e-03 1.32654033e+02 1.36996049e+01
 1.34372348e+00 1.26009882e-02 -1.16971264e+00 -6.17248877e-04 -4.38724206e+02 1.36999864e+01
 2.09323361e+01 5.58209586e-04 -1.01218908e+00 -2.33607752e-03 1.62895266e+02 1.37037955e+01
 1.47962995e+00 1.75457375e-03 -1.09045418e+00 2.68163512e-03 -4.84222985e+01 1.37003608e+01
 -3.44172581e+01 -2.06007631e-02 -6.71423628e-01 1.69728905e-02 5.34236971e+01 1.36930822e+01
 -1.04719280e+01 1.30579754e-02 4.89495120e-01 1.34941891e-02 -4.67511883e+02 1.36979591e+01
 -8.19993891e+00 -7.25659572e-03 -1.42433100e+00 2.32975910e-04 -2.74973909e+02 1.36983825e+01
 1.15643270e+00 -3.11528863e-03 -9.20876845e-01 9.04811126e-03 2.08376331e+02 1.37001512e+01
 -1.05792100e+01 4.97973968e-03 1.96853813e+00 -5.18871982e-03 1.16173112e+02 1.36979235e+01
 1.31679965e+01 6.99372917e-03 -9.57378609e-01 -6.45147153e-03 1.05655793e+02 1.37026942e+01
 1.19404962e+01 -3.16353767e-03 1.28280739e-01 -1.44532868e-02 4.07145580e+01 1.37025617e+01
 -7.13601383e-01 1.54373672e-02 1.24794952e+00 6.08435742e-05 3.58003284e+02 1.37002224e+01
 -2.15072745e+01 -4.06931948e-03 -9.87365383e-01 -6.70364983e-03 -3.78659926e+02 1.36958595e+01
 1.62948187e+01 3.93377678e-03 1.37163412e+00 -1.60624145e-03 -2.63426998e+02 1.37035950e+01
 -1.83756158e+01 -1.21851101e-02 -4.38257717e-01 -7.21378236e-03 -3.93696700e+02 1.36961681e+01
 -3.23874450e+00 -9.55047227e-03 6.39855864e-01 -2.80826354e-03 -2.98145865e+00 1.36995067e+01
 -2.00408201e+00 -6.71856153e-03 1.97828999e+00 -6.48336912e-03 2.73673821e+02 1.36994421e+01
 6.97725645e+00 -1.15266463e-04 -9.65871777e-01 -2.68628440e-03 6.06494111e+01 1.37008806e+01
 9.60201188e+00 2.05142391e-03 -2.71677304e-01 -2.86782595e-04 -9.11411794e+01 1.37017684e+01
 -1.31728896e+01 -4.33943054e-03 3.23540234e-01 -2.92755168e-03 -1.09865639e+02 1.36974274e+01
 -1.47140016e+01 -1.62436055e-02 2.21160717e+00 8.13670679e-03 6.08177622e+02 1.36968302e+01
 -1.05861975e+01 -1.17331646e-02 -5.68865380e-01 3.17314330e-03 6.39152260e+02 1.36979915e+01
 2.73124374e+01 1.09174027e-02 -9.62968993e-01 1.58399121e-02 1.38461723e+02 1.37054473e+01
 3.90509211e+00 2.49024901e-03 -1.89360601e+00 -6.78746532e-03 -3.92339850e+02 1.37008451e+01
 8.78767199e-01 7.29452612e-03 -2.60530230e-01 4.02320602e-03 -6.36770021e+01 1.37001649e+01
 2.74027606e+01 -2.50718417e-03 -1.09009787e+00 1.84150384e-03 -2.44277181e+02 1.37056763e+01
 1.27671911e+00 -1.26019563e-02 -8.25912557e-01 -2.66345449e-03 1.81340555e+02 1.37003064e+01
 -1.91332999e+01 2.47169919e-03 -2.83833814e-02 -5.37167931e-03 6.38716697e+01 1.36961549e+01
 1.81906347e+01 -4.16632888e-03 -5.69349529e-01 2.31339209e-03 -3.75790470e+02 1.37035821e+01
 -3.79274547e+00 4.60167334e-03 8.28211877e-01 8.76020832e-04 2.01826029e+01 1.36988070e+01
 5.18140978e+00 -7.65527483e-03 -7.86645047e-01 4.15033325e-03 -5.34243460e+01 1.37010452e+01
 -1.74968600e+01 5.30969899e-03 -1.09877262e-01 -1.11937325e-03 -1.13862526e+02 1.36966038e+01
 -1.14483562e+01 -2.04051552e-03 -3.24616992e+00 -1.18939191e-02 -2.85660203e+02 1.36978085e+01
 1.59988293e+01 -9.20035175e-03 -2.22794789e+00 3.88864842e-03 4.23890384e+02 1.37031434e+01
 -4.32336733e+00 -1.42574309e-02 1.64549040e+00 -5.34158078e-03 -2.61567712e+02 1.36992436e+01
 6.59383229e+00 -6.26609167e-03 -7.86607626e-01 -9.27144035e-03 2.48666284e+01 1.37012848e+01
 -3.23929144e+01 -1.22098706e-02 1.64953307e+00 1.59545643e-03 -3.06322895e+02 1.36936931e+01
 -1.62546398e+01 6.88451085e-03 5.73448193e-02 -7.03594801e-03 6.34704186e+01 1.36965969e+01
 -1.33354205e+01 1.98749708e-04 3.99319669e-01 3.76024710e-03 -1.80531734e+02 1.36975611e+01
 1.84473316e+01 -5.76625555e-03 -8.73807265e-01 -4.22198861e-03 1.43152366e+01 1.37031834e+01
 2.64301855e+01 -3.80636028e-03 -1.82686333e+00 8.93569295e-04 -9.54411773e+01 1.37052304e+01
 1.65841628e+01 -1.06850241e-02 3.51702522e-01 5.38681436e-03 -2.99899595e+02 1.37030636e+01
 -1.93044769e+01 1.22278263e-02 -7.07054373e-01 -2.13826017e-03 4.57861013e+02 1.36962853e+01
 1.89017846e+00 1.97646137e-04 -1.27838966e+00 5.90368900e-03 1.41131137e+02 1.37003431e+01
 -1.20592244e+01 1.00677656e-02 -1.58706252e-01 -4.72757088e-03 1.40548663e+02 1.36975343e+01
 1.41906006e+01 -3.86147812e-03 -1.64471592e+00 -7.38394253e-03 -4.98019024e+00 1.37029637e+01
 3.35459847e+01 -3.90308529e-03 1.63999883e+00 -8.25598078e-04 -3.04235486e+01 1.37064634e+01
 -1.43585838e+00 -5.88841940e-03 -8.36537360e-01 -7.58762684e-03 -6.62921216e+02 1.36998174e+01
 5.91437387e+00 -5.32300176e-03 -1.93256500e+00 -1.27388927e-02 8.76970224e+02 1.37009143e+01
 1.18221149e+01 5.49165303e-03 2.02434843e-01 -5.96395744e-03 3.24314635e+02 1.37025464e+01
 -1.78830432e+01 2.55954277e-03 -1.28970095e+00 -3.87524301e-03 -1.30015071e+02 1.36964094e+01
 1.18685469e+00 6.79134031e-03 4.55169979e-01 -5.59072993e-03 -4.66679407e+02 1.37004012e+01
 -1.37700938e+01 4.31582828e-03 -1.31686682e-01 1.09200505e-03 4.20816787e+00 1.36973171e+01
 1.57437521e+01 -1.43331013e-03 -1.53964479e+00 1.08666417e-03 6.11826538e+00 1.37031285e+01
 1.33208408e+01 3.01350347e-03 -5.76246834e-01 9.41552996e-03 -1.84854579e+01 1.37025272e+01
 -4.97582871e-01 -6.21673950e-03 6.00753340e-01 -6.11757718e-03 -5.91294662e+02 1.37000332e+01
 -1.69917070e+01 1.95741636e-03 -8.50837094e-01 4.90516727e-03 -1.60657382e+02 1.36967148e+01
 -2.96617622e+00 4.38228593e-03 -5.93349811e-01 1.86960392e-03 1.45961777e+02 1.36993623e+01
 1.26303245e+01 -2.54760495e-03 2.27092047e+00 -3.97978535e-03 -1.99882662e+02 1.37024869e+01
 2.95300258e+01 9.84694085e-03 -3.53077815e-01 -6.00303797e-03 1.60110653e+02 1.37059993e+01
 3.28180201e+01 1.16723334e-03 4.39597480e-02 -9.17194431e-03 1.59081050e+02 1.37061284e+01
 -2.02463344e+01 -6.84712942e-04 6.80103573e-01 4.95683318e-03 2.88826613e+02 1.36956704e+01
 1.11007902e+01 1.34649181e-03 -1.08845365e+00 -1.26648350e-03 9.03666145e+01 1.37021134e+01
 1.82954679e+01 1.92840355e-02 -1.17626162e+00 5.13876359e-03 -1.72473192e+01 1.37040792e+01
 2.46182661e+01 1.03432998e-03 2.18624779e+00 -8.36425456e-03 -3.33689881e+02 1.37051250e+01
 6.49442825e+00 3.35043757e-03 -1.59969980e+00 -1.46474991e-03 1.95922583e+02 1.37011277e+01
 -5.62970297e+00 -6.90803968e-03 -7.31891840e-01 5.94893461e-03 1.06879977e+02 1.36989047e+01
 -1.38098421e+00 -2.67920410e-03 2.94209850e+00 -3.48189587e-04 6.46484175e+02 1.36995109e+01
 -7.55849583e-01 -4.87566725e-03 3.13028010e-02 4.78525435e-03 -1.41851281e+02 1.37001957e+01
 -8.52712856e+00 5.14332619e-03 -3.90649268e-01 -1.02246703e-02 2.63273298e+02 1.36982888e+01
 -2.10071027e+01 -3.78920038e-03 -4.76005644e-01 -1.58071778e-03 1.58658041e+02 1.36960024e+01
 1.02578448e+01 1.12377917e-02 2.33432188e-01 6.54063797e-03 -4.79684274e+02 1.37021200e+01
 -1.02308670e+01 8.31080302e-03 3.46710936e-01 6.15521051e-03 3.57232552e+01 1.36980355e+01
 2.64507669e+01 -7.95417292e-04 1.89139831e-01 -4.50694806e-03 -5.71369251e+01 1.37053301e+01
 -1.36068958e+01 -9.54081293e-03 -1.16362997e+00 1.47157255e-02 -1.25104784e+01 1.36970662e+01
 -1.55637059e+01 1.26666095e-02 9.00501490e-01 -2.23677298e-03 2.46703717e+02 1.36969145e+01
 1.90429027e-01 1.40940277e-04 2.36843692e-01 -8.04342063e-03 6.16744897e+01 1.36998042e+01
 6.27227815e+00 -6.06081123e-03 -1.01978655e+00 7.80295181e-03 9.66899077e+01 1.37013951e+01
 -3.89345866e-01 2.59670498e-03 -3.97157684e+00 5.28638200e-03 2.49763228e+02 1.36998934e+01
 -5.64340859e+00 -7.41322989e-03 1.42727254e+00 5.47589880e-05 3.26002417e+02 1.36986864e+01
 1.93417771e+01 -5.42415163e-03 -8.55810670e-01 -4.27797016e-03 -5.30813092e+01 1.37038387e+01
 6.29665799e+00 3.83401610e-03 -1.12642133e+00 5.48235123e-03 -2.91827208e+02 1.37014927e+01
 -2.43047746e+00 4.14124040e-03 -1.13230566e+00 -1.89782846e-03 4.65463718e+02 1.36995760e+01
 1.21241524e+01 -2.91149184e-03 2.40186914e-01 8.53217556e-04 2.27850598e+02 1.37027350e+01
 3.79582938e+00 5.60233202e-03 -1.06540177e+00 -9.10494435e-04 -2.10671997e+01 1.37009935e+01
 1.92968644e+01 5.01638460e-03 -1.32310723e+00 -2.49044186e-03 -1.90488115e+02 1.37041257e+01
 -3.76702107e+00 -9.47903827e-04 2.40230975e-01 1.07918238e-03 -2.53114536e+02 1.36993632e+01
 1.70408221e+01 -4.54632066e-03 -2.41557962e+00 -9.85653418e-03 -2.19982517e+01 1.37033840e+01
 2.83140261e-01 4.73027465e-03 -2.12915623e-01 -4.29320998e-03 -1.85311918e+02 1.37000425e+01
 -4.91803350e+00 -1.44600174e-02 -6.12726174e-01 -8.12970262e-03 -2.41503291e+02 1.36991323e+01
 2.79055405e+01 1.05132229e-02 -9.04465103e-01 -4.41258893e-03 -1.95923513e+00 1.37049657e+01
 2.22339207e+00 3.80844065e-03 -6.91716710e-01 2.11120825e-03 5.26128667e+02 1.37004451e+01
 6.22665449e+00 -4.05270915e-03 1.26216189e+00 8.58028552e-03 2.28823744e+02 1.37010086e+01
 3.92192014e-01 3.87291798e-03 -7.12900863e-01 6.63803715e-03 -1.83182696e+02 1.37001573e+01
 3.78494927e+01 -4.91440787e-03 -5.60091045e-01 1.94901230e-03 3.53634545e+02 1.37075959e+01
 -6.19307902e+00 1.80281058e-04 -6.22054322e-01 -1.69370430e-02 -8.44397377e+01 1.36991362e+01
 1.24078165e+01 1.61360037e-03 -3.63358881e-01 -2.10910627e-03 -1.33213718e+02 1.37022339e+01
 7.29244674e+00 -3.26558285e-04 1.96103340e+00 -5.14135915e-03 1.93201397e+01 1.37012946e+01
 -2.78670790e+01 -1.41292261e-02 -9.73660945e-01 -1.14723882e-03 -6.51123532e+01 1.36945868e+01
 1.86937845e+00 -2.57036834e-03 9.21780421e-03 4.78548262e-03 -4.34964029e+02 1.37007389e+01
 -2.44725665e+01 4.98241892e-03 -1.92216990e+00 4.35687096e-03 1.96514792e+02 1.36952891e+01
 -2.47990953e+00 -3.18917988e-03 -2.33409093e+00 3.57486116e-03 1.39328891e+02 1.36993894e+01
 -3.95527444e+01 -1.42807715e-02 -1.19636183e-01 3.42676197e-03 2.05623554e+02 1.36921620e+01
 1.61500246e+01 -4.98389546e-03 -1.10196896e+00 -5.42152870e-03 -3.24587423e+02 1.37030190e+01
 -1.29436812e+01 -5.58259998e-03 -8.58892973e-01 -6.64445790e-03 -6.29287098e+02 1.36972653e+01
 7.78038482e+00 -6.47754229e-03 -9.80479874e-01 -6.63300327e-05 -7.49266262e+01 1.37017439e+01
 2.02849684e+00 -9.64908920e-03 1.03494986e+00 6.98066251e-03 -3.60304593e+02 1.37004365e+01
 3.68166634e+00 -9.35747557e-03 -4.53747026e-01 -4.81460818e-03 1.15169203e+02 1.37006978e+01
 7.36787482e+00 1.32072191e-03 -1.02617520e-01 2.70429698e-03 1.05790561e+02 1.37013230e+01
 -1.16709726e+01 -3.03105066e-03 1.19671532e-01 8.34231687e-03 -5.14167057e+01 1.36977778e+01
 5.11691055e+00 -9.45148197e-03 1.09046042e+00 2.36231237e-03 7.60495428e+01 1.37007636e+01
 -2.00718664e+01 -1.43987301e-02 -1.01767268e+00 -1.35302815e-02 3.33473458e+02 1.36960705e+01
 -2.00529389e+01 -2.31321479e-03 -8.61097127e-02 3.43443280e-03 -1.80025461e+02 1.36962659e+01
 -6.13366975e+00 1.59798973e-03 -5.40702403e-01 8.60029929e-03 1.73214287e+02 1.36990307e+01
 -3.12501249e+00 -1.32252822e-02 -1.88211418e+00 -5.82092412e-03 5.18928897e+02 1.36993671e+01
 1.52739638e+00 2.47628156e-03 2.45963096e+00 1.37392046e-04 2.37708017e+02 1.37005559e+01
 -7.50164488e+00 7.54108462e-03 4.00038388e-01 -1.10087465e-02 2.30786813e+02 1.36982630e+01
 5.35982379e-01 1.36152901e-02 7.71567421e-01 2.16388784e-03 -5.92670422e+01 1.37001302e+01
 2.01947344e+01 6.25376877e-03 -5.54616608e-01 4.79243842e-03 -7.09947334e+02 1.37037605e+01
 -4.95891252e+00 -3.42340176e-03 -2.26702867e-01 5.26776489e-04 2.00378846e+02 1.36991793e+01
 -1.32656507e+01 -2.12724680e-03 1.54495976e+00 5.19109633e-03 -2.88181633e+02 1.36973285e+01
 -8.46909872e+00 7.79374429e-03 -1.16808470e+00 1.16093184e-04 -1.52226642e+02 1.36981036e+01
 1.59570068e+00 2.25539237e-03 8.76534380e-01 -6.04035485e-03 6.68473671e+01 1.37005466e+01
 -2.38074389e+01 1.33506587e-02 -3.30351867e-01 6.63125834e-04 -1.00054468e+01 1.36953299e+01
 1.48183211e+01 -9.65200041e-03 -6.13755932e-01 -7.97376093e-03 6.04907028e+02 1.37029173e+01
 -2.41539991e+01 9.40691963e-03 7.14457066e-01 2.90917045e-03 5.02054865e+02 1.36952235e+01
 1.78217336e+01 -1.15028282e-02 -4.69412976e-01 -3.05336902e-03 -3.53372054e+01 1.37034292e+01
 -1.04254674e+01 3.84872539e-03 5.17504053e-01 2.65713198e-03 2.02952556e+02 1.36979777e+01
 -1.92423232e+01 -2.47856410e-03 1.68884373e+00 -1.07276135e-02 2.37867503e+02 1.36962679e+01
 1.92273316e+01 -6.35852080e-03 1.48818006e+00 2.72212336e-03 -5.99258929e+02 1.37039482e+01
 4.16410956e+00 5.45771310e-03 7.77628949e-02 1.00000574e-02 -3.70157390e+02 1.37006957e+01
 -1.62049877e+01 -1.73728061e-02 -3.62520865e-02 -1.10154593e-03 -1.56543646e+02 1.36968816e+01
 -8.30857800e+00 -9.62737365e-03 -2.02589410e+00 2.55437680e-03 7.51076235e+01 1.36980829e+01
 1.13898893e+01 -4.57620645e-03 9.90004253e-01 -3.85987543e-03 6.71678408e+01 1.37023819e+01
 1.12069824e+01 -4.71622690e-03 5.71562685e-01 7.91368016e-03 7.09263884e+01 1.37021238e+01
 -2.72925996e+01 5.68249095e-03 -1.43351971e+00 1.38478821e-02 8.52925366e+01 1.36944017e+01
 -1.23885046e+01 1.66389679e-02 6.95870817e-01 -2.66571132e-03 -8.68460010e+00 1.36974569e+01
 1.02805372e+01 -6.97218738e-03 6.39110227e-01 -1.01395936e-02 -3.49785972e+02 1.37019627e+01
 -3.47537175e+00 6.94030474e-03 2.67287923e+00 5.18764112e-03 -4.33061111e+02 1.36991945e+01
 3.02318278e+00 -1.94912648e-03 -8.70897810e-01 -1.53157111e-02 1.79616170e+02 1.37008745e+01
 -1.22992393e+01 -3.58872836e-03 -3.11892659e-01 1.55065446e-02 1.26556055e+02 1.36974886e+01
 1.62280967e+01 -2.41232108e-03 -1.54793058e+00 -4.08631921e-03 -5.75489596e+02 1.37034662e+01
 -1.02251002e+01 1.16008381e-03 -5.61074624e-01 -5.78324330e-03 2.06314643e+02 1.36979082e+01
 3.14583586e+01 -6.35092729e-03 2.66104601e-01 3.57939501e-03 7.85313343e+01 1.37062412e+01
 1.45923380e+01 -8.40302994e-04 -9.36205600e-01 3.73506037e-03 -6.04301251e+01 1.37028195e+01
 -4.47892978e+00 5.85910659e-03 1.28605599e+00 7.10964565e-03 -1.48686075e+02 1.36990560e+01
 -1.69855477e+01 5.71974774e-03 -1.17191458e+00 -9.36921390e-04 -5.48246853e+02 1.36965327e+01
 -2.62663198e+01 4.39112798e-03 -3.04001792e-01 -3.39595341e-04 1.59078251e+02 1.36949644e+01
 2.20225512e+01 -4.82189205e-03 -1.05509692e+00 -5.63433970e-03 -5.30408206e+01 1.37044269e+01
 -1.32661340e+01 -6.47787158e-03 1.01242932e+00 -9.39642438e-03 -2.41161180e+02 1.36971151e+01
 7.59380346e+00 3.94202921e-03 8.46498371e-02 5.54650359e-03 -8.88542244e+00 1.37014702e+01
 -1.01686867e+01 -4.61481750e-03 7.86326203e-01 -2.33353701e-03 4.80058305e+02 1.36978002e+01
 1.10804454e+01 -9.00008738e-03 -1.10353366e+00 -3.58588794e-03 -2.42400807e+01 1.37023107e+01
 -1.53002396e+01 4.18175982e-03 1.01063301e+00 -4.77151100e-03 -5.47916534e+00 1.36968091e+01
 5.09695587e+00 -3.92000610e-03 -1.87139234e-01 -3.43690986e-03 -4.21159799e+02 1.37007326e+01
 5.95784081e+00 -6.32973860e-03 2.16208802e+00 5.31961048e-03 -4.52649105e+02 1.37010030e+01
 -5.92912564e+00 -2.30314788e-03 3.16916199e-02 -3.97569991e-03 6.89328230e+01 1.36986467e+01
 6.64124222e+00 -6.24442245e-03 -1.47204057e+00 -5.94648427e-03 2.35545457e+02 1.37011637e+01
 -3.04104193e+01 8.71186385e-04 -1.31725840e+00 5.60455734e-03 1.26752235e+01 1.36942586e+01
 2.79120808e+00 -1.00390307e-02 -1.68213204e+00 -7.42804966e-03 9.76016390e+01 1.37004250e+01
 1.40123179e+01 -1.22649445e-02 5.85960674e-01 2.91411429e-03 4.13176245e+02 1.37026915e+01
 1.67291048e+01 1.32313790e-02 -8.76569252e-03 -1.16153900e-02 1.58387956e+02 1.37031669e+01
 -1.45812772e+01 5.37199819e-03 1.19033737e-01 -7.96487133e-03 6.00814171e+01 1.36970485e+01
 1.31580929e+01 -6.22933233e-03 -1.59884849e+00 -9.02901048e-03 -1.10975999e+02 1.37028435e+01
 2.61322684e+00 -8.37372849e-03 -6.73308454e-01 2.19798775e-03 -6.09565815e+02 1.37003161e+01
 7.27673634e+00 -3.42823115e-03 1.53602037e+00 -2.57058598e-03 -3.98796224e+02 1.37011840e+01
 7.63496074e+00 1.15100766e-02 1.49219801e-01 8.48078292e-03 3.40516973e+02 1.37016449e+01
 -2.02773776e+01 -4.52942456e-03 2.47407566e+00 9.72821643e-04 -9.35061498e+01 1.36962673e+01
 -2.05112477e+00 -1.58013733e-02 -5.43374818e-01 9.03519473e-04 7.32792054e+01 1.36998111e+01
 -5.82927577e+00 4.03751580e-03 -4.87737571e-01 -4.31690082e-03 3.02323475e+02 1.36991694e+01
 1.25545412e+01 6.76390923e-03 -6.00375849e-01 -4.76800621e-03 3.84979962e+02 1.37024573e+01
 -5.10026495e+00 8.19184535e-03 -1.58952820e+00 2.27479296e-03 1.72134150e+02 1.36991195e+01
 7.37337796e+00 5.93025552e-03 -5.47296150e-01 3.78255431e-03 1.23468878e+02 1.37015301e+01
 1.47155290e+01 3.83720630e-04 1.22801447e-01 8.42763131e-05 1.82390255e+02 1.37031044e+01
 3.18480417e+01 -5.55595564e-03 1.13358546e+00 -2.35026717e-04 -6.04651731e+02 1.37063385e+01
 3.49948250e+01 4.48072821e-03 -1.08907509e+00 -1.72148411e-03 -5.48246898e+02 1.37069553e+01
 -1.91851421e+00 -1.33083726e-02 2.55497984e+00 -5.72785773e-03 -1.10414882e+02 1.36995614e+01
 -8.78870232e+00 -7.29506130e-03 4.83454600e-01 5.63448281e-03 -6.05655885e+00 1.36981852e+01
 -1.39312956e+01 1.09481564e-02 2.29367062e+00 -9.61056057e-03 7.83378111e+00 1.36973397e+01
 1.73102194e+01 -1.47240704e-03 9.89890099e-01 2.15079255e-03 1.72926457e+02 1.37035682e+01
 1.19154633e+01 -9.68064793e-04 4.16820432e-01 -1.99256130e-03 3.92232513e+00 1.37020857e+01
 -2.29807582e+00 -9.29321034e-03 2.35363975e-01 2.55923864e-03 5.93858119e+01 1.36996280e+01
 5.52877499e+00 -1.46894721e-02 5.91132873e-01 5.23745814e-03 -3.59507776e+02 1.37012687e+01
 1.03924796e+01 -9.54367640e-04 6.61979154e-01 5.51008797e-03 -2.35262581e+02 1.37019493e+01
 -6.96572264e+00 6.56256268e-05 1.15535059e+00 2.75793818e-03 -2.58273706e+02 1.36986629e+01
 2.87514470e+00 -9.86723778e-04 -8.97897619e-01 1.61595109e-03 -1.78861906e+02 1.37006076e+01
 3.39437433e+01 -5.51260234e-03 9.65884237e-01 3.84501821e-03 2.97818695e+02 1.37068722e+01
 -4.51899534e+00 2.50958077e-03 1.20824631e+00 -5.39506520e-03 -2.53274938e+01 1.36986747e+01
 4.62054925e+00 -8.26394335e-03 2.33851303e+00 9.23065429e-03 1.07528659e+02 1.37008071e+01
 5.27322454e+00 -7.34517143e-03 1.43244112e+00 4.92064140e-03 2.21029813e+01 1.37009906e+01
 8.10206313e+00 -5.60882336e-04 -1.21669775e-01 7.01724881e-03 -5.61356773e+00 1.37015566e+01
 -3.57911098e-01 8.29931624e-03 -5.67966460e-01 -4.65694727e-03 1.38509318e+02 1.36997662e+01
 -6.20171447e+00 -5.66955677e-03 -5.14874089e-01 -6.08255604e-03 -2.08508452e+01 1.36986298e+01
 6.86259788e+00 -5.38420166e-03 -2.31039315e+00 -6.36055158e-03 2.24054461e+02 1.37011667e+01
 -4.91007871e+00 1.22767683e-02 -2.95534532e-01 -1.02089615e-02 9.47971087e+01 1.36992697e+01
 1.40076847e+01 8.69775243e-04 5.59206857e-01 5.51117306e-07 -4.00720747e+02 1.37025694e+01
 -2.04873026e+01 4.29827239e-03 -7.90942841e-01 9.20587157e-03 4.63343824e+02 1.36959802e+01
 -2.97862561e+00 1.59165803e-02 1.53964748e+00 -1.14601748e-02 -2.05388322e+02 1.36995837e+01
 -1.06308534e+00 -1.23111355e-04 4.75328051e-01 -4.88290293e-03 -3.22996029e+02 1.36997873e+01
 1.41802333e+01 -2.18567035e-03 5.18364115e-01 4.31353117e-03 -4.04847658e+01 1.37026051e+01
 9.28091994e+00 9.30302686e-04 1.81165917e+00 -5.30145996e-03 -3.09112511e+02 1.37015753e+01
 -5.12242654e-01 -1.39319745e-03 -1.72453607e+00 2.12299089e-03 2.85746411e+02 1.37002297e+01
 -1.30583625e+00 4.66732295e-04 -1.29375297e+00 -3.51125600e-04 5.31993578e+01 1.36998584e+01
 -1.06550782e+01 4.49528803e-04 7.77455685e-01 3.85987357e-03 -3.90727077e+02 1.36978379e+01
 -7.05563283e+00 2.55118187e-03 -3.69024958e-01 -5.55823374e-05 2.99448240e+02 1.36986510e+01
 -1.48993662e+00 3.21319467e-03 1.31528809e+00 -6.02731007e-03 -1.75763566e+02 1.36994073e+01
 -8.08053682e+00 3.82487576e-03 -1.08347965e-01 -2.91871108e-03 4.18561722e+01 1.36983501e+01
 -5.78895311e+00 -1.00098252e-02 1.37336845e+00 4.38821978e-03 -5.25367907e+01 1.36989421e+01
 2.91657060e+01 1.02743196e-03 7.25358557e-01 -9.69429674e-03 -2.95189587e+02 1.37056555e+01
 -8.81965534e+00 -4.97471910e-03 -1.00509665e+00 -7.06534314e-03 -2.68478477e+02 1.36980340e+01
 4.23070810e+00 -9.37099505e-04 4.13571864e-02 -3.31389960e-03 -4.42505801e+02 1.37008674e+01
 -2.09520680e+01 -7.28545505e-03 -5.53246726e-01 1.37150995e-03 -1.66143362e+02 1.36958297e+01
 1.20185357e+01 -6.46744721e-03 -4.41513067e-01 1.25364776e-03 -3.97430962e+01 1.37025295e+01
 8.69158106e+00 -1.93352788e-03 -2.47321950e+00 5.25062644e-03 -4.54093921e+02 1.37017574e+01
 3.13133456e+00 7.25201462e-03 -8.17553096e-01 -6.94299554e-03 4.82128377e+01 1.37005284e+01
 -1.30016464e+01 -1.20745966e-02 5.07807830e-01 3.91076669e-04 -2.10342367e+02 1.36977017e+01
 5.22660171e+00 -2.64562617e-03 1.94859076e+00 8.13625984e-03 8.04566118e+01 1.37007372e+01
 -4.99198131e+00 6.35371141e-03 2.62785594e-01 7.91445270e-03 1.94729841e+02 1.36988337e+01
 1.01526125e+01 -1.04992918e-02 1.07556400e+00 5.22010874e-03 7.42116361e+01 1.37017956e+01
 5.08036064e+00 6.90710632e-03 3.18162681e-01 -1.47951764e-03 -1.05325479e+02 1.37009987e+01
 -8.00075988e-01 4.46425287e-03 7.43227263e-02 -2.75742931e-03 -3.79537554e+02 1.36998574e+01
 2.16335212e+00 3.45282512e-03 7.54266331e-01 -8.81772813e-03 -1.38459396e+02 1.37008145e+01
 5.49412818e+00 2.76798785e-03 3.63222893e-02 -5.95046796e-03 -1.14661234e+02 1.37007976e+01
 -1.36998092e+01 3.54764024e-03 1.56429196e+00 -2.01016635e-04 4.52640280e+01 1.36973863e+01
 -1.58316041e+01 4.25707325e-03 -2.59831415e-01 -4.79034442e-03 3.99385184e+02 1.36966369e+01
 -1.96298126e+01 1.95933455e-03 3.51454067e-01 3.73903449e-03 2.18160937e+02 1.36959454e+01
 2.81972969e-01 -4.08342599e-03 6.71929421e-01 -4.73168660e-03 1.30331623e+02 1.37000669e+01
 8.70557007e+00 2.12073120e-03 1.61823139e+00 -6.14656711e-04 2.51566786e+00 1.37013510e+01
 1.28313623e+01 1.53449055e-03 3.68018446e-02 4.84548404e-03 -4.59317163e+02 1.37023593e+01
 1.17584162e+00 1.56718884e-02 4.35958587e-01 -6.66831805e-03 -4.42435946e+01 1.36999899e+01
 8.74154506e+00 6.55011240e-05 -4.03729290e-01 -1.16229491e-02 -3.54964654e+02 1.37017495e+01
 2.17607326e+01 6.51349067e-04 9.76631040e-01 3.41536805e-03 -2.86403695e+02 1.37041350e+01
 8.98522736e+00 -4.35745324e-03 -1.21770000e+00 4.76364899e-05 -1.25018407e+02 1.37016770e+01
 1.69326510e+01 -1.06280857e-02 -4.58915898e-01 8.26698479e-03 1.55140617e+02 1.37033373e+01
 -2.38064648e+01 7.32982529e-03 2.82244324e-01 -1.14126121e-02 -1.23411209e+02 1.36954600e+01
 1.63112652e+01 -1.13008751e-02 3.26901407e+00 4.60371781e-03 6.51139012e+02 1.37029146e+01
 2.76270000e+00 9.88744119e-04 2.16882201e+00 1.18801147e-03 1.14862081e+02 1.37010956e+01
 2.11404277e+01 -7.08889809e-03 1.12453288e+00 -5.81030515e-03 3.33693711e+02 1.37041445e+01
 9.71292742e+00 -2.33321408e-03 3.11002712e-01 2.60701058e-03 4.24123473e+02 1.37018549e+01
 1.28167298e+01 -6.02741962e-03 5.04203441e-01 -7.11078899e-03 2.18184853e+02 1.37028715e+01
 9.80736109e-03 3.91101760e-03 9.43786306e-01 3.45248561e-03 -3.25283405e+02 1.36998576e+01
 8.09250583e+00 7.36349260e-04 6.48847824e-01 -9.33019206e-03 6.39548533e+01 1.37015945e+01
 1.79467038e+00 5.74438960e-03 3.05811312e-01 -1.16908009e-03 4.52303529e+02 1.37003734e+01
 -5.47714097e+00 -5.49566320e-03 -1.50923204e-01 -8.32192459e-03 -1.68210414e+02 1.36989279e+01
 1.00490884e+01 -6.69420968e-03 -2.08732693e-01 -1.72983383e-03 4.79359524e+02 1.37020823e+01
 -3.66804398e+01 4.91895594e-03 1.41780809e+00 -6.00271061e-04 2.83557322e+02 1.36927895e+01
 -5.90954747e+00 -1.16321290e-02 7.57828887e-01 -3.95123259e-03 1.44751563e+02 1.36990006e+01
 1.72547796e+01 -2.00516944e-03 -8.16027266e-01 3.59699447e-03 5.29492495e+02 1.37034366e+01
 7.16879720e+00 9.47877888e-03 -1.04836274e+00 -6.28025114e-03 -1.77837353e+02 1.37014315e+01
 -2.69545783e+01 -9.73656483e-05 5.18581611e-01 -1.12657431e-03 1.92036430e+02 1.36949313e+01
 -3.25838877e+00 3.87314487e-03 -5.42065413e-01 3.86866435e-03 2.07616669e+02 1.36993295e+01
 5.06421822e-01 1.19251225e-03 4.00654102e-02 -4.97340715e-04 3.19276369e+01 1.37005892e+01
 -8.14143849e+00 -6.88706626e-03 2.28397728e-02 -2.94846312e-03 -1.43083550e+02 1.36983021e+01
 9.50132965e+00 -1.11871980e-02 -2.06211773e+00 2.19952756e-03 -2.42231453e+02 1.37016397e+01
 -2.02126998e+01 -1.31604027e-02 4.24409868e-01 1.46086611e-03 -2.98702719e+02 1.36959268e+01
 -4.74996892e+00 -7.22663983e-03 -7.01848187e-02 1.00754564e-03 3.17193194e+02 1.36988482e+01
 7.58152338e+00 5.06134748e-03 3.96976822e-01 -1.67188092e-03 8.02091478e+01 1.37014658e+01
 2.59794760e+01 -6.41998861e-03 -7.54468633e-01 -4.26076602e-03 5.21061523e+01 1.37051153e+01
 2.06621959e+00 1.06796595e-02 6.97923066e-01 7.74545141e-03 1.49938836e+01 1.37003332e+01
 1.33992830e+01 -2.60735881e-03 -7.16577912e-01 -1.82964477e-03 -3.58598437e+02 1.37026167e+01
 5.37494349e+00 -2.89944152e-03 5.39496634e-01 3.69485320e-03 3.76346959e+01 1.37010250e+01
 -1.40502733e+01 -7.47610324e-03 -1.56033859e-01 1.19564712e-02 -3.83506403e+01 1.36971779e+01
 -3.63654647e+00 -1.04536886e-02 5.12409462e-01 2.39228013e-03 2.36304255e+02 1.36993387e+01
 -9.17771610e+00 -9.94863381e-03 -1.30871573e+00 6.24096381e-03 -2.92181229e+00 1.36981550e+01
 7.05086361e+00 2.89080459e-03 4.28722059e-02 9.41682381e-03 3.00624200e+02 1.37011649e+01
 9.26984571e+00 -1.80913610e-03 9.79258760e-01 -4.60128832e-03 1.36556044e+02 1.37017431e+01
 1.28175082e+01 8.61468679e-03 -4.10804303e-01 6.67898879e-03 -3.34945898e+02 1.37021876e+01
 2.27146070e+01 5.20651048e-03 1.34252504e+00 -7.71825468e-03 2.55720726e+02 1.37048357e+01
 -5.69122347e+00 7.92293153e-04 3.88079892e-01 -9.26737563e-04 -5.49543277e+00 1.36987842e+01
 2.21140648e+00 2.33903245e-04 1.00531831e+00 3.17105438e-03 1.54206119e+02 1.37006047e+01
 6.23104515e+00 4.11192337e-03 -2.00971230e+00 8.38981675e-04 5.07824254e+01 1.37013195e+01
 -1.23086433e+00 1.04006203e-02 8.78385254e-01 -2.27964938e-03 1.32748071e+02 1.36997014e+01
 -2.10971961e+01 4.68348766e-03 -5.33430887e-02 1.29856461e-03 4.65611813e+02 1.36955614e+01
 -1.39951033e+00 -2.41913741e-03 -9.57574188e-01 4.53643816e-03 -9.42485723e+01 1.37001347e+01
 -2.80451428e+00 2.92339004e-03 1.91250319e+00 4.81662024e-03 1.27355386e+02 1.36995097e+01
 9.27801363e-01 -4.38265659e-03 -1.88816132e-01 -9.58700197e-03 2.34977822e+02 1.36998760e+01
 -1.31903842e+01 -7.27177315e-03 -9.17641671e-01 5.08753742e-03 -1.71798991e+02 1.36973372e+01
 2.15183019e+01 6.34756620e-03 -2.53060567e+00 9.96785113e-03 1.34508130e+02 1.37043569e+01
 1.01627579e+01 9.79518529e-03 -1.33346336e+00 1.24748252e-03 8.85181140e+01 1.37017182e+01
 -1.84425601e+01 -4.83048858e-03 1.16448205e+00 -9.84213376e-03 -1.41396080e+02 1.36963909e+01
 1.02405519e+01 1.31541542e-02 8.37570227e-01 -1.99257881e-03 -4.30361867e+02 1.37019236e+01
 -1.02283975e+01 -1.36466939e-02 -4.09055659e-01 8.64152849e-03 -4.54328074e+01 1.36979183e+01
 -1.76513571e+01 -1.57340439e-03 -9.40201379e-01 6.95877385e-03 -2.10012379e+02 1.36962862e+01
 -1.29004240e-02 -1.22177509e-02 -1.08430233e+00 7.34848244e-03 1.44045703e+02 1.36998910e+01
 -2.59096709e+01 1.93783643e-03 4.42402889e-01 5.40099408e-03 2.36435710e+02 1.36947747e+01
 -1.14283039e+01 -5.22852465e-03 -5.14120251e-01 -6.44335073e-03 3.05597945e+02 1.36977320e+01
 -3.96154665e+00 -4.16484369e-04 -5.58337339e-02 -4.97674762e-03 -1.25306887e+02 1.36992552e+01
 4.46909619e+00 2.22419345e-03 2.01174802e+00 -1.78842297e-03 1.98575844e+01 1.37010502e+01
 6.88770081e+00 -2.26030124e-03 1.28931843e+00 -1.39750539e-03 -6.44573899e+01 1.37013579e+01
 -4.55808383e+00 -5.85304426e-03 -4.36343811e-01 7.72569817e-03 2.70939880e+02 1.36988507e+01
 2.34560365e+00 -6.35728044e-03 -1.22948191e-01 -2.17479784e-03 -2.72038602e+02 1.37004516e+01
 9.50582731e+00 4.51016093e-03 -8.04769560e-01 -1.68790460e-03 3.21053424e+02 1.37016674e+01
 7.11031811e+00 -8.21290107e-03 1.17686512e+00 1.83871882e-03 9.29601499e+01 1.37014089e+01
 -1.94346452e+00 -5.27950539e-03 -5.32754349e-01 9.25408442e-03 -2.71643927e+02 1.36997501e+01
 1.48534196e+01 7.99110280e-04 -1.24531035e+00 -3.81411483e-03 -4.40963176e+02 1.37026210e+01
 -3.95513242e+00 6.18859611e-03 -1.23798472e+00 -4.69370819e-03 -9.79331308e+01 1.36988107e+01
 4.49119131e+00 5.69977511e-03 8.04333933e-01 -4.89242151e-03 1.08013544e+02 1.37008530e+01
 -9.05739707e+00 -9.90258128e-03 -4.62280089e-01 1.48817283e-04 -6.05139376e+02 1.36982103e+01
 6.08405908e+00 8.39080682e-03 -2.06316341e-01 8.75265239e-03 2.09311649e+02 1.37012418e+01
 -6.93841194e+00 -5.53610676e-03 -1.48277288e+00 7.32783059e-04 8.86615167e+01 1.36987106e+01
 -8.90168476e-01 6.49053961e-03 -2.98142083e-01 -1.41388483e-02 -2.21286090e+02 1.36999896e+01
 -1.72919563e+01 6.19313227e-03 2.45506484e-01 -2.30565687e-03 -2.90830815e+02 1.36968344e+01
 5.38820808e+00 -8.34033953e-03 -4.89373313e-01 -5.90489201e-03 -5.44696912e+01 1.37010998e+01
 1.07747966e+01 4.35066335e-03 9.41001896e-01 5.72170261e-03 -1.62950414e+02 1.37022568e+01
 -2.70981892e+00 -7.04273391e-03 6.48290314e-01 -1.01291230e-03 -1.40079727e+02 1.36995439e+01
 4.91114399e+00 3.78107540e-03 5.52970607e-01 -1.37962651e-04 -3.39190799e+01 1.37006085e+01
 -1.39885265e+01 1.64849740e-03 -7.16376105e-01 2.31006862e-03 2.09430599e+02 1.36973535e+01
 1.65052975e+00 -3.07454592e-03 -3.14367862e-01 -4.34046284e-03 4.72390251e+01 1.37002460e+01
 1.17066006e+01 -3.73737334e-03 1.33260506e+00 -1.54323032e-03 -1.75388178e+01 1.37023345e+01
 2.06197251e+01 -3.34938172e-03 -6.96364357e-01 7.94030994e-04 4.56563758e+02 1.37037503e+01
 2.92145208e+00 -2.91848524e-03 -6.77485066e-01 -2.83206283e-03 -2.01122320e+02 1.37005403e+01
 -1.33589123e+01 -2.52310006e-03 -3.27708460e+00 2.50071551e-03 7.06246945e+02 1.36976179e+01
 1.82278422e+01 3.56626326e-03 -1.61478085e+00 2.26473639e-03 -3.11465124e+02 1.37037165e+01
 -5.94757533e-01 5.92750867e-04 2.61930239e-01 -8.24616654e-03 -2.29489103e+02 1.36998941e+01
 2.89642361e+00 5.14955728e-03 -1.39918512e+00 3.56933935e-03 6.12003741e+02 1.37008322e+01
 -9.24755958e+00 -2.80651666e-03 -9.38449100e-01 4.90445226e-03 -2.68455769e+02 1.36980340e+01
 -5.54287969e-01 -2.24593348e-03 -2.09004524e+00 1.59257965e-03 -3.12825089e+02 1.36997383e+01
 -1.42748969e+01 1.20223050e-02 -2.23266713e-01 1.24086772e-02 -1.37741589e+02 1.36967933e+01
 2.67128712e+00 5.80922663e-04 -1.35536137e+00 -1.30939292e-04 -6.68003653e+02 1.37005482e+01
 -3.39333618e+01 7.73591565e-04 8.04846086e-01 -2.23354473e-05 -8.93423021e+01 1.36933263e+01
 1.30109581e+01 -3.05696001e-03 5.02039189e-01 -7.95586566e-03 4.81551466e+02 1.37027426e+01
 -1.55480329e+01 -1.83459025e-03 3.35728130e-01 8.57490547e-03 8.41696449e+01 1.36969687e+01
 4.18701711e+00 5.43336692e-03 3.57215353e-01 3.42242889e-03 -4.22994053e+01 1.37009105e+01
 1.10463938e+01 1.03818705e-02 1.65876316e+00 1.21593691e-03 -6.20527352e+01 1.37020592e+01
 -5.26004719e+00 5.95071883e-03 3.04130733e-01 8.00551706e-03 5.92224474e+02 1.36989340e+01
 -6.27842988e+00 1.60309460e-03 3.61668105e-01 2.48778877e-03 -1.00491822e+01 1.36985788e+01
 1.72536930e+01 5.07774159e-03 6.11009740e-01 7.31540795e-03 -7.32662399e+01 1.37032245e+01
 -2.08467399e+01 3.47187592e-04 6.86123276e-01 -1.99202140e-03 1.39710877e+02 1.36958792e+01
 -6.19566670e+00 -6.65694954e-04 -6.28804106e-01 4.29418014e-03 3.24200723e+02 1.36987504e+01
 -1.53664530e+01 6.04518636e-03 -2.47960490e-01 8.45216474e-03 4.62443296e+02 1.36973050e+01
 6.47425336e+00 5.59350854e-03 1.96135170e+00 1.32446496e-03 2.10538186e+02 1.37012266e+01
 -7.63529085e+00 1.98171817e-03 -2.30788846e-01 -4.68646042e-03 8.45396059e+01 1.36981660e+01
 -6.45806424e+00 -3.95542806e-03 1.04953348e+00 -3.94889579e-03 -9.12026480e+01 1.36983861e+01
 2.14599775e+01 7.48890437e-04 1.86444004e+00 6.72879681e-03 -1.88890677e+02 1.37041214e+01
 -1.99740665e+00 -2.59024411e-03 1.48678468e+00 4.64723074e-03 1.42157863e+02 1.36997246e+01
 -1.57882290e+01 -2.01652734e-03 -7.05952387e-01 -7.26900321e-03 2.34758696e+02 1.36967800e+01
 1.42543755e+01 2.69857115e-03 -1.16775396e+00 -1.37617038e-03 1.29363371e+02 1.37030979e+01
 3.83272535e+00 -1.85935812e-02 -5.49221762e-01 2.62540416e-03 6.22052941e+02 1.37006372e+01
 2.28419421e+00 8.71016393e-03 4.60952308e-01 -8.00694251e-03 3.96693618e+02 1.37001629e+01
 1.35543122e+01 5.24739545e-03 -7.50867106e-01 -2.16419032e-03 -1.59838682e+02 1.37027997e+01
 -2.35482810e+01 -1.20271928e-02 1.65925035e+00 1.69349595e-03 -9.37392432e+01 1.36953678e+01
 3.62383780e+00 -7.71641610e-03 -1.31355871e+00 -2.17919280e-03 5.06063569e+01 1.37007479e+01
 -1.42930223e+01 -4.40319712e-03 -1.21256424e+00 2.32699869e-03 -3.04175825e+02 1.36969891e+01
 1.62222163e+01 1.03545140e-02 5.42733063e-01 -1.81338564e-03 -1.34856230e+02 1.37028517e+01
 -1.29814683e+00 9.54887892e-03 -4.06333388e-01 -7.91042213e-04 2.52338649e+01 1.37000044e+01
 1.08854157e+01 -6.02220158e-03 2.91360836e+00 9.21753018e-03 -5.80343110e+00 1.37018868e+01
 -5.37242622e+00 2.80535958e-03 -9.76563136e-01 3.25360152e-03 -3.25675531e+01 1.36987183e+01
 1.55646853e+01 1.85290416e-03 -4.56026731e-01 5.47969777e-03 2.36243480e+02 1.37029792e+01
 1.46417681e+01 -1.14495409e-02 1.58647705e+00 2.84084118e-03 5.74032579e+02 1.37027322e+01
 1.04166284e+01 -6.65515795e-03 4.49502288e-01 -4.14502246e-04 1.13940098e+02 1.37020999e+01
 -7.20479329e+00 5.31282475e-03 1.78797282e-01 2.06615852e-03 -2.32770087e+02 1.36984240e+01
 2.64472635e+01 1.46031292e-02 -3.63467370e-01 2.37206691e-05 6.87607112e+00 1.37049906e+01
 1.20833427e+01 9.42590046e-04 -2.34567862e-02 6.23751153e-03 1.98061219e+02 1.37023539e+01
 -1.59321363e+01 -1.35043774e-03 -5.71345781e-01 -9.03296567e-03 2.92726088e+02 1.36967634e+01
 3.26805327e+01 1.23280110e-04 -6.76438791e-01 -2.83754226e-04 -1.95086575e+01 1.37063106e+01
 -6.42060052e+00 -1.11154277e-02 9.74741059e-02 -6.23614981e-03 5.69541865e+00 1.36989084e+01
 2.67612753e+00 -6.53948360e-03 -1.65486776e+00 8.17029081e-03 -1.07285116e+02 1.37003465e+01
 3.97710931e-01 1.44635687e-02 1.28048093e+00 -5.62959365e-03 1.21080604e+02 1.37001709e+01
 -2.06324195e+01 7.62295120e-03 -1.13358254e+00 -1.28916678e-05 3.50711423e+02 1.36953602e+01
 -1.89258529e+00 -1.20133367e-02 4.55483884e-01 8.47398799e-03 -1.78220896e+02 1.36994074e+01
 -1.52877224e+01 3.13471412e-03 -1.03044335e+00 5.50396992e-03 1.06282392e+02 1.36968102e+01
 1.41238866e+01 -2.14921074e-04 -1.40099031e+00 5.00929865e-04 -1.43601541e+02 1.37029678e+01
 4.92659595e-01 1.06342713e-02 5.38825170e-01 5.50279910e-03 7.45852973e+02 1.36997972e+01
 -8.16590112e+00 2.08215327e-03 5.13732349e-01 -6.28822394e-03 -3.59146596e+02 1.36984945e+01
 2.10595108e+01 -5.37437994e-04 -1.06929486e+00 2.75282648e-03 2.35584267e+02 1.37043844e+01
 6.20673234e+00 -4.50952209e-03 4.12499697e-01 -4.86785448e-03 -1.84426519e+02 1.37014365e+01
 2.36407173e+00 -4.35441290e-03 2.67260386e-01 1.89064283e-03 3.96070895e+02 1.37005356e+01
 -3.41539699e+01 -1.25611257e-02 -7.04575276e-01 4.57658023e-03 2.02159149e+02 1.36931475e+01
 2.18192113e+00 -2.80488882e-03 -2.01983429e-01 2.69049869e-03 1.71091183e+02 1.37001601e+01
 1.38626771e+01 4.90708878e-03 3.62789341e-01 8.57820272e-04 -4.69751213e+01 1.37026608e+01
 -1.48974385e+01 -6.65321948e-03 -7.38217082e-02 3.32220988e-03 -2.10352234e+02 1.36966799e+01
 -3.51015342e+00 1.31592827e-04 -1.44750632e-01 -7.36859770e-03 -2.13091965e+02 1.36992089e+01
 1.31806445e+00 -2.33322169e-03 1.13781369e+00 -1.27011491e-03 -1.95010727e+02 1.37000992e+01
 1.38351743e+01 6.78554266e-03 2.30664675e-01 -7.71794479e-03 1.32714156e+02 1.37026988e+01
 6.56336732e+00 3.02781040e-03 -2.96678102e-01 -1.00304391e-02 1.42942006e+02 1.37013376e+01
 -1.65751443e+01 1.48633491e-02 -3.82687291e-01 -1.46384479e-03 -1.71893951e+02 1.36964965e+01
 -4.48915906e+01 -1.55168946e-03 -1.00506335e+00 2.53737281e-03 -1.18709250e+02 1.36909728e+01
 -1.21018322e+01 -1.02894772e-02 -6.36191165e-01 -1.60703950e-03 2.05094700e+01 1.36974730e+01
 -1.11787797e+01 2.20583345e-03 1.34446135e+00 5.62631619e-03 -1.35851048e+02 1.36979338e+01
 1.03959798e+01 -6.95564521e-04 6.77967185e-01 -4.91284850e-03 -8.49390818e+01 1.37019674e+01
 1.01986289e+01 -4.99859460e-03 -2.95786754e-01 -1.89125391e-03 2.23936148e+02 1.37019904e+01
 2.37430774e+01 -2.38534410e-03 -1.12221566e+00 -1.89823130e-04 3.01437056e+02 1.37048291e+01
 1.03801525e+01 -1.30385964e-03 -2.51223728e+00 -6.32602542e-03 6.21887300e+01 1.37018669e+01
 -4.67443719e+00 -8.22557346e-04 -7.12448813e-01 -1.01214918e-03 -1.07982203e+02 1.36990263e+01
 -7.26643257e+00 3.78974000e-03 -6.35094490e-01 9.34618740e-05 -3.42058551e+02 1.36988803e+01
 6.87304413e+00 -3.97009346e-03 2.14873283e+00 -9.21260246e-03 1.20309436e+02 1.37012174e+01
 3.01435673e+00 -1.20010875e-02 -1.05073077e+00 8.82740151e-04 -3.55096839e+02 1.37007752e+01
 -3.97060985e+00 9.43916878e-04 -2.20625810e+00 3.44195656e-03 4.39836060e+02 1.36994582e+01
 1.17508260e+01 3.08586445e-03 -1.23062468e+00 6.53308883e-03 1.41485455e+02 1.37023604e+01
 -4.36604355e+00 5.06303531e-03 -3.75997920e-01 -6.57577023e-04 -2.27866771e+01 1.36990524e+01
 -7.14822909e+00 -4.01185451e-03 2.79237708e+00 -2.39441926e-03 9.47751687e+01 1.36985222e+01
 -6.22096784e+00 8.17348585e-04 1.93101726e+00 -1.28683547e-03 2.56427801e+02 1.36988655e+01
 -7.71872657e+00 5.32402276e-03 7.23069195e-01 -7.99250562e-04 -1.93816393e+02 1.36983795e+01
 3.18257602e+01 -4.56470555e-03 -2.09716173e+00 1.45611181e-03 -5.26924607e+01 1.37065380e+01
 -5.51935020e+00 7.94093235e-04 8.50030889e-01 1.41649886e-02 -1.03433091e+01 1.36992469e+01
 -5.70557250e+00 1.55451894e-02 2.28405138e+00 -6.04986014e-03 -5.62725914e+01 1.36987502e+01
 1.37826683e+01 -6.17921499e-03 -9.08066383e-01 -6.30347428e-03 2.44200896e+02 1.37026738e+01
 -1.76715133e+01 9.47942228e-03 -1.31008869e+00 -5.75479460e-04 1.86623745e+02 1.36965103e+01
 2.29632326e+01 1.24464625e-03 1.05447379e+00 -6.61209113e-03 -1.76940297e+02 1.37046929e+01
 9.03953139e+00 -8.98852248e-03 1.50667800e+00 -5.38835518e-03 7.82389351e+01 1.37015462e+01
 1.59049740e+00 -2.19407295e-03 -1.82650045e+00 -2.88865486e-03 3.01048588e+01 1.37000130e+01
 9.43431345e+00 4.04124239e-03 -1.38003930e+00 -3.02285075e-03 -3.31164581e+02 1.37015981e+01
 -7.10564433e+00 -4.44590862e-03 1.42767141e-02 -2.02970858e-03 9.19602871e+00 1.36987062e+01
 1.41801124e+00 -8.81095963e-03 -3.03373316e-01 9.66895949e-03 1.58218253e+02 1.36996993e+01
 -1.34576714e+01 -4.49047967e-03 -8.63258713e-01 5.05395882e-04 -2.37236869e+02 1.36973709e+01
 -1.57296571e+01 3.99370765e-03 1.29743506e-01 5.48053791e-03 -3.39057798e+02 1.36968228e+01
 1.71968146e+01 1.07415671e-02 -1.40028025e-01 -9.37296210e-03 -2.97876963e+02 1.37032670e+01
 1.19123767e+00 9.82346627e-03 -6.98035619e-01 4.31076102e-03 -5.19701120e+02 1.37003397e+01
 2.91723727e+01 7.94231195e-03 -1.47032138e-01 -1.50212214e-03 2.95493077e+01 1.37061728e+01
 7.48759256e-01 -5.03397455e-03 -5.97082901e-01 -8.25390036e-04 1.09745769e+02 1.37000946e+01
 5.14473897e+00 7.00965034e-03 1.84834307e+00 -2.15459728e-03 1.87619431e+02 1.37008344e+01
 -6.89662140e+00 1.51466820e-02 2.98906233e+00 4.52667500e-03 3.49397367e+02 1.36989426e+01
 -1.46465081e+01 6.68952767e-03 -1.56682889e+00 -3.33618864e-03 -5.19469918e+01 1.36969687e+01
 8.28008906e+00 -1.65172491e-03 2.69662471e-01 -6.81343184e-04 -2.87797143e+01 1.37017791e+01
 2.61399174e+01 1.93176909e-03 -9.26252026e-01 -1.11731820e-02 -3.08357735e+01 1.37047509e+01
 1.19731371e+00 -1.31784894e-02 1.45849093e+00 5.63566270e-03 -3.64239792e+02 1.37004883e+01
 -1.35274608e+01 3.37753571e-03 9.44759871e-01 3.45181621e-04 2.09759059e+01 1.36974306e+01
 -4.50805988e+00 -3.00226040e-03 8.53901520e-01 3.27242556e-04 1.78364860e+02 1.36993397e+01
 2.89695492e-01 2.28643496e-03 -1.59013270e+00 -3.87304673e-03 -1.94208518e+02 1.36998983e+01
 -6.31550465e+00 5.29595058e-03 -1.39178053e+00 3.31540444e-03 -9.74836583e+01 1.36988377e+01
 -9.45109684e+00 3.10092308e-03 1.46781104e+00 -2.87661173e-03 -9.49237507e+01 1.36984232e+01
 -9.69228858e+00 -1.17333290e-02 -3.34787865e-01 6.87706191e-04 4.83435456e+02 1.36980325e+01
 1.91663840e+01 -1.22103392e-02 -6.44371145e-01 1.58043928e-03 -3.13543865e+01 1.37040158e+01
 -9.84484406e+00 2.24273283e-03 -9.26348193e-01 -2.50819525e-03 -2.44796566e+02 1.36977793e+01
 8.56316485e+00 5.84582521e-03 -4.19852690e-01 -4.79943611e-03 -1.52549294e+02 1.37016175e+01
 -7.79551579e+00 -6.54438404e-03 -1.39602043e+00 5.91666293e-04 -3.29594076e+02 1.36983215e+01
 2.72210138e+00 3.61106370e-03 2.01016579e+00 5.44156308e-03 -6.13238318e+01 1.37005685e+01
 9.35607882e+00 6.29015163e-03 8.73442655e-01 -5.11682532e-03 2.15775984e+01 1.37016420e+01
 -4.76492312e+00 1.41545141e-03 -1.19932491e+00 7.20813306e-03 1.46955208e+00 1.36988974e+01
 1.93755092e+01 -3.70945292e-03 1.06078850e+00 -9.35122392e-04 3.24527641e+01 1.37038017e+01
 2.30738442e+01 -2.61140328e-03 6.40286159e-01 -1.16305835e-02 -1.64201756e+02 1.37046175e+01
 9.89049144e+00 8.88873850e-03 -1.06707728e+00 4.22460108e-03 4.01115096e+02 1.37018904e+01
 3.13229561e+00 -1.55256943e-02 -2.83006771e+00 -5.79694260e-03 -4.62648874e+02 1.37006653e+01
 1.10073246e+01 2.90007010e-05 5.31812416e-01 1.25633301e-03 3.08145800e+01 1.37021953e+01
 -5.56668560e+00 -1.44469102e-02 -4.35543502e-01 -7.80305923e-03 -1.23152444e+02 1.36988013e+01
 -2.18236336e+01 2.22827030e-03 -1.55619957e-01 -3.21834525e-03 4.39913401e+01 1.36960408e+01
 4.15333231e+00 -8.14424894e-03 -1.58264769e+00 -5.20067603e-03 -3.54035565e+02 1.37005681e+01
 4.71312018e-01 1.31082708e-02 -7.89770294e-02 8.98201818e-03 2.84046989e+02 1.36998814e+01
 -3.62273998e+00 -7.28008842e-03 -1.17800114e+00 -1.07318843e-02 5.72361046e+01 1.36996175e+01
 -4.88515202e+00 -1.17141674e-04 4.79281021e-01 -2.36816339e-03 4.64591992e+02 1.36987342e+01
 -1.29903615e+01 -1.17910122e-02 2.22039294e-01 -6.05331018e-03 -1.89635229e+02 1.36974278e+01
 -8.89759711e+00 2.69586537e-03 -1.17257072e+00 -4.92290024e-03 -2.79824213e+02 1.36985441e+01
 2.62794149e+01 8.87555969e-03 -9.85350590e-01 3.66088628e-03 2.64425908e+02 1.37052547e+01
 -2.19743210e+01 -2.07225719e-03 -1.46295172e+00 -9.04487500e-04 8.66531003e+02 1.36955244e+01
 -1.96897247e+01 6.04555595e-03 1.30431023e+00 5.94396656e-03 -1.00706925e+02 1.36962975e+01
 5.04770604e-01 6.31262490e-03 -2.53096247e-01 1.91597537e-03 -1.30469442e+02 1.36999324e+01
 6.35627107e+00 -1.18456564e-02 5.16845667e-02 1.00964296e-02 -2.04658416e+01 1.37012772e+01
 -7.85099843e+00 -4.03878354e-03 3.56008841e-01 8.64505914e-03 -1.78797129e+02 1.36986695e+01
 4.25890732e+01 -5.30586013e-03 -1.15653105e-01 1.26107185e-03 4.78532042e+01 1.37085994e+01
 2.92814727e+01 -3.53568442e-03 4.94259904e-01 -3.21507316e-03 -1.02550192e+02 1.37060032e+01
 5.73495998e+00 -4.01519449e-03 1.65254977e+00 3.25620912e-03 3.53616787e+02 1.37013135e+01
 4.37761474e+00 5.64465124e-03 2.15610414e+00 -1.27367384e-02 -8.12562887e+01 1.37005695e+01
 2.09008189e+01 -1.37008030e-02 -2.70488499e+00 -5.70296230e-03 -1.26391524e+02 1.37043294e+01
 -1.94637411e+01 4.74007373e-03 1.29450462e-01 1.14210649e-02 4.20067526e+02 1.36962245e+01
 -1.70628390e+01 -6.18697532e-03 -1.12423510e+00 -1.30495270e-02 9.69780117e+01 1.36968534e+01
 -2.73358310e+00 3.82756872e-03 8.11315372e-01 -5.29243398e-03 2.42055071e+02 1.36996506e+01
 -9.31781538e+00 1.71072085e-03 -9.43844053e-01 -3.65534454e-03 2.01457555e+01 1.36982208e+01
 1.92140090e+01 -4.53792324e-03 -1.15246781e+00 8.95997111e-03 -1.56896420e+02 1.37037610e+01
 1.15490058e+01 8.46693709e-04 3.56436893e-01 -8.79941516e-03 5.44172125e+02 1.37025616e+01
 -5.82488362e+00 6.35827526e-03 1.06557226e+00 -5.19299982e-03 -5.21744765e+01 1.36988609e+01
 -1.03851001e+01 3.22523259e-03 3.03715613e+00 -6.75738292e-03 2.56197727e+02 1.36979090e+01
 1.39817933e+01 4.77246356e-03 -1.41509022e+00 -7.84588117e-03 3.37080106e+01 1.37029787e+01
 -1.44717625e+01 1.38432503e-02 1.04128343e+00 -5.46415260e-04 -8.37645241e+01 1.36968400e+01
 -8.76663281e+00 3.61967741e-03 -6.44268868e-01 -6.81234623e-04 -1.93751067e+02 1.36982724e+01
 -1.12151851e+01 -9.44705467e-04 1.66794215e-02 1.77140959e-03 -4.31483557e+01 1.36976141e+01
 -1.08848984e+01 1.70197390e-03 1.17277291e+00 -7.22803773e-03 1.64824617e+02 1.36979120e+01
 2.06733061e+01 7.02745111e-03 6.63119537e-01 1.62159075e-03 1.84549650e+02 1.37038979e+01
 -2.68578429e+00 -1.05102130e-02 8.44256404e-01 8.54485003e-03 3.35193497e+02 1.36992757e+01
 1.76090667e+01 5.52176196e-03 9.37804060e-02 -7.55545206e-04 4.84629291e+01 1.37033904e+01
 -1.48002193e+01 1.14145862e-03 -3.19403968e-01 1.48393986e-02 -1.73099785e+02 1.36974076e+01
 2.76752849e+01 -9.21827507e-04 -2.56594854e+00 4.29289765e-03 4.42446119e+00 1.37052839e+01
 1.36841559e+01 -6.29934307e-03 -2.44583712e+00 9.42035819e-04 1.70342847e+02 1.37026266e+01
 9.72354074e-01 -1.38791015e-03 -5.02126288e-01 -3.28530534e-03 2.48449388e+02 1.37006649e+01
 4.30534158e+00 5.82250443e-03 1.73100752e+00 7.02709050e-03 -1.47915760e+02 1.37006517e+01
 -1.31382808e+01 -2.79313005e-03 -1.11195746e+00 4.63403902e-03 1.24711612e+02 1.36974679e+01
 -3.60677775e+00 -1.87082696e-03 5.24452600e-01 -4.45073376e-03 -2.89097012e+01 1.36995041e+01
 -2.16920477e+01 -2.82511050e-03 2.34080538e-01 4.45293927e-03 1.39998124e+02 1.36956184e+01
 1.46160830e+01 8.50086115e-03 1.57555465e+00 -1.53073880e-03 1.14755943e+01 1.37027435e+01
 8.13554888e+00 5.26438607e-03 -2.06675658e+00 -5.58158712e-03 -1.65359461e+02 1.37018476e+01
 -9.76865696e+00 -1.83012761e-02 1.72369309e+00 1.13352057e-03 -3.44697616e+02 1.36974805e+01
 6.98131295e-01 6.49354083e-03 -1.76901288e-01 2.55124066e-03 1.99147606e+02 1.37001161e+01
 1.86158621e+01 -2.77061062e-04 8.01171910e-01 2.21262173e-03 -1.86306539e+02 1.37035465e+01
 -1.44811572e+00 6.50071437e-03 8.43963933e-01 8.97291858e-03 1.75660014e+02 1.36996053e+01
 1.81063515e+01 -1.36100188e-02 -4.10587397e-01 1.98923062e-03 -1.21586776e+02 1.37036156e+01
 -7.54823651e-01 7.90731495e-05 -2.91879934e-01 4.90356486e-03 3.10824918e+01 1.36998121e+01
 -1.68267658e+01 4.54826481e-03 6.21039272e-01 6.65206069e-03 -1.10096476e+02 1.36963502e+01
 -3.96912648e+00 -8.49899268e-03 -2.30790723e-01 5.47433761e-04 6.40349364e+01 1.36992494e+01
 -1.43003306e+01 -7.16214529e-03 1.07516586e+00 3.32061047e-03 3.80511922e+02 1.36973103e+01
 6.90264726e+00 1.62702760e-03 -1.45637305e+00 2.61127460e-03 4.67320612e+02 1.37015158e+01
 1.14799377e+00 8.05281032e-03 8.51219747e-01 3.77506148e-03 3.06094860e+02 1.37001688e+01
 2.47781460e+00 7.48934921e-03 1.20074744e+00 -1.02929423e-04 2.62778641e+02 1.37002033e+01
 -8.39090156e+00 -5.29118120e-03 -9.22167362e-01 -8.15939141e-03 -1.14774298e+03 1.36984039e+01
 -4.82894907e-01 -2.63890031e-03 -3.41847775e-01 5.72550146e-03 -9.76060291e+00 1.36998137e+01
 7.59427717e+00 3.49566543e-03 -1.71912815e+00 -1.36375491e-02 -2.19453395e+02 1.37015525e+01
 -1.95786008e+01 -9.50921392e-03 -2.36004670e-01 1.70755945e-03 -5.18476296e+02 1.36959970e+01
 8.94850384e+00 5.41431263e-03 -3.96665084e-01 4.40533452e-03 2.15604330e+02 1.37014055e+01
 -1.10537314e+01 -7.73685138e-03 -1.99242863e+00 4.73777680e-03 2.49544438e+02 1.36977464e+01
 9.19170447e+00 2.74480467e-03 -6.15142378e-01 6.81748960e-03 -3.48893161e+02 1.37017997e+01
 6.19987416e+00 6.17910647e-03 3.42210182e-01 -6.36243652e-03 -4.54130814e+01 1.37009021e+01
 4.58615438e+01 -1.46957567e-03 2.02551760e+00 -6.85146544e-03 -1.03236799e+02 1.37090242e+01
 -9.62451874e+00 1.76797617e-03 -2.27227571e-01 -3.60747503e-03 -1.39114647e+02 1.36980011e+01
 5.97116930e+00 2.22526993e-03 3.38989541e-01 4.87506904e-03 5.54904596e+01 1.37013881e+01
 -3.83831829e+00 8.63799594e-04 1.20288557e+00 -1.54152842e-04 2.60492306e+01 1.36991691e+01
 8.07036524e-01 1.20265242e-03 2.42805292e+00 1.04849704e-03 1.56520839e+02 1.37002399e+01
 1.01365768e+01 1.90074326e-03 8.83765333e-01 -3.43241856e-03 -1.85838075e+01 1.37020606e+01
 4.82194944e+00 -1.07295277e-02 2.64225795e+00 -2.35449295e-03 -5.82504876e+01 1.37008449e+01
 -1.58240426e+01 -1.13150910e-02 2.16483299e+00 -1.32601068e-03 -3.58888892e+02 1.36966766e+01
 1.00180408e+01 1.40861974e-03 -8.57054083e-01 2.32665172e-04 -4.85770779e+02 1.37018500e+01
 -3.34013013e+00 1.20623429e-02 -2.81933283e-01 2.38430652e-04 1.58117181e+01 1.36991609e+01
 1.27511405e+01 2.95554557e-03 -5.90051307e-01 -3.75820671e-03 -5.45405134e+02 1.37024001e+01
 2.11197848e+01 1.90478271e-03 -2.53495054e-01 5.80126110e-03 2.54483382e+02 1.37042800e+01
 -2.39827016e+01 -2.64637935e-03 8.01023126e-02 5.59453889e-03 -3.04708925e+02 1.36952558e+01
 -6.54189379e+00 -2.92302668e-03 -1.73461614e+00 -2.32878191e-03 5.76344043e+02 1.36982297e+01
 3.38811385e+00 -2.71391873e-03 8.90419205e-01 -5.53205871e-04 2.18399189e+02 1.37005191e+01
 -5.17526689e+00 -3.69124861e-03 1.07574538e+00 2.77383344e-03 7.97521182e+01 1.36991892e+01
 -2.71809248e+00 1.83937214e-03 1.07608926e+00 -4.13962186e-03 4.96600831e+02 1.36994747e+01
 -7.19542496e+00 -6.41526563e-03 -6.95233568e-01 3.70552542e-03 3.60515595e+02 1.36985294e+01
 -1.35961256e+01 -2.23054100e-03 1.97728866e-01 -1.66680505e-03 -3.89637215e+02 1.36973749e+01
 -1.12639543e+01 -8.41480127e-03 9.63529121e-01 -3.91149912e-03 2.37698404e+02 1.36977108e+01
 -8.59136107e+00 5.15428091e-03 -2.48930185e-02 3.86646536e-03 9.21997785e+01 1.36983937e+01
 1.80137810e+01 -1.31389436e-02 1.18629157e+00 -1.74303730e-03 -5.31682546e+01 1.37033585e+01
 -2.22493942e+01 -4.87079900e-03 6.79794773e-01 -4.95854858e-03 6.37036390e+01 1.36957224e+01
 -1.31841943e+01 -1.46073926e-03 1.32340100e+00 1.31322201e-02 7.31164201e+01 1.36973718e+01
 2.66304699e+00 9.63035098e-03 -1.13405470e+00 -2.91425585e-03 -4.66152255e+02 1.37000375e+01
 -1.21899686e+01 -3.66299571e-03 2.03059727e+00 8.62785105e-03 6.07776261e+02 1.36974236e+01
 -1.18783849e+01 1.01448277e-02 1.13519749e+00 7.45437311e-04 2.83536093e+02 1.36978987e+01
 6.70543135e+00 -4.22807252e-03 -1.31455125e+00 8.50618287e-03 -1.55278596e+02 1.37014234e+01
 3.65132225e+00 2.49297043e-04 -6.22963689e-01 1.39940519e-03 -1.10832541e+02 1.37009496e+01
 -1.99703736e+01 -6.90688336e-03 -1.79703499e+00 -1.53823797e-03 5.16580830e+02 1.36959508e+01
 -2.43854023e+00 -2.48907496e-03 6.59759604e-01 -3.73927810e-03 1.17860689e+02 1.36996510e+01
 -1.93738905e+01 -5.33382368e-03 -1.31004192e+00 1.67861499e-02 2.54613726e+02 1.36966710e+01
 -3.30522208e+01 -3.77010484e-04 -1.91995779e+00 1.07784673e-02 -3.09025080e+02 1.36933609e+01
 1.08483018e+00 5.77799669e-03 1.69067770e+00 1.44913233e-02 1.41141437e+02 1.37003844e+01
 5.46298852e-01 -7.97147505e-03 4.43810408e-01 3.55913999e-03 -1.25881287e+02 1.37002596e+01
 -1.18928266e+01 -6.87885736e-04 -9.09794436e-01 -2.20435925e-03 3.64197690e+02 1.36978720e+01
 1.98610114e+01 -6.78688712e-03 1.97124741e+00 -1.29144338e-02 3.63894412e+02 1.37042318e+01
 -5.40968651e+00 2.33017276e-03 -1.51023869e-01 1.73191826e-03 -5.96282484e+01 1.36989010e+01
 -1.00159531e+01 1.21200335e-02 -2.56918535e-01 3.76128450e-03 -2.86114295e+02 1.36981837e+01
 9.32190885e+00 -4.84043809e-03 2.24818219e+00 5.75329442e-04 -6.35002799e+01 1.37014324e+01
 9.75411298e-01 5.94027967e-03 1.14466674e+00 7.56145747e-03 -3.49236934e+02 1.37000698e+01
 6.05168594e+00 -2.47007469e-03 -1.26414304e-01 7.85013998e-03 6.32079961e+01 1.37008891e+01
 -1.24553320e+01 -4.38288929e-03 -1.60146195e+00 -6.48694066e-03 1.77075575e+02 1.36976372e+01
 6.18989866e+00 -5.23461553e-03 1.82009483e+00 3.56336722e-03 -3.29784001e+02 1.37015630e+01
 7.98883197e+00 8.01047163e-03 -6.66664614e-01 1.09698766e-02 2.26067628e+02 1.37015605e+01
 2.39556529e+00 1.97184808e-03 2.03699985e+00 -3.74172895e-03 2.16157032e+02 1.37001773e+01
 -8.47351335e+00 -8.31381936e-03 7.57795836e-01 4.71257410e-03 1.69718631e+02 1.36981012e+01
 -7.84384784e+00 3.52474767e-03 4.15947571e-01 -4.97796575e-03 6.74249150e+01 1.36981281e+01
 -1.36127135e+01 1.03025421e-02 4.78045528e+00 -7.60945578e-04 3.11186606e+02 1.36972156e+01
 1.02787938e+01 3.10196959e-03 1.08913805e+00 1.29829295e-02 -2.18965299e+02 1.37019380e+01
 5.09715249e-01 -4.37603469e-03 4.67748930e-01 4.97599145e-03 -2.47255042e+02 1.37001453e+01
 1.42956872e+01 -7.10617999e-03 1.71170968e-01 3.88336295e-04 9.07655579e+01 1.37026326e+01
 1.62493493e+01 -3.76595872e-03 1.23614490e+00 6.04196790e-03 1.94143738e+02 1.37032123e+01
 1.02901781e+01 9.47051694e-04 5.99448665e-01 -3.85771102e-03 -1.56590980e+02 1.37020802e+01
 -3.77450210e+01 2.22015141e-03 7.95813344e-01 -4.73474903e-03 -6.32015339e+01 1.36924259e+01
 -1.80259451e+01 3.74999107e-03 -1.19524640e+00 5.66233680e-03 -3.34445709e+02 1.36963825e+01
 -1.04861836e-01 2.99069431e-03 -1.56753804e+00 -7.54008282e-05 1.56978624e+01 1.36999714e+01
 2.06978019e+01 -5.59293936e-03 -7.39756241e-01 2.69358464e-03 2.44153201e+02 1.37041841e+01
 3.79750915e+00 3.77007729e-03 3.18072237e-01 -1.99727238e-03 6.05609397e+02 1.37008295e+01
 5.27512811e-01 2.09634937e-03 1.31391254e+00 1.06682490e-02 3.62950478e+02 1.37003028e+01
 1.67903272e+01 4.25027450e-03 -8.27410863e-01 -1.23190687e-03 -8.64747864e+01 1.37032950e+01
 8.85838261e+00 3.78624178e-03 3.08394750e-01 -5.33153910e-03 4.88189466e+02 1.37017824e+01
 -1.44500252e+01 6.55216146e-03 4.12245967e-02 2.92687611e-03 -2.88945010e+02 1.36968118e+01
 -8.00343996e+00 1.39365723e-03 2.56397910e-01 -5.48309566e-03 1.37855999e+02 1.36984489e+01
 -1.02689470e+01 -1.64643275e-02 -2.38612561e+00 -6.05119270e-03 -4.31952880e+02 1.36982829e+01
 3.48555479e+00 -5.55965744e-03 2.91877705e-01 -3.96017343e-03 4.85306966e+02 1.37004110e+01
 -1.14553340e+01 -1.77503718e-03 5.24365689e-01 1.17154319e-02 3.25554959e+02 1.36978941e+01
 1.16145733e+01 5.47555511e-03 -1.95884323e+00 -1.06766434e-03 -2.84959870e+02 1.37025295e+01
 -6.59929186e+00 1.51952691e-02 2.11196917e+00 8.53274301e-03 -6.17417358e+01 1.36984301e+01
 2.58577155e+01 -4.73386107e-03 1.94058401e+00 1.02920646e-02 4.46644034e+02 1.37051415e+01
 4.28371812e+00 -1.12140867e-02 -1.87707802e+00 2.18963647e-03 -8.69430667e+01 1.37011999e+01
 -6.56316557e+00 5.52416665e-03 5.97311942e-01 1.21151994e-03 -2.66685288e+02 1.36988898e+01
 -1.05553259e+01 -2.83761315e-03 -1.52647051e+00 -4.84332149e-03 -7.08312914e+01 1.36977951e+01
 1.55318845e+01 -5.11011100e-03 1.17200463e+00 1.19195797e-03 3.80572735e+02 1.37028464e+01
 5.62091270e+00 8.53314896e-03 7.31121216e-01 -3.04481457e-03 1.64835227e+02 1.37011628e+01
 1.24299666e+00 -1.95427626e-03 8.45223068e-01 6.67689779e-03 -3.64655215e+01 1.37000217e+01
 1.32061994e+01 2.20209911e-03 -8.85005864e-01 5.77934004e-03 1.72999880e+02 1.37025513e+01
 -2.31246598e+00 -5.49207668e-03 -5.73007457e-01 2.67474079e-03 -2.19481411e+02 1.36993321e+01
 -1.61948276e+01 -2.57229867e-03 1.12676043e+00 -4.01978031e-03 1.99552115e+02 1.36972669e+01
 6.03218434e+00 2.39425856e-03 -8.27233786e-01 -5.70985507e-03 2.97068878e+01 1.37012602e+01
 -1.57159586e+01 1.38384760e-02 9.63137406e-01 1.29354989e-02 1.26739645e+01 1.36968148e+01
 -1.27120855e+01 7.47988652e-03 1.05879130e-01 1.46775661e-02 -2.55761745e+02 1.36975092e+01
 9.40419183e+00 4.65980234e-03 2.21895328e+00 3.30967745e-03 5.69639090e+01 1.37019438e+01
 -1.48663532e+01 -7.25833469e-04 1.13873904e-01 3.36066137e-03 3.92169472e+02 1.36974012e+01
 -1.73729076e+01 1.25815947e-02 1.87235959e-01 1.05445594e-02 -2.13652756e+01 1.36965311e+01
 -1.11485033e+01 4.04658729e-03 9.44930591e-01 -7.90209848e-04 -9.17898610e+01 1.36980587e+01
 -1.59416405e+01 3.57876637e-03 -2.49491030e-01 1.49700744e-03 5.97951418e+01 1.36968643e+01
 1.39968922e-01 9.43536023e-03 5.31546670e-01 1.15467712e-04 3.78428990e+02 1.37002048e+01
 -1.47061178e+01 1.33629401e-03 -8.76752928e-01 -9.99108909e-04 5.50616661e+01 1.36971436e+01
 -1.52909810e+01 -1.45060988e-03 8.27935323e-01 1.32627847e-03 5.34904166e+02 1.36967429e+01
 4.23749507e+00 -8.86163116e-03 -1.32452538e+00 -1.56933144e-02 -1.83333968e+02 1.37009579e+01
 -9.99569790e+00 -1.45316805e-02 -1.69165013e+00 1.55116922e-03 2.79427255e+02 1.36981459e+01
 1.47409472e+01 9.66965649e-04 7.99824875e-02 5.78155876e-03 -3.62960972e+01 1.37030779e+01
 -3.89275121e+00 2.24707069e-03 3.63710542e-01 2.11914193e-03 -3.79239604e+02 1.36993417e+01
 7.26541653e+00 1.14411620e-02 -2.87449478e+00 1.03322495e-03 -1.14586354e+02 1.37013001e+01
 1.18015427e+01 -1.00884797e-02 -1.38181041e-01 -1.53015810e-02 -3.30754975e+02 1.37022188e+01
 7.55719900e+00 1.32429371e-03 5.95664806e-01 1.96249892e-03 4.13551312e+02 1.37015506e+01
 -2.61789835e+00 -1.32027798e-02 8.32706584e-01 2.58628769e-03 2.72438207e+02 1.36995105e+01
 1.19025703e+01 1.37597480e-03 3.98588428e-01 -9.35344013e-04 1.22776204e+02 1.37022581e+01
 2.03155878e+01 9.31415616e-03 -1.01255834e-01 -4.34145954e-03 1.76006183e+02 1.37041359e+01
 6.39664826e+00 -4.61041846e-03 1.12490255e+00 -1.51781643e-02 -4.64738857e+00 1.37012625e+01
 -8.25153994e+00 2.52383044e-03 4.04111792e-01 -3.52599784e-04 1.41885161e+02 1.36984812e+01
 1.69560876e+01 7.24508613e-04 1.03116755e+00 5.28896404e-03 6.31712026e+01 1.37032835e+01
 -6.70500989e+00 5.85158922e-03 -6.34291732e-01 2.55369932e-03 8.72899155e+00 1.36988629e+01
 -2.09196026e+01 -2.29153637e-03 -5.88976347e-01 3.79279502e-03 2.98500430e+02 1.36958751e+01
 1.91487696e+01 6.43641134e-03 -1.16918712e+00 4.08682320e-03 3.73013636e+02 1.37038120e+01
 1.96274922e+00 -2.11851033e-03 -1.47059735e+00 -3.49075136e-03 -4.68599785e+01 1.37003197e+01
 -3.04487608e+01 -1.87750145e-03 -1.45156171e+00 -7.46885173e-03 1.34209361e+02 1.36937573e+01
 -5.59164379e+00 -1.03280640e-02 -1.31399658e+00 1.97004060e-03 -1.84930421e+02 1.36988738e+01
 1.08391439e+01 3.62599295e-03 -1.63443441e+00 4.39774596e-03 -3.00177434e+02 1.37022404e+01
 1.36788588e+01 3.97345330e-03 -1.76325885e+00 -5.48396160e-03 -1.19696358e+02 1.37026394e+01
 -1.25546103e+01 1.19693294e-03 -4.68317819e-01 1.00308111e-02 -4.76382099e+01 1.36976255e+01
 1.74116814e+01 -4.22971215e-03 2.03205830e-01 -5.93514090e-03 4.68174943e+02 1.37034449e+01
 -1.60881369e+01 4.13228613e-03 -1.78472797e-01 1.05138140e-02 7.22373360e+01 1.36969716e+01
 2.38426900e+01 5.07256113e-03 1.01806961e-01 3.75309247e-04 -3.29170305e+02 1.37047891e+01
 -1.33526453e+00 6.95161850e-03 -2.27654926e+00 1.15601099e-03 -7.43982929e+01 1.36993720e+01
 1.52520304e+00 -1.49274061e-02 -6.92798128e-01 -6.96997276e-03 -1.84713222e+00 1.37005195e+01
 4.87783090e+00 -3.78769274e-03 1.40086367e-01 7.26641553e-03 4.03879135e+02 1.37010538e+01
 -1.38061781e+00 -2.90645594e-03 2.98157781e-02 2.27368154e-03 2.75349758e+02 1.36992139e+01
 -1.67551288e+01 4.65288686e-03 -2.10592116e-01 2.62004873e-03 -1.65910740e+02 1.36966689e+01
 6.60258311e+00 -9.44028503e-03 -1.65958562e-01 -1.81903485e-03 -4.12255340e+02 1.37012269e+01
 6.26037075e+00 -2.32116881e-02 3.13864757e-01 -1.90520563e-03 1.89652229e+02 1.37012981e+01
 -1.46978672e-01 3.98693929e-03 1.78471220e+00 3.85246626e-03 3.50755673e+02 1.36998176e+01
 7.91634913e+00 -7.51567662e-04 -9.31431186e-01 1.00593626e-02 -2.12314117e+02 1.37014939e+01
 4.29488674e+00 -4.33046516e-03 -2.13833671e-01 -3.97433984e-04 -1.83919277e+02 1.37005698e+01
 -2.21031181e+01 -7.85462578e-03 -2.02157191e+00 2.30094412e-03 -2.84444103e+01 1.36957053e+01
 5.74684785e+00 1.42501167e-03 9.19806341e-01 1.42964303e-03 -1.72114686e+02 1.37012977e+01
 -2.34191605e+01 -1.48721410e-02 -1.46271905e+00 8.23220877e-03 1.32835767e+02 1.36955442e+01
 -1.45228110e+01 -7.73656481e-03 -1.68286703e-01 -2.78946368e-03 -4.92843585e+02 1.36971229e+01
 -1.01643555e+01 -1.81811452e-03 2.31614426e+00 -1.24364383e-04 3.18764906e+01 1.36980321e+01
 1.05993547e+01 3.41947297e-03 -4.96663041e-01 -8.12716106e-03 -1.04434791e+02 1.37016095e+01
 9.84685160e+00 -2.05707912e-03 -3.09172225e-01 -7.97655673e-04 7.04586497e+02 1.37017410e+01
 -6.89706033e+00 -1.04886996e-03 -8.47707379e-02 -1.23126868e-03 -4.99709184e+02 1.36987467e+01
 7.95999981e+00 -4.39856129e-03 -3.01625542e-01 -7.53551602e-03 4.08918715e+01 1.37017138e+01
 -2.67844248e+01 -9.53725833e-03 7.53286704e-02 -1.53962928e-02 2.64280688e+02 1.36948519e+01
 1.02890779e+01 5.30122942e-03 2.14799309e-01 4.01335850e-03 7.39263634e+01 1.37023749e+01
 7.17518887e+00 -1.37655083e-03 -1.39980169e+00 1.78069153e-04 3.84916564e+02 1.37014778e+01
 -6.58996006e-01 1.33403363e-02 5.61821118e-01 2.53099772e-03 -7.40271763e-01 1.36997959e+01
 3.41356797e+00 -6.55634121e-03 -1.23138520e+00 4.48801183e-03 -5.42077286e+02 1.37007822e+01
 1.72984895e+01 3.25115696e-03 -4.38416352e-01 4.20828379e-03 1.38730928e+02 1.37033519e+01
 -2.70380413e+00 -9.14002055e-03 -1.29779776e+00 -5.28174066e-03 -2.57041730e+02 1.36995116e+01
 -2.72548145e+00 9.67373433e-03 6.93815757e-01 -7.77401533e-03 -1.83952992e+02 1.36997085e+01
 -9.79641847e+00 -6.86338661e-04 1.48563060e+00 -6.75129391e-03 -2.30203670e+02 1.36979178e+01
 5.81432797e+00 -2.50376779e-03 5.92296119e-02 -3.52708162e-04 -1.35368656e+02 1.37012798e+01
 -3.57090792e+00 4.11782110e-03 -1.08823384e+00 -3.78768052e-03 3.01489974e+02 1.36991574e+01
 -3.08118695e+01 4.01059079e-03 -1.33072433e+00 2.59418964e-03 -9.71165441e+01 1.36940254e+01
 -6.48011256e+00 3.51697074e-03 1.07888986e+00 7.45610302e-03 -2.66146681e+02 1.36988099e+01
 -1.06915466e+01 1.12313260e-02 1.37136430e+00 5.62845474e-03 -1.73420771e+02 1.36977615e+01
 1.65938585e+00 -5.25502001e-03 -2.50293161e+00 -9.35331232e-03 3.82544238e+02 1.37003690e+01
 -1.94007683e+01 5.82064443e-03 1.89901680e-01 -6.14886980e-03 -8.58984623e+01 1.36963435e+01
 1.87348658e+01 9.41568761e-03 -1.03005466e+00 3.06362676e-03 8.22048204e+01 1.37039314e+01
 -1.12572408e+01 -4.12939297e-03 -1.78850665e+00 2.39064471e-03 2.00495415e+01 1.36977949e+01
 -4.90968600e+00 -3.73592979e-03 2.49409208e+00 -7.28287175e-03 -2.21064777e+02 1.36989135e+01
 -1.01858189e+01 -2.72856973e-03 2.23043050e+00 3.99985968e-04 -4.75976358e+02 1.36981598e+01
 -9.02374771e+00 9.96498602e-03 2.84419716e+00 3.25113914e-03 -1.74827223e+02 1.36982914e+01
 8.08109336e+00 -1.04844327e-02 -3.14116269e-01 -2.12897591e-03 1.21433237e+02 1.37014274e+01
 -1.90350321e+01 2.58175580e-03 -8.05075401e-01 2.82837254e-03 2.79343208e+02 1.36962453e+01
 -9.56615020e+00 4.92673841e-03 -1.00618357e+00 -9.53978948e-03 5.04285289e+02 1.36980697e+01
 7.78109743e+00 7.31376854e-03 1.08220556e-01 -1.37014565e-03 2.66502771e+02 1.37011277e+01
 1.43033492e+01 8.46488742e-03 -5.45380188e-01 -4.49647340e-03 9.16048082e+02 1.37026642e+01
 -2.48340107e+01 -9.98859545e-03 7.38852719e-01 -7.33504549e-03 1.73696112e+02 1.36951809e+01
 -3.38691306e+00 -1.30260255e-03 -1.16538657e+00 9.36527100e-03 -8.59152339e+01 1.36992573e+01
 -4.06561460e+00 5.68473498e-03 -1.11387150e+00 -1.27863655e-03 -4.81009905e+02 1.36990550e+01
 -1.55375682e+00 1.08794618e-03 -2.00117720e-01 -1.14680171e-03 -3.97378037e+01 1.36996047e+01
 -5.45879339e+00 -2.51356229e-03 -6.83365358e-01 7.44664790e-03 -5.81271688e+02 1.36991224e+01
 3.78261912e+00 -2.05483411e-03 -1.23402357e+00 2.64748795e-03 -6.01855647e+02 1.37006285e+01
 9.65612366e+00 -3.00058003e-03 -2.99530617e+00 1.78023428e-03 -1.91713855e+02 1.37022223e+01
 -1.59289481e+01 8.88514245e-03 1.79066391e+00 -9.42275078e-03 -2.56074522e+02 1.36969349e+01
 -3.75636186e+00 9.04984202e-03 3.08453375e-01 -7.84604518e-03 -1.13715064e+02 1.36993332e+01
 -3.13212357e+01 -3.26906295e-03 -1.46426308e+00 -4.12366499e-03 1.75895247e+02 1.36938130e+01
 -3.87388677e+00 5.96206770e-03 4.30978644e-01 -2.20584771e-03 -3.08927358e+02 1.36991631e+01
 1.07598239e+01 6.24385779e-04 -1.62402407e+00 5.48031145e-03 -2.21701231e+01 1.37022731e+01
 2.83587447e+00 -4.35955398e-03 -3.47648952e-01 4.06528076e-03 3.25369845e+02 1.37007208e+01
 2.18473173e+01 4.26799784e-03 -9.69496614e-01 -4.58150054e-03 -1.76978962e+02 1.37043651e+01
 1.66683476e+01 -1.63718642e-03 -5.54950271e-01 -2.18487904e-03 -2.97266521e+02 1.37030636e+01
 3.21680804e+00 -1.26921180e-02 1.95936151e-01 -8.23510095e-03 -5.41618071e+02 1.37005310e+01
 1.05695844e+01 -2.21913117e-03 8.78929862e-01 -1.17445575e-02 2.00674392e+02 1.37018954e+01
 4.51084852e+00 2.39832495e-03 -7.30625581e-01 5.76619051e-03 6.16653085e+02 1.37010103e+01
 1.75780761e+01 -7.98735935e-03 3.79998649e-01 4.05609799e-03 3.84039526e+01 1.37035219e+01
 -9.87665695e+00 2.80151135e-05 2.79481800e+00 1.20714247e-04 3.40066413e+02 1.36980167e+01
 -2.79482096e+00 -6.94706984e-03 6.71463962e-01 1.76433646e-03 4.55382821e+02 1.36995747e+01
 7.69684128e+00 -6.84355052e-03 1.69854137e-01 -1.15430938e-02 3.98757617e+02 1.37014573e+01
 2.06579297e+01 -1.50039214e-02 7.82238847e-01 9.87113347e-04 -3.03701054e+01 1.37040881e+01
 2.05408042e+01 -8.87402686e-03 -1.72146282e+00 5.18793468e-03 -2.23112846e+02 1.37040737e+01
 -8.73955477e+00 4.34865255e-03 1.75880755e+00 4.81324394e-03 -2.17771428e+02 1.36983557e+01
 1.08493780e+01 5.10464957e-04 -2.29665777e+00 5.80516437e-03 3.33676858e+01 1.37025054e+01
 -3.78827421e+00 7.11355166e-04 -6.18825963e-02 -1.11621510e-02 -1.43734051e+02 1.36992625e+01
 1.79701420e+01 5.64994130e-03 -4.16621317e-01 -2.83959844e-03 -2.29418255e+02 1.37032817e+01
 -1.09331876e+01 5.33574815e-03 5.40144867e-01 9.15167137e-03 -1.40872951e+02 1.36981273e+01
 8.30952793e-01 -8.07314895e-04 6.31116096e-01 -4.68967742e-03 -2.31600150e+02 1.37001197e+01
 -3.54547466e+01 1.01675203e-02 -9.96488216e-01 4.17895318e-03 -3.79103432e+02 1.36931177e+01
 4.62573439e+01 2.03142998e-04 -1.60021866e+00 9.15510704e-04 -5.08830420e+01 1.37092023e+01
 -1.36964475e+01 1.74674901e-02 4.23888771e-01 2.64965678e-03 -2.10400719e+01 1.36970203e+01
 7.80601545e+00 9.08723957e-03 7.04636485e-01 -2.84004341e-03 1.44405891e+02 1.37017983e+01
 1.49801739e+01 6.10287441e-03 3.03002624e+00 1.39964156e-03 -3.09583317e+02 1.37025971e+01
 -8.71050858e+00 -2.93516302e-03 -1.21073024e+00 -9.66204287e-03 7.47735126e+01 1.36979691e+01
 9.88570148e+00 4.30520398e-03 1.40280784e-01 9.00131594e-03 -1.33064355e+01 1.37018141e+01
 1.32661844e+01 1.97521699e-03 1.31803186e+00 -5.36510920e-03 -3.01661437e+02 1.37028849e+01
 2.87085192e+01 1.43028682e-03 8.82796810e-01 6.64034585e-04 6.99680917e+01 1.37057639e+01
 -4.73858995e+00 -3.06388388e-04 4.45524733e-01 7.06657207e-03 -2.13151436e+02 1.36990554e+01
 -2.08923838e+01 1.76416569e-02 -1.30671357e+00 2.66444761e-03 -3.45883830e+02 1.36956973e+01
 -5.20041981e+00 8.91449435e-03 -9.03006378e-01 -2.38283832e-04 3.20809072e+01 1.36990627e+01
 9.65806125e+00 1.01823175e-04 -1.82521892e-01 -4.64857115e-03 -2.94101026e+02 1.37022708e+01
 -3.82569313e+00 -1.47168026e-02 -1.38205287e+00 6.98862574e-03 2.54414269e+02 1.36990346e+01
 1.03277125e-01 2.51453633e-03 -9.45828072e-01 1.36669047e-03 -1.59942470e+02 1.37001862e+01
 4.67917655e+00 9.30013072e-03 1.95595882e+00 6.17755439e-03 -3.62792179e+02 1.37012009e+01
 4.05318181e+00 1.61270356e-02 -6.23572278e-01 -3.00187562e-03 3.52555407e+02 1.37004767e+01
 -3.07215487e+00 -2.95499701e-03 4.32670890e-02 8.38416354e-03 -5.12622850e+02 1.36992187e+01
 -2.20591295e+01 1.67758494e-02 2.59700707e+00 -4.46563109e-03 1.88081941e+02 1.36953550e+01
 2.86627571e+00 -2.61966897e-03 1.63498843e+00 6.57140867e-03 -4.14401797e+02 1.37002100e+01
 7.23317017e+00 8.44517456e-03 1.00755868e+00 9.59108713e-04 1.47513100e+02 1.37014303e+01
 -2.55400723e+01 1.03871916e-02 -8.55081653e-01 -7.40171641e-03 1.73946864e+01 1.36952828e+01
 -1.44550093e+01 1.12886465e-03 -3.64329422e-01 1.12443529e-04 2.57975993e+02 1.36968835e+01
 1.34115668e+01 -3.85157607e-03 -8.75870759e-01 3.76266214e-03 2.75680066e+02 1.37025878e+01
 1.22044504e+01 8.40252250e-05 7.82232032e-01 3.97189566e-03 -2.96424107e+02 1.37027597e+01
 -7.24576219e+00 -5.55483231e-03 1.17623914e+00 5.02143702e-03 -1.81957528e+02 1.36983756e+01
 -7.56468737e+00 -9.34546259e-03 9.11445863e-01 5.17193164e-03 -2.47495050e+02 1.36985205e+01
 -4.03371578e-01 -1.72728305e-03 4.42795208e-03 -2.45206788e-03 2.20698958e+02 1.37001700e+01
 1.91921892e+01 -5.11576701e-03 -6.04911940e-01 -6.53794275e-03 -1.40588951e+02 1.37038845e+01
 -1.93333909e+01 -6.28509029e-03 3.49510694e+00 2.79961283e-04 -8.60065981e+01 1.36965281e+01
 1.40924869e+01 4.10352135e-03 9.39023748e-01 -3.27780284e-03 -2.82840555e+02 1.37028467e+01
 -1.44471211e+01 -7.69042148e-03 2.08271049e-01 3.50473668e-03 -1.46720173e+02 1.36972583e+01
 -8.92487434e-01 1.35267548e-03 -4.67375829e-01 -1.01613121e-02 9.40098375e+01 1.36998154e+01
 8.50488051e+00 8.68222172e-03 3.61241666e-01 6.37425396e-04 2.27932204e+01 1.37013294e+01
 -2.37563346e+01 2.44377251e-03 -1.39115195e+00 -1.35677880e-03 -1.25020940e+02 1.36954957e+01
 3.86547495e+00 -6.68665626e-03 7.43519404e-01 4.46031270e-03 4.65086261e+02 1.37011735e+01
 1.73700922e+01 -2.14690737e-03 -1.35192629e+00 9.09232733e-03 1.86126727e+01 1.37030443e+01
 1.17265618e+01 -8.71038387e-03 -3.64717013e-01 -9.39206352e-04 1.69166904e+02 1.37021143e+01
 1.82225807e+01 -3.13363103e-03 8.96012030e-01 -3.06553229e-04 7.78580107e+01 1.37034731e+01
 -2.23361820e+00 -1.17895013e-02 -1.48093564e+00 2.99280020e-03 -5.08607933e+02 1.36995125e+01
 2.37817911e+01 1.44679286e-04 1.22777458e+00 -1.58739092e-03 -2.55780391e+02 1.37046069e+01
 -8.98792982e+00 -2.48516421e-03 -1.37749403e+00 5.60208618e-03 -4.12112448e+02 1.36982988e+01
 -1.37450858e+01 -4.21081765e-03 -1.60112533e+00 4.10821781e-03 -2.43601888e+02 1.36972420e+01
 -2.17834861e+01 -8.45666595e-04 1.99166819e-01 7.88213732e-03 8.74299100e+01 1.36959132e+01
 3.39472838e+01 -1.29077238e-04 -7.23408875e-01 2.23121255e-03 -1.29250237e+01 1.37065636e+01
 -1.49318454e+01 7.13946305e-03 4.77403989e-01 -6.88791240e-03 1.54653193e+02 1.36971303e+01
 -4.71398057e+00 -6.78356812e-03 -1.58026665e+00 -9.86582339e-03 -1.91577707e+02 1.36993891e+01
 3.83466894e+00 -5.68792994e-03 1.07159105e-01 1.82962328e-03 -3.25316142e+01 1.37009090e+01
 1.66602269e+01 1.36208317e-03 -7.35210912e-01 3.16825262e-03 -2.95107568e+01 1.37031535e+01
 7.09251792e+00 -1.15561496e-03 -2.88731214e-01 -9.63494537e-03 -1.26260635e+02 1.37012721e+01
 -5.30328524e+00 -3.78969272e-03 8.44597318e-01 -4.02287401e-03 -3.35280111e+02 1.36990496e+01
 -5.02618925e+00 1.43929485e-02 1.39946052e+00 -4.51968533e-03 2.49666530e+02 1.36987427e+01
 4.50668803e-02 -2.90262175e-03 -2.94405285e+00 1.95187980e-03 -1.77096248e+02 1.36999771e+01
 1.33169999e+01 -5.82632786e-03 3.12688302e-01 -1.23945021e-03 2.55287715e+02 1.37026583e+01
 -1.72904776e+01 1.97297929e-02 9.57022013e-01 2.58562814e-03 -2.18320596e+02 1.36965826e+01
 -3.20696603e+01 -3.94940316e-03 -8.34155659e-01 -1.87202210e-03 -5.30124021e+02 1.36934851e+01
 6.01403670e-01 -3.14672788e-04 1.16066347e+00 -7.07664208e-03 -6.74055604e+01 1.37000254e+01
 -4.95537796e+00 -3.36207878e-03 -1.36358767e+00 -8.55745632e-03 -1.52914254e+02 1.36989252e+01
 2.49253415e+01 8.84070692e-03 -3.54606986e-01 -6.20743836e-03 1.75489467e+02 1.37048300e+01
 1.99105492e+01 2.41395810e-03 -1.79906853e-01 1.72225597e-05 1.06004561e+02 1.37040864e+01
 1.94694168e+01 -1.97574390e-02 -4.30263545e-01 -2.99214463e-04 -5.82625450e+00 1.37039059e+01
 6.98186895e+00 2.17002224e-03 -4.78769941e-01 -4.89769100e-03 -5.63312635e+02 1.37015201e+01
 -2.74614885e+00 -2.86165593e-04 -2.16678484e-01 4.08929428e-03 -4.26326932e+01 1.36992723e+01
 -7.97315216e+00 5.11660250e-03 -2.45275720e+00 2.95214836e-03 -7.94182034e+00 1.36982752e+01
 -1.98128222e+01 8.11024822e-03 -1.33704656e+00 -9.06517104e-03 -6.51368167e+01 1.36958518e+01
 -6.86546754e+00 6.80842127e-04 -7.86217658e-02 -1.16971350e-03 2.46062263e+02 1.36986203e+01
 -1.72287826e+01 1.02446863e-02 7.49831113e-01 1.01853703e-02 -3.61575059e+02 1.36965868e+01
 5.64232533e+00 -1.06335046e-04 -1.12030267e+00 7.22925806e-03 3.00137741e+02 1.37012568e+01
 -2.13830354e+00 6.41796782e-03 2.00842381e+00 -3.86802605e-03 2.44149187e+02 1.36996463e+01
 -1.03261535e+01 7.06851275e-03 -1.77462312e+00 -2.71522717e-04 6.32221817e+01 1.36977933e+01
 -5.90931303e+00 3.85309612e-04 -1.03125980e-01 8.49804791e-03 -3.31345747e+02 1.36989166e+01
 -7.20479308e+00 -1.50963734e-03 -1.22644201e+00 -6.83514569e-03 -2.04273286e+02 1.36988802e+01
 -1.66180433e+01 7.26927296e-04 -5.75138086e-01 8.74092738e-04 2.78102459e+01 1.36963625e+01
 -2.60628312e+00 -1.40573376e-02 -6.34672685e-01 -2.72677986e-03 9.14770615e+01 1.36991563e+01
 -9.89404431e+00 -1.98246294e-03 -2.01414709e+00 6.38701343e-03 -2.24762205e+02 1.36980406e+01
 -1.18339635e+01 7.81983935e-04 1.97263183e+00 5.25941086e-04 -7.92419143e+01 1.36973569e+01
 1.01264624e+00 -1.33011551e-03 -1.22008157e+00 8.05000179e-04 3.71972884e+02 1.37000794e+01
 -3.58136952e+01 -9.00306841e-03 1.18850390e+00 7.12972587e-03 -2.37997266e+02 1.36930960e+01
 -1.86161108e-02 -9.88600596e-03 -1.03132390e+00 1.88621797e-03 -1.27085736e+02 1.37001802e+01
 7.05517216e+00 -4.36830047e-03 -1.71416771e-01 4.60765653e-03 4.72507324e+02 1.37012134e+01
 2.69683410e+01 -2.05959553e-03 -1.40332718e-01 -5.89809451e-03 -1.90687309e+02 1.37052246e+01
 -2.22308658e+01 -1.06260422e-03 7.91560946e-01 8.45359736e-03 -3.21610902e+02 1.36956543e+01
 -1.85134150e+01 -1.30610588e-02 -2.42140268e-02 -1.90812341e-03 1.40855084e+02 1.36966236e+01
 -3.32674852e+01 1.26923129e-02 -2.31439449e+00 -4.02358618e-03 -3.03965732e+02 1.36932722e+01
 9.35405143e-01 2.12900232e-03 3.10692367e-01 2.52839789e-03 8.65086746e+02 1.37000587e+01
 -1.10756744e+01 5.14050500e-04 -1.03144637e+00 -6.53919156e-03 -2.38969881e+00 1.36978380e+01
 -1.14702538e+01 6.93179589e-03 1.27166471e-01 8.43297258e-03 -3.81737186e+02 1.36976859e+01
 -3.68511264e+00 -8.91572311e-03 -5.99939991e-01 -6.96082415e-04 -2.31346486e+02 1.36993544e+01
 -8.25467771e-01 9.31195003e-03 -1.21195951e+00 4.74741426e-03 4.28383932e+02 1.36996786e+01
 -5.15916090e+00 3.92523196e-03 6.37524236e-01 -1.03788294e-03 -1.08827391e+02 1.36989448e+01
 3.40636175e+00 4.10651959e-03 8.09922334e-02 3.88382977e-03 2.18513781e+02 1.37004811e+01
 1.96025707e+01 1.53914803e-02 1.09518883e+00 -5.34499895e-03 2.55635627e+01 1.37040595e+01
 3.55063779e+00 6.40748877e-03 3.03726110e+00 3.44465331e-03 -2.68297199e+02 1.37004527e+01
 -3.56515344e+00 -6.19920801e-04 5.93512390e-01 -5.72624570e-04 7.95358940e+01 1.36993466e+01
 2.92309411e+01 -8.43986634e-03 -3.53494527e-01 1.07854910e-03 1.17645310e+02 1.37057901e+01
 2.35532707e+01 1.44677854e-03 -1.59083455e+00 -3.21895315e-03 -2.36966975e+02 1.37046330e+01
 -1.17183623e+01 -2.76473119e-03 -7.55445094e-01 -4.99423520e-03 5.97761282e+02 1.36977037e+01
 7.50415606e+00 -2.28313549e-03 1.50180288e+00 -1.82971054e-03 -3.78391647e+02 1.37016937e+01
 -5.46691790e+00 -1.32686596e-02 -3.66597088e-01 4.12597235e-03 5.43677621e+02 1.36990984e+01
 -5.76424690e+00 -4.99424023e-03 -1.72007341e+00 -2.78519590e-03 2.31870522e+02 1.36988860e+01
 -1.77814458e+01 -3.88991113e-03 4.95953371e-01 -1.10258295e-03 2.14938342e+01 1.36961861e+01
 2.52008052e+01 -6.54502018e-03 3.92153440e-01 -5.89719881e-03 -3.09890545e+02 1.37045902e+01
 1.58461906e+01 -1.22384685e-03 -1.26616985e+00 -6.77786725e-03 -1.57807427e+00 1.37033721e+01
 -1.70433395e+01 1.08695175e-02 7.97121664e-01 -1.66844972e-03 1.43130487e+02 1.36967776e+01
 1.91386405e+01 -9.82784479e-03 9.81320794e-02 4.58362667e-03 2.49772352e+02 1.37037744e+01
 1.75003535e+01 -3.81223205e-03 2.83078155e-01 -3.74675699e-03 -7.94324430e+01 1.37035998e+01
 1.22750964e+00 2.66892608e-03 -2.04651095e+00 -5.50232096e-03 4.78855889e+01 1.37003483e+01
 4.06591757e+00 -1.54195822e-02 -1.57695139e-01 1.23312152e-02 -2.42820672e+01 1.37008310e+01
 4.27312436e+00 1.62547834e-03 1.26930522e+00 -1.23724442e-02 -3.09431208e+02 1.37010043e+01
 1.79075456e+01 -2.64518177e-02 -8.02959281e-01 5.05754638e-03 -4.32137326e+01 1.37036294e+01
 1.27602592e+01 2.89614740e-03 -9.54271067e-01 1.71169415e-03 3.85371348e+02 1.37026148e+01
 -3.63699979e+00 -2.25758591e-03 1.27811455e+00 1.03234422e-02 3.12215966e+02 1.36996357e+01
 7.72306889e-01 -1.24941535e-02 -2.94950351e+00 -1.71286345e-02 -2.93857029e+02 1.37002423e+01
 -2.33782968e+00 2.29481267e-04 -1.36430845e-01 -4.92837846e-03 2.30007746e+02 1.36996702e+01
 -2.15101229e+01 2.13492921e-03 8.12816978e-01 -3.04784104e-03 3.29386933e+02 1.36955723e+01
 1.05262771e+01 3.30373267e-03 -3.88715632e-01 3.80040522e-03 -4.10728102e+02 1.37018575e+01
 4.24823032e+00 5.32100835e-03 2.37673286e+00 1.73576521e-03 -8.84188444e+01 1.37006415e+01
 8.54142702e-01 -4.88442805e-03 -4.80597948e-01 6.65915893e-03 4.21629992e+02 1.36999673e+01
 9.68615282e+00 -7.44168512e-04 1.74333641e-01 -1.61446748e-03 6.08773967e+02 1.37018767e+01
 -2.56486776e+00 4.27960818e-03 3.86696015e-01 2.73437584e-03 1.49439552e+02 1.36995091e+01
 1.18245903e+01 1.10993693e-02 -5.62758452e-01 6.16159020e-03 -2.10931689e+02 1.37026305e+01
 -1.28508340e+00 -4.03473074e-03 -1.09775578e+00 -4.46934634e-04 1.33445669e+02 1.36996156e+01
 -1.45567531e+01 4.26201429e-03 8.04672028e-01 -5.99329649e-03 -6.85001253e+02 1.36972594e+01
 -1.18714460e+01 -4.71862154e-03 3.55093591e-01 -5.57132628e-04 -7.64481016e+01 1.36978530e+01
 9.25385294e+00 1.34284743e-02 -1.22709884e+00 1.00590294e-02 1.86318499e+02 1.37017929e+01
 -3.43078258e+00 4.14330972e-03 4.35982872e-01 5.27055839e-05 -5.26478911e+02 1.36994664e+01
 -5.78457469e+00 2.84974690e-03 -6.94506904e-01 -7.75092228e-03 -1.27664982e+02 1.36987961e+01
 -8.33907078e+00 -7.54225451e-04 2.51397772e+00 1.42092193e-02 -2.23596435e+01 1.36981589e+01
 -1.20868419e+01 -2.80030267e-03 1.27103516e+00 -1.91691241e-03 -2.26663477e+02 1.36973625e+01
 -1.46845981e+01 -4.31113402e-03 2.94937640e-04 -1.64307704e-03 -3.17564128e+02 1.36972903e+01
 -5.91565665e+00 3.29160861e-03 -2.38630184e-01 2.77247593e-03 -5.11486840e+01 1.36988452e+01
 -1.17173134e+01 7.11331861e-03 3.78980302e-02 7.31977545e-03 -5.99993014e+01 1.36977345e+01
 -6.13329687e+00 -2.46268902e-03 9.82696485e-01 1.84159121e-03 -1.59162572e+02 1.36989196e+01
 -1.34271793e-01 6.55774783e-03 1.36860904e+00 -3.29542963e-03 4.45802394e+02 1.37000057e+01
 -1.16571524e+01 -9.52395884e-03 1.33473596e+00 -9.90270312e-03 3.93280914e+02 1.36975337e+01
 -1.51022276e+00 -7.64403166e-03 2.11256116e+00 4.72096014e-03 -1.12585956e+02 1.36998436e+01
 -1.26108098e+01 -8.93184908e-03 1.86168538e+00 -1.59075883e-03 -2.00765564e+02 1.36977147e+01
 -4.44289659e+00 -7.06649094e-03 1.09573539e+00 5.54379221e-03 -3.78021116e+02 1.36991132e+01
 6.05081499e+00 2.47859052e-03 4.11941405e-02 -4.40614042e-03 -1.11751461e+02 1.37014571e+01
 -2.44529838e+01 4.06153277e-03 4.08860304e-01 1.22961214e-02 -2.90395664e+02 1.36952780e+01
 6.76458691e+00 6.04831833e-03 5.57257199e-01 2.08752924e-05 -2.08773091e+02 1.37014603e+01
 1.10602428e+01 -1.94427432e-03 -6.76922160e-01 4.88603874e-03 -2.57987089e+02 1.37023756e+01
 6.68511345e+00 -5.06707257e-03 1.77163837e-02 3.49293514e-03 -4.88336803e+02 1.37012613e+01
 1.00124040e+01 -2.64381355e-04 -2.22228538e+00 9.09426829e-03 1.54159906e+02 1.37018999e+01
 -2.31925209e+01 1.61900001e-03 -2.41472646e+00 6.72770998e-04 2.28214589e+02 1.36955186e+01
 1.36238988e+01 -8.67534720e-03 1.37515500e-01 1.64490492e-04 -1.22558852e+02 1.37026852e+01
 4.97418747e+00 -8.27325644e-04 1.25753216e+00 6.77748707e-03 2.91989446e+02 1.37009997e+01
 -9.04395621e+00 -1.04121553e-02 -6.62073072e-01 7.04239115e-03 -8.47686765e+00 1.36980288e+01
 1.67654373e+01 -3.38491326e-04 2.36143228e-01 9.25768755e-03 -2.33437218e+01 1.37033762e+01
 2.74584537e+01 9.21249689e-03 -1.86186184e+00 -3.35600249e-04 -1.44431345e+02 1.37050301e+01
 2.17425568e+01 9.98916690e-04 3.12993577e-01 4.90330084e-03 -3.98037021e+02 1.37044087e+01
 2.66013952e+00 -8.19207872e-03 1.92824078e+00 -2.98586028e-03 -2.36854060e+01 1.37005121e+01
 7.46589936e+00 -5.12308848e-03 8.88237666e-01 -1.18320518e-02 5.55490105e+01 1.37016614e+01
 3.06069968e+00 -3.52469929e-03 3.52467125e-02 5.68645110e-03 -4.08974434e+02 1.37003171e+01
 7.91473918e+00 -6.46900542e-03 -5.24143529e-01 -6.13900259e-04 -5.31438359e+01 1.37016414e+01
 -1.29948635e+01 -6.80452468e-03 5.33693474e-01 -1.96400402e-03 -4.23124032e+01 1.36972680e+01
 -2.23840222e+00 -1.64963870e-02 2.34192634e-03 2.18420834e-03 5.44670854e+02 1.36995601e+01
 1.19274389e+01 5.38863328e-03 -2.21308428e-01 -2.67367908e-03 2.08760652e+02 1.37024286e+01
 8.67879471e+00 3.00268344e-03 -2.40241590e+00 -3.79529213e-03 -5.04335961e+01 1.37016546e+01
 -1.05260615e+00 -3.40881307e-03 -1.37764010e+00 7.48728227e-03 -2.66262191e+02 1.36999471e+01
 -1.08078439e+01 2.78098902e-04 9.99735641e-01 -2.19186795e-03 2.19498417e+02 1.36977945e+01
 -1.52554140e+01 -5.88950429e-03 3.80079762e-01 6.07352227e-03 3.22547186e+02 1.36968704e+01
 -9.45358745e+00 -4.73829690e-03 -3.88283184e-02 -8.93548728e-03 6.10686622e+01 1.36982925e+01
 -2.58191651e+01 -1.50753754e-02 -5.77130128e-02 4.05427285e-03 1.09443483e+02 1.36947279e+01
 -1.81018323e+01 5.33218780e-03 -7.45279184e-01 -2.57649226e-03 6.14085676e+02 1.36965464e+01
 -2.40373585e+01 -1.55371280e-03 1.34142977e+00 -1.04951613e-02 1.73153429e+02 1.36952296e+01
 -2.52572770e+01 -1.14011867e-03 1.07198416e+00 -6.30229043e-03 1.60113812e+02 1.36948264e+01
 4.88283329e+00 6.74410040e-03 3.06271921e-01 -7.18055773e-03 2.44906699e+02 1.37010035e+01
 -1.08137494e+01 9.91645129e-03 2.85095690e+00 2.70396320e-03 1.15202161e+02 1.36976147e+01
 4.32263981e-01 1.32311472e-03 -9.52426661e-01 -2.43118477e-03 3.40179129e+02 1.37001044e+01
 -5.14712827e+00 7.78386809e-03 1.19326393e+00 -5.78214036e-03 1.24513439e+02 1.36992985e+01
 3.74296787e+00 -4.50123514e-03 1.54263332e+00 -6.26471134e-03 -1.09476117e+02 1.37006305e+01
 -8.18688516e+00 7.79653911e-03 2.30277756e+00 4.39341795e-03 -1.04014671e+02 1.36984058e+01
 -4.33442869e+00 6.87220369e-03 -1.40980456e+00 4.10045480e-03 2.10051332e+02 1.36994157e+01
 2.14109156e+00 9.18888299e-03 4.43878681e-01 5.52253572e-03 -4.69737907e+00 1.36999424e+01
 -4.76008537e+00 -9.82862558e-03 -6.07910170e-02 5.55518022e-03 -1.20306879e+02 1.36992085e+01
 -5.14309219e+00 -7.88426844e-03 -2.28145066e-01 -4.55495456e-03 -1.57069661e+02 1.36988537e+01
 1.18878331e+01 3.17369790e-03 3.23810235e-01 4.60616857e-03 -1.37411187e+02 1.37025781e+01
 -1.79989475e+01 -3.40968239e-03 -1.48819341e+00 -7.18387632e-04 5.43910548e+02 1.36966756e+01
 7.55410371e+00 -1.80447198e-03 -1.17091168e+00 -8.60007763e-04 -4.91114505e+02 1.37013297e+01
 -1.55837035e+01 -1.03965823e-03 1.82336939e+00 4.54523063e-04 -1.97758009e+02 1.36966464e+01
 2.38821936e+01 -1.46571830e-03 -4.05454462e-01 -5.26893298e-03 1.81487416e+02 1.37044899e+01
 -9.25172506e-01 -1.08436861e-03 -2.00429230e+00 -1.18391883e-03 1.19113746e+01 1.36995705e+01
 -1.40611980e+01 -5.43147953e-03 9.76973890e-02 6.92561599e-04 2.75514459e+02 1.36971057e+01
 -4.05922927e+00 1.00064905e-04 -2.64578086e-01 1.61831234e-03 2.02675514e+02 1.36993445e+01
 -9.59249754e+00 2.70807993e-03 -1.47492345e+00 4.63482798e-03 1.42789662e+02 1.36980496e+01
 -2.94183015e+00 1.92561090e-03 -1.07035826e+00 -8.25556105e-03 2.64756177e+02 1.36995490e+01
 -1.79956123e+01 5.79981879e-03 -3.46376537e-01 -2.51186805e-03 3.53284687e+02 1.36966632e+01
 1.77598929e+01 -7.06465107e-03 3.19941963e+00 -2.00482399e-03 -2.56422747e+02 1.37033282e+01
 2.51535184e+00 -9.51695024e-03 4.68690503e-01 4.15066590e-04 8.38187523e+01 1.37004170e+01
 1.01523905e+01 4.06416135e-04 1.49349875e+00 -3.35182220e-03 2.96214844e+02 1.37016659e+01
 -1.82759548e+01 -1.35079840e-03 3.20344552e-03 4.47583881e-03 -6.48385272e+02 1.36964364e+01
 7.88460634e+00 -1.46743563e-03 1.14553718e+00 4.85133925e-03 3.43895445e+02 1.37016827e+01
 -1.10918383e+01 -9.14170479e-03 -6.30782766e-01 1.38491322e-02 -1.60657799e+02 1.36974876e+01
 -1.38414091e+01 7.90105452e-03 -8.70131894e-01 -6.77134292e-04 -4.18913147e+02 1.36971180e+01
 -1.78122362e+01 7.39566276e-04 2.99152831e-01 3.60804468e-03 -1.90568781e+02 1.36963147e+01
 2.16335472e+00 2.01780185e-03 7.92477280e-01 7.05398794e-03 2.95169157e+02 1.37007756e+01
 -2.55541853e+00 -6.09707494e-03 -5.60129637e-01 7.67886548e-03 -4.44118473e+01 1.36993701e+01
 2.31729692e+01 -1.38333728e-03 6.81004242e-01 1.14802446e-03 -3.75240679e+02 1.37047040e+01
 9.24926961e+00 -3.59647449e-03 -2.04569825e-01 8.90787844e-03 -4.58505828e+02 1.37023460e+01
 7.93065245e+00 1.56087678e-02 1.02758550e+00 4.36102294e-03 -8.40418519e+01 1.37015718e+01
 8.75402338e+00 -4.04935622e-03 8.69755415e-01 1.37417940e-03 -1.78986262e+02 1.37013738e+01
 -7.41876746e+00 -1.39268288e-03 -5.99136436e-01 -7.74342871e-03 4.04992746e+02 1.36984805e+01
 -8.88148813e+00 6.42955143e-03 -5.62516196e-01 -1.43765445e-03 3.23502539e+02 1.36987713e+01
 6.94549363e+00 2.60641489e-03 -1.66736659e+00 1.37530184e-02 3.21467865e+02 1.37013877e+01
 1.47685481e+01 -1.46254300e-03 5.20901705e-01 1.35347810e-02 2.77229812e+02 1.37030086e+01
 -2.70323605e+00 3.74285497e-03 1.35492378e+00 -7.37428614e-03 3.44379578e+02 1.36994214e+01
 1.42484580e+01 -7.88490704e-03 -4.51365347e-01 9.71122921e-03 4.49959414e+02 1.37027612e+01
 6.54760832e+00 -4.99479253e-05 -6.56144581e-01 7.06913582e-03 2.59780794e+02 1.37013895e+01
 -1.93921475e+01 6.98104655e-04 -1.51411651e+00 2.06409320e-03 -6.02342931e+02 1.36963176e+01
 -1.18767135e+01 9.37985891e-03 1.59134167e+00 -9.42193024e-03 3.31883887e+02 1.36974388e+01
 -2.12254244e+01 -4.77101404e-03 1.10511742e-01 9.87873446e-03 -4.35899289e+02 1.36953853e+01
 1.11096709e+01 -5.13542936e-03 -1.01170564e+00 1.51013065e-03 -1.20013041e+02 1.37021594e+01
 -1.02574778e+01 7.88594101e-03 1.35765824e+00 7.07713020e-03 5.68946156e+01 1.36978714e+01
 5.87842967e+00 6.01738190e-03 -9.82709349e-01 7.78497120e-04 4.20837455e+02 1.37010842e+01
 9.92743750e+00 -5.35918508e-04 -2.89912151e-01 2.10854830e-02 -1.47174538e+02 1.37022046e+01
 3.16021802e+01 -1.00105265e-02 -8.33390884e-01 2.91992132e-03 -1.90002795e+02 1.37062679e+01
 -6.51595632e+00 5.77191173e-03 -3.88352722e-01 -2.07633719e-03 1.73757384e+02 1.36985672e+01
 1.08540993e+01 5.35572411e-03 1.45340177e+00 -7.43069348e-03 -1.04958987e+02 1.37021450e+01
 -1.15486595e+01 6.95740695e-03 -1.64511926e+00 -8.63018560e-03 7.45865183e+01 1.36977022e+01
 -1.31221462e+00 -1.67136933e-03 3.89276068e-01 6.44515247e-03 3.42686897e+02 1.36997705e+01
 -6.70737898e-01 -1.00095099e-03 -4.41702516e-01 6.89145835e-04 2.85198222e+02 1.36999244e+01
 -2.15674155e+01 2.34386993e-04 -2.11184296e-01 9.53013388e-03 -2.28788929e+02 1.36957459e+01
 4.50130455e+00 -2.00162963e-03 8.02660662e-01 -5.10456908e-05 3.18220773e+01 1.37009482e+01
 -4.76770477e-01 -4.58726990e-03 4.80113422e-01 -1.65290050e-03 3.37843015e+02 1.36999463e+01
 -1.88759675e+01 -1.57372175e-03 1.53418487e+00 -1.53902338e-02 3.17860558e+01 1.36959039e+01
 -6.09817835e+00 4.70477648e-03 1.04883511e+00 -4.33339078e-03 -3.52036314e+02 1.36990050e+01
 1.41987920e+01 7.35825657e-03 1.38365380e+00 -3.82684923e-03 4.67013257e+02 1.37026481e+01
 9.07316444e+00 -1.13626502e-03 1.46212659e-01 -3.39341130e-03 -6.65793015e+02 1.37021341e+01
 9.19567689e+00 1.11481623e-02 1.11455596e-01 6.18554284e-04 5.58266949e+01 1.37022217e+01
 2.75803069e+01 -1.11676708e-02 -5.78365746e-01 -1.25112315e-03 -3.42829805e+02 1.37053635e+01
 -1.41640451e+01 -3.96707573e-03 1.77794499e+00 -5.52055849e-03 -4.71869060e+01 1.36976895e+01
 2.09187507e+01 -5.74402786e-03 5.57049175e-01 1.12504762e-02 -4.61772736e+01 1.37040328e+01
 -9.85134850e+00 -2.70073204e-03 -4.71797958e-01 -4.65354716e-03 2.15589773e+02 1.36977485e+01
 -1.93911829e+00 -1.03964141e-02 -2.41800957e-01 4.84247085e-03 2.79435674e+02 1.36997843e+01
 -1.51120158e+01 -2.30579204e-03 1.26143675e+00 1.58285601e-03 -1.07191062e+02 1.36971020e+01
 1.94904543e+01 -5.49205176e-03 3.95607409e-01 5.61945524e-03 5.52155885e+02 1.37038949e+01
 1.54292641e+01 7.47361466e-03 -1.32196903e+00 -5.46227249e-04 8.10536382e+00 1.37029572e+01
 -1.96490135e+01 -3.82993139e-03 5.02748667e-01 -5.30352954e-03 3.36065722e+01 1.36960051e+01
 -4.74151782e+00 1.18659422e-03 -4.94287165e-01 1.20272560e-03 1.06910964e+02 1.36994503e+01
 1.44311117e+01 2.79220065e-03 1.59431067e+00 2.60363277e-03 4.09771814e+02 1.37030931e+01
 4.46548675e+00 -3.91496630e-03 1.05742329e+00 2.60704111e-04 1.72860343e+02 1.37008385e+01
 -6.19139195e+00 1.09090892e-02 1.85736835e+00 4.52669062e-03 -2.07008601e+02 1.36990171e+01
 -4.32068748e+00 -7.80683403e-03 -1.43723525e+00 6.93274615e-03 2.37723455e+02 1.36992713e+01
 -1.65327349e+01 -1.13619065e-02 6.00073988e-01 2.76659316e-03 4.01865872e+02 1.36965367e+01
 -2.41393684e+00 2.30702281e-03 -9.12810516e-01 3.72429098e-03 -1.63089615e+02 1.36994806e+01
 -2.40135726e+00 2.07423354e-03 3.67517848e-01 1.25164208e-03 2.26643918e+02 1.36991171e+01
 1.53514525e+01 -4.30933601e-03 -1.29157945e+00 1.98273835e-03 -3.39496182e+02 1.37032680e+01
 8.14884802e+00 -2.60344231e-03 1.15577846e+00 -1.95296858e-03 -1.53056413e+02 1.37011868e+01
 6.57306914e+00 -5.60705471e-03 -2.94684850e+00 5.80388264e-03 -1.90074398e+02 1.37012725e+01
 -1.00972497e+01 6.65577377e-03 -1.19789951e+00 5.55302131e-03 5.50549702e+01 1.36974134e+01
 1.94711160e+01 -1.01659391e-02 -5.50747574e-01 3.31031903e-03 3.51485789e+02 1.37038828e+01
 -2.50823820e+00 4.49787702e-03 2.13236157e+00 -2.73276612e-03 5.72188733e+02 1.36995802e+01
 2.61946200e+01 5.49343193e-04 2.39543052e-01 -2.17166998e-03 2.98926925e+01 1.37053755e+01
 -1.71292655e+01 7.05511400e-03 1.53236615e+00 -1.14203154e-02 -6.94365018e+02 1.36962793e+01
 1.18661676e+00 -1.52102561e-04 -1.82417873e-01 3.28780686e-03 -1.96384824e+02 1.37000710e+01
 4.09475685e+00 3.64369498e-03 -1.07484472e+00 6.32307677e-04 9.11740712e+01 1.37009003e+01
 2.06980595e+01 -1.31811865e-02 9.27829329e-01 -1.17758915e-03 5.72676238e+01 1.37039871e+01
 -1.79384127e+01 2.49829106e-03 -5.94243848e-01 5.56043550e-03 -4.65942045e+02 1.36961886e+01
 -9.53887067e+00 -8.74252008e-04 -6.56223738e-01 -5.83231986e-03 2.85370971e+02 1.36982887e+01
 6.50006741e+00 3.44288060e-03 -8.37721757e-02 -7.20985389e-03 -4.81028774e+01 1.37016400e+01
 -4.11655158e+00 2.22823488e-03 1.25657940e+00 -3.66685816e-03 3.22260169e+02 1.36994675e+01
 1.11459515e+00 3.17688697e-03 -6.08974104e-02 5.39418537e-04 -1.10245213e+02 1.37001601e+01
 -4.71662735e+00 4.94147032e-04 1.76361227e-01 9.48334051e-03 -3.37520815e+02 1.36989921e+01
 7.15537117e+00 -4.26667314e-03 -2.14679639e-02 -3.15963100e-03 -2.40845952e+02 1.37013855e+01
 2.97331378e+00 7.04540805e-03 -8.80701331e-01 -6.32384714e-03 -2.99114428e+02 1.37007066e+01
 -4.23195327e+00 4.72587544e-03 -1.19360676e+00 5.71730652e-03 -2.02649578e+02 1.36992603e+01
 6.67671957e+00 -1.02683143e-02 4.30192181e-01 7.04166282e-03 -4.32044436e+02 1.37015492e+01
 -3.03454168e+01 6.84281589e-04 -3.93883521e-01 3.01268917e-04 -5.69146703e+01 1.36939487e+01
 9.35970536e+00 -1.00029966e-02 1.20000279e+00 -3.12603494e-04 -2.09200996e+02 1.37014501e+01
 -2.28074536e+00 6.21472908e-03 4.01901004e-01 -6.60604066e-03 -1.01618098e+02 1.36998105e+01
 5.38137440e-01 2.09046893e-03 7.88922473e-01 1.33394210e-02 1.42838123e+02 1.37005408e+01
 -4.52253915e+00 9.38252725e-03 1.91075559e-01 6.67816126e-03 -2.05258523e+02 1.36986042e+01
 4.62238328e+00 5.33544175e-03 -1.69470155e+00 -6.70437159e-03 5.57758175e+01 1.37007965e+01
 1.86368752e+01 -2.19606662e-03 1.97241692e-01 -9.35740429e-03 9.84742836e+01 1.37038024e+01
 -6.30428399e+00 -2.58639057e-03 2.78004299e-01 -2.22100968e-03 3.19714265e+01 1.36985745e+01
 1.89560074e+01 -4.72822466e-04 -6.59498452e-01 -6.97172494e-04 -1.24301636e+02 1.37037495e+01
 -1.51446768e+01 4.36433001e-03 -7.05122271e-01 -6.19049566e-03 -1.08683741e+02 1.36968444e+01
 -1.43240712e+01 7.76341576e-03 5.04050853e-01 -5.23098588e-04 2.58761064e+02 1.36971042e+01
 2.50009110e+01 3.08607227e-03 2.01655852e+00 -4.02366965e-03 2.61073446e+02 1.37051498e+01
 4.46028663e-01 -2.86786460e-03 -5.02489432e-01 -5.41686136e-03 1.32835711e+02 1.37000216e+01
 3.04991457e+01 3.73432082e-03 -1.62211172e+00 -1.04269174e-02 -2.30185246e+02 1.37062921e+01
 -3.13188854e+00 5.49285867e-03 1.20841105e+00 -3.03313595e-03 -1.63151782e+02 1.36992753e+01
 2.34247674e+00 -5.57443134e-04 4.48789895e-01 -2.15517160e-03 -1.47982181e+02 1.37003555e+01
 6.67022342e+00 -6.07028521e-03 -9.72658602e-01 -9.84041328e-03 1.65839631e+02 1.37011200e+01
 -2.18322455e+00 7.92047080e-03 1.68621029e-01 -1.53373956e-03 5.36591020e+02 1.36993840e+01
 -8.38780478e+00 -1.67261505e-02 1.19310046e+00 -1.40428594e-02 2.52213582e+02 1.36980702e+01
 1.07684393e+01 3.14123446e-03 8.70296881e-01 -1.58557186e-03 -6.87178648e+01 1.37022471e+01
 -3.55271251e+00 4.61882650e-03 -1.75409383e+00 6.06470417e-04 2.16351056e+02 1.36993165e+01
 -1.10284383e+01 2.07341515e-03 9.27176599e-01 3.71415869e-03 -7.09343462e+01 1.36976531e+01
 -2.55628593e+01 1.82855769e-04 -1.15756400e+00 4.19590697e-03 -8.71104775e+01 1.36951138e+01
 -2.77785024e+00 -2.43177459e-03 -5.12794290e-01 1.14541784e-03 3.67462811e+02 1.36993004e+01
 1.14497287e+01 3.42689781e-03 4.51493581e-01 1.40465641e-02 -2.93356330e+02 1.37026912e+01
 -1.94267721e+01 -1.19879600e-02 1.20317418e+00 -4.75847088e-03 -8.66407842e+02 1.36963940e+01
 2.96575087e+00 6.22485074e-04 4.28953992e-01 -6.00829983e-03 -3.62822079e+01 1.37007988e+01
 -1.78321408e+01 -7.18883593e-03 4.55453022e-01 3.72435675e-03 3.71222983e+01 1.36965154e+01
 1.79249211e+01 1.45032123e-02 1.43484237e-01 -3.37878650e-03 -6.59486838e+02 1.37032592e+01
 1.96078009e+01 3.74330491e-03 -2.00143836e+00 6.79044669e-05 -1.04375282e+02 1.37039543e+01
 -1.87963300e+01 2.30275703e-03 2.24742172e+00 -1.60518440e-03 9.45693462e+01 1.36962188e+01
 -2.25616351e+01 -3.11129446e-03 -2.03218279e-01 6.85120969e-03 3.25610683e+02 1.36956900e+01
 -7.97083392e+00 -9.82712190e-03 -3.11643714e-01 6.40070876e-03 -3.52262071e+02 1.36981698e+01
 2.63818283e+01 -1.85898116e-02 -1.48015971e+00 -8.11373614e-04 2.11104235e+01 1.37051273e+01
 -1.07519890e+01 7.19800302e-03 -1.72152005e+00 1.89868506e-03 1.59345359e+02 1.36979037e+01
 -6.05950527e+00 2.60176028e-03 -1.04785445e+00 -2.40396581e-03 1.27047649e+01 1.36985874e+01
 1.22745885e+01 5.52971360e-03 -8.93811035e-01 -1.55483381e-02 -1.63411448e+02 1.37021183e+01
 2.10203775e+01 -7.53788772e-03 -1.97296028e+00 5.92857355e-03 -1.15735892e+02 1.37042188e+01
 -3.22161643e+00 -1.40597676e-02 -6.17104453e-01 2.70946202e-03 4.55036889e+01 1.36992948e+01
 1.04879048e+01 2.30125629e-03 1.02421680e+00 -1.86093640e-03 3.04233164e+02 1.37022499e+01
 1.11597680e+01 -1.41366091e-02 2.45623910e+00 -8.22598340e-04 3.03208326e+02 1.37022462e+01
 1.12778139e+01 3.46447754e-04 6.79407531e-01 7.61084914e-03 -4.75155661e+01 1.37022937e+01
 4.10896919e+00 9.91374169e-05 4.82025766e-02 -5.50404532e-03 1.02791602e+01 1.37006086e+01
 -2.50666687e+00 4.76322709e-04 -1.30241390e+00 8.59994290e-04 -7.06811269e+02 1.36995187e+01
 4.25375390e+00 6.70418558e-03 5.62550327e-01 7.71164126e-03 2.03946783e+02 1.37006947e+01
 -2.12293406e+00 -1.29975098e-03 -2.73010521e+00 5.00600974e-03 -3.06503740e+02 1.36993533e+01
 -6.46804702e+00 6.08846492e-03 1.50679985e+00 -3.62176853e-04 3.20507313e+00 1.36987332e+01
 9.65246980e+00 -3.01545851e-03 1.39226065e-01 -7.12552286e-03 -3.76797730e+02 1.37021208e+01
 -1.10178676e-01 5.35561172e-03 9.41578897e-01 -6.30703033e-03 -2.53717246e+02 1.37000533e+01
 5.64581688e+00 6.43940747e-03 -1.21986205e-01 -7.78282370e-03 9.67541444e+01 1.37011112e+01
 -1.66289467e+01 -2.16509703e-03 5.09189606e-01 8.05048293e-03 2.06065327e+02 1.36968378e+01
 -1.68842891e+01 3.90569889e-03 -4.53418487e-01 -1.72600076e-03 1.52306214e+02 1.36970756e+01
 2.02058475e+00 4.63324229e-03 4.58549647e-01 -1.97446911e-03 -1.97270458e+02 1.37004754e+01
 -2.10985229e+00 6.84778704e-03 5.80257818e-01 6.51512048e-03 -9.23328736e+01 1.36995385e+01
 6.32157682e+00 2.32445293e-03 -1.05463488e+00 4.32662146e-03 -1.69219107e+02 1.37011635e+01
 2.44121391e+00 -5.31764464e-03 3.40075413e-01 -1.08486684e-02 -1.06512146e+02 1.37003887e+01
 1.38826184e+01 1.58190053e-03 1.06906892e+00 -3.97642804e-04 1.04146303e+02 1.37031487e+01
 -1.75093331e+01 -2.58260976e-03 -8.02434189e-01 1.35119227e-03 -1.18230862e+02 1.36967104e+01
 6.70046089e-01 7.72533763e-03 2.19587198e+00 -7.08737797e-03 -1.37050906e+01 1.36999335e+01
 -9.22011697e+00 -9.83913908e-03 5.90660203e-01 4.93000675e-03 -2.44077525e+02 1.36984292e+01
 -3.49218166e+01 -8.02797420e-03 -1.66318170e+00 3.81109980e-03 4.19218525e+01 1.36930248e+01
 -2.03545444e+01 6.73449428e-03 1.70930493e+00 -6.29529992e-03 1.35273829e+02 1.36958648e+01
 1.94111878e+01 5.36919432e-03 7.45277227e-01 -6.91779221e-03 8.59565049e+01 1.37039815e+01
 7.41684712e+00 -4.34499553e-03 -1.17081838e+00 -6.36265552e-03 3.41331963e+02 1.37014943e+01
 2.65880146e+01 3.24509455e-03 -3.17549044e-01 -1.17768152e-03 3.59416227e+02 1.37049303e+01
 1.16243911e+01 5.62384429e-03 -1.47572035e+00 5.04316861e-03 3.19462238e+02 1.37023819e+01
 -2.12140406e+01 5.51533458e-03 -8.85146801e-01 5.33528934e-03 -3.05871355e+02 1.36955951e+01
 1.57320865e+01 4.77904978e-03 -1.09402852e-01 6.79861942e-03 2.85206162e+02 1.37033979e+01
 -2.54761509e+01 -2.11136151e-03 -1.25465342e+00 1.47117988e-03 8.10046572e+01 1.36949772e+01
 -2.46235896e+00 -2.40863975e-04 3.17921698e-01 2.58049056e-03 4.42270646e+02 1.36995925e+01
 -9.81302748e+00 -1.96532087e-03 -1.63867678e-01 1.05957975e-02 2.32543993e+02 1.36980255e+01
 -1.79810694e+01 -4.30952795e-03 6.22082598e-01 3.85790198e-03 -8.19206189e+00 1.36965458e+01
 2.04522083e+01 -1.23510925e-02 -2.52606888e-01 5.58509368e-04 -5.75181674e+01 1.37041492e+01
 3.05172109e+00 3.01326166e-03 -1.55225954e-01 -6.13141350e-04 2.87172615e+02 1.37007691e+01
 7.45255270e-01 -7.40310588e-03 1.26375783e+00 9.87201676e-03 -3.67349177e+02 1.37004595e+01
 -1.44477566e+00 -2.36081707e-03 -6.71584900e-01 -3.28511392e-03 6.26018617e+02 1.36996594e+01
 1.13882175e+01 -9.74206625e-03 7.20461470e-01 -2.25841615e-04 3.59159755e+02 1.37023629e+01
 -2.65233009e+01 -5.65363635e-03 1.22655285e+00 -4.03704823e-03 -3.69719260e+02 1.36950393e+01
 1.33698004e+01 -1.50220375e-03 5.45645545e-02 1.03795930e-03 -4.24766827e+02 1.37027212e+01
 1.60411449e+01 2.37176168e-03 -6.30428514e-01 -2.36806637e-03 -9.34675654e+01 1.37027709e+01
 -7.05029301e+00 5.71105707e-04 1.51752199e+00 -2.69044243e-03 1.07736583e+01 1.36983169e+01
 5.23189904e+00 -5.49032113e-03 -1.69752078e+00 -6.48601447e-03 2.31723623e+02 1.37009082e+01
 2.83237560e+00 -9.06623910e-03 -3.86493125e-01 -2.37249245e-03 2.46687804e+02 1.37003907e+01
 -1.72571246e+01 -1.07544584e-02 1.88713373e+00 -4.78583923e-03 5.29756676e+01 1.36969261e+01
 -1.94350100e+01 2.46419997e-03 5.35201710e-01 7.38142620e-03 -3.73263548e+02 1.36959993e+01
 -8.91984186e+00 -5.46497120e-03 1.71014605e+00 3.01807913e-03 2.09002529e+01 1.36983519e+01
 -2.08617394e+01 1.87996246e-03 3.09949681e-01 2.30456590e-03 -1.79448969e+02 1.36958694e+01
 -6.96916509e+00 6.25301142e-03 -2.38099630e-01 -3.17658970e-03 5.10576391e+01 1.36987306e+01
 -3.85107888e+00 -2.33908443e-03 1.47946713e+00 3.87390672e-04 -4.69984131e+02 1.36990072e+01
 5.46000026e-01 -1.37814184e-04 5.39108687e-01 5.64035878e-03 -5.80488590e+01 1.37000943e+01
 9.66134929e+00 -1.11330562e-02 7.17538407e-01 1.26176995e-02 4.75096960e+02 1.37022275e+01
 3.60965422e+00 7.68105950e-03 2.82809859e-01 1.65701119e-02 -3.06815917e+02 1.37010189e+01
 4.72553313e+00 1.38154187e-02 8.19684683e-01 -2.19818395e-03 3.95327920e+02 1.37007562e+01
 1.60484880e+01 -2.10120737e-03 1.08060447e+00 1.68639275e-03 2.71250663e+02 1.37031636e+01
 3.74605267e+00 -2.62831617e-03 -1.05320779e+00 7.22098262e-03 -7.80531792e+00 1.37006563e+01
 -1.23137301e+01 -5.83975361e-03 2.11508050e-01 2.77067502e-03 1.27997341e+02 1.36975377e+01
 1.80469193e+01 2.63048337e-03 -2.34192158e+00 2.56346747e-03 -4.04626648e+02 1.37032467e+01
 -8.61608200e-01 -1.51330398e-03 1.13522068e+00 2.43349586e-03 -9.33232973e+01 1.37002198e+01
 6.63854866e+00 5.87800966e-03 9.92588894e-01 4.09880424e-03 -1.21264487e+02 1.37012013e+01
 1.42559772e+01 -9.93394458e-03 1.60945548e-01 -8.36789735e-03 2.51728747e+02 1.37028258e+01
 -5.23063931e+00 -3.04072185e-03 7.26166496e-01 3.58772606e-03 -3.26025743e+02 1.36986032e+01
 1.70649861e+01 5.36780058e-03 1.19241620e+00 3.64950528e-03 -1.58796682e+02 1.37033110e+01
 -4.42074816e+00 -5.30675719e-03 9.61697042e-01 1.31736366e-03 1.84784667e+02 1.36991159e+01
 -2.42748345e+00 9.16765808e-05 -1.55883554e+00 2.80049207e-03 -1.11335457e+02 1.36996065e+01
 -1.00628990e+01 -1.84555054e-03 1.94846688e+00 4.78082904e-03 2.14499089e+02 1.36980931e+01
 -2.80050383e+01 1.45190439e-03 -7.66634682e-01 -1.20795705e-03 2.04488026e+02 1.36939599e+01
 1.26069537e+01 -6.05258966e-03 1.34211531e+00 9.98517575e-04 -1.68212770e+01 1.37025331e+01
 -3.38673541e+00 1.28759169e-02 -2.62625696e-01 -2.36608621e-03 1.84315391e+02 1.36994758e+01
 4.17568723e+00 2.22070990e-03 6.36737204e-02 4.24376904e-03 -1.56950388e+02 1.37010837e+01
 3.98177397e+00 -9.80059261e-04 1.37898859e-01 -3.71721340e-03 -3.66020194e+02 1.37009563e+01
 -9.11454923e+00 -5.98569776e-03 1.37738372e-01 8.24420711e-03 -3.46763276e+02 1.36982640e+01
 -1.40729260e+01 -9.89082551e-06 -4.64696394e-01 7.80318681e-03 -5.10651345e+02 1.36975279e+01
 6.97531018e+00 -5.33558606e-03 -2.00669297e+00 -5.62083120e-03 4.17129610e+02 1.37012101e+01
 3.16798689e+01 -3.38906164e-03 -6.18338440e-01 6.77445880e-03 1.91491919e+02 1.37064328e+01
 2.83103311e+00 -6.13556053e-03 4.42390206e-01 -8.58352207e-03 -3.85721865e+02 1.37006516e+01
 1.69384533e+01 6.85300238e-03 1.85621795e+00 -3.15003501e-04 1.21354073e+02 1.37034344e+01
 1.68190266e+01 3.28977834e-03 1.24457258e+00 -8.80684217e-03 2.47806943e+02 1.37030999e+01
 -1.06184188e+01 4.79458556e-03 -2.52645991e-01 5.37426486e-04 4.59589952e+02 1.36974494e+01
 4.85130232e+00 -9.11421315e-04 2.75318145e-01 5.31657179e-03 -4.37102986e+02 1.37005613e+01
 2.10995588e+00 4.38713416e-03 -2.08292740e+00 7.46537756e-03 4.30627320e+01 1.37004677e+01
 -2.13532345e+01 1.19030965e-02 -6.41290921e-01 -1.81310412e-04 3.82207637e+01 1.36954951e+01
 4.20944975e+00 5.86417528e-03 -7.25650652e-03 5.68533354e-03 -6.41537078e+01 1.37008817e+01
 1.00511801e+01 5.49052250e-03 9.80061603e-01 -1.07560428e-03 4.02895872e+02 1.37019261e+01
 1.22406199e+00 -4.77631529e-03 -8.42396475e-01 -3.20112056e-03 -1.73668401e+02 1.37005238e+01
 1.40470329e+00 4.95583937e-03 -1.28540671e+00 7.92682437e-03 -1.95261675e+02 1.37006880e+01
 -9.28423486e+00 4.50978939e-04 2.52646306e+00 1.02513858e-02 2.98235049e+02 1.36978650e+01
 2.15940644e+01 1.18220192e-02 1.37347469e+00 1.08833873e-02 -4.04724576e+01 1.37044226e+01
 2.02284215e+01 7.65500685e-03 1.70853727e+00 1.39248854e-03 -5.44625072e+01 1.37041387e+01
 -6.69032028e+00 -2.08432585e-02 -1.98215924e+00 -3.87129478e-03 3.41238071e+02 1.36983320e+01
 1.96159322e+00 -6.24215564e-04 2.09164924e+00 9.96571172e-03 -3.72130055e+02 1.37000399e+01
 1.58630836e+00 5.27864178e-03 2.31247742e+00 -1.13874486e-02 6.15859130e+01 1.37004232e+01
 1.66271622e+01 8.26956620e-03 1.00779331e+00 1.61811459e-02 -1.13939178e+01 1.37035317e+01
 -1.71270534e+01 3.39309407e-03 1.32472362e+00 -2.02772139e-03 4.38460898e+02 1.36964696e+01
 -1.23759250e+01 1.19088881e-02 2.29348031e-01 3.77946148e-03 7.57162132e+01 1.36976471e+01
 -1.59388266e+01 -5.46048847e-04 -6.51686625e-01 -8.32835059e-03 7.13554235e+01 1.36968931e+01
 9.78741935e+00 -3.82003387e-03 6.12515567e-01 -3.15772981e-03 -2.78011999e+02 1.37020588e+01
 -1.81865821e+01 2.12548616e-03 1.26370209e+00 9.11648880e-03 2.84421636e+02 1.36964290e+01
 2.50049666e+01 1.48567518e-02 1.77933032e-01 -4.33587275e-03 -6.03448295e+01 1.37048954e+01
 -1.09339490e+01 2.37407191e-03 1.05885087e+00 -2.24444625e-03 3.03876712e+02 1.36975310e+01
 4.04271976e+00 1.79979871e-02 -7.12808300e-01 -8.42015791e-03 -3.16202284e+02 1.37007243e+01
 9.72699148e+00 -7.10719801e-03 1.48246564e+00 8.70247285e-04 1.08662040e+02 1.37020141e+01
 -1.96615024e+01 3.08494547e-03 -6.41439094e-01 7.35989164e-03 -3.71577088e+02 1.36957531e+01
 7.93998376e-01 9.49498512e-03 2.45862153e-01 5.60367527e-03 4.03548022e+02 1.37003025e+01
 -7.31906333e-01 -4.57448137e-03 -2.09247577e+00 1.06496740e-02 -8.63078521e+01 1.36998436e+01
 -3.67177474e+01 -7.30530621e-03 -9.02227083e-01 -3.32872317e-05 4.15162376e+01 1.36929350e+01
 -3.13605997e+00 7.73622279e-03 -6.06136497e-01 7.39692889e-05 -3.18913061e+02 1.36994469e+01
 -6.13643728e+00 -1.99302772e-03 -1.56860218e+00 -5.23662579e-03 -7.30267418e+01 1.36989099e+01
 1.40343151e+01 8.06864593e-03 7.30018981e-01 -3.45983217e-03 2.19835738e+02 1.37027663e+01
 1.15796942e+01 -2.12806089e-03 1.57176339e+00 4.93348169e-03 -1.11391436e+02 1.37025342e+01
 6.69191505e+00 -1.06716247e-02 -5.76808486e-01 9.70422792e-03 4.04553322e+02 1.37009738e+01
 -1.54625999e+01 -1.27613992e-02 -9.62922415e-01 3.77520845e-03 4.04706636e+02 1.36967192e+01
 -1.56786635e+00 8.76854550e-03 1.57475469e+00 -3.60648795e-03 1.34446113e+02 1.36997774e+01
 2.53287791e+00 -3.17944784e-03 3.86228594e-01 7.69533391e-03 -1.91427417e+02 1.37005992e+01
 2.17443179e+00 -9.25629061e-04 5.48342204e-01 5.95486870e-03 1.61215140e+02 1.37002711e+01
 -2.17806890e+01 1.08352505e-03 1.17225173e+00 -1.08931428e-02 3.29364159e+02 1.36956450e+01
 1.17964919e+01 5.85961140e-03 -3.81543684e-02 2.18350713e-03 -4.66093781e+02 1.37023105e+01
 -4.37182848e+00 -1.18161036e-02 -9.16904042e-01 4.34627541e-03 -8.81761111e+01 1.36992993e+01
 3.22931256e+00 3.64972819e-03 -5.80407940e-01 -8.17088930e-03 2.01930473e+01 1.36999651e+01
 -6.61488591e+00 1.10653189e-02 1.45679419e+00 -1.07846012e-02 -3.81259918e+02 1.36986534e+01
 -2.62801266e+00 1.05855147e-02 -1.47313935e-01 4.89238895e-04 1.34249432e+02 1.36991953e+01
 -4.70363285e-01 -2.41980015e-03 1.17163348e+00 -2.33794882e-03 -1.97872917e+02 1.36998425e+01
 2.46115424e+01 -7.06000308e-03 4.38683092e-01 6.85726018e-03 -2.39730212e+02 1.37049055e+01
 -2.00828478e+01 -6.69297405e-03 -2.51058464e+00 1.12387355e-02 -2.10698401e+02 1.36958081e+01
 -1.50061731e+01 6.81121197e-03 -4.23646035e-01 -5.05399502e-03 1.68391697e+02 1.36971536e+01
 -1.98657782e+01 -3.10336328e-03 -2.55384993e+00 1.21743293e-02 1.08894226e+02 1.36961114e+01
 -1.23302191e+00 -9.47602064e-04 1.01400404e+00 -1.38136196e-03 1.60219940e+02 1.37001472e+01
 -1.54890085e+01 -1.11125113e-02 -5.50962991e-01 8.96438845e-04 -1.10003675e+02 1.36974391e+01
 -1.28542787e+01 -4.01943866e-03 -1.05219202e+00 2.67759824e-03 2.05634514e+02 1.36974289e+01
 1.19405799e+01 5.37518224e-03 -2.79631505e+00 1.01215971e-03 4.15791529e+01 1.37025857e+01
 -2.80765518e+00 -2.03386796e-03 -1.08688043e+00 1.48502274e-03 2.17512910e+02 1.36995294e+01
 7.08164220e+00 8.22148285e-03 2.73133982e-02 3.33104783e-03 2.90299239e+02 1.37013992e+01
 -5.30602752e+00 3.09294930e-03 4.02297438e-01 -7.53453835e-03 7.59533227e+01 1.36988751e+01
 -1.57195793e+00 7.63981207e-03 2.66912723e+00 2.43233173e-04 -4.35628860e+02 1.36998389e+01
 1.16916691e+01 -6.30148222e-03 -3.16959610e-01 -7.65955986e-04 -7.44224548e+01 1.37020274e+01
 1.44127486e+01 -1.04297691e-02 -9.50085714e-01 3.15869852e-03 1.56914663e+02 1.37025623e+01
 2.54394410e+01 -7.09374934e-03 -1.20819517e-02 -9.47342758e-03 2.77390183e+01 1.37048508e+01
 -3.58085807e+00 -3.67079909e-03 2.34480927e+00 7.86469044e-03 -1.88599595e+02 1.36993574e+01
 -2.42320454e+01 -1.04093326e-02 1.34260723e+00 5.93912809e-03 -4.96298469e+02 1.36951082e+01
 -1.16961095e+01 -1.80895725e-02 6.40882538e-01 1.71579256e-03 1.61893792e+02 1.36977920e+01
 1.23444167e+01 -9.14320645e-03 1.80214353e+00 1.74718728e-03 -2.33974040e+02 1.37022493e+01
 -5.45625146e+00 7.15713864e-03 2.95502728e+00 1.91220761e-03 -2.33518273e+02 1.36987520e+01
 2.71860966e+01 4.57705190e-04 5.78109922e-01 1.17307706e-03 6.28390430e+02 1.37053592e+01
 5.53017865e+00 2.29978269e-04 -8.50674585e-01 -7.78723165e-04 7.03078101e+01 1.37015176e+01
 -1.31356961e+01 -7.68206571e-03 1.89207453e+00 4.57166937e-03 1.65146426e+02 1.36971978e+01
 -7.63118876e-01 -5.06223979e-03 -1.47748322e+00 1.16650093e-02 -3.51756754e+02 1.36997189e+01
 2.32983381e+01 -3.81310821e-03 -1.10016121e+00 7.63566967e-03 -3.70805130e+02 1.37046219e+01
 3.36175108e+01 1.05410217e-02 -1.44857139e+00 -9.19831360e-03 4.46780382e+01 1.37065710e+01
 -3.56498103e+00 -5.01605345e-03 -1.44476302e+00 1.28877265e-03 1.26986089e+02 1.36992085e+01
 -8.83235320e+00 -2.12261125e-03 8.20066725e-01 -9.24869928e-05 -4.83882189e+02 1.36981350e+01
 8.55394216e+00 -1.01149966e-03 6.64757751e-03 6.56308166e-03 5.01850325e+02 1.37019696e+01
 -2.27971213e+01 -4.37475872e-03 9.31059097e-01 5.76805869e-03 -2.84969917e+02 1.36953761e+01
 -3.58174029e+00 -2.27774192e-03 -9.25453155e-01 3.44419700e-03 2.49148961e+02 1.36992937e+01
 1.04017342e+01 1.93506257e-03 -2.09080513e-01 5.94428654e-03 5.55406939e+02 1.37021144e+01
 -9.73242417e+00 1.13981154e-02 -6.12719334e-02 6.54240422e-03 1.90333792e+02 1.36980913e+01
 3.51706783e+00 1.55233831e-03 -5.49996733e-01 4.74265183e-03 1.49479652e+02 1.37004826e+01
 1.75643294e+00 7.92895095e-03 1.09294050e+00 -3.42571437e-03 1.82092104e+01 1.37003972e+01
 -1.83258583e+00 -8.48421322e-03 1.11238607e+00 -1.11585849e-03 2.86189425e+02 1.36998163e+01
 -2.47495252e+01 -1.43024984e-03 2.44422860e-01 -9.12611514e-04 3.04237922e+02 1.36950057e+01
 1.04465181e+01 5.74400906e-03 6.38195225e-01 -2.27635944e-03 -5.66064675e+01 1.37022625e+01
 -1.11209438e+01 1.10411481e-02 -4.23881272e-01 7.95725401e-03 1.49896811e+02 1.36976753e+01
 1.27644917e+01 4.89206119e-03 5.47103374e-01 -1.44030370e-03 -3.49114128e+02 1.37026896e+01
 8.35417409e+00 7.11841371e-03 -1.68021935e+00 -2.65679863e-03 4.78185434e+02 1.37014315e+01
 -1.26191198e+01 -7.22500678e-03 -3.72794246e-01 1.89997935e-03 -1.79900027e+02 1.36974282e+01
 1.60477743e+00 -8.89126197e-03 -1.09354594e+00 9.66250926e-03 -7.11504260e+01 1.37004022e+01
 2.81991932e+00 -1.01906608e-02 2.31111690e+00 3.04120310e-03 -3.20352596e+02 1.37004575e+01
 3.86664448e+00 -3.20989903e-03 -1.80051086e-01 -5.31645125e-03 3.80941608e+02 1.37008189e+01
 -2.39875633e+00 -8.57628999e-04 1.40553647e+00 -7.08133022e-04 -4.88394393e+02 1.36993136e+01
 6.83895302e+00 6.40494333e-03 2.11344719e+00 -2.63673477e-03 -1.64787437e+02 1.37012748e+01
 -8.32808260e+00 -1.09659754e-02 -7.55151532e-01 4.19035361e-03 -3.68858572e+02 1.36983195e+01
 1.76055029e+00 -9.86944094e-03 5.11639413e-01 -2.48859090e-03 1.47805808e+02 1.37001995e+01
 -1.61123159e+01 2.30164661e-02 3.37294583e-01 4.18285344e-03 -1.65009755e+02 1.36970593e+01
 -1.35213199e+01 -8.41581775e-04 -4.10054460e-01 4.64634402e-03 -3.81233489e+02 1.36972624e+01
 2.61469189e+01 -5.77912582e-04 -2.97809933e-01 6.50465546e-03 1.37880801e+02 1.37052638e+01
 -2.06651286e+01 3.68258552e-03 -5.29139110e-01 4.05911128e-03 -5.89786022e+02 1.36957379e+01
 5.29963988e+00 -2.04838886e-02 3.89433207e-01 -4.07262068e-03 5.27111905e+01 1.37011105e+01
 -1.27968769e+00 3.02350553e-03 -1.35484501e+00 -4.92820517e-03 -3.75475580e+02 1.36995870e+01
 1.09868627e+01 -1.15295757e-02 -5.07818887e-01 -2.96127320e-03 5.05438421e+01 1.37023550e+01
 1.89663547e+01 9.01425581e-03 -8.24077444e-01 2.96914221e-03 4.72362139e+02 1.37039927e+01
 -1.15123454e+01 7.66942885e-04 5.96951512e-01 1.70121836e-03 1.24280359e+02 1.36976869e+01
 -7.51328669e+00 -7.27202174e-03 -4.93876190e-01 6.13075079e-03 -9.71186937e+01 1.36986741e+01
 1.33607819e+01 -1.40991098e-02 2.19026685e-01 1.58681132e-03 -1.09498218e+02 1.37028259e+01
 -4.55551101e+00 -8.50553896e-03 -3.22881847e-01 -4.55677870e-03 -5.32602079e+02 1.36992179e+01
 -4.55950357e+00 -8.57154015e-04 -1.29868458e+00 -5.16571676e-03 -6.01977723e+01 1.36990987e+01
 2.41403367e+01 -8.18681644e-03 3.55405437e-01 -1.75875263e-03 8.49130837e+02 1.37047123e+01
 2.94785555e+01 -1.01202067e-02 -4.45375237e-01 -2.45486979e-04 3.49331510e+02 1.37059147e+01
 -2.23884167e+00 6.74113701e-04 -2.80330935e-01 3.44703275e-03 -2.04139538e+02 1.36994058e+01
 2.87775204e+00 -1.14261961e-02 1.57473732e+00 -9.06489388e-04 -1.12374854e+01 1.37005750e+01
 -1.36729620e+01 -1.85001077e-03 -1.53623554e-01 7.58861302e-03 -1.37132713e+01 1.36971959e+01
 -1.09322887e+01 -1.21270390e-02 1.84003036e+00 2.73334190e-03 -7.52694015e+02 1.36976907e+01
 -9.41572494e+00 1.52528747e-03 -3.75113067e+00 2.55582122e-03 -1.63578102e+02 1.36982121e+01
 2.57894363e+00 -3.08952161e-03 7.07601138e-01 -7.08236128e-03 -3.10461533e+02 1.37003778e+01
 -1.30690447e+01 -2.25339292e-03 3.85197079e-01 -7.79767605e-03 1.08796906e+02 1.36970646e+01
 2.44416798e+00 2.31105827e-03 -8.62362473e-01 2.67693386e-03 5.22273138e+02 1.37005902e+01
 1.05072141e+01 -1.06485357e-03 7.10124840e-01 2.97869201e-03 -2.01262819e+02 1.37022328e+01
 -2.16520893e+01 1.25764048e-03 -6.99092403e-01 -2.43446213e-04 -8.73946691e+01 1.36956971e+01
 -6.35008462e+00 4.59011562e-03 -9.62987042e-02 -1.34424626e-03 -1.36405154e+02 1.36986760e+01
 -3.03260570e+00 1.48213724e-02 2.17445804e-01 -1.88807644e-03 3.29982366e+02 1.36995109e+01
 -1.15307540e+01 -6.06845176e-03 -1.45430983e-01 -3.06973202e-03 -5.44055481e+01 1.36977917e+01
 -1.22270243e+01 1.45593496e-02 -7.86582727e-01 1.71032824e-03 -4.04790766e+02 1.36973989e+01
 9.17134773e+00 4.81723360e-03 -1.68858409e+00 -5.40600644e-03 2.02190023e+02 1.37019064e+01
 -2.47486541e+00 7.85725535e-03 -6.98037971e-01 -9.04330324e-04 -5.12391925e+00 1.36994674e+01
 -2.35753694e-02 -3.35828630e-03 -2.16955498e+00 4.03388063e-04 4.44161396e+02 1.36997790e+01
 2.19997906e+01 8.61474349e-03 -3.75619265e-01 -4.58583326e-04 -9.30082296e+00 1.37045499e+01
 2.50686091e+00 1.76508770e-03 1.23909475e+00 5.70839889e-03 -8.62094580e+00 1.37005175e+01
 7.60750467e+00 -1.49502784e-02 5.34716356e-02 2.36878576e-03 9.43256335e+01 1.37014417e+01
 1.22383107e+01 -8.47547059e-03 -5.68168027e-01 -2.19635967e-03 3.26253040e+02 1.37025308e+01
 1.36953608e+01 8.54703975e-03 -4.74201500e-01 3.71676933e-03 1.76666711e+02 1.37027619e+01
 -5.69979732e+00 -6.09308352e-03 1.62687017e+00 1.29554326e-03 -9.71769537e+00 1.36987836e+01
 1.27384408e+01 -1.16146727e-02 -2.47813852e-01 -2.53716696e-03 -2.71534655e+02 1.37024157e+01
 1.34964725e+01 -1.60386159e-02 9.61640308e-01 -1.28023047e-02 -1.26830567e+02 1.37026915e+01
 1.75942467e+01 8.50910871e-03 2.02607931e-01 8.78401080e-03 1.73905339e+02 1.37037025e+01
 2.90305550e+00 -7.38599265e-03 -1.20818536e+00 6.04862929e-03 3.05555292e+02 1.37006129e+01
 -1.78422775e+01 -3.07183700e-03 6.15115047e-01 -4.03189035e-03 -2.29296833e+02 1.36965958e+01
 -5.81282745e-01 -9.64412329e-03 -6.26918748e-01 -8.72648263e-03 -1.62994805e+02 1.36996259e+01
 -8.52168332e+00 -3.78753887e-03 1.03836829e+00 -2.64268641e-03 4.84779124e+02 1.36984050e+01
 4.24757248e+00 -4.50345206e-03 1.60696159e+00 4.12208997e-04 -1.75247683e+01 1.37011508e+01
 -1.12137198e+01 -7.41611520e-03 -8.74405780e-01 7.62163586e-03 -1.31448197e+02 1.36976360e+01
 8.79881262e+00 2.88900211e-03 3.41209939e-01 -1.94164755e-04 6.09812607e+02 1.37020223e+01
 -6.88750250e+00 -4.62060604e-04 3.63082259e-01 -3.99236505e-03 -1.18549095e+02 1.36985661e+01
 3.96596797e+00 -2.74469677e-03 -1.21462299e+00 6.14563235e-03 9.96568214e+01 1.37006974e+01
 1.35246974e+01 -6.99381817e-04 9.03022428e-01 -7.97070651e-03 -1.72288788e+02 1.37025876e+01
 -1.61435537e+01 -6.05165706e-04 -8.58113982e-01 2.88173598e-03 -1.96142530e+02 1.36969198e+01
 -7.61454654e+00 -1.69895727e-03 -7.08510299e-01 7.63316258e-04 5.85173044e+00 1.36987142e+01
 1.14735507e+01 4.22704321e-03 1.49143294e+00 -5.21948108e-03 1.23887703e+02 1.37023434e+01
 -7.66590987e+00 -6.57461209e-04 6.58559096e-01 5.92104179e-03 -4.89700151e+02 1.36987469e+01
 1.73857546e+01 -3.88868409e-04 -1.85937508e+00 5.90994943e-04 6.04523299e+01 1.37034292e+01
 -1.11956415e+01 -1.68491698e-03 4.94883244e-01 4.99447195e-03 4.62126559e+02 1.36976626e+01
 2.08879195e+00 8.02008478e-04 -3.77575353e-01 4.30803604e-03 3.99120885e+01 1.37000399e+01
 9.41489638e-01 -3.88593120e-03 -3.15611656e-01 -8.17111542e-03 -1.67322322e+02 1.37000675e+01
 2.27422884e+01 1.35851785e-02 1.84858126e-02 6.95979220e-04 1.14232067e+02 1.37045948e+01
 1.05836822e+01 -1.17682221e-02 -3.84618921e+00 5.12138066e-03 -2.33195969e+02 1.37019554e+01
 -1.47444237e+01 -5.17798079e-03 1.76117336e+00 -2.40220198e-03 2.53983937e+02 1.36968099e+01
 -1.30516940e+01 -1.62018401e-04 8.48628110e-01 1.09854407e-02 -1.43392798e+02 1.36971672e+01
 9.08660809e+00 8.67867578e-03 9.79373304e-01 3.21410000e-03 5.67347791e+01 1.37015858e+01
 -3.82457044e+00 -2.47955560e-03 -8.34087324e-01 4.27378475e-03 -5.50376880e+01 1.36989486e+01
 6.21029354e+00 5.26948818e-03 -7.10299880e-01 -4.98632017e-03 2.02322125e+01 1.37013238e+01
 -6.62557423e+00 -1.87433891e-03 7.34683556e-02 2.30517996e-03 1.48460996e+02 1.36985080e+01
 -7.23662596e+00 8.79018679e-03 -2.83533002e-01 3.67231343e-03 -2.13395393e+01 1.36985397e+01
 7.33915797e+00 1.27800297e-02 -8.78248651e-01 3.19901250e-03 -1.19374959e+02 1.37013401e+01
 -2.44163680e+01 1.10506091e-03 8.58908135e-01 6.83905676e-03 2.32056263e+02 1.36954399e+01
 1.75481325e+01 -3.42940480e-03 2.49256280e+00 -5.55702377e-06 -2.02196338e+02 1.37035736e+01
 -1.10513681e+01 -3.80744741e-03 -6.50632838e-02 1.02913999e-02 -2.55395384e+02 1.36981529e+01
 3.05269664e+00 5.24599275e-03 1.10484121e+00 -4.07553961e-04 -6.87438661e+00 1.37005417e+01
 9.01741735e+00 -5.70945797e-03 3.17575365e-01 1.27738129e-03 3.07156731e+02 1.37014891e+01
 3.47573266e+00 2.92008710e-03 2.03505858e+00 -2.48383149e-04 -2.73146424e+02 1.37005965e+01
 -1.63717100e+01 -9.72125374e-03 9.32220727e-01 -1.10686690e-02 3.59931571e+02 1.36968102e+01
 8.77135519e+00 -8.93936848e-03 -1.10809967e+00 1.56312087e-03 2.74012817e+02 1.37014769e+01
 1.64002996e+01 1.55641157e-04 7.85004145e-01 -1.70765184e-03 -2.08953760e+02 1.37035307e+01
 -1.91639190e+01 -5.77479430e-03 -3.02196753e-02 5.03609253e-03 -1.01998754e+02 1.36962165e+01
 5.60521458e-01 3.47696563e-03 -1.87127039e-01 -5.28133596e-03 -5.93313532e+02 1.36998658e+01
 2.42103584e+00 8.49079355e-03 9.33466097e-01 -4.60073464e-03 2.46788748e+02 1.37008095e+01
 5.10087166e+00 -7.07778968e-03 1.45951640e-01 -3.59798630e-04 1.16111345e+02 1.37011086e+01
 6.35312293e+00 -9.31163305e-05 -2.30996937e-01 -3.78405137e-03 -2.43116300e+02 1.37014285e+01
 -2.07726269e+01 -9.88610907e-03 -4.38392377e-01 -7.06961619e-03 -2.07565695e+01 1.36958447e+01
 -3.54416719e+00 -3.34398392e-03 -4.99726181e-01 2.14922313e-03 3.79833232e+02 1.36993643e+01
 1.79960488e+01 -9.94745997e-04 -3.74528530e-01 -2.81800361e-03 -5.38551045e+01 1.37036075e+01
 -1.16575892e+01 -1.49014701e-02 1.70638037e+00 -5.02365267e-03 1.52189757e+02 1.36975915e+01
 8.88508946e+00 1.06601857e-02 1.96959765e+00 -1.67573251e-03 -4.49989206e+01 1.37016733e+01
 7.19649417e+00 7.23266122e-03 -1.06708482e+00 -1.32792403e-03 3.02754978e+02 1.37014144e+01
 6.58058632e-01 -4.88175074e-03 -7.82275336e-02 -1.27330313e-02 2.99491507e+02 1.37003264e+01
 9.85220101e+00 -5.56293407e-03 1.52567818e+00 -5.54110555e-03 1.04700592e+02 1.37019949e+01
 -1.14974537e+01 2.68576135e-03 -4.86485201e-01 1.81712983e-03 4.88653152e-01 1.36981014e+01
 2.32461663e-01 1.15912698e-03 -1.83797912e+00 1.04877111e-02 1.10506916e+01 1.36997547e+01
 1.12146376e+01 -6.12952973e-04 5.01811805e-01 -4.80540492e-04 2.66971879e+02 1.37021915e+01
 3.03544101e+01 5.21029380e-03 9.77986349e-03 -2.48051439e-03 1.07612273e+02 1.37059766e+01
 -5.94428943e+00 4.44346116e-03 -2.38377015e+00 -6.30644422e-03 1.67510251e+02 1.36985797e+01
 2.29754945e+01 5.82333381e-03 1.04222162e+00 3.18794434e-03 4.16729401e+02 1.37047882e+01
 -2.15815380e+01 -7.75169099e-03 4.60335093e-01 -5.86312338e-03 -1.67966243e+02 1.36958151e+01
 6.70176157e+00 -1.87656691e-03 -1.09121704e-01 4.44670964e-03 -1.99054512e+02 1.37014090e+01
 1.70455828e+01 6.56014839e-03 -2.14924231e-01 5.86879980e-03 -1.12268400e+02 1.37033598e+01
 -4.63626107e+00 -1.47343049e-03 1.59132481e+00 -9.73470900e-03 -1.62943250e+02 1.36993390e+01
 -9.01008342e+00 -4.24109841e-03 -5.92403693e-01 9.59888775e-04 1.96892755e+02 1.36984858e+01
 -1.33056206e+01 6.18508567e-03 1.90753038e-01 1.59529724e-03 -3.25888637e+01 1.36974032e+01
 -2.54170982e+01 1.44132114e-02 1.65513336e+00 -1.01101540e-02 -2.93100860e+02 1.36950643e+01
 -1.56860187e+01 1.36414092e-02 2.06990722e+00 6.29663588e-04 -3.70621998e+01 1.36972002e+01
 -2.18232543e+01 1.49880923e-05 -1.61858893e+00 -2.75774946e-04 -4.93271349e+01 1.36956902e+01
 -1.29983932e+01 -7.12125040e-03 -7.84265171e-01 -2.93076317e-03 5.88728721e+02 1.36973840e+01
 -1.15474888e+01 -2.19538481e-03 1.14093064e-01 -2.24647807e-03 -3.82747853e+02 1.36977670e+01
 1.71048144e+01 -2.82411322e-03 -5.86047032e-01 5.45179589e-03 1.11005243e+02 1.37032705e+01
 9.66110316e+00 -8.46940834e-03 -1.19901426e+00 6.36149431e-03 -2.58870145e+02 1.37021300e+01
 5.40532142e+00 -8.30455028e-03 4.89704378e-01 -4.40951911e-03 -2.36138124e+02 1.37010081e+01
 -6.86737651e+00 -2.79292518e-03 -4.96585229e-01 1.16044822e-03 -5.22093839e+02 1.36988083e+01
 -1.74802342e+00 -6.76067199e-03 8.43184377e-01 4.63748479e-03 2.32691023e+02 1.36995937e+01
 -1.14010462e+01 6.31152773e-03 -1.38357620e+00 -1.13846864e-02 -3.05485683e+02 1.36977016e+01
 -4.72374787e+00 1.31157051e-02 7.84665766e-01 4.72833580e-04 -3.07668697e+02 1.36991262e+01
 -1.52823364e+01 1.03521987e-03 1.58959674e+00 4.90899226e-03 1.62609545e+02 1.36971569e+01
 8.08192511e+00 3.69598009e-03 5.80703867e-01 -2.14023752e-03 -7.14450705e+02 1.37017337e+01
 -3.22315921e+00 8.39752288e-03 1.55677813e+00 1.30344265e-02 2.56315798e+02 1.36996279e+01
 1.46236623e+01 -8.04307422e-03 -5.01988937e-01 2.60259383e-03 1.45770532e+02 1.37031981e+01
 6.14986863e+00 3.73210177e-03 -5.91138469e-01 6.14486682e-03 -1.03000204e+02 1.37012918e+01
 -1.15295171e+01 5.23470319e-03 2.35764523e+00 1.31584272e-03 1.83967737e+02 1.36977597e+01
 7.15084355e+00 6.14257191e-03 -9.40155033e-01 9.43423115e-03 1.73819851e+02 1.37015293e+01
 1.19975946e+01 -5.58478047e-03 -2.58413341e+00 -7.90722253e-03 -9.31424630e-01 1.37024802e+01
 -2.51702025e-01 4.52675416e-03 -1.11419719e-01 4.90678434e-03 3.53921931e+02 1.36998114e+01
 1.56901197e+00 7.80326555e-03 2.26293483e-01 -3.53931342e-03 -2.11448343e+02 1.37001989e+01
 -3.24843210e+00 6.59668956e-03 1.57609040e+00 2.87760221e-03 -2.04829990e+02 1.36994925e+01
 -1.70178933e+01 3.32714036e-03 -1.83410643e+00 -8.39404652e-04 4.22814907e+02 1.36966903e+01
 -1.99042254e+00 1.70617352e-02 3.66333614e-01 2.10646017e-03 3.34250633e+02 1.36993743e+01
 1.34546473e+00 5.27697621e-03 -8.80673005e-01 1.30896379e-02 -1.22211486e+02 1.37005063e+01
 4.45866780e+00 -5.16379217e-03 -1.39090399e+00 5.25615452e-04 2.16349125e+02 1.37012585e+01
 -2.04158973e+01 6.13650510e-03 -1.70392251e+00 -8.08374551e-03 1.56707979e+02 1.36960414e+01
 5.39042451e+00 -3.13405802e-03 1.36247528e-01 -9.97754340e-03 -7.13828078e+01 1.37011887e+01
 -1.24189467e+00 -1.62318873e-02 1.23655989e+00 -2.89590654e-03 -1.33126955e+02 1.36998441e+01
 1.68843612e+01 -2.56726274e-03 -1.16391717e+00 -2.98182248e-03 -3.67377447e+02 1.37035050e+01
 -7.61925038e+00 4.57110598e-03 1.30580522e+00 -1.11451953e-02 2.60351961e+02 1.36986835e+01
 -1.88855115e+00 8.87916123e-03 -1.66723184e-01 -7.06376728e-03 -2.83237419e+02 1.36999981e+01
 -3.42159346e+00 -9.01023188e-03 5.92748615e-01 -1.61570786e-03 -2.36027464e+02 1.36990792e+01
 -1.76947900e+01 1.41585204e-03 7.01929926e-01 -5.13829394e-03 6.19696436e+02 1.36964819e+01
 2.40279174e+01 4.59114402e-03 5.11361102e-01 7.94095613e-03 1.11893965e+02 1.37045622e+01
 1.03540932e+01 1.55861650e-02 -1.83830399e-01 -5.30461683e-04 3.74888331e+02 1.37020090e+01
 -1.18306920e+01 -2.58137558e-03 -1.46778655e+00 -1.01284816e-02 5.93170998e+01 1.36974885e+01
 5.05820839e+00 4.54221652e-03 -1.79535422e-01 -1.34664988e-03 -5.59927007e+02 1.37008456e+01
 -1.29595337e+01 1.31311272e-05 2.93270716e-01 -2.77619020e-03 -1.10299403e+02 1.36973889e+01
 -9.17475803e+00 -5.49508272e-03 -1.83155123e+00 8.41706124e-03 1.28326707e+01 1.36983408e+01
 -1.68951037e+01 2.62918770e-03 -1.63939355e+00 -6.81733719e-04 4.36522036e+02 1.36964132e+01
 -1.59023942e+01 1.83944712e-03 2.49066839e+00 3.84598212e-03 -7.81269240e+01 1.36969609e+01
 -6.31898947e+00 2.04255035e-03 8.11537686e-01 -1.26601329e-02 -1.13340450e+02 1.36982068e+01
 -1.69634959e+01 3.63836306e-03 1.05296986e+00 -4.15696746e-03 2.94918994e+02 1.36967401e+01
 -6.15443582e+00 1.42791403e-03 7.51290553e-01 1.93652687e-03 -3.52652546e+02 1.36989836e+01
 4.94295694e+00 -2.34485353e-03 -1.46041294e+00 -6.03721662e-03 1.70671408e+02 1.37010887e+01
 -7.43157243e+00 -3.59908403e-03 1.18113416e+00 -5.76967665e-03 -1.32004044e+02 1.36986087e+01
 9.99331792e+00 5.94770746e-03 -1.29794425e+00 -4.08641668e-03 -1.31020123e+02 1.37019028e+01
 -8.15464697e+00 -1.05379902e-02 1.54187848e+00 1.54292739e-02 1.71408717e+02 1.36986977e+01
 7.65684495e+00 -4.53734776e-03 -6.93940972e-01 1.35045813e-03 1.13114278e+00 1.37014328e+01
 7.34675003e+00 2.10275768e-03 -8.44940504e-01 -2.11793034e-03 3.19901013e+02 1.37015944e+01
 -8.38269112e+00 9.66606844e-04 2.51209578e-01 5.52984535e-03 5.04337018e+02 1.36980909e+01
 -1.08080206e+01 -1.97972299e-03 2.04865781e+00 1.04694916e-02 -1.50450884e+02 1.36977661e+01
 -8.73626789e+00 -1.16044896e-02 6.75692083e-02 -8.20039446e-03 -1.01771201e+01 1.36982252e+01
 -1.58613871e+01 5.95564091e-03 2.78106668e+00 -2.96169684e-03 -9.59548419e+01 1.36969615e+01
 -3.24024430e+00 -2.43657458e-03 1.12702532e-01 -9.57205263e-04 -5.27066424e+02 1.36992830e+01
 1.51165725e+01 -2.24010790e-03 -8.22290169e-01 2.87936453e-03 -4.19642820e+01 1.37026912e+01
 -1.46597138e+00 5.22957372e-03 -1.95605027e+00 1.18931752e-03 -1.01209419e+02 1.36998326e+01
 3.05339549e+00 1.57246517e-03 -7.86901415e-01 9.94687801e-04 1.19658454e+02 1.37006286e+01
 1.32038120e+01 -4.13886448e-03 1.15198230e-01 -1.03790531e-02 -7.58469124e+01 1.37023375e+01
 -1.06545411e+01 4.80452568e-03 8.54150770e-01 -1.05248055e-02 2.50588578e+02 1.36979162e+01
 -3.91987327e+01 -1.23637477e-02 1.80557103e+00 9.98062462e-03 2.70214208e+02 1.36924372e+01
 3.26751727e+01 7.17992344e-03 -2.44160660e+00 -1.08267728e-02 3.81715482e+01 1.37062922e+01
 4.92387785e+00 -6.79601626e-03 -4.18524799e-01 2.37294882e-03 2.36738068e+02 1.37007518e+01
 3.05091373e+00 2.86818201e-03 -8.95573126e-01 -4.25527627e-04 2.57009005e+02 1.37004157e+01
 1.40630660e+01 1.77136556e-03 1.80397680e+00 2.73858092e-03 -7.17148121e+02 1.37026103e+01
 -8.64995415e+00 -2.27276943e-03 -4.15744614e-01 6.41025719e-03 3.68210017e+02 1.36981815e+01
 -6.36711662e-01 1.66754427e-03 -1.55269148e+00 -1.38943583e-02 -2.18000344e+02 1.37000978e+01
 2.98865411e+00 1.50619077e-02 -8.82966403e-01 -1.91620854e-03 1.77044211e+02 1.37005889e+01
 -1.55871939e+01 -5.59239454e-03 -3.58083329e-01 -5.99265706e-03 -3.98598974e+02 1.36972815e+01
 -2.86962890e+00 -1.14352106e-03 -1.19541088e+00 -2.04088591e-03 -7.74823116e+00 1.36993343e+01
 -1.41404477e+01 -1.34820591e-02 -1.07498593e+00 1.82250013e-03 -7.33576890e+01 1.36970963e+01
 6.44021058e+00 9.60518394e-03 5.99438467e-01 -9.59906561e-03 -1.08511200e+02 1.37011847e+01
 4.50127169e-01 3.79083652e-04 -9.26548756e-01 3.74264860e-04 1.63822423e+02 1.37001554e+01
 -1.75264062e+01 3.01669448e-04 1.55934108e+00 -6.92157498e-03 -1.80178877e+02 1.36963606e+01
 -2.51160329e+00 -4.77559158e-03 1.45153677e+00 7.35255755e-03 -4.00831836e+02 1.36994791e+01
 -2.91965651e+01 -4.55087722e-03 5.70972454e-01 -6.95536422e-03 2.44612189e+02 1.36940778e+01
 1.80490358e+01 7.67504916e-03 2.51903071e+00 -5.09803339e-03 -2.08093541e+02 1.37035240e+01
 2.77077060e+00 -4.95820561e-03 7.87834834e-01 -1.19423634e-02 -2.52710161e+02 1.37006341e+01
 1.00107108e+01 5.60179317e-03 1.27426118e+00 -9.73257383e-03 -1.40358627e+02 1.37017404e+01
 8.05026743e+00 2.20401007e-03 -5.82712735e-01 1.32738986e-03 -4.03305657e+01 1.37016400e+01
 1.88016532e+00 4.75945045e-03 4.73861343e-02 1.05920323e-04 -2.49439944e+01 1.37007322e+01
 1.54055283e+00 -8.16364366e-03 -6.05373546e-01 -9.87783348e-03 -1.95389568e+01 1.37001681e+01
 -1.65773702e+01 1.67714096e-03 7.24314358e-01 -9.51193067e-04 -1.97764930e+02 1.36968324e+01
 -6.68500888e+00 7.76668569e-03 1.23225855e+00 -9.23596749e-03 -2.08474387e+01 1.36987608e+01
 -3.13805647e+01 -2.79449353e-03 5.99493550e-01 -9.75781835e-03 5.16842353e+02 1.36938755e+01
 -8.22038414e+00 -3.82743287e-03 2.45744213e+00 1.12088260e-04 -2.42376836e+02 1.36984995e+01
 2.65456097e+01 -2.33824130e-03 -1.53972028e+00 1.00300525e-02 -1.25361842e+02 1.37053858e+01
 1.82477240e+01 -5.06658489e-03 2.62678301e-01 -1.12299741e-02 -1.09767589e+02 1.37035374e+01
 2.00979477e+00 4.35148243e-03 -1.53009846e+00 -4.11594740e-04 -7.72916295e+00 1.37007437e+01
 -2.36568321e+01 -1.25152666e-02 6.64310702e-01 -5.23883396e-03 -3.72174958e+01 1.36952953e+01
 -3.40445878e+00 -5.32848453e-03 -1.32557691e+00 5.86377975e-03 1.40672356e+02 1.36993393e+01
 2.63044631e+00 3.90335701e-03 8.36422615e-01 2.30364183e-03 2.05156645e+02 1.37008222e+01
 -1.90743326e-01 8.34228806e-05 -1.32881205e+00 -3.34957605e-03 -2.21567968e+02 1.37000502e+01
 -1.03304612e+01 1.28364065e-02 -1.18478398e+00 -5.34535776e-03 -1.43986228e+02 1.36980101e+01
 -2.44593571e-01 -3.54656222e-04 3.47712196e-01 -9.69983357e-03 3.42996197e+02 1.36997989e+01
 -1.32130416e+01 -1.51808215e-02 4.80477076e-01 -5.66877814e-04 1.56492719e+00 1.36973688e+01
 -8.54437137e+00 7.48296507e-03 1.50059807e+00 9.79706764e-03 2.96815469e+02 1.36986394e+01
 3.07538340e+00 1.02828056e-02 1.77136185e+00 -6.48971362e-03 -2.20296169e+02 1.37006836e+01
 1.82987874e+01 -1.74611753e-04 -4.00704066e-01 6.83623477e-03 -9.89508002e+01 1.37035642e+01
 6.45247330e-01 -9.78424748e-04 7.88392041e-02 3.59531893e-03 1.48025934e+01 1.37001736e+01
 8.93004290e-01 2.54042715e-03 1.17238498e+00 2.64640942e-05 7.02546250e+01 1.37002493e+01
 -1.38052223e+00 -1.30955618e-02 -2.06193109e+00 6.99388141e-04 4.42738065e+02 1.36992827e+01
 -1.57204302e+00 1.00284749e-03 1.60542957e+00 1.51843581e-02 -3.44527582e+02 1.36995461e+01
 1.16854987e-01 -9.57167692e-04 8.32056220e-01 -8.32746760e-03 1.95213970e+02 1.37003061e+01
 2.52659583e+01 2.89532461e-03 -1.10877289e+00 3.87492125e-03 -9.94532143e+01 1.37052511e+01
 -1.14947325e+01 -7.98148307e-03 -1.10301218e+00 -6.65336320e-03 4.32507625e+02 1.36976924e+01
 2.99999999e+00 7.45542904e-03 5.62555058e-03 1.12783781e-03 5.78998420e+01 1.37003688e+01
 2.31411570e+01 3.16628704e-03 8.76281850e-01 -1.30030993e-02 2.69428600e+02 1.37047514e+01
 -1.68076222e+01 3.54612723e-03 -1.48852757e+00 -2.00110125e-03 -6.11791463e+01 1.36966749e+01
 2.75474661e+00 -8.45774487e-03 8.81555593e-02 -5.77004986e-03 3.09389003e+01 1.37004316e+01
 1.21641640e+01 -4.64217091e-03 -3.44219465e-01 -1.49071189e-03 5.55973838e+01 1.37024424e+01
 2.17066828e+01 1.04615840e-02 3.00207906e-01 -4.29467330e-03 -3.16194646e+02 1.37044842e+01
 2.70802023e+01 -8.54843869e-03 1.60833002e+00 9.09987545e-03 -1.16945240e+02 1.37052512e+01
 -1.92424224e+01 -5.99092133e-03 -3.44532578e-01 -3.34102619e-03 1.50992437e+02 1.36961288e+01
 -1.59192456e+01 -2.99742432e-05 -1.55031345e+00 -1.21856609e-03 -7.60227610e+01 1.36968233e+01
 1.20909343e+00 -9.14143369e-03 3.22647260e-01 2.63814545e-03 5.46560814e+01 1.37004654e+01
 -6.33304690e+00 -8.06989869e-04 -8.37622540e-01 4.24921049e-03 2.54073291e+02 1.36988772e+01
 -2.01787766e+00 -1.15994730e-02 4.73853740e-01 3.58292057e-03 -3.86976004e+02 1.36993889e+01
 -1.57588561e+01 -2.05686427e-03 -1.78845601e+00 7.10306911e-03 2.06007032e+02 1.36971514e+01
 -1.94400207e+01 -2.98188883e-03 1.81313863e+00 4.15149021e-03 4.13633244e+02 1.36961417e+01
 1.15913986e+01 -2.92185858e-03 2.38117497e-01 1.55264914e-02 -3.37975075e+02 1.37023732e+01
 -1.17258625e+01 -4.11531036e-03 5.70667769e-02 -1.12661119e-02 1.49585326e+02 1.36975200e+01
 1.34713543e+01 3.61040093e-03 9.37688302e-02 6.09399627e-03 2.61927262e+02 1.37024816e+01
 -1.22583188e+01 1.83656760e-03 1.47914580e-01 3.12785948e-03 2.46199510e+02 1.36971806e+01
 9.01135876e+00 -5.45031454e-03 7.57689288e-01 -3.84662897e-03 -1.56238604e+02 1.37018657e+01
 -1.66884250e+01 2.24374550e-03 1.41049054e+00 -7.04897331e-03 -4.27746400e+00 1.36965280e+01
 9.13888705e-01 1.14504181e-02 -6.38819293e-01 1.10068047e-03 1.78397477e+02 1.37003296e+01
 -2.19473188e+00 -9.42916760e-03 -8.30877004e-01 3.03958347e-03 3.23085621e+02 1.36996097e+01
 8.85408753e+00 -1.35905978e-04 7.00183658e-01 -2.72086171e-03 -1.53878284e+02 1.37016854e+01
 -7.12852224e+00 4.90586294e-04 -2.06451108e-01 3.35685058e-05 -2.08430407e+02 1.36984867e+01
 -5.42349574e+00 4.70923004e-03 -1.15269448e+00 -3.17049642e-03 1.64631560e+02 1.36990486e+01
 7.26216265e-01 2.06240702e-03 -1.16881688e+00 8.88444944e-03 -3.66170899e+02 1.36999271e+01
 -2.24665658e+01 -2.66372491e-03 -7.45898676e-01 7.84411609e-03 -1.90802429e+02 1.36957155e+01
 -8.29205363e+00 5.96203422e-03 9.35033058e-01 -1.01757403e-03 1.27175579e+02 1.36982517e+01
 1.47981262e+01 -4.27134188e-03 1.56578070e+00 -1.42743423e-03 -1.58980016e+02 1.37029286e+01
 -1.19868029e+01 4.90145018e-03 -1.15589704e+00 1.75924321e-03 -2.84691420e+01 1.36978119e+01
 1.44711936e+00 -1.65426495e-02 1.66714717e+00 5.45273951e-03 5.77012296e+01 1.37000558e+01
 7.13617983e+00 -1.96230200e-04 -1.07356340e+00 -4.16238206e-03 2.91521448e+02 1.37008697e+01
 -9.16237005e+00 -6.29436003e-03 -3.22041362e+00 -9.05850283e-04 -3.89128007e+02 1.36980144e+01
 -5.36115942e+00 7.64526171e-03 1.21867437e+00 7.70393407e-03 -8.48470426e+01 1.36989282e+01
 -2.14508804e+01 7.33817413e-03 -1.37067763e+00 -6.19966789e-03 -8.14356751e+02 1.36958513e+01
 -1.76777199e+01 2.67481304e-03 2.50626276e+00 3.06708758e-03 -7.32628832e+02 1.36965709e+01
 3.72112549e+00 -1.23637124e-02 3.64953800e+00 -1.19231448e-03 4.45859015e+01 1.37004784e+01
 -4.39306370e+00 -6.09320455e-03 -6.06046606e-01 4.57744879e-03 -4.84860944e+02 1.36992085e+01
 -8.81129327e+00 1.91283968e-03 3.38675240e+00 -1.71643576e-03 2.20279505e+01 1.36982088e+01
 8.86842388e+00 3.26962952e-03 1.67926422e+00 -9.13551357e-03 -2.14224550e+02 1.37017555e+01
 -1.51758578e+01 1.32516044e-03 -8.69118914e-01 1.15005268e-02 3.92238638e+02 1.36971505e+01
 1.07783611e+01 5.48726107e-03 1.00553552e+00 -4.95421018e-03 -2.74812519e+02 1.37019774e+01
 1.57482771e+01 -7.90866518e-03 -1.06737590e+00 -3.87331368e-03 1.58607443e+02 1.37028478e+01
 -1.79842415e+00 1.01290122e-02 -1.46738124e+00 7.38470357e-03 9.69155236e+01 1.36996627e+01
 -7.17925615e+00 2.49202286e-03 5.84166315e-01 7.40845770e-03 4.56874188e+02 1.36986203e+01
 1.36364275e+01 8.05569835e-03 1.37171533e+00 4.19195931e-03 5.61055124e+02 1.37026148e+01
 -3.82424533e+00 8.06618500e-03 -1.28566389e+00 -3.75198525e-03 3.38005224e+02 1.36995257e+01
 4.38975698e+00 5.19178389e-03 -4.08711052e-01 4.64436631e-03 -1.75116598e+02 1.37010408e+01
 4.87283087e+00 -1.30263564e-02 1.21796211e+00 9.28191585e-04 1.27699144e+02 1.37012187e+01
 1.41659328e+01 9.41796103e-03 3.58385367e-01 -8.04774124e-03 2.10101933e+02 1.37026584e+01
 1.69981304e+01 -5.52419777e-03 2.03266111e+00 8.83192183e-03 2.07827291e+02 1.37033167e+01
 -1.02414435e+01 -8.77324079e-03 1.19012081e+00 -5.80989832e-03 -2.36250405e+02 1.36977208e+01
 1.28051378e+01 -7.28794555e-03 1.59436698e-01 4.77571925e-03 7.41149200e+01 1.37024588e+01
 -3.85760483e+00 6.56934023e-03 -1.14785689e+00 3.13507469e-03 2.66920882e+02 1.36992061e+01
 -1.34296832e+01 8.71094946e-03 -1.96428987e-01 -2.46147138e-03 -4.03116771e+02 1.36973432e+01
 -1.18574616e+01 7.73279271e-03 8.15886673e-01 9.53639008e-03 -9.91776275e+01 1.36973734e+01
 4.62027135e+00 -2.02886320e-03 1.35412290e+00 -1.34787479e-02 -2.45668697e+02 1.37007880e+01
 3.49680513e+00 -4.94667048e-03 -7.57453216e-01 3.97914284e-03 -3.77128411e+02 1.37009375e+01
 1.34916812e+00 -8.34592409e-03 2.11353536e-01 -6.09544200e-03 -4.67171598e+02 1.37003153e+01
 1.10857007e+01 -4.26687740e-03 -1.44608746e+00 1.07273386e-03 -4.26085692e+01 1.37022283e+01
 -3.92491118e+00 6.11538055e-03 -1.50802173e+00 3.35516031e-03 5.54442914e+02 1.36993017e+01
 -6.65784216e+00 -3.53351883e-03 1.06018596e+00 -4.61778208e-03 2.98848155e+02 1.36985969e+01
 1.01815301e+01 -1.00470753e-02 -9.13473030e-01 -6.28380914e-03 2.27914108e+01 1.37020476e+01
 1.37360006e+01 7.24973185e-03 2.38736402e+00 9.75164706e-04 -6.80961096e+02 1.37026070e+01
 2.13278985e+01 -5.03514465e-03 2.60602807e+00 -1.14030968e-02 7.89867480e+01 1.37043170e+01
 1.36283587e+01 -1.25660858e-02 -6.65460598e-01 9.55360343e-03 1.65135705e+02 1.37028931e+01
 3.44690858e+00 5.29412695e-04 5.18605657e-01 -3.48071825e-03 2.79213021e+02 1.37008405e+01
 -1.44069523e+01 1.94281815e-03 -5.21833320e-01 2.41208290e-04 -1.35724208e+02 1.36968079e+01
 -5.34132122e+00 1.63392487e-03 1.82035158e+00 -6.99531354e-03 3.18476984e+02 1.36987155e+01
 2.71846612e+00 2.10033273e-03 1.38571261e+00 -4.19785836e-03 2.21181769e+01 1.37001931e+01
 6.43620630e-01 8.08379900e-03 1.71553013e+00 -2.69815607e-03 9.22534116e+01 1.36999438e+01
 1.46526220e+00 3.56375235e-03 -1.35600944e-01 -5.70989174e-03 -6.98946769e+01 1.37000566e+01
 -8.09156027e+00 8.23486985e-03 -3.28364689e-01 -6.49855554e-03 -3.29430659e+02 1.36981321e+01
 3.16309602e+00 1.38653727e-02 -1.63851761e+00 -8.12572710e-03 4.67456426e+02 1.37004476e+01
 -6.24240367e+00 6.08317883e-03 -8.18623816e-01 5.97011827e-03 -8.07728686e+02 1.36986097e+01
 8.06989353e+00 9.24704950e-03 5.05132404e-01 -4.13897585e-03 -1.10730619e+02 1.37014372e+01
 1.22835900e+01 -6.76218199e-03 -2.04145963e-02 -4.38779774e-03 -7.72546447e+01 1.37024421e+01
 7.34042376e+00 1.03346699e-02 -3.64689352e-01 -1.05918728e-02 -7.94051630e+02 1.37010554e+01
 -1.62807286e+01 3.30910190e-03 1.90130857e+00 3.80299082e-04 2.47652795e+02 1.36967178e+01
 1.17353097e+01 -2.71155011e-03 1.04058237e+00 -6.52594335e-03 9.48597931e+01 1.37022707e+01
 1.59952514e+00 -3.34200750e-04 -9.77632134e-01 2.10813877e-03 1.62202546e+01 1.37003019e+01
 1.43246703e+01 6.90953507e-03 1.16852844e-01 -1.33714721e-03 -1.02136990e+01 1.37029959e+01
 3.15028656e+00 5.51809302e-03 -2.10196140e+00 -2.35225821e-03 -9.08942919e+01 1.37007328e+01
 -3.32859705e+00 5.78834271e-03 -2.59424811e-01 8.44171367e-03 -5.63832843e+02 1.36992701e+01
 -2.51116531e+01 6.35370343e-03 7.74249919e-01 1.34837762e-03 1.22634234e+01 1.36953973e+01
 -2.61707739e+01 -9.55073278e-04 1.68826091e+00 1.02598666e-02 1.80569055e+02 1.36944635e+01
 -1.13659842e+01 9.75727242e-04 9.44047064e-01 2.58941823e-03 4.67116550e+01 1.36978008e+01
 9.73813657e+00 -3.10244187e-03 -1.09078266e+00 -4.25935851e-03 1.20418713e+02 1.37018078e+01
 -6.45366483e+00 -7.95185811e-03 1.72476042e-01 -5.71479324e-04 -2.71879428e+01 1.36990533e+01
 1.41315947e+01 9.24333320e-03 6.49257414e-01 2.94705046e-03 6.96294249e+01 1.37025020e+01
 -9.79290728e+00 1.63951742e-02 -5.93253930e-01 -3.25767467e-03 -3.65349306e+02 1.36979204e+01
 1.97646505e+01 4.56551325e-03 1.09836001e+00 -5.75412087e-04 3.46698337e+02 1.37039479e+01
 -5.92100592e+00 -7.57208386e-03 -5.36585862e-01 3.17129926e-03 -1.70082717e+02 1.36987998e+01
 3.76566950e+00 7.70555453e-03 -8.13304580e-01 6.60246731e-03 1.30635873e+01 1.37008995e+01
 -7.22576001e+00 -2.88947225e-03 5.84631804e-01 -1.01955256e-02 -3.20666398e+02 1.36987442e+01
 1.73665063e+01 7.67393902e-03 7.15291350e-01 -6.98287504e-03 4.82646182e+02 1.37033618e+01
 -1.97573356e+01 -5.92898666e-03 1.10548825e-01 -9.36499473e-04 -9.10211384e+01 1.36960327e+01
 9.75145800e+00 -5.26870945e-03 -1.45867033e+00 -1.68813345e-03 2.34762146e+01 1.37020381e+01
 -1.63558131e+01 1.17676089e-02 2.04816901e+00 9.85809441e-03 1.02335408e+02 1.36966711e+01
 1.41009524e+00 1.44657633e-02 -4.14492292e-01 -1.54452976e-03 -1.11617786e+02 1.37004827e+01
 -2.98767364e+00 -2.20274456e-03 7.47223012e-01 4.68806704e-03 9.75192281e+00 1.36995051e+01
 3.89995879e+00 -1.62320109e-02 8.27964635e-01 1.67732915e-03 -1.94884120e+02 1.37010879e+01
 -1.61339674e+01 4.76944915e-03 -1.00210299e+00 -6.69876749e-03 4.33123782e+02 1.36965061e+01
 -5.25928027e+00 -1.61702427e-02 3.48606998e-01 -1.20733391e-02 2.03476054e+02 1.36990365e+01
 -7.10364087e+00 7.72703394e-03 -1.40798986e+00 -3.00643115e-03 4.19745859e+02 1.36982379e+01
 -6.69074311e+00 -2.65900644e-03 -2.12221787e+00 -1.21614663e-02 1.40896795e+02 1.36986048e+01
 -1.12911028e+01 1.22003047e-02 -2.48876957e+00 2.36073778e-03 4.95096022e+02 1.36978290e+01
 -1.80415152e+01 -4.80114822e-03 -6.90801325e-01 1.14440080e-03 1.84754346e+02 1.36966999e+01
 -3.18141979e+01 2.11506514e-03 -4.49896346e-01 1.41659057e-04 -4.54940046e+02 1.36936548e+01
 -1.30509485e+01 1.17712482e-02 -1.49390258e+00 1.04329871e-03 3.65991051e+02 1.36974478e+01
 -6.64453030e+00 5.89072682e-03 2.34123791e+00 -4.35445265e-03 -2.02271408e+02 1.36986112e+01
 -2.52327555e+01 1.11962499e-03 -1.03014400e+00 -5.37568502e-04 -2.90086073e+02 1.36949992e+01
 -2.41247175e+01 -5.62222653e-03 -5.91855576e-01 2.87384130e-04 -8.64761285e+01 1.36945941e+01
 -6.53283248e+00 7.68199817e-03 1.09288025e+00 8.15665080e-03 4.38564009e+01 1.36989312e+01
 -4.84263171e+00 1.40670625e-02 -3.06709976e-01 1.00003204e-02 1.37789772e+02 1.36991619e+01
 7.98899761e+00 -8.18147267e-04 1.16299118e+00 4.04461040e-03 -1.49080176e+02 1.37015300e+01
 3.12207514e+00 9.54313368e-03 4.09499278e-01 4.53662139e-03 6.67465966e+01 1.37006192e+01
 7.65538053e+00 -1.63439848e-03 -5.87861241e-01 5.92627607e-03 5.06306935e+02 1.37011947e+01
 -1.32764445e+01 -5.77635486e-03 -1.91748479e+00 -3.44673963e-03 -1.52006862e+02 1.36973294e+01
 -7.15083063e+00 -1.60749619e-03 -3.30996334e-01 -3.63740530e-03 2.68601947e+02 1.36984217e+01
 7.96255644e+00 1.45978274e-02 1.12561826e+00 -9.08397871e-04 -5.99712629e+02 1.37013279e+01
 9.61215792e+00 -1.81757615e-02 -2.00835535e+00 7.51850400e-03 6.98262941e+01 1.37019028e+01
 7.59798251e+00 -7.90689108e-03 -1.20833214e+00 2.75596472e-03 5.29337187e+02 1.37015968e+01
 -1.74115010e+01 7.98921752e-03 4.77302448e-01 1.81379967e-03 2.70378879e+02 1.36961133e+01
 6.50832612e+00 -8.41882300e-03 -3.83748928e-01 7.82531688e-03 5.23531427e+02 1.37012470e+01
 2.48897368e+01 2.19560424e-03 2.75475534e-01 7.25491162e-04 4.03524408e+02 1.37048383e+01
 -3.60965357e+00 7.31047883e-03 2.00914044e+00 2.10728516e-03 4.37914675e+01 1.36997805e+01
 -7.91054209e+00 -1.10480663e-02 -6.72419699e-01 4.08639810e-03 -9.11645932e+01 1.36984178e+01
 2.43575898e+01 1.16517746e-02 -1.40367601e+00 -8.05034796e-03 3.50466104e+02 1.37045344e+01
 -1.31679856e+01 -1.66301798e-02 1.27837281e+00 8.89056794e-03 1.51967676e+02 1.36970250e+01
 -2.83941481e+01 6.52566109e-03 -9.24664679e-02 8.69713852e-04 -4.64070675e+02 1.36942748e+01
 -1.48914520e+01 5.28292741e-03 -1.23903211e+00 9.52868943e-03 9.87190965e+00 1.36972055e+01
 -1.64005608e+00 -4.68760350e-03 -3.86015651e-01 2.50775598e-03 -3.25385369e+01 1.36996836e+01
 -8.86972714e+00 7.21705777e-03 5.12473371e-02 3.37617124e-03 3.70648010e+02 1.36980769e+01
 1.98012562e+01 -6.79848555e-03 -8.06660410e-01 -7.73809386e-03 2.27551445e+02 1.37037628e+01
 7.62399575e+00 2.72782821e-03 1.39981825e+00 6.04373659e-03 5.50831762e+02 1.37012767e+01
 1.20751725e-01 -3.62830018e-04 -8.42372545e-01 -6.89807355e-03 -1.84193752e+02 1.36998532e+01
 3.73146539e+00 -9.03088707e-03 -6.99707972e-02 1.07277285e-04 2.95004590e+02 1.37005634e+01
 -9.36906314e+00 -2.48078705e-03 2.09824789e+00 4.37777595e-03 -3.66470921e+02 1.36979755e+01
 -1.21979377e+01 4.09056694e-03 -2.04939447e+00 -1.22525179e-03 1.70766327e+02 1.36975462e+01
 -1.29709701e+01 -2.65098669e-03 4.09339720e-01 -3.89684808e-03 -2.99608815e+02 1.36971611e+01
 -9.36417168e+00 7.63895415e-03 1.18423860e+00 -1.64712609e-02 4.34463960e+02 1.36982251e+01
 1.77234497e+01 1.34648047e-05 -1.41757224e+00 -5.90711622e-04 1.93961062e+02 1.37033750e+01
 5.18263932e+00 2.01421091e-03 1.31963808e+00 -4.52444382e-03 -1.87717380e+02 1.37011216e+01
 3.48984863e+00 -8.80055225e-03 -1.30739957e+00 -2.13695897e-04 2.80864836e+02 1.37006157e+01
 -2.03675420e+00 9.05222215e-03 -1.27250902e+00 5.38798980e-03 9.68079496e+01 1.36994107e+01
 3.81101435e+00 7.33734296e-03 1.13909784e+00 -3.21301978e-04 -3.28345397e+01 1.37007048e+01
 2.76120440e+00 1.13038803e-02 -9.69073533e-01 -4.16057578e-04 7.66437007e+01 1.37005791e+01
 8.60695633e+00 -6.08988799e-03 1.12832378e-01 -1.43220884e-03 -2.31933965e+02 1.37019541e+01
 5.38955110e+00 1.56427877e-03 2.15925603e+00 -2.22374714e-03 -2.96481243e+00 1.37008545e+01
 -1.71704572e+01 -7.98567097e-03 -9.31261247e-01 -1.28442439e-03 -1.78611680e+02 1.36963031e+01
 9.35478659e+00 6.63306020e-04 -6.62261809e-01 -6.11404541e-04 -3.42584285e+02 1.37018425e+01
 3.78259601e+00 -1.48574345e-02 -1.59027886e+00 -3.09685996e-03 2.84873284e+01 1.37008986e+01
 -1.95343157e+01 8.75625608e-03 8.81051222e-01 -1.83609318e-03 2.12727026e+02 1.36967072e+01
 1.26934313e+01 1.03205061e-02 -1.43450318e+00 -1.00885110e-02 -1.31973443e+02 1.37023287e+01
 -1.20639974e+00 6.48929483e-03 -3.42834805e-01 -7.82119824e-03 -4.18693989e+02 1.36995127e+01
 -5.09182857e+00 -2.76640613e-04 7.82350055e-01 1.82539927e-03 4.86805950e+02 1.36992412e+01
 4.15957622e+00 2.58131644e-03 2.32683983e-01 9.21434431e-03 7.17544846e+01 1.37006108e+01
 1.43164413e+01 4.05126819e-03 2.40240684e+00 -2.09913607e-03 -7.32894008e+01 1.37029485e+01
 -2.91735596e+00 -1.15038835e-02 -5.54036885e-01 -6.30439342e-03 -2.12107907e+02 1.36996173e+01
 -5.32285437e+00 -8.57805385e-03 -1.25234613e+00 4.36833204e-03 5.68088648e+02 1.36987289e+01
 1.86247156e+00 7.78090646e-03 1.13885119e+00 1.35551200e-03 1.57469849e+02 1.37004498e+01
 1.49850308e+01 2.37197117e-03 -2.07455822e+00 -2.83102236e-03 -1.28682567e+02 1.37031750e+01
 1.53131884e+00 -3.72227521e-03 -9.13400654e-01 3.42398695e-03 1.04901466e+02 1.37002262e+01
 1.10714048e+01 1.69405874e-02 -6.36740550e-01 1.38560721e-02 3.63663636e+02 1.37024314e+01
 -1.68270649e+01 -2.95287764e-03 -3.97809864e-01 8.81520247e-04 2.54895722e+01 1.36964525e+01
 1.13965025e+01 1.13019901e-03 1.28683533e+00 5.18101812e-03 7.44916926e+01 1.37022495e+01
 4.37756045e+00 -5.54484795e-03 -1.66452941e+00 -1.24233543e-02 2.20716340e+02 1.37010953e+01
 -9.51237210e+00 -1.67607773e-03 1.07284884e-01 -9.45092435e-04 2.59751836e+02 1.36978923e+01
 -1.46126939e+01 1.33073181e-03 9.39812285e-01 6.31750250e-03 -1.89974822e+02 1.36971231e+01
 -9.82164825e+00 8.26862374e-03 9.21160639e-01 3.60218806e-04 8.46131906e+01 1.36981608e+01
 9.26780100e+00 5.66352474e-04 2.26362464e-01 1.81763176e-03 6.62165090e+01 1.37017640e+01
 9.22350548e+00 1.60114191e-02 -1.92123843e+00 -8.84016568e-03 -2.72951503e+01 1.37019313e+01
 1.50779583e+01 -1.04272293e-02 1.44187651e+00 -2.80103006e-05 -1.29502603e+02 1.37032788e+01
 -4.56555226e+00 6.86934913e-03 1.66693486e+00 3.16136675e-03 3.41292551e+02 1.36992215e+01
 -7.62228963e+00 -8.37743266e-03 -1.54309879e+00 -1.13850716e-03 3.61359603e+02 1.36986112e+01
 -7.24960577e+00 6.20375239e-04 -1.27506848e+00 7.84724168e-03 -2.74448167e+01 1.36985721e+01
 -2.55718992e+00 -1.03931358e-02 1.77168522e+00 -6.53026997e-03 -7.14049488e+01 1.36995509e+01
 -1.36784942e+00 8.11614021e-03 -5.44805693e-01 9.90027720e-05 -3.87472909e+02 1.36997669e+01
 -2.52625563e+00 8.90000004e-03 -1.91820333e+00 5.53817138e-03 5.96834769e+02 1.36998148e+01
 2.85599403e+00 -4.63355532e-03 2.00693529e+00 -5.84782440e-03 2.04343701e+02 1.37006443e+01
 1.11528206e+01 1.13827931e-02 -1.27077412e+00 -2.27106769e-03 -1.66422233e+02 1.37020934e+01
 -1.89210627e+01 -5.17416868e-03 1.25634837e+00 9.28315857e-04 1.28399009e+02 1.36960057e+01
 2.43268833e+00 5.24518238e-03 -3.06510437e-01 -6.22225447e-03 2.75522026e+02 1.37001451e+01
 2.73348379e+00 -2.67730771e-03 -3.77364701e-02 4.65175755e-03 -1.88022919e+02 1.37007378e+01
 -5.01884021e-01 3.18120178e-03 3.88841035e-01 -8.20388888e-03 -2.56262885e+02 1.36997336e+01
 7.14760105e+00 -2.46087709e-03 1.43374156e+00 6.42347809e-03 3.86266653e+02 1.37014357e+01
 5.34497616e+00 4.43540331e-03 6.22064274e-01 -2.32360532e-03 -3.01943967e+01 1.37009700e+01
 3.51827874e+01 -8.39110277e-03 -9.02917010e-01 -1.41056603e-03 -2.55351715e+02 1.37072733e+01
 9.63809791e+00 -2.46112940e-03 -7.59696159e-01 4.80324493e-03 -1.53014773e+02 1.37019717e+01
 -3.13352327e-01 3.06464169e-03 -1.32112929e+00 2.06111032e-03 -1.62472591e+02 1.36997523e+01
 1.33842610e+01 6.61353557e-04 4.05266400e-01 -1.30514888e-03 -1.49596022e+02 1.37025125e+01
 6.58760671e+00 -1.01094266e-02 -9.65911966e-01 -4.58521324e-03 1.68855064e+02 1.37010537e+01
 -3.16178705e+01 -2.95273125e-04 -6.07823450e-01 -3.02784964e-03 -4.53590203e+00 1.36935925e+01
 7.77576726e+00 -3.21576188e-03 1.44701419e+00 -2.18857754e-03 -8.30389356e+01 1.37012733e+01
 -3.10798286e+01 -8.93904076e-03 6.97809309e-02 -7.54161661e-03 5.96259121e+02 1.36941108e+01
 4.48666547e+00 -1.06457530e-02 -2.30802875e-01 -4.34327254e-03 -4.29607532e+02 1.37011046e+01
 9.11544503e+00 -8.17432287e-03 -8.11419500e-01 1.70502978e-03 4.81573437e+02 1.37019936e+01
 1.23299032e+01 7.11428216e-03 8.36764798e-01 1.05771876e-03 -8.35162182e+02 1.37023140e+01
 8.43776442e+00 6.13273379e-03 -9.32752210e-02 -7.97958501e-03 -2.55463094e+01 1.37016113e+01
 -1.42572284e+01 -5.49175828e-03 5.44262793e-01 -2.36456037e-03 9.70732519e+01 1.36970038e+01
 -1.04412755e+01 -6.70210685e-03 -7.70297471e-01 3.26095709e-03 -1.77383927e+00 1.36979371e+01
 1.67039662e+01 -5.95647270e-03 -1.72115851e+00 -9.68299063e-03 -2.16032237e+02 1.37029925e+01
 8.60870983e+00 1.62117420e-03 -2.27994060e+00 4.85826199e-03 -1.40909347e+02 1.37015185e+01
 1.45132744e+01 -2.00757990e-03 2.37764041e-01 4.13758251e-03 1.74648400e+01 1.37026459e+01
 -1.98844941e+01 -1.09360456e-02 -1.75675733e+00 -4.83396865e-03 -8.82821635e+00 1.36959665e+01
 -3.15750637e+00 5.24836388e-03 3.92792896e-01 3.31587202e-03 6.28689387e+01 1.36992737e+01
 -8.01872917e+00 -1.10338648e-02 -4.86755540e-01 4.63261280e-04 2.77982581e+02 1.36981879e+01
 6.40384994e+00 2.09318717e-03 -2.55881332e+00 5.11956177e-03 3.17928475e+02 1.37012070e+01
 -1.95264284e+01 3.53343984e-03 5.30248426e-01 -1.33128431e-02 1.64513843e+01 1.36962247e+01
 1.87527935e+01 -4.56264535e-03 5.72621689e-01 -2.35391705e-03 5.11237329e+01 1.37035023e+01
 -2.07968325e+00 -2.37778144e-03 -9.77828793e-02 1.03909549e-02 9.83838744e+01 1.36996698e+01
 9.42891749e+00 4.47636396e-03 -1.22476508e+00 3.95445879e-04 -1.02407133e+02 1.37017423e+01
 -1.15804563e+00 -6.95877396e-03 -1.18833425e+00 5.49835623e-03 4.65814061e+00 1.36998112e+01
 -8.22610741e+00 1.26923933e-02 -1.35094493e+00 6.08086886e-03 -3.98083405e+02 1.36983476e+01
 -2.48219390e+01 2.55577359e-03 1.20330545e+00 -3.53780778e-03 2.11596251e+02 1.36950998e+01
 -1.84246161e+01 -2.48651902e-03 -1.89455400e-01 2.57350102e-03 2.51392935e+02 1.36965603e+01
 -3.14764880e+01 -9.50901460e-03 2.75969853e+00 5.79454903e-03 3.62817272e+02 1.36938788e+01
 -6.10250774e+00 9.28200987e-04 9.42999970e-01 3.03659840e-03 2.46457384e+02 1.36986693e+01
 2.30534013e+01 1.50534586e-02 -2.52541528e+00 -2.09986295e-03 -6.45644483e+00 1.37049245e+01
 7.44020104e-01 3.50166236e-03 -1.40106142e+00 2.34053208e-03 2.16148720e+02 1.37001695e+01
 2.08501528e+00 -6.63054248e-03 -7.12279677e-01 5.25975079e-03 9.66414522e+01 1.37002964e+01
 -1.09757388e+00 3.12989323e-03 2.59728845e+00 8.77217005e-03 2.43415164e+02 1.36996021e+01
 1.62135341e+01 6.42362056e-03 -1.43586337e+00 7.74434528e-03 -4.13695942e+01 1.37030153e+01
 -2.70753115e+00 3.04706212e-03 -1.14800082e-01 4.24465483e-03 -2.01180095e+02 1.36996648e+01
 -1.65292728e+01 1.27939937e-02 6.95485199e-02 -8.82593096e-04 -5.33042417e+02 1.36971560e+01
 5.75910747e+00 1.63271560e-03 -4.30327334e-01 -1.44818433e-04 4.15078437e+02 1.37011990e+01
 -2.72210158e+01 4.28687906e-03 9.04620779e-01 -6.83195953e-03 3.03848756e+02 1.36944288e+01
 1.83932392e+01 -9.53740888e-03 -1.85404241e+00 1.40744705e-03 2.65272875e+02 1.37035304e+01
 9.15426737e+00 6.76778735e-03 -2.26088100e+00 -9.21399723e-04 -4.72135765e+02 1.37021004e+01
 -6.40063632e+00 1.98656289e-03 4.80680315e-01 6.35527494e-03 1.37563289e+02 1.36985173e+01
 -1.12956680e+01 -4.59789525e-03 -5.22930929e-01 -7.62335933e-03 5.43959727e+02 1.36976737e+01
 2.38703108e+01 -5.97671060e-03 2.08943899e-01 5.46190929e-03 -8.99614556e+01 1.37046315e+01
 9.71180495e+00 1.47731022e-02 9.05933084e-01 -1.03563341e-02 -2.43613702e+02 1.37021068e+01
 3.99315991e+00 7.24122372e-03 8.39065166e-01 -6.07227586e-04 -4.05776406e+02 1.37005381e+01
 -1.42411564e+01 -1.00798347e-02 2.66771576e+00 9.10037132e-03 1.44084018e+02 1.36970351e+01
 -5.33770845e+00 -3.76176415e-03 1.16430976e+00 7.59879554e-03 -3.56161691e+02 1.36989127e+01
 2.54260787e+00 -2.35041482e-03 -1.28820578e+00 -2.46078248e-04 1.92017779e+02 1.37009696e+01
 -1.42990627e+01 -4.19260378e-03 -1.56936293e+00 3.29342810e-03 -2.55098947e+02 1.36971518e+01
 4.04163893e+00 6.25889879e-03 -1.05693616e+00 -7.35720029e-03 2.35134848e+02 1.37007463e+01
 1.11593736e+01 6.42257315e-03 -5.33189224e-02 -1.09062075e-02 -3.87627575e+02 1.37024530e+01
 6.53354780e+00 3.69822204e-03 -1.86661063e+00 -4.51011243e-03 6.29208507e-01 1.37016030e+01
 -8.85556231e+00 -1.23655964e-03 -1.01636836e+00 5.15801173e-04 2.30302727e+02 1.36983314e+01
 -1.08671770e+01 1.53031065e-04 1.21504272e+00 2.33019800e-03 1.24817268e+02 1.36979518e+01
 -8.75084252e+00 -2.58150787e-03 -9.84024255e-02 1.19220861e-03 1.38377367e+01 1.36984612e+01
 -4.44974102e+00 -6.23596005e-04 -1.08682527e+00 4.97437194e-03 1.67874436e+02 1.36991577e+01
 -1.37184094e+01 2.01941450e-03 -1.67524368e-01 2.33000935e-03 -3.35423459e+02 1.36970726e+01
 1.69302303e+00 9.68081554e-03 -1.61082456e+00 -3.16550068e-05 2.17642127e+01 1.37002030e+01
 5.53857036e+00 -5.47916745e-03 9.31313318e-01 -2.39324694e-03 -5.12991683e+02 1.37011947e+01
 -2.17355331e+01 1.30754562e-02 -2.34635180e-01 -6.62251714e-03 1.15366564e+02 1.36956088e+01
 -2.27759547e+00 7.39170634e-03 -1.55775048e+00 4.86519239e-03 7.53426796e+01 1.36996713e+01
 -5.55180040e+00 1.19655557e-02 -1.17861657e-01 9.57846280e-03 3.13303114e+02 1.36990723e+01
 1.17782766e+01 2.09984549e-04 -1.44229999e+00 -9.32131617e-04 -8.78847881e+01 1.37022530e+01
 9.29314282e+00 4.36999732e-03 -5.11017087e-01 2.19506284e-03 -4.63089646e+02 1.37019514e+01
 8.63243965e-01 -8.24206076e-03 1.91313504e+00 2.29651595e-03 -3.54232373e+02 1.37003335e+01
 -2.44894399e+01 3.44356752e-03 7.98608529e-01 1.22428123e-03 -3.13968427e+02 1.36951731e+01
 -8.04877598e-01 -1.89680038e-02 -4.47729720e-01 -2.65797196e-03 1.99924481e+02 1.36997154e+01
 1.13605940e+01 -1.10064361e-02 1.78580975e+00 2.37478301e-03 5.21171081e+02 1.37022085e+01
 4.13463256e+00 5.88920726e-04 -6.24304289e-01 -3.42872289e-03 1.66190081e+02 1.37004541e+01
 2.65152493e+01 -1.01888290e-02 5.03482101e-01 -2.64968855e-03 -1.50039173e+02 1.37055139e+01
 -1.06253674e+01 8.74460853e-03 -3.78771504e-01 1.00037894e-02 -5.60527338e+02 1.36977666e+01
 7.93505629e+00 -2.27353056e-03 1.20905791e-01 5.85824173e-03 -2.67858467e+02 1.37013945e+01
 3.52446848e+01 5.36971747e-03 -3.41732099e-01 -1.24728083e-02 3.44753286e+01 1.37069210e+01
 8.60893400e+00 -2.53729924e-03 2.09113700e-01 8.51561005e-04 1.12951812e+02 1.37017086e+01
 -2.67403722e+00 7.73780661e-03 6.83508133e-01 -3.78603796e-03 -1.66012090e+02 1.36995363e+01
 7.28443475e+00 -1.26227125e-02 -2.02923912e+00 5.34184191e-03 -1.03202573e+02 1.37014965e+01
 1.48829224e+01 1.51894476e-02 -3.60493192e+00 5.40894848e-04 -6.57922973e+02 1.37023929e+01
 7.52556896e+00 8.05080336e-03 -2.92232390e-01 3.07734597e-03 -3.90606803e+01 1.37017767e+01
 7.87264264e+00 -6.73839205e-03 -1.40814648e-01 -2.41164340e-03 -3.49824995e+02 1.37017765e+01
 -9.27121530e-01 1.78774478e-02 -1.23643608e+00 -4.01669656e-04 3.22291402e+02 1.36996169e+01
 -3.18034050e+01 -9.34740359e-03 -1.83465546e+00 -2.12450087e-03 -2.11434447e+02 1.36939201e+01
 3.61339926e+00 1.55065940e-03 5.89131510e-02 2.86099769e-03 1.56233737e+02 1.37006420e+01
 -2.37502332e+01 -1.55584775e-03 -5.30441786e-01 -1.21952985e-03 1.57086735e+01 1.36955786e+01
 -8.67244998e+00 7.73504189e-03 5.63165354e-02 -7.98247189e-03 4.68569808e+02 1.36981263e+01
 -8.10503219e+00 2.85119763e-03 -9.34769144e-01 -8.56207004e-03 -2.38033930e+02 1.36982674e+01
 1.49301769e+00 1.35097331e-02 3.40463200e-01 2.71016431e-03 2.35374023e+02 1.37002131e+01
 -7.48150277e+00 -2.19206174e-03 -4.60445208e-01 -2.91035589e-03 -3.22799956e+02 1.36983172e+01
 1.69761230e+01 -3.95024316e-03 -7.20757625e-01 -3.37669418e-04 -5.42173555e+02 1.37032069e+01
 7.73381718e+00 1.87441562e-02 3.32112525e+00 3.38771570e-03 -3.30127090e+02 1.37012728e+01
 1.93735642e+01 8.34662072e-03 -3.55735181e-01 -2.41235164e-03 9.34036858e+01 1.37035274e+01
 -2.22049520e+01 4.61879892e-03 2.18923127e-01 -8.96999954e-03 -6.16160775e+01 1.36955144e+01
 2.15849701e+00 -1.14534798e-02 1.33411110e-01 9.39007255e-03 8.17751210e+01 1.37003718e+01
 1.30489282e+00 2.41513483e-03 1.03430578e+00 -6.45698903e-03 1.65643335e+02 1.37002800e+01
 -1.42489291e+01 3.00973304e-03 1.11438414e+00 -3.99679918e-03 4.17818987e+02 1.36970726e+01
 -5.66821332e+00 -6.66085139e-03 -1.67917755e+00 1.05668751e-02 1.08814970e+02 1.36989484e+01
 1.05512519e+01 -3.21262035e-03 -2.82725606e-01 -4.66386963e-03 -6.96296835e+01 1.37020870e+01
 -1.89266146e+01 -8.04885867e-03 -2.18370111e+00 -9.51287402e-03 -3.63096938e+02 1.36960601e+01
 3.34641443e+00 6.15646796e-03 7.56875611e-01 -9.31548874e-04 -2.81165636e+02 1.37009645e+01
 -2.59933621e+00 -6.31940535e-03 -1.81247703e+00 1.24728008e-02 2.99821842e+01 1.36992361e+01
 2.65147736e+01 -3.98054866e-03 1.00065265e+00 -3.18547419e-03 1.53636444e+02 1.37048248e+01
 1.02815206e+01 5.26796022e-03 -1.76805834e+00 3.18505898e-03 -2.63032156e+02 1.37022164e+01
 1.50266868e+01 -2.03034770e-03 -1.45208965e+00 2.70646104e-03 5.56674508e+02 1.37029637e+01
 7.61348125e+00 1.21616472e-03 -3.25491668e-02 1.19334125e-03 -3.71741825e+02 1.37016744e+01
 -2.23057337e+01 2.73245802e-03 -3.50690195e-01 -1.06952349e-03 1.65997708e+02 1.36953607e+01
 2.22992442e+01 -5.92870894e-03 3.73534887e-01 1.18028324e-03 -1.64105611e+02 1.37046149e+01
 5.86880862e+00 7.27680136e-03 -6.75574970e-01 -1.94176838e-03 4.49563139e+01 1.37010442e+01
 -1.98450445e+01 -5.42705176e-03 -1.89618145e-01 2.26582623e-03 -6.46639482e+01 1.36959520e+01
 9.49358957e+00 4.70775951e-03 1.49574095e+00 -1.39215687e-03 -2.31295851e+02 1.37016645e+01
 6.90159065e+00 1.71098458e-03 -1.50546885e+00 3.64302428e-03 1.60610849e+02 1.37014100e+01
 -9.57414155e+00 3.01060300e-03 4.06962207e-01 -1.01556337e-02 -3.77310691e+02 1.36978886e+01
 -6.47853191e+00 8.38493234e-03 -9.05006675e-01 -9.72213685e-04 -8.56492087e+00 1.36984684e+01
 -3.35490422e+00 -7.45045426e-03 -2.47850164e+00 -9.95551018e-03 5.84968116e+00 1.36994103e+01
 5.02393053e+00 1.33381794e-02 -5.80765432e-01 -5.57010240e-03 -9.46045866e+01 1.37011751e+01
 -1.41429469e+01 9.68227022e-03 9.55681081e-01 -1.99718057e-03 -1.26401610e+02 1.36970119e+01
 -8.56824317e+00 1.05573036e-02 4.86054832e-01 -8.02525457e-03 4.23196859e+01 1.36980822e+01
 -1.71011126e+00 -4.87113705e-03 4.14305951e-01 -6.42068832e-03 1.30418126e+02 1.36997031e+01
 4.25375023e+00 -4.05269669e-03 1.28175238e+00 3.68294358e-03 -6.13681205e+00 1.37009115e+01
 -3.30699048e+00 -1.50357663e-02 1.55460830e-01 8.73541508e-04 1.40444134e+02 1.36991628e+01
 -1.03163390e+00 7.07257127e-03 -2.70962031e-01 -1.37746708e-02 -1.26996891e+02 1.36999591e+01
 -3.24656904e+00 -4.89705908e-03 3.11745725e-02 -7.44458891e-03 -1.22673625e+02 1.36993977e+01
 -1.94982001e+01 -4.66812566e-03 2.23102539e-01 -1.17514642e-03 4.57263162e+02 1.36959901e+01
 -5.13125060e+00 -1.59943358e-04 -7.39198685e-01 -9.15712292e-04 4.33561646e+02 1.36991357e+01
 1.02422706e+01 5.53132154e-03 -1.06481786e+00 1.04810626e-03 -2.18446457e+02 1.37020523e+01
 3.97094022e+01 1.88650296e-02 1.91878836e+00 -7.14188242e-03 -1.97351241e+02 1.37076709e+01
 4.44988640e+00 -1.06630004e-02 6.51020851e-02 -5.10340739e-03 3.29099985e+02 1.37006532e+01
 6.51327784e+00 9.89568522e-03 -6.16202882e-01 -1.63690128e-03 -4.14988259e+02 1.37010974e+01
 -3.66198544e+00 -3.09502367e-04 2.40559187e-01 -4.17393119e-04 1.49633045e+02 1.36993182e+01
 -1.63574219e-01 4.23797588e-04 -2.66894693e-01 4.86129380e-04 5.79971946e+01 1.36996196e+01
 -1.88319107e+01 -8.26939050e-03 7.60788899e-02 2.51658018e-03 -1.36864333e+02 1.36960568e+01
 -9.59053195e+00 2.97052413e-03 -1.12650231e-01 -6.50911461e-03 -1.93296165e+02 1.36982523e+01
 -6.67590045e+00 8.16660859e-03 -2.53378778e+00 3.56599362e-03 3.74083625e+02 1.36984781e+01
 1.56095736e+01 -2.50865825e-03 -8.66507668e-01 -7.16622323e-03 -1.80354113e+01 1.37032759e+01
 -7.26407047e+00 -2.49781148e-03 -3.99929471e-01 -1.13742305e-02 -3.11049143e+02 1.36986100e+01
 -7.06952695e+00 -5.36223596e-03 -1.19432821e+00 -7.78011354e-04 2.06977589e+02 1.36987611e+01
 -1.07976539e+00 -1.32069026e-02 -1.03935642e+00 1.46671982e-02 -3.48153620e+02 1.37001135e+01
 3.50843863e+00 -4.89578131e-03 1.06568999e+00 1.09391217e-02 -6.00709134e+00 1.37008693e+01
 5.96620393e+00 -1.25649210e-02 4.79424350e-01 8.07356980e-03 7.17117155e+01 1.37011781e+01
 2.17230506e+00 8.85425048e-03 3.39793361e-01 6.28237218e-03 5.07218114e+01 1.37001131e+01
 1.12756067e+01 3.32648344e-03 -6.70765640e-01 -1.22338312e-02 -1.66957934e+01 1.37022727e+01
 1.29563644e+01 1.96748564e-03 2.09447844e-01 7.12558277e-03 2.04016416e+02 1.37027172e+01
 2.12383270e+01 -1.00523724e-02 1.42774741e+00 -5.58011868e-04 -4.53936764e+02 1.37040778e+01
 2.26231167e+01 5.08237174e-04 7.45411379e-01 -1.08428776e-02 2.04837469e+01 1.37044272e+01
 -9.16811432e+00 -9.49013756e-03 7.26503524e-01 -2.15628176e-03 -4.49511986e+02 1.36982608e+01
 4.28867183e+01 -1.98525249e-04 1.27809554e+00 -3.25951403e-03 8.14012955e+01 1.37084106e+01
 -1.18772412e+01 -4.74930280e-03 2.97735052e-01 1.91216004e-03 9.68089754e+01 1.36979828e+01
 1.00833716e+01 -5.39660312e-04 -5.75978294e-01 -9.54726895e-04 -3.49444749e+02 1.37017075e+01
 1.16751622e+01 1.56803707e-02 -3.83649152e-01 -3.06977967e-03 2.70764827e+02 1.37027018e+01
 -2.75198093e+01 2.01398989e-03 -4.69077429e-02 8.31572449e-04 -5.58291677e+02 1.36945712e+01
 6.92752936e+00 1.20522159e-03 -2.57703831e-01 8.76249267e-03 8.84556950e+01 1.37010464e+01
 -6.49461228e+00 7.60388898e-03 3.12894860e-02 -2.28576193e-03 -1.89257270e+02 1.36986551e+01
 -1.80826014e+01 -1.18535162e-02 -3.50232132e-01 -1.03040470e-02 -3.04855624e+01 1.36967087e+01
 -8.92817189e+00 -2.14364402e-03 -5.10197105e-01 7.58718826e-03 -1.91201792e+02 1.36980807e+01
 3.24406665e+00 4.27946312e-03 2.39650946e+00 -3.21434540e-03 5.07929493e+02 1.37008451e+01
 -3.27440298e+00 -1.21957876e-02 -1.98073955e-01 8.49016050e-03 -4.70130881e+01 1.36994006e+01
 1.75462812e+01 1.15083396e-02 -3.08709724e-01 9.58038870e-03 -1.44748668e+02 1.37035783e+01
 -5.44200940e+00 -3.91986677e-03 -4.27916165e-01 4.58722178e-03 2.04079887e+02 1.36990008e+01
 -1.69797447e+01 2.48384020e-04 9.17511652e-01 8.63922713e-03 -1.70198434e+02 1.36967758e+01
 1.13742518e+01 9.95044696e-04 -3.41288453e-01 8.10910230e-04 4.83556866e+02 1.37020218e+01
 -1.12396404e+01 -7.98865239e-03 7.47402396e-01 -5.67389093e-03 -4.42124025e+01 1.36978361e+01
 2.11921923e-01 -1.08972127e-03 4.57925075e-01 -6.26248557e-03 -6.10672325e+01 1.37000955e+01
 2.16360550e+01 -2.31258489e-03 -9.86670176e-01 -5.75953798e-03 5.23368396e+02 1.37044441e+01
 3.07981427e+00 1.83290602e-02 1.52269185e+00 9.55060409e-03 -2.24690922e+02 1.37007711e+01
 -2.53518947e+01 -1.13917383e-02 -3.97512831e-01 -1.63260104e-04 -3.74576837e+02 1.36952125e+01
 -1.22945103e+01 5.32456124e-03 1.25474767e+00 -1.15292198e-02 4.03447611e+02 1.36976865e+01
 -1.04645164e+01 5.43832864e-03 4.57984684e-01 7.27187026e-03 2.05324401e+02 1.36978805e+01
 -1.07660077e+01 3.04613741e-03 -7.34019912e-01 -4.58206025e-03 3.83074733e+02 1.36978817e+01
 8.49435971e-01 5.13228491e-03 1.80699095e+00 2.30664051e-03 -4.24037353e+01 1.37002658e+01
 -1.01052889e+01 -9.94380107e-03 6.95549759e-01 -4.20930461e-03 -3.80414705e+02 1.36977066e+01
 7.63631437e+00 -3.23994987e-03 -1.37127447e+00 2.27858158e-03 3.59819050e+02 1.37016119e+01
 -7.53654573e+00 -8.51983650e-03 -7.71104915e-01 4.17540982e-03 3.99562086e+02 1.36981731e+01
 -2.05150632e+01 1.10062051e-03 -1.20319521e+00 6.35177720e-03 3.55865079e+02 1.36959262e+01
 2.49060290e+01 3.96512446e-03 -2.44110188e+00 2.31057257e-03 1.94503747e+02 1.37050529e+01
 7.13209388e-01 -1.77588356e-03 -7.36982028e-02 3.21188637e-03 -5.05564926e+00 1.37000022e+01
 9.39519249e-01 1.64601649e-02 1.10436872e+00 -4.95849916e-03 -2.40179575e+02 1.37002949e+01
 2.43844733e+00 -4.54784353e-03 -2.06246021e+00 -4.84239436e-03 -3.23491273e+02 1.37000448e+01
 1.01929784e+01 -3.74500197e-03 1.64460396e+00 9.85444572e-03 -7.31983282e+02 1.37019044e+01
 -1.43611172e+00 5.24067312e-03 1.52465784e-01 3.43675114e-03 -3.40714841e+01 1.36999003e+01
 -1.73976326e+01 6.96172638e-03 -2.47990403e-01 -5.64202326e-03 -4.83939566e+02 1.36964244e+01
 4.17738508e+00 -1.05183734e-02 5.08650701e-01 -2.03067367e-03 8.96328164e+01 1.37010113e+01
 -1.81180512e+01 -2.05328559e-03 -3.33855746e-01 -4.79576907e-03 2.21578701e+02 1.36963276e+01
 1.20237801e+01 -3.51036237e-03 3.56813652e-01 1.84057353e-03 -2.34642017e+02 1.37022043e+01
 9.20406311e+00 -4.93276244e-03 9.86432895e-01 8.96428952e-03 3.48340611e+02 1.37017083e+01
 -1.80588954e+01 9.57193750e-03 -5.90965518e-01 4.99304050e-03 -2.61558767e+02 1.36965210e+01
 -1.40267902e+01 -2.94195864e-03 4.29143156e-01 -2.62260234e-03 -1.51470906e+02 1.36972158e+01
 -9.27540381e+00 5.67757996e-04 -1.64583523e+00 6.92029799e-03 -1.09772309e+02 1.36984195e+01
 1.65733264e+01 -2.82049123e-03 -1.64425347e+00 -7.84693316e-04 5.02944026e+02 1.37031443e+01
 -1.16251412e+01 8.22374856e-03 -1.27840176e-01 5.82611448e-03 1.46329886e+02 1.36975219e+01
 -1.88354542e+01 -5.66993743e-04 1.39361939e-01 1.06391035e-02 -7.41994675e+01 1.36960619e+01
 -6.06852599e+00 -1.64803857e-03 4.28475599e-02 -5.10009144e-03 -5.88813717e+01 1.36989732e+01
 1.07147074e+01 3.09952923e-04 -5.12160172e-01 -4.16951965e-03 3.21176271e+02 1.37018275e+01
 1.45533548e+01 3.04380262e-03 -1.76123337e-01 6.88720798e-03 2.56780458e+02 1.37028409e+01
 5.17735320e+00 -2.14898773e-03 1.81058752e+00 2.24051619e-03 -5.79346017e+00 1.37007930e+01
 1.67220613e+01 7.35090257e-03 1.15885551e+00 -1.40447073e-03 3.98019124e+02 1.37032225e+01
 1.58801401e+01 3.10180885e-03 -1.15963604e+00 1.52678039e-02 -1.87061319e+02 1.37034085e+01
 7.56487167e+00 -9.59752509e-03 -1.04214771e-01 -1.13118317e-03 -1.44450421e+02 1.37012356e+01
 4.54241829e-01 3.00231979e-03 -7.46157671e-01 7.13061210e-03 3.16418906e+02 1.37000294e+01
 6.80342307e-01 -3.70532193e-03 -3.99940399e-01 -7.93413494e-04 -2.07135403e+02 1.37002234e+01
 8.14273056e+00 -4.34522284e-03 1.09349815e+00 3.62559697e-03 -1.83381859e+02 1.37015784e+01
 -1.03835950e+01 -1.18463629e-02 7.62288836e-01 6.95553520e-03 4.96600163e+02 1.36978550e+01
 -1.00509618e+01 3.69339973e-03 5.87555459e-01 -2.69687470e-03 -1.70043881e+02 1.36977849e+01
 -6.97856628e+00 -1.53376714e-02 -1.42751580e+00 -3.30868858e-03 2.32731675e+02 1.36985014e+01
 -1.13780609e+01 1.31734308e-02 5.83648108e-01 5.75865619e-03 6.27802796e+02 1.36982236e+01
 7.36854369e+00 3.77776686e-03 1.94657627e+00 3.27929700e-03 2.16194563e+02 1.37012745e+01
 -1.26070496e+00 -5.49325982e-04 2.01752104e-01 -2.31298779e-03 -2.24386586e+02 1.36997449e+01
 9.06496558e+00 -5.00178052e-03 -8.94803967e-01 4.04622795e-03 2.03890527e+01 1.37015261e+01
 6.06464820e-01 -1.39527890e-02 -3.84923548e-01 -3.44845117e-03 1.58600067e+02 1.37000059e+01
 -8.11784834e+00 4.21252378e-03 -2.44533416e+00 -1.19206641e-02 2.25940792e+02 1.36984884e+01
 7.52216783e+00 -8.13362940e-03 -4.09938128e-01 1.44361925e-03 2.04262962e+02 1.37014428e+01
 2.17992301e+01 1.05854022e-03 -1.33846707e+00 -2.59526032e-03 -2.67807241e+02 1.37044418e+01
 -3.16407539e+01 4.11004278e-04 -7.94946525e-01 8.25849946e-03 -1.01680150e+02 1.36935892e+01
 -7.96491384e+00 -1.06651237e-02 6.02413499e-01 6.26222870e-03 1.62771935e+02 1.36986338e+01
 8.04744074e+00 -9.17947685e-03 -1.47734390e+00 1.48787946e-04 1.25113329e+02 1.37012291e+01
 -7.36491973e+00 1.04483949e-02 -1.55973810e+00 -1.30491832e-02 5.48950698e+01 1.36984480e+01
 -8.29731537e+00 -6.19220466e-04 4.99354638e-01 -7.50512793e-03 -3.33312785e+02 1.36981124e+01
 -3.73203849e-01 5.62002326e-03 -2.71506348e-01 -4.54849825e-03 -9.30298741e+01 1.36999855e+01
 2.21991180e+01 -1.05069519e-02 9.89395206e-01 1.86322359e-03 1.43066482e+02 1.37046114e+01
 -1.43994371e+01 3.37518684e-03 -2.62223386e-01 6.70882575e-03 4.58393954e+02 1.36972539e+01
 -1.28661565e+01 9.76257796e-03 1.28544953e+00 3.69875857e-03 1.26727733e+02 1.36974487e+01
 -1.13851585e+00 1.35020505e-04 2.48238046e-02 6.36915278e-03 5.76130322e+02 1.36995894e+01
 -4.90103923e+00 -8.91362940e-03 -7.89213968e-01 2.33660397e-03 -1.36611344e+02 1.36988493e+01
 -8.18106802e+00 3.63007765e-03 -1.25082285e+00 6.09917648e-03 -3.73329512e+02 1.36982897e+01
 -2.00460587e+00 -2.69196449e-03 -8.85249662e-01 -4.93067342e-04 7.31074044e+01 1.36996305e+01
 -1.95703817e+00 -4.95701876e-03 6.98202639e-04 4.56923820e-03 2.15359039e+02 1.36997996e+01
 6.78780949e+00 -2.66269068e-03 -3.39226106e-01 7.22073515e-03 1.11608759e+02 1.37011792e+01
 -1.71133528e+01 -8.27126655e-03 2.53072890e-01 6.12529436e-04 9.47455156e+01 1.36964807e+01
 8.79955409e+00 -7.66257667e-03 1.32595618e-01 4.32143093e-05 -2.13981337e+02 1.37016159e+01
 -1.01552959e+01 8.98397682e-04 -1.43051287e+00 -9.09839179e-03 -1.92359472e+02 1.36983161e+01
 -2.62854827e+00 2.42749054e-03 6.78630117e-01 5.80923251e-03 3.44980529e+02 1.36991136e+01
 -2.21503761e+01 7.68620751e-03 9.67239265e-01 9.32440369e-03 2.97992427e+02 1.36958653e+01
 -2.42270474e+00 1.10362326e-03 6.25634121e-01 5.81614087e-04 1.00151186e+02 1.36995192e+01
 -1.78403742e+01 -7.17850921e-03 -1.02078967e+00 -6.24608786e-03 -3.79547398e+02 1.36963919e+01
 -2.03659810e+01 3.40529265e-03 1.28925632e-01 3.14426524e-03 3.01837086e+02 1.36962141e+01
 -5.29437897e+00 -8.68463488e-05 -1.83973715e-01 1.99679209e-03 -3.96150048e+02 1.36988520e+01
 -2.96705380e+00 -1.08161848e-02 -3.72023469e-01 -6.56851111e-03 -1.07897483e+02 1.36994739e+01
 4.83313071e+00 1.56866543e-02 -2.13058086e-01 -5.10496474e-04 -4.00917417e+02 1.37009519e+01
 1.04294484e+01 1.12635304e-02 -8.81031195e-01 -5.21590271e-05 1.63363181e+02 1.37020303e+01
 1.29165851e+01 1.27979578e-03 1.22636056e+00 -7.35329518e-03 1.88110274e+01 1.37029212e+01
 1.26770058e+01 8.41515676e-03 -2.03024608e-01 -1.11463182e-02 1.45748386e+02 1.37022040e+01
 -5.85284800e+00 -1.43299336e-02 1.84799452e+00 1.47448347e-03 4.57154444e+02 1.36987544e+01
 -5.69105038e-01 5.25299922e-03 2.45859658e-01 -7.42639251e-03 7.43452842e+02 1.37001690e+01
 9.88726180e-01 4.28381290e-03 1.57463681e+00 1.68549258e-02 1.73444465e+02 1.37000482e+01
 1.37955528e+01 1.37820589e-02 4.11649622e-02 -7.52744990e-03 -5.09881482e+01 1.37028535e+01
 8.35708275e-01 -1.67527461e-02 -4.93238517e-01 -5.71038126e-04 -1.95322414e+02 1.36999831e+01
 1.55207685e+00 1.56517763e-02 1.44379260e+00 -7.72567201e-03 -4.13540246e+02 1.37004505e+01
 -1.25269515e+01 6.67365680e-03 2.50574413e+00 -1.44132293e-03 -1.02663846e+02 1.36973864e+01
 3.09498097e+01 1.16479619e-02 1.67837763e-03 -9.48654581e-04 1.60989087e+02 1.37060324e+01
 -5.62517872e+00 -2.66638863e-03 1.43613996e+00 7.39675961e-03 4.59432059e+02 1.36990673e+01
 2.06811719e+01 -4.29901862e-03 -6.30370155e-02 -7.12841318e-04 1.53854802e+02 1.37039692e+01
 8.36023752e-02 6.47463458e-03 2.07258889e-01 5.19618618e-03 -3.55043696e+01 1.37000474e+01
 1.61824165e+01 -8.94177936e-03 -1.74010352e+00 -1.17104876e-03 1.29144377e+01 1.37033003e+01
 -1.10898302e+00 -2.78790087e-03 7.07391575e-01 5.61091303e-03 1.71101936e+01 1.36995027e+01
 -1.54701948e+01 -9.66031653e-03 -3.75329395e-01 -3.24550235e-03 -8.40658997e+00 1.36971097e+01
 3.05250962e+00 4.14765631e-03 8.32364597e-01 -2.00930185e-03 3.59580179e+02 1.37007676e+01
 1.03081546e+01 4.62596570e-03 1.09368059e+00 -6.05550164e-03 1.75902231e+02 1.37018976e+01
 -5.69033381e+00 1.87230317e-02 1.73268692e+00 -4.89208791e-04 -8.15514778e+01 1.36989089e+01
 -6.43725544e+00 -8.30078484e-03 6.05211157e-01 -4.28373203e-03 3.70198652e+01 1.36986419e+01
 1.40951889e+01 -3.30154787e-03 -1.53971203e-01 -2.78927915e-03 -1.32634887e+02 1.37030354e+01
 -1.03282746e+01 1.71486010e-04 1.40082366e+00 2.07965843e-03 -1.51206824e+02 1.36979758e+01
 4.11031759e+00 1.12815239e-03 4.28755916e-01 2.58465026e-05 -9.38069329e+01 1.37007365e+01
 7.85551362e-01 8.00057604e-03 5.53964979e-01 7.88118965e-03 4.67001824e+02 1.36998738e+01
 -1.57816882e+01 2.83481912e-03 -2.94526253e-01 -3.01830481e-03 2.96751156e+02 1.36968073e+01
 1.97382055e+01 2.16319497e-03 3.45391628e-01 -7.10601634e-03 1.03929751e+02 1.37039376e+01
 -7.02093930e+00 -6.98706808e-05 -3.15192557e-01 4.61216399e-03 -1.32147364e+02 1.36989011e+01
 -9.52399349e+00 7.25615336e-03 -3.38832498e-01 1.73152032e-03 1.85024021e+02 1.36983053e+01
 -1.29425935e+00 -1.19951446e-03 -1.78486505e+00 -8.07985974e-03 1.81287723e+02 1.36999444e+01
 -4.40211730e-01 1.36061224e-03 -5.20056857e-01 1.96264007e-03 -5.96610156e+02 1.36998506e+01
 -1.25914077e+01 -7.09905806e-03 2.17358984e-01 -9.01106452e-06 3.55275854e+02 1.36978801e+01
 1.04554471e+01 3.84525792e-03 1.57473690e+00 8.28554934e-03 -4.93159287e+02 1.37022488e+01
 7.70508409e-01 5.55492932e-03 -1.52822017e-02 -2.58383442e-04 7.45166483e+01 1.36997717e+01
 7.34737959e+00 8.01707902e-04 1.30649177e-01 6.20338650e-04 -3.16589143e+02 1.37015861e+01
 -5.12344762e+00 -1.01669704e-02 4.72696044e-01 -1.83661691e-03 4.66457720e+02 1.36990221e+01
 -7.89995394e+00 5.15159808e-03 3.52182020e-01 3.40921529e-03 -6.24998555e+01 1.36982393e+01
 1.01696500e+00 9.82324428e-03 -8.89334068e-01 -9.77884689e-04 -4.73232069e+02 1.37000610e+01
 -4.35555121e+00 7.20560295e-03 -6.07309781e-01 2.92530697e-03 5.63799715e+00 1.36992177e+01
 7.91665908e+00 2.96119928e-03 -6.06714492e-01 -3.08544813e-03 -1.80960011e+02 1.37015182e+01
 -1.39730671e+01 7.07878489e-03 1.25193402e+00 1.59411784e-02 2.31185919e+01 1.36971154e+01
 -1.75550624e+01 3.49503773e-03 -2.89370695e+00 -3.65802906e-03 -8.52606234e+01 1.36967249e+01
 6.42535444e+00 -1.30908498e-03 -4.07554829e-01 -6.82668899e-03 2.44798036e+01 1.37012152e+01
 -1.03859558e+00 2.61908458e-03 -6.89145850e-01 -3.94620910e-04 3.75820400e+02 1.36995133e+01
 1.11121441e+00 -1.18074588e-02 1.34531094e+00 -1.04808787e-03 -4.54600943e+02 1.37002349e+01
 2.48342177e+01 1.97349327e-03 2.80430608e-01 2.13241548e-03 1.36077830e+02 1.37046705e+01
 -5.46165518e-01 -1.19336017e-02 6.45572078e-03 -2.63766806e-03 2.78873608e+02 1.36998721e+01
 1.55105785e+00 -3.71847704e-05 -2.51165089e-01 -7.44810782e-03 -3.17912070e+02 1.37001235e+01
 -7.40546948e+00 -1.45600428e-02 9.45286815e-02 -6.58458032e-04 -1.29162984e+02 1.36983401e+01
 9.79087107e+00 -6.74568104e-05 -7.38539358e-02 1.00906367e-02 1.04921811e+02 1.37018775e+01
 -1.31383293e+01 -1.69946127e-02 2.07219429e-01 -2.69569349e-03 1.78237805e+02 1.36975990e+01
 1.59261173e+01 1.27641254e-02 3.40779942e-02 3.68566472e-03 -3.50438944e+02 1.37032455e+01
 1.21870281e+01 -4.43596032e-03 8.67467984e-01 -6.78456026e-03 2.11061801e+02 1.37023716e+01
 -3.33005317e+00 2.96730125e-03 7.34333458e-01 -7.04704011e-04 8.08760057e+01 1.36995819e+01
 -1.01645924e+01 1.08075772e-02 3.19556993e-01 1.15117376e-03 -3.96150055e+02 1.36981108e+01
 1.62213020e+01 -3.80197677e-03 -1.73463167e+00 -1.45433293e-03 -4.07334208e+02 1.37030853e+01
 4.65408819e+01 3.77354133e-03 1.81500802e-01 -4.43343067e-04 -4.51846402e+02 1.37093651e+01
 -1.96781533e-02 -5.67693248e-03 -6.62648091e-01 -4.36228729e-04 4.28708043e+01 1.37001233e+01
 -8.65418382e+00 -6.75888284e-03 4.09417980e-01 1.31456118e-03 -1.20849673e+02 1.36981427e+01
 -8.29164394e-01 -7.69267531e-03 -5.18510863e-01 5.11538168e-03 4.81222206e+02 1.36999017e+01
 -8.36064849e+00 2.56773572e-03 -4.06417005e-01 -1.37119275e-03 -1.63691322e+02 1.36982052e+01
 -1.64952803e+01 -9.28204590e-03 -7.44003838e-01 4.77791255e-03 -9.18340979e+01 1.36967945e+01
 -2.39467308e+00 1.02598035e-02 1.15277033e+00 -5.02733330e-03 -3.28078102e+02 1.36996069e+01
 3.04906341e+01 8.12351486e-03 8.16502696e-02 1.55563380e-04 3.21916243e+02 1.37057349e+01
 8.98528775e+00 -4.10794145e-03 -8.28328241e-01 -4.40395597e-03 -4.00059720e+01 1.37017165e+01
 5.51848036e+00 -5.02273228e-03 2.67775190e-01 -6.58118488e-03 -2.63757321e+02 1.37013203e+01
 -3.90394785e+00 -4.53624213e-03 -1.58060127e+00 -7.96178093e-03 -7.99124399e+00 1.36992363e+01
 -1.31802074e-02 6.16757305e-03 2.98830419e-01 7.73853589e-04 1.21217096e+02 1.36998189e+01
 6.79647843e+00 -8.42315469e-03 -4.26475338e-02 -7.46582301e-03 -2.19231718e+02 1.37010111e+01
 -2.10919046e+00 -9.18517050e-03 -1.72255948e+00 -2.92649190e-03 -3.54204230e+02 1.36995668e+01
 -5.37240899e+00 3.49184129e-03 -5.87859411e-01 -6.00169370e-03 4.95675901e+02 1.36991056e+01
 -2.21685837e+01 -4.15068028e-04 -1.55907554e+00 -6.77611573e-03 1.29234758e+02 1.36955882e+01
 2.54758494e+01 3.08674441e-03 -1.34169068e+00 1.35448566e-03 2.32217734e+02 1.37049388e+01
 3.83334401e+00 1.94211586e-03 -1.38655464e+00 -3.35882358e-03 -3.75757310e+01 1.37007614e+01
 -3.78826240e+01 -6.46826691e-04 -7.57520577e-02 -9.11398515e-05 1.68457968e+01 1.36923212e+01
 2.85004394e+01 -1.05494644e-02 2.53556562e-01 -4.14274608e-03 -3.09686271e+02 1.37055970e+01
 -2.91310142e+01 9.90156993e-03 1.23929422e-01 -2.41108994e-03 -1.02296603e+02 1.36943675e+01
 -1.13891638e+01 5.17770063e-03 -1.80868322e-01 -3.99728073e-03 6.27173240e+02 1.36977671e+01
 -1.26961362e+01 -9.48126776e-03 3.07720351e+00 -4.52695190e-03 -2.91028176e+02 1.36969479e+01
 3.50849005e+00 -2.48671918e-03 4.41694927e-01 5.16892236e-03 -4.72236139e+01 1.37008295e+01
 -2.76750992e+00 -3.42452428e-03 -1.68848910e+00 4.71835419e-03 -3.03007611e+02 1.36995057e+01
 -9.65586674e+00 9.37270734e-03 6.45834485e-01 -5.46361919e-03 1.75561000e+02 1.36981125e+01
 -8.71832013e+00 -9.83321642e-03 -1.52457684e+00 -2.34078812e-04 2.36555734e+02 1.36980937e+01
 8.80321688e-02 7.24212536e-03 6.89594233e-01 -3.53052871e-03 9.82703033e+01 1.36999976e+01
 -5.02194626e-01 -6.23230551e-05 1.28857902e+00 3.35259854e-03 5.13196209e+01 1.36998996e+01
 1.62260689e+00 -7.24753184e-03 -8.71292643e-01 -5.74347355e-03 3.78829332e+01 1.37002792e+01
 1.30108849e+01 -2.21025538e-03 -1.35290113e+00 8.19955450e-03 2.58214108e+02 1.37023206e+01
 1.54148611e+01 1.16416323e-04 1.07089589e+00 -6.83211338e-03 2.66988525e+02 1.37030275e+01
 1.34002754e+00 1.02770351e-02 1.94757449e+00 2.23110790e-03 2.06445489e+02 1.37002448e+01
 8.21608034e+00 1.15780884e-02 -4.43657664e-01 -3.06664263e-03 -4.88638304e+02 1.37016462e+01
 2.51949444e+01 3.30064330e-03 4.01758927e-01 8.03942581e-03 7.29682399e+01 1.37054225e+01
 -7.58009642e+00 -4.42862051e-04 1.16406275e+00 1.59902728e-02 1.18492975e+02 1.36985311e+01
 -3.71840275e+01 1.54659401e-02 -5.84116583e-01 1.18983043e-02 -1.91248448e+02 1.36929494e+01
 2.09658854e+01 -7.14632827e-03 2.36637751e-01 5.62832292e-03 -1.78443679e+02 1.37041952e+01
 7.48600055e-01 -2.27617540e-03 -6.09309379e-01 -4.22521038e-03 1.82663178e+01 1.36999245e+01
 1.83894931e+00 3.18936983e-03 -1.01166561e-01 1.66434833e-02 3.17728116e+02 1.37003937e+01
 -4.70633065e+00 -8.02520318e-05 1.28474052e+00 1.25305354e-02 3.09504962e+01 1.36988848e+01
 1.65952377e+00 1.56121508e-04 -1.59994935e+00 -5.35677580e-03 -4.34933122e+01 1.37001958e+01
 -2.73347489e+00 1.01613063e-02 -3.32222702e-01 -5.29917689e-03 -1.41283945e+02 1.36995861e+01
 -1.15105373e+01 3.64822158e-03 1.62918217e+00 -7.74091432e-03 -1.36413857e+01 1.36980656e+01
 2.86140760e+01 -7.07011159e-03 -7.64405546e-01 9.39633577e-03 8.75042737e+01 1.37058429e+01
 -1.29128217e+01 2.87528442e-03 1.02145943e+00 -5.04708098e-03 3.77065511e+02 1.36976338e+01
 -3.02889646e+01 2.51978795e-04 -5.64876788e-01 -8.30284655e-03 9.56428573e+01 1.36941820e+01
 -1.59830335e+01 -2.13235488e-03 1.90733274e+00 3.79854737e-03 -2.13937390e+02 1.36970028e+01
 -2.18823164e+00 1.22913997e-03 1.30045689e+00 -5.64248731e-03 -1.92760558e+02 1.36996839e+01
 6.38846340e+00 2.61019847e-03 -2.46482733e+00 1.64888997e-02 6.50531371e+01 1.37011850e+01
 2.05816350e+00 -2.26831268e-03 -8.38838054e-01 -2.48850390e-03 -1.15404117e+02 1.37005306e+01
 3.06092010e-01 6.00036862e-03 -4.94216305e-01 1.86103483e-03 -7.07685122e+02 1.37004701e+01
 8.70784092e+00 2.49553296e-04 4.88086296e-01 3.07053059e-03 1.84674016e+02 1.37017657e+01
 -1.52237221e+01 2.07046745e-04 6.92996960e-01 1.52957024e-03 5.80421182e+01 1.36967507e+01
 7.61167343e+00 2.83248816e-03 -9.57941652e-01 3.36611439e-03 -2.19011909e+02 1.37017316e+01
 -6.36516808e+00 8.52822740e-03 -8.76321256e-02 1.42650772e-03 2.22868229e+02 1.36988687e+01
 1.26942336e+01 -7.36180982e-03 2.55191979e-02 5.34878478e-03 -7.45078527e+02 1.37026654e+01
 2.03270672e+01 9.18240814e-03 5.38543812e-01 5.70844966e-03 2.86987114e+02 1.37038044e+01
 3.51451570e+00 -8.42217638e-03 3.44826001e-01 2.16212852e-03 -1.02067836e+02 1.37006448e+01
 -2.34328540e+01 1.91973749e-04 4.04103172e-02 8.79582704e-03 -3.81887270e+02 1.36954166e+01
 -1.61634303e+01 -7.85204362e-03 -9.21245747e-01 -4.28729868e-03 3.63988604e+02 1.36967207e+01
 -2.11717253e+01 4.40932174e-03 7.40943877e-01 6.59787991e-04 -4.81048632e+02 1.36956938e+01
 -7.62644827e+00 -2.80238827e-03 -3.31529943e-01 6.26006987e-03 2.04375223e+02 1.36980689e+01
 -2.25092302e+01 2.36678146e-03 -7.85903304e-02 -5.06196735e-04 -1.26144830e+01 1.36956476e+01
 -1.92230009e+01 1.09009506e-03 -1.85369163e+00 1.75019932e-03 1.98901527e+02 1.36962733e+01
 -8.24994258e+00 -6.73316916e-03 -4.17902203e-01 -6.32975578e-03 2.06412224e+02 1.36983288e+01
 -8.45193577e+00 -4.72204787e-03 3.34193142e-01 -1.70961984e-04 -1.50796811e+02 1.36983056e+01
 -8.84461452e+00 1.58709405e-02 -1.42830743e+00 6.85618736e-03 3.81140463e+01 1.36984561e+01
 2.98041462e+00 3.94427562e-03 1.18508671e+00 6.02799068e-03 2.12259432e+02 1.37005972e+01
 -2.20172257e+01 -1.05894224e-02 -6.58631450e-02 5.40045685e-03 -4.24505852e+02 1.36955823e+01
 -3.31978477e+01 -7.52921659e-03 -2.63213869e+00 -7.06526467e-04 3.99966621e+01 1.36934326e+01
 -3.10856184e+00 -2.80274988e-03 2.78008253e-01 -7.38010546e-03 -4.09888223e+01 1.36994512e+01
 -8.37479924e-01 1.98087230e-03 8.04381860e-03 -1.32885787e-02 -7.24106549e+02 1.36999209e+01
 8.41464568e+00 -4.67494119e-03 -4.00475698e-01 -6.78344569e-03 2.43392490e+02 1.37012747e+01
 2.64724114e+01 -7.87224525e-03 -9.01519243e-01 4.56651249e-03 1.82253456e+02 1.37052412e+01
 2.06943451e+01 -1.67853467e-03 -7.04732817e-01 -5.89717822e-03 4.82974142e+02 1.37040950e+01
 4.13628438e+00 5.28646244e-03 -1.67641443e+00 2.36716548e-03 6.79416965e+01 1.37008252e+01
 8.27247549e+00 8.46333589e-03 -6.17090492e-01 8.65949905e-05 4.39858882e+01 1.37012632e+01
 1.47067238e+01 -1.17688275e-03 -4.29292221e-01 -5.93767964e-03 -7.27231661e+01 1.37027313e+01
 6.37355381e+00 -1.48851226e-03 5.95632361e-01 -3.75810634e-03 -5.41945917e+01 1.37013179e+01
 7.77467984e+00 1.95823435e-03 -2.08531286e+00 -9.21630842e-04 4.63879462e+02 1.37016105e+01
 1.37921810e+01 8.57663660e-03 -1.13501939e+00 4.01318613e-03 -2.64172544e+02 1.37029232e+01
 -3.44503926e+01 1.16490467e-03 4.74683508e-01 2.88294427e-03 -3.22282621e+02 1.36932742e+01
 7.09986424e+00 -9.12584910e-04 2.44873709e-01 -3.84952375e-03 -2.07592847e+02 1.37012966e+01
 1.27598721e+01 -1.62863318e-02 -4.99375535e-01 9.92735204e-03 -6.05649265e+01 1.37025588e+01
 -2.43931890e+00 -6.50395696e-03 -7.26921073e-01 -2.29935871e-03 -3.34965389e+02 1.36997264e+01
 1.61323767e+01 -7.89067983e-03 6.81900981e-01 -2.29587048e-03 1.63489907e+02 1.37030551e+01
 4.08933542e-01 9.70505084e-03 1.07901370e+00 1.36784505e-03 -2.31413185e+01 1.37000740e+01
 -1.59629409e+01 -4.13791152e-03 -1.69800424e-01 -3.90538235e-03 -2.95697529e+02 1.36969408e+01
 9.96235276e+00 -1.11929435e-03 1.34183185e+00 7.09517116e-03 -3.26553184e+02 1.37019507e+01
 -2.02644771e+00 -3.15927085e-03 -3.13358880e-01 6.64189183e-03 5.86868343e+02 1.36996220e+01
 8.06165756e+00 5.02201616e-03 -5.10459206e-02 7.04352738e-03 2.94719076e+02 1.37014061e+01
 -1.39818516e+01 3.88278084e-03 -1.77650994e+00 -4.03213514e-03 2.76706909e+01 1.36972949e+01
 2.30351119e+00 -7.84448998e-03 -2.16625358e+00 2.65224414e-03 8.22575348e+01 1.37005930e+01
 -1.81786610e+01 -2.64556723e-03 -3.10160139e+00 -5.08536532e-03 -4.88543314e+02 1.36962438e+01
 -4.15045446e+00 1.14294357e-02 1.66543794e+00 2.58894229e-03 -2.18572598e+02 1.36992273e+01
 1.55806328e+00 -8.60423777e-03 -1.01419526e+00 4.39162186e-03 4.45526809e+02 1.37002588e+01
 -1.21153115e+01 6.40868496e-03 2.47008001e+00 -1.29506001e-02 -3.92513386e+02 1.36977718e+01
 -4.66364075e-01 3.18902617e-03 7.25570568e-01 -2.23138719e-03 -2.78978494e+02 1.36996116e+01
 -4.09574346e+00 -1.11801457e-02 -1.62304850e-01 -1.54846241e-03 2.02037106e+02 1.36992553e+01
 -3.63627508e-01 -9.64830196e-04 -1.60695876e+00 3.89565106e-03 1.02040360e+02 1.37001632e+01
 -2.16322082e+01 -1.33701398e-02 -1.18591622e-01 -1.18007683e-03 2.30362790e+02 1.36956634e+01
 3.09881836e+01 -1.24927032e-04 -2.92393048e-01 -4.62616516e-03 9.38178806e+01 1.37062971e+01
 -1.41506968e-01 -1.25668115e-02 -1.52729575e-01 -7.44910478e-03 -3.18587618e+02 1.36999082e+01
 4.89961025e+00 6.97473803e-03 -9.71244211e-01 1.15008710e-03 -1.89668180e+02 1.37011232e+01
 4.99503130e+00 4.65401211e-03 8.36450621e-02 -8.90374326e-04 -4.67483548e+02 1.37007362e+01
 -6.17767946e+00 2.15375870e-03 -7.65062717e-01 1.69565516e-03 -6.14865993e+01 1.36985484e+01
 -1.78779713e+01 3.19641509e-05 -1.54088800e+00 6.96394910e-03 7.74802040e+01 1.36968191e+01
 1.49226340e+00 5.60323631e-03 5.26217889e-01 7.97440713e-03 -1.40013735e+02 1.37000247e+01
 -3.13140095e+01 5.41305353e-03 3.14734621e-01 -9.40835000e-03 -1.44902109e+01 1.36940187e+01
 1.62038959e+01 1.45185455e-04 -1.60998353e+00 5.47536045e-03 1.81762389e+02 1.37034500e+01
 1.61734824e+00 1.97682676e-03 2.96376861e-01 1.77398020e-03 4.66616990e+02 1.37003905e+01
 -2.25861772e+01 -7.87151807e-03 -6.98168912e-02 4.03411221e-03 -4.02293223e+01 1.36954999e+01
 -2.09147273e+01 5.21870974e-03 1.41134465e+00 -4.65367147e-03 -5.51842749e+02 1.36956895e+01
 -8.19378252e+00 2.36749348e-03 1.26200445e+00 -5.58146426e-03 -1.67070340e+02 1.36981754e+01
 -2.46029782e+01 1.56422914e-03 1.16443454e+00 3.49470094e-03 -1.72132805e+02 1.36950197e+01
 -7.66095331e+00 -1.09297638e-02 -6.98071598e-01 -1.47223083e-03 -4.51805930e+02 1.36982587e+01
 3.83135918e+00 -1.39898248e-02 -3.07819649e-01 -2.00413295e-03 -1.89172490e+02 1.37006924e+01
 -2.28241196e+01 4.79767924e-03 -2.87889276e-01 -3.08380396e-03 2.48979145e+02 1.36955816e+01
 1.54607753e+01 -1.19397392e-03 1.21667100e+00 1.07584390e-03 -1.55899759e+02 1.37030229e+01
 -7.05086001e+00 8.22236671e-03 -5.03984072e-01 1.43738429e-03 1.06481256e+02 1.36984969e+01
 -4.59443190e+00 -3.04259977e-03 -2.09041728e-01 5.24893146e-03 -1.34506107e+02 1.36989485e+01
 2.81254178e+01 -1.81960789e-03 2.98519460e-02 4.97135009e-03 1.42928578e+02 1.37054786e+01
 -4.68068646e+00 8.95690448e-03 1.44607452e+00 2.65926040e-03 2.62451658e+01 1.36989912e+01
 -1.35992742e+01 4.34863367e-03 2.08744602e+00 1.01093564e-02 -3.88754943e+02 1.36975205e+01
 1.07818900e+01 -6.23622586e-03 1.15786574e+00 7.80028304e-04 4.25118920e+01 1.37022914e+01
 -8.07802926e+00 -4.76911226e-04 1.17192600e+00 1.25618721e-02 2.35274649e+02 1.36984657e+01
 -2.87717843e+01 -3.05632003e-03 -6.94388748e-01 -2.60668024e-03 2.03901366e+02 1.36941915e+01
 2.04465696e+01 3.25947643e-03 2.07502828e-02 -1.35866696e-03 -7.46105426e+01 1.37040096e+01
 -1.66397912e+01 -7.06951523e-03 1.50673380e+00 -2.99000094e-03 1.72489776e+02 1.36965881e+01
 5.58798081e+00 -2.73138482e-03 3.97346564e-02 -3.39530848e-03 2.09529706e+02 1.37009361e+01
 -1.55246924e+01 -1.26436043e-02 6.38488961e-01 3.71230287e-03 4.67756477e+02 1.36970462e+01
 9.75212918e+00 3.77741704e-03 -1.44840173e-01 -4.34259037e-03 -7.69119791e+01 1.37020509e+01
 -1.94355556e+01 5.58566374e-03 1.23697345e+00 -3.12463958e-03 -4.20836776e+02 1.36959827e+01
 -8.79943129e+00 -2.32044587e-04 1.40710523e-01 8.90354010e-03 -5.50715009e+01 1.36982417e+01
 1.41212882e+01 2.86150232e-03 -9.34148291e-01 2.96213408e-03 -4.87963710e+02 1.37027342e+01
 1.41090277e+00 2.98309802e-03 -4.03985684e-01 -3.59407831e-03 5.74128373e+02 1.37002876e+01
 -1.01484169e+01 7.48582791e-03 1.76844216e+00 6.54921788e-03 -5.22199974e+02 1.36982695e+01
 -6.98588036e+00 1.56100645e-02 -5.04140668e-01 5.03545203e-03 1.87714005e+02 1.36985157e+01
 -2.98008168e+00 -7.12707917e-03 -1.24667650e+00 -3.48158381e-04 -3.25473210e+02 1.36993877e+01
 -1.99794725e+01 4.51285713e-03 1.14537106e+00 6.01298485e-04 1.64952014e+02 1.36965399e+01
 -1.90668204e+01 -7.78447979e-03 4.12026636e-01 -1.01696111e-02 -9.19919844e+01 1.36962454e+01
 7.21510119e+00 4.55671571e-03 6.83118528e-01 8.46150415e-03 -3.90924894e+02 1.37015523e+01
 2.55484468e+01 -3.55431034e-03 -1.27619808e+00 -2.58402123e-03 -5.58304678e+02 1.37048882e+01
 2.97577560e+01 -3.28750512e-04 -1.23647566e+00 6.43033974e-03 1.15254336e+02 1.37058255e+01
 -2.19241819e+00 -8.49146559e-03 -1.45268054e+00 -8.46809313e-03 4.55951795e+02 1.36991118e+01
 -2.61219413e+01 -7.29347069e-03 5.19972103e-02 -8.59594987e-03 1.86050188e+02 1.36947739e+01
 2.27227019e+00 8.55764547e-03 1.05700479e+00 4.88024430e-03 -4.48904089e+02 1.37003576e+01
 -3.68195704e+00 -1.45342197e-02 -2.78610033e+00 6.78119054e-03 -8.77696613e+01 1.36992977e+01
 -2.38729372e+01 -1.85960854e-03 -1.22616698e+00 -3.69032261e-03 3.66262119e+02 1.36954640e+01
 3.42156752e+00 -1.04943211e-02 -7.37615385e-02 6.80939026e-03 1.80702728e+01 1.37004763e+01
 -1.74520344e+00 -3.72686683e-03 -4.67319589e-01 1.53424014e-03 -9.97413316e+01 1.36996675e+01
 -1.83821447e+01 -1.86681746e-03 1.41526710e+00 -5.57811257e-03 -2.91960307e+02 1.36962956e+01
 2.01241377e+01 -3.12423287e-03 4.74636352e-01 -7.77224785e-03 3.53621897e+02 1.37039507e+01
 -1.57994654e+01 -9.16144509e-04 1.82796856e+00 3.41935292e-03 1.56693133e+02 1.36969014e+01
 6.51726358e+00 2.52899384e-03 3.37895522e+00 -9.40527365e-03 -4.60383792e+02 1.37012994e+01
 -1.61587635e+01 3.86596774e-03 9.55077705e-01 -3.45340801e-03 1.91419906e+02 1.36971605e+01
 2.28173046e+01 5.99382162e-03 7.16012395e-01 -2.91052725e-03 6.73264403e+02 1.37047378e+01
 -1.36062573e+01 5.39718144e-03 -2.63217727e+00 4.31818176e-03 3.26397834e+02 1.36973642e+01
 6.15851494e+00 2.58486233e-03 1.77476440e+00 4.62103631e-03 -3.04749839e+02 1.37009424e+01
 2.14431217e+00 8.69414305e-03 3.68931534e-01 2.42987026e-03 -3.62889934e+02 1.37006721e+01
 -2.58501887e+00 -7.97588381e-04 -7.98261974e-02 6.28096476e-03 -9.77142316e+01 1.36994603e+01
 2.34742154e+00 6.99745416e-03 2.10869964e-01 1.53073917e-02 3.24548476e+02 1.37004565e+01
 2.63402479e+01 1.78792989e-02 -5.88243312e-01 1.96651848e-03 9.53108930e+01 1.37051322e+01
 4.96257398e+00 -1.44133420e-02 1.26720232e-01 1.08017692e-02 1.67796326e+02 1.37012989e+01
 -1.19736593e+00 -4.65499146e-03 2.60627003e+00 -8.03886328e-03 -2.42863739e+01 1.36998492e+01
 7.00611552e+00 -9.48163355e-03 -2.96529735e-02 -3.33366565e-03 1.74910302e+02 1.37015300e+01
 8.32903049e+00 8.05500570e-03 -7.41692439e-01 7.93201727e-03 2.81896544e+02 1.37012318e+01
 3.81205639e+00 -5.56617440e-03 -8.47238517e-01 -3.30202968e-03 -7.24608638e+01 1.37003052e+01
 3.27464540e+00 -8.31730504e-04 -1.72589725e+00 -6.09658038e-03 3.00166613e+02 1.37010541e+01
 -6.64504064e+00 -1.37797599e-02 -3.81961020e-01 -4.93505383e-03 6.23038258e+02 1.36986787e+01
 -1.50260109e+01 -6.82751223e-03 -1.13123739e+00 -4.75499593e-03 3.04555669e+02 1.36968801e+01
 1.59284430e+01 -1.93006954e-02 1.83138128e+00 3.66060183e-04 -1.82320917e+02 1.37033198e+01
 -1.67436636e-01 3.67239866e-03 1.16366171e+00 2.65676373e-04 1.96422138e+02 1.37002224e+01
 -1.10533781e+01 -6.35126780e-03 1.28386223e+00 -5.49391772e-03 5.42420662e+02 1.36981644e+01
 -8.55859814e+00 1.37381352e-03 2.46432584e+00 1.71610831e-03 3.70791316e+02 1.36985568e+01
 -2.28996075e+00 -2.79666394e-03 -1.22465708e+00 -5.73148858e-03 3.53192039e+02 1.36995846e+01
 2.45173338e+00 1.44836306e-03 -1.28927730e-01 3.71253496e-03 -3.26776538e+02 1.37002073e+01
 -2.48371943e+00 -1.20750563e-03 -2.76337768e-01 1.12168802e-02 -7.39893295e+00 1.36991684e+01
 -1.21697087e+01 -2.45226382e-03 -5.22168525e-01 -1.23232267e-03 2.70912712e+02 1.36975977e+01
 -3.14554490e+00 1.07959250e-02 -1.05491289e+00 1.99579359e-03 -2.34244173e+02 1.36997022e+01
 4.21532262e+00 -8.59241599e-03 2.69698168e+00 -2.09414218e-03 -3.10675993e+01 1.37006835e+01
 5.71242016e+00 -8.01334334e-03 7.88947419e-01 1.57593422e-03 2.90621934e+02 1.37014094e+01
 4.70443290e+00 5.91062254e-03 -2.64880767e+00 4.38237172e-03 3.74137343e+02 1.37009446e+01
 -1.50531128e+01 2.23065068e-02 -7.28289081e-01 -5.12045101e-03 -2.83331611e+02 1.36969288e+01
 -9.06825202e+00 8.88484345e-03 -4.42828472e-01 -2.92265179e-03 2.10491613e+02 1.36984555e+01
 8.44316521e+00 4.35642445e-04 1.37863832e+00 -2.32735051e-03 1.32914824e+02 1.37015962e+01
 2.63724522e+01 4.65714290e-03 -1.38857233e-01 -1.16791062e-02 1.04350259e+02 1.37052701e+01
 9.11700086e+00 3.77416424e-04 2.79227845e-01 2.72473787e-03 -3.38699860e+02 1.37018343e+01
 -8.18724489e+00 1.36444399e-02 -4.94799208e-01 4.24060752e-04 -1.06754818e+02 1.36983870e+01
 1.40588713e+00 -1.11870227e-02 2.60118014e-01 4.93088440e-03 3.92746390e+02 1.37002066e+01
 4.48493042e+00 -2.81582080e-03 -6.51514897e-01 -7.47885122e-03 5.87838661e+01 1.37008290e+01
 1.06184658e+01 3.48406123e-03 -1.87054087e+00 -1.16401813e-02 -3.20241004e+01 1.37023813e+01
 -2.89698177e+00 -1.33826396e-04 9.86203920e-01 -5.75196677e-03 -3.19697126e+02 1.36993939e+01
 1.26109491e+01 5.30406781e-03 -1.44705840e+00 7.53201259e-04 9.94747222e+00 1.37021637e+01
 1.65845640e+01 -3.33914003e-03 8.14916073e-01 -1.16738634e-02 4.57273543e+01 1.37030753e+01
 1.11768003e+01 5.68194790e-03 -1.26920969e+00 2.82160001e-03 2.04942472e+02 1.37020178e+01
 6.70405028e+00 1.97433110e-03 -5.90372337e-01 1.12018353e-02 1.28623345e+02 1.37013491e+01
 -6.42992304e+00 4.89040308e-03 2.22603835e+00 -2.86159689e-03 -7.83549005e+02 1.36987881e+01
 1.85074029e+01 4.01558761e-03 -2.88713957e-01 -2.03516297e-03 -3.35469984e+02 1.37036791e+01
 -7.53531932e-01 1.99256466e-02 -1.98151566e-01 7.48880057e-03 -1.32324103e+02 1.36998514e+01
 1.59742938e+01 1.45790511e-02 4.35391485e-01 2.23306072e-03 -2.00953560e+02 1.37033783e+01
 1.87698707e+01 1.33125688e-02 -9.34764300e-01 6.84371145e-03 1.07564555e+02 1.37036509e+01
 2.04745126e+01 -3.13353140e-03 1.03719829e-01 3.62330063e-03 -1.61158656e+02 1.37039095e+01
 6.99936879e+00 1.27186232e-03 1.87342306e-01 6.04995498e-03 1.25705659e+02 1.37013057e+01
 2.67754864e+00 1.05346394e-03 1.55199791e+00 -8.65133097e-03 5.35418327e+01 1.37008206e+01
 1.97351755e+01 1.01717343e-03 -1.15292435e+00 -1.02146750e-02 3.21708912e+02 1.37038634e+01
 -2.70172439e+01 -7.22258051e-03 3.25488674e+00 9.39085644e-03 1.24371616e+02 1.36947839e+01
 1.77933625e+01 8.33042273e-03 1.60558327e+00 2.30537186e-03 -2.52075807e+02 1.37036935e+01
 9.02721957e+00 1.39887624e-02 -1.82057099e+00 -8.80881104e-03 1.02558453e+02 1.37019520e+01
 -3.48550099e+00 -6.01174266e-03 5.96581110e-01 6.27585537e-03 -9.49842473e+01 1.36989627e+01
 2.54043893e+01 -6.25631254e-04 -1.21181592e+00 -4.87340076e-03 -1.19374953e+02 1.37050854e+01
 -2.30550431e+01 3.23003657e-03 7.19609166e-01 -9.79140995e-03 -1.50087908e+02 1.36953294e+01
 -1.30872664e+01 7.89961274e-03 1.16564941e+00 1.80178227e-03 3.70809697e+02 1.36975829e+01
 -1.00781854e+00 8.78103603e-03 2.60708242e+00 1.22731716e-02 -2.74677602e+02 1.36997174e+01
 6.53614393e+00 5.24425272e-03 -2.07074952e+00 8.34161923e-03 7.01892062e+01 1.37011558e+01
 -9.62915289e+00 5.16895781e-03 7.11770051e-01 -1.26577798e-03 -1.47249547e+01 1.36981855e+01
 -7.43494375e+00 1.89042615e-03 1.84595821e+00 -5.10475396e-03 -3.04706530e+01 1.36987424e+01
 -4.07841725e+00 -2.03095067e-03 2.83517317e+00 6.93156034e-03 -1.01168878e+02 1.36989583e+01
 1.20906149e+01 -4.79549751e-03 6.96505342e-01 6.86238955e-03 -1.42721651e+02 1.37022006e+01
 7.74981509e+00 -1.20589993e-02 7.77808146e-01 1.06062847e-02 2.09598697e+02 1.37016420e+01
 -1.62450573e+01 -2.67249337e-03 8.99037459e-01 -2.00599479e-03 -4.52247721e+01 1.36971468e+01
 -8.23489699e+00 -8.61046444e-03 6.46516638e-01 4.23036784e-03 4.68412868e+02 1.36983407e+01
 -2.02560807e+01 1.41790268e-02 2.94004844e+00 -2.94745255e-03 -1.17088383e+02 1.36962121e+01
 -6.24259763e+00 -3.79288620e-03 3.34616396e-01 1.44058147e-03 -2.45219938e+02 1.36984441e+01
 1.98414851e+01 5.50330733e-03 1.36969220e+00 1.24104116e-03 -1.98717657e+01 1.37040924e+01
 1.28117229e+01 1.05962045e-02 7.13936165e-02 -6.95597653e-04 1.45419682e+02 1.37026134e+01
 1.40459717e+01 9.22330465e-05 1.74541099e-01 -2.69183964e-03 3.00771925e+00 1.37027301e+01
 -6.15891351e+00 -9.04418604e-03 -1.37061262e-02 -9.72415786e-03 -3.56424081e+02 1.36986124e+01
 -2.77428964e+01 3.11268419e-03 7.99555183e-01 6.85153767e-03 -5.24647680e+02 1.36945818e+01
 -6.69423063e+00 1.15568054e-02 5.19298183e-02 3.26445073e-04 -1.30564197e+02 1.36986293e+01
 -4.55451821e+00 -6.72916095e-04 -1.28597203e-01 2.48163360e-03 1.30244699e+02 1.36992113e+01
 9.92259618e+00 -2.68455282e-03 6.72485495e-01 -3.96608737e-03 1.56328489e+02 1.37020598e+01
 -1.64382243e+01 4.06414001e-03 -5.54866457e-03 4.13973044e-03 -2.28549842e+02 1.36968519e+01
 6.21852834e+00 8.79343956e-03 -2.11903348e+00 7.29892078e-03 -6.01583632e+01 1.37011563e+01
 2.23181263e+01 4.51116374e-03 -7.89759050e-02 -1.11355927e-02 -1.68689887e+02 1.37043754e+01
 8.46469652e+00 1.13010748e-02 -1.16516374e+00 -5.07890065e-03 -3.37718603e+02 1.37018795e+01
 -6.92852596e+00 5.47891816e-03 1.03333211e+00 -3.44103143e-03 1.46627165e+02 1.36988417e+01
 2.62767378e+00 3.87251814e-03 -7.27288187e-01 -3.50924294e-03 2.21886358e+01 1.37006130e+01
 -1.61427563e+01 -7.40712071e-03 -3.31771389e+00 1.51760812e-03 1.16907362e+02 1.36970794e+01
 1.34792731e+01 -1.44963707e-03 7.57773081e-01 -3.49547297e-03 -3.51196634e+02 1.37026676e+01
 1.24560542e+01 1.28531050e-02 -3.48552585e-01 -1.08112070e-03 4.91246188e+02 1.37022469e+01
 -2.82738881e+01 1.25253014e-03 -2.83758607e+00 1.04829258e-04 2.93392093e+02 1.36943825e+01
 4.26925304e+00 2.39031598e-03 -9.42274175e-02 1.01996254e-03 1.39256184e+02 1.37010532e+01
 4.26092618e+00 3.52816385e-03 4.72137155e-01 4.81779071e-03 1.28410053e+02 1.37011425e+01
 1.26316137e+01 -8.40057249e-04 -7.86229477e-01 1.15321661e-02 2.11610370e+02 1.37024410e+01
 -4.93114332e+00 -5.54036262e-03 6.75913122e-01 -3.82415197e-03 -1.09716046e+01 1.36991309e+01
 -6.02554602e+00 -8.32939094e-03 9.68464846e-01 -8.07672156e-03 5.07329464e+01 1.36985262e+01
 -9.02043833e-01 -1.26690108e-02 -5.13336090e-02 1.37586661e-02 -7.34495418e+02 1.36997539e+01
 1.19316591e+01 -2.52687974e-03 -2.92752578e-01 -5.64016237e-03 3.20663120e+02 1.37022351e+01
 -2.12685580e+00 1.41436838e-03 1.63362874e+00 -7.16301605e-03 -2.52170182e+02 1.36997526e+01
 1.05323074e+01 -1.75391784e-02 1.13733299e+00 8.59547002e-03 4.13304586e+02 1.37018476e+01
 2.01746046e+01 5.73586423e-03 -2.05843435e-01 4.65560849e-03 -1.00087434e+02 1.37039396e+01
 -2.96285760e+01 -3.82361915e-03 2.06273167e-01 3.33427022e-03 2.14958834e+02 1.36942204e+01
 -1.83138814e+01 7.78952875e-03 7.35258460e-01 4.63200889e-03 4.60930610e+02 1.36962502e+01
 1.38203401e+00 -3.24095475e-03 -4.34771858e-01 9.27850052e-04 -8.40384357e+00 1.37004040e+01
 -4.16810919e+00 -7.23425473e-03 4.85361063e-01 -2.42425215e-03 4.43149919e+02 1.36991583e+01
 -6.99372168e-02 -5.66489670e-03 4.10600454e-01 -1.84013422e-02 1.81726227e+02 1.37002967e+01
 2.23544973e+00 1.50145743e-02 1.62836320e+00 4.99201618e-03 1.65134948e+02 1.37005523e+01
 -1.74271115e+01 7.46997486e-03 -8.94737050e-01 -7.30508216e-03 1.82003364e+02 1.36968554e+01
 -6.78724416e+00 8.62510461e-03 -1.62309627e+00 1.45429914e-04 2.17518461e+02 1.36987512e+01
 -1.82521746e+01 2.41626253e-03 1.30555660e+00 -8.88223296e-03 1.63931035e+02 1.36965671e+01
 1.94265317e+01 -1.86528538e-03 -4.88160484e-02 2.13971361e-03 -4.74713490e+02 1.37036707e+01
 1.91484501e+01 -8.97071978e-03 -9.87490722e-01 -5.92816700e-04 -6.33655798e+02 1.37038632e+01
 1.89599395e+01 2.64191915e-03 -4.94837694e-01 4.54537023e-03 -9.69107026e+01 1.37040448e+01
 -3.01983117e+00 -2.08634718e-03 7.02588463e-01 -6.86628714e-03 8.05531725e+01 1.36992962e+01
 -2.07206926e+00 -3.94520348e-05 -5.25487137e-01 -7.66037198e-03 -6.28643047e+01 1.36995829e+01
 2.13885408e+01 4.00766924e-03 -9.25694071e-01 -9.00779420e-03 2.57057103e+02 1.37041707e+01
 4.44505296e+00 -2.01556476e-04 -6.37621378e-01 -4.28035200e-03 -2.14316532e+02 1.37007297e+01
 -1.95662413e+01 -3.89599454e-03 -5.68415906e-01 -8.42905012e-04 -3.98032679e+01 1.36962076e+01
 -8.80496436e+00 2.42320204e-04 1.41495316e+00 -7.96780625e-03 2.60534359e+02 1.36983951e+01
 3.99725781e+01 -9.21086845e-03 -3.54692154e-01 -1.94811422e-03 1.15783032e+02 1.37081162e+01
 2.55294978e+01 -1.15859342e-02 6.09270461e-01 4.15130267e-03 -4.70636403e+02 1.37052384e+01
 -2.15123623e+01 4.77722735e-03 3.34794117e+00 1.14967005e-03 4.35533980e+02 1.36957037e+01
 1.64839229e+01 4.64587996e-03 5.07915511e-01 -3.37034943e-03 -2.02133027e+02 1.37032779e+01
 -1.72670501e+01 -9.16245138e-04 1.07784483e+00 3.30658359e-03 -2.95024274e+02 1.36965950e+01
 1.20834428e+01 4.60629036e-03 9.99109756e-01 5.36974896e-03 3.80407037e+02 1.37023380e+01
 -3.13638175e+01 -6.14742227e-03 9.98541616e-01 4.52167454e-03 1.52011426e+02 1.36937556e+01
 9.94204431e+00 3.31516714e-03 -4.74946838e-01 -3.77379223e-03 3.33372841e+02 1.37020634e+01
 1.54175761e+01 1.18102689e-02 3.83449769e-01 2.33737158e-03 1.86061622e+02 1.37027618e+01
 1.67128785e+01 7.02519251e-03 9.45991896e-02 -4.93413317e-04 1.21103973e+01 1.37032591e+01
 -1.69242808e+01 -5.50316309e-03 1.21295953e+00 2.47753098e-03 5.94934596e+01 1.36963749e+01
 -9.67002184e+00 1.21156435e-02 5.92249296e-01 9.29856968e-03 3.97648951e+02 1.36981005e+01
 3.07972612e+01 -1.11394086e-03 -9.41854281e-01 -1.03674724e-03 -2.54182066e+02 1.37063366e+01
 -1.69088929e+01 9.46065888e-03 -1.08765659e+00 -4.41106559e-03 1.22426259e+02 1.36965606e+01
 1.15542735e+01 -3.05821921e-03 -5.92678327e-01 -2.01433182e-04 -1.56779852e+02 1.37026054e+01
 3.83682518e+00 -2.81230449e-03 -7.31745247e-01 6.04179996e-04 1.98175939e+02 1.37007855e+01
 -5.14495951e-01 -8.14909564e-04 6.89141683e-01 8.52988900e-03 1.08736997e+02 1.36997265e+01
 1.69236224e+01 5.82758842e-03 4.69776212e-01 1.01564279e-02 -1.96318559e+02 1.37033268e+01
 -8.22597809e-01 -1.43113084e-03 1.19417829e+00 -7.37699578e-03 -1.81246509e+02 1.36999318e+01
 9.92878758e+00 -7.62107493e-03 9.33924748e-01 7.59287623e-03 -9.53383708e+00 1.37015800e+01
 4.19955649e+00 -4.12981949e-03 5.58319234e-01 -2.93013629e-03 -2.98169815e+02 1.37009650e+01
 1.16336991e+01 -1.76925064e-03 4.61556102e-01 -7.48532866e-06 9.29865557e+01 1.37022767e+01
 3.94056244e+00 -4.64224735e-04 8.65973150e-01 5.57244349e-03 -2.91409593e+02 1.37008224e+01
 -2.67190158e+00 1.82222990e-04 1.46771687e-01 6.08236390e-04 -1.76673102e+02 1.36994194e+01
 -8.39785565e+00 4.82124907e-03 -7.30293746e-01 1.12222130e-02 -2.81039121e+02 1.36983589e+01
 2.18869173e+01 -8.00374406e-04 -7.62293814e-01 1.17722862e-02 -2.24607740e+02 1.37042702e+01
 1.70366336e+01 9.80256117e-03 1.31678437e-01 8.09282649e-03 -1.58018143e+02 1.37031987e+01
 2.16040204e+00 2.72084005e-03 1.20961055e+00 -3.58865329e-04 -6.62836857e+02 1.37005820e+01
 -9.33754485e+00 8.49350965e-03 2.74654484e-01 -8.45006641e-03 -2.02087182e+02 1.36978622e+01
 7.42811283e-01 5.82444283e-03 6.41393927e-01 -5.81450474e-03 -7.43007941e+02 1.37003060e+01
 -1.95630450e+00 -1.58645853e-03 1.26291467e+00 -2.77139740e-03 -3.59614300e+02 1.36993932e+01
 1.21297872e+01 -9.10291788e-03 3.79158932e-01 -2.49486088e-03 2.09856241e+02 1.37024531e+01
 1.40135428e+01 -4.63523888e-03 7.00211925e-01 2.25703029e-03 7.00875841e+01 1.37027611e+01
 -6.30066601e-02 3.58996448e-03 6.35844901e-02 -3.40850558e-03 6.02146991e+02 1.37000507e+01
 4.17912087e+00 7.73012046e-03 -1.27075352e+00 -4.21331695e-03 -7.79254222e+01 1.37007969e+01
 8.20492812e+00 2.86468729e-03 -1.12761058e+00 -2.41944462e-03 1.25177388e+02 1.37017113e+01
 -1.29232597e+01 5.44782720e-03 -4.16608646e-01 -1.39855387e-03 7.47860340e+00 1.36973777e+01
 -1.55825917e+01 7.33810628e-03 -1.00497543e-01 -1.12916550e-02 6.27098031e+02 1.36970362e+01
 -4.56494866e+00 -4.64117009e-03 1.17710530e+00 -2.35512712e-03 7.78889361e+01 1.36992817e+01
 -3.22490823e+00 3.09228221e-03 1.43024222e+00 -7.16953559e-03 -3.07381201e+02 1.36993415e+01
 5.28084282e+00 1.13628302e-02 6.78192439e-01 -3.19400485e-03 3.85460589e+02 1.37008174e+01
 2.29498206e+01 -1.20866762e-03 -2.56258092e-01 3.85343361e-03 5.00335568e+01 1.37047044e+01
 9.22166808e+00 -4.06190930e-03 -1.18429234e+00 7.26247063e-03 -1.47570251e+01 1.37019793e+01
 8.66466660e+00 4.68520148e-03 -2.77392676e-01 -5.01407866e-03 -2.02311603e+02 1.37015979e+01
 -6.88282633e-01 4.03695148e-03 1.50133895e+00 1.95325620e-03 -4.13997335e+02 1.36998757e+01
 3.11504600e+00 -1.30578155e-02 1.55283477e-01 -4.23977462e-03 1.66835031e+02 1.37007046e+01
 3.84852718e+00 1.25218500e-02 -1.21483430e+00 1.56063508e-03 -5.06149303e+02 1.37003080e+01
 1.46703458e+01 4.45858387e-03 -1.03806539e-01 6.27112893e-04 -1.63095361e+02 1.37027085e+01
 -7.53984199e+00 -9.28845041e-03 4.12898341e-01 1.07961227e-03 3.29311565e+00 1.36984709e+01
 4.88410786e+00 -4.52970383e-03 -1.48179251e+00 -7.93254002e-03 6.17539825e+01 1.37010631e+01
 1.23290331e+01 -9.36237602e-03 -6.38147544e-01 9.08832571e-03 1.75697128e+02 1.37026500e+01
 -1.20852933e+01 -8.82302384e-04 -6.03251900e-01 7.42926166e-03 -1.97564923e+02 1.36974493e+01
 -3.15561549e+00 -1.41922409e-03 -8.48059775e-01 -3.27662790e-03 1.64943628e+01 1.36992143e+01
 3.11626290e+01 -9.71597969e-03 -2.91565282e-01 -4.15648262e-03 -4.79882737e+02 1.37059348e+01
 7.65536245e+00 -4.24781429e-03 -4.57991608e-01 5.88955995e-03 -1.89734054e+02 1.37016045e+01
 -7.80209304e+00 -4.75664734e-03 -1.04750617e+00 5.92966618e-04 -3.84256338e+02 1.36985481e+01
 -8.67279407e+00 -1.38114505e-03 1.18089885e+00 -4.24747694e-03 -2.07849761e+02 1.36981343e+01
 2.59028020e+01 1.14720463e-02 -1.19438660e+00 3.08913903e-04 1.49755461e+02 1.37050856e+01
 -3.28331983e+00 -1.07726099e-02 -6.52424448e-02 1.17931881e-02 -4.24040241e+02 1.36991374e+01
 1.16585980e+01 -1.00337134e-02 5.70815723e-01 -3.30012857e-03 2.78131568e+02 1.37024197e+01
 -1.09810455e+01 7.61955526e-03 -3.39127307e-02 1.51539896e-02 -1.39728549e+02 1.36979588e+01
 -2.93051375e+00 -6.24455108e-03 4.24999619e-01 5.43489217e-03 -1.93993890e+02 1.36994717e+01
 -9.83197298e+00 5.06023529e-03 -1.02947240e-01 -6.37990823e-03 1.24315611e+02 1.36979056e+01
 1.12837000e+01 3.99890522e-03 1.66256211e-01 -1.09361983e-03 1.31043054e+02 1.37021457e+01
 -2.26544433e+00 9.01453207e-03 1.06438798e+00 -2.90884210e-03 3.75551772e+02 1.36995983e+01
 1.15158830e+01 -5.40736739e-03 -6.46304027e-01 5.23793994e-03 -1.17756261e+02 1.37021127e+01
 -3.00575635e+01 -4.74842274e-03 7.18409490e-01 -1.03510322e-02 -3.62893198e+02 1.36936702e+01
 1.83885062e+01 -2.83117612e-03 1.07801657e-01 -7.34508486e-03 -1.93213696e+02 1.37035667e+01
 1.18340492e+01 6.44020091e-04 -4.53113437e-01 -1.67008306e-02 1.49937808e+02 1.37023756e+01
 1.72165632e+01 -1.12844211e-02 3.59303984e-01 4.61259787e-04 4.59416344e+02 1.37036290e+01
 -1.27630018e+01 5.12316931e-03 -5.19656496e-01 4.64870788e-03 -1.10108437e+02 1.36976314e+01
 2.09786948e+01 -4.75598545e-03 -1.81000956e+00 -4.93079826e-03 2.93565923e+01 1.37041810e+01
 1.05684365e+01 -1.22191254e-02 -1.36486087e+00 -2.41607628e-05 1.97474520e+02 1.37019913e+01
 2.21422772e+01 -1.00473590e-02 6.01237067e-02 -2.54471546e-03 -7.90411387e+01 1.37043263e+01
